# 3ds Max Wavefront OBJ Exporter v0.99 - (c)2007 guruware
# File Created: 23.04.2025 02:50:32

mtllib ala_izq.mtl

#
# object ala_izq
#

v  -0.8782 0.4846 1.4207
v  -0.8957 0.6447 1.6125
v  -0.9474 0.7104 1.5482
v  -0.9172 0.5599 1.3521
v  -0.9669 0.8545 1.7376
v  -0.9068 0.7868 1.8014
v  -1.0197 0.9071 1.6829
v  -0.9936 0.7605 1.4925
v  -0.9670 0.6048 1.3029
v  -1.0414 1.1385 2.0078
v  -1.0339 1.0362 1.8603
v  -0.9721 0.9690 1.9123
v  -0.9709 1.0539 2.0577
v  -0.9070 0.8854 1.9697
v  -0.9009 0.9533 2.1086
v  -0.5777 0.7285 1.8565
v  -0.5672 0.8203 2.0147
v  -0.7935 0.8097 2.0247
v  -0.8003 0.7093 1.8730
v  -0.5720 0.8299 2.1566
v  -0.7832 0.8723 2.1503
v  -0.5774 0.5984 1.6669
v  -0.7845 0.5881 1.6785
v  -0.7613 0.4485 1.4728
v  -0.5639 0.4846 1.4481
v  0.3803 0.3805 1.7308
v  0.2425 0.4603 1.7438
v  0.2045 0.3539 1.5612
v  0.3266 0.2722 1.5643
v  0.0118 0.4486 1.5757
v  0.0340 0.5567 1.7728
v  -0.0092 0.3333 1.3700
v  0.1665 0.2344 1.3640
v  0.2768 0.1530 1.3722
v  -0.2812 0.4508 1.3952
v  -0.2762 0.5750 1.6033
v  -0.2637 0.7018 1.8019
v  -0.0637 -0.1264 0.5876
v  -0.2554 -0.0465 0.6084
v  -0.2595 -0.0851 0.5203
v  -0.0776 -0.1508 0.5152
v  0.5912 -0.5308 0.5393
v  0.5666 -0.5674 0.4581
v  0.6410 -0.5986 0.4607
v  0.6620 -0.5649 0.5312
v  0.5223 -0.4948 0.5470
v  0.4943 -0.5325 0.4577
v  0.0706 -0.1900 0.5716
v  0.0491 -0.2094 0.4992
v  0.1343 -0.2674 0.4914
v  0.1589 -0.2488 0.5666
v  -0.3385 0.8599 0.9716
v  -0.4417 0.9698 0.9225
v  -0.4216 1.0755 1.1303
v  -0.3105 0.9702 1.1767
v  -0.5373 1.1670 1.0681
v  -0.5726 1.0381 0.8825
v  -0.5043 1.2864 1.2580
v  -0.4054 1.1773 1.3375
v  -0.2790 1.0782 1.3784
v  0.1149 1.0873 1.7100
v  0.0723 0.9954 1.5807
v  -0.0820 1.0782 1.5765
v  -0.0390 1.1723 1.7024
v  -0.1233 0.9801 1.3986
v  0.0293 0.8988 1.4000
v  -0.2457 1.1726 1.5585
v  -0.2140 1.2569 1.6959
v  -0.4394 1.4991 1.5364
v  -0.3449 1.3723 1.6411
v  -0.3874 1.2715 1.5213
v  -0.4755 1.3918 1.4279
v  -0.8507 1.2227 1.2511
v  -0.6798 1.2939 1.2266
v  -0.7152 1.1600 1.0482
v  -0.8725 1.0684 1.0904
v  -0.7321 1.0197 0.8795
v  -0.8727 0.9127 0.9459
v  -1.3459 2.1459 2.8677
v  -1.2610 2.1106 2.9193
v  -1.3270 2.3404 3.0438
v  -1.3974 2.3572 2.9965
v  -1.2447 2.3318 3.0795
v  -1.1650 2.0894 2.9586
v  -1.3377 2.5454 3.2322
v  -1.4140 2.5505 3.1921
v  -1.4674 2.5608 3.1374
v  -0.5680 0.8524 2.2469
v  -0.7714 0.9163 2.2408
v  -0.7530 0.9601 2.3105
v  -0.5553 0.8888 2.3074
v  -0.8803 1.0451 2.2885
v  -0.8911 1.0038 2.2075
v  -0.5189 1.0050 2.3863
v  -0.7083 1.0719 2.4222
v  -0.7308 1.0089 2.3759
v  -0.5373 0.9374 2.3569
v  -0.8496 1.1423 2.4290
v  -0.8653 1.0904 2.3675
v  -0.9725 1.1501 2.2406
v  -0.9700 1.1102 2.1593
v  -1.0478 1.2035 2.1089
v  -1.0526 1.2509 2.1860
v  -0.9761 1.1890 2.3238
v  -1.0601 1.2967 2.2628
v  -0.9798 1.2333 2.3943
v  -1.0726 1.3481 2.3319
v  -0.2502 0.7654 1.9895
v  0.0650 0.6476 1.9559
v  0.0565 0.6166 2.1336
v  -0.2644 0.7266 2.1585
v  -0.2717 0.7310 2.2634
v  0.0404 0.6089 2.2540
v  0.0386 0.6570 2.3274
v  -0.2653 0.7770 2.3230
v  -0.2518 0.8411 2.3485
v  0.0481 0.7318 2.3562
v  0.0602 0.8088 2.3565
v  -0.2391 0.9123 2.3552
v  0.2851 0.5429 1.9067
v  0.4351 0.4551 1.8691
v  0.4549 0.4534 2.0160
v  0.2954 0.5363 2.0706
v  2.1133 0.0596 1.8134
v  2.1773 0.1040 1.8676
v  2.1218 -0.0045 1.9612
v  2.0580 -0.0323 1.9077
v  2.1481 0.0309 2.0099
v  2.2045 0.1380 1.9169
v  2.0151 0.0024 2.0789
v  1.9914 -0.0269 2.0339
v  1.9793 -0.0410 1.9735
v  2.1279 0.1248 2.0930
v  2.0612 0.0849 2.1276
v  2.0397 0.0406 2.1100
v  2.1601 0.0711 2.0528
v  2.2062 0.1720 1.9709
v  2.1683 0.2073 2.0354
v  1.9514 0.1298 1.7500
v  1.9699 0.0479 1.7911
v  1.8127 0.0425 1.7580
v  1.9002 0.2031 1.7366
v  1.8191 0.0866 1.6997
v  1.7858 0.1540 1.6810
v  2.0012 0.2474 1.7569
v  2.0835 0.1623 1.7602
v  -0.4159 1.5671 1.5930
v  -0.3162 1.4454 1.7069
v  -0.4077 1.6189 1.6385
v  -0.2939 1.5050 1.7369
v  -0.1600 1.3986 1.7899
v  -0.1971 1.3244 1.7792
v  1.1567 -0.0476 1.7198
v  1.2404 0.0716 1.8732
v  1.1139 0.1291 1.8854
v  1.0473 0.0059 1.7282
v  1.1487 0.1620 2.0630
v  1.3039 0.1162 2.0363
v  0.9948 0.1868 1.8936
v  1.0159 0.2251 2.0720
v  0.9395 0.0623 1.7334
v  1.3413 0.1276 2.1503
v  1.1764 0.1762 2.1836
v  1.2099 0.2214 2.2528
v  1.3759 0.1616 2.2190
v  1.0651 0.2736 2.2751
v  1.0353 0.2252 2.2030
v  1.0096 0.9245 1.8520
v  0.9538 0.8524 1.8077
v  0.7960 0.9670 1.7885
v  0.8495 1.0589 1.8312
v  0.7384 0.8747 1.7917
v  0.8868 0.7690 1.8081
v  0.6236 0.9694 1.7797
v  0.6646 1.0659 1.7859
v  0.7003 1.1574 1.8408
v  1.0126 0.9249 2.0147
v  1.0236 0.9422 1.9351
v  0.8701 1.0951 1.9383
v  0.8499 1.0640 2.0398
v  0.7207 1.2025 1.9499
v  0.7084 1.1780 2.0617
v  0.6816 1.1264 2.1399
v  0.6487 1.0681 2.2066
v  0.7832 0.9539 2.1777
v  0.8221 1.0156 2.1136
v  0.9521 0.8265 2.1486
v  0.9861 0.8824 2.0810
v  -0.4142 1.6760 1.7025
v  -0.2896 1.5574 1.7835
v  -0.2982 1.5988 1.8422
v  -0.4300 1.7240 1.7772
v  -0.1384 1.4952 1.8781
v  -0.1409 1.4568 1.8249
v  -0.1593 1.5152 2.0021
v  -0.1468 1.5149 1.9380
v  -0.3121 1.6283 1.9048
v  -0.3210 1.6431 1.9767
v  -0.4472 1.7637 1.8593
v  -0.4535 1.7940 1.9467
v  -1.2317 1.7497 2.6211
v  -1.1299 1.6771 2.6761
v  -1.2064 1.8739 2.8076
v  -1.2994 1.9311 2.7443
v  -1.0914 1.8411 2.8455
v  -1.0025 1.6320 2.7008
v  -0.8797 1.6079 2.7010
v  -0.9819 1.8273 2.8601
v  -0.7960 1.7805 2.8885
v  -0.6934 1.5540 2.7146
v  -0.8924 2.0246 3.0554
v  -1.0698 2.0808 2.9905
v  -0.3715 1.4359 2.7589
v  -0.4492 1.6555 2.9615
v  -0.0879 1.4497 3.0966
v  -0.0387 1.2479 2.8576
v  -0.1470 1.6673 3.3389
v  -0.5315 1.8856 3.1670
v  0.2641 1.1189 2.9291
v  0.2363 1.2920 3.2028
v  0.4929 1.1836 3.2779
v  0.4956 1.0159 2.9890
v  0.4685 1.3664 3.5732
v  0.1951 1.4883 3.4781
v  2.4203 0.6473 3.5678
v  2.6036 0.8109 3.9761
v  2.6142 0.7392 3.9806
v  2.3333 0.4857 3.1308
v  2.2904 0.5419 3.1281
v  2.3715 0.6753 3.5774
v  2.2372 0.5735 3.1236
v  2.5725 0.8671 3.9792
v  1.1773 1.0475 2.9361
v  0.9385 1.1818 2.9191
v  1.0271 1.3088 3.2078
v  1.2864 1.1454 3.2709
v  0.7791 1.4214 3.1783
v  0.7233 1.2851 2.9152
v  0.8189 1.5699 3.4581
v  1.0933 1.4560 3.5088
v  1.3862 1.2999 3.5983
v  -0.5414 2.0412 2.5203
v  -0.5748 2.1823 2.6799
v  -0.3787 2.0501 2.7816
v  -0.3666 1.8999 2.6027
v  -0.4080 2.2283 2.9549
v  -0.6245 2.3563 2.8374
v  -0.1789 2.1125 3.0494
v  -0.1655 1.9424 2.8546
v  -0.1761 1.7854 2.6622
v  1.2540 1.0738 3.7838
v  1.2205 0.8819 3.4401
v  1.4444 0.7918 3.4841
v  1.5075 0.9875 3.8399
v  1.4105 0.6986 3.0819
v  1.1965 0.7478 3.0705
v  1.6425 0.6012 3.1106
v  1.6997 0.6831 3.5356
v  1.7872 0.8632 3.9210
v  -0.9382 2.3634 2.2886
v  -0.9756 2.5009 2.3764
v  -0.7216 2.4054 2.4861
v  -0.6760 2.2754 2.3583
v  -0.7837 2.5670 2.6256
v  -1.0234 2.6704 2.4867
v  2.0825 0.3550 1.9824
v  2.0352 0.3680 2.0724
v  2.0737 0.3040 2.0914
v  2.1438 0.2835 1.9997
v  2.0264 0.3357 2.1908
v  1.9968 0.3895 2.1642
v  2.0828 0.2476 2.1158
v  2.0366 0.2880 2.2161
v  1.4135 0.2151 2.2671
v  1.2435 0.2828 2.2941
v  1.2712 0.3464 2.3097
v  1.4485 0.2837 2.2805
v  1.0951 0.3429 2.3072
v  1.1201 0.4125 2.3146
v  -0.4509 1.7719 2.1355
v  -0.3232 1.6108 2.1436
v  -0.3275 1.6228 2.0620
v  -0.4428 1.8007 2.0493
v  -0.1770 1.4851 2.0672
v  -0.1716 1.4861 2.1372
v  -0.4788 1.8166 2.2432
v  -0.5094 1.9107 2.3666
v  -0.3563 1.7575 2.4259
v  -0.3353 1.6628 2.2756
v  -0.1894 1.6334 2.4669
v  -0.1866 1.5313 2.2957
v  -0.8703 1.2735 2.4996
v  -1.0125 1.3692 2.4827
v  -0.9901 1.2847 2.4391
v  -0.8478 1.1906 2.4621
v  -1.0927 1.4114 2.3856
v  -1.1237 1.4951 2.4417
v  -1.0600 1.5067 2.5625
v  -0.9229 1.4367 2.5757
v  -1.1690 1.6078 2.5189
v  -0.5259 1.2065 2.4454
v  -0.7222 1.2380 2.4863
v  -0.7004 1.1376 2.4498
v  -0.5095 1.0869 2.4039
v  -0.7865 1.4080 2.5663
v  -0.5946 1.3625 2.5602
v  -0.2297 0.9895 2.3611
v  0.0667 0.8677 2.3732
v  0.0524 0.9378 2.4573
v  -0.2399 1.0970 2.4256
v  -0.2966 1.2429 2.5753
v  0.0105 1.0665 2.6334
v  0.5202 0.7735 2.5254
v  0.3169 0.8484 2.4864
v  0.3200 0.7792 2.4091
v  0.5117 0.6980 2.4641
v  0.3094 0.7218 2.3848
v  0.4946 0.6382 2.4473
v  0.2907 0.9585 2.6797
v  0.5032 0.8652 2.7287
v  2.0369 0.4354 2.3965
v  2.0753 0.3885 2.4155
v  2.0304 0.3582 2.2698
v  1.9952 0.4055 2.2444
v  2.0455 0.3080 2.2880
v  2.0919 0.3361 2.4249
v  2.1769 0.4579 2.7195
v  2.1303 0.5028 2.7057
v  2.1862 0.3995 2.7329
v  0.6330 1.0442 2.3027
v  0.7806 0.9491 2.2745
v  0.8033 0.9849 2.4168
v  0.6539 1.0934 2.4403
v  0.9890 0.8684 2.3856
v  0.9562 0.8324 2.2430
v  1.0695 0.9466 2.6293
v  0.8565 1.0621 2.6461
v  0.6752 1.1616 2.6617
v  -0.3190 1.6259 2.1971
v  -0.4623 1.7726 2.1827
v  -0.1745 1.4959 2.1974
v  -0.6358 2.1559 2.2360
v  -0.6035 2.0612 2.1346
v  -0.8611 2.1567 2.0994
v  -0.8981 2.2506 2.1887
v  -2.6060 3.9789 3.4202
v  -2.6305 3.9553 3.3897
v  -2.5945 3.9822 3.3749
v  -2.5772 4.0051 3.4176
v  -2.6281 3.9810 3.3347
v  -2.6511 3.9586 3.3538
v  -2.5884 4.0313 3.3221
v  -2.5583 4.0318 3.3687
v  -2.5369 4.0547 3.4159
v  -2.7208 4.0928 3.3969
v  -2.7035 4.1340 3.3772
v  -2.7253 4.0995 3.3341
v  -2.7426 4.0504 3.3792
v  -2.6734 4.1678 3.3049
v  -2.6577 4.2076 3.3525
v  -2.6632 4.1123 3.2740
v  -2.7178 4.0478 3.2982
v  -2.7378 3.9989 3.3551
v  -2.6762 4.1050 3.4645
v  -2.6463 4.1530 3.4594
v  -2.6780 4.1545 3.4198
v  -2.7077 4.0941 3.4353
v  -2.6308 4.2278 3.4021
v  -2.5973 4.2247 3.4507
v  -2.5216 4.0895 3.4616
v  -2.5694 4.0313 3.4615
v  -2.5833 4.0720 3.4936
v  -2.5268 4.1366 3.5009
v  -2.6409 4.0199 3.4765
v  -2.6187 3.9863 3.4495
v  -2.5083 4.0964 3.3718
v  -2.4891 4.1214 3.4182
v  -2.5359 4.1013 3.3235
v  -2.4684 4.1569 3.3272
v  -2.4469 4.1524 3.3808
v  -2.4211 4.1633 3.4315
v  -2.5630 4.1310 3.2763
v  -2.6261 4.0566 3.2750
v  -2.4886 4.1912 3.2796
v  -2.5911 4.1853 3.2453
v  -2.5009 4.2437 3.2383
v  -2.5925 4.3029 3.3241
v  -2.6036 4.2530 3.2704
v  -2.5062 4.3206 3.2441
v  -2.4933 4.3761 3.3007
v  -2.5277 4.3062 3.4409
v  -2.5618 4.3173 3.3847
v  -2.4677 4.3897 3.3699
v  -2.4397 4.3715 3.4326
v  -2.5602 4.1911 3.4900
v  -2.4935 4.2669 3.4849
v  -2.4658 4.2081 3.4987
v  -2.4007 4.2652 3.5025
v  -2.4147 4.3250 3.4772
v  -2.4014 4.1977 3.4883
v  -2.4680 4.1577 3.4606
v  -2.3790 4.1591 3.3964
v  -2.3605 4.1681 3.4592
v  -2.3963 4.1702 3.3372
v  -2.3290 4.1637 3.3530
v  -2.3188 4.1541 3.4169
v  -2.3034 4.1738 3.4763
v  -2.4062 4.2056 3.2845
v  -2.4067 4.2620 3.2491
v  -2.3233 4.2596 3.2694
v  -2.3300 4.1983 3.2953
v  -2.3802 4.3907 3.3000
v  -2.3965 4.3339 3.2521
v  -2.3069 4.3238 3.2781
v  -2.2875 4.3744 3.3191
v  -2.3429 4.3873 3.4312
v  -2.3608 4.4058 3.3688
v  -2.2696 4.4053 3.3790
v  -2.2587 4.3901 3.4445
v  -2.3325 4.2863 3.5052
v  -2.3328 4.3449 3.4795
v  -2.2669 4.2868 3.5176
v  -2.2582 4.3466 3.4930
v  -2.2860 4.2227 3.5174
v  -2.3449 4.2195 3.5037
v  -2.2294 4.1608 2.9178
v  -2.3092 4.1741 2.8718
v  -2.2718 4.1879 2.8167
v  -2.1884 4.1755 2.8648
v  -2.3818 4.1919 2.8328
v  -2.3419 4.2073 2.7700
v  -2.2951 4.2470 2.7592
v  -2.2392 4.2359 2.7813
v  -2.1526 4.2211 2.8254
v  -2.2021 4.1207 3.0372
v  -2.1356 4.1064 3.0874
v  -2.1620 4.1652 3.1393
v  -2.2806 4.1376 2.9808
v  -2.2181 4.1937 3.0785
v  -2.2967 4.2089 3.0214
v  -2.1454 4.1494 2.9771
v  -2.0720 4.1296 3.0371
v  -2.1291 4.3096 3.1384
v  -2.2013 4.3275 3.0869
v  -2.2257 4.2586 3.1028
v  -2.1617 4.2391 3.1588
v  -2.2873 4.3430 3.0385
v  -2.3039 4.2733 3.0452
v  -2.0936 4.3643 3.1118
v  -2.1649 4.3717 3.0494
v  -2.1252 4.3928 3.0029
v  -2.0482 4.3939 3.0697
v  -2.2075 4.4124 2.9497
v  -2.2521 4.3974 3.0051
v  -1.9971 4.3870 3.0140
v  -2.0852 4.3841 2.9501
v  -2.0543 4.3451 2.9024
v  -1.9615 4.3373 2.9662
v  -2.1400 4.3599 2.8413
v  -2.1654 4.4101 2.8892
v  -2.0434 4.2783 2.8746
v  -1.9504 4.2640 2.9398
v  -1.9928 4.2037 2.9734
v  -2.1357 4.2911 2.8182
v  -2.0662 4.2096 2.8899
v  -2.1054 4.1725 2.9317
v  -2.0315 4.1680 3.0074
v  -2.2716 4.1888 3.3055
v  -2.2721 4.1581 3.3699
v  -2.2627 4.2534 3.2795
v  -2.2208 4.1864 3.3137
v  -2.2115 4.2516 3.2849
v  -2.2194 4.1546 3.3802
v  -2.2448 4.3193 3.2900
v  -2.1914 4.3214 3.2922
v  -2.2233 4.3754 3.3281
v  -2.1683 4.3761 3.3375
v  -2.1960 4.3912 3.4621
v  -2.2053 4.4094 3.3920
v  -2.1494 4.4123 3.4044
v  -2.1401 4.3878 3.4785
v  -2.2096 4.2814 3.5347
v  -2.1977 4.3425 3.5092
v  -2.1414 4.3332 3.5278
v  -2.1535 4.2672 3.5559
v  -2.2303 4.2162 3.5341
v  -2.2472 4.1685 3.4936
v  -2.1958 4.1428 3.5085
v  -2.1761 4.1949 3.5532
v  -2.2095 4.1358 3.4450
v  -2.2631 4.1488 3.4359
v  -2.1592 4.2622 3.2860
v  -2.1740 4.1917 3.3103
v  -2.1290 4.1988 3.3003
v  -2.1095 4.2732 3.2855
v  -2.1251 4.1289 3.3441
v  -2.1649 4.1493 3.3767
v  -2.1319 4.1340 3.1736
v  -2.1305 4.2174 3.1991
v  -2.1174 4.2014 3.2253
v  -2.1178 4.0902 3.2080
v  -2.0637 4.2799 3.2261
v  -2.0855 4.2943 3.1867
v  -2.0429 4.3724 3.3401
v  -1.9920 4.3697 3.3074
v  -2.0381 4.3383 3.2692
v  -2.0797 4.3374 3.2930
v  -2.0220 4.3407 3.2270
v  -1.9487 4.3707 3.2377
v  -2.0661 4.2711 3.2677
v  -2.1055 4.3781 3.3444
v  -2.1336 4.3294 3.2975
v  -2.0455 4.3551 3.1745
v  -1.9898 4.3847 3.1432
v  -2.0784 4.3865 3.4920
v  -2.0863 4.4130 3.4126
v  -2.0207 4.4034 3.4090
v  -2.0116 4.3822 3.4970
v  -2.0948 4.2432 3.5854
v  -2.0802 4.3192 3.5481
v  -2.0160 4.3079 3.5689
v  -2.0393 4.2225 3.6235
v  -2.1351 4.1050 3.2775
v  -2.1061 4.1959 3.2632
v  -1.8122 4.3134 3.1428
v  -1.8818 4.3269 3.0435
v  -1.9286 4.3722 3.0935
v  -1.8712 4.3502 3.1902
v  -1.6976 4.2428 3.2203
v  -1.6065 4.2334 3.3413
v  -1.5890 4.1554 3.3066
v  -1.6976 4.1677 3.2053
v  -1.8337 4.1546 3.1153
v  -1.7799 4.2439 3.0952
v  -1.7426 4.2979 3.2663
v  -1.6699 4.2885 3.3904
v  -1.8614 4.2498 3.0022
v  -1.9267 4.1870 3.0493
v  -1.9177 4.0956 3.1125
v  -1.9714 4.1378 3.0700
v  -2.0235 4.0980 3.0884
v  -1.9833 4.0366 3.1231
v  -2.0915 4.0877 3.1239
v  -2.0700 4.0424 3.1469
v  -1.9770 3.9668 3.1365
v  -2.0472 3.9813 3.1661
v  -2.0217 3.9089 3.1789
v  -1.9565 3.9019 3.1419
v  -2.0795 3.9188 3.2493
v  -2.0980 4.0007 3.2323
v  -1.9908 3.8309 3.1855
v  -1.9530 3.7552 3.1866
v  -1.9382 3.8277 3.1354
v  -1.9035 3.7584 3.1398
v  -2.0035 3.7475 3.2493
v  -2.0483 3.8317 3.2529
v  -1.8013 3.7503 3.0971
v  -1.8321 3.8110 3.1010
v  -1.8314 3.8071 3.0582
v  -1.8166 3.7608 3.0402
v  -1.8629 3.8612 3.0935
v  -1.8612 3.8436 3.0409
v  -1.8453 3.8069 2.9714
v  -1.8740 3.8206 3.1269
v  -1.9007 3.8827 3.1238
v  -1.8379 3.7555 3.1324
v  -1.7484 3.5946 2.9460
v  -1.7165 3.6197 2.8873
v  -1.6617 3.5058 2.8743
v  -1.6962 3.4729 2.9235
v  -1.6090 3.5593 2.8573
v  -1.6626 3.6548 2.8593
v  -1.5283 3.4490 2.8641
v  -1.5819 3.3750 2.8590
v  -1.6399 3.3298 2.8906
v  -1.7077 3.7397 2.8394
v  -1.7682 3.7177 2.8835
v  -1.8131 3.8042 2.8619
v  -1.7363 3.8214 2.8086
v  -1.7979 3.7015 2.9570
v  -1.6670 3.8469 2.7994
v  -1.6422 3.7778 2.8396
v  -1.5875 3.8326 2.8735
v  -1.6089 3.8874 2.8249
v  -1.5532 3.7745 2.9071
v  -1.6032 3.7055 2.8636
v  -1.7385 4.0512 3.1364
v  -1.7872 4.0856 3.1556
v  -1.6788 4.1049 3.1952
v  -1.6488 4.0612 3.1720
v  -1.5797 4.0857 3.2787
v  -1.5665 4.0303 3.2390
v  -1.8628 4.0523 3.1377
v  -1.8088 4.0171 3.1365
v  -1.8564 3.9759 3.1112
v  -1.9108 3.9985 3.1328
v  -1.7783 4.0159 3.0860
v  -1.7048 4.0467 3.1102
v  -1.7668 4.0231 3.1099
v  -1.6933 4.0449 3.0785
v  -1.9185 3.9414 3.1271
v  -1.8844 3.9193 3.0936
v  -1.9014 3.9053 3.0352
v  -1.8699 3.9802 3.0414
v  -1.8917 4.0041 2.9373
v  -1.8793 3.8991 2.9492
v  -1.7868 4.0268 3.0395
v  -1.7894 4.0651 2.9714
v  -1.6895 4.0560 3.0361
v  -1.6860 4.0943 2.9766
v  -1.8256 3.9810 2.7942
v  -1.8305 3.8937 2.8331
v  -1.7495 3.9745 2.6899
v  -1.7447 3.9016 2.7536
v  -1.8173 4.1481 2.7671
v  -1.8028 4.1344 2.6875
v  -1.8194 4.0605 2.7394
v  -1.8516 4.0935 2.8350
v  -1.7603 4.0500 2.6452
v  -1.7675 4.1058 2.6319
v  -1.6128 3.9998 2.6947
v  -1.5670 4.0559 2.7264
v  -1.5630 3.9964 2.7937
v  -1.6125 3.9405 2.7597
v  -1.5571 4.0963 2.7726
v  -1.5525 4.0669 2.8362
v  -1.5717 3.9477 2.8729
v  -1.5596 4.0143 2.9241
v  -1.6743 3.9161 2.7414
v  -1.6734 3.9749 2.6660
v  -1.5925 4.1567 2.7644
v  -1.5909 4.1294 2.8691
v  -1.6611 4.1931 2.7682
v  -1.6744 4.1517 2.8816
v  -1.5955 4.0790 2.9637
v  -1.6447 4.1431 2.6247
v  -1.6222 4.0777 2.6403
v  -1.6856 4.0474 2.5976
v  -1.7103 4.1459 2.5819
v  -1.7738 4.1276 2.8764
v  -1.7525 4.1871 2.7699
v  -1.7352 4.2074 2.6623
v  -1.6492 4.1826 2.6743
v  -1.5960 4.1276 2.6879
v  -0.8090 1.4858 1.4920
v  -0.6235 1.5333 1.4822
v  -0.6490 1.4167 1.3819
v  -0.8281 1.3653 1.3909
v  -0.6067 1.6072 1.5334
v  -0.7966 1.5623 1.5477
v  -0.7911 1.6220 1.5917
v  -0.6004 1.6652 1.5736
v  -0.9469 1.4443 1.5071
v  -0.9233 1.5277 1.5688
v  -1.0283 1.5130 1.5772
v  -1.0573 1.4220 1.5105
v  -1.0089 1.5913 1.6313
v  -0.9079 1.5933 1.6179
v  -0.7925 1.6950 1.6519
v  -0.6035 1.7373 1.6321
v  -0.7974 1.7714 1.7222
v  -0.6114 1.8050 1.7057
v  -1.0051 1.6762 1.6853
v  -0.9034 1.6682 1.6802
v  -0.9050 1.7433 1.7494
v  -1.0037 1.7412 1.7578
v  -0.8016 1.8475 1.7926
v  -0.6175 1.8686 1.7929
v  -0.8032 1.9196 1.8586
v  -0.6133 1.9251 1.8797
v  -0.9086 1.8119 1.8168
v  -1.0043 1.7941 1.8293
v  -0.9156 1.8742 1.8811
v  -1.0120 1.8474 1.8903
v  -0.8062 2.0446 1.9830
v  -0.8283 2.0931 2.0351
v  -0.5839 2.0099 2.0782
v  -0.5802 1.9917 2.0495
v  -0.5937 1.9687 1.9742
v  -0.8016 1.9850 1.9217
v  -0.9274 1.9308 1.9404
v  -1.0262 1.8986 1.9469
v  -0.9557 1.9866 2.0028
v  -1.0624 1.9533 2.0078
v  -1.0034 1.1737 1.2704
v  -0.9771 1.3200 1.4046
v  -1.0914 1.3056 1.4125
v  -1.1520 1.1658 1.2867
v  -1.1167 1.0021 1.1245
v  -0.9992 1.0227 1.1147
v  -1.0121 0.8929 0.9654
v  -1.1183 0.8776 0.9848
v  -1.2252 1.0804 1.3140
v  -1.1809 0.9424 1.1648
v  -1.1557 0.8856 1.2273
v  -1.1909 1.0244 1.3931
v  -1.1635 0.8200 1.0256
v  -1.1223 0.7604 1.0711
v  -1.1560 1.3222 1.4336
v  -1.1466 1.4099 1.5122
v  -1.2106 1.2703 1.4047
v  -1.2280 1.3759 1.5093
v  -1.2243 1.1505 1.5333
v  -1.2494 1.2003 1.4463
v  -1.2893 1.3121 1.5577
v  -1.2796 1.2559 1.6468
v  -1.1399 1.6042 1.6443
v  -1.1444 1.5149 1.5739
v  -1.2435 1.4819 1.6073
v  -1.2527 1.5727 1.6976
v  -1.1136 0.9879 1.5620
v  -1.1418 1.1347 1.7265
v  -1.1873 1.1425 1.6309
v  -1.1453 1.0090 1.4760
v  -1.2515 1.2387 1.7459
v  -1.2169 1.2561 1.8803
v  -1.0931 1.0936 1.8015
v  -1.1210 1.2019 1.9484
v  -1.0694 0.9531 1.6275
v  -1.3194 1.5072 1.7567
v  -1.3136 1.4193 1.6617
v  -1.3128 1.3513 1.7355
v  -1.3237 1.4259 1.8197
v  -1.2896 1.3129 1.7962
v  -1.2933 1.3512 1.8716
v  -1.1391 1.2715 2.0558
v  -1.1383 1.3331 2.1341
v  -1.2338 1.3940 2.0863
v  -1.2293 1.3299 2.0028
v  -1.2615 1.6404 1.7668
v  -1.1410 1.6786 1.7099
v  -1.1464 1.7440 1.7704
v  -1.2710 1.6971 1.8244
v  -1.3062 1.4599 2.0220
v  -1.2983 1.4012 1.9478
v  -1.3303 1.4827 1.8891
v  -1.3376 1.5350 1.9501
v  -1.3244 1.6180 1.8874
v  -1.3192 1.5672 1.8291
v  -1.2792 1.7527 1.8826
v  -1.1530 1.8024 1.8298
v  -1.1592 1.8531 1.8893
v  -1.2832 1.8077 1.9406
v  -1.3329 1.6746 1.9440
v  -1.3435 1.5953 2.0092
v  -1.3439 1.6585 2.0623
v  -1.3364 1.7341 1.9998
v  -1.2281 1.4656 2.1574
v  -1.3116 1.5256 2.0902
v  -1.2352 1.5582 2.2209
v  -1.3114 1.5940 2.1375
v  -1.1483 1.4549 2.2757
v  -1.1388 1.3929 2.2079
v  -1.3281 1.7728 2.1594
v  -1.3225 1.8551 2.1094
v  -1.3324 1.7936 2.0538
v  -1.3383 1.7205 2.1075
v  -1.2797 1.8614 1.9963
v  -1.2748 1.9167 2.0558
v  -1.1632 1.8976 1.9505
v  -1.1753 1.9405 2.0131
v  -1.3169 1.6576 2.1551
v  -1.2974 1.6788 2.2014
v  -1.1365 2.0173 2.0806
v  -1.0114 2.0480 2.0761
v  -1.0720 2.1287 2.1506
v  -1.2534 2.0767 2.1742
v  -1.1987 1.6088 2.3887
v  -1.1689 1.5252 2.3318
v  -1.2365 1.6295 2.2843
v  -1.2548 1.7140 2.3377
v  -1.2057 1.9863 2.0751
v  -1.2757 1.9794 2.1236
v  -1.2973 1.8195 2.3008
v  -1.2897 1.7369 2.2467
v  -1.3219 1.8379 2.2112
v  -1.3263 1.9181 2.2697
v  -1.3209 2.0073 2.2337
v  -1.3164 1.9244 2.1696
v  -1.2664 2.1841 2.2643
v  -1.1124 2.2316 2.2288
v  -1.1425 2.3474 2.3135
v  -1.2835 2.2982 2.3466
v  -1.2871 1.8391 2.5524
v  -1.2363 1.7104 2.4604
v  -1.2802 1.8126 2.4054
v  -1.3151 1.9360 2.4917
v  -1.3407 2.0347 2.4544
v  -1.3159 1.9163 2.3697
v  -1.3409 2.0153 2.3407
v  -1.3580 2.1309 2.4250
v  -1.3445 2.2209 2.3893
v  -1.3310 2.1067 2.3064
v  -1.3021 2.4215 2.4341
v  -1.1740 2.4709 2.4041
v  -1.3312 2.5706 2.5419
v  -1.2143 2.6252 2.5150
v  -1.3890 2.2052 2.7933
v  -1.3409 2.0109 2.6660
v  -1.3496 2.0982 2.5990
v  -1.3903 2.2782 2.7239
v  -1.3876 2.3498 2.6791
v  -1.3601 2.1832 2.5574
v  -1.3750 2.2657 2.5224
v  -1.3934 2.4214 2.6391
v  -1.3828 2.4972 2.5910
v  -1.3598 2.3478 2.4803
v  -1.4979 2.5829 3.0707
v  -1.4359 2.3971 2.9278
v  -1.4395 2.4563 2.8620
v  -1.5026 2.6280 3.0073
v  -2.1178 4.0705 3.3999
v  -2.1492 4.0975 3.5104
v  -2.1561 4.1094 3.4370
v  -2.0859 4.0110 3.4973
v  -1.9967 3.7804 3.4349
v  -2.0313 3.8780 3.4569
v  -2.0705 3.8568 3.3550
v  -2.0269 3.7615 3.3397
v  -2.1029 3.9493 3.3548
v  -2.1294 4.1525 3.5827
v  -2.0869 4.1219 3.6100
v  -2.1265 4.0266 3.3200
v  -1.9948 3.8984 3.6522
v  -1.9921 3.8901 3.5966
v  -2.0572 3.7912 3.6689
v  -2.0771 3.8238 3.7178
v  -2.0966 3.8588 3.7781
v  -2.0070 3.9036 3.7309
v  -1.9906 3.9974 3.6945
v  -2.0155 4.0031 3.6098
v  -2.0856 3.8677 3.8452
v  -2.0087 3.9219 3.8065
v  -2.0633 3.8784 3.9300
v  -1.9981 3.9480 3.8703
v  -1.9770 4.0034 3.8244
v  -1.9819 3.9988 3.7689
v  -2.1914 3.4011 3.8842
v  -2.0691 3.4239 3.9849
v  -2.0960 3.4755 4.0031
v  -2.2194 3.4618 3.9028
v  -1.9303 3.4711 4.0641
v  -1.9502 3.5193 4.0760
v  -1.9714 3.5738 4.0798
v  -2.1188 3.5368 4.0084
v  -2.2414 3.5314 3.9133
v  -1.9610 3.0997 3.7069
v  -1.9093 3.0567 3.6608
v  -1.8520 3.1172 3.7861
v  -1.8824 3.1718 3.8255
v  -1.8171 3.0620 3.7349
v  -1.8577 3.0128 3.6129
v  -1.7545 3.1288 3.8208
v  -1.7729 3.1922 3.8761
v  -1.7875 3.2504 3.9177
v  -1.7957 2.9666 3.5513
v  -1.7685 3.0047 3.6671
v  -1.7106 2.9640 3.6255
v  -1.7064 2.8989 3.4764
v  -1.6934 3.0184 3.7006
v  -1.7228 3.0609 3.7528
v  -2.0092 3.0831 3.4955
v  -1.9346 3.0373 3.4434
v  -1.9344 3.0318 3.5440
v  -1.9975 3.0827 3.5925
v  -1.8704 2.9912 3.4936
v  -1.8641 2.9998 3.3932
v  -1.9548 3.1428 3.3364
v  -1.8916 3.0967 3.3021
v  -1.9239 3.0589 3.3644
v  -1.9943 3.1016 3.4071
v  -1.8586 3.0289 3.3233
v  -1.8477 3.0669 3.2864
v  -1.7949 2.9615 3.3390
v  -1.8015 2.9500 3.4357
v  -1.7081 2.8872 3.3522
v  -1.7034 2.9062 3.2683
v  -1.5940 2.7871 3.1522
v  -1.5888 2.7608 3.2219
v  -1.5701 2.7519 3.2960
v  -1.9596 3.3556 3.4627
v  -1.8768 3.3026 3.4187
v  -1.9635 3.2591 3.3743
v  -2.0499 3.3196 3.4230
v  -1.8740 3.2025 3.3313
v  -1.7796 3.2421 3.3839
v  -2.0357 3.2041 3.3897
v  -2.1110 3.2743 3.4505
v  -1.4909 2.6977 2.9662
v  -1.4342 2.5250 2.8169
v  -1.4214 2.6002 2.7798
v  -1.4734 2.7781 2.9319
v  -1.3615 3.0564 2.7455
v  -1.2809 2.8511 2.6237
v  -1.3694 2.7562 2.6954
v  -1.4498 2.9736 2.8536
v  -1.0836 2.8917 2.6277
v  -1.2087 3.1362 2.8114
v  -1.4587 2.8558 2.8916
v  -1.4062 2.6773 2.7400
v  -1.4691 3.2230 2.8292
v  -1.4001 3.3208 2.8445
v  -1.5457 3.1733 2.8788
v  -1.6930 2.9673 3.2246
v  -1.5850 2.8536 3.1117
v  -1.5597 2.9311 3.0812
v  -1.6658 3.0869 3.2323
v  -1.7904 3.0073 3.2754
v  -1.7873 3.0779 3.2642
v  -1.7227 3.1820 3.3208
v  -1.8144 3.1402 3.2927
v  -1.6202 3.2428 3.2256
v  -1.6621 3.2614 3.3077
v  -1.6689 3.3552 3.2796
v  -1.6500 3.3603 3.1971
v  -1.7176 3.3053 3.3720
v  -1.6853 3.3649 3.3514
v  -1.6457 3.3682 3.1195
v  -1.6150 3.2459 3.1349
v  -1.6148 3.2369 3.0455
v  -1.6621 3.3607 3.0414
v  -1.5796 3.1390 3.0509
v  -1.5956 3.1121 3.1201
v  -1.5961 3.1936 2.9557
v  -1.5370 3.0697 2.9761
v  -1.6707 3.3336 2.9611
v  -1.5385 2.9916 3.0252
v  -2.3574 4.1556 2.9343
v  -2.4278 4.1872 2.8975
v  -2.3687 4.2238 2.9729
v  -2.4146 4.2311 2.9410
v  -2.3104 4.3736 2.7722
v  -2.2254 4.3704 2.7992
v  -2.2227 4.3033 2.7761
v  -2.3040 4.3042 2.7479
v  -2.3413 4.4305 2.8773
v  -2.4003 4.4103 2.9049
v  -2.3371 4.4122 2.9624
v  -2.2865 4.4277 2.9065
v  -2.3730 4.3495 2.9920
v  -2.4457 4.3474 2.9361
v  -2.3768 4.2822 2.9900
v  -2.4323 4.2804 2.9369
v  -2.3290 4.4137 2.8266
v  -2.2483 4.4174 2.8474
v  -2.4490 4.3140 2.7989
v  -2.4780 4.3353 2.8538
v  -2.4124 4.3905 2.8318
v  -2.3981 4.3488 2.7746
v  -2.4757 4.2550 2.8744
v  -2.4484 4.2462 2.7945
v  -2.3799 4.2774 2.7568
v  -2.7109 3.9834 3.4366
v  -2.6742 3.9497 3.4137
v  -2.7007 3.9518 3.3437
v  -2.6735 4.0003 3.2987
v  -2.7168 4.0381 3.4403
v  -2.6661 4.0657 3.4837
v  -2.6146 4.1216 3.4932
v  -1.7853 3.3648 3.4370
v  -1.8461 3.4240 3.4853
v  -1.7864 3.4906 3.3959
v  -1.7254 3.4187 3.3739
v  -1.9553 3.6719 3.2417
v  -1.9850 3.6759 3.3269
v  -1.9191 3.6110 3.3178
v  -1.9013 3.6044 3.2330
v  -1.9040 3.6266 3.4162
v  -1.9564 3.6970 3.4216
v  -1.7766 3.4886 3.2171
v  -1.7044 3.4367 3.2039
v  -1.7245 3.4235 3.2808
v  -1.7877 3.4869 3.2968
v  -1.8414 3.5432 3.2256
v  -1.8563 3.5459 3.3077
v  -1.8490 3.5584 3.4074
v  -1.7436 3.5739 3.0168
v  -1.7864 3.6771 3.0296
v  -1.7705 3.6663 3.0904
v  -1.7273 3.5638 3.0978
v  -1.7476 3.5158 3.1555
v  -1.6963 3.4622 3.0629
v  -1.6875 3.4546 3.1345
v  -1.8349 3.6472 3.1431
v  -1.7864 3.6172 3.1295
v  -1.8027 3.5738 3.1677
v  -1.8584 3.6295 3.1740
v  -1.7162 3.4591 2.9878
v  -1.7965 3.6863 3.1319
v  -1.8620 3.6965 3.1378
v  -1.9089 3.6889 3.1814
v  -1.9109 3.4317 4.0502
v  -1.8329 3.4498 4.1374
v  -1.8539 3.4892 4.1542
v  -1.8107 3.4173 4.1207
v  -1.8895 3.4004 4.0315
v  -1.7362 3.4344 4.2014
v  -1.7586 3.4744 4.2160
v  -1.7770 3.5204 4.2309
v  -1.9738 3.7358 3.5360
v  -1.9870 3.8244 3.5577
v  -2.0385 3.7313 3.6355
v  -2.0289 3.6544 3.6064
v  -1.9490 3.6483 3.5253
v  -1.9176 3.5669 3.5227
v  -2.0043 3.4845 3.5575
v  -2.0096 3.5666 3.5929
v  -1.8869 3.4916 3.5120
v  -1.9968 3.4161 3.5071
v  -2.1206 3.4523 3.5128
v  -2.1398 3.5215 3.5515
v  -2.2285 3.4643 3.5783
v  -2.1963 3.4026 3.5382
v  -2.2683 3.5338 3.6152
v  -2.1627 3.5969 3.5873
v  -2.0977 3.3863 3.4685
v  -2.1606 3.3405 3.4986
v  -2.1331 3.3111 3.8421
v  -2.1018 3.2726 3.8194
v  -1.9888 3.3132 3.9212
v  -2.0157 3.3468 3.9430
v  -1.9582 3.2751 3.8957
v  -2.0630 3.2282 3.7898
v  -1.8672 3.3716 4.0109
v  -1.8266 3.3433 3.9973
v  -2.1653 3.2200 3.6103
v  -2.2129 3.2759 3.6488
v  -2.2042 3.3027 3.5638
v  -2.1543 3.2404 3.5206
v  -2.2395 3.3582 3.5992
v  -2.2446 3.3251 3.6782
v  -2.1624 3.3524 3.8631
v  -2.0424 3.3818 3.9648
v  -2.2699 3.4140 3.6355
v  -2.3049 3.4790 3.6743
v  -2.2711 3.3760 3.7063
v  -2.3011 3.4373 3.7366
v  -2.0930 3.1491 3.5551
v  -2.0694 3.1473 3.6479
v  -2.1332 3.2127 3.6980
v  -2.0141 3.1655 3.7506
v  -2.2063 3.3092 3.7553
v  -2.1765 3.2637 3.7316
v  -2.0797 3.1666 3.4623
v  -2.2355 3.3542 3.7789
v  -2.2676 3.4074 3.8043
v  -0.8159 2.8074 3.1288
v  -0.7113 2.5794 2.9887
v  -0.8596 2.7918 2.7727
v  -0.9419 3.0241 2.9154
v  -0.4785 2.4450 3.1219
v  -0.5656 2.6655 3.2737
v  -0.2829 2.5254 3.4161
v  -0.2257 2.3160 3.2418
v  -0.9100 3.0034 3.2461
v  -0.6489 2.8512 3.4054
v  -0.7115 2.9882 3.5062
v  -0.9818 3.1397 3.3385
v  -0.3534 2.8603 3.6534
v  -0.3257 2.7151 3.5543
v  0.8437 1.7706 3.7350
v  1.1336 1.6758 3.7930
v  0.8764 2.0010 3.9667
v  1.1705 1.9247 4.0334
v  1.4559 1.5519 3.8833
v  1.5085 1.8253 4.1264
v  2.7661 1.0405 4.3420
v  2.7498 1.1024 4.3270
v  2.8952 1.3488 4.6205
v  2.9420 1.2878 4.6413
v  2.9212 1.2190 4.6824
v  2.7491 0.9789 4.3588
v  1.3052 1.5655 4.3313
v  1.2795 1.3088 4.0803
v  1.5644 1.2287 4.1455
v  1.6172 1.4871 4.4130
v  1.8709 1.0986 4.2555
v  1.9543 1.3642 4.5378
v  0.3748 1.8582 4.0269
v  0.0819 1.9773 3.9279
v  0.1382 1.7293 3.7210
v  0.4225 1.6037 3.8240
v  -0.2153 1.9093 3.5622
v  -0.2804 2.1445 3.7634
v  -1.0421 2.4891 3.3232
v  -1.2402 2.5381 3.2537
v  -1.1522 2.3262 3.1090
v  -0.9688 2.2710 3.1856
v  -0.6844 2.3403 3.5244
v  -0.6142 2.1177 3.3544
v  -0.3578 2.5012 4.0600
v  -0.7706 2.6890 3.8054
v  -0.7342 2.5372 3.6844
v  -0.3272 2.3457 3.9358
v  -1.1064 2.6771 3.4814
v  -1.1526 2.8211 3.6063
v  -1.4306 2.7323 3.4087
v  -1.5185 2.7401 3.3624
v  -1.4993 2.9021 3.5805
v  -1.6094 2.8746 3.5310
v  -1.3584 2.8864 3.5307
v  -1.3157 2.7314 3.4146
v  -0.4991 3.0494 4.4787
v  -0.9202 3.1822 4.2238
v  -0.8982 3.1434 4.1771
v  -0.4722 3.0120 4.4301
v  -1.2999 3.2626 4.0415
v  -1.2953 3.2162 4.0107
v  -1.3063 3.1485 4.0175
v  -0.8965 3.0841 4.1612
v  -0.4515 2.9718 4.3831
v  0.1427 2.8456 4.8944
v  -0.1366 2.9325 4.7097
v  -0.1099 2.8797 4.6591
v  0.1775 2.7853 4.8328
v  -0.1009 2.8410 4.6272
v  0.1866 2.7455 4.7949
v  1.9240 2.1453 5.5761
v  1.4939 2.3067 5.3763
v  1.5102 2.2609 5.3189
v  1.9381 2.1137 5.5150
v  1.8693 2.2236 5.6984
v  1.4291 2.3665 5.5052
v  1.1278 2.4207 5.2615
v  1.0571 2.4713 5.3785
v  1.1564 2.3868 5.2001
v  1.6124 2.3874 4.6201
v  1.2685 2.4785 4.4918
v  1.3071 2.5781 4.5291
v  1.6405 2.4796 4.6524
v  1.0795 2.6929 4.3601
v  1.0137 2.5651 4.3373
v  1.0925 2.7867 4.4727
v  1.3182 2.6561 4.5993
v  1.6399 2.5539 4.7157
v  -1.0052 3.2070 3.4026
v  -0.7365 3.0673 3.5659
v  -0.7233 3.1467 3.5913
v  -1.0031 3.2864 3.4175
v  -0.3653 3.0034 3.7575
v  -0.3626 2.9396 3.7080
v  -0.4528 3.3360 4.0533
v  -0.4241 3.2956 3.9990
v  -0.7365 3.4473 3.7652
v  -1.0030 3.5748 3.6196
v  -0.7699 3.4578 3.8178
v  -0.9814 3.5684 3.5629
v  -1.0300 3.5656 3.6944
v  -0.7880 3.4956 3.8847
v  -0.4890 3.3708 4.1337
v  -0.6648 3.2703 3.5724
v  -0.9498 3.4709 3.4540
v  -0.6538 3.3819 3.6208
v  -0.9751 3.3796 3.4286
v  -0.3177 3.2562 3.8324
v  -0.3086 3.1449 3.7461
v  -0.6979 3.4256 3.7043
v  -0.9617 3.5314 3.5065
v  -0.3875 3.2603 3.9381
v  -1.0366 3.2145 3.0515
v  -1.0819 3.3469 3.1508
v  -1.2261 3.3475 2.9414
v  -1.2368 3.5110 3.0510
v  -1.1113 3.4334 3.2006
v  -1.0960 3.3550 3.2354
v  -1.1412 3.5026 3.2490
v  -1.2437 3.6102 3.1092
v  -1.2341 3.6695 3.1746
v  -1.1562 3.5581 3.3162
v  -1.1449 3.6169 3.3598
v  -1.2522 3.7043 3.2485
v  -1.2528 3.7425 3.3298
v  -1.1383 3.6719 3.4231
v  -1.5561 3.6284 2.8792
v  -1.5126 3.7087 2.9303
v  -1.4545 3.6423 2.9515
v  -1.4879 3.5433 2.8961
v  -1.3817 3.4497 2.9116
v  -1.3820 3.5761 2.9932
v  -1.5459 3.9972 3.1765
v  -1.6237 4.0353 3.1354
v  -1.6062 4.0275 3.0837
v  -1.5122 3.9680 3.0861
v  -1.3569 3.6693 3.0564
v  -1.4310 3.7256 3.0258
v  -1.3352 3.7322 3.1176
v  -1.4052 3.7949 3.0879
v  -1.4546 3.8702 3.0716
v  -1.4581 3.9218 3.1545
v  -1.4114 3.8582 3.2008
v  -1.3993 3.8306 3.1404
v  -1.4395 3.8852 3.1177
v  -1.5143 3.8661 2.9758
v  -1.4767 3.8010 2.9983
v  -1.5404 3.9889 2.9973
v  -1.5579 3.9067 2.9388
v  -1.5997 4.0433 3.0283
v  -1.3323 3.7767 3.1778
v  -1.3581 3.7878 3.2610
v  3.3744 2.0845 5.4062
v  3.4554 2.0065 5.4800
v  3.4138 1.9194 5.4083
v  3.3214 1.9704 5.3079
v  3.4996 1.8629 5.4899
v  3.5311 1.9249 5.5428
v  3.4387 1.8191 5.4506
v  3.3716 1.8333 5.3727
v  3.2428 1.8466 5.2375
v  3.4423 1.7686 5.4802
v  3.3480 1.7679 5.3948
v  3.3358 1.7088 5.4331
v  3.4230 1.7071 5.5067
v  3.2638 1.6935 5.3418
v  3.2725 1.7577 5.2823
v  3.5239 1.7967 5.5324
v  3.5656 1.8494 5.5891
v  3.5541 1.7742 5.6325
v  3.5038 1.7299 5.5664
v  3.5225 1.9653 5.7197
v  3.5675 1.9013 5.6594
v  3.5387 1.9808 5.6086
v  3.5118 2.0176 5.6685
v  3.5020 1.8849 5.7850
v  3.5510 1.8241 5.7128
v  3.4620 1.6699 5.6172
v  3.3916 1.6548 5.5551
v  3.4959 1.7020 5.6786
v  3.3850 1.6554 5.6988
v  3.3712 1.6409 5.6438
v  3.3390 1.6378 5.5832
v  3.4353 1.7832 5.8143
v  3.4877 1.7427 5.7480
v  3.3800 1.6780 5.7585
v  3.3561 1.7165 5.7996
v  3.2467 1.7121 5.7946
v  3.2293 1.6563 5.7372
v  3.1024 1.7094 5.8019
v  3.0788 1.6264 5.7330
v  3.2375 1.6239 5.6824
v  3.0873 1.5889 5.6564
v  -0.4895 2.7676 4.3767
v  -0.1375 2.6551 4.5967
v  -0.1100 2.7616 4.6052
v  -0.4636 2.8740 4.3736
v  0.1532 2.5852 4.7382
v  0.1783 2.6786 4.7595
v  -0.3989 2.6457 4.1535
v  -0.8297 2.8354 3.8994
v  -0.8011 2.7806 3.8630
v  -0.3813 2.5909 4.1233
v  -1.1787 2.9087 3.6564
v  -1.2198 2.9508 3.6937
v  -1.3629 2.9477 3.5849
v  -1.4207 2.9691 3.6201
v  -1.3342 3.0467 4.0188
v  -0.9209 2.9816 4.1665
v  -1.3319 2.9739 3.9566
v  -0.9299 2.8943 4.1343
v  -1.5253 3.0834 3.9081
v  -1.5248 3.1536 3.9579
v  -1.6249 3.1484 3.9167
v  -1.5016 3.0426 3.8418
v  -1.6092 3.0946 3.8497
v  -1.5713 3.0513 3.7699
v  -0.9190 2.8606 4.0753
v  -0.8991 2.8510 4.0132
v  -1.3069 2.9536 3.8880
v  -1.2932 2.9480 3.8276
v  -0.4472 2.7130 4.2421
v  -0.4801 2.7141 4.3156
v  -1.4766 3.0212 3.7590
v  -1.4585 3.0036 3.6843
v  -1.5532 2.9975 3.6702
v  -1.2631 2.9506 3.7589
v  -1.6385 2.9661 3.6437
v  -1.6466 3.0359 3.7245
v  -1.4682 3.0208 3.8087
v  -1.6722 3.0908 3.8049
v  -1.6953 3.1511 3.8734
v  -0.8664 2.8528 3.9541
v  -0.4176 2.6967 4.1908
v  -1.8109 3.2977 3.9506
v  -1.9202 3.2278 3.8620
v  -1.7865 3.3888 4.1007
v  -1.7583 3.3654 4.0862
v  -1.7105 3.3970 4.1830
v  -1.6811 3.3693 4.1586
v  -1.7018 3.2141 3.9324
v  -1.7019 3.2769 3.9723
v  -1.6178 3.2239 3.9526
v  -1.5987 3.2916 4.0044
v  -1.5132 3.2302 3.9665
v  -1.5023 3.2770 3.9981
v  -1.7296 3.3328 4.0490
v  -1.7176 3.3110 4.0132
v  -1.6225 3.3130 4.0553
v  -1.6378 3.3289 4.0958
v  -1.7228 3.3485 4.0851
v  -1.6525 3.3477 4.1330
v  -1.4771 3.2986 4.0387
v  -1.5035 3.3105 4.0664
v  -1.3048 3.2993 4.1003
v  -1.3182 3.3353 4.1522
v  -1.5787 3.3735 4.2311
v  -1.6112 3.4088 4.2673
v  -1.4024 3.3951 4.3580
v  -1.4400 3.4317 4.4047
v  -1.6398 3.4590 4.2929
v  -1.4743 3.4880 4.4414
v  -1.5302 3.3367 4.1468
v  -1.5508 3.3536 4.1891
v  -1.3503 3.3841 4.2567
v  -1.3733 3.3845 4.3087
v  -1.3313 3.3681 4.2023
v  -1.5179 3.3234 4.1044
v  -1.1068 3.4385 4.6029
v  -0.7828 3.4558 4.9309
v  -0.8445 3.4708 4.9926
v  -1.1594 3.4455 4.6645
v  -1.2079 3.4991 4.7122
v  -0.9006 3.5340 5.0404
v  -0.5465 3.1225 4.5624
v  -0.9487 3.2331 4.2952
v  -0.6031 3.2211 4.6617
v  -0.9817 3.2895 4.3743
v  -0.6620 3.3274 4.7594
v  -1.0188 3.3474 4.4488
v  -1.0504 3.4008 4.5094
v  -0.7130 3.4134 4.8401
v  -0.7449 3.4542 4.8863
v  -1.0743 3.4338 4.5543
v  -0.2800 3.5596 5.5613
v  -0.3635 3.6008 5.6316
v  -0.5670 3.5472 5.3312
v  -0.4997 3.5058 5.2725
v  -0.6229 3.6267 5.3743
v  -0.4243 3.6977 5.6771
v  -0.2008 3.0348 4.8118
v  0.0591 2.9639 5.0186
v  -0.2767 3.1743 4.9378
v  -0.0349 3.1312 5.1728
v  -0.1004 3.3350 5.3224
v  -0.3427 3.3330 5.0641
v  -0.4034 3.4562 5.1713
v  -0.1644 3.4895 5.4525
v  -0.2183 3.5501 5.5155
v  -0.4493 3.5035 5.2277
v  0.5219 3.6149 6.3729
v  0.8636 3.5978 6.6316
v  0.7696 3.5967 6.7257
v  0.4232 3.6257 6.4582
v  1.1890 3.5641 7.0416
v  1.2809 3.5756 6.9358
v  1.0841 3.6144 7.1345
v  0.6674 3.6492 6.8123
v  0.3279 3.6962 6.5313
v  0.8853 3.5531 6.5670
v  0.8979 3.4224 6.4835
v  0.5618 3.5928 6.3057
v  0.5771 3.4671 6.2335
v  1.3224 3.3996 6.7430
v  1.2927 3.5177 6.8655
v  0.0419 3.9201 5.3252
v  0.0703 3.8018 5.2946
v  -0.2655 3.8449 4.9477
v  -0.2903 3.9423 4.9880
v  -0.6383 3.8778 4.5639
v  -0.6308 3.9667 4.5858
v  -0.6453 4.0605 4.6266
v  -0.3127 4.0464 5.0217
v  0.0169 4.0533 5.3427
v  -0.8784 3.8958 4.2260
v  -0.8873 3.9637 4.2513
v  -1.0636 3.9578 3.9863
v  -1.0494 3.9028 3.9675
v  -1.0911 4.0130 4.0071
v  -0.9088 4.0341 4.2850
v  -0.8031 3.5625 3.9946
v  -0.5178 3.4475 4.2626
v  -1.0309 3.6142 3.7937
v  -1.0450 3.6817 3.8760
v  -0.8260 3.6343 4.1059
v  -0.5404 3.5556 4.3877
v  -0.6044 3.7517 4.5145
v  -0.8770 3.7786 4.2021
v  -0.8843 3.8369 4.2184
v  -0.6219 3.8178 4.5384
v  -1.0705 3.7990 3.9486
v  -1.0556 3.8520 3.9566
v  -0.8515 3.7098 4.1678
v  -1.0631 3.7402 3.9246
v  -0.5734 3.6600 4.4680
v  -1.2936 3.9379 3.6801
v  -1.3690 3.9724 3.5864
v  -1.3596 4.0093 3.6395
v  -1.2849 3.9710 3.7096
v  -1.4197 4.0648 3.6103
v  -1.4639 4.0176 3.5172
v  -1.3958 4.0712 3.7158
v  -1.3323 4.0292 3.7239
v  -1.2773 3.9996 3.7509
v  -1.2471 3.7628 3.5866
v  -1.1587 3.6667 3.6056
v  -1.1376 3.6961 3.5093
v  -1.2326 3.7797 3.4421
v  -1.2087 3.6888 3.7430
v  -1.1655 3.6408 3.7014
v  -1.1830 3.9181 3.7929
v  -1.1863 3.9608 3.8119
v  -1.2110 4.0001 3.8313
v  -1.3242 3.8378 3.3675
v  -1.4248 3.8784 3.2987
v  -1.3958 3.9268 3.4078
v  -1.3042 3.8619 3.4724
v  -1.3023 3.8639 3.5331
v  -1.3420 3.8998 3.5235
v  -1.2947 3.8577 3.6363
v  -1.2904 3.8024 3.6346
v  -1.4267 3.9780 3.4530
v  -1.4983 4.0344 3.3651
v  -1.4922 3.9809 3.3126
v  -1.5256 4.0926 3.4102
v  -1.2939 3.9026 3.6517
v  -1.3667 3.9338 3.5460
v  -1.4867 3.9382 3.2330
v  -1.2064 3.8255 3.7696
v  -1.1945 3.8739 3.7808
v  -1.2200 3.7604 3.7646
v  -1.2318 4.0714 4.0526
v  -1.1426 4.0590 4.0365
v  -1.2639 4.0376 3.8456
v  -1.3354 4.0607 3.8481
v  -1.0407 4.0997 4.4061
v  -0.9658 4.0965 4.3363
v  -0.7239 4.1034 4.7072
v  -0.8110 4.1053 4.7918
v  -1.2278 4.1168 4.3035
v  -1.1170 4.1552 4.5193
v  -1.0868 4.1140 4.4685
v  -1.2441 4.0862 4.1806
v  -0.8589 4.1451 4.8466
v  -0.9023 4.1907 4.8937
v  -0.3858 4.1111 5.0927
v  -0.4841 4.0992 5.1834
v  -0.1603 4.1514 5.5009
v  -0.0534 4.1623 5.4067
v  -0.5425 4.1471 5.2307
v  -0.6129 4.2046 5.2708
v  -0.3225 4.2478 5.5765
v  -0.2306 4.1828 5.5457
v  0.7359 4.1362 6.4609
v  0.6628 4.1666 6.5650
v  0.9699 4.2122 6.7865
v  1.0583 4.1792 6.6857
v  0.7999 4.2701 6.8759
v  0.5195 4.2231 6.6589
v  1.1067 4.3139 7.1207
v  1.3085 4.2702 7.0414
v  1.4152 4.2387 6.9534
v  0.9668 3.8397 7.1963
v  0.5711 3.8509 6.8789
v  0.6045 3.7421 6.8668
v  1.0210 3.7347 7.1754
v  0.2754 3.7818 6.5756
v  0.2431 3.8757 6.5918
v  -0.9524 3.7025 5.0714
v  -0.9286 3.6207 5.0586
v  -0.6572 3.7025 5.3953
v  -0.6934 3.7742 5.4142
v  -0.4613 3.7740 5.6956
v  -0.4968 3.8414 5.7088
v  -1.5003 3.5522 4.4682
v  -1.6627 3.5120 4.3124
v  -1.6777 3.5673 4.3273
v  -1.5135 3.6179 4.4829
v  -1.2415 3.5729 4.7428
v  -1.2576 3.6520 4.7549
v  -1.5183 3.6712 4.4930
v  -1.6853 3.6202 4.3429
v  -1.5102 3.7287 4.4866
v  -1.6802 3.6724 4.3589
v  -1.8074 3.6373 4.2937
v  -1.7926 3.5737 4.2525
v  -1.8749 3.5387 4.1744
v  -1.9018 3.5901 4.1939
v  -1.2653 3.7173 4.7590
v  -1.2793 3.7763 4.7634
v  -0.9699 3.7771 5.0770
v  -1.0063 3.8457 5.0942
v  -1.6611 3.7246 4.3805
v  -1.7232 3.7303 4.3746
v  -1.5267 3.7856 4.4978
v  -1.5808 3.8473 4.5350
v  -1.3781 4.0517 3.9510
v  -1.3536 4.0848 4.0708
v  -1.4268 4.1130 4.0490
v  -1.4650 4.0693 3.9122
v  -1.3426 4.1785 4.2599
v  -1.2948 4.1347 4.2539
v  -1.5621 4.1232 3.8789
v  -1.5224 4.0986 3.8963
v  -1.5102 4.1105 3.8201
v  -1.5327 4.1238 3.7908
v  -1.4694 4.1002 3.8143
v  -1.4891 4.1252 3.7494
v  -1.4070 4.0811 3.8295
v  -1.4459 4.1041 3.7235
v  2.6689 3.7707 7.7841
v  2.5988 3.7764 7.8960
v  2.5195 3.7179 7.8583
v  2.6076 3.7042 7.7308
v  2.6982 3.8261 7.8213
v  2.6586 3.8524 7.9037
v  2.5886 3.8806 7.9505
v  2.5172 3.8496 7.9555
v  2.4209 3.8074 7.9291
v  2.5999 4.1499 7.7558
v  2.5245 4.1323 7.8694
v  2.6075 4.0984 7.8796
v  2.6745 4.0394 7.7230
v  2.6329 4.0557 7.6556
v  2.6675 4.0761 7.8108
v  2.5123 4.2050 7.6867
v  2.5677 4.0880 7.5672
v  2.4064 4.1728 7.8217
v  2.3533 3.9978 7.9276
v  2.4798 4.0044 7.9597
v  2.4877 4.0693 7.9250
v  2.3600 4.0907 7.8911
v  2.5953 3.9914 7.9483
v  2.6052 4.0441 7.9222
v  2.7068 3.9649 7.8641
v  2.6994 4.0154 7.8407
v  2.7022 3.9256 7.7233
v  2.6915 3.9822 7.7157
v  2.5893 3.9357 7.9559
v  2.4847 3.9286 7.9684
v  2.3720 3.9058 7.9368
v  2.6930 3.9187 7.8891
v  2.7129 3.8736 7.7709
v  2.6256 3.7615 7.6055
v  2.6789 3.8189 7.6812
v  2.6504 3.8898 7.6214
v  2.5998 3.8548 7.5296
v  2.6338 3.9655 7.6183
v  2.5715 3.9600 7.5295
v  -1.6722 4.4375 4.2452
v  -1.5754 4.5920 4.5524
v  -1.5065 4.5787 4.5311
v  -1.6049 4.4240 4.2212
v  -1.3829 4.7722 4.8987
v  -1.4558 4.8041 4.9221
v  -1.3265 4.7192 4.8826
v  -1.4471 4.5449 4.5109
v  -1.5472 4.3883 4.2010
v  -1.7508 4.4244 4.2490
v  -1.6597 4.5784 4.5539
v  -1.7521 4.5421 4.5763
v  -1.8389 4.3881 4.2749
v  -1.6564 4.7744 4.9597
v  -1.5519 4.8033 4.9320
v  -1.7593 4.1881 3.8542
v  -1.7299 4.3007 4.0139
v  -1.6665 4.2854 3.9964
v  -1.7011 4.1741 3.8415
v  -1.6143 4.2511 3.9880
v  -1.6481 4.1539 3.8388
v  -1.8129 4.1879 3.8658
v  -1.7979 4.2906 4.0232
v  -1.8808 4.2628 4.0543
v  -1.8950 4.1612 3.8804
v  -1.5327 4.1550 3.6844
v  -1.5742 4.1506 3.7511
v  -1.6324 4.1765 3.7210
v  -1.6029 4.2023 3.6151
v  -1.6034 4.1397 3.8551
v  -1.9602 4.0691 3.8392
v  -1.8877 4.1593 3.7617
v  -1.9983 4.1153 3.7166
v  -1.9694 4.1040 3.7666
v  -1.9104 4.2031 3.6818
v  -2.0353 4.1145 3.6574
v  -1.9818 4.2165 3.6589
v  -1.5728 4.1669 3.4574
v  -1.6228 4.2569 3.5030
v  -1.5127 4.1389 3.5481
v  -1.4776 4.1214 3.6310
v  -1.9476 4.3071 3.5870
v  -1.8875 4.3059 3.6018
v  -1.8497 4.3624 3.4878
v  -1.9390 4.3781 3.4914
v  -1.7056 4.1777 3.7182
v  -1.7010 4.2385 3.6329
v  -1.7830 4.2270 3.6473
v  -1.7738 4.1760 3.7319
v  -1.8903 4.3709 3.3500
v  -1.8119 4.3385 3.3086
v  -1.7532 4.3337 3.4324
v  -1.9580 4.3874 3.3859
v  -1.8477 4.2909 3.6188
v  -1.7961 4.3159 3.5826
v  -1.8396 4.2072 3.6641
v  -1.7125 4.3028 3.5439
v  -1.8273 4.1702 3.7469
v  -1.9846 4.0031 3.9274
v  -1.9715 4.0847 4.0099
v  -2.0327 3.9311 4.0166
v  -2.0285 3.9997 4.1212
v  -1.9832 3.6882 4.2190
v  -1.9418 3.6396 4.2066
v  -1.8667 3.6835 4.3077
v  -1.9238 3.7295 4.3284
v  -2.0104 3.7003 4.0608
v  -1.9923 3.6295 4.0678
v  -2.0126 3.7388 4.2389
v  -2.0414 3.7760 4.1727
v  -1.9846 3.7886 4.3308
v  -2.0463 3.8481 4.2913
v  -2.0382 3.8481 4.0970
v  -2.0621 3.7870 4.0029
v  -2.0664 3.9226 4.2176
v  -1.7782 3.8615 4.5824
v  -1.8630 3.7702 4.4350
v  -1.7891 3.7383 4.4039
v  -1.6922 3.8551 4.5377
v  -1.9992 4.0950 4.2694
v  -1.9545 4.1869 4.1533
v  -1.9209 4.3183 4.3695
v  -1.9504 4.2204 4.4813
v  -2.0078 3.9262 4.4231
v  -2.0202 4.0122 4.3597
v  -1.9612 4.1294 4.5605
v  -1.9310 4.0349 4.6028
v  -1.8669 3.9342 4.6079
v  -1.9415 3.8405 4.4426
v  -1.8674 4.3734 4.7752
v  -1.8341 4.4698 4.6678
v  -1.7387 4.6968 5.0493
v  -1.7783 4.5983 5.1504
v  -1.5468 4.2690 5.1978
v  -1.6475 4.3227 5.2366
v  -1.7564 4.1042 4.8709
v  -1.6611 4.0486 4.8293
v  -1.8198 4.2017 4.8738
v  -1.7221 4.4173 5.2423
v  -1.8584 4.2855 4.8439
v  -1.7581 4.5076 5.2114
v  -1.6876 4.9329 5.6056
v  -1.6446 5.0354 5.5206
v  -1.6111 5.2440 6.0132
v  -1.5768 5.3629 5.9389
v  -1.4750 5.4293 5.8544
v  -1.5527 5.0976 5.4406
v  -1.3711 4.7425 6.0808
v  -1.4841 4.8256 6.0904
v  -1.5513 4.5904 5.6846
v  -1.4406 4.5296 5.6560
v  -1.6374 4.6978 5.6835
v  -1.5617 4.9598 6.0710
v  -1.5973 5.1067 6.0483
v  -1.6711 4.8192 5.6541
v  -1.0001 6.1328 7.5696
v  -0.8872 6.2315 7.5084
v  -0.9894 6.0007 7.1987
v  -1.0784 5.9172 7.2475
v  -0.8841 6.0502 7.1559
v  -0.7485 6.2748 7.4548
v  -1.0101 5.8927 6.8821
v  -1.1095 5.8465 6.9222
v  -1.1853 5.7612 6.9711
v  -1.1187 5.6861 7.3799
v  -1.1373 5.8153 7.3179
v  -1.2221 5.6579 7.0449
v  -1.2094 5.5324 7.1092
v  -1.0336 5.8645 7.7004
v  -1.0566 6.0066 7.6385
v  -0.7849 5.6602 7.7350
v  -0.9394 5.7235 7.7489
v  -1.0370 5.5401 7.4142
v  -0.8860 5.4741 7.3749
v  -1.1309 5.3898 7.1236
v  -1.0024 5.3036 7.0785
v  1.3368 0.5706 1.8255
v  1.0976 0.6676 1.8213
v  1.1615 0.7466 1.8251
v  1.3931 0.6420 1.8380
v  1.2158 0.8128 1.8642
v  1.4431 0.7066 1.8671
v  1.2228 0.8125 2.0066
v  1.2355 0.8354 1.9350
v  1.4652 0.7377 2.0090
v  1.4714 0.7455 1.9283
v  1.1908 0.7651 2.0662
v  1.1586 0.7147 2.1397
v  1.3959 0.6542 2.1493
v  1.4225 0.6789 2.0709
v  2.3295 2.0915 4.8464
v  1.9805 2.2223 4.6901
v  1.9821 2.2795 4.7476
v  2.3459 2.1493 4.9017
v  2.3033 2.0068 4.7528
v  1.9633 2.1289 4.6040
v  1.6065 2.3155 4.5724
v  1.5942 2.2155 4.4899
v  2.0224 0.2169 2.2319
v  2.0628 0.1777 2.1522
v  1.9583 0.1417 2.2319
v  2.0104 0.1062 2.1714
v  1.8921 -0.0208 1.9676
v  1.9379 -0.0162 1.8734
v  1.7795 -0.0047 1.9132
v  1.8032 0.0089 1.8201
v  1.9960 0.2293 2.4290
v  1.9649 0.1846 2.2914
v  2.0190 0.2395 2.2927
v  2.0576 0.2714 2.4297
v  3.2514 1.6154 5.5378
v  3.2951 1.6518 5.4785
v  3.0971 1.6071 5.4443
v  3.2067 1.6179 5.3872
v  3.1131 1.6002 5.1515
v  3.2027 1.6617 5.2626
v  3.1366 1.5802 5.3171
v  3.0548 1.5343 5.2051
v  3.0160 1.5890 5.3435
v  2.9417 1.5487 5.2136
v  3.0947 1.5823 5.5584
v  3.2388 1.6059 5.6106
v  3.3227 1.8319 5.8425
v  3.4032 1.9694 5.8128
v  3.3034 2.0667 5.8611
v  3.1967 1.8743 5.8241
v  2.3031 4.2147 7.7653
v  2.4278 4.2424 7.6173
v  2.3391 4.2651 7.5395
v  2.1883 4.2654 7.7013
v  2.5040 4.1204 7.4851
v  2.4322 4.1431 7.4089
v  2.2266 4.1063 7.8531
v  2.2120 3.9710 7.8697
v  2.1017 4.1354 7.8573
v  2.0237 3.9420 7.8659
v  2.4595 3.6102 7.6072
v  2.5251 3.6664 7.4745
v  2.5667 3.7180 7.5402
v  2.5359 3.6660 7.6721
v  2.5548 3.8199 7.4491
v  2.5035 3.7784 7.3527
v  2.5154 3.9551 7.4494
v  2.4528 3.9604 7.3764
v  3.3994 2.1778 5.5331
v  3.4727 2.0796 5.5726
v  3.4588 2.1007 5.6730
v  3.3760 2.2338 5.6933
v  3.4390 2.0590 5.7546
v  3.3787 2.1672 5.8099
v  1.2766 2.5330 5.7733
v  0.9058 2.6222 5.6147
v  1.7368 2.4566 5.9573
v  1.5780 2.7862 6.2571
v  1.1072 2.8060 6.0750
v  0.7458 2.8749 5.8809
v  0.9693 3.1326 6.3253
v  0.6303 3.1881 6.0989
v  1.4333 3.1341 6.5236
v  0.6189 0.4212 1.4161
v  0.8013 0.2606 1.4663
v  0.7178 0.1502 1.2351
v  0.5405 0.3095 1.1993
v  0.9115 0.0030 1.2826
v  1.0194 0.1329 1.5018
v  0.8199 -0.1045 1.0439
v  0.6336 0.0384 1.0052
v  0.4735 0.2065 0.9726
v  0.8698 -0.0696 1.5913
v  0.7920 -0.1923 1.4244
v  0.8974 -0.2523 1.4155
v  0.9775 -0.1289 1.5860
v  1.0846 -0.1814 1.5745
v  1.0015 -0.3043 1.3990
v  1.5107 -0.1695 1.3633
v  1.4898 -0.1961 1.3965
v  1.3642 -0.2895 1.2072
v  1.3833 -0.2665 1.1736
v  1.6235 -0.0708 1.5315
v  1.6040 -0.0950 1.5641
v  1.5661 -0.1157 1.5964
v  1.4537 -0.2183 1.4300
v  1.3364 -0.3129 1.2423
v  1.7009 -0.0278 1.7091
v  1.6699 -0.0427 1.7551
v  1.7136 -0.0050 1.6625
v  1.7177 0.0344 1.6168
v  1.6692 0.0838 1.6163
v  1.6047 -0.0347 1.5101
v  1.5547 -0.0054 1.5061
v  1.4916 -0.1284 1.3386
v  1.3956 -0.2260 1.1337
v  1.3606 -0.1770 1.1035
v  1.4460 -0.1025 1.3263
v  1.2243 0.4216 1.7577
v  0.9903 0.5203 1.7521
v  1.0496 0.6039 1.7996
v  1.2880 0.5093 1.8002
v  0.8419 0.7125 1.7749
v  0.7872 0.6418 1.7183
v  0.8987 0.3928 1.6446
v  0.7040 0.5347 1.5984
v  1.1301 0.2856 1.6587
v  2.8675 1.4038 4.9946
v  2.9638 1.3944 4.9924
v  2.7904 1.1476 4.7414
v  2.8705 1.1668 4.7200
v  3.0297 1.4383 4.9520
v  1.8362 1.7226 4.2362
v  1.7532 1.4341 3.9965
v  2.0446 1.3298 4.1082
v  2.1359 1.5929 4.3825
v  1.9323 1.0815 3.7864
v  1.6513 1.1634 3.7076
v  1.9108 1.9580 4.4452
v  1.5588 2.0504 4.3333
v  2.2346 1.8348 4.5909
v  2.7269 0.9289 4.3827
v  2.5958 0.6798 4.0059
v  2.6835 0.8762 4.4205
v  2.5559 0.6167 4.0442
v  2.1555 0.3301 2.7410
v  2.3141 0.3990 3.1458
v  2.2496 0.3254 3.1651
v  2.0916 0.2901 2.7452
v  2.4793 0.4961 3.5779
v  2.4074 0.4340 3.6109
v  2.5017 0.5851 3.5503
v  1.6179 0.7532 3.0444
v  1.3898 0.8857 2.9916
v  1.5158 0.9822 3.3639
v  1.7663 0.8721 3.4366
v  1.2116 2.2077 5.0889
v  1.5423 2.0713 5.2247
v  1.5187 2.1568 5.2780
v  1.1848 2.3006 5.1379
v  1.9332 2.0117 5.4718
v  1.9327 1.9083 5.4196
v  2.1673 0.2443 1.8569
v  2.1732 0.2679 1.9214
v  2.0930 0.3467 1.9012
v  2.0767 0.3280 1.8349
v  2.1449 0.2074 1.8056
v  2.0543 0.2930 1.7865
v  1.8810 0.0749 2.1836
v  1.9514 0.0546 2.1512
v  1.9062 0.0181 2.1066
v  1.8221 0.0247 2.1286
v  1.7983 -0.0036 2.0434
v  1.8847 -0.0082 2.0446
v  1.4243 0.6589 2.3698
v  1.1993 0.7578 2.3739
v  1.2842 0.8193 2.6413
v  1.5119 0.7115 2.6582
v  1.1632 0.7256 2.2302
v  1.3928 0.6484 2.2237
v  1.1751 0.6288 2.7205
v  1.3638 0.5830 2.7162
v  1.1418 0.4926 2.4755
v  1.3114 0.4482 2.4584
v  1.5034 0.3846 2.4432
v  1.5758 0.5083 2.7191
v  1.2868 0.3830 2.3466
v  1.1309 0.4426 2.3611
v  1.4704 0.3251 2.3207
v  2.3260 3.7676 7.8695
v  2.4398 3.6768 7.7990
v  2.3512 3.6468 7.7367
v  2.2297 3.7304 7.8077
v  2.2503 3.8724 7.8766
v  2.1224 3.8272 7.8418
v  0.8665 3.9745 6.2386
v  1.1717 3.9993 6.4739
v  1.1690 3.8951 6.4456
v  0.8709 3.8623 6.1966
v  1.5395 3.9480 6.6976
v  1.5448 4.0632 6.7165
v  1.5459 3.8566 6.6574
v  1.1719 3.8023 6.3994
v  0.8601 3.7514 6.1623
v  1.1411 4.1402 6.5464
v  0.8262 4.1150 6.3193
v  1.5083 4.2045 6.8055
v  1.5316 2.6083 4.8657
v  1.4830 2.6149 4.9342
v  1.8840 2.5329 5.0361
v  1.9228 2.5137 4.9750
v  1.8108 2.5920 5.1589
v  1.4042 2.6573 5.0594
v  2.2254 2.4790 5.3356
v  2.3041 2.4177 5.2009
v  2.3415 2.3936 5.1363
v  1.8628 2.8572 5.9545
v  2.0756 2.6646 5.5964
v  1.6483 2.7230 5.4175
v  1.4495 2.9153 5.7411
v  1.2490 2.7710 5.3027
v  1.0772 2.9667 5.5863
v  3.1281 1.6610 5.0882
v  3.2143 1.7314 5.1908
v  3.1600 1.8010 5.1363
v  3.0771 1.7239 5.0377
v  2.9990 1.5652 4.8595
v  3.0538 1.5030 4.8958
v  2.0289 1.6161 4.7885
v  1.6600 1.7218 4.6696
v  1.6888 1.9016 4.8669
v  2.0740 1.7963 4.9914
v  1.3616 2.0154 4.7073
v  1.3354 1.8158 4.5470
v  1.3475 2.1305 4.8808
v  1.3628 2.1013 4.8115
v  1.7036 2.0037 4.9540
v  1.6898 2.0488 5.0158
v  2.0913 1.8809 5.0913
v  2.0833 1.9166 5.1507
v  3.0012 2.4516 6.3053
v  2.9623 2.4045 6.3394
v  3.1534 2.2490 6.0188
v  2.9658 2.4926 6.2428
v  3.2310 2.3171 6.0094
v  3.1752 2.3784 5.9360
v  2.7715 2.7435 6.6153
v  2.8243 2.7038 6.7021
v  2.8069 2.5954 6.8174
v  3.3383 2.2402 5.8744
v  3.2913 2.3044 5.7856
v  3.2740 2.1536 5.9146
v  2.3933 2.3873 5.0555
v  1.9833 2.5059 4.9028
v  2.0234 2.4545 4.8297
v  2.4207 2.3371 4.9772
v  1.5913 2.5877 4.7923
v  2.0040 2.3588 4.7947
v  2.3933 2.2437 4.9286
v  1.2804 2.1469 5.0032
v  1.6034 2.0325 5.1401
v  1.5689 2.0334 5.1821
v  1.2452 2.1632 5.0454
v  1.9526 1.8628 5.3537
v  1.9910 1.8774 5.2914
v  1.6516 2.0579 5.0856
v  2.0442 1.9195 5.2272
v  1.3172 2.1422 4.9472
v  2.6323 3.1505 6.9401
v  2.5381 3.4374 7.2917
v  2.6623 3.0845 7.0465
v  2.4922 3.5041 7.1834
v  2.4406 3.3688 7.3439
v  2.5758 3.0089 7.1044
v  2.4428 3.5239 7.5054
v  2.4926 3.6814 7.2928
v  2.5163 3.5986 7.4118
v  0.9428 3.2290 5.8304
v  1.2773 3.1852 6.0453
v  0.8678 3.4852 6.0019
v  1.1806 3.4814 6.2495
v  1.6595 3.1396 6.3140
v  1.5831 3.5230 6.4947
v  1.1691 3.6870 6.3376
v  1.5741 3.7596 6.5678
v  0.8549 3.6457 6.0985
v  2.0003 4.1672 7.8891
v  2.0386 4.2911 7.7552
v  1.7596 4.3129 7.7666
v  1.7628 4.2717 7.9421
v  1.6720 4.1309 8.0275
v  1.8937 4.0108 7.9064
v  0.7539 4.0448 7.2509
v  0.3824 4.0613 6.9345
v  0.5123 3.9327 6.8921
v  0.9042 3.9177 7.2090
v  0.1760 3.9500 6.6150
v  0.0527 4.0618 6.6661
v  -0.8242 5.7828 6.8043
v  -0.7021 5.9451 7.0867
v  -0.6916 5.8019 7.0840
v  -0.8018 5.6396 6.7783
v  -0.5040 6.0048 7.3937
v  -0.5287 6.1497 7.3816
v  -0.4684 5.8820 7.3894
v  -0.6695 5.6718 7.0650
v  -0.7902 5.5044 6.7513
v  -0.7782 6.0390 7.1094
v  -0.6203 6.2542 7.4017
v  -0.9026 5.8818 6.8329
v  1.7720 0.3956 1.7924
v  1.5706 0.4747 1.8246
v  1.6222 0.5319 1.8419
v  1.8216 0.4394 1.8184
v  1.6649 0.5858 1.8651
v  1.8569 0.4806 1.8501
v  1.6650 0.6274 2.0740
v  1.6317 0.6102 2.1478
v  1.8236 0.5433 2.1416
v  1.8551 0.5368 2.0613
v  1.8847 0.5246 1.9768
v  1.7055 0.6543 1.9950
v  2.4156 0.9143 3.9442
v  2.2001 0.9848 3.8769
v  2.3297 1.2191 4.2231
v  2.5715 1.1547 4.2887
v  2.4347 1.4651 4.5190
v  2.7096 1.4166 4.5612
v  3.0023 1.9392 5.1404
v  2.7144 2.0342 5.0303
v  2.7789 2.1385 5.0674
v  3.0917 2.0605 5.1723
v  2.8229 2.2490 5.1326
v  3.1448 2.1836 5.2652
v  1.8452 0.2666 2.4198
v  1.7957 0.1975 2.2943
v  1.8949 0.1718 2.2916
v  1.9343 0.2302 2.4241
v  1.8702 0.1373 2.2440
v  1.7705 0.1592 2.2510
v  2.8063 1.7127 5.5561
v  2.8227 1.7143 5.4680
v  2.9871 1.6188 5.5235
v  2.9758 1.6175 5.6231
v  2.9770 1.6224 5.4210
v  2.8176 1.6947 5.3693
v  2.5561 1.1712 4.7306
v  2.4377 0.9045 4.4190
v  2.5917 0.8723 4.4359
v  2.7075 1.1501 4.7456
v  2.4529 0.6191 4.0610
v  2.3096 0.6773 4.0358
v  2.1272 4.2953 7.5946
v  2.2585 4.2721 7.4620
v  2.1180 4.2576 7.3364
v  1.9934 4.2693 7.4767
v  2.3538 4.1548 7.3362
v  2.2009 4.1443 7.2167
v  3.3200 2.2344 5.4842
v  3.1538 2.2730 5.3960
v  3.1327 2.3511 5.5166
v  3.2814 2.2810 5.6289
v  3.2996 2.1353 5.3464
v  2.5539 2.7386 6.4676
v  2.2288 2.7473 6.2529
v  2.0857 3.1736 6.5381
v  2.3970 3.1578 6.7685
v  2.0101 3.5840 6.7172
v  2.2803 3.5406 6.9947
v  1.1405 -0.1950 1.1170
v  0.9914 -0.1731 1.0862
v  1.0957 -0.0596 1.3130
v  1.2528 -0.0638 1.3182
v  1.2211 0.0877 1.5020
v  1.3805 0.0736 1.4927
v  1.7169 0.2186 1.6975
v  1.8237 0.2774 1.7392
v  1.6991 0.3514 1.7629
v  1.6058 0.2863 1.7175
v  1.9062 0.3177 1.7751
v  1.9529 0.3582 1.8049
v  1.9801 0.3933 1.8421
v  1.5113 0.4221 1.7944
v  1.4357 0.3474 1.7432
v  2.0019 0.4151 1.8994
v  1.8809 0.5060 1.9042
v  2.0009 0.4273 1.9746
v  1.9666 0.4420 2.0612
v  1.9345 0.4589 2.1474
v  1.6979 0.6308 1.9130
v  1.9341 0.4702 2.2202
v  1.8248 0.5523 2.2048
v  1.8775 0.5955 2.3425
v  1.9836 0.5027 2.3667
v  1.6299 0.6097 2.2116
v  1.6781 0.6553 2.3464
v  2.1818 0.5885 3.1167
v  2.3358 0.6879 3.5691
v  2.2381 0.7229 3.5413
v  2.0767 0.6126 3.1021
v  2.5274 0.8896 3.9715
v  2.6978 1.1313 4.3141
v  2.8403 1.3817 4.5974
v  2.0336 0.7959 3.4896
v  1.8734 0.6764 3.0747
v  3.0093 1.7537 5.0129
v  3.0857 1.8362 5.1106
v  2.9457 1.8815 5.0654
v  2.8782 1.7951 4.9709
v  3.1466 1.8903 5.1967
v  3.2410 2.0094 5.2451
v  2.6775 1.9776 4.9661
v  2.6237 1.8852 4.8827
v  1.4101 -0.1165 1.6593
v  1.5111 -0.0198 1.8222
v  1.3820 0.0206 1.8497
v  1.2873 -0.0860 1.6906
v  1.4634 0.0752 2.0040
v  1.5976 0.0243 1.9778
v  1.6423 0.0058 2.0991
v  1.5042 0.0631 2.1247
v  1.5431 0.0924 2.1958
v  1.6827 0.0387 2.1739
v  1.6915 0.0029 1.9437
v  1.7301 -0.0097 2.0662
v  1.7630 0.0258 2.1490
v  1.6060 -0.0370 1.7910
v  1.5031 -0.1295 1.6300
v  1.7294 0.0979 2.2207
v  1.5848 0.1480 2.2426
v  1.6223 0.2134 2.2638
v  1.6469 0.2538 2.3051
v  1.6921 0.3210 2.4276
v  1.8179 0.0851 2.1999
v  2.7166 1.5973 5.1747
v  2.7774 1.6704 5.2870
v  2.4636 1.7417 5.2160
v  2.4301 1.6772 5.1066
v  2.4818 1.7731 5.2771
v  2.4722 1.8146 5.3636
v  2.4345 1.7854 5.4414
v  2.9281 1.6167 5.3326
v  2.8652 1.5738 5.1960
v  2.0395 0.3879 3.1667
v  2.1633 0.4879 3.6174
v  1.9501 0.5711 3.5852
v  1.8584 0.4822 3.1441
v  2.0746 0.7623 3.9849
v  2.1862 0.9964 4.3427
v  2.2922 1.2621 4.6410
v  2.3006 0.4347 3.6287
v  2.1575 0.3361 3.1734
v  2.7984 1.7664 5.6904
v  2.8621 1.8923 5.7817
v  2.4411 1.9414 5.6277
v  2.4053 1.8252 5.5680
v  2.9250 2.0156 5.8624
v  2.4533 2.0202 5.7436
v  2.4489 2.0492 5.7967
v  2.8495 2.1634 6.0092
v  2.3854 2.1303 5.8988
v  2.9294 2.0718 5.9052
v  3.1670 2.0424 5.8653
v  3.1709 2.1196 5.9144
v  3.0762 2.2324 6.0223
v  3.0850 1.8888 5.8069
v  2.9846 1.7200 5.7826
v  2.1454 3.3316 7.2432
v  2.1246 3.4757 7.4036
v  1.7706 3.5419 7.1257
v  1.8000 3.4058 6.9772
v  2.1252 3.5506 7.4887
v  1.7486 3.5866 7.2301
v  1.6527 3.5674 7.3499
v  2.0449 3.5955 7.5838
v  1.9253 3.6483 7.6718
v  1.5351 3.6001 7.4502
v  2.3297 3.5816 7.5834
v  2.2480 3.6238 7.6866
v  2.1278 3.6956 7.7643
v  2.3318 3.4921 7.5027
v  2.3467 3.3440 7.3295
v  1.4377 3.7082 7.5096
v  1.8121 3.7435 7.7285
v  1.7066 3.8336 7.7665
v  1.3475 3.7995 7.5504
v  1.2767 3.8790 7.5556
v  1.6141 3.9118 7.7843
v  1.4230 4.0838 7.7954
v  1.1194 4.0478 7.5648
v  1.8984 3.8759 7.8519
v  1.7937 3.9430 7.8906
v  1.5719 4.0892 7.9157
v  2.0113 3.7899 7.8110
v  -0.6571 5.8706 8.0728
v  -0.7886 5.9369 8.0650
v  -0.6683 6.1012 8.3282
v  -0.5584 6.0328 8.3493
v  -0.7348 6.2070 8.2782
v  -0.8872 6.0527 8.0249
v  -0.7353 6.3140 8.2193
v  -0.9090 6.1869 7.9663
v  -0.8583 6.3137 7.9001
v  -0.6890 6.4122 8.1633
v  -0.5800 6.4782 8.1111
v  -0.7315 6.3939 7.8389
v  -0.5911 6.4182 7.7882
v  -0.4608 6.5055 8.0630
v  -0.4780 6.3872 7.7407
v  -0.3648 6.4843 8.0122
v  -0.2968 6.4041 7.9915
v  -0.3931 6.3006 7.7155
v  -0.3458 6.1791 7.7256
v  -0.2612 6.2990 8.0137
v  -0.2528 6.1977 8.0545
v  -0.3396 6.0618 7.7540
v  1.6167 4.3023 7.6193
v  1.8656 4.2739 7.5459
v  1.6202 4.2689 7.3219
v  1.4033 4.3488 7.3805
v  1.7376 4.2410 7.2483
v  1.8409 4.2084 7.1109
v  1.9045 4.1042 6.9956
v  1.9957 4.3029 7.6564
v  1.7251 4.3041 7.7138
v  1.9032 3.9821 6.9775
v  2.2114 4.0032 7.1922
v  2.2203 3.8813 7.1601
v  1.9061 3.8775 6.9479
v  1.9425 3.7700 6.8606
v  2.2397 3.7591 7.1005
v  2.3990 3.7277 7.2247
v  2.4146 3.5164 7.1282
v  2.3938 3.8446 7.2719
v  2.3742 3.9867 7.3070
v  2.9501 2.4293 5.7742
v  3.0718 2.4006 5.6105
v  2.7366 2.4177 5.4099
v  2.6294 2.4319 5.5694
v  2.7895 2.3941 5.3255
v  2.8228 2.3368 5.2262
v  3.2186 2.3341 5.7248
v  3.1027 2.4035 5.8796
v  2.9111 2.5039 6.1952
v  2.7588 2.5053 6.0954
v  2.7165 2.7490 6.5655
v  2.5638 3.1648 6.8728
v  2.4429 2.5234 5.8804
v  2.4630 3.0046 7.0685
v  2.2485 2.9949 6.9998
v  2.4115 2.5855 6.7018
v  2.6469 2.5864 6.7717
v  2.8810 2.3850 6.3438
v  2.6497 2.3259 6.3169
v  2.0271 2.6720 6.5078
v  2.2259 2.3664 6.1650
v  1.8797 3.0632 6.7837
v  1.3719 -0.0722 1.3145
v  1.2664 -0.1805 1.1109
v  1.4874 0.0333 1.4985
v  1.3196 -0.2382 1.5056
v  1.3999 -0.2354 1.4667
v  1.2921 -0.3386 1.2834
v  1.2207 -0.3565 1.3293
v  1.1154 -0.3455 1.3714
v  1.2062 -0.2228 1.5474
v  1.3385 0.2362 1.6371
v  1.4996 0.1944 1.6226
v  1.6032 0.1340 1.6230
v  2.9379 1.5973 4.8334
v  2.8129 1.6444 4.7839
v  2.5445 1.7102 4.7243
v  2.6477 1.4206 4.9821
v  2.3790 1.5120 4.8945
v  2.7960 1.4062 4.9930
v  1.9431 0.3522 2.7299
v  1.7777 0.4194 2.7255
v  2.0330 0.3096 2.7382
v  2.0665 0.5394 2.6894
v  1.9591 0.5980 2.6699
v  1.7556 0.6461 2.6636
v  2.9644 1.6436 5.7022
v  2.7933 1.7250 5.6147
v  2.4109 1.7854 5.5012
v  -2.1591 3.6657 3.9742
v  -2.1337 3.6019 3.9900
v  -2.2535 3.6489 3.9410
v  -2.2613 3.5983 3.9197
v  -2.3241 3.6186 3.6486
v  -2.1984 3.6809 3.6158
v  -2.2353 3.7668 3.6445
v  -2.3693 3.7074 3.6896
v  -2.3947 3.5943 3.8154
v  -2.4199 3.6451 3.7544
v  -2.3650 3.5590 3.7124
v  -2.3499 3.5139 3.7730
v  -2.3773 3.7854 3.7478
v  -2.2452 3.8290 3.7128
v  -2.3442 3.8358 3.7953
v  -2.2482 3.8746 3.7870
v  -2.4295 3.7302 3.8101
v  -2.4045 3.6729 3.8638
v  -2.3576 3.7535 3.9120
v  -2.3712 3.8083 3.8543
v  -2.2360 3.8411 3.9473
v  -2.2464 3.8842 3.8649
v  -2.3164 3.6908 3.9295
v  -2.2004 3.7486 3.9747
v  -2.3479 3.6255 3.8891
v  -2.3343 3.5534 3.8607
v  -2.3022 3.4787 3.8308
v  -1.4906 4.1441 4.0339
v  -1.5429 4.1794 4.0194
v  -1.4568 4.2965 4.2569
v  -1.4025 4.2245 4.2488
v  -1.5055 4.3433 4.2054
v  -1.5792 4.2148 4.0005
v  -1.3002 4.6543 4.9003
v  -1.2751 4.5936 4.9337
v  -1.3637 4.4564 4.5669
v  -1.4073 4.4925 4.5202
v  -1.2015 4.2611 4.5864
v  -1.1543 4.2052 4.5627
v  -0.9637 4.2599 4.9424
v  -1.0361 4.3356 4.9753
v  -1.2598 4.3192 4.5771
v  -1.3010 4.3825 4.5872
v  -1.1768 4.4661 4.9638
v  -1.1108 4.4012 4.9735
v  -1.3017 4.4523 4.6718
v  -1.2262 4.5368 4.9745
v  0.3881 4.6928 7.2634
v  0.7472 4.4530 7.2082
v  0.4944 4.4372 6.9453
v  0.1743 4.6569 6.9916
v  0.2419 4.3763 6.7352
v  -0.0474 4.5872 6.7779
v  -0.3771 5.6986 7.3698
v  -0.5780 5.4874 7.0422
v  -0.6413 5.5902 7.0477
v  -0.4365 5.8101 7.3788
v  -0.7748 5.4211 6.7361
v  -0.7278 5.3228 6.7475
v  -0.2520 4.7759 6.8044
v  -0.0564 4.8590 7.0294
v  -0.2367 5.0725 7.0441
v  -0.4194 4.9587 6.8085
v  -0.0473 5.1886 7.3331
v  0.1386 4.9312 7.3066
v  -0.2288 5.4706 7.3508
v  -0.4272 5.2979 7.0453
v  -0.5954 5.1533 6.7824
v  0.9952 4.5038 7.4764
v  0.5600 4.7154 7.5799
v  0.6973 4.7550 7.8408
v  1.1652 4.4952 7.7245
v  -0.1636 5.9917 8.0809
v  -0.2504 5.8681 7.7513
v  -0.3129 5.9927 7.7580
v  -0.2260 6.1310 8.0735
v  0.2499 5.3678 7.9822
v  0.1076 5.2798 7.6827
v  -0.0983 5.5968 7.7275
v  0.0140 5.7015 8.0491
v  0.2986 4.9907 7.6374
v  0.4404 5.0615 7.9150
v  1.2496 4.4789 7.8561
v  1.2396 4.4802 7.8328
v  0.7561 4.7668 7.9686
v  0.7616 4.7784 8.0102
v  0.3535 5.4336 8.1627
v  0.5210 5.1055 8.0766
v  0.5555 5.1275 8.1821
v  0.3963 5.4607 8.2961
v  0.7656 4.7871 8.1395
v  1.2419 4.4718 7.9757
v  1.1594 4.3956 8.0019
v  0.6640 4.7217 8.1557
v  0.3453 5.4344 8.4272
v  0.5129 5.0975 8.2951
v  0.3957 5.0418 8.3057
v  0.2161 5.3767 8.4350
v  1.1043 4.3941 7.9571
v  0.9887 4.3787 7.8688
v  0.5923 4.6799 8.1317
v  0.4742 4.6174 8.0430
v  0.0287 5.2584 8.2112
v  0.1913 4.9218 8.1478
v  0.3050 4.9858 8.2691
v  0.1298 5.3277 8.3570
v  -0.4584 5.7376 8.0545
v  -0.5715 5.8271 8.0810
v  -0.7040 5.6138 7.7341
v  -0.6129 5.5301 7.7140
v  -0.3371 5.8975 8.3331
v  -0.4612 6.0008 8.3550
v  0.2660 4.5363 7.8430
v  0.7262 4.2976 7.6729
v  0.4236 4.2690 7.3752
v  0.0615 4.5284 7.5191
v  0.0038 4.8334 7.9311
v  -0.1415 5.1547 7.9686
v  -0.2863 5.0774 7.6137
v  -0.1542 4.7994 7.5893
v  -0.4579 5.3345 7.6661
v  -0.2936 5.4914 8.0046
v  -0.1381 5.6345 8.2569
v  -0.9337 5.2347 7.0612
v  -0.8153 5.4192 7.3660
v  -0.7481 5.3323 7.3552
v  -0.8704 5.1461 7.0488
v  -0.1809 4.4911 7.1988
v  0.1111 4.2607 7.0619
v  -0.1828 4.2120 6.8015
v  -0.4045 4.4338 6.9147
v  -0.3607 4.7215 7.2602
v  -0.4950 4.9375 7.2937
v  -0.6603 4.8134 6.9968
v  -0.5484 4.6336 6.9677
v  -0.7735 4.9948 7.0257
v  -0.6313 5.1573 7.3271
v  -0.6222 4.3391 6.5113
v  -0.4607 4.1731 6.4147
v  -0.3487 4.2037 6.5773
v  -0.5361 4.3860 6.6852
v  -0.2939 4.0490 6.3157
v  -0.1581 4.0629 6.4646
v  -0.6586 4.5598 6.7451
v  -0.7524 4.7205 6.7795
v  -0.8164 4.6436 6.6229
v  -0.7317 4.4961 6.5792
v  -1.4787 4.2260 5.1862
v  -1.3677 4.4873 5.6375
v  -1.4055 4.1954 5.2002
v  -1.3058 4.4278 5.6400
v  -1.2168 4.6268 6.0393
v  -1.2864 4.6977 6.0529
v  -1.4933 4.0026 4.8507
v  -1.3473 4.0078 4.9913
v  -1.3066 4.1634 5.2519
v  -1.3443 3.9009 4.8388
v  -1.1332 3.9804 5.1745
v  -1.1892 4.0633 5.2455
v  -1.2093 4.1618 5.3711
v  -1.3160 3.8291 4.7787
v  -1.0678 3.9108 5.1264
v  -1.5869 4.0174 4.8090
v  0.7441 -0.6009 0.5211
v  0.7255 -0.6311 0.4591
v  0.8037 -0.6585 0.4533
v  0.8276 -0.6317 0.5109
v  0.9011 -0.7015 0.4436
v  0.9752 -0.6516 0.4702
v  0.9037 -0.6521 0.5041
v  0.8595 -0.6736 0.4512
v  0.7867 -0.4967 0.1241
v  0.9342 -0.5017 0.1747
v  0.9369 -0.5227 0.1043
v  0.6213 -0.4147 0.0674
v  0.8005 -0.4949 0.0551
v  0.6434 -0.4049 0.0138
v  0.6252 -0.3820 0.1361
v  0.7960 -0.4534 0.1970
v  0.9452 -0.4603 0.2483
v  0.8208 -0.4607 -0.0030
v  0.6634 -0.3756 -0.0296
v  0.9552 -0.4997 0.0336
v  0.4589 -0.2721 0.0415
v  0.4781 -0.2633 -0.0069
v  0.3165 -0.1091 -0.0137
v  0.4641 -0.2470 0.1085
v  0.3252 -0.0980 0.0382
v  0.3261 -0.0858 0.1041
v  0.4965 -0.2368 -0.0459
v  0.3397 -0.0741 -0.0452
v  0.0947 0.1559 0.0677
v  0.1794 0.0259 0.0496
v  0.1782 0.0356 -0.0044
v  0.0836 0.1634 0.0201
v  0.1881 0.0330 0.1186
v  0.1025 0.1538 0.1315
v  0.1952 0.0695 -0.0413
v  0.0917 0.1924 -0.0188
v  0.9830 -0.7187 0.4239
v  1.0261 -0.6137 0.4332
v  0.9680 -0.6771 0.3502
v  1.0038 -0.6196 0.3097
v  1.0604 -0.5761 0.3902
v  1.0467 -0.6774 0.2712
v  1.0847 -0.6175 0.2250
v  1.0424 -0.5723 0.2668
v  1.0532 -0.5281 0.2290
v  1.1055 -0.5563 0.1670
v  1.0684 -0.4777 0.2940
v  1.0847 -0.5275 0.3387
v  1.0341 -0.5206 0.1352
v  1.0196 -0.5053 0.2013
v  1.0244 -0.4632 0.2731
v  1.0528 -0.5199 0.0650
v  1.1298 -0.5574 0.0831
v  -0.4243 0.4134 0.0922
v  -0.4040 0.4542 0.0343
v  -0.5606 0.4969 0.0376
v  -0.5828 0.4484 0.0922
v  -0.7015 0.5601 0.0528
v  -0.7240 0.5105 0.0936
v  -0.8998 0.5864 0.1468
v  -0.9208 0.5379 0.1700
v  -0.8463 0.5583 0.1914
v  -0.8250 0.5338 0.1259
v  -0.7356 0.5641 0.2138
v  -0.7177 0.5109 0.1459
v  -1.0076 0.5449 0.2150
v  -0.9523 0.5562 0.2731
v  -1.1062 0.5770 0.2957
v  -1.0268 0.5806 0.4268
v  -0.8935 0.5838 0.3245
v  -1.0672 0.5461 0.3630
v  -1.1612 0.5345 0.4311
v  -1.1362 0.5871 0.5065
v  -1.1828 0.5804 0.3607
v  -1.2439 0.5858 0.4186
v  -1.2263 0.5546 0.4791
v  -1.2097 0.5923 0.5418
v  -1.1242 0.8554 1.2941
v  -1.0864 0.7251 1.1192
v  -1.0986 0.6496 1.1642
v  -1.0952 0.8281 1.3674
v  -1.0397 0.8029 1.4296
v  -1.0225 0.6385 1.2426
v  0.9260 0.2511 2.2107
v  0.9538 0.2898 2.2918
v  0.8566 0.2786 2.3117
v  0.9085 0.2671 2.0772
v  0.8296 0.2556 2.2105
v  0.8141 0.2927 2.0753
v  0.9872 0.3699 2.3213
v  1.0162 0.4543 2.3165
v  0.9304 0.4813 2.3365
v  0.8983 0.3771 2.3514
v  0.1629 1.1897 1.8297
v  0.1456 1.1516 1.7752
v  -0.0149 1.2355 1.7753
v  -0.0036 1.2789 1.8310
v  0.9159 2.1985 4.7438
v  1.0916 2.1929 4.8314
v  1.0537 2.2050 4.9052
v  0.8685 2.2029 4.8439
v  1.1203 2.1838 4.7503
v  0.9443 2.1940 4.6518
v  1.1213 2.1446 4.6817
v  1.1070 2.0468 4.6008
v  0.9278 2.1390 4.5996
v  0.9109 2.0513 4.5301
v  0.0065 2.8335 3.9603
v  0.3480 2.7038 4.1050
v  0.3431 2.6352 4.0533
v  0.0042 2.7644 3.9096
v  0.0057 2.6865 3.8486
v  0.3384 2.5595 3.9903
v  0.0092 1.3657 2.1556
v  0.0123 1.3631 2.0926
v  0.1953 1.2713 2.1194
v  0.1908 1.2815 2.1817
v  0.2146 1.2975 2.0635
v  0.0313 1.3914 2.0355
v  -0.1117 3.9348 6.2196
v  0.0364 3.9187 6.3711
v  -0.0398 3.9763 6.4057
v  -0.1832 3.9848 6.2542
v  -1.1935 5.7425 6.7351
v  -1.2613 5.6563 6.7766
v  -1.0990 5.7974 6.6920
v  -1.1716 5.7481 6.5410
v  -1.2806 5.6946 6.5931
v  -1.3520 5.5955 6.6360
v  -0.9830 5.7898 6.6319
v  -1.0410 5.7370 6.4709
v  -0.9032 5.6771 6.5977
v  -0.9442 5.6201 6.4215
v  -0.8557 5.3974 6.5343
v  -0.8733 5.5327 6.5624
v  -0.8977 5.4675 6.3820
v  -0.8956 5.3236 6.3676
v  -0.8435 5.3167 6.5306
v  -0.8922 5.2429 6.3791
v  -0.7994 5.2282 6.5462
v  -0.8489 5.1612 6.3966
v  0.5644 3.7255 5.7948
v  0.6806 3.7306 5.9541
v  0.6824 3.6397 5.9041
v  0.5752 3.6457 5.7596
v  0.6934 3.5142 5.8244
v  0.5792 3.5404 5.7029
v  0.9843 2.8050 4.7244
v  0.9367 2.8324 4.8130
v  1.1703 2.7247 4.8681
v  1.2186 2.7034 4.7881
v  1.0964 2.7695 4.9911
v  0.8739 2.8852 4.9304
v  1.0587 2.8337 4.6039
v  1.2826 2.6998 4.6914
v  -0.9069 4.6717 5.6823
v  -0.8016 4.5777 5.6818
v  -0.9466 4.4975 5.3569
v  -1.0361 4.5726 5.3491
v  -0.8470 4.4120 5.3516
v  -0.6754 4.4714 5.6694
v  -0.4991 4.3404 5.6308
v  -0.7249 4.3038 5.3167
v  0.6894 3.1607 5.3583
v  0.6124 3.3532 5.5647
v  0.7475 3.3008 5.6716
v  0.8457 3.0718 5.4570
v  0.7828 2.9982 5.1304
v  0.9728 2.8853 5.2100
v  -0.0156 0.7951 1.1962
v  -0.1632 0.8724 1.1975
v  -0.2040 0.7595 0.9953
v  -0.0660 0.6821 0.9950
v  0.7813 0.2878 1.9009
v  0.8822 0.2406 1.9002
v  0.8196 0.1298 1.7367
v  0.7051 0.1907 1.7405
v  0.4860 -0.0015 1.4123
v  0.5453 0.1192 1.5906
v  0.4760 0.1637 1.5837
v  0.4195 0.0450 1.3997
v  0.5677 -0.0537 1.4211
v  0.6318 0.0694 1.5930
v  0.6171 0.2362 1.7406
v  0.5436 0.2764 1.7375
v  0.6413 0.3528 2.0340
v  0.6200 0.3626 1.8758
v  0.6961 0.3275 1.8907
v  0.7239 0.3173 2.0586
v  0.5392 0.3992 1.8641
v  0.4718 0.3203 1.7325
v  0.5626 0.3992 2.0113
v  0.6764 -0.1208 1.4250
v  0.7484 0.0037 1.5915
v  0.3551 0.0930 1.3853
v  0.4096 0.2115 1.5738
v  0.2205 -0.2939 0.5649
v  0.1937 -0.3136 0.4847
v  0.2408 -0.3534 0.4783
v  0.2695 -0.3308 0.5640
v  0.2661 0.4337 0.9613
v  0.3278 0.5358 1.1759
v  0.4172 0.4359 1.1823
v  0.3589 0.3383 0.9590
v  0.4922 0.5470 1.3920
v  0.3985 0.6458 1.3825
v  0.1096 0.5629 0.9764
v  0.1798 0.6895 1.1694
v  0.2534 0.6196 1.1700
v  0.1853 0.5048 0.9674
v  0.3160 0.7257 1.3774
v  0.2329 0.7888 1.3801
v  0.0937 0.7412 1.1827
v  0.1427 0.8412 1.3905
v  0.0308 0.6173 0.9884
v  0.2839 0.8801 1.5685
v  0.3741 0.8197 1.5661
v  0.4300 0.9034 1.7056
v  0.3345 0.9667 1.7041
v  0.5333 0.8373 1.7012
v  0.4672 0.7465 1.5680
v  0.1894 0.9355 1.5747
v  0.2343 1.0234 1.7080
v  0.6977 0.8174 1.7582
v  0.6446 0.7500 1.7020
v  0.5803 0.8995 1.7699
v  0.4707 0.9576 1.7873
v  0.3699 1.0218 1.7816
v  0.3998 1.0738 1.8236
v  0.5114 1.0343 1.7897
v  0.5706 0.6543 1.5737
v  0.9186 1.8738 4.4086
v  1.0986 1.8564 4.4630
v  1.0966 1.6191 4.2672
v  0.9368 1.6445 4.2326
v  0.2906 1.1260 1.8275
v  0.2692 1.0871 1.7738
v  1.0927 1.3692 4.0296
v  0.9508 1.4023 4.0012
v  0.9604 1.1763 3.7164
v  1.0852 1.1351 3.7440
v  0.7993 1.6845 4.1903
v  0.8264 1.4439 3.9645
v  0.7131 1.4918 3.9218
v  0.6789 1.7383 4.1375
v  0.7449 1.2661 3.6509
v  0.8502 1.2224 3.6836
v  0.3228 2.4258 3.8658
v  0.0086 2.5470 3.7358
v  0.2982 2.2420 3.7022
v  0.0239 2.3705 3.5717
v  0.6328 1.2994 3.6252
v  0.5932 1.5299 3.8873
v  0.5504 1.7805 4.0969
v  0.2886 2.0399 3.4953
v  0.0461 2.1685 3.3774
v  0.0580 1.9670 3.1684
v  0.2754 1.8408 3.2701
v  0.4654 2.1636 3.7866
v  0.4430 1.9570 3.5720
v  0.5567 1.9003 3.6246
v  0.5812 2.1120 3.8459
v  0.5361 1.7017 3.3738
v  0.4223 1.7587 3.3328
v  0.6518 1.6471 3.4129
v  0.6716 1.8438 3.6768
v  0.7005 2.0630 3.9023
v  0.9620 0.9904 3.3870
v  1.0690 0.9387 3.4127
v  0.9600 0.8351 3.0448
v  1.0550 0.7822 3.0624
v  0.7564 1.0842 3.3382
v  0.8622 1.0456 3.3584
v  0.7508 0.9150 3.0274
v  0.8599 0.8832 3.0318
v  0.6476 1.1181 3.3197
v  0.6435 0.9532 3.0177
v  0.0638 1.8156 2.9432
v  0.2583 1.6860 3.0336
v  0.2274 1.5428 2.8011
v  0.0367 1.6606 2.7329
v  0.4723 1.4089 2.8708
v  0.3669 1.4697 2.8403
v  0.3975 1.6048 3.0851
v  0.5086 1.5483 3.1174
v  0.9780 2.3013 5.0217
v  1.0141 2.2365 4.9671
v  0.8208 2.2497 4.9384
v  0.7846 2.3403 5.0134
v  0.5796 1.3543 2.8973
v  0.6216 1.4950 3.1478
v  0.9118 2.4851 5.1495
v  0.9515 2.4087 5.0686
v  0.7367 2.5539 5.1240
v  0.7633 2.4590 5.0655
v  0.4507 2.4392 4.9360
v  0.5938 2.3625 5.0104
v  0.5958 2.4990 5.0412
v  0.4681 2.5575 4.9610
v  0.6013 2.6083 5.0592
v  0.4757 2.6435 4.9887
v  0.0437 1.4024 1.9699
v  0.2234 1.3131 1.9912
v  0.2173 1.3006 1.9167
v  0.0454 1.3905 1.9032
v  0.3529 2.6150 4.8701
v  0.3304 2.5162 4.8438
v  0.3531 2.6813 4.9141
v  0.6289 0.2941 2.1792
v  0.5403 0.3421 2.1624
v  0.5272 0.3244 2.3284
v  0.6316 0.2790 2.3342
v  0.4314 0.4128 2.1660
v  0.4149 0.4125 2.3188
v  0.1926 1.2498 1.8668
v  0.0296 1.3476 1.8514
v  0.7286 0.2650 2.1977
v  0.7478 0.2701 2.3267
v  0.2667 0.5420 2.3130
v  0.2840 0.6271 2.3714
v  0.4451 0.5095 2.4359
v  0.5721 0.4234 2.4760
v  0.6891 0.3845 2.4628
v  0.6308 0.5727 2.4721
v  0.7415 0.5304 2.4481
v  0.2718 0.5068 2.2076
v  0.7600 0.6758 2.5142
v  0.8605 0.6349 2.4919
v  0.8562 0.7293 2.7294
v  0.7522 0.7687 2.7375
v  0.9565 0.6933 2.7221
v  0.9548 0.5917 2.4752
v  0.8009 0.3773 2.4081
v  0.8399 0.5051 2.3875
v  0.6568 0.7171 2.5310
v  0.6469 0.8101 2.7413
v  1.0364 0.5446 2.4745
v  1.0306 0.4946 2.3608
v  0.9478 0.5304 2.3725
v  0.8552 0.5662 2.4043
v  0.7550 0.5976 2.4477
v  1.0473 0.6528 2.7254
v  0.6477 0.6362 2.4765
v  0.0032 1.3724 2.2203
v  -0.0004 1.4099 2.3289
v  0.1846 1.3144 2.3637
v  0.1884 1.2900 2.2465
v  0.1929 1.3989 2.5696
v  0.0119 1.5145 2.5149
v  -0.2730 3.6994 6.0231
v  -0.1662 3.7396 6.1201
v  -0.2112 3.8330 6.1262
v  -0.3145 3.8015 6.0306
v  -0.0743 3.8612 6.2156
v  -0.0329 3.7759 6.2065
v  -0.2412 3.9072 6.1191
v  -0.3361 3.8802 6.0207
v  -0.0671 3.5794 5.8569
v  -0.1837 3.5901 5.9600
v  -0.2634 3.5844 5.8323
v  -0.1525 3.5742 5.7387
v  -0.3477 3.6869 5.8931
v  0.1175 3.7570 6.3334
v  0.1988 3.6669 6.2786
v  0.0447 3.6735 6.1596
v  0.1431 3.6327 6.0745
v  0.2984 3.6415 6.1953
v  -0.0796 3.6374 6.0622
v  0.0270 3.6069 5.9653
v  0.0765 3.8426 6.3553
v  -0.3826 3.7873 5.9028
v  -0.3999 3.8673 5.8972
v  0.5994 4.0938 6.1718
v  0.4482 4.1130 6.0409
v  0.6786 3.9998 6.0392
v  0.5499 4.0295 5.8828
v  0.3344 4.1185 6.1948
v  0.4983 4.1031 6.3206
v  0.6906 3.8581 5.9843
v  0.5922 3.8770 5.8011
v  0.2526 3.1349 4.5475
v  -0.1126 3.2265 4.3703
v  -0.1449 3.3288 4.5113
v  0.2077 3.2433 4.7055
v  -0.1735 3.4646 4.6630
v  0.1622 3.3847 4.8916
v  -0.0800 3.1726 4.2886
v  -0.0462 3.1308 4.2276
v  0.2868 3.0816 4.4655
v  0.3121 3.0259 4.4096
v  0.6793 2.9525 4.5854
v  0.6324 2.9645 4.6623
v  0.7725 2.9163 4.7404
v  0.8297 2.9195 4.6556
v  0.7199 2.9696 4.8473
v  0.5876 3.0172 4.7592
v  0.4549 3.0621 4.6713
v  0.3952 3.1659 4.8439
v  0.5182 3.1193 4.9405
v  0.3306 3.3039 5.0515
v  0.4459 3.2619 5.1539
v  0.4950 3.0118 4.5822
v  0.5291 2.9729 4.5168
v  0.9614 2.3745 4.2547
v  1.2425 2.2978 4.3721
v  1.2113 2.1364 4.2284
v  0.9168 2.2045 4.1462
v  0.6437 3.0754 5.0360
v  0.5634 3.2216 5.2557
v  0.5356 2.4955 4.0680
v  0.5056 2.3541 3.9493
v  0.6195 2.3042 4.0161
v  0.6602 2.4589 4.1227
v  1.2578 2.4014 4.4439
v  0.9844 2.4781 4.3108
v  0.7837 2.4224 4.1804
v  0.8103 2.5225 4.2244
v  0.6836 2.5515 4.1653
v  0.7141 2.6371 4.1760
v  0.8451 2.6114 4.2376
v  0.7402 2.2600 4.0752
v  0.3194 2.2633 4.2972
v  0.0130 2.3548 4.2204
v  0.0391 2.1908 4.1000
v  0.3395 2.0879 4.1867
v  0.5678 2.6538 4.1526
v  0.5519 2.5795 4.1177
v  0.7532 2.0792 4.4789
v  0.7719 1.9115 4.3580
v  0.6474 1.9654 4.3029
v  0.6275 2.1346 4.4195
v  -0.0027 2.4414 4.2839
v  0.3128 2.3496 4.3603
v  0.3035 2.3959 4.4132
v  -0.0180 2.4845 4.3190
v  0.4943 2.2629 4.4360
v  0.4850 2.2927 4.4923
v  0.4999 2.1880 4.3670
v  0.6222 2.1983 4.4956
v  0.6183 2.2196 4.5512
v  0.5179 2.0125 4.2570
v  0.4178 2.7626 5.0903
v  0.5302 2.7359 5.1692
v  0.4259 2.8730 5.3211
v  0.3214 2.8984 5.2325
v  0.5336 2.8147 5.4160
v  0.6479 2.6721 5.2494
v  0.4133 3.0301 5.6144
v  0.3139 3.0735 5.5055
v  0.2165 3.0935 5.4074
v  0.7603 2.1486 4.5509
v  0.7700 2.1784 4.6015
v  0.3041 2.7885 5.0134
v  0.2141 2.9207 5.1471
v  0.1131 3.1063 5.3144
v  0.8133 2.5838 5.3036
v  0.8776 2.5222 5.2078
v  0.7057 2.6037 5.1703
v  0.5833 2.6680 5.0950
v  0.4633 2.6950 5.0218
v  0.6819 2.7336 5.4990
v  0.5488 2.9750 5.7194
v  0.3708 3.0011 4.3115
v  0.0016 3.0981 4.1502
v  0.0631 3.0879 4.0465
v  0.4263 2.9705 4.1914
v  0.3407 2.7205 4.9516
v  0.9184 2.7565 4.2524
v  0.7798 2.7864 4.1903
v  0.7858 2.8940 4.3263
v  0.9250 2.8560 4.3887
v  0.0532 2.9687 3.9768
v  0.4177 2.8521 4.0938
v  0.6496 2.9309 4.2628
v  0.6391 2.8087 4.1423
v  0.7446 2.9488 4.4649
v  0.5912 2.9556 4.4063
v  -0.1404 2.5600 4.5412
v  -0.0983 2.5292 4.4477
v  0.1822 2.3991 4.5945
v  0.1407 2.4656 4.6941
v  0.8911 2.9128 4.5300
v  0.6223 2.2412 4.9284
v  0.4687 2.3199 4.8583
v  0.5257 2.2582 4.7386
v  0.6813 2.1879 4.8030
v  -0.0495 2.5180 4.3727
v  0.2499 2.3980 4.4968
v  0.3842 2.3340 4.6747
v  0.4450 2.3170 4.5760
v  0.5816 2.2356 4.6343
v  0.3287 2.3938 4.7861
v  0.0057 3.5764 5.7958
v  0.1001 3.5991 5.8971
v  0.1485 3.5006 5.8302
v  0.0570 3.4944 5.7291
v  0.2617 3.5146 5.9279
v  0.2124 3.6180 6.0036
v  0.7375 2.1808 4.6899
v  -0.0259 3.5007 5.6180
v  -0.0844 3.5651 5.6877
v  0.3924 3.5087 6.0468
v  0.4517 3.2616 5.9098
v  0.3221 3.2882 5.7954
v  0.2203 3.3052 5.6875
v  0.1349 3.3213 5.5800
v  0.3625 3.6343 6.1172
v  0.0827 3.6481 5.2012
v  -0.2391 3.7063 4.8749
v  -0.2506 3.7785 4.9171
v  0.0831 3.7302 5.2586
v  -0.2109 3.5935 4.7887
v  0.1078 3.5169 5.0734
v  0.0419 3.3295 5.4778
v  0.4947 3.3922 5.4591
v  0.3796 3.4201 5.3565
v  0.3577 3.5822 5.4927
v  0.4681 3.5625 5.5947
v  0.2493 3.6033 5.3892
v  0.2557 3.6953 5.4480
v  0.3641 3.6770 5.5457
v  0.2562 3.7754 5.4734
v  0.3672 3.7575 5.5668
v  0.2706 3.4529 5.2504
v  -0.3162 4.4900 6.3948
v  -0.0753 4.3132 6.3567
v  -0.1844 4.3095 6.1836
v  -0.4090 4.4769 6.2214
v  0.0330 4.2028 6.1349
v  0.1496 4.1883 6.3068
v  -0.0643 4.2252 5.9646
v  -0.2750 4.3250 6.0144
v  -0.4915 4.4764 6.0553
v  0.4662 3.6572 5.6481
v  0.4627 3.7370 5.6721
v  -0.3626 4.3449 5.8460
v  -0.5699 4.4817 5.8889
v  -0.1556 4.2606 5.7910
v  0.2644 4.1422 6.2655
v  0.4289 4.1281 6.4115
v  0.3018 4.1818 6.4835
v  0.0584 4.3336 6.5414
v  -0.2016 4.5319 6.5781
v  -0.5339 3.8995 5.7283
v  -0.7277 3.8384 5.4324
v  -0.7818 3.9101 5.4630
v  -0.6052 3.9712 5.7728
v  -0.7476 4.2911 6.2581
v  -0.5956 4.1408 6.1638
v  -0.5334 4.1601 6.2787
v  -0.6859 4.3155 6.3721
v  -0.3755 4.0453 6.1833
v  -0.4395 4.0281 6.0678
v  -0.3624 3.9503 6.0239
v  -0.4226 3.9373 5.9030
v  -0.4980 4.0149 5.9481
v  -0.8810 4.0006 5.5221
v  -0.9846 4.1026 5.5837
v  -0.7414 4.0850 5.8587
v  -0.8769 4.2219 5.9426
v  -0.6508 4.1312 6.0445
v  -0.8007 4.2775 6.1383
v  -0.2845 3.9739 6.1317
v  -1.2230 5.1174 6.7359
v  -1.1065 5.0268 6.6922
v  -1.0156 5.1301 6.8329
v  -1.1049 5.2160 6.8607
v  -0.9372 5.0198 6.8197
v  -1.0020 4.9114 6.6658
v  -1.3463 4.8952 6.4946
v  -1.2187 4.8425 6.4429
v  -1.1781 4.9182 6.5769
v  -1.3098 4.9933 6.6320
v  -1.0527 4.8423 6.5224
v  -1.1014 4.7886 6.3904
v  -0.9072 4.7814 6.6481
v  -0.8506 4.8756 6.8059
v  -1.0908 4.8730 5.6709
v  -1.1848 4.7390 5.3276
v  -1.2051 4.8112 5.3055
v  -1.1235 4.9443 5.6601
v  -1.2099 4.8921 5.2930
v  -1.1296 5.0314 5.6622
v  -1.2436 4.7971 6.2924
v  -1.1471 4.7398 6.2543
v  -1.3558 4.8352 6.3361
v  -0.9495 5.0351 6.0594
v  -1.0114 4.9670 5.8928
v  -1.0497 5.0372 5.8848
v  -0.9916 5.1062 6.0491
v  -1.0578 5.1243 5.8870
v  -0.9903 5.1919 6.0408
v  -1.0112 4.7753 5.6789
v  -1.1208 4.6557 5.3407
v  -1.1998 5.3364 5.7377
v  -1.3281 5.0763 5.3623
v  -1.4378 5.1110 5.3954
v  -1.3310 5.4305 5.7824
v  -1.2482 4.9969 5.3159
v  -1.1372 5.1843 5.6902
v  -0.9444 5.1724 6.2180
v  -0.8976 5.0981 6.2312
v  -0.9256 5.2588 6.1976
v  -1.5671 5.4886 6.3980
v  -1.5425 5.3307 6.4259
v  -1.4634 5.4111 6.5482
v  -1.4683 5.5476 6.5214
v  -1.4400 5.2788 6.5760
v  -1.4967 5.1846 6.4441
v  -1.3574 5.3697 6.7107
v  -1.3663 5.4861 6.6722
v  -1.5669 5.2529 6.2800
v  -1.5171 5.1033 6.2958
v  -1.6006 5.4080 6.2500
v  -1.2183 5.3109 6.9002
v  -1.2815 5.4419 6.8859
v  -1.3148 5.2372 6.7420
v  -1.3957 5.1332 6.6145
v  -1.4442 5.0284 6.4822
v  -1.2818 5.5562 6.8310
v  -0.7050 4.7901 6.2460
v  -0.8166 4.9573 6.2424
v  -0.7597 5.0091 6.4133
v  -0.6363 4.8287 6.4213
v  -0.7554 4.7652 6.0708
v  -0.8666 4.9104 6.0680
v  -1.4612 4.9480 6.3305
v  -0.9278 4.8560 5.9000
v  -0.8169 4.7319 5.9022
v  -0.4936 4.6611 6.4141
v  -0.3915 4.7095 6.6004
v  -0.5446 4.8829 6.6028
v  -0.6409 4.6232 6.0703
v  -0.5728 4.6363 6.2387
v  -0.6937 5.0673 6.5802
v  -1.1278 4.5303 6.0367
v  -1.0623 4.6207 6.2503
v  -0.9726 4.5013 6.2367
v  -1.0372 4.4241 6.0288
v  -0.9207 4.5461 6.3607
v  -1.0058 4.6742 6.3756
v  -0.7080 4.6119 5.9023
v  -0.9512 4.7259 6.5021
v  -0.8619 4.5971 6.4800
v  -0.9633 4.3295 5.9974
v  -1.0625 4.1930 5.6312
v  -1.1354 4.2755 5.6573
v  -0.8437 4.4246 6.3214
v  -0.8947 4.3959 6.1995
v  -1.2226 4.3556 5.6534
v  -0.7835 4.4625 6.4372
v  -0.0881 0.3432 0.0189
v  -0.0948 0.3245 0.0725
v  -0.0407 0.2805 0.0535
v  -0.1639 0.3766 0.0241
v  -0.1741 0.3561 0.0829
v  0.0178 0.2395 0.0401
v  0.0230 0.2630 -0.0018
v  -0.0299 0.3070 0.0115
v  -0.2690 0.4185 0.0314
v  -0.2859 0.3846 0.0888
v  0.4559 1.2198 1.8954
v  0.4690 1.2568 1.9809
v  0.5849 1.2441 1.9654
v  0.5682 1.1972 1.8700
v  0.5794 1.2293 2.0696
v  0.4660 1.2521 2.0726
v  0.3575 1.2725 1.9923
v  0.3541 1.2672 2.0736
v  0.3461 1.2467 1.9140
v  0.4315 1.1532 1.8434
v  0.5426 1.1193 1.8138
v  0.3200 1.1874 1.8672
v  0.3347 1.2324 2.1326
v  0.3139 1.2003 2.1919
v  0.4262 1.1675 2.2013
v  0.4493 1.2191 2.1420
v  0.4383 1.2038 2.4178
v  0.3214 1.2437 2.3961
v  0.3365 1.3349 2.6010
v  0.4496 1.2867 2.6258
v  0.5368 1.1392 2.2125
v  0.5215 1.1073 2.3038
v  0.4214 1.1542 2.2900
v  0.5411 1.1610 2.4363
v  0.5603 1.1887 2.1471
v  0.3165 1.2125 2.2713
v  0.5504 1.2321 2.6508
v  0.1428 4.1603 6.1044
v  0.2169 4.1456 6.0432
v  0.0487 4.1971 5.9326
v  0.1281 4.1976 5.8763
v  0.3974 3.9143 5.5520
v  0.4988 3.8966 5.6633
v  0.3573 4.0846 5.6091
v  0.4526 4.0606 5.7414
v  0.0332 4.2319 5.7048
v  0.1510 4.2280 5.5892
v  0.2596 4.2116 5.7397
v  0.2391 4.0904 5.4914
v  -0.0471 4.2260 5.7578
v  0.3500 4.1672 5.8940
v  0.2737 3.9240 5.4587
v  -1.3976 5.6900 6.4601
v  -1.2541 5.7519 6.3800
v  -1.3384 5.7297 6.2158
v  -1.5081 5.6647 6.3164
v  -1.5544 5.5619 6.1670
v  -1.4086 5.6261 6.0735
v  -1.2409 5.5927 6.0001
v  -1.1621 5.6741 6.1404
v  -1.0272 5.5396 6.0863
v  -1.1121 5.4626 5.9562
v  -0.9613 5.5956 6.2394
v  -1.0927 5.7211 6.3001
v  -0.9287 5.4113 6.2114
v  -0.9973 5.3498 6.0603
v  -1.0624 5.2871 5.9133
v  -0.0596 5.7128 8.3968
v  -0.0093 5.7555 8.4245
v  -0.2394 6.0713 8.5510
v  -0.2680 5.9900 8.4685
v  -0.4816 6.1657 8.5704
v  -0.5074 6.1142 8.4881
v  -0.4039 6.0905 8.4920
v  -0.3802 6.1397 8.5761
v  -0.6307 6.3329 8.4973
v  -0.6645 6.2836 8.4088
v  -0.6115 6.1810 8.4633
v  -0.5801 6.2320 8.5466
v  -0.6401 6.4372 8.4456
v  -0.6741 6.3868 8.3539
v  -0.6306 6.4842 8.2958
v  -0.5977 6.5369 8.3897
v  -0.4912 6.6061 8.3367
v  -0.5200 6.5474 8.2422
v  -0.3999 6.5771 8.1906
v  -0.3668 6.6283 8.2886
v  -0.1856 6.5177 8.2122
v  -0.2314 6.4682 8.1178
v  -0.3009 6.5509 8.1381
v  -0.2625 6.5986 8.2374
v  -0.1493 6.4154 8.2350
v  -0.1900 6.3667 8.1430
v  -0.1779 6.2715 8.1942
v  -0.1373 6.3230 8.2835
v  -0.0604 6.0786 8.2445
v  0.1257 5.7844 8.2228
v  0.1924 5.8282 8.3529
v  -0.0093 6.1619 8.3790
v  -0.0914 6.2658 8.3228
v  -0.1378 6.2123 8.2263
v  0.0882 5.7878 8.4408
v  -0.0809 6.0858 8.5134
v  -0.4219 6.3198 8.7828
v  -0.4587 6.2362 8.6777
v  -0.3587 6.2109 8.6746
v  -0.3320 6.2888 8.7754
v  -0.2556 6.2028 8.6577
v  -0.2398 6.2837 8.7421
v  -0.4903 6.3849 8.7742
v  -0.5417 6.3063 8.6593
v  -0.5868 6.4039 8.6245
v  -0.5303 6.4724 8.7564
v  -0.5262 6.5739 8.7288
v  -0.5883 6.5102 8.5834
v  -0.5391 6.6068 8.5384
v  -0.4761 6.6655 8.6974
v  -0.3889 6.7221 8.6731
v  -0.4411 6.6698 8.4993
v  -0.2858 6.7358 8.6463
v  -0.3266 6.6825 8.4629
v  -0.1221 6.6242 8.5693
v  -0.1387 6.5857 8.3781
v  -0.2235 6.6544 8.4144
v  -0.1905 6.6944 8.6064
v  -0.3709 6.3869 8.8817
v  -0.4365 6.4380 8.8791
v  -0.3764 6.5021 8.9442
v  -0.3104 6.4678 8.9511
v  -0.4243 6.5371 8.9188
v  -0.4747 6.5124 8.8657
v  -0.4073 6.6039 8.9239
v  -0.4737 6.6016 8.8477
v  -0.3886 6.6671 8.8933
v  -0.4280 6.6829 8.8253
v  -0.0927 6.4749 8.5513
v  -0.0938 6.4038 8.4094
v  -0.1044 6.4905 8.3825
v  -0.0892 6.5492 8.5498
v  -0.3223 6.6923 8.9091
v  -0.3471 6.7343 8.8090
v  -0.2336 6.6936 8.8960
v  -0.2483 6.7491 8.7888
v  -0.2555 6.5878 8.9662
v  -0.3340 6.6010 8.9620
v  -0.1577 6.4525 8.8724
v  -0.1360 6.5479 8.8840
v  -0.1852 6.5669 8.9365
v  -0.2359 6.4555 8.9297
v  -0.1539 6.6659 8.8692
v  -0.1014 6.6198 8.8292
v  -0.1606 6.7071 8.7536
v  -0.1025 6.6423 8.7158
v  -0.1341 6.3585 8.6040
v  -0.1709 6.3066 8.6676
v  -0.1484 6.2283 8.5912
v  -0.0876 6.2840 8.4970
v  -0.2120 6.3640 8.8236
v  -0.2873 6.3636 8.8703
v  -0.1110 6.4134 8.5675
v  -0.0861 6.5239 8.7554
v  -0.1086 6.4954 8.8006
v  -0.1055 6.4587 8.6993
v  -0.0826 6.5119 8.6722
v  -0.1357 6.4082 8.7362
v  -0.1679 6.3604 8.7525
v  -0.1095 6.5388 8.8381
v  -0.0854 6.5683 8.7826
v  -0.0792 6.5746 8.6834
v  -0.9652 0.4404 1.1383
v  -1.0236 0.4667 1.1025
v  -1.0241 0.3239 0.9940
v  -0.9675 0.2966 1.0062
v  -1.0793 0.3334 1.0062
v  -1.1040 0.4646 1.0878
v  -0.9073 0.4057 1.1747
v  -0.9023 0.2663 1.0290
v  -0.8215 0.2360 1.0650
v  -0.8468 0.3532 1.2280
v  -0.9667 0.1108 0.8620
v  -0.8922 0.0659 0.8542
v  -0.8962 0.1603 0.9276
v  -0.9676 0.1936 0.9216
v  -0.8063 0.1341 0.9498
v  -0.7948 0.0372 0.8633
v  -0.9685 0.0196 0.8127
v  -0.8899 -0.0388 0.7954
v  -0.9799 -0.0735 0.7897
v  -0.8978 -0.1396 0.7647
v  -0.7816 -0.1881 0.7078
v  -0.7845 -0.0645 0.7832
v  -0.5481 0.3838 1.2355
v  -0.7354 0.3084 1.2852
v  -0.7062 0.1990 1.1180
v  -0.5328 0.2881 1.0575
v  -0.6814 0.1205 0.9868
v  -0.5161 0.2226 0.9234
v  -0.6615 0.0564 0.8768
v  -0.4999 0.1593 0.8137
v  -0.6480 -0.0095 0.7639
v  -0.6353 -0.0759 0.6562
v  -0.4837 0.0938 0.7012
v  -0.4700 0.0203 0.5943
v  -0.2898 0.3239 1.1984
v  -0.0385 0.2126 1.1703
v  -0.2952 0.2105 1.0310
v  -0.0634 0.1040 0.9987
v  -0.2899 0.1295 0.9090
v  -0.0706 0.0266 0.8773
v  -0.2790 0.0641 0.8086
v  -0.0678 -0.0315 0.7789
v  -0.2661 0.0022 0.7046
v  -0.0633 -0.0846 0.6776
v  0.1272 0.1210 1.1601
v  0.2336 0.0449 1.1640
v  0.0967 0.0249 0.9797
v  0.2037 -0.0419 0.9758
v  0.0840 -0.0449 0.8554
v  0.1884 -0.1057 0.8481
v  0.0812 -0.0987 0.7577
v  0.1807 -0.1573 0.7504
v  0.0787 -0.1503 0.6591
v  0.1721 -0.2091 0.6534
v  0.5528 -0.4547 0.6422
v  0.6197 -0.4920 0.6296
v  0.6474 -0.4585 0.7285
v  0.5813 -0.4199 0.7445
v  0.6887 -0.5279 0.6153
v  0.7158 -0.4949 0.7106
v  0.6441 -0.3540 0.9885
v  0.7147 -0.3992 0.9692
v  0.7977 -0.3458 1.1888
v  0.7095 -0.2908 1.2030
v  0.7882 -0.4393 0.9471
v  0.8871 -0.3923 1.1684
v  0.6724 -0.4308 0.8283
v  0.6073 -0.3903 0.8473
v  0.7406 -0.4681 0.8075
v  0.6107 -0.2236 1.2066
v  0.5595 -0.2978 0.9982
v  0.5155 -0.1583 1.2037
v  0.4752 -0.2396 1.0000
v  0.9885 -0.5053 0.9054
v  1.0978 -0.4520 1.1119
v  0.9921 -0.4320 1.1436
v  0.8838 -0.4773 0.9269
v  1.1706 -0.4865 0.8419
v  1.2455 -0.4115 1.0317
v  1.1850 -0.4409 1.0722
v  1.0903 -0.5108 0.8773
v  0.8304 -0.5052 0.7896
v  0.9301 -0.5357 0.7723
v  0.8019 -0.5319 0.6941
v  0.8956 -0.5629 0.6783
v  0.7718 -0.5651 0.6001
v  0.8601 -0.5968 0.5858
v  1.3066 -0.3566 0.9624
v  1.2822 -0.3839 0.9955
v  1.2184 -0.4565 0.8069
v  1.2509 -0.4273 0.7752
v  1.0305 -0.5503 0.7517
v  1.1152 -0.5358 0.7217
v  0.9888 -0.5812 0.6620
v  1.0693 -0.5728 0.6358
v  0.9471 -0.6176 0.5735
v  1.0228 -0.6103 0.5488
v  1.1686 -0.5082 0.6867
v  1.2054 -0.4770 0.6514
v  1.1221 -0.5454 0.6001
v  1.1577 -0.5125 0.5609
v  1.0730 -0.5808 0.5125
v  1.1065 -0.5448 0.4708
v  1.3198 -0.3099 0.9280
v  1.2648 -0.2822 0.9193
v  1.2640 -0.3749 0.7458
v  1.2055 -0.3434 0.7415
v  1.2207 -0.4197 0.6177
v  1.1645 -0.3797 0.6084
v  1.1746 -0.4575 0.5192
v  1.1301 -0.4089 0.4984
v  1.1235 -0.4933 0.4228
v  1.0942 -0.4418 0.3881
v  0.7616 -0.1821 0.8173
v  0.9258 -0.2549 0.8631
v  0.8913 -0.3007 0.6642
v  0.7289 -0.2305 0.6189
v  1.0693 -0.2833 0.9026
v  1.0282 -0.3323 0.7093
v  1.1852 -0.2871 0.9167
v  1.1318 -0.3418 0.7329
v  1.0983 -0.3716 0.5963
v  1.0044 -0.3592 0.5692
v  1.0725 -0.3957 0.4843
v  0.9859 -0.3850 0.4573
v  1.0457 -0.4252 0.3712
v  0.9650 -0.4182 0.3453
v  0.3932 0.0570 0.5776
v  0.4241 0.1204 0.7613
v  0.5804 -0.0439 0.7850
v  0.5513 -0.0983 0.5919
v  0.8680 -0.3315 0.5201
v  0.7054 -0.2624 0.4712
v  0.8467 -0.3621 0.4044
v  0.6788 -0.2981 0.3524
v  0.8203 -0.4047 0.2915
v  0.6479 -0.3416 0.2351
v  0.5305 -0.1359 0.4473
v  0.3710 0.0112 0.4404
v  0.5058 -0.1750 0.3302
v  0.3478 -0.0316 0.3279
v  0.4803 -0.2151 0.2112
v  0.3297 -0.0675 0.2093
v  0.3089 0.2510 0.7547
v  0.2146 0.3460 0.7617
v  0.2695 0.1796 0.5804
v  0.1677 0.2680 0.5952
v  0.2432 0.1309 0.4480
v  0.1405 0.2220 0.4631
v  0.2218 0.0920 0.3361
v  0.1229 0.1910 0.3490
v  0.0050 0.3708 0.6299
v  0.0513 0.4564 0.7914
v  0.1300 0.4094 0.7747
v  0.0824 0.3275 0.6117
v  0.2017 0.0560 0.2202
v  0.1090 0.1642 0.2326
v  -0.4671 0.8657 0.7355
v  -0.6012 0.9208 0.7176
v  -0.3594 0.7620 0.7788
v  -0.3776 0.6775 0.6156
v  -0.4921 0.7738 0.5791
v  -0.6317 0.8219 0.5773
v  -0.4299 0.4275 0.1479
v  -0.5668 0.5193 0.2000
v  -0.5748 0.4821 0.1473
v  -0.4273 0.4651 0.2059
v  -0.5523 0.5718 0.2813
v  -0.4176 0.5110 0.2918
v  -0.7058 0.6210 0.3059
v  -0.5280 0.6363 0.3750
v  -0.6765 0.6915 0.3811
v  -0.4052 0.5616 0.3935
v  -0.3009 0.3797 0.1443
v  -0.3063 0.4009 0.2089
v  -0.2128 0.3250 0.2048
v  -0.1981 0.3290 0.1343
v  -0.6555 0.7509 0.4708
v  -0.5086 0.7005 0.4673
v  -0.3928 0.6134 0.4945
v  -0.7653 0.9081 0.7366
v  -0.8914 0.7987 0.8294
v  -0.7887 0.8145 0.6273
v  -0.9156 0.7267 0.7292
v  -0.9412 0.7027 0.6351
v  -0.8043 0.7435 0.5443
v  -0.8233 0.6863 0.4667
v  -0.9612 0.6632 0.5620
v  -0.8622 0.6334 0.3935
v  -0.9832 0.6229 0.4923
v  -1.0353 0.8048 0.8494
v  -1.1404 0.7956 0.8806
v  -1.0589 0.7455 0.7612
v  -1.1563 0.7337 0.8049
v  -1.0748 0.7034 0.6912
v  -1.1644 0.6889 0.7370
v  -1.0879 0.6653 0.6292
v  -1.1725 0.6541 0.6707
v  -1.1465 0.6423 0.8734
v  -1.1273 0.6876 0.9588
v  -1.1637 0.7394 0.9263
v  -1.1708 0.6842 0.8473
v  -1.1035 0.6262 0.5671
v  -1.2004 0.6213 0.6041
v  -1.0276 0.0726 0.8326
v  -1.0753 0.1130 0.8679
v  -1.0855 0.0506 0.8206
v  -1.0397 -0.0099 0.7979
v  -1.0257 0.1517 0.8774
v  -1.0754 0.1785 0.9094
v  -1.2407 0.5571 0.5642
v  -1.2982 0.6017 0.4675
v  -1.3046 0.5326 0.5222
v  -1.2529 0.5184 0.5822
v  -1.0257 0.2263 0.9254
v  -1.0772 0.2426 0.9555
v  -1.2092 0.5676 0.7221
v  -1.2128 0.6134 0.7018
v  -1.2282 0.5804 0.6298
v  -1.2316 0.5309 0.6469
v  -1.1064 0.5495 0.9318
v  -1.0804 0.5870 1.0233
v  -1.0910 0.6516 0.9957
v  -1.1083 0.6057 0.9020
v  -1.1685 0.6025 0.7962
v  -1.1819 0.6440 0.7735
v  -1.1283 0.5589 0.8181
v  -1.1202 0.5012 0.8492
v  -1.1702 0.5129 0.7401
v  -1.1385 0.4481 0.7713
v  -1.1962 0.4642 0.6610
v  -1.2348 0.4505 0.6015
v  -1.1611 0.3935 0.6927
v  -1.2062 0.3110 0.5442
v  -1.1279 0.1706 0.8095
v  -1.1111 0.1221 0.8224
v  -1.1082 0.1628 0.8609
v  -1.1289 0.2087 0.8465
v  -1.1119 0.2194 0.9031
v  -1.1264 0.2595 0.8830
v  -1.1222 0.3703 0.9413
v  -1.1072 0.4605 0.9438
v  -1.1162 0.4254 0.8798
v  -1.1230 0.3572 0.8993
v  -1.1304 0.3810 0.8164
v  -1.1309 0.3242 0.8543
v  -1.1481 0.3354 0.7538
v  -1.1636 0.2942 0.7027
v  -1.1512 0.2570 0.7688
v  -1.1419 0.2885 0.8085
v  -1.1157 0.4750 1.0156
v  -1.1217 0.3548 0.9878
v  -1.1140 0.2774 0.9454
v  -1.1259 0.3083 0.9194
v  -1.1304 0.2867 0.8693
v  -1.1257 0.3174 0.8990
v  -1.1371 0.2485 0.8340
v  -1.1429 0.2149 0.7994
v  0.3106 -0.0125 1.1737
v  0.3746 -0.0595 1.1853
v  0.2801 -0.0962 0.9805
v  0.3425 -0.1429 0.9884
v  0.2617 -0.1579 0.8506
v  0.3217 -0.2016 0.8558
v  0.2507 -0.2058 0.7512
v  0.3074 -0.2460 0.7546
v  0.4051 -0.1893 0.9959
v  0.4400 -0.1058 1.1959
v  0.4462 -0.4517 0.5551
v  0.4153 -0.4860 0.4629
v  0.3746 -0.4067 0.5608
v  0.3428 -0.4365 0.4691
v  0.3183 -0.3674 0.5633
v  0.2876 -0.3930 0.4734
v  0.2379 -0.2546 0.6534
v  0.2907 -0.2918 0.6554
v  0.4765 -0.4109 0.6514
v  0.4028 -0.3666 0.6565
v  0.5033 -0.3737 0.7545
v  0.4266 -0.3261 0.7588
v  0.3636 -0.2849 0.7579
v  0.3434 -0.3279 0.6570
v  -0.2413 0.6545 0.8081
v  -0.2747 0.5622 0.6492
v  -0.1163 0.5732 0.8115
v  -0.1592 0.4804 0.6540
v  0.5278 -0.3411 0.8585
v  0.4483 -0.2894 0.8624
v  0.3817 -0.2443 0.8606
v  -0.0255 0.5079 0.8057
v  -0.0713 0.4178 0.6466
v  -0.2968 0.4639 0.4135
v  -0.2897 0.5041 0.5230
v  -0.1826 0.4208 0.5281
v  -0.1964 0.3798 0.4179
v  -0.0464 0.2663 0.1007
v  -0.1154 0.2977 0.1187
v  -0.1180 0.3048 0.1843
v  -0.0751 0.2146 0.1663
v  0.0319 0.2363 0.1438
v  0.0102 0.2130 0.0813
v  -0.2106 0.3426 0.3065
v  -0.3033 0.4289 0.3032
v  -0.0376 0.2877 0.2575
v  -0.1139 0.3199 0.2809
v  -0.1048 0.3403 0.3985
v  -0.0296 0.3034 0.3772
v  0.0431 0.2581 0.3616
v  0.0330 0.2376 0.2437
v  -0.0932 0.3692 0.5145
v  -0.0167 0.3292 0.4946
v  0.0585 0.2858 0.4774
v  -0.8051 0.5918 0.1144
v  -0.0813 6.3392 8.4419
v  -1.2762 0.5279 0.4919
# 3564 vertices

vn -0.7327 -0.5891 0.3407
vn -0.7390 -0.5685 0.3616
vn -0.8540 -0.4580 0.2467
vn -0.8600 -0.4474 0.2455
vn -0.8246 -0.4859 0.2896
vn -0.7659 -0.5531 0.3280
vn -0.8094 -0.5093 0.2925
vn -0.8268 -0.4969 0.2637
vn -0.7748 -0.5039 0.3818
vn -0.7647 -0.5617 0.3157
vn -0.7971 -0.5239 0.3004
vn -0.8240 -0.4876 0.2885
vn -0.8269 -0.4857 0.2833
vn -0.7568 -0.5653 0.3281
vn -0.7447 -0.5748 0.3392
vn 0.0297 -0.8584 0.5121
vn -0.0786 -0.9639 0.2545
vn -0.3443 -0.8301 0.4386
vn -0.3252 -0.8072 0.4926
vn -0.2500 -0.9499 0.1875
vn -0.4141 -0.8014 0.4316
vn 0.0697 -0.8485 0.5246
vn -0.2908 -0.8072 0.5137
vn -0.1597 -0.8178 0.5529
vn 0.1356 -0.8687 0.4763
vn -0.4286 -0.7130 0.5549
vn -0.3456 -0.7905 0.5057
vn -0.4096 -0.7469 0.5238
vn -0.4979 -0.6622 0.5601
vn -0.3250 -0.8113 0.4860
vn -0.3197 -0.8193 0.4759
vn -0.3473 -0.7895 0.5061
vn -0.4653 -0.7219 0.5123
vn -0.5518 -0.6634 0.5054
vn -0.1765 -0.8465 0.5023
vn -0.1470 -0.8484 0.5085
vn -0.1571 -0.8820 0.4443
vn -0.3346 -0.8636 0.3771
vn -0.2128 -0.8605 0.4629
vn 0.0303 -0.5705 0.8208
vn -0.2135 -0.6305 0.7463
vn -0.3540 -0.8122 0.4637
vn -0.3494 -0.7109 0.6104
vn -0.3035 -0.6694 0.6781
vn -0.3189 -0.8222 0.4714
vn -0.3862 -0.8012 0.4570
vn -0.4121 -0.7475 0.5210
vn -0.4288 -0.8204 0.3783
vn -0.2415 -0.5759 0.7810
vn -0.2802 -0.5867 0.7598
vn -0.5154 -0.7637 0.3888
vn 0.6656 0.6271 -0.4047
vn 0.6558 0.6248 -0.4237
vn 0.7207 0.5809 -0.3784
vn 0.6189 0.6585 -0.4282
vn 0.3777 0.7506 -0.5421
vn 0.2300 0.7806 -0.5811
vn 0.5113 0.6923 -0.5092
vn 0.7451 0.5559 -0.3684
vn 0.5678 0.6882 -0.4516
vn 0.3550 0.6443 -0.6773
vn 0.3816 0.7390 -0.5552
vn 0.4274 0.7162 -0.5517
vn 0.3599 0.6628 -0.6566
vn 0.4646 0.7378 -0.4896
vn 0.3867 0.7818 -0.4892
vn 0.5412 0.6697 -0.5086
vn 0.5292 0.6247 -0.5743
vn 0.6229 0.4008 -0.6718
vn 0.7534 0.3386 -0.5637
vn 0.7359 0.4736 -0.4839
vn 0.6129 0.5453 -0.5719
vn -0.3596 0.7053 -0.6109
vn -0.1207 0.7979 -0.5905
vn -0.2513 0.7841 -0.5674
vn -0.4457 0.6770 -0.5857
vn -0.3697 0.7565 -0.5394
vn -0.4750 0.6759 -0.5635
vn -0.7768 -0.4504 0.4402
vn -0.5143 -0.5005 0.6964
vn -0.4657 -0.5871 0.6621
vn -0.7387 -0.5180 0.4312
vn -0.3274 -0.5788 0.7468
vn -0.3661 -0.4919 0.7899
vn -0.2824 -0.6786 0.6780
vn -0.4956 -0.6712 0.5513
vn -0.7343 -0.5847 0.3448
vn -0.3245 -0.8600 0.3938
vn -0.4229 -0.7725 0.4737
vn -0.3852 -0.7040 0.5967
vn -0.2609 -0.7235 0.6392
vn -0.6585 -0.6189 0.4281
vn -0.7307 -0.5755 0.3673
vn 0.0228 -0.3215 0.9466
vn -0.0990 -0.4787 0.8724
vn -0.2802 -0.6242 0.7293
vn -0.1293 -0.5384 0.8327
vn -0.3959 -0.5781 0.7135
vn -0.5386 -0.6180 0.5727
vn -0.7983 -0.5546 0.2350
vn -0.8100 -0.5210 0.2691
vn -0.7500 -0.5840 0.3105
vn -0.7786 -0.5593 0.2846
vn -0.7575 -0.5697 0.3188
vn -0.8091 -0.5282 0.2576
vn -0.6863 -0.5861 0.4307
vn -0.8205 -0.5045 0.2688
vn -0.2299 -0.9714 0.0591
vn -0.3624 -0.9219 0.1370
vn -0.3647 -0.9163 -0.1654
vn -0.3100 -0.9452 -0.1024
vn -0.3459 -0.8782 0.3304
vn -0.3696 -0.9050 0.2107
vn -0.2638 -0.5997 0.7555
vn -0.2479 -0.5613 0.7896
vn -0.0940 -0.2317 0.9682
vn -0.1239 -0.1776 0.9763
vn -0.1153 -0.1381 0.9837
vn -0.0120 -0.1084 0.9940
vn -0.4016 -0.8821 0.2463
vn -0.4427 -0.8360 0.3242
vn -0.4883 -0.8625 -0.1326
vn -0.4526 -0.8762 -0.1658
vn 0.5007 -0.5371 -0.6788
vn 0.8436 -0.3377 -0.4175
vn 0.5963 -0.8024 0.0225
vn 0.2740 -0.9216 -0.2751
vn 0.7049 -0.6643 0.2489
vn 0.9723 -0.1547 -0.1751
vn 0.2403 -0.8088 0.5367
vn 0.0873 -0.9385 0.3340
vn -0.0380 -0.9975 0.0595
vn 0.6720 -0.1077 0.7327
vn 0.5569 -0.4215 0.7157
vn 0.3852 -0.6320 0.6724
vn 0.7565 -0.3906 0.5245
vn 0.9799 0.0912 0.1776
vn 0.8244 0.2610 0.5023
vn 0.2299 -0.2224 -0.9475
vn 0.1497 -0.6228 -0.7679
vn 0.4591 -0.7532 -0.4712
vn 0.2564 0.1718 -0.9512
vn 0.5879 -0.3514 -0.7286
vn 0.3549 0.2513 -0.9005
vn 0.1596 0.2506 -0.9548
vn 0.3731 -0.0806 -0.9243
vn 0.6202 0.3992 -0.6752
vn 0.7027 0.1717 -0.6905
vn 0.6024 0.5520 -0.5765
vn 0.6747 0.3107 -0.6695
vn 0.4190 0.1619 -0.8934
vn 0.4725 0.3387 -0.8137
vn -0.1705 -0.7098 0.6835
vn -0.2454 -0.8389 0.4858
vn -0.3500 -0.8165 0.4592
vn -0.2902 -0.6613 0.6917
vn -0.3273 -0.9233 0.2012
vn -0.2210 -0.9405 0.2582
vn -0.3697 -0.8170 0.4426
vn -0.3777 -0.9188 0.1147
vn -0.3266 -0.6542 0.6822
vn -0.2390 -0.9110 0.3362
vn -0.2201 -0.8938 0.3908
vn -0.1148 -0.6732 0.7305
vn -0.1749 -0.7325 0.6580
vn -0.0471 -0.6238 0.7802
vn -0.2266 -0.9155 0.3325
vn 0.4643 0.6037 -0.6480
vn 0.1757 0.1400 -0.9744
vn 0.1727 0.1195 -0.9777
vn 0.4627 0.5636 -0.6843
vn 0.1583 0.1250 -0.9794
vn 0.1761 0.1394 -0.9744
vn 0.0374 0.0730 -0.9966
vn 0.0715 0.2968 -0.9523
vn 0.2536 0.7109 -0.6560
vn 0.5472 0.7049 0.4513
vn 0.5902 0.8072 -0.0124
vn 0.6334 0.7736 -0.0197
vn 0.5989 0.6520 0.4650
vn 0.4390 0.8945 -0.0849
vn 0.4806 0.7709 0.4180
vn 0.4570 0.6117 0.6457
vn 0.5271 0.6924 0.4928
vn 0.6043 0.6731 0.4263
vn 0.5422 0.5170 0.6623
vn 0.5347 0.7689 0.3507
vn 0.4834 0.5892 0.6474
vn 0.5901 0.6814 -0.4329
vn 0.6751 0.5739 -0.4635
vn 0.6603 0.7020 -0.2670
vn 0.6034 0.7402 -0.2967
vn 0.5427 0.7667 -0.3430
vn 0.5087 0.5371 -0.6729
vn 0.5342 0.7991 0.2758
vn 0.5405 0.8402 -0.0444
vn 0.6669 0.7359 -0.1167
vn 0.7081 0.7047 0.0453
vn 0.6638 0.7108 -0.2327
vn 0.7350 0.6566 -0.1690
vn -0.7909 -0.5315 0.3034
vn -0.5306 -0.6208 0.5772
vn -0.5467 -0.5385 0.6411
vn -0.8202 -0.4446 0.3599
vn -0.2955 -0.5608 0.7734
vn -0.2454 -0.6192 0.7459
vn -0.1771 -0.6216 0.7630
vn -0.2390 -0.5957 0.7668
vn -0.3332 -0.6523 0.6808
vn -0.2837 -0.6703 0.6858
vn -0.4416 -0.5732 0.6902
vn -0.3716 -0.5100 0.7758
vn -0.4425 -0.6996 0.5611
vn -0.4727 -0.6816 0.5586
vn -0.5371 -0.6974 0.4746
vn -0.4921 -0.7263 0.4800
vn -0.5665 -0.6607 0.4925
vn -0.5076 -0.6533 0.5618
vn -0.4401 -0.7760 0.4517
vn -0.4756 -0.7571 0.4478
vn -0.4528 -0.7772 0.4371
vn -0.4402 -0.7840 0.4377
vn -0.4736 -0.7300 0.4928
vn -0.5154 -0.7003 0.4940
vn 0.4686 0.7875 -0.4003
vn 0.8284 0.2659 -0.4931
vn 0.9556 -0.1105 -0.2732
vn 0.9141 0.1722 -0.3671
vn 0.6423 0.6836 -0.3468
vn 0.4021 0.8056 -0.4352
vn 0.4026 0.8684 -0.2895
vn 0.5909 0.5426 -0.5970
vn 0.5418 0.7396 -0.3993
vn 0.4212 0.7829 -0.4580
vn 0.4742 0.7551 -0.4526
vn 0.5900 0.6830 -0.4307
vn 0.4276 0.7707 -0.4724
vn 0.4132 0.7815 -0.4675
vn 0.4393 0.7409 -0.5080
vn 0.4661 0.7145 -0.5218
vn 0.5346 0.6326 -0.5604
vn 0.8037 0.5224 -0.2849
vn 0.7793 0.5358 -0.3249
vn 0.5920 0.6331 -0.4987
vn 0.6213 0.6282 -0.4683
vn 0.5915 0.6161 -0.5201
vn 0.7604 0.5452 -0.3529
vn 0.5784 0.6279 -0.5208
vn 0.5523 0.6528 -0.5184
vn 0.5566 0.6399 -0.5299
vn -0.3885 -0.7509 0.5341
vn -0.3834 -0.8385 0.3872
vn -0.4125 -0.8373 0.3589
vn -0.4151 -0.7317 0.5407
vn -0.3250 -0.9017 0.2851
vn -0.2380 -0.9081 0.3446
vn -0.4434 -0.8643 0.2374
vn -0.4435 -0.8234 0.3539
vn -0.4329 -0.7294 0.5297
vn 0.1425 0.6368 -0.7577
vn 0.1890 0.5954 -0.7809
vn 0.7069 0.5917 -0.3875
vn 0.6862 0.6159 -0.3870
vn 0.7418 0.5506 -0.3828
vn 0.2012 0.5854 -0.7854
vn 0.6944 0.7045 0.1468
vn 0.7437 0.6298 0.2240
vn 0.8114 0.4556 0.3663
vn 0.7743 0.5553 0.3034
vn 0.9123 0.4013 0.0812
vn 0.7965 0.6021 0.0544
vn 0.8330 0.2126 0.5108
vn 0.9863 0.0515 0.1568
vn -0.0337 -0.4362 0.8992
vn -0.0347 -0.4029 0.9146
vn -0.0834 -0.4635 0.8822
vn -0.0471 -0.4640 0.8846
vn -0.0002 -0.2683 0.9633
vn -0.1604 -0.4822 0.8612
vn 0.7913 0.5836 0.1822
vn 0.7192 0.6892 -0.0881
vn 0.7226 0.6701 0.1698
vn 0.7975 0.5978 0.0809
vn 0.5698 0.7874 0.2352
vn 0.5944 0.8014 -0.0667
vn 0.8273 0.5327 -0.1782
vn 0.8231 0.5159 -0.2372
vn 0.6618 0.6385 -0.3927
vn 0.6841 0.6801 -0.2638
vn 0.5747 0.6793 -0.4564
vn 0.6041 0.7377 -0.3014
vn -0.2288 -0.4698 0.8526
vn -0.5994 -0.5172 0.6109
vn -0.6367 -0.5249 0.5649
vn -0.2662 -0.4913 0.8293
vn -0.8131 -0.4948 0.3066
vn -0.7992 -0.5110 0.3164
vn -0.5557 -0.5903 0.5855
vn -0.2256 -0.5527 0.8022
vn -0.7883 -0.5359 0.3023
vn -0.0556 -0.5132 0.8565
vn 0.0116 -0.4262 0.9046
vn 0.0256 -0.3731 0.9274
vn 0.0521 -0.3043 0.9511
vn -0.0914 -0.5414 0.8358
vn -0.1861 -0.6395 0.7459
vn -0.1193 -0.3369 0.9339
vn -0.2476 -0.5204 0.8173
vn -0.3677 -0.7651 0.5286
vn -0.2958 -0.6381 0.7109
vn -0.4018 -0.7176 0.5688
vn -0.4447 -0.7604 0.4733
vn -0.3742 -0.7514 0.5435
vn -0.3668 -0.7802 0.5067
vn -0.3404 -0.5177 0.7849
vn -0.3297 -0.3935 0.8582
vn -0.2663 -0.1974 0.9435
vn -0.2729 -0.0858 0.9582
vn -0.4077 -0.8021 0.4365
vn -0.3997 -0.8260 0.3974
vn 0.7944 0.5188 -0.3159
vn 0.8588 0.3718 -0.3525
vn 0.9028 0.3495 -0.2507
vn 0.8068 0.5440 -0.2304
vn 0.9762 -0.0902 -0.1970
vn 0.9481 -0.1320 -0.2893
vn 0.8636 0.3856 -0.3249
vn 0.6206 0.7230 -0.3034
vn 0.9479 -0.1532 -0.2793
vn 0.5306 0.8470 -0.0315
vn 0.5501 0.8299 -0.0936
vn 0.4752 0.8122 -0.3384
vn 0.4883 0.8040 -0.3392
vn 0.4395 0.8287 -0.3465
vn 0.4942 0.8511 -0.1771
vn 0.4476 0.7999 -0.3997
vn 0.4196 0.8120 -0.4058
vn 0.4488 0.8091 -0.3795
vn 0.6975 0.6896 -0.1950
vn 0.8009 0.5987 -0.0131
vn 0.6066 0.7799 -0.1546
vn 0.6867 0.6223 -0.3757
vn 0.6846 0.6377 -0.3531
vn 0.0327 0.7045 -0.7090
vn 0.0791 0.6896 -0.7198
vn 0.5587 -0.7761 0.2924
vn 0.3746 -0.9272 -0.0043
vn 0.6650 -0.7175 -0.2073
vn 0.7197 -0.6744 0.1650
vn 0.4220 -0.6842 -0.5948
vn 0.2675 -0.8828 -0.3861
vn 0.5932 -0.5340 -0.6025
vn 0.7643 -0.5878 -0.2654
vn 0.7865 -0.6131 0.0745
vn -0.8921 0.3772 0.2488
vn -0.8486 0.5167 0.1139
vn -0.8906 0.3619 -0.2753
vn -0.9889 0.1012 0.1092
vn -0.7787 0.4270 -0.4596
vn -0.8275 0.5614 0.0019
vn -0.4034 0.0762 -0.9118
vn -0.6828 -0.0924 -0.7247
vn -0.9099 -0.3594 -0.2072
vn -0.6202 0.3308 0.7112
vn -0.5750 0.4560 0.6793
vn -0.7516 0.5280 0.3953
vn -0.8160 0.3157 0.4843
vn -0.7331 0.5797 0.3558
vn -0.5672 0.5052 0.6504
vn 0.6903 -0.5667 0.4497
vn 0.5578 -0.6113 0.5613
vn 0.1782 -0.3191 0.9308
vn 0.2657 -0.2321 0.9357
vn -0.0941 -0.4509 0.8876
vn 0.2813 -0.7240 0.6299
vn 0.7301 -0.6476 -0.2183
vn 0.7005 -0.7024 0.1261
vn 0.6104 -0.5563 -0.5638
vn 0.4190 -0.7614 -0.4947
vn 0.4103 -0.9042 -0.1184
vn 0.1989 -0.9388 0.2812
vn 0.3664 -0.4317 -0.8242
vn 0.1960 -0.3425 -0.9189
vn 0.2889 -0.5970 -0.7484
vn -0.1688 -0.0787 -0.9825
vn 0.0301 -0.1899 -0.9813
vn -0.7200 0.6823 -0.1266
vn -0.6203 0.4282 -0.6572
vn -0.2600 0.4505 -0.8541
vn -0.3706 0.8605 -0.3497
vn -0.4870 0.6086 0.6264
vn -0.6262 0.7132 0.3150
vn -0.3549 0.9201 0.1655
vn -0.2768 0.7696 0.5754
vn -0.2921 0.2838 0.9133
vn -0.2867 0.3670 0.8850
vn 0.0397 -0.1735 0.9840
vn -0.1105 0.1118 0.9876
vn -0.2000 0.5112 0.8359
vn 0.0156 -0.5658 0.8244
vn 0.4834 -0.6855 0.5444
vn -0.0012 -0.9998 -0.0188
vn -0.0817 -0.8744 0.4783
vn 0.1001 -0.9122 -0.3973
vn -0.0157 -0.9428 -0.3330
vn -0.0846 -0.9941 0.0675
vn -0.1804 -0.7883 0.5883
vn 0.1444 -0.6528 -0.7436
vn 0.1763 -0.2273 -0.9577
vn 0.1804 -0.1782 -0.9673
vn 0.0477 -0.6421 -0.7651
vn 0.0663 0.8502 -0.5223
vn 0.1288 0.3776 -0.9170
vn 0.2431 0.3370 -0.9096
vn 0.1519 0.7526 -0.6407
vn -0.1157 0.8608 0.4956
vn -0.0292 0.9995 0.0109
vn -0.0120 0.9923 -0.1234
vn -0.1281 0.8755 0.4659
vn -0.1495 0.2184 0.9643
vn -0.1582 0.5819 0.7977
vn -0.2200 0.2379 0.9460
vn -0.1765 0.5715 0.8014
vn -0.2531 -0.2667 0.9300
vn -0.1339 -0.3409 0.9305
vn 0.0333 -0.9550 -0.2948
vn -0.0385 -0.9522 -0.3031
vn 0.1122 -0.8512 -0.5127
vn 0.1929 -0.8708 -0.4522
vn -0.3331 -0.8462 -0.4160
vn -0.1874 -0.6559 -0.7312
vn 0.1840 -0.3338 -0.9245
vn 0.3097 -0.4347 -0.8457
vn 0.4090 -0.5004 -0.7631
vn -0.3386 -0.9312 0.1349
vn -0.3348 -0.9421 -0.0205
vn -0.7871 -0.3605 0.5005
vn -0.3324 -0.9220 0.1986
vn -0.6679 -0.3888 0.6346
vn -0.5727 -0.4254 0.7007
vn 0.1002 -0.9308 -0.3516
vn 0.1499 -0.8557 -0.4953
vn -0.5147 0.5309 0.6732
vn -0.3455 0.5432 0.7653
vn -0.5971 0.0097 0.8021
vn -0.6951 0.1540 0.7022
vn -0.3955 0.4317 0.8107
vn -0.5818 -0.0861 0.8088
vn -0.3981 0.7921 0.4628
vn -0.1604 0.8443 0.5113
vn 0.0224 0.9854 0.1689
vn -0.0753 0.9867 0.1439
vn 0.1016 0.9772 0.1866
vn -0.0950 0.8338 0.5439
vn 0.2924 0.9259 -0.2392
vn 0.2950 0.9242 -0.2424
vn 0.4908 0.6159 -0.6163
vn 0.5342 0.5919 -0.6036
vn 0.5026 0.5424 -0.6732
vn 0.3300 0.9106 -0.2489
vn 0.5822 -0.0030 -0.8130
vn 0.5610 -0.1795 -0.8081
vn 0.4342 -0.7175 -0.5446
vn 0.5079 0.0535 -0.8597
vn 0.4866 -0.6069 -0.6284
vn 0.2787 -0.8655 -0.4163
vn 0.3570 -0.7776 -0.5176
vn 0.0625 -0.6815 -0.7291
vn -0.0100 -0.9575 -0.2884
vn 0.1305 -0.1476 -0.9804
vn 0.0520 -0.7105 -0.7018
vn 0.0601 -0.1540 -0.9862
vn -0.0655 -0.9374 -0.3420
vn 0.1131 0.3430 -0.9325
vn 0.0372 0.3679 -0.9291
vn 0.0772 0.7443 -0.6633
vn 0.0588 0.7751 -0.6290
vn -0.1244 0.8530 0.5069
vn -0.0250 0.9927 -0.1184
vn -0.0117 0.9968 -0.0792
vn -0.1013 0.8290 0.5500
vn -0.2683 0.2564 0.9286
vn -0.1845 0.5517 0.8134
vn -0.1717 0.5372 0.8258
vn -0.2987 0.2659 0.9165
vn -0.3591 -0.2123 0.9088
vn -0.3633 -0.7288 0.5804
vn -0.5823 -0.6757 0.4521
vn -0.4936 -0.1378 0.8587
vn -0.3513 -0.9361 -0.0195
vn -0.1759 -0.9784 0.1089
vn 0.0089 -0.0624 -0.9980
vn -0.1180 -0.5812 -0.8051
vn -0.6025 -0.1441 -0.7850
vn -0.2475 0.1541 -0.9566
vn -0.9189 -0.3367 -0.2056
vn -0.4659 -0.7754 -0.4262
vn -0.9026 -0.3536 0.2454
vn -0.7826 0.1790 0.5962
vn -0.9052 0.2491 0.3442
vn -0.9473 -0.2517 -0.1982
vn -0.8115 0.5066 0.2914
vn -0.6298 0.4851 0.6067
vn -0.0412 0.9018 -0.4301
vn -0.1484 0.9681 -0.2021
vn -0.5661 0.7252 -0.3920
vn -0.2508 0.5881 -0.7690
vn -0.5837 0.8019 0.1271
vn -0.0062 0.9999 0.0095
vn -0.7621 0.4373 -0.4775
vn 0.0175 0.8249 -0.5650
vn -0.0423 0.4557 -0.8891
vn -0.4553 0.7636 0.4578
vn -0.0229 0.9835 0.1792
vn -0.0251 0.8304 0.5566
vn 0.0599 0.9970 -0.0482
vn 0.1298 0.9872 -0.0927
vn 0.0410 0.8534 0.5197
vn -0.3728 0.3266 0.8686
vn -0.1505 0.5534 0.8192
vn -0.1592 0.6351 0.7558
vn -0.4343 0.3950 0.8095
vn -0.9965 -0.0319 -0.0778
vn -0.9364 0.3211 -0.1416
vn 0.5861 0.7635 -0.2712
vn 0.6039 0.6714 -0.4296
vn 0.3738 0.9220 -0.1005
vn 0.3617 0.9311 -0.0468
vn 0.7223 0.4830 -0.4950
vn 0.7856 0.5692 -0.2426
vn 0.8228 0.3533 -0.4453
vn 0.6444 0.1112 -0.7565
vn 0.4400 -0.4209 -0.7932
vn 0.7619 0.0922 -0.6410
vn 0.5092 0.8325 -0.2183
vn 0.5196 0.8493 -0.0928
vn 0.6247 -0.1494 -0.7665
vn 0.3198 -0.6635 -0.6764
vn 0.2263 -0.3686 -0.9016
vn 0.2603 -0.6128 -0.7462
vn 0.0265 -0.6691 -0.7427
vn -0.0869 -0.3361 -0.9378
vn -0.5137 -0.7762 -0.3654
vn -0.5954 -0.4880 -0.6383
vn -0.2830 -0.1681 -0.9443
vn -0.5976 -0.3489 -0.7219
vn -0.6227 -0.3028 -0.7215
vn -0.4256 -0.1326 -0.8951
vn -0.8871 -0.3095 -0.3425
vn -0.8912 -0.3023 -0.3381
vn -0.6748 -0.2964 -0.6759
vn -0.6669 -0.3623 -0.6511
vn -0.4591 -0.1727 -0.8714
vn -0.4043 -0.2513 -0.8794
vn -0.8092 -0.4221 -0.4087
vn -0.8521 -0.3732 -0.3670
vn -0.8876 -0.3886 -0.2474
vn -0.7891 -0.4677 -0.3981
vn -0.8725 -0.4760 0.1101
vn -0.9195 -0.3692 0.1350
vn -0.8429 -0.4658 -0.2692
vn -0.8432 -0.5334 0.0674
vn -0.9114 -0.4037 -0.0796
vn -0.3749 -0.2618 -0.8893
vn -0.5056 -0.1504 -0.8496
vn -0.3968 -0.2208 -0.8910
vn -0.8882 -0.3219 -0.3280
vn -0.5916 -0.2595 -0.7633
vn -0.4793 -0.1730 -0.8604
vn -0.8040 -0.2529 -0.5382
vn 0.0103 0.0071 -0.9999
vn -0.1011 -0.1479 -0.9838
vn 0.1178 0.1591 -0.9802
vn -0.2716 0.0009 -0.9624
vn -0.6900 -0.2393 -0.6831
vn -0.1571 -0.3500 -0.9235
vn -0.6281 -0.4410 -0.6411
vn -0.7156 -0.4008 -0.5721
vn -0.2283 -0.4737 -0.8506
vn -0.8905 -0.4133 -0.1902
vn 0.3425 -0.4828 -0.8059
vn 0.3915 -0.2101 -0.8959
vn 0.7504 -0.0848 -0.6555
vn 0.7470 -0.3587 -0.5598
vn 0.6828 0.1026 -0.7234
vn 0.3910 -0.0113 -0.9203
vn -0.0911 0.7519 -0.6530
vn 0.2666 0.1378 -0.9539
vn 0.4503 0.4732 -0.7572
vn 0.4080 0.7730 -0.4858
vn 0.7332 0.4577 -0.5029
vn 0.6869 0.6340 -0.3553
vn 0.1867 -0.0018 -0.9824
vn -0.1658 0.6131 -0.7724
vn -0.5285 0.6468 -0.5499
vn -0.0862 0.0309 -0.9958
vn -0.3751 0.9259 0.0453
vn -0.0923 0.9723 -0.2147
vn -0.3292 0.9037 -0.2739
vn -0.0541 0.9932 0.1033
vn -0.3585 0.0659 -0.9312
vn -0.9579 0.0814 -0.2755
vn -0.9970 -0.0762 -0.0127
vn -0.7895 0.5816 0.1961
vn -0.9537 0.2983 0.0376
vn -0.9563 -0.2101 -0.2033
vn -0.3638 0.8506 0.3797
vn -0.4027 0.7967 0.4507
vn -0.0471 0.9112 0.4092
vn -0.0308 0.8476 0.5297
vn -0.8426 -0.2224 -0.4905
vn -0.7753 -0.2860 -0.5631
vn -0.4893 -0.5557 -0.6721
vn -0.3419 -0.5688 -0.7480
vn -0.7787 0.6260 -0.0417
vn -0.8671 0.3150 -0.3859
vn -0.9047 -0.1310 -0.4053
vn -0.8951 0.4456 0.0170
vn -0.6510 -0.3778 -0.6584
vn -0.7467 -0.0067 -0.6651
vn 0.6597 -0.4801 -0.5782
vn 0.9104 -0.1250 -0.3944
vn 0.9232 -0.3226 -0.2088
vn 0.6519 -0.5781 -0.4907
vn 0.9609 0.2605 -0.0939
vn 0.9820 0.1635 0.0943
vn 0.9562 -0.1854 -0.2265
vn 0.9843 0.1754 -0.0220
vn 0.2354 -0.6806 -0.6938
vn 0.1701 -0.6785 -0.7147
vn 0.7024 0.7117 -0.0043
vn 0.6382 0.6976 0.3257
vn 0.2266 0.9583 0.1740
vn 0.0403 0.8910 0.4523
vn 0.5930 0.7081 0.3832
vn 0.6064 0.4198 -0.6754
vn 0.7176 -0.1295 -0.6843
vn 0.0887 -0.4152 -0.9054
vn -0.1031 0.3595 -0.9274
vn -0.3882 0.8130 0.4339
vn -0.3506 0.9136 0.2057
vn -0.2879 0.8982 -0.3322
vn 0.4823 0.8176 -0.3145
vn 0.8340 0.3656 -0.4133
vn -0.2422 0.6319 -0.7362
vn 0.0575 0.6126 -0.7883
vn 0.0052 0.7350 -0.6780
vn -0.2729 0.6898 -0.6706
vn 0.0817 0.5675 -0.8193
vn -0.2462 0.6006 -0.7607
vn -0.2604 0.6052 -0.7523
vn 0.1063 0.6144 -0.7818
vn -0.2088 0.6394 -0.7400
vn -0.2107 0.6169 -0.7583
vn -0.0677 0.6040 -0.7941
vn -0.1028 0.6215 -0.7766
vn -0.0633 0.5817 -0.8109
vn -0.2151 0.6266 -0.7491
vn -0.2739 0.6292 -0.7274
vn 0.1415 0.6949 -0.7050
vn -0.2725 0.6561 -0.7038
vn 0.2011 0.7693 -0.6064
vn -0.0502 0.6530 -0.7557
vn -0.1812 0.6393 -0.7473
vn -0.1993 0.6853 -0.7004
vn -0.0882 0.7574 -0.6470
vn -0.2474 0.6702 -0.6997
vn 0.2789 0.7830 -0.5560
vn -0.1943 0.6904 -0.6968
vn 0.3745 0.7881 -0.4886
vn -0.2728 0.6864 -0.6741
vn -0.1134 0.7642 -0.6349
vn -0.3159 0.6645 -0.6773
vn -0.1180 0.7354 -0.6673
vn 0.0017 0.7466 -0.6653
vn 0.0230 0.7300 -0.6831
vn 0.6888 0.6535 -0.3138
vn 0.6456 0.7025 -0.2995
vn 0.5106 0.7693 -0.3841
vn -0.1085 0.7246 -0.6806
vn -0.3165 0.6550 -0.6861
vn -0.1382 0.7181 -0.6821
vn -0.2876 0.6355 -0.7166
vn -0.1524 0.6962 -0.7014
vn -0.2110 0.7064 -0.6756
vn -0.2071 0.6770 -0.7062
vn -0.1236 0.6726 -0.7296
vn -0.4413 0.6050 -0.6627
vn -0.4831 0.6307 -0.6073
vn -0.2310 0.7181 -0.6565
vn -0.1863 0.7650 -0.6165
vn -0.5562 0.6610 -0.5037
vn -0.9732 0.0443 -0.2258
vn -0.9880 0.0245 -0.1526
vn -0.8795 -0.4272 0.2098
vn -0.8653 -0.4494 0.2220
vn -0.9998 -0.0055 -0.0169
vn -0.8556 -0.4326 0.2842
vn -0.1560 0.6446 -0.7484
vn -0.1909 0.6095 -0.7695
vn -0.5809 0.4612 -0.6707
vn -0.5404 0.5381 -0.6469
vn -0.8655 -0.4796 0.1444
vn -0.9679 -0.0764 -0.2394
vn -0.9527 0.0153 -0.3034
vn -0.9003 -0.4342 0.0290
vn -0.2554 0.6144 -0.7465
vn -0.2130 0.5742 -0.7905
vn -0.5962 0.4990 -0.6289
vn -0.6456 0.5106 -0.5679
vn -0.8312 -0.4912 0.2604
vn -0.7515 -0.6128 0.2446
vn -0.7590 -0.6031 0.2452
vn -0.8347 -0.4837 0.2634
vn -0.7625 -0.6179 0.1919
vn -0.7034 -0.6488 0.2904
vn -0.7852 -0.5623 0.2592
vn -0.6896 -0.6448 0.3298
vn -0.8130 -0.5084 0.2839
vn -0.9425 0.2173 -0.2538
vn -0.9411 0.1496 -0.3031
vn -0.9671 -0.2544 0.0026
vn -0.9870 -0.1597 0.0169
vn -0.8658 -0.4734 0.1621
vn -0.8697 -0.4505 0.2017
vn -0.6793 -0.6291 0.3777
vn -0.7046 -0.5661 0.4278
vn -0.7160 -0.5353 0.4482
vn -0.7171 -0.6028 0.3497
vn -0.6906 0.4818 -0.5394
vn -0.2934 0.6484 -0.7025
vn -0.2621 0.6747 -0.6900
vn -0.7124 0.4493 -0.5391
vn -0.8829 -0.3913 0.2594
vn -0.8813 -0.4164 0.2232
vn -0.9917 -0.1279 0.0111
vn -0.9931 -0.1171 0.0024
vn -0.9473 0.1690 -0.2720
vn -0.9461 0.2247 -0.2334
vn -0.7103 0.4754 -0.5190
vn -0.2386 0.7079 -0.6648
vn -0.2448 0.7479 -0.6170
vn -0.6995 0.5214 -0.4887
vn -0.9533 0.1603 -0.2561
vn -0.9949 -0.0913 0.0432
vn -0.9928 -0.0539 0.1068
vn -0.9586 0.2005 -0.2022
vn -0.7308 -0.4574 0.5067
vn -0.8719 -0.3324 0.3595
vn -0.7965 -0.3907 0.4614
vn -0.8703 -0.2625 0.4167
vn -0.8131 -0.4793 0.3303
vn -0.7612 -0.5188 0.3890
vn -0.9789 -0.0366 0.2011
vn -0.9580 0.2478 -0.1445
vn -0.9571 0.2514 -0.1442
vn -0.9858 -0.0008 0.1679
vn -0.6771 0.5648 -0.4717
vn -0.6786 0.5477 -0.4894
vn -0.2530 0.7652 -0.5920
vn -0.2860 0.7215 -0.6306
vn -0.9180 -0.1276 0.3755
vn -0.8756 -0.2158 0.4321
vn -0.2104 0.6559 -0.7249
vn -0.2426 0.6033 -0.7597
vn -0.2372 0.5694 -0.7871
vn -0.5589 0.5055 -0.6573
vn -0.8739 -0.4436 0.1988
vn -0.8460 -0.4600 0.2696
vn -0.8691 -0.3690 0.3295
vn -0.9163 -0.3490 0.1964
vn -0.3689 0.6441 -0.6701
vn -0.7213 0.4567 -0.5207
vn -0.9477 -0.2646 0.1787
vn -0.9157 -0.2408 0.3218
vn -0.9894 -0.0798 0.1212
vn -0.9936 -0.1128 0.0034
vn -0.9283 0.1805 -0.3250
vn -0.9569 0.1886 -0.2207
vn -0.5781 0.4538 -0.6781
vn -0.2492 0.5498 -0.7972
vn -0.2582 0.5281 -0.8090
vn -0.5896 0.4161 -0.6923
vn -0.9267 -0.3695 0.0685
vn -0.8971 -0.4243 0.1232
vn -0.9428 -0.3232 0.0816
vn -0.9662 -0.2576 0.0113
vn -0.9792 -0.2000 0.0355
vn -0.9631 -0.2579 0.0773
vn -0.9924 -0.0985 -0.0733
vn -0.9935 -0.0595 -0.0968
vn -0.8932 0.1864 -0.4092
vn -0.9002 0.1902 -0.3917
vn -0.6051 0.4020 -0.6872
vn -0.2929 0.5152 -0.8055
vn -0.6453 0.3930 -0.6551
vn -0.3393 0.4705 -0.8146
vn -0.9632 -0.2636 0.0517
vn -0.9626 -0.2679 0.0410
vn -0.9852 -0.1604 -0.0603
vn -0.9823 -0.1151 -0.1480
vn -0.9864 -0.1040 -0.1272
vn -0.9885 -0.1501 -0.0159
vn -0.9924 -0.0498 -0.1123
vn -0.9858 -0.0462 -0.1616
vn -0.9196 0.1423 -0.3662
vn -0.9000 0.1738 -0.3998
vn -0.9085 -0.4167 0.0311
vn -0.9467 -0.3177 0.0537
vn -0.9707 -0.1475 -0.1895
vn -0.9457 -0.1889 -0.2646
vn -0.9309 -0.3650 -0.0113
vn -0.7200 -0.6364 0.2768
vn -0.6685 -0.7273 -0.1553
vn -0.8477 -0.4390 0.2978
vn -0.8854 -0.3972 0.2413
vn -0.8719 -0.3831 0.3049
vn -0.9157 -0.3727 0.1505
vn -0.8876 -0.4489 0.1029
vn -0.9449 -0.3133 0.0950
vn -0.6100 -0.1851 0.7705
vn -0.6753 -0.2145 0.7056
vn -0.9779 -0.2086 -0.0152
vn -0.9663 0.2382 -0.0974
vn -0.9982 -0.0483 0.0352
vn -0.5251 0.4855 -0.6990
vn -0.3716 0.7458 -0.5530
vn -0.2414 0.9135 -0.3274
vn -0.8441 0.5063 -0.1765
vn -0.9830 -0.0435 0.1783
vn -0.8807 -0.2802 0.3819
vn -0.3359 0.9418 -0.0113
vn -0.7899 0.6041 -0.1052
vn -0.6699 0.7111 0.2134
vn -0.8519 0.5105 -0.1170
vn -0.9564 0.2918 0.0085
vn -0.9771 0.1809 0.1124
vn -0.5632 -0.5401 0.6254
vn -0.3882 -0.5318 0.7527
vn -0.4513 -0.3720 0.8112
vn -0.6056 -0.4048 0.6851
vn -0.4783 -0.4578 0.7494
vn -0.5380 -0.3509 0.7664
vn -0.6454 -0.2659 0.7161
vn -0.5251 -0.0976 0.8454
vn -0.5614 -0.2794 0.7790
vn -0.4054 -0.7915 0.4573
vn -0.3822 -0.8431 0.3784
vn -0.2651 -0.7148 0.6471
vn -0.2812 -0.6596 0.6971
vn -0.2526 -0.7842 0.5668
vn -0.3793 -0.8678 0.3210
vn -0.2130 -0.7199 0.6606
vn -0.2840 -0.6435 0.7108
vn -0.2742 -0.6127 0.7413
vn -0.3985 -0.8789 0.2621
vn -0.2398 -0.8395 0.4875
vn -0.2435 -0.8377 0.4889
vn -0.4779 -0.8456 0.2379
vn -0.0821 -0.7886 0.6094
vn -0.1187 -0.7873 0.6051
vn -0.6315 -0.7669 -0.1145
vn -0.5832 -0.7927 -0.1775
vn -0.5073 -0.8538 0.1171
vn -0.5410 -0.8219 0.1786
vn -0.4909 -0.8700 0.0461
vn -0.5833 -0.7797 -0.2279
vn -0.5337 -0.0701 -0.8428
vn -0.4862 -0.1112 -0.8667
vn -0.6315 -0.6158 -0.4712
vn -0.6798 -0.5754 -0.4548
vn -0.6055 -0.5983 -0.5248
vn -0.4617 -0.1639 -0.8718
vn -0.6329 -0.7105 -0.3077
vn -0.5396 -0.8419 -0.0030
vn -0.6670 -0.7430 -0.0548
vn -0.7547 -0.5135 -0.4084
vn -0.8912 -0.3263 -0.3151
vn -0.8195 -0.5730 -0.0073
vn -0.6663 -0.7104 0.2267
vn -0.0230 0.6029 -0.7975
vn -0.0232 0.5772 -0.8163
vn -0.1568 0.4823 -0.8618
vn -0.2404 0.4341 -0.8682
vn -0.0617 0.5049 -0.8610
vn -0.1897 0.5224 -0.8314
vn -0.5999 -0.0652 -0.7974
vn -0.6751 -0.0335 -0.7370
vn -0.9115 -0.0327 -0.4100
vn -0.9620 -0.0416 -0.2698
vn -0.9562 0.0303 -0.2910
vn -0.9062 -0.0049 -0.4228
vn -0.3911 0.3337 -0.8577
vn -0.4098 0.3252 -0.8522
vn -0.7999 0.1664 -0.5765
vn -0.8422 -0.0853 -0.5324
vn 0.2775 0.5839 -0.7629
vn 0.3300 0.5747 -0.7489
vn -0.9100 -0.0366 -0.4129
vn -0.9198 0.1080 -0.3773
vn -0.2741 0.0618 -0.9597
vn 0.1684 0.3117 -0.9351
vn -0.6783 -0.2975 -0.6719
vn -0.6496 -0.0950 -0.7543
vn -0.8298 -0.0824 -0.5520
vn -0.8377 -0.0123 -0.5460
vn -0.6286 0.2335 -0.7418
vn -0.5658 -0.3837 -0.7298
vn -0.2936 0.2047 -0.9338
vn -0.4184 0.4855 -0.7676
vn -0.1040 0.4392 -0.8924
vn -0.9388 -0.0187 -0.3441
vn -0.8126 0.1874 -0.5518
vn -0.8873 -0.3974 -0.2339
vn -0.9045 -0.3889 -0.1751
vn -0.6022 0.2041 -0.7718
vn -0.8255 -0.2515 -0.5052
vn -0.9365 -0.3480 0.0439
vn -0.9742 -0.2200 -0.0505
vn -0.9329 -0.3560 0.0543
vn -0.9082 -0.3546 0.2224
vn -0.9444 -0.2752 -0.1802
vn -0.9224 -0.0540 -0.3825
vn -0.8686 -0.4397 -0.2283
vn -0.8881 -0.3152 -0.3345
vn -0.9227 -0.3703 -0.1076
vn -0.8993 -0.1377 -0.4151
vn -0.3945 -0.8958 0.2049
vn -0.6748 -0.7319 0.0951
vn -0.5709 -0.3995 0.7172
vn -0.6585 -0.3413 0.6708
vn 0.0424 0.5915 -0.8052
vn 0.3493 0.5533 -0.7562
vn 0.3888 0.0946 -0.9165
vn 0.1057 0.1006 -0.9893
vn -0.1151 0.9885 -0.0977
vn -0.5582 0.8079 0.1891
vn -0.2736 0.8182 0.5056
vn 0.0634 0.9955 0.0707
vn -0.5502 0.3228 0.7701
vn -0.7976 0.2977 0.5246
vn -0.6381 -0.1311 0.7587
vn -0.7572 -0.1247 0.6411
vn -0.0800 0.8857 -0.4574
vn 0.1862 0.9166 -0.3539
vn -0.7330 0.2070 -0.6480
vn -0.9344 0.3454 -0.0872
vn -0.5300 0.7704 -0.3544
vn -0.3904 0.4567 -0.7994
vn -0.9462 -0.3020 0.1161
vn -0.6584 -0.4440 -0.6078
vn -0.3039 -0.1423 -0.9420
vn -0.6228 -0.4991 0.6025
vn -0.1286 -0.9258 0.3554
vn -0.3825 -0.8337 -0.3984
vn -0.0925 -0.5313 -0.8421
vn -0.7812 -0.0212 0.6239
vn -0.4393 -0.0582 0.8964
vn -0.2872 0.1720 0.9423
vn -0.4885 0.1605 -0.8577
vn -0.4731 0.1663 -0.8652
vn -0.7644 -0.5475 -0.3405
vn -0.7794 -0.4300 -0.4557
vn -0.7451 -0.5143 -0.4247
vn -0.8148 -0.5782 0.0421
vn -0.7275 -0.6857 0.0237
vn -0.7113 -0.5847 -0.3902
vn -0.7993 -0.5997 -0.0388
vn -0.8565 -0.4981 0.1351
vn -0.6389 -0.6729 -0.3729
vn -0.7120 -0.6171 -0.3351
vn -0.7287 -0.6651 -0.1632
vn -0.6913 -0.7208 -0.0504
vn -0.6520 -0.6492 -0.3918
vn -0.6973 -0.7168 0.0004
vn -0.7702 -0.6105 -0.1849
vn -0.9417 -0.3281 0.0746
vn -0.9219 -0.3775 0.0868
vn -0.9289 -0.3233 -0.1804
vn -0.8975 -0.3455 -0.2742
vn -0.7217 -0.5021 -0.4765
vn -0.9148 -0.3888 0.1094
vn -0.8132 -0.5697 -0.1186
vn -0.4316 -0.3022 -0.8499
vn -0.6131 -0.2967 -0.7322
vn -0.5928 -0.4705 -0.6536
vn -0.5871 -0.4531 -0.6708
vn -0.9491 -0.3140 -0.0250
vn -0.5851 -0.1849 -0.7896
vn -0.3599 -0.2397 -0.9017
vn -0.6275 -0.4010 -0.6674
vn -0.4175 -0.5811 0.6986
vn -0.5244 -0.5949 0.6092
vn -0.5619 -0.5238 0.6402
vn -0.4749 -0.6881 0.5487
vn -0.3513 -0.6840 0.6393
vn -0.4969 -0.5908 0.6357
vn -0.5264 -0.4992 0.6883
vn -0.5240 -0.4503 0.7230
vn -0.9438 -0.1565 -0.2910
vn -0.9872 -0.0967 -0.1269
vn -0.5212 0.2638 -0.8117
vn -0.4112 0.1512 -0.8989
vn -0.8355 -0.2626 -0.4827
vn -0.7160 -0.1917 -0.6713
vn -0.1457 0.4509 -0.8806
vn -0.3002 0.2098 -0.9305
vn -0.5546 -0.0138 -0.8320
vn -0.0334 0.5677 -0.8226
vn -0.1868 0.4631 -0.8664
vn -0.1478 0.4075 -0.9012
vn -0.6356 0.1103 -0.7641
vn -0.6578 0.1171 -0.7440
vn -0.5880 0.0296 -0.8083
vn -0.1569 0.2992 -0.9412
vn -0.2595 0.4512 -0.8538
vn -0.6866 0.0524 -0.7251
vn -0.4631 -0.6691 0.5812
vn -0.4163 -0.7112 0.5665
vn -0.2787 -0.6776 0.6805
vn -0.2959 -0.6690 0.6819
vn -0.2568 -0.6911 0.6756
vn -0.4100 -0.7148 0.5665
vn -0.3057 -0.7138 0.6301
vn -0.2850 -0.7563 0.5889
vn -0.7491 -0.6615 -0.0341
vn -0.8095 -0.5869 -0.0153
vn -0.8443 -0.3143 -0.4340
vn -0.8084 -0.4072 -0.4251
vn -0.8713 -0.2342 -0.4312
vn -0.8593 -0.5114 0.0061
vn -0.5119 -0.6227 0.5918
vn -0.3358 -0.6248 0.7049
vn -0.8805 -0.2192 -0.4203
vn -0.8515 -0.3026 -0.4282
vn -0.8868 -0.4622 0.0050
vn -0.8799 -0.4751 -0.0029
vn -0.6914 -0.7202 -0.0574
vn -0.5703 -0.7808 0.2551
vn -0.5815 -0.7466 0.3233
vn -0.4303 -0.7175 0.5478
vn -0.6728 -0.6396 0.3719
vn -0.6266 -0.6923 0.3579
vn -0.7483 -0.5001 -0.4358
vn -0.6972 -0.6142 0.3697
vn -0.7379 -0.5527 0.3873
vn 0.7829 0.5447 -0.3007
vn 0.7668 0.5428 -0.3425
vn 0.7744 0.5139 -0.3691
vn 0.7505 0.5686 -0.3368
vn 0.6006 0.6046 -0.5233
vn 0.5930 0.6109 -0.5246
vn 0.5813 0.5901 -0.5603
vn 0.5772 0.6180 -0.5338
vn 0.7839 0.5653 -0.2568
vn 0.5720 0.6290 -0.5265
vn 0.5578 0.6264 -0.5445
vn 0.7932 0.5554 -0.2498
vn 0.5438 0.5418 -0.6408
vn 0.5697 0.5594 -0.6022
vn 0.4177 0.6691 -0.6147
vn 0.3971 0.6511 -0.6468
vn 0.3919 0.5965 -0.7005
vn 0.3558 0.6059 -0.7115
vn 0.4530 0.5789 -0.6780
vn 0.3994 0.5665 -0.7208
vn 0.9127 -0.1154 -0.3920
vn 0.6945 0.3420 -0.6331
vn 0.6455 0.4097 -0.6446
vn 0.9092 -0.0256 -0.4156
vn 0.8590 -0.5120 0.0050
vn 0.9153 -0.3747 -0.1476
vn -0.3544 -0.6171 0.7026
vn -0.3656 -0.6768 0.6389
vn -0.4122 -0.6518 0.6366
vn -0.4168 -0.6160 0.6685
vn -0.4336 -0.6454 0.6289
vn -0.4169 -0.6002 0.6827
vn -0.4891 -0.5800 0.6514
vn -0.4989 -0.6104 0.6152
vn -0.5230 -0.6380 0.5652
vn -0.4963 -0.6419 0.5845
vn -0.5727 -0.6285 0.5263
vn -0.5684 -0.6139 0.5478
vn -0.4817 -0.6251 0.6142
vn -0.3014 -0.6566 0.6914
vn -0.3648 -0.5653 0.7398
vn -0.5031 -0.5552 0.6623
vn -0.5810 -0.5997 0.5502
vn -0.5522 -0.6143 0.5637
vn -0.5547 -0.5815 0.5951
vn -0.5703 -0.5854 0.5763
vn -0.5790 -0.5989 0.5533
vn -0.5626 -0.5960 0.5730
vn -0.4564 -0.6627 0.5938
vn -0.4764 -0.6022 0.6407
vn -0.1636 -0.7305 0.6631
vn -0.4804 -0.7649 0.4290
vn 0.0522 -0.7038 0.7085
vn -0.2734 -0.8186 0.5051
vn -0.1259 -0.6622 0.7386
vn -0.2304 -0.6716 0.7041
vn -0.4821 -0.7912 0.3763
vn -0.4281 -0.7938 0.4320
vn -0.4673 -0.5437 0.6971
vn -0.4824 -0.7769 0.4046
vn -0.3135 -0.6983 0.6435
vn -0.3271 -0.2345 0.9154
vn -0.2875 0.0920 0.9533
vn -0.4219 -0.0775 0.9033
vn -0.5411 -0.4296 0.7229
vn -0.5254 -0.7514 0.3991
vn -0.5254 -0.7349 0.4288
vn -0.5542 -0.6634 0.5028
vn -0.5550 -0.6859 0.4707
vn -0.5777 -0.4015 0.7107
vn -0.5823 -0.4975 0.6430
vn -0.3840 -0.8493 0.3623
vn -0.4242 -0.8348 0.3508
vn -0.4893 -0.5854 0.6465
vn -0.4251 -0.6493 0.6307
vn -0.3931 -0.8199 0.4161
vn -0.3645 -0.8826 0.2969
vn -0.3773 -0.8947 0.2391
vn -0.3907 -0.8900 0.2349
vn -0.4303 -0.7646 0.4799
vn 0.3937 0.3563 -0.8474
vn 0.5011 0.2624 -0.8246
vn 0.5339 0.3444 -0.7722
vn 0.4257 0.4130 -0.8051
vn 0.6072 0.2816 -0.7430
vn 0.5027 0.0078 -0.8644
vn 0.5754 0.7273 -0.3742
vn 0.5219 0.7234 -0.4520
vn 0.3911 0.7832 -0.4834
vn 0.7888 0.3507 -0.5049
vn 0.5601 0.4248 -0.7112
vn 0.4528 -0.0533 -0.8900
vn 0.7169 -0.0129 -0.6971
vn 0.4978 0.1642 -0.8516
vn 0.5245 0.5362 -0.6614
vn 0.5128 0.8296 -0.2209
vn 0.5373 0.8139 -0.2211
vn 0.4211 0.9070 0.0096
vn 0.4481 0.8749 0.1838
vn 0.4415 0.8902 -0.1119
vn 0.5776 0.8109 -0.0940
vn 0.4454 0.8951 -0.0184
vn 0.5311 0.7785 -0.3344
vn 0.5181 0.8185 -0.2483
vn 0.4746 0.0221 -0.8799
vn 0.6002 0.3698 -0.7093
vn 0.5629 0.6434 -0.5188
vn 0.6192 0.0592 -0.7830
vn 0.4770 0.8362 -0.2707
vn 0.5222 0.1736 -0.8350
vn 0.4846 0.8651 -0.1293
vn 0.6357 0.6555 -0.4076
vn 0.4229 0.9060 -0.0196
vn 0.7850 0.5301 -0.3206
vn 0.8636 0.4601 -0.2060
vn 0.5652 0.4800 -0.6709
vn 0.6654 0.4537 -0.5928
vn 0.8468 0.4266 -0.3177
vn 0.9594 0.2320 -0.1606
vn 0.8094 0.5040 -0.3015
vn 0.7168 0.4046 -0.5679
vn 0.7914 0.5220 -0.3181
vn 0.7945 0.4262 -0.4327
vn 0.7115 0.4416 -0.5466
vn 0.7413 0.6450 -0.1854
vn 0.6684 0.6505 -0.3606
vn 0.6986 0.6162 -0.3637
vn 0.4020 0.1448 -0.9041
vn 0.6394 0.2238 -0.7356
vn 0.6152 0.3003 -0.7290
vn 0.4352 0.2467 -0.8659
vn 0.4157 0.4227 -0.8053
vn 0.5678 0.3836 -0.7283
vn 0.6186 0.7814 -0.0824
vn 0.3698 0.9140 -0.1669
vn 0.4008 0.9116 0.0914
vn 0.7233 0.6730 -0.1546
vn 0.5890 0.4117 -0.6954
vn 0.6752 0.3458 -0.6516
vn 0.6391 0.5194 -0.5672
vn 0.7288 0.4255 -0.5365
vn 0.7680 0.4566 -0.4491
vn 0.7566 0.6513 -0.0580
vn 0.7667 0.6417 -0.0224
vn 0.7629 0.5766 -0.2923
vn 0.7450 0.5896 -0.3119
vn 0.7884 0.2738 -0.5508
vn 0.7529 0.2523 -0.6078
vn 0.8912 0.4414 -0.1047
vn 0.8844 0.1063 -0.4544
vn 0.4895 0.7835 0.3827
vn 0.7047 0.6835 -0.1901
vn 0.6838 0.7101 -0.1680
vn 0.7509 0.3478 -0.5614
vn 0.7807 0.2960 -0.5504
vn 0.7365 0.0484 -0.6747
vn 0.7059 0.1049 -0.7005
vn 0.7310 -0.0470 -0.6807
vn 0.8509 0.2278 -0.4734
vn 0.6625 -0.2757 -0.6965
vn 0.7271 -0.2235 -0.6491
vn 0.6728 0.0782 -0.7357
vn 0.6061 -0.4127 -0.6799
vn 0.6874 -0.4654 -0.5575
vn 0.5889 -0.6150 -0.5243
vn 0.5381 -0.6153 -0.5761
vn 0.7096 -0.5896 -0.3858
vn 0.7935 -0.3021 -0.5283
vn 0.7581 -0.3099 -0.5738
vn 0.9639 -0.0373 -0.2638
vn 0.9111 -0.4121 -0.0116
vn 0.6991 -0.5935 -0.3988
vn 0.8001 0.3642 0.4766
vn 0.9775 0.1637 0.1331
vn 0.9068 0.3972 -0.1410
vn 0.8450 0.4922 0.2092
vn 0.6466 0.0912 0.7574
vn 0.8900 -0.1862 0.4162
vn 0.5384 -0.8364 -0.1026
vn 0.3760 -0.8700 -0.3190
vn 0.6640 -0.7067 0.2442
vn 0.2941 -0.9060 0.3045
vn 0.2639 -0.9622 0.0676
vn 0.2680 -0.9519 -0.1487
vn 0.3997 -0.2846 0.8714
vn 0.6373 -0.5270 0.5623
vn 0.2696 -0.7934 0.5457
vn 0.1142 -0.5520 0.8260
vn -0.0119 -0.5155 0.8568
vn 0.0913 -0.7935 0.6017
vn -0.0612 -0.3927 0.9176
vn -0.0756 -0.7919 0.6059
vn 0.1611 -0.9137 0.3730
vn -0.0622 -0.9680 0.2430
vn -0.5588 -0.3043 0.7715
vn -0.5261 -0.1815 0.8308
vn -0.5120 -0.0654 0.8565
vn -0.4771 0.0447 0.8777
vn -0.5117 -0.1525 0.8455
vn -0.5449 -0.1997 0.8144
vn -0.5733 -0.5851 0.5735
vn -0.4656 -0.8268 0.3158
vn -0.5607 -0.6058 0.5645
vn -0.5573 -0.5568 0.6159
vn -0.4563 -0.6824 0.5710
vn -0.2740 -0.9427 0.1902
vn -0.1121 -0.7962 0.5945
vn -0.0303 -0.8504 0.5253
vn -0.4101 -0.2923 0.8639
vn -0.4078 -0.0657 0.9107
vn -0.4367 -0.8006 0.4104
vn -0.4602 -0.5945 0.6594
vn -0.4509 -0.7027 0.5504
vn -0.3180 -0.3053 0.8976
vn -0.3496 -0.6083 0.7126
vn -0.4275 -0.8740 0.2309
vn -0.3557 -0.8252 0.4388
vn -0.2354 -0.8970 0.3742
vn -0.3518 -0.9118 0.2116
vn -0.2432 -0.9687 -0.0497
vn -0.3404 -0.9375 0.0718
vn -0.2725 -0.9610 -0.0480
vn -0.3694 -0.9280 -0.0481
vn -0.4688 -0.8620 0.1927
vn -0.3003 -0.9369 0.1789
vn -0.1647 -0.9474 0.2744
vn -0.0056 -0.8160 0.5781
vn -0.1759 -0.9803 -0.0896
vn -0.0535 -0.7680 0.6383
vn -0.0598 -0.8199 0.5694
vn -0.4417 -0.8939 0.0767
vn -0.2175 -0.8113 0.5427
vn -0.3403 -0.7134 0.6126
vn -0.2697 -0.9621 -0.0411
vn -0.5168 -0.8081 0.2825
vn -0.2225 -0.7014 0.6771
vn -0.2625 -0.6700 0.6944
vn -0.4244 -0.7612 0.4903
vn -0.3810 -0.8040 0.4566
vn -0.4225 -0.7277 0.5403
vn -0.3233 -0.8341 0.4469
vn -0.2915 -0.5666 0.7707
vn -0.2048 -0.6720 0.7117
vn -0.1730 -0.4641 0.8687
vn -0.0983 -0.7982 0.5944
vn -0.1582 -0.3296 0.9308
vn -0.1165 -0.7199 0.6842
vn -0.2840 -0.8593 0.4254
vn -0.2178 -0.8361 0.5036
vn -0.1109 -0.9355 0.3354
vn -0.1595 -0.9248 0.3455
vn -0.3252 -0.8477 0.4191
vn -0.2216 -0.8955 0.3860
vn -0.0698 -0.8855 0.4594
vn -0.0381 -0.9343 0.3545
vn -0.2944 -0.8240 0.4841
vn -0.2558 -0.8431 0.4730
vn -0.2128 -0.8761 0.4326
vn -0.3838 -0.7156 0.5836
vn -0.1350 -0.9346 0.3291
vn -0.3577 -0.7770 0.5180
vn -0.4930 -0.5522 0.6723
vn -0.5171 -0.5941 0.6162
vn -0.0233 -0.9467 0.3212
vn -0.0758 -0.9383 0.3373
vn -0.0233 -0.9855 0.1681
vn 0.0217 -0.9911 0.1313
vn -0.1672 -0.9133 0.3714
vn -0.0244 -0.9498 0.3118
vn -0.0175 -0.9951 0.0971
vn -0.0125 -0.9939 0.1100
vn -0.2535 -0.9052 0.3412
vn -0.2363 -0.9310 0.2784
vn -0.5158 -0.6688 0.5353
vn -0.5510 -0.5847 0.5954
vn -0.4938 -0.7602 0.4223
vn -0.4261 -0.8099 0.4031
vn -0.4914 -0.7394 0.4602
vn -0.4193 -0.8125 0.4051
vn -0.4765 -0.7291 0.4913
vn -0.4130 -0.7977 0.4395
vn -0.3561 -0.8181 0.4515
vn -0.4246 -0.7744 0.4691
vn -0.1883 -0.9451 0.2672
vn -0.1661 -0.9447 0.2828
vn -0.1306 -0.9675 0.2164
vn -0.4514 -0.8265 0.3363
vn -0.3765 -0.8079 0.4533
vn -0.0856 -0.9690 0.2319
vn -0.5981 -0.5651 0.5682
vn -0.7212 -0.5591 0.4089
vn -0.5273 -0.7307 0.4336
vn -0.5351 -0.7402 0.4071
vn -0.5430 -0.6878 0.4817
vn -0.5761 -0.6594 0.4830
vn -0.5724 -0.6317 0.5228
vn -0.5277 -0.6718 0.5198
vn -0.4343 -0.7707 0.4662
vn -0.4807 -0.7410 0.4689
vn -0.2264 -0.9292 0.2922
vn -0.1613 -0.9496 0.2688
vn -0.1775 -0.9804 0.0858
vn -0.2160 -0.9558 0.1996
vn -0.1554 -0.9828 0.0998
vn -0.2567 -0.9537 0.1568
vn -0.1006 -0.9916 0.0809
vn -0.1577 -0.9573 0.2424
vn -0.4124 -0.7807 0.4695
vn -0.4004 -0.8139 0.4210
vn -0.5095 -0.7518 0.4186
vn -0.4586 -0.6921 0.5574
vn -0.5292 -0.5009 0.6848
vn -0.4703 -0.7752 0.4217
vn -0.6333 -0.4582 0.6237
vn -0.3662 -0.6763 0.6392
vn -0.3681 -0.7369 0.5670
vn 0.5902 0.2780 -0.7579
vn 0.6599 0.3358 -0.6722
vn 0.6831 0.4204 -0.5972
vn 0.6929 0.3813 -0.6120
vn 0.7443 0.2741 -0.6090
vn 0.7424 0.2552 -0.6195
vn 0.5526 0.7126 -0.4322
vn 0.5573 0.6431 -0.5252
vn 0.5171 0.4661 -0.7179
vn 0.8046 0.1699 -0.5690
vn 0.7532 0.3870 -0.5319
vn 0.7339 0.4578 -0.5018
vn 0.8078 0.2000 -0.5545
vn 0.5989 0.6688 -0.4405
vn 0.6085 0.6377 -0.4723
vn 0.5712 0.7370 -0.3613
vn 0.5699 0.7195 -0.3969
vn 0.4941 0.7564 -0.4287
vn 0.5740 0.6502 -0.4977
vn 0.6150 0.6678 -0.4192
vn 0.5918 0.6353 -0.4962
vn 0.6725 0.4578 -0.5815
vn 0.7428 0.3806 -0.5508
vn 0.7989 0.1358 -0.5859
vn 0.7044 0.4127 -0.5775
vn 0.7862 0.1220 -0.6058
vn 0.8001 -0.0383 -0.5987
vn 0.6649 0.5565 -0.4981
vn 0.6997 0.4602 -0.5465
vn 0.6255 0.5593 -0.5440
vn 0.7528 0.3688 -0.5453
vn 0.7208 0.5031 -0.4768
vn 0.7134 0.5736 -0.4025
vn 0.6784 0.4844 -0.5524
vn 0.6969 0.6293 -0.3440
vn 0.7539 0.5808 -0.3069
vn 0.5503 0.8190 -0.1625
vn 0.5719 0.7515 -0.3289
vn 0.5814 0.6693 -0.4626
vn 0.7312 0.6574 0.1823
vn 0.5963 0.7507 0.2844
vn 0.6471 0.7600 0.0597
vn 0.7069 0.6956 -0.1283
vn 0.7386 0.5762 -0.3500
vn 0.6193 0.7842 -0.0381
vn 0.7539 0.1605 -0.6371
vn 0.6927 0.4794 -0.5388
vn 0.5532 0.7130 -0.4307
vn 0.6370 0.6665 -0.3873
vn 0.7186 0.6344 -0.2847
vn 0.7022 0.6447 -0.3022
vn 0.7223 0.6826 -0.1113
vn 0.7994 0.6008 -0.0019
vn 0.7116 0.6867 -0.1483
vn 0.9245 0.1563 -0.3476
vn 0.9280 0.3494 -0.1296
vn 0.7118 0.6895 -0.1340
vn 0.7646 0.5684 -0.3038
vn 0.7476 0.5502 -0.3720
vn 0.8175 0.5312 -0.2226
vn 0.8335 0.2954 -0.4670
vn 0.7193 0.6295 -0.2940
vn 0.7408 0.6671 -0.0787
vn 0.7948 -0.0409 -0.6055
vn 0.7726 -0.0136 -0.6348
vn 0.7956 0.1227 -0.5932
vn 0.0846 0.9865 -0.1400
vn 0.3009 0.9145 -0.2703
vn 0.3789 0.8782 -0.2918
vn 0.2473 0.9669 -0.0635
vn 0.0604 0.9941 -0.0899
vn 0.2302 0.9455 -0.2305
vn 0.1485 0.9825 -0.1121
vn 0.1990 0.9672 -0.1578
vn 0.4260 0.8440 -0.3259
vn 0.5075 0.7753 -0.3760
vn 0.3148 0.9154 -0.2509
vn 0.2045 0.9578 -0.2018
vn 0.4252 0.8434 -0.3286
vn 0.4957 0.7830 -0.3757
vn 0.1518 0.9693 -0.1933
vn 0.1447 0.9717 -0.1868
vn -0.0189 0.9782 -0.2069
vn 0.1339 0.9046 -0.4048
vn 0.3950 0.8255 -0.4030
vn 0.4437 0.7925 -0.4184
vn 0.3754 0.8437 -0.3837
vn 0.2923 0.8762 -0.3833
vn 0.0164 0.9801 -0.1976
vn 0.0733 0.9479 -0.3100
vn 0.0855 0.9499 -0.3008
vn 0.0384 0.9665 -0.2537
vn 0.2155 0.8874 -0.4076
vn 0.2077 0.8603 -0.4655
vn 0.1693 0.9213 -0.3500
vn 0.1119 0.9619 -0.2494
vn 0.0873 0.9775 -0.1921
vn -0.5815 -0.4978 0.6434
vn -0.6038 -0.4037 0.6873
vn -0.5740 -0.4907 0.6556
vn -0.5673 -0.4993 0.6549
vn -0.6516 -0.4877 0.5810
vn -0.6310 -0.5134 0.5817
vn -0.7040 -0.2705 0.6567
vn -0.6677 -0.3347 0.6650
vn -0.6636 -0.4722 0.5802
vn -0.6658 -0.4929 0.5601
vn -0.7646 -0.4740 0.4368
vn -0.7125 -0.5167 0.4746
vn -0.6137 -0.4030 0.6790
vn -0.5535 -0.4305 0.7130
vn -0.5709 -0.3415 0.7466
vn -0.6554 -0.2486 0.7132
vn -0.6467 -0.3899 0.6556
vn -0.6938 -0.1945 0.6934
vn -0.6829 -0.0211 0.7302
vn -0.5268 -0.2917 0.7984
vn -0.6789 -0.1000 0.7274
vn -0.4467 -0.2617 0.8555
vn -0.3412 -0.6037 0.7205
vn -0.4712 -0.4986 0.7276
vn -0.5790 -0.5066 0.6389
vn -0.5570 -0.5851 0.5894
vn -0.7166 -0.1796 0.6740
vn -0.6655 -0.4061 0.6263
vn -0.6878 -0.3669 0.6264
vn -0.5830 -0.6064 0.5407
vn -0.3319 -0.4545 0.8266
vn -0.0276 -0.6737 0.7385
vn -0.5352 -0.5361 0.6528
vn -0.2626 -0.7804 0.5674
vn 0.1349 0.9860 -0.0980
vn 0.2941 0.9035 -0.3118
vn 0.4502 0.7989 -0.3989
vn 0.3499 0.9358 -0.0437
vn 0.5878 0.6890 -0.4241
vn 0.5122 0.7787 -0.3624
vn 0.5157 0.8447 -0.1430
vn 0.5057 0.8591 -0.0789
vn 0.3142 0.9295 0.1931
vn 0.3147 0.9189 0.2378
vn 0.2909 0.9318 0.2172
vn 0.3929 0.8969 0.2031
vn 0.2615 0.9574 0.1223
vn 0.5178 0.8555 0.0052
vn 0.7521 -0.6459 0.1307
vn 0.3877 -0.6570 0.6465
vn 0.1620 -0.8065 0.5686
vn 0.5785 -0.8124 0.0732
vn 0.8776 -0.4142 0.2416
vn 0.6254 -0.3509 0.6970
vn 0.3241 -0.2246 0.9190
vn 0.0488 -0.3596 0.9318
vn -0.1977 -0.4687 0.8609
vn 0.5936 0.8044 0.0225
vn 0.1524 0.7912 0.5923
vn 0.4462 0.6876 0.5728
vn 0.8597 0.4328 -0.2713
vn 0.7931 0.4356 -0.4257
vn 0.7858 0.6061 0.1233
vn 0.4651 0.8852 -0.0001
vn 0.7773 0.4510 -0.4386
vn 0.0335 0.8219 0.5686
vn -0.3003 0.1718 0.9382
vn -0.0769 0.2893 0.9541
vn -0.0170 0.5438 0.8390
vn -0.1540 0.5273 0.8356
vn 0.3558 0.2335 0.9049
vn 0.4087 0.4474 0.7955
vn 0.9071 0.1512 0.3929
vn 0.8937 0.3705 0.2530
vn 0.9520 0.0778 -0.2960
vn 0.9207 0.2068 -0.3310
vn 0.3251 -0.0035 0.9457
vn -0.0813 -0.0320 0.9962
vn -0.3405 -0.1144 0.9333
vn 0.7960 -0.0640 0.6019
vn 0.9891 -0.1310 -0.0671
vn 0.8208 -0.4429 -0.3608
vn 0.9023 -0.2923 -0.3168
vn 0.8626 0.0554 -0.5029
vn 0.8580 0.0210 -0.5132
vn 0.8218 0.1840 -0.5392
vn 0.8022 0.1987 -0.5631
vn -0.0821 0.8893 -0.4498
vn -0.0534 0.8892 -0.4544
vn 0.1701 0.8616 -0.4782
vn 0.1550 0.8485 -0.5060
vn 0.3716 0.7761 -0.5095
vn 0.0776 0.8553 -0.5122
vn 0.7378 0.5065 -0.4462
vn 0.5487 0.6787 -0.4881
vn 0.4901 0.6894 -0.5334
vn -0.3108 0.8667 -0.3902
vn -0.2837 0.8746 -0.3933
vn -0.5948 0.7637 -0.2509
vn -0.6166 0.7413 -0.2650
vn -0.5851 0.7439 -0.3229
vn -0.1983 0.8597 -0.4707
vn 0.0149 0.9342 -0.3564
vn -0.0776 0.8472 -0.5255
vn 0.2080 0.7903 -0.5763
vn 0.2251 0.9245 -0.3077
vn 0.5290 0.6480 -0.5480
vn 0.3152 0.9310 -0.1839
vn -0.2123 0.9266 -0.3104
vn -0.3146 0.8282 -0.4638
vn -0.6510 0.6883 -0.3201
vn -0.6377 0.7471 -0.1874
vn 0.4214 0.8975 0.1301
vn 0.3030 0.9224 0.2396
vn 0.2010 0.9292 0.3100
vn 0.5004 0.8435 0.1954
vn 0.4266 0.8885 -0.1693
vn -0.9049 0.4231 0.0454
vn -0.3943 0.8775 0.2728
vn -0.7714 0.3086 0.5565
vn -0.7285 0.5125 0.4546
vn -0.1306 0.6949 0.7072
vn -0.7778 -0.0117 0.6284
vn -0.3376 0.5276 0.7795
vn 0.8085 0.5802 -0.0984
vn 0.6893 0.7113 0.1377
vn 0.6822 0.7061 -0.1900
vn 0.5943 0.8017 -0.0641
vn -0.1744 0.7163 0.6757
vn -0.0567 0.7586 0.6491
vn 0.2316 0.9480 0.2183
vn 0.1181 0.9287 0.3514
vn 0.0322 0.9330 0.3583
vn 0.2426 0.8058 0.5402
vn 0.0368 0.6990 0.7142
vn -0.0101 0.9711 0.2384
vn 0.2226 0.9711 -0.0862
vn 0.3680 0.9214 -0.1250
vn 0.3862 0.9223 0.0118
vn 0.1631 0.9794 -0.1187
vn 0.0775 0.6479 0.7578
vn 0.2004 0.8294 0.5215
vn 0.0557 0.7298 0.6814
vn 0.4216 0.8549 0.3024
vn -0.0768 0.9817 0.1741
vn -0.9252 0.3561 -0.1311
vn -0.8892 0.4217 -0.1773
vn -0.9570 0.2897 -0.0121
vn -0.9466 0.2927 -0.1354
vn -0.7127 -0.5951 0.3714
vn -0.6133 -0.6061 0.5064
vn -0.3828 -0.6799 0.6254
vn -0.4663 -0.7009 0.5397
vn -0.8532 -0.1501 0.4995
vn -0.7485 -0.1596 0.6437
vn -0.7913 -0.5219 0.3186
vn -0.9521 -0.3057 0.0044
vn -0.6732 -0.5448 0.5000
vn -0.9149 -0.2537 0.3141
vn -0.9996 -0.0182 -0.0229
vn -0.6894 0.1687 0.7045
vn -0.9957 0.0921 0.0014
vn -0.1279 -0.7944 0.5937
vn -0.3286 -0.7603 0.5603
vn -0.0111 -0.8067 0.5908
vn 0.0820 -0.8380 0.5395
vn -0.9389 0.3442 -0.0028
vn -0.8746 0.4601 -0.1531
vn -0.8606 0.5042 -0.0722
vn -0.9490 0.3008 0.0946
vn -0.8817 -0.2146 0.4201
vn -0.9687 0.1769 0.1739
vn -0.9544 0.0714 0.2898
vn -0.8182 -0.2698 0.5077
vn -0.5447 -0.5799 0.6058
vn -0.6190 -0.5505 0.5601
vn -0.9618 0.2364 0.1379
vn -0.8558 0.5147 -0.0520
vn -0.8694 0.4818 -0.1100
vn -0.9807 0.1554 0.1187
vn -0.3045 -0.7869 0.5368
vn -0.4656 -0.7116 0.5261
vn -0.4749 -0.6665 0.5746
vn -0.2081 -0.7902 0.5765
vn -0.7975 -0.3691 0.4772
vn -0.8014 -0.4137 0.4320
vn -0.9372 -0.0932 0.3361
vn -0.9409 -0.1444 0.3064
vn -0.9858 0.1476 0.0799
vn -0.8492 0.4879 -0.2021
vn -0.9946 0.0875 0.0550
vn -0.8625 0.4474 -0.2364
vn -0.4986 0.7302 -0.4670
vn -0.5256 0.7338 -0.4305
vn -0.3948 -0.8179 0.4185
vn -0.6960 -0.5981 0.3973
vn -0.5237 -0.6980 0.4884
vn -0.3205 -0.8073 0.4955
vn -0.8400 -0.3762 0.3911
vn -0.8969 -0.2889 0.3348
vn -0.9607 -0.1245 0.2480
vn -0.9566 -0.1180 0.2665
vn -0.8199 0.5692 -0.0610
vn -0.5569 0.7899 -0.2567
vn -0.6197 0.7455 -0.2454
vn -0.8087 0.5828 -0.0792
vn -0.3169 0.8488 -0.4231
vn -0.2171 0.8887 -0.4038
vn -0.3029 0.8928 -0.3335
vn -0.6351 0.7605 -0.1350
vn -0.8531 0.5211 0.0260
vn -0.9094 -0.1849 0.3725
vn -0.9589 0.2440 0.1446
vn -0.9591 0.2154 0.1836
vn -0.9058 -0.1857 0.3809
vn -0.8893 -0.1889 0.4165
vn -0.9549 0.2231 0.1962
vn -0.3437 -0.7581 0.5542
vn -0.5635 -0.6059 0.5616
vn -0.5657 -0.6468 0.5115
vn -0.3618 -0.7698 0.5259
vn -0.5914 -0.6364 0.4953
vn -0.4453 -0.7217 0.5299
vn 0.0941 0.2124 -0.9726
vn 0.0920 0.1271 -0.9876
vn 0.1453 0.1924 -0.9705
vn 0.1219 0.2255 -0.9666
vn 0.3411 0.6419 -0.6867
vn 0.2567 0.5523 -0.7931
vn 0.3314 0.7778 0.5340
vn 0.4027 0.9146 -0.0355
vn 0.2722 0.8475 0.4556
vn 0.3603 0.8893 -0.2816
vn 0.3119 0.6972 0.6455
vn 0.3616 0.8887 0.2819
vn 0.2418 0.9418 0.2336
vn 0.2121 0.8012 0.5595
vn 0.4739 0.5583 -0.6810
vn 0.4472 0.5962 -0.6668
vn 0.4601 0.4942 -0.7376
vn 0.4194 0.3445 -0.8399
vn 0.4945 0.5284 -0.6901
vn 0.4349 0.5528 -0.7109
vn 0.3884 0.5280 -0.7553
vn 0.3790 0.5758 -0.7244
vn 0.8376 -0.3572 0.4132
vn 0.7570 -0.1310 0.6402
vn 0.3592 -0.6795 0.6397
vn 0.4753 -0.4964 0.7264
vn -0.1479 -0.9889 0.0139
vn -0.0289 -0.9211 -0.3883
vn -0.0181 -0.9998 0.0055
vn 0.2458 -0.9312 -0.2693
vn 0.2838 -0.9459 0.1574
vn 0.4486 -0.8202 0.3550
vn 0.8414 -0.5375 0.0558
vn 0.7426 -0.6625 -0.0983
vn 0.2849 -0.9463 -0.1527
vn 0.4767 -0.8134 -0.3334
vn -0.0067 -0.9998 0.0201
vn 0.4638 -0.8755 -0.1360
vn 0.8175 -0.5598 -0.1351
vn 0.7426 -0.5943 -0.3088
vn 0.3929 -0.9186 0.0425
vn 0.3599 -0.8972 0.2558
vn -0.1603 -0.9366 0.3117
vn -0.2344 -0.8403 0.4889
vn -0.0507 -0.9949 -0.0872
vn 0.2097 -0.9759 0.0598
vn 0.0076 -0.0700 0.9975
vn 0.4104 0.1291 0.9027
vn 0.3929 -0.2361 0.8888
vn -0.0757 -0.1534 0.9853
vn 0.0414 0.8412 0.5391
vn 0.3756 0.9262 -0.0335
vn 0.3389 0.9332 -0.1191
vn 0.2129 0.8854 0.4133
vn 0.7325 0.4920 -0.4705
vn 0.6536 0.5310 -0.5392
vn -0.0689 0.4530 0.8888
vn -0.2029 0.0006 0.9792
vn 0.2400 0.3533 0.9042
vn 0.0691 -0.2045 0.9764
vn 0.4567 -0.8248 0.3334
vn 0.9363 -0.3471 -0.0537
vn 0.8239 -0.5002 -0.2666
vn 0.4721 -0.8787 0.0709
vn 0.8721 0.0117 -0.4892
vn 0.8453 0.1489 -0.5131
vn 0.7732 0.2076 -0.5992
vn 0.7197 0.2360 -0.6530
vn 0.7475 0.6025 -0.2797
vn 0.8350 0.4994 -0.2310
vn 0.8482 0.5005 0.1732
vn 0.7341 0.6784 0.0313
vn 0.7443 0.2863 0.6034
vn 0.8366 0.2118 0.5052
vn -0.3391 -0.8294 0.4440
vn -0.4567 -0.8145 0.3578
vn -0.3866 -0.7715 0.5053
vn -0.3922 -0.6953 0.6023
vn -0.3528 -0.7274 0.5885
vn -0.5480 -0.6831 0.4828
vn -0.4385 -0.5965 0.6723
vn -0.6287 -0.5138 0.5838
vn -0.3573 -0.6569 0.6639
vn 0.6279 0.5470 -0.5536
vn 0.5533 0.5819 -0.5960
vn 0.6129 0.6040 -0.5094
vn 0.6525 0.5774 -0.4908
vn 0.4680 0.6949 -0.5460
vn 0.3121 0.6611 -0.6823
vn 0.5214 0.7247 -0.4505
vn 0.6407 0.6267 -0.4436
vn 0.6953 0.5778 -0.4275
vn -0.3456 -0.6388 0.6874
vn -0.3969 -0.7167 0.5735
vn -0.3325 -0.7568 0.5628
vn -0.2915 -0.6681 0.6846
vn -0.1835 -0.7232 0.6658
vn -0.2347 -0.8092 0.5387
vn 0.8530 -0.3647 -0.3733
vn 0.6508 -0.7591 -0.0168
vn 0.6881 -0.7252 -0.0253
vn 0.8203 -0.5581 -0.1253
vn 0.8192 -0.4040 -0.4071
vn 0.6280 -0.7781 -0.0147
vn 0.4379 -0.8785 0.1909
vn 0.5020 -0.8510 0.1540
vn 0.6009 -0.7967 0.0648
vn 0.5495 -0.8294 -0.1006
vn 0.2590 -0.9551 0.1438
vn 0.7050 -0.6477 -0.2889
vn 0.6809 -0.0852 -0.7274
vn 0.3299 0.4448 -0.8326
vn 0.6143 0.3158 -0.7231
vn 0.4048 0.5857 -0.7022
vn 0.7149 0.3405 -0.6107
vn 0.9403 -0.0453 -0.3373
vn 0.4520 0.7256 -0.5189
vn 0.4733 0.6782 -0.5622
vn 0.1356 0.4623 -0.8763
vn 0.2830 0.4153 -0.8645
vn 0.1842 0.3033 -0.9349
vn 0.1152 0.3445 -0.9317
vn 0.3292 0.3477 -0.8779
vn 0.4178 0.4297 -0.8005
vn 0.4109 0.5124 -0.7541
vn 0.5452 0.5003 -0.6727
vn 0.1788 0.5747 -0.7986
vn -0.0528 -0.7656 0.6411
vn 0.3161 -0.8250 0.4685
vn 0.1900 -0.7715 0.6072
vn 0.5654 -0.7405 0.3633
vn 0.8169 -0.5696 0.0906
vn 0.4638 0.5129 -0.7224
vn 0.4519 0.5519 -0.7008
vn 0.4827 0.5755 -0.6601
vn 0.5240 0.4893 -0.6971
vn 0.4101 0.6741 -0.6143
vn 0.4599 0.6352 -0.6205
vn 0.4466 0.5237 -0.7255
vn 0.3802 0.5843 -0.7170
vn 0.5025 0.4619 -0.7309
vn 0.8566 -0.5135 0.0510
vn 0.8980 -0.4382 -0.0403
vn 0.5168 -0.7566 0.4007
vn 0.5051 -0.8148 0.2845
vn 0.7377 -0.6553 -0.1624
vn 0.8457 -0.4876 -0.2168
vn 0.3508 -0.9361 0.0257
vn 0.1112 -0.9910 0.0743
vn 0.8282 -0.5494 -0.1109
vn 0.3743 -0.9134 0.1601
vn 0.8917 0.2656 -0.3664
vn 0.4105 0.8658 -0.2861
vn 0.5693 0.7528 -0.3303
vn 0.5457 0.7016 -0.4583
vn 0.3845 0.7865 -0.4832
vn -0.4660 -0.6601 0.5892
vn -0.5082 -0.6772 0.5321
vn -0.4993 -0.4610 0.7336
vn -0.4585 -0.5529 0.6958
vn -0.4229 -0.3823 0.8216
vn -0.4398 -0.6354 0.6347
vn 0.8283 0.3769 -0.4145
vn 0.8532 0.5200 -0.0401
vn 0.6615 0.7326 -0.1606
vn 0.5433 0.6536 -0.5269
vn 0.7100 0.1616 -0.6855
vn 0.3705 0.4836 -0.7930
vn 0.0907 -0.7340 0.6730
vn 0.1529 -0.7245 0.6721
vn 0.0195 -0.8574 0.5142
vn 0.0830 -0.8742 0.4784
vn -0.0065 -0.9895 0.1447
vn -0.0787 -0.9599 0.2690
vn 0.2324 0.9508 -0.2048
vn 0.3987 0.8662 -0.3012
vn 0.4694 0.8206 -0.3261
vn 0.3278 0.9235 -0.1991
vn 0.3703 0.9090 -0.1911
vn 0.2603 0.9651 -0.0292
vn -0.1981 -0.9001 0.3880
vn -0.2526 -0.8824 0.3970
vn -0.2980 -0.8466 0.4410
vn -0.2196 -0.8440 0.4893
vn -0.2496 -0.8440 0.4747
vn -0.3467 -0.8677 0.3562
vn -0.2144 -0.7575 0.6166
vn -0.2998 -0.8082 0.5068
vn -0.2006 -0.7621 0.6156
vn -0.2792 -0.5502 0.7870
vn 0.0316 -0.8820 0.4701
vn -0.0055 -0.8685 0.4956
vn -0.1621 -0.6177 0.7695
vn -0.3104 -0.2086 0.9274
vn -0.1097 -0.3564 0.9279
vn 0.5706 0.4535 -0.6846
vn 0.5127 0.3518 -0.7832
vn 0.5423 0.3103 -0.7808
vn 0.6613 0.2409 -0.7104
vn 0.5528 0.2452 -0.7965
vn 0.5180 0.3452 -0.7826
vn 0.4711 0.5395 -0.6979
vn 0.4854 0.4145 -0.7698
vn 0.6401 0.2796 -0.7156
vn 0.2618 0.8023 -0.5365
vn 0.2623 0.8427 -0.4702
vn 0.2721 0.8419 -0.4660
vn 0.2626 0.9644 0.0315
vn 0.2568 0.9654 -0.0456
vn 0.2945 0.9398 -0.1734
vn 0.2516 0.9676 -0.0199
vn 0.2839 0.9155 -0.2849
vn 0.2848 0.9383 -0.1961
vn 0.3476 0.9000 -0.2630
vn 0.2530 0.9445 -0.2096
vn 0.1853 0.9784 -0.0917
vn 0.4038 0.8538 -0.3286
vn 0.4036 0.8707 -0.2810
vn 0.2441 0.9119 -0.3300
vn 0.3163 0.8480 -0.4252
vn 0.3293 0.8953 -0.3000
vn 0.4368 0.7946 -0.4216
vn 0.8862 -0.1380 -0.4422
vn 0.8229 -0.2098 -0.5280
vn 0.6349 0.3152 -0.7054
vn 0.6370 0.3558 -0.6839
vn 0.6490 0.4128 -0.6391
vn 0.9292 -0.0460 -0.3666
vn -0.3924 -0.6210 0.6785
vn -0.4362 -0.6164 0.6556
vn -0.4381 -0.6014 0.6681
vn -0.4095 -0.6510 0.6391
vn -0.4441 -0.6178 0.6489
vn -0.3865 -0.5732 0.7225
vn -0.3140 -0.9351 0.1645
vn -0.4263 -0.7906 0.4395
vn -0.4175 -0.6916 0.5894
vn -0.3512 -0.9097 0.2217
vn -0.4282 -0.7396 0.5193
vn -0.3549 -0.9165 0.1846
vn 0.8941 0.2366 0.3802
vn 0.5681 -0.6054 0.5575
vn 0.3510 -0.5885 0.7284
vn 0.5589 0.8255 -0.0789
vn 0.7871 0.2365 0.5697
vn 0.5281 0.8487 0.0277
vn 0.6565 0.6808 -0.3248
vn 0.9326 0.3537 0.0715
vn 0.5588 -0.5240 0.6428
vn 0.8714 0.2879 0.3973
vn 0.6274 0.7786 0.0110
vn 0.4789 -0.3774 0.7926
vn 0.2668 0.9353 -0.2324
vn 0.2985 0.9416 -0.1558
vn 0.3949 0.6010 -0.6949
vn 0.4107 0.6176 -0.6708
vn 0.3039 0.9457 -0.1152
vn 0.4097 0.3158 -0.8558
vn 0.3801 0.2125 -0.9002
vn -0.2958 -0.9552 -0.0110
vn -0.1920 -0.9162 -0.3518
vn -0.4121 -0.9067 0.0901
vn -0.4048 -0.8752 0.2648
vn -0.3077 -0.9490 0.0683
vn -0.0971 -0.8925 -0.4404
vn -0.1870 -0.9433 -0.2742
vn -0.1474 -0.9271 -0.3446
vn -0.2445 -0.9690 -0.0346
vn 0.8081 0.5190 -0.2787
vn 0.9598 -0.0163 0.2802
vn 0.9109 0.1027 0.3996
vn 0.7870 0.4433 -0.4292
vn 0.3560 -0.5961 0.7196
vn 0.2342 -0.4743 0.8487
vn 0.5262 -0.6195 0.5825
vn 0.8721 0.2244 -0.4348
vn 0.9854 -0.1225 0.1186
vn 0.5433 0.6431 -0.5397
vn 0.4543 0.6924 -0.5606
vn 0.5963 0.5131 -0.6174
vn 0.4991 0.4799 -0.7215
vn 0.4247 0.6408 -0.6395
vn 0.4161 0.3790 -0.8266
vn 0.4766 0.3873 -0.7892
vn 0.4213 0.5205 -0.7426
vn 0.6155 0.4085 -0.6740
vn 0.3036 0.3512 0.8857
vn 0.2052 0.8665 0.4550
vn 0.2112 0.9753 0.0653
vn 0.4155 0.6376 0.6487
vn 0.0431 -0.2352 0.9710
vn 0.2250 -0.2271 0.9475
vn -0.4244 -0.7642 0.4856
vn -0.4387 -0.7544 0.4884
vn -0.5304 -0.6101 0.5885
vn -0.5194 -0.6274 0.5801
vn -0.5117 -0.7098 0.4841
vn -0.3954 -0.8069 0.4389
vn 0.7545 0.4184 -0.5056
vn 0.7268 0.3473 -0.5926
vn 0.8419 0.1601 -0.5154
vn 0.8836 0.2003 -0.4232
vn 0.8420 0.1654 -0.5136
vn 0.7209 0.3797 -0.5798
vn 0.7739 0.3295 -0.5408
vn 0.7809 0.2967 -0.5497
vn 0.8803 0.2114 -0.4248
vn 0.2062 0.7714 -0.6020
vn 0.2554 0.7925 -0.5539
vn 0.2447 0.8164 -0.5230
vn 0.0912 0.4402 -0.8933
vn 0.0627 0.3434 -0.9371
vn 0.0756 0.3061 -0.9490
vn 0.1544 0.4521 -0.8785
vn 0.1978 0.4930 -0.8472
vn 0.3418 0.6153 -0.7103
vn 0.3116 0.8584 0.4076
vn 0.2433 0.9546 0.1721
vn 0.4848 0.8743 0.0233
vn 0.5701 0.8084 0.1468
vn 0.6096 0.7902 -0.0627
vn 0.4625 0.8812 0.0977
vn 0.3571 0.7344 -0.5772
vn 0.4315 0.6955 -0.5745
vn 0.4325 0.6323 -0.6428
vn 0.2965 0.6797 -0.6709
vn 0.3892 0.5573 -0.7335
vn 0.2987 0.6029 -0.7398
vn 0.4072 0.2937 -0.8648
vn 0.4180 0.3291 -0.8467
vn 0.3818 0.2232 -0.8969
vn 0.4192 0.2119 -0.8828
vn 0.3869 0.5408 -0.7469
vn 0.4705 0.5728 -0.6712
vn -0.3093 -0.8454 0.4354
vn -0.1981 -0.7635 0.6146
vn -0.0312 -0.8491 0.5273
vn -0.1935 -0.9154 0.3530
vn 0.0050 -0.7272 0.6864
vn -0.0814 -0.5987 0.7968
vn -0.3584 -0.9335 0.0104
vn -0.3677 -0.9296 0.0265
vn -0.3560 -0.9319 -0.0701
vn -0.3945 -0.9146 0.0884
vn -0.3349 -0.9292 0.1561
vn -0.3900 -0.8687 0.3053
vn -0.3029 -0.6445 0.7020
vn -0.3364 -0.6982 0.6319
vn -0.0438 -0.7843 0.6189
vn -0.0682 -0.7185 0.6921
vn -0.1639 -0.8507 0.4995
vn -0.3950 -0.7550 0.5233
vn 0.0846 0.9964 -0.0022
vn 0.2532 0.9291 -0.2696
vn 0.1623 0.9277 -0.3362
vn -0.0406 0.9907 -0.1295
vn 0.5567 0.5488 -0.6236
vn 0.4793 0.5296 -0.6999
vn 0.5865 0.7297 -0.3515
vn 0.4199 0.7665 -0.4860
vn 0.4109 0.8631 -0.2935
vn 0.5255 0.8382 -0.1457
vn 0.6145 0.4821 -0.6244
vn 0.3448 0.7636 -0.5460
vn 0.4167 0.7835 -0.4610
vn 0.4384 0.5271 -0.7280
vn 0.4780 0.5770 -0.6622
vn 0.5216 0.5279 -0.6702
vn 0.6215 0.5215 -0.5847
vn 0.0560 0.8779 -0.4756
vn 0.3256 0.8231 -0.4654
vn 0.1937 0.7856 -0.5876
vn 0.0273 0.8198 -0.5720
vn 0.0809 0.7134 -0.6961
vn 0.1458 0.7055 -0.6935
vn 0.1571 0.4562 -0.8759
vn 0.1832 0.4004 -0.8978
vn 0.0755 0.4800 -0.8740
vn 0.1245 0.5372 -0.8342
vn 0.1615 0.4096 -0.8979
vn 0.2428 0.5160 -0.8214
vn 0.4170 0.6580 -0.6270
vn 0.0964 0.4532 -0.8862
vn 0.1170 0.5553 -0.8234
vn 0.5750 0.7716 -0.2719
vn 0.5330 0.7605 -0.3709
vn 0.6542 0.7560 0.0194
vn 0.6797 0.7210 0.1348
vn 0.6794 0.7335 0.0183
vn 0.4014 0.7566 -0.5162
vn 0.6847 0.6857 -0.2469
vn 0.4402 0.8590 -0.2613
vn 0.4676 0.8472 -0.2523
vn 0.7279 0.6243 -0.2836
vn 0.1836 0.9728 -0.1409
vn 0.1656 0.9619 -0.2177
vn 0.2778 0.9260 -0.2556
vn 0.3935 0.8142 -0.4269
vn 0.4001 0.8085 -0.4316
vn 0.3021 0.9207 -0.2471
vn 0.3726 0.7100 -0.5975
vn 0.3808 0.6201 -0.6859
vn 0.4737 0.5339 -0.7004
vn 0.3710 0.8060 -0.4613
vn 0.3083 0.9174 -0.2516
vn 0.4471 0.5317 -0.7193
vn 0.4566 0.5206 -0.7215
vn 0.4302 0.5170 -0.7400
vn 0.4353 0.5524 -0.7109
vn 0.4698 0.2929 -0.8328
vn 0.5522 0.1894 -0.8119
vn 0.4329 0.5045 -0.7470
vn 0.4249 0.5095 -0.7482
vn 0.0043 -0.8340 0.5518
vn -0.1047 -0.8910 0.4417
vn -0.1717 -0.8549 0.4895
vn -0.0507 -0.7707 0.6352
vn -0.2665 -0.9370 0.2259
vn -0.2417 -0.9580 0.1546
vn -0.2159 -0.9515 0.2192
vn -0.3229 -0.9097 0.2610
vn -0.1924 -0.7329 0.6526
vn -0.0601 -0.7791 0.6240
vn -0.0899 -0.9891 0.1170
vn -0.0014 -0.9912 0.1323
vn 0.0981 -0.8434 0.5282
vn 0.0319 -0.9416 0.3352
vn 0.2022 -0.8927 0.4027
vn 0.0254 -0.5525 0.8331
vn -0.0487 -0.4582 0.8875
vn -0.0988 -0.4995 0.8607
vn -0.2249 -0.7408 0.6329
vn -0.2732 -0.8419 0.4654
vn 0.0629 -0.6782 0.7322
vn -0.2638 -0.7161 0.6463
vn -0.3293 -0.8061 0.4917
vn -0.3802 -0.7576 0.5306
vn -0.4037 -0.6935 0.5967
vn -0.3583 -0.8279 0.4315
vn -0.2545 -0.9660 -0.0459
vn -0.1413 -0.9635 -0.2274
vn -0.3929 -0.8416 0.3706
vn -0.3086 -0.7693 0.5594
vn -0.4317 -0.8735 0.2250
vn -0.3749 -0.8392 0.3939
vn -0.4128 -0.8286 0.3782
vn -0.4724 -0.8534 0.2203
vn -0.3859 -0.7508 0.5361
vn -0.4069 -0.6630 0.6283
vn -0.4127 -0.5946 0.6900
vn -0.1674 -0.9198 0.3549
vn -0.2551 -0.9444 0.2073
vn -0.4310 -0.5943 0.6790
vn -0.2666 -0.4140 0.8704
vn -0.3450 -0.5687 0.7467
vn -0.3191 -0.6334 0.7050
vn -0.0842 -0.5445 0.8345
vn -0.2841 -0.8081 0.5161
vn -0.2089 -0.8417 0.4979
vn 0.0556 -0.8143 0.5777
vn -0.2365 -0.8325 0.5011
vn 0.0079 -0.6649 0.7469
vn 0.0510 -0.4216 0.9054
vn 0.1321 -0.5765 0.8064
vn 0.1786 -0.7484 0.6388
vn -0.1117 -0.2245 0.9680
vn -0.2974 -0.3963 0.8686
vn -0.4055 -0.6606 0.6318
vn -0.3719 -0.7196 0.5863
vn -0.3660 -0.8131 0.4528
vn -0.4618 -0.6347 0.6196
vn -0.2414 -0.8425 0.4816
vn -0.1366 -0.9800 0.1446
vn 0.0054 -0.9968 0.0799
vn -0.1156 -0.9265 0.3580
vn -0.1547 -0.8105 0.5649
vn -0.2374 -0.8651 0.4418
vn 0.0087 -0.8430 0.5378
vn -0.0668 -0.8688 0.4907
vn -0.1194 -0.7019 0.7022
vn -0.0387 -0.7188 0.6941
vn -0.1038 -0.7021 0.7045
vn -0.3966 -0.6773 0.6196
vn -0.2456 -0.6576 0.7122
vn -0.3042 -0.6270 0.7172
vn -0.4733 -0.5983 0.6465
vn -0.5333 -0.5383 0.6526
vn -0.3868 -0.5869 0.7112
vn -0.4370 -0.6380 0.6340
vn -0.4516 -0.6656 0.5942
vn -0.0463 -0.5078 0.8602
vn -0.0935 -0.5823 0.8076
vn -0.4085 -0.6719 0.6178
vn -0.1197 -0.5205 0.8454
vn -0.4083 -0.7041 0.5810
vn -0.5571 -0.5547 0.6180
vn -0.6778 -0.4621 0.5719
vn -0.4104 -0.7090 0.5734
vn -0.8632 -0.0448 0.5028
vn -0.8259 -0.1687 0.5380
vn -0.8745 0.3655 0.3187
vn -0.9000 0.2718 0.3407
vn -0.7375 0.6686 0.0950
vn -0.7125 0.6971 0.0795
vn -0.4247 0.8910 -0.1606
vn -0.4112 0.9020 -0.1317
vn -0.0876 0.9489 -0.3031
vn -0.1607 0.9329 -0.3222
vn 0.3299 0.8325 -0.4452
vn 0.3057 0.8187 -0.4860
vn 0.7422 0.4330 -0.5115
vn 0.7304 0.5018 -0.4633
vn 0.9126 0.1283 -0.3883
vn 0.9073 0.0719 -0.4142
vn 0.9090 0.0794 -0.4091
vn 0.9107 0.1537 -0.3835
vn 0.2247 0.9593 -0.1710
vn 0.0029 0.9896 -0.1440
vn 0.1866 0.9699 -0.1565
vn 0.2839 0.9329 -0.2215
vn 0.0847 0.9847 -0.1524
vn 0.2174 0.9108 -0.3510
vn 0.5135 0.4759 -0.7140
vn 0.0233 0.9986 -0.0475
vn 0.1249 0.9688 -0.2139
vn 0.5721 0.1822 -0.7997
vn 0.5677 0.2158 -0.7944
vn 0.5539 0.3370 -0.7613
vn 0.5334 0.4473 -0.7179
vn 0.5081 0.6269 -0.5906
vn 0.5810 0.4427 -0.6830
vn 0.6265 0.3625 -0.6900
vn 0.5956 0.5141 -0.6172
vn 0.6235 0.2986 -0.7226
vn 0.6334 0.2356 -0.7371
vn 0.1614 0.9828 -0.0894
vn 0.3034 0.9431 -0.1360
vn 0.0874 0.9878 -0.1292
vn 0.1170 0.9851 -0.1262
vn 0.2231 0.9297 -0.2932
vn 0.3464 0.7871 -0.5103
vn 0.4682 0.8768 -0.1092
vn 0.3241 0.9425 -0.0810
vn 0.2964 0.9179 -0.2639
vn 0.2240 0.9363 -0.2705
vn 0.3998 0.7592 -0.5137
vn 0.5273 0.6134 -0.5880
vn 0.3137 0.9199 -0.2353
vn -0.2118 -0.6247 0.7516
vn -0.3509 -0.6304 0.6925
vn -0.2937 -0.7545 0.5870
vn -0.1347 -0.7806 0.6103
vn 0.1844 -0.8558 0.4834
vn -0.0388 -0.8707 0.4903
vn -0.4484 -0.7031 0.5518
vn -0.3247 -0.8079 0.4918
vn -0.4994 -0.5851 0.6390
vn 0.2105 0.8103 -0.5469
vn -0.0823 0.8847 -0.4588
vn 0.3529 0.6247 -0.6965
vn 0.1735 -0.8439 0.5077
vn 0.3337 -0.8815 0.3340
vn 0.4787 -0.8550 0.1997
vn 0.2380 -0.8974 0.3715
vn -0.0461 -0.8707 0.4896
vn 0.0062 -0.7846 0.6200
vn 0.0892 0.6401 -0.7631
vn 0.2044 0.6077 -0.7674
vn 0.2881 0.5167 -0.8063
vn 0.5091 0.5409 -0.6696
vn 0.4091 0.5850 -0.7003
vn 0.3918 0.5172 -0.7609
vn -0.2660 -0.6597 0.7029
vn -0.4148 -0.6213 0.6648
vn -0.0861 -0.7158 0.6930
vn -0.4054 -0.8753 0.2637
vn -0.3832 -0.8742 0.2983
vn -0.3746 -0.8985 0.2287
vn 0.5197 0.8214 -0.2351
vn 0.3879 0.9102 -0.1448
vn 0.2557 0.9621 -0.0950
vn -0.4103 -0.7826 0.4681
vn -0.3957 -0.8735 0.2835
vn -0.2305 -0.9513 0.2046
vn -0.3944 -0.0428 0.9179
vn -0.5217 0.0296 0.8526
vn -0.3053 -0.2717 0.9127
vn -0.4314 -0.2747 0.8593
vn -0.5704 0.0085 -0.8213
vn -0.1550 0.2734 -0.9493
vn -0.2087 0.5123 -0.8330
vn -0.6497 0.2530 -0.7168
vn -0.8483 -0.4530 0.2742
vn -0.9479 -0.1670 -0.2714
vn -0.8370 -0.3601 -0.4121
vn -0.8396 -0.5376 0.0773
vn -0.6663 0.5739 -0.4762
vn -0.1908 0.7691 -0.6100
vn -0.5636 0.8040 -0.1898
vn -0.1555 0.9368 -0.3135
vn -0.9719 0.2296 0.0513
vn -0.8141 -0.1868 0.5498
vn -0.6215 0.1915 0.7596
vn -0.7191 0.6198 0.3141
vn -0.2868 0.6113 0.7376
vn -0.1860 0.9577 0.2197
vn -0.4267 -0.1677 0.8887
vn -0.2764 0.0088 0.9610
vn -0.5457 -0.3602 0.7566
vn -0.6293 -0.4644 0.6232
vn -0.7149 -0.5152 0.4727
vn 0.5391 0.7213 -0.4349
vn 0.6708 0.5958 -0.4416
vn 0.7521 0.4712 -0.4608
vn 0.6332 0.6230 -0.4593
vn 0.7382 0.4649 -0.4888
vn 0.7126 0.5312 -0.4583
vn 0.9068 0.2550 -0.3356
vn 0.8798 0.3470 -0.3249
vn 0.7745 0.4660 -0.4279
vn 0.7748 0.4534 -0.4407
vn 0.6361 0.6554 -0.4072
vn 0.5704 0.7174 -0.4000
vn 0.5473 0.7362 -0.3981
vn 0.5855 0.7026 -0.4044
vn 0.6956 0.5849 -0.4172
vn 0.7413 0.5220 -0.4219
vn 0.7066 0.5938 -0.3848
vn 0.6397 0.6558 -0.4010
vn 0.7592 0.5281 -0.3804
vn 0.7710 0.5223 -0.3644
vn 0.5249 0.7377 -0.4247
vn 0.3397 0.8446 -0.4138
vn 0.3705 0.7747 -0.5124
vn 0.4526 0.6856 -0.5702
vn 0.3563 0.7390 -0.5718
vn 0.4551 0.6609 -0.5967
vn 0.6954 0.4552 -0.5561
vn 0.6469 0.4571 -0.6104
vn 0.7049 0.4055 -0.5820
vn 0.7164 0.4163 -0.5598
vn 0.8368 0.2879 -0.4657
vn 0.7543 0.3829 -0.5333
vn 0.5351 0.5812 -0.6131
vn 0.5319 0.5879 -0.6095
vn 0.5772 0.5165 -0.6325
vn 0.5940 0.5143 -0.6186
vn 0.6708 0.5178 -0.5309
vn 0.6167 0.6175 -0.4881
vn 0.6783 0.4899 -0.5476
vn 0.6105 0.4741 -0.6344
vn 0.6645 0.4537 -0.5938
vn 0.3181 0.8914 -0.3229
vn 0.5086 0.7701 -0.3851
vn 0.5315 0.7745 -0.3430
vn 0.3933 0.9010 -0.1828
vn 0.7510 0.4151 -0.5136
vn 0.7823 0.4565 -0.4239
vn 0.8329 0.3681 -0.4133
vn 0.8250 0.2847 -0.4882
vn 0.6728 0.5379 -0.5079
vn 0.7079 0.5326 -0.4639
vn 0.7370 0.5149 -0.4379
vn 0.6829 0.5161 -0.5170
vn 0.6515 0.6119 -0.4484
vn 0.6602 0.5865 -0.4692
vn 0.4132 0.9105 -0.0149
vn 0.3995 0.9059 -0.1405
vn 0.5581 0.7710 -0.3069
vn 0.6571 0.7322 -0.1793
vn 0.7158 0.5261 -0.4592
vn 0.7089 0.5612 -0.4273
vn 0.8679 0.4962 0.0221
vn 0.8870 0.4603 0.0365
vn 0.6756 0.3253 0.6616
vn 0.4054 0.6490 0.6438
vn -0.1352 -0.4353 0.8901
vn 0.1074 -0.3693 0.9231
vn 0.5493 0.1084 0.8285
vn 0.5981 0.0238 0.8011
vn 0.0211 -0.3557 0.9344
vn -0.1763 -0.2868 0.9416
vn -0.3600 -0.7578 0.5442
vn -0.2809 -0.7627 0.5826
vn -0.1162 -0.5991 0.7922
vn -0.2614 -0.7032 0.6612
vn -0.6437 -0.4153 0.6428
vn -0.5123 -0.5137 0.6883
vn -0.3161 -0.4746 0.8215
vn -0.5429 -0.4285 0.7222
vn -0.5035 -0.6257 0.5958
vn -0.4107 -0.7053 0.5778
vn -0.4482 -0.7018 0.5537
vn -0.5458 -0.6253 0.5577
vn -0.4839 -0.6216 0.6160
vn -0.3489 -0.7220 0.5975
vn -0.4288 -0.7534 0.4985
vn -0.2883 -0.8081 0.5137
vn -0.3872 -0.8270 0.4076
vn -0.5382 -0.7347 0.4129
vn -0.6532 -0.5270 0.5437
vn -0.7167 -0.4229 0.5545
vn -0.7138 -0.4767 0.5131
vn -0.6999 -0.5310 0.4777
vn -0.6375 -0.5494 0.5402
vn -0.6488 -0.4652 0.6022
vn -0.6190 -0.4828 0.6195
vn -0.5852 -0.6051 0.5398
vn -0.5461 -0.6330 0.5488
vn -0.6228 -0.5437 0.5626
vn -0.6610 -0.5308 0.5305
vn -0.5059 -0.6955 0.5103
vn -0.3768 -0.8073 0.4542
vn -0.4019 -0.8040 0.4383
vn -0.5510 -0.6687 0.4992
vn -0.6287 -0.5533 0.5464
vn -0.6547 -0.4848 0.5800
vn -0.6706 -0.5097 0.5390
vn -0.6446 -0.5476 0.5335
vn -0.6740 -0.5076 0.5367
vn -0.6341 -0.5090 0.5820
vn -0.5781 -0.6972 0.4239
vn -0.4624 -0.7971 0.3882
vn -0.4483 -0.7959 0.4070
vn -0.5564 -0.6910 0.4614
vn -0.3788 -0.8573 0.3486
vn -0.3826 -0.8445 0.3747
vn -0.6544 -0.5638 0.5038
vn -0.6783 -0.5198 0.5193
vn -0.6972 -0.5433 0.4677
vn -0.6734 -0.5900 0.4455
vn -0.3888 -0.7541 0.5293
vn -0.4812 -0.7292 0.4866
vn -0.4558 -0.7320 0.5064
vn -0.6219 -0.6399 0.4514
vn -0.6195 -0.6300 0.4683
vn -0.4262 -0.7777 0.4622
vn -0.4114 -0.7600 0.5032
vn -0.4903 -0.7185 0.4933
vn -0.5290 -0.7027 0.4757
vn -0.5014 -0.7001 0.5084
vn -0.4996 -0.7472 0.4383
vn -0.5478 -0.7092 0.4438
vn -0.5874 -0.6834 0.4336
vn -0.5565 -0.6194 0.5537
vn -0.4944 -0.7395 0.4568
vn -0.2340 -0.8107 0.5366
vn -0.2773 -0.8345 0.4761
vn -0.2291 -0.5634 0.7938
vn -0.1008 -0.3695 0.9238
vn -0.2178 -0.8498 0.4800
vn 0.2084 0.0277 0.9776
vn 0.4457 -0.7431 0.4992
vn -0.0225 -0.8636 0.5036
vn -0.0601 -0.3385 0.9390
vn 0.3402 0.9132 -0.2244
vn 0.1547 0.9104 -0.3838
vn 0.0892 0.9958 0.0198
vn 0.5752 0.8180 -0.0007
vn 0.2525 0.9110 0.3262
vn 0.4343 0.7503 0.4984
vn 0.5639 0.7283 -0.3893
vn 0.3430 0.7995 -0.4931
vn 0.2026 0.8613 -0.4660
vn 0.1642 0.7470 0.6442
vn 0.3345 0.6224 0.7076
vn 0.1436 0.8882 0.4364
vn 0.6996 0.7140 0.0278
vn 0.5514 0.6569 0.5142
vn 0.6793 0.6378 0.3629
vn 0.6979 0.6543 -0.2913
vn 0.6996 0.6851 -0.2029
vn 0.6833 0.7139 -0.1533
vn 0.4348 0.5150 0.7387
vn 0.4281 0.3858 0.8173
vn 0.7002 0.7124 -0.0475
vn 0.7585 0.6504 -0.0413
vn 0.7217 0.5558 0.4125
vn 0.7367 0.6070 0.2981
vn 0.7258 0.6630 -0.1832
vn 0.7354 0.6635 -0.1375
vn 0.4961 0.3335 0.8017
vn 0.6155 0.4246 0.6640
vn 0.7456 0.2966 0.5967
vn 0.7328 -0.6803 -0.0114
vn 0.9696 0.1036 0.2215
vn 0.8652 -0.3743 0.3336
vn 0.7452 -0.6526 -0.1371
vn 0.6873 0.3093 0.6572
vn 0.7187 0.2244 0.6581
vn 0.9505 -0.1589 0.2670
vn 0.8851 0.4651 0.0146
vn 0.6835 0.6532 0.3258
vn 0.7878 0.4166 -0.4537
vn 0.9180 -0.2703 -0.2903
vn 0.2536 0.9667 -0.0331
vn 0.4128 0.8616 -0.2954
vn 0.3537 0.8074 -0.4723
vn 0.2461 0.9550 0.1653
vn 0.6654 0.7340 0.1360
vn 0.2500 0.9345 0.2534
vn 0.2263 0.7970 0.5600
vn 0.2869 0.7161 0.6363
vn 0.3131 0.9353 0.1647
vn 0.4688 0.5923 0.6552
vn 0.4141 0.7575 0.5047
vn 0.3150 0.3076 0.8979
vn 0.0618 0.8340 0.5483
vn 0.0262 0.9918 -0.1251
vn 0.4405 0.7782 0.4476
vn 0.0727 0.8744 -0.4797
vn 0.2593 0.8970 -0.3579
vn 0.4031 0.8109 0.4242
vn -0.1102 0.9748 -0.1940
vn 0.4314 0.7479 0.5045
vn -0.3110 0.8716 -0.3789
vn -0.2298 0.9069 -0.3532
vn -0.0548 0.9979 0.0338
vn 0.0758 0.9967 -0.0282
vn -0.2309 0.8404 -0.4904
vn 0.4600 0.7260 0.5112
vn 0.5525 0.7069 0.4416
vn -0.0375 0.9949 0.0940
vn -0.5174 0.7905 -0.3276
vn -0.9003 -0.3777 0.2164
vn -0.9547 -0.2627 0.1398
vn -0.9019 -0.2940 0.3164
vn -0.8196 -0.4658 0.3336
vn -0.7748 -0.5338 0.3387
vn -0.6993 -0.5222 0.4881
vn -0.1106 -0.9799 0.1659
vn 0.1092 -0.6838 0.7214
vn 0.1854 -0.8052 0.5633
vn -0.2890 -0.9572 0.0176
vn -0.0599 -0.9980 -0.0188
vn -0.2460 -0.9646 -0.0948
vn 0.1866 -0.2036 0.9611
vn -0.0310 -0.4081 0.9124
vn 0.2342 -0.3486 0.9075
vn 0.3923 -0.2411 0.8877
vn 0.2943 0.5893 -0.7524
vn 0.3439 0.6600 -0.6679
vn 0.3454 0.6862 -0.6402
vn 0.3219 0.4327 -0.8421
vn 0.0087 -0.9985 0.0544
vn -0.1678 -0.9844 0.0531
vn -0.2066 -0.9634 0.1710
vn -0.0186 -0.9727 0.2311
vn -0.2595 -0.9341 0.2450
vn -0.1406 -0.8955 0.4222
vn -0.3542 -0.7088 0.6101
vn -0.3350 -0.5628 0.7557
vn -0.2486 -0.6195 0.7446
vn -0.3086 -0.5737 0.7587
vn 0.5033 0.2440 -0.8289
vn 0.3534 0.2017 -0.9135
vn 0.4503 0.5302 -0.7184
vn 0.5416 0.5097 -0.6684
vn 0.5431 0.5354 -0.6468
vn 0.4840 0.5508 -0.6800
vn 0.4961 0.8678 -0.0268
vn 0.4558 0.8511 0.2605
vn 0.3779 0.8925 0.2463
vn 0.4896 0.8671 -0.0922
vn 0.2953 0.8814 0.3687
vn 0.4200 0.8238 0.3807
vn -0.4989 -0.6078 0.6178
vn -0.5798 -0.6521 0.4884
vn -0.4389 -0.8186 0.3706
vn -0.3710 -0.8318 0.4128
vn -0.6503 0.7596 -0.0064
vn -0.8417 0.4975 0.2098
vn -0.3250 0.9178 -0.2281
vn -0.2193 0.9752 -0.0287
vn -0.5440 0.8045 0.2383
vn -0.7667 0.4632 0.4446
vn 0.2905 0.8490 -0.4413
vn 0.3753 0.8863 -0.2712
vn 0.7816 0.4531 -0.4288
vn 0.8163 0.5215 -0.2485
vn 0.9387 0.1558 -0.3074
vn 0.9178 0.2373 -0.3182
vn 0.9610 0.1799 -0.2099
vn 0.9725 0.0335 -0.2303
vn 0.8900 0.2398 -0.3878
vn 0.9254 0.1656 -0.3408
vn 0.8084 0.3799 -0.4496
vn 0.8149 0.3958 -0.4233
vn 0.7946 0.1155 -0.5961
vn 0.7777 0.1940 -0.5980
vn 0.7188 0.3857 -0.5785
vn 0.7274 0.3553 -0.5870
vn 0.6834 0.4808 -0.5493
vn 0.6799 0.4506 -0.5785
vn 0.4182 0.8913 0.1754
vn 0.4823 0.8754 -0.0316
vn 0.3836 0.9219 -0.0547
vn 0.3490 0.9304 0.1119
vn 0.4276 0.8931 -0.1399
vn 0.5195 0.8395 -0.1589
vn 0.4189 0.9013 0.1105
vn 0.4242 0.9055 -0.0094
vn 0.6227 0.6503 -0.4351
vn 0.5940 0.6940 -0.4068
vn 0.5893 0.6869 -0.4253
vn 0.6338 0.6501 -0.4192
vn 0.5525 0.7188 -0.4221
vn 0.5464 0.7502 -0.3724
vn 0.4314 0.8301 -0.3532
vn 0.5088 0.7512 -0.4204
vn 0.6124 0.7140 -0.3393
vn 0.6273 0.6107 -0.4833
vn 0.6288 0.6117 -0.4801
vn 0.5861 0.7261 -0.3594
vn 0.5809 0.7776 -0.2406
vn 0.5066 0.8267 -0.2449
vn 0.3706 0.7869 -0.4935
vn 0.4738 0.7373 -0.4815
vn 0.5094 0.7118 -0.4836
vn 0.4225 0.7326 -0.5336
vn -0.3997 -0.8526 0.3366
vn -0.3615 -0.8441 0.3961
vn -0.3360 -0.6722 0.6597
vn -0.3479 -0.6771 0.6484
vn -0.5235 -0.6752 0.5197
vn -0.4297 -0.6442 0.6327
vn -0.4954 -0.6253 0.6030
vn -0.5684 -0.6518 0.5020
vn -0.4645 -0.6949 0.5490
vn -0.3736 -0.6585 0.6533
vn -0.3718 -0.6641 0.6486
vn -0.4116 -0.6499 0.6389
vn -0.4007 -0.8955 -0.1938
vn -0.4460 -0.8255 0.3459
vn -0.4331 -0.8438 0.3168
vn -0.2903 -0.9409 -0.1743
vn -0.4305 -0.8239 0.3686
vn -0.4469 -0.6614 0.6023
vn -0.4522 -0.8786 -0.1536
vn -0.4374 -0.6946 0.5711
vn -0.3660 -0.6425 0.6732
vn -0.5793 -0.6445 0.4990
vn -0.5300 -0.6196 0.5790
vn -0.5413 -0.7414 0.3968
vn -0.4028 -0.6078 0.6843
vn -0.4177 -0.6473 0.6376
vn -0.5436 -0.7338 0.4075
vn 0.5963 0.6576 -0.4604
vn 0.6523 0.5671 -0.5029
vn 0.6590 0.5778 -0.4815
vn 0.6662 0.6069 -0.4334
vn 0.6357 0.5449 -0.5468
vn 0.6203 0.5787 -0.5295
vn 0.4406 0.7010 -0.5608
vn 0.4788 0.6962 -0.5348
vn 0.6096 0.5912 -0.5281
vn 0.5138 0.6866 -0.5144
vn 0.5657 0.6569 -0.4986
vn 0.4569 0.7508 -0.4771
vn 0.3638 0.7792 -0.5104
vn 0.3801 0.7912 -0.4791
vn 0.4162 0.7112 -0.5665
vn 0.4282 0.7273 -0.5364
vn 0.4826 0.6839 -0.5471
vn 0.4246 0.6694 -0.6096
vn 0.4122 0.6603 -0.6278
vn 0.3906 0.6163 -0.6839
vn 0.5289 0.6091 -0.5910
vn 0.3759 0.7507 -0.5433
vn 0.3383 0.6604 -0.6704
vn 0.3109 0.4008 -0.8618
vn 0.4360 0.4766 -0.7634
vn 0.1719 0.3918 -0.9039
vn 0.1613 0.4485 -0.8791
vn 0.3848 0.5794 -0.7185
vn 0.0618 0.3680 -0.9278
vn -0.1325 0.2089 -0.9689
vn 0.5669 0.5357 -0.6258
vn -0.3391 -0.5730 0.7461
vn -0.3257 -0.5759 0.7499
vn -0.3217 -0.6294 0.7074
vn -0.3249 -0.6345 0.7013
vn 0.2455 0.5604 -0.7910
vn 0.3729 0.6363 -0.6753
vn -0.3468 -0.6909 0.6343
vn -0.3503 -0.7043 0.6174
vn -0.4166 -0.7560 0.5049
vn -0.3826 -0.7544 0.5335
vn -0.4582 -0.6026 0.6534
vn -0.4468 -0.6824 0.5785
vn -0.4459 -0.6748 0.5881
vn -0.4721 -0.5921 0.6531
vn -0.4052 -0.7705 0.4921
vn -0.4545 -0.7566 0.4701
vn 0.5102 0.5414 -0.6683
vn 0.5512 0.5582 -0.6201
vn 0.5571 0.5595 -0.6137
vn 0.5703 0.5986 -0.5625
vn -0.4046 -0.7628 0.5044
vn -0.4421 -0.6668 0.5999
vn -0.4628 -0.5872 0.6641
vn 0.5870 0.5840 -0.5607
vn 0.5883 0.5993 -0.5429
vn 0.6042 0.6246 -0.4949
vn 0.5854 0.6296 -0.5108
vn 0.5583 0.5300 -0.6383
vn 0.5715 0.5929 -0.5674
vn 0.5558 0.6075 -0.5675
vn 0.5505 0.5312 -0.6440
vn 0.5139 0.6851 -0.5162
vn 0.5497 0.6563 -0.5169
vn 0.4873 0.7101 -0.5083
vn 0.5139 0.6328 -0.5792
vn 0.4931 0.5577 -0.6677
vn -0.4975 -0.7733 0.3931
vn -0.4171 -0.8123 0.4077
vn -0.4635 -0.8047 0.3709
vn -0.3702 -0.8534 0.3669
vn -0.3579 -0.8182 0.4499
vn -0.4520 -0.7883 0.4174
vn -0.3072 -0.8480 0.4320
vn -0.3609 -0.8383 0.4086
vn -0.3897 -0.8055 0.4464
vn -0.3744 -0.8184 0.4360
vn 0.5898 0.6545 -0.4730
vn 0.5898 0.6637 -0.4601
vn 0.5448 0.6797 -0.4911
vn 0.5607 0.6449 -0.5193
vn 0.5148 0.7340 -0.4430
vn 0.5232 0.7197 -0.4564
vn 0.5392 0.6993 -0.4693
vn 0.4925 0.7251 -0.4814
vn -0.2945 -0.5883 0.7531
vn -0.2782 -0.8358 0.4733
vn -0.0767 -0.8081 0.5840
vn -0.0936 -0.5340 0.8403
vn 0.4596 0.7599 -0.4596
vn 0.4611 0.7455 -0.4814
vn -0.3615 -0.8085 0.4644
vn -0.3021 -0.6078 0.7344
vn -0.4186 -0.6459 0.6384
vn -0.2035 -0.5013 0.8410
vn -0.6142 -0.2884 0.7346
vn -0.3564 -0.4264 0.8314
vn -0.4339 -0.2025 0.8779
vn -0.6007 -0.1327 0.7884
vn -0.5614 -0.3784 0.7360
vn -0.5677 -0.4034 0.7176
vn 0.4801 0.8762 0.0427
vn 0.3819 0.9238 0.0262
vn 0.3968 0.7805 -0.4831
vn 0.4801 0.7819 -0.3977
vn -0.6132 -0.2416 0.7521
vn -0.6071 -0.1938 0.7706
vn -0.5746 -0.5533 0.6031
vn -0.3318 -0.9123 -0.2399
vn -0.4686 -0.8455 -0.2560
vn -0.5045 -0.8262 0.2508
vn -0.2358 -0.9208 0.3106
vn -0.5412 -0.8167 -0.2005
vn -0.6002 -0.7412 0.3006
vn 0.2826 0.4941 -0.8222
vn 0.3710 0.4169 -0.8298
vn -0.1517 -0.9756 -0.1586
vn 0.0491 -0.9083 0.4153
vn -0.4750 -0.6919 0.5437
vn -0.3177 -0.2587 0.9122
vn -0.4432 -0.2691 0.8551
vn -0.2530 -0.3629 0.8968
vn 0.1486 -0.4325 0.8893
vn 0.0033 -0.0217 0.9998
vn 0.3348 -0.0621 0.9402
vn -0.4918 -0.8700 -0.0357
vn -0.1896 -0.7902 0.5827
vn -0.2163 -0.8306 0.5131
vn -0.3011 -0.8762 0.3763
vn -0.3067 -0.8676 0.3915
vn -0.3507 -0.8680 0.3514
vn -0.3510 -0.8218 0.4488
vn 0.4128 -0.3517 0.8402
vn 0.4211 -0.2134 0.8816
vn -0.2845 -0.7506 0.5964
vn -0.3430 -0.8543 0.3905
vn -0.3950 -0.8189 0.4164
vn -0.2942 -0.7685 0.5682
vn -0.1029 -0.7266 0.6793
vn 0.1108 -0.5912 0.7989
vn 0.1348 -0.4159 0.8994
vn -0.2861 -0.8912 0.3519
vn -0.0868 -0.3518 0.9320
vn 0.5077 0.8494 -0.1437
vn 0.5210 0.7800 -0.3468
vn 0.4980 0.8213 -0.2782
vn 0.4816 0.8669 -0.1288
vn 0.5168 0.7414 -0.4280
vn 0.5414 0.7064 -0.4560
vn -0.5966 -0.5336 0.5995
vn -0.4315 -0.4920 0.7562
vn -0.5662 -0.2509 0.7851
vn -0.7461 -0.2472 0.6183
vn -0.5754 -0.3544 0.7371
vn -0.5069 -0.5065 0.6975
vn -0.5985 -0.3780 0.7064
vn -0.7832 -0.2498 0.5694
vn 0.0280 -0.9938 0.1080
vn -0.2499 -0.8929 0.3746
vn -0.3876 -0.9041 0.1797
vn -0.0659 -0.9947 0.0788
vn -0.7528 -0.5464 0.3670
vn -0.5969 -0.6097 0.5216
vn -0.3438 -0.8943 0.2864
vn -0.3024 -0.8305 0.4678
vn -0.0820 -0.9740 0.2114
vn -0.1184 -0.9903 0.0731
vn -0.1610 -0.8265 0.5394
vn 0.0403 -0.9708 0.2363
vn -0.6665 -0.4607 0.5861
vn -0.8590 -0.2690 0.4356
vn -0.8379 -0.2506 0.4850
vn 0.2370 0.9428 -0.2345
vn 0.3022 0.9530 -0.0205
vn 0.6306 0.6140 -0.4747
vn 0.6769 0.6644 -0.3168
vn 0.1696 0.9852 -0.0231
vn 0.0557 0.9911 -0.1212
vn 0.7966 0.2084 -0.5675
vn 0.8415 0.1799 -0.5094
vn 0.4543 0.8072 -0.3768
vn 0.4699 0.7948 -0.3840
vn 0.4890 0.7314 -0.4754
vn 0.5055 0.7614 -0.4059
vn 0.5250 0.6815 -0.5098
vn 0.5668 0.7309 -0.3801
vn 0.4638 0.8232 -0.3274
vn 0.4296 0.8723 -0.2334
vn 0.4617 0.7850 -0.4130
vn 0.3926 0.8753 -0.2825
vn 0.1749 0.9843 0.0222
vn 0.3672 0.9192 -0.1423
vn 0.3860 0.9225 0.0011
vn 0.3308 0.9295 0.1632
vn 0.5093 0.8339 -0.2127
vn 0.4766 0.8380 -0.2655
vn 0.4838 0.8233 -0.2969
vn 0.5513 0.7754 -0.3080
vn 0.5233 0.7992 -0.2958
vn 0.6014 0.7316 -0.3211
vn 0.5654 0.7502 -0.3428
vn 0.4375 0.8515 -0.2890
vn 0.2875 0.9455 -0.1530
vn 0.4326 0.3936 -0.8111
vn 0.4188 0.5180 -0.7458
vn 0.3717 0.5731 -0.7303
vn 0.3932 0.5019 -0.7704
vn 0.5539 0.7879 -0.2691
vn 0.5850 0.7382 -0.3360
vn 0.4586 0.4510 -0.7657
vn 0.5417 0.4898 -0.6831
vn 0.5430 0.4552 -0.7056
vn 0.4621 0.3580 -0.8113
vn 0.4608 0.4366 -0.7727
vn 0.4805 0.2230 -0.8481
vn 0.4559 0.3329 -0.8254
vn 0.4452 0.1258 -0.8865
vn 0.3773 0.1825 -0.9079
vn 0.3066 -0.0370 -0.9511
vn 0.4375 -0.0629 -0.8970
vn 0.4823 0.4632 -0.7435
vn -0.4384 -0.5500 0.7109
vn -0.4345 -0.5857 0.6842
vn -0.4610 -0.5927 0.6605
vn -0.4566 -0.5447 0.7035
vn 0.2381 0.0918 -0.9669
vn 0.3712 0.3817 -0.8465
vn -0.4370 -0.6042 0.6663
vn -0.4561 -0.5585 0.6929
vn -0.4866 -0.5490 0.6795
vn -0.5177 -0.6020 0.6079
vn -0.4321 -0.6288 0.6465
vn -0.4591 -0.6433 0.6126
vn -0.4147 -0.8835 0.2179
vn -0.4572 -0.7821 0.4234
vn -0.5397 -0.6967 0.4726
vn -0.5266 -0.8337 0.1662
vn -0.5092 -0.5628 0.6512
vn -0.5154 -0.7443 0.4246
vn -0.4401 -0.8866 0.1425
vn -0.4788 -0.5344 0.6966
vn -0.4717 -0.7711 0.4276
vn -0.5311 -0.7798 0.3313
vn -0.5866 -0.7297 0.3514
vn -0.5180 -0.7402 0.4286
vn -0.6121 -0.7263 0.3129
vn -0.5595 -0.7854 0.2648
vn -0.6435 -0.6377 0.4235
vn -0.6433 -0.6486 0.4068
vn -0.5755 -0.6581 0.4855
vn -0.3557 -0.7219 0.5936
vn -0.1837 -0.9375 0.2954
vn -0.5235 -0.7397 0.4229
vn -0.5266 -0.7380 0.4220
vn -0.5657 -0.6540 0.5023
vn -0.4908 -0.8347 0.2497
vn -0.4298 -0.8599 0.2753
vn -0.5248 -0.7673 0.3686
vn -0.5549 -0.6846 0.4726
vn -0.4942 -0.6784 0.5437
vn -0.5718 -0.7566 0.3172
vn -0.6429 -0.6313 0.4337
vn 0.2781 0.9577 -0.0741
vn 0.3411 0.9398 -0.0202
vn 0.4791 0.7931 -0.3761
vn 0.3450 0.8278 -0.4424
vn -0.5291 -0.6966 0.4846
vn 0.5243 0.3266 -0.7864
vn 0.4191 0.3412 -0.8414
vn 0.3721 0.8402 -0.3944
vn 0.4681 0.7916 -0.3928
vn 0.4847 0.1753 -0.8569
vn 0.3016 0.2214 -0.9274
vn 0.3273 0.8640 -0.3825
vn 0.2930 0.2843 -0.9129
vn 0.1980 0.9719 -0.1271
vn 0.1911 0.9781 -0.0825
vn -0.5322 -0.7215 0.4429
vn -0.4117 -0.9113 0.0004
vn -0.3998 -0.9136 0.0741
vn -0.5425 -0.5898 0.5982
vn 0.3780 0.9253 -0.0293
vn -0.2967 -0.7947 0.5296
vn -0.5763 -0.7016 0.4190
vn -0.4766 -0.8774 0.0544
vn -0.1901 -0.9694 0.1555
vn -0.4278 -0.9012 0.0696
vn -0.2850 -0.9471 -0.1475
vn -0.4283 -0.9019 0.0554
vn -0.4480 -0.8923 -0.0556
vn -0.4202 -0.9068 -0.0344
vn -0.5667 -0.6490 0.5076
vn -0.2463 -0.9105 0.3321
vn -0.2181 -0.8861 0.4090
vn -0.5177 -0.6254 0.5838
vn -0.5548 -0.6911 0.4631
vn -0.5291 -0.5913 0.6086
vn -0.2672 -0.8756 0.4024
vn -0.1033 -0.9946 0.0022
vn -0.5294 -0.7372 0.4199
vn -0.2619 -0.9279 0.2652
vn -0.6132 -0.5123 0.6013
vn -0.6637 -0.5212 0.5366
vn -0.6132 -0.5700 0.5469
vn -0.6410 -0.6111 0.4645
vn -0.6289 -0.6287 0.4574
vn -0.3717 -0.8489 0.3757
vn 0.6868 0.4977 -0.5298
vn 0.6432 0.5174 -0.5645
vn 0.6693 0.4440 -0.5957
vn 0.7019 0.4100 -0.5824
vn 0.5812 0.6268 -0.5190
vn 0.6266 0.6604 -0.4139
vn -0.5922 -0.6240 0.5098
vn 0.6152 0.6271 -0.4777
vn 0.6076 0.6453 -0.4630
vn 0.6528 0.4492 -0.6100
vn 0.6645 0.4527 -0.5946
vn 0.6897 0.4565 -0.5621
vn 0.6922 0.2949 -0.6587
vn 0.6820 0.2590 -0.6840
vn 0.6692 0.0280 -0.7425
vn 0.6886 -0.0080 -0.7251
vn 0.6458 0.6401 -0.4163
vn 0.5478 0.7249 -0.4177
vn 0.4529 0.8203 -0.3492
vn 0.4692 0.8516 -0.2336
vn 0.5825 0.7484 -0.3173
vn 0.3708 0.9210 -0.1195
vn 0.3715 0.8979 -0.2363
vn 0.3372 0.9409 -0.0325
vn 0.4701 0.8702 -0.1473
vn 0.5880 0.7652 -0.2622
vn 0.7072 0.2970 -0.6416
vn 0.7473 0.0341 -0.6636
vn 0.4280 0.8780 -0.2144
vn 0.5754 0.7667 -0.2849
vn 0.3176 0.9329 -0.1695
vn 0.2649 0.9536 -0.1429
vn 0.1474 0.9548 -0.2582
vn 0.3003 0.8747 -0.3805
vn 0.4309 0.7730 -0.4657
vn 0.5070 0.6912 -0.5150
vn -0.5857 -0.6582 0.4730
vn -0.6263 -0.5817 0.5191
vn -0.5263 -0.7239 0.4461
vn -0.4515 -0.7831 0.4278
vn -0.5732 -0.7169 0.3969
vn -0.4775 -0.8127 0.3339
vn -0.4738 -0.8055 0.3561
vn -0.5784 -0.6981 0.4220
vn -0.4361 -0.8390 0.3253
vn -0.4635 -0.8121 0.3544
vn -0.6724 -0.5569 0.4876
vn -0.6840 -0.5519 0.4770
vn -0.4697 -0.7938 0.3864
vn -0.4852 -0.7770 0.4011
vn -0.5374 -0.7388 0.4066
vn -0.4593 -0.7905 0.4052
vn -0.5476 -0.7280 0.4124
vn -0.4726 -0.8083 0.3510
vn -0.5703 -0.7301 0.3763
vn -0.5380 -0.6774 0.5017
vn -0.3907 -0.5055 0.7693
vn -0.3292 -0.6129 0.7183
vn -0.5172 -0.5974 0.6129
vn -0.4367 -0.6610 0.6102
vn -0.6422 -0.5116 0.5709
vn -0.5428 -0.5946 0.5931
vn -0.4862 -0.7367 0.4700
vn -0.2170 -0.8849 0.4121
vn -0.2212 -0.7612 0.6096
vn -0.4412 -0.5546 0.7056
vn -0.4607 -0.7401 0.4898
vn -0.4636 -0.7697 0.4390
vn -0.6675 -0.5563 0.4950
vn -0.6772 -0.5045 0.5357
vn 0.7982 0.4394 -0.4120
vn 0.8646 0.3537 -0.3569
vn 0.9530 0.1105 -0.2822
vn 0.9182 0.2113 -0.3350
vn 0.9111 0.2254 -0.3451
vn 0.9420 0.1071 -0.3181
vn -0.2620 -0.8959 0.3589
vn -0.5343 -0.7062 0.4646
vn -0.4526 -0.8238 0.3413
vn 0.7907 0.4432 -0.4223
vn 0.7725 0.4476 -0.4503
vn 0.8819 0.2489 -0.4003
vn 0.8994 0.2047 -0.3863
vn 0.9259 0.0854 -0.3680
vn 0.9285 0.0093 -0.3711
vn 0.6785 0.5873 -0.4413
vn 0.7082 0.5768 -0.4071
vn 0.5335 0.6139 -0.5818
vn 0.2721 0.7832 -0.5590
vn -0.0995 0.8243 -0.5574
vn 0.0206 0.7973 -0.6032
vn 0.6581 0.5804 -0.4796
vn 0.8400 0.3096 -0.4456
vn 0.9337 0.1105 -0.3406
vn 0.8070 0.4361 -0.3981
vn 0.9543 -0.0777 -0.2886
vn -0.9196 0.1867 0.3457
vn -0.9015 -0.1383 0.4100
vn -0.8230 0.0239 0.5675
vn -0.7763 0.3306 0.5367
vn -0.8381 -0.1026 0.5357
vn -0.8992 -0.2229 0.3766
vn -0.8506 -0.0428 0.5241
vn -0.8474 0.1614 0.5059
vn -0.9473 -0.2110 0.2412
vn -0.9213 -0.2601 0.2889
vn -0.9934 0.0667 0.0932
vn -0.6439 -0.5552 0.5264
vn -0.9130 -0.1241 0.3886
vn -0.6864 -0.3137 0.6560
vn -0.7564 -0.2499 0.6045
vn -0.8361 -0.3606 0.4133
vn -0.9310 0.2235 0.2885
vn 0.7444 0.5655 -0.3551
vn 0.7864 0.4878 -0.3790
vn 0.7760 0.4628 -0.4286
vn 0.7060 0.5499 -0.4463
vn 0.7419 0.5797 -0.3371
vn 0.7472 0.5352 -0.3941
vn -0.8251 -0.4616 0.3257
vn 0.6962 0.5635 -0.4448
vn 0.6816 0.6114 -0.4020
vn 0.6361 0.6349 -0.4384
vn 0.5872 0.6094 -0.5328
vn 0.6559 0.5354 -0.5322
vn 0.6892 0.6546 -0.3107
vn 0.6673 0.6552 -0.3541
vn 0.7365 0.4625 -0.4936
vn -0.6598 -0.6077 0.4420
vn -0.6836 -0.5415 0.4895
vn -0.6654 -0.5949 0.4510
vn -0.6525 -0.6258 0.4273
vn -0.6596 -0.5476 0.5148
vn -0.6622 -0.5513 0.5075
vn 0.6629 0.6653 -0.3433
vn -0.6637 -0.5898 0.4600
vn -0.6931 -0.5499 0.4662
vn -0.6141 -0.6686 0.4194
vn -0.5913 -0.6925 0.4133
vn -0.6177 -0.6662 0.4178
vn -0.6304 -0.6193 0.4681
vn -0.6318 -0.6560 0.4129
vn -0.6248 -0.6508 0.4313
vn -0.6589 -0.5968 0.4579
vn 0.4794 0.8149 0.3257
vn 0.4990 0.7440 0.4444
vn 0.6277 0.6613 0.4108
vn 0.3976 0.8691 0.2941
vn 0.3377 0.8058 0.4864
vn 0.6476 0.5962 0.4745
vn 0.5965 0.5906 0.5435
vn 0.5507 0.6835 0.4791
vn 0.2994 0.8480 0.4374
vn 0.2743 0.8708 0.4081
vn 0.0447 0.7886 -0.6133
vn 0.1264 0.9803 -0.1516
vn 0.2024 0.9694 -0.1387
vn 0.0639 0.7706 -0.6341
vn 0.2847 0.8977 0.3363
vn 0.1715 0.9465 0.2735
vn 0.1890 0.9758 -0.1099
vn 0.1427 0.9385 0.3143
vn 0.1714 0.7925 -0.5853
vn -0.0385 0.4803 -0.8762
vn -0.0677 0.4548 -0.8880
vn 0.1140 0.5534 -0.8251
vn 0.1353 0.8295 0.5419
vn 0.3530 0.9212 0.1638
vn 0.2239 0.8897 0.3980
vn 0.1243 0.8092 0.5742
vn 0.3964 0.8394 -0.3718
vn 0.4406 0.8376 -0.3229
vn 0.4383 0.7877 -0.4329
vn 0.4732 0.7929 -0.3839
vn 0.3548 0.7933 0.4947
vn 0.4630 0.8861 -0.0193
vn 0.4180 0.9062 -0.0634
vn 0.4604 0.8171 -0.3469
vn 0.3037 0.7542 0.5822
vn 0.4769 0.8673 -0.1428
vn 0.4919 0.7909 -0.3640
vn 0.2896 0.9568 -0.0246
vn 0.1745 0.9755 0.1342
vn 0.2011 0.9758 0.0864
vn 0.1003 0.9757 0.1947
vn 0.6809 0.1069 -0.7245
vn 0.7889 0.1270 -0.6013
vn 0.6503 0.5750 -0.4964
vn 0.6938 0.6349 -0.3399
vn -0.0569 0.9984 -0.0074
vn 0.2352 0.9197 -0.3144
vn 0.3628 0.9306 -0.0496
vn 0.5356 0.5000 -0.6805
vn 0.0998 0.9923 -0.0731
vn 0.3650 0.9286 0.0677
vn 0.6017 0.1165 -0.7902
vn -0.5217 0.7905 0.3209
vn -0.1232 0.9923 0.0088
vn -0.1902 0.9395 -0.2850
vn -0.6971 0.7139 0.0662
vn -0.8182 0.5271 -0.2294
vn -0.3456 0.7917 -0.5038
vn 0.1503 0.7770 -0.6113
vn 0.2738 0.8238 -0.4964
vn 0.6741 0.4723 -0.5679
vn 0.6080 0.5056 -0.6121
vn 0.7848 0.5232 -0.3321
vn 0.3771 0.8878 -0.2639
vn 0.9341 0.1299 -0.3327
vn 0.8611 0.1722 -0.4784
vn 0.8553 0.2406 -0.4589
vn -0.4552 -0.4080 0.7914
vn -0.1736 -0.2518 0.9521
vn -0.0356 -0.5609 0.8271
vn -0.4076 -0.6047 0.6842
vn -0.3983 -0.7226 0.5650
vn -0.3833 -0.7223 0.5757
vn -0.2823 -0.7562 0.5904
vn -0.2021 -0.7785 0.5942
vn -0.9214 -0.0804 0.3802
vn -0.9013 -0.0558 0.4296
vn -0.7220 -0.4354 0.5378
vn -0.7288 -0.4348 0.5289
vn -0.9434 0.2612 0.2043
vn -0.9269 0.2929 0.2346
vn -0.7545 0.6542 -0.0517
vn -0.7679 0.6382 -0.0552
vn -0.4497 0.8537 -0.2625
vn -0.4703 0.8335 -0.2900
vn -0.1704 0.8952 -0.4117
vn -0.0997 0.9344 -0.3421
vn 0.7407 0.4590 -0.4905
vn 0.7115 0.4184 -0.5645
vn 0.2831 0.7960 -0.5350
vn 0.3157 0.8398 -0.4417
vn 0.9134 0.0869 -0.3976
vn 0.8851 0.0576 -0.4618
vn 0.8730 0.0781 -0.4814
vn 0.8906 0.1268 -0.4367
vn 0.7077 0.4101 -0.5753
vn 0.6681 0.4858 -0.5636
vn 0.8370 0.5225 0.1624
vn 0.9105 0.4134 -0.0021
vn 0.8582 0.3321 -0.3913
vn 0.7749 0.3015 -0.5555
vn 0.2591 0.0802 0.9625
vn 0.5727 -0.0525 0.8181
vn -0.4022 -0.6620 0.6325
vn -0.4071 -0.6840 0.6053
vn -0.0583 -0.7854 0.6162
vn -0.0021 -0.7875 0.6163
vn 0.2798 -0.6720 0.6857
vn 0.4133 -0.7252 0.5508
vn -0.7200 -0.3998 0.5672
vn -0.7383 -0.4036 0.5404
vn -0.9136 -0.0698 0.4005
vn -0.8903 -0.0670 0.4504
vn -0.8974 0.3383 0.2834
vn -0.9235 0.3082 0.2284
vn -0.7344 0.6787 0.0100
vn -0.7024 0.7054 0.0952
vn -0.3596 0.9309 -0.0640
vn -0.3869 0.9027 -0.1882
vn 0.0703 0.9804 -0.1843
vn -0.0241 0.9633 -0.2675
vn 0.7716 0.6069 -0.1905
vn 0.7515 0.5848 -0.3053
vn 0.3451 0.8953 -0.2816
vn 0.4663 0.8559 -0.2234
vn -0.2779 -0.6266 0.7281
vn -0.6037 -0.4068 0.6856
vn -0.3828 -0.2187 0.8976
vn -0.0393 -0.3839 0.9225
vn -0.6242 -0.0245 0.7809
vn -0.8118 -0.0755 0.5790
vn -0.5745 0.2860 0.7669
vn -0.8247 0.3280 0.4607
vn -0.5016 0.6179 0.6054
vn -0.6332 0.7053 0.3186
vn 0.9899 -0.1416 -0.0097
vn 0.9850 0.0988 -0.1415
vn 0.9534 0.1778 -0.2437
vn 0.9723 0.1996 -0.1216
vn -0.1401 0.7338 0.6647
vn -0.2746 0.9324 0.2350
vn 0.2643 0.7176 0.6444
vn 0.1749 0.9721 0.1564
vn 0.2115 0.1641 0.9635
vn -0.2110 0.2367 0.9484
vn 0.6923 -0.4633 0.5532
vn 0.7801 -0.0845 0.6200
vn 0.5555 0.0412 0.8305
vn 0.3511 -0.4520 0.8200
vn 0.6187 0.5682 0.5425
vn 0.8751 0.3147 0.3676
vn 0.5858 0.8102 0.0194
vn 0.8448 0.5332 -0.0448
vn 0.9202 -0.2458 0.3046
vn 0.7856 -0.4653 0.4078
vn 0.7002 -0.2726 0.6599
vn 0.9460 0.0674 0.3172
vn 0.5171 -0.6806 0.5191
vn 0.1480 -0.7296 0.6677
vn 0.9683 -0.1949 0.1563
vn 0.9592 -0.2316 0.1620
vn 0.8839 -0.3555 0.3038
vn 0.9141 -0.3851 0.1271
vn 0.9810 -0.1927 0.0225
vn 0.8531 -0.4572 0.2512
vn 0.7561 -0.5141 0.4049
vn 0.8624 -0.2345 0.4487
vn 0.9812 0.0207 0.1921
vn 0.9836 0.1757 -0.0398
vn -0.6337 -0.5160 0.5764
vn -0.4206 -0.5055 0.7534
vn -0.1704 -0.5827 0.7946
vn -0.4609 -0.5838 0.6684
vn -0.2883 -0.4911 0.8220
vn -0.7213 -0.3241 0.6121
vn -0.6999 -0.5473 0.4589
vn -0.4881 -0.6211 0.6132
vn -0.4673 -0.7131 0.5226
vn -0.6629 -0.6511 0.3696
vn -0.2011 -0.5338 0.8213
vn -0.2409 -0.5487 0.8005
vn -0.3559 -0.6295 0.6907
vn -0.3093 -0.5904 0.7455
vn -0.2598 -0.7222 0.6410
vn -0.0358 -0.6631 0.7477
vn -0.0990 -0.3888 0.9160
vn -0.0404 -0.4058 0.9131
vn 0.2194 0.0251 0.9753
vn 0.3586 0.0418 0.9326
vn 0.4577 0.0004 0.8891
vn 0.2548 -0.5525 0.7936
vn 0.1901 -0.8580 0.4772
vn -0.0717 -0.8481 0.5249
vn 0.0212 -0.8527 0.5219
vn 0.1952 -0.8529 0.4842
vn 0.1551 -0.8311 0.5341
vn 0.1727 -0.8553 0.4885
vn 0.3086 -0.7827 0.5406
vn 0.1484 -0.8473 0.5099
vn 0.4516 -0.7193 0.5279
vn 0.4755 -0.3085 0.8239
vn 0.1300 -0.8366 0.5322
vn 0.1332 -0.5611 0.8170
vn -0.2213 -0.8211 0.5261
vn -0.3422 -0.7808 0.5227
vn -0.2693 -0.8122 0.5175
vn -0.3196 -0.7936 0.5177
vn -0.3096 -0.8110 0.4965
vn -0.3098 -0.8136 0.4921
vn -0.3279 -0.8228 0.4642
vn -0.3107 -0.8377 0.4491
vn -0.3204 -0.8441 0.4299
vn -0.3213 -0.8533 0.4107
vn -0.4540 -0.7457 0.4877
vn -0.5445 -0.7094 0.4476
vn -0.3997 -0.7855 0.4725
vn -0.5011 -0.7526 0.4272
vn -0.3715 -0.8061 0.4607
vn -0.4823 -0.7623 0.4316
vn -0.3755 -0.8161 0.4393
vn -0.4808 -0.7637 0.4308
vn -0.3998 -0.8157 0.4180
vn -0.4923 -0.7601 0.4242
vn -0.3951 -0.8164 0.4212
vn -0.3622 -0.8319 0.4204
vn -0.3823 -0.8521 0.3574
vn -0.4193 -0.8315 0.3644
vn -0.3231 -0.8461 0.4238
vn -0.3346 -0.8722 0.3568
vn -0.4596 -0.8156 0.3515
vn -0.4050 -0.8520 0.3316
vn -0.3832 -0.8231 0.4191
vn -0.4553 -0.7768 0.4350
vn -0.3373 -0.8877 0.3133
vn -0.2977 -0.8702 0.3925
vn -0.4011 -0.8580 0.3208
vn -0.4423 -0.8326 0.3335
vn -0.3448 -0.8858 0.3106
vn -0.5018 -0.7469 0.4363
vn -0.5011 -0.7811 0.3727
vn -0.5295 -0.7318 0.4291
vn -0.5329 -0.7524 0.3872
vn -0.0918 -0.9577 0.2728
vn 0.0724 -0.9531 0.2937
vn -0.1669 -0.9192 0.3568
vn -0.2466 -0.9229 0.2956
vn 0.4835 -0.8659 0.1281
vn 0.5800 -0.8077 0.1060
vn 0.3756 -0.9058 0.1961
vn 0.1920 -0.9569 0.2180
vn -0.2729 -0.9120 0.3064
vn -0.1565 -0.9404 0.3019
vn -0.2766 -0.8904 0.3616
vn -0.1793 -0.9141 0.3637
vn -0.2752 -0.8588 0.4321
vn -0.1956 -0.8761 0.4407
vn 0.8422 -0.5336 -0.0769
vn 0.6951 -0.7180 0.0352
vn 0.6368 -0.7681 0.0667
vn 0.8353 -0.5447 -0.0748
vn 0.0871 -0.9609 0.2628
vn 0.4019 -0.9011 0.1627
vn 0.0437 -0.9461 0.3209
vn 0.3645 -0.9146 0.1753
vn 0.0335 -0.9216 0.3867
vn 0.3893 -0.9024 0.1849
vn 0.5923 -0.8033 0.0621
vn 0.8042 -0.5809 -0.1258
vn 0.5778 -0.8161 0.0144
vn 0.7664 -0.6179 -0.1754
vn 0.5997 -0.7999 -0.0241
vn 0.7546 -0.6276 -0.1915
vn 0.8828 0.2034 -0.4235
vn 0.2034 0.8612 -0.4657
vn 0.8787 0.2839 -0.3839
vn 0.2651 0.8944 -0.3601
vn 0.8884 0.1971 -0.4146
vn 0.3929 0.8456 -0.3615
vn 0.9044 0.0296 -0.4256
vn 0.5548 0.7308 -0.3977
vn 0.9182 -0.1368 -0.3718
vn 0.7054 0.5773 -0.4113
vn 0.5356 0.7771 -0.3306
vn 0.3675 0.8678 -0.3345
vn 0.3690 0.8946 -0.2520
vn 0.5264 0.8075 -0.2663
vn 0.1771 0.9207 -0.3478
vn 0.2223 0.9433 -0.2467
vn 0.0048 0.9307 -0.3657
vn 0.1017 0.9579 -0.2686
vn 0.1833 0.9511 -0.2485
vn 0.2385 0.9423 -0.2348
vn 0.2519 0.9246 -0.2857
vn 0.2346 0.9310 -0.2795
vn 0.3085 0.8827 -0.3546
vn 0.2177 0.9042 -0.3674
vn 0.6678 0.6671 -0.3302
vn 0.6932 0.6153 -0.3754
vn 0.6518 0.6748 -0.3461
vn 0.6359 0.7170 -0.2855
vn 0.3602 0.8942 -0.2657
vn 0.5154 0.8027 -0.3001
vn 0.3464 0.8737 -0.3415
vn 0.5014 0.7773 -0.3800
vn 0.3315 0.8346 -0.4399
vn 0.5167 0.7481 -0.4164
vn 0.6133 0.7223 -0.3195
vn 0.6428 0.6827 -0.3474
vn 0.6090 0.7067 -0.3601
vn 0.6395 0.6884 -0.3422
vn 0.6510 0.6837 -0.3297
vn 0.6592 0.7133 -0.2379
vn 0.6535 0.6293 -0.4206
vn 0.5482 0.6980 -0.4608
vn 0.6187 0.6881 -0.3792
vn 0.5292 0.7454 -0.4054
vn 0.6209 0.7011 -0.3507
vn 0.5744 0.7511 -0.3254
vn 0.6530 0.6819 -0.3296
vn 0.6297 0.7308 -0.2636
vn 0.3790 0.8232 -0.4228
vn 0.3838 0.7630 -0.5202
vn 0.4244 0.7622 -0.4888
vn 0.4222 0.8089 -0.4093
vn 0.6996 0.6641 -0.2638
vn 0.7066 0.6864 -0.1722
vn 0.5550 0.6810 -0.4777
vn 0.1218 0.8039 -0.5821
vn 0.6870 0.6056 -0.4015
vn 0.6847 0.5913 -0.4260
vn 0.4721 0.7007 -0.5349
vn 0.0329 0.8122 -0.5824
vn 0.3190 0.8741 -0.3664
vn 0.2546 0.7902 -0.5575
vn 0.2391 0.8003 -0.5498
vn 0.3962 0.7885 -0.4705
vn 0.2918 0.7868 -0.5438
vn 0.4862 0.7594 -0.4324
vn -0.0248 0.8174 -0.5755
vn 0.3650 0.7384 -0.5670
vn -0.0139 0.7974 -0.6033
vn 0.5731 0.7038 -0.4198
vn 0.4079 0.9128 -0.0206
vn 0.5189 0.8172 -0.2509
vn 0.3962 0.9169 -0.0490
vn 0.3488 0.8898 0.2944
vn -0.0010 0.8343 -0.5513
vn 0.4275 0.7156 -0.5524
vn 0.6416 0.6419 -0.4200
vn -0.4524 0.7390 -0.4992
vn -0.4396 0.7387 -0.5110
vn -0.4398 0.7533 -0.4890
vn -0.3667 0.8679 -0.3351
vn -0.3543 0.8868 -0.2967
vn -0.3646 0.7834 -0.5033
vn -0.3438 0.8059 -0.4820
vn -0.3310 0.8571 -0.3948
vn -0.3097 0.8166 -0.4871
vn -0.3223 0.8458 -0.4251
vn -0.1453 0.8145 -0.5617
vn -0.6673 0.6248 -0.4053
vn -0.1713 0.8492 -0.4995
vn -0.7326 0.6124 -0.2971
vn -0.2275 0.8725 -0.4324
vn -0.7120 0.6492 -0.2678
vn -0.2643 0.8541 -0.4479
vn -0.6588 0.7046 -0.2637
vn -0.8280 -0.3936 0.3993
vn -0.8314 -0.4292 0.3530
vn -0.9926 -0.0678 0.1009
vn -0.9868 -0.0136 0.1612
vn -0.2542 0.8510 -0.4595
vn -0.6022 0.7521 -0.2676
vn -0.0173 -0.4854 0.8741
vn -0.3014 -0.5233 0.7971
vn -0.1648 -0.2087 0.9640
vn 0.1429 -0.1054 0.9841
vn 0.0275 -0.5418 0.8401
vn -0.2266 -0.5611 0.7962
vn -0.7854 0.6157 0.0636
vn 0.6136 0.5435 0.5728
vn 0.3442 0.7132 0.6107
vn -0.7941 0.2462 0.5558
vn -0.0117 -0.5853 0.8107
vn -0.1970 -0.5594 0.8051
vn -0.9137 -0.2121 0.3468
vn -0.9718 0.2216 0.0803
vn -0.9365 0.3409 0.0825
vn -0.9225 -0.0944 0.3742
vn -0.9879 -0.0549 0.1449
vn -0.9979 -0.0133 0.0632
vn -0.9286 -0.2902 0.2311
vn -0.8736 -0.3341 0.3539
vn -0.8607 -0.3140 0.4007
vn -0.9865 0.0994 0.1298
vn -0.8422 -0.3324 0.4245
vn -0.9594 -0.0967 0.2649
vn -0.8424 -0.3169 0.4358
vn -0.9419 -0.1071 0.3182
vn -0.8243 -0.2474 0.5092
vn -0.5898 -0.1714 0.7892
vn -0.9273 -0.1079 0.3585
vn -0.1111 0.5797 0.8072
vn -0.9073 -0.2324 0.3504
vn -0.8416 -0.2187 0.4939
vn -0.8135 -0.3655 0.4523
vn -0.9323 -0.2248 0.2832
vn -0.8065 -0.3632 0.4665
vn -0.9638 -0.1340 0.2306
vn -0.9937 0.1076 0.0319
vn -0.9982 0.0592 0.0002
vn -0.9893 0.0749 0.1252
vn -0.9948 0.0855 0.0547
vn -0.9800 0.0695 0.1867
vn -0.9871 0.0747 0.1414
vn -0.9716 0.0662 0.2272
vn -0.6275 0.4389 0.6431
vn -0.9710 0.0428 0.2353
vn -0.9806 0.0560 0.1879
vn -0.9964 0.0027 0.0849
vn -0.8487 -0.1523 0.5065
vn -0.8050 -0.3417 0.4849
vn -0.9912 -0.0571 0.1194
vn -0.9875 -0.0022 0.1577
vn -0.9949 0.0757 0.0664
vn -0.9731 -0.0571 0.2232
vn -0.9523 -0.1201 0.2807
vn -0.5760 -0.6973 0.4266
vn -0.5772 -0.6997 0.4211
vn -0.5611 -0.7211 0.4065
vn -0.5766 -0.7131 0.3987
vn -0.5473 -0.7289 0.4113
vn -0.5570 -0.7293 0.3973
vn -0.5314 -0.7373 0.4172
vn -0.5395 -0.7368 0.4075
vn -0.5615 -0.7277 0.3940
vn -0.5567 -0.7149 0.4230
vn -0.4278 -0.7846 0.4489
vn -0.4031 -0.7800 0.4787
vn -0.4774 -0.7623 0.4371
vn -0.4277 -0.6650 0.6122
vn -0.5234 -0.7400 0.4224
vn -0.4643 -0.6442 0.6078
vn -0.5247 -0.7382 0.4241
vn -0.5268 -0.7369 0.4237
vn -0.4286 -0.7973 0.4251
vn -0.4688 -0.7728 0.4277
vn -0.4530 -0.8076 0.3776
vn -0.4888 -0.7797 0.3914
vn -0.5209 -0.7540 0.4001
vn -0.5065 -0.7495 0.4262
vn 0.5752 0.6605 -0.4825
vn 0.6290 0.6402 -0.4410
vn 0.4700 0.7021 -0.5349
vn 0.5041 0.7169 -0.4816
vn -0.4770 -0.8049 0.3529
vn -0.5105 -0.7751 0.3724
vn -0.5401 -0.7478 0.3861
vn 0.4316 0.7220 -0.5408
vn 0.4318 0.7755 -0.4606
vn 0.6269 0.7183 -0.3018
vn 0.6422 0.6794 -0.3550
vn 0.5150 0.7689 -0.3789
vn 0.4939 0.8098 -0.3167
vn 0.5049 0.7569 0.4148
vn 0.5356 0.7478 0.3925
vn 0.5108 0.8388 -0.1884
vn 0.4568 0.8895 0.0146
vn 0.4345 0.8927 -0.1197
vn 0.6815 0.7315 0.0213
vn 0.4471 0.8635 -0.2335
vn 0.5960 0.7519 -0.2819
vn 0.4606 0.8173 -0.3463
vn 0.2663 0.9504 -0.1605
vn 0.3376 0.9109 -0.2372
vn 0.4261 0.8829 -0.1973
vn 0.5469 0.8084 -0.2178
vn 0.4985 0.8375 -0.2238
vn 0.3966 0.8606 -0.3195
vn 0.4016 0.8713 -0.2819
vn 0.4876 0.8210 -0.2969
vn 0.4559 0.2605 0.8511
vn 0.9976 0.0666 0.0188
vn 0.0907 0.8856 0.4555
# 3564 vertex normals

vt 0.0000 0.0000 0.0000
# 1 texture coords

o ala_izq
g ala_izq
usemtl 17174_Tiamat_new__17174_Tiamat_v1default
s 1
f 1/1/1 2/1/2 3/1/3 
f 3/1/3 4/1/4 1/1/1 
f 5/1/5 3/1/3 2/1/2 
f 2/1/2 6/1/6 5/1/5 
f 7/1/7 8/1/8 3/1/3 
f 3/1/3 5/1/5 7/1/7 
f 4/1/4 3/1/3 8/1/8 
f 8/1/8 9/1/9 4/1/4 
f 10/1/10 11/1/11 12/1/12 
f 12/1/12 13/1/13 10/1/10 
f 5/1/5 12/1/12 11/1/11 
f 11/1/11 7/1/7 5/1/5 
f 6/1/6 14/1/14 12/1/12 
f 12/1/12 5/1/5 6/1/6 
f 13/1/13 12/1/12 14/1/14 
f 14/1/14 15/1/15 13/1/13 
f 16/1/16 17/1/17 18/1/18 
f 18/1/18 19/1/19 16/1/16 
f 18/1/18 17/1/17 20/1/20 
f 15/1/15 14/1/14 18/1/18 
f 18/1/18 21/1/21 15/1/15 
f 19/1/19 18/1/18 14/1/14 
f 14/1/14 6/1/6 19/1/19 
f 22/1/22 23/1/23 24/1/24 
f 24/1/24 25/1/25 22/1/22 
f 16/1/16 19/1/19 23/1/23 
f 23/1/23 22/1/22 16/1/16 
f 6/1/6 2/1/2 23/1/23 
f 23/1/23 19/1/19 6/1/6 
f 24/1/24 23/1/23 2/1/2 
f 2/1/2 1/1/1 24/1/24 
f 26/1/26 27/1/27 28/1/28 
f 28/1/28 29/1/29 26/1/26 
f 30/1/30 28/1/28 27/1/27 
f 27/1/27 31/1/31 30/1/30 
f 32/1/32 33/1/33 28/1/28 
f 28/1/28 30/1/30 32/1/32 
f 29/1/29 28/1/28 33/1/33 
f 33/1/33 34/1/34 29/1/29 
f 25/1/25 35/1/35 36/1/36 
f 36/1/36 22/1/22 25/1/25 
f 30/1/30 36/1/36 35/1/35 
f 35/1/35 32/1/32 30/1/30 
f 31/1/31 37/1/37 36/1/36 
f 36/1/36 30/1/30 31/1/31 
f 22/1/22 36/1/36 37/1/37 
f 37/1/37 16/1/16 22/1/22 
f 38/1/38 39/1/39 40/1/40 
f 40/1/40 41/1/41 38/1/38 
f 42/1/42 43/1/43 44/1/44 
f 44/1/44 45/1/45 42/1/42 
f 46/1/46 47/1/47 43/1/43 
f 43/1/43 42/1/42 46/1/46 
f 48/1/48 49/1/49 50/1/50 
f 50/1/50 51/1/51 48/1/48 
f 41/1/41 49/1/49 48/1/48 
f 48/1/48 38/1/38 41/1/41 
f 52/1/52 53/1/53 54/1/54 
f 54/1/54 55/1/55 52/1/52 
f 56/1/56 54/1/54 53/1/53 
f 53/1/53 57/1/57 56/1/56 
f 58/1/58 59/1/59 54/1/54 
f 54/1/54 56/1/56 58/1/58 
f 55/1/55 54/1/54 59/1/59 
f 59/1/59 60/1/60 55/1/55 
f 61/1/61 62/1/62 63/1/63 
f 63/1/63 64/1/64 61/1/61 
f 65/1/65 63/1/63 62/1/62 
f 62/1/62 66/1/66 65/1/65 
f 65/1/65 60/1/60 67/1/67 
f 67/1/67 63/1/63 65/1/65 
f 67/1/67 68/1/68 64/1/64 
f 64/1/64 63/1/63 67/1/67 
f 69/1/69 70/1/70 71/1/71 
f 71/1/71 72/1/72 69/1/69 
f 67/1/67 71/1/71 70/1/70 
f 70/1/70 68/1/68 67/1/67 
f 60/1/60 59/1/59 71/1/71 
f 71/1/71 67/1/67 60/1/60 
f 72/1/72 71/1/71 59/1/59 
f 59/1/59 58/1/58 72/1/72 
f 73/1/73 74/1/74 75/1/75 
f 75/1/75 76/1/76 73/1/73 
f 56/1/56 75/1/75 74/1/74 
f 74/1/74 58/1/58 56/1/56 
f 57/1/57 77/1/77 75/1/75 
f 75/1/75 56/1/56 57/1/57 
f 76/1/76 75/1/75 77/1/77 
f 77/1/77 78/1/78 76/1/76 
f 79/1/79 80/1/80 81/1/81 
f 81/1/81 82/1/82 79/1/79 
f 83/1/83 81/1/81 80/1/80 
f 80/1/80 84/1/84 83/1/83 
f 85/1/85 86/1/86 81/1/81 
f 81/1/81 83/1/83 85/1/85 
f 82/1/82 81/1/81 86/1/86 
f 86/1/86 87/1/87 82/1/82 
f 20/1/20 88/1/88 89/1/89 
f 89/1/89 21/1/21 20/1/20 
f 90/1/90 89/1/89 88/1/88 
f 88/1/88 91/1/91 90/1/90 
f 92/1/92 93/1/93 89/1/89 
f 89/1/89 90/1/90 92/1/92 
f 21/1/21 89/1/89 93/1/93 
f 93/1/93 15/1/15 21/1/21 
f 94/1/94 95/1/95 96/1/96 
f 96/1/96 97/1/97 94/1/94 
f 95/1/95 98/1/98 99/1/99 
f 92/1/92 90/1/90 96/1/96 
f 96/1/96 99/1/99 92/1/92 
f 97/1/97 96/1/96 90/1/90 
f 90/1/90 91/1/91 97/1/97 
f 93/1/93 92/1/92 100/1/100 
f 100/1/100 101/1/101 93/1/93 
f 102/1/102 101/1/101 100/1/100 
f 100/1/100 103/1/103 102/1/102 
f 10/1/10 13/1/13 101/1/101 
f 101/1/101 102/1/102 10/1/10 
f 93/1/93 101/1/101 13/1/13 
f 13/1/13 15/1/15 93/1/93 
f 104/1/104 99/1/99 98/1/98 
f 105/1/105 104/1/104 106/1/106 
f 106/1/106 107/1/107 105/1/105 
f 103/1/103 100/1/100 104/1/104 
f 104/1/104 105/1/105 103/1/103 
f 100/1/100 92/1/92 99/1/99 
f 99/1/99 104/1/104 100/1/100 
f 16/1/16 37/1/37 108/1/108 
f 108/1/108 17/1/17 16/1/16 
f 109/1/109 108/1/108 37/1/37 
f 37/1/37 31/1/31 109/1/109 
f 110/1/110 111/1/111 108/1/108 
f 108/1/108 109/1/109 110/1/110 
f 111/1/111 20/1/20 17/1/17 
f 20/1/20 111/1/111 112/1/112 
f 112/1/112 88/1/88 20/1/20 
f 113/1/113 112/1/112 111/1/111 
f 111/1/111 110/1/110 113/1/113 
f 114/1/114 115/1/115 112/1/112 
f 112/1/112 113/1/113 114/1/114 
f 88/1/88 112/1/112 115/1/115 
f 115/1/115 91/1/91 88/1/88 
f 116/1/116 97/1/97 91/1/91 
f 117/1/117 116/1/116 115/1/115 
f 115/1/115 114/1/114 117/1/117 
f 118/1/118 119/1/119 116/1/116 
f 116/1/116 117/1/117 118/1/118 
f 119/1/119 94/1/94 97/1/97 
f 31/1/31 27/1/27 120/1/120 
f 120/1/120 109/1/109 31/1/31 
f 121/1/121 120/1/120 27/1/27 
f 27/1/27 26/1/26 121/1/121 
f 122/1/122 123/1/123 120/1/120 
f 120/1/120 121/1/121 122/1/122 
f 109/1/109 120/1/120 123/1/123 
f 123/1/123 110/1/110 109/1/109 
f 124/1/124 125/1/125 126/1/126 
f 126/1/126 127/1/127 124/1/124 
f 128/1/128 126/1/126 125/1/125 
f 125/1/125 129/1/129 128/1/128 
f 130/1/130 131/1/131 126/1/126 
f 126/1/126 128/1/128 130/1/130 
f 127/1/127 126/1/126 131/1/131 
f 131/1/131 132/1/132 127/1/127 
f 133/1/133 134/1/134 135/1/135 
f 128/1/128 136/1/136 135/1/135 
f 135/1/135 130/1/130 128/1/128 
f 128/1/128 129/1/129 137/1/137 
f 137/1/137 136/1/136 128/1/128 
f 138/1/138 133/1/133 136/1/136 
f 136/1/136 137/1/137 138/1/138 
f 139/1/139 140/1/140 141/1/141 
f 142/1/142 139/1/139 143/1/143 
f 143/1/143 144/1/144 142/1/142 
f 145/1/145 146/1/146 139/1/139 
f 139/1/139 142/1/142 145/1/145 
f 140/1/140 139/1/139 146/1/146 
f 146/1/146 124/1/124 140/1/140 
f 147/1/147 148/1/148 70/1/70 
f 70/1/70 69/1/69 147/1/147 
f 147/1/147 149/1/149 150/1/150 
f 148/1/148 150/1/150 151/1/151 
f 70/1/70 148/1/148 152/1/152 
f 152/1/152 68/1/68 70/1/70 
f 153/1/153 154/1/154 155/1/155 
f 155/1/155 156/1/156 153/1/153 
f 157/1/157 155/1/155 154/1/154 
f 154/1/154 158/1/158 157/1/157 
f 159/1/159 155/1/155 157/1/157 
f 157/1/157 160/1/160 159/1/159 
f 161/1/161 156/1/156 155/1/155 
f 155/1/155 159/1/159 161/1/161 
f 158/1/158 162/1/162 163/1/163 
f 163/1/163 157/1/157 158/1/158 
f 164/1/164 163/1/163 162/1/162 
f 162/1/162 165/1/165 164/1/164 
f 166/1/166 167/1/167 163/1/163 
f 163/1/163 164/1/164 166/1/166 
f 157/1/157 163/1/163 167/1/167 
f 167/1/167 160/1/160 157/1/157 
f 168/1/168 169/1/169 170/1/170 
f 170/1/170 171/1/171 168/1/168 
f 172/1/172 170/1/170 169/1/169 
f 169/1/169 173/1/173 172/1/172 
f 174/1/174 175/1/175 170/1/170 
f 170/1/170 172/1/172 174/1/174 
f 171/1/171 170/1/170 175/1/175 
f 175/1/175 176/1/176 171/1/171 
f 177/1/177 178/1/178 179/1/179 
f 179/1/179 180/1/180 177/1/177 
f 171/1/171 179/1/179 178/1/178 
f 178/1/178 168/1/168 171/1/171 
f 176/1/176 181/1/181 179/1/179 
f 179/1/179 171/1/171 176/1/176 
f 180/1/180 179/1/179 181/1/181 
f 181/1/181 182/1/182 180/1/180 
f 183/1/183 184/1/184 185/1/185 
f 185/1/185 186/1/186 183/1/183 
f 187/1/187 188/1/188 186/1/186 
f 186/1/186 185/1/185 187/1/187 
f 180/1/180 186/1/186 188/1/188 
f 188/1/188 177/1/177 180/1/180 
f 180/1/180 182/1/182 183/1/183 
f 183/1/183 186/1/186 180/1/180 
f 149/1/149 189/1/189 190/1/190 
f 190/1/190 150/1/150 149/1/149 
f 191/1/191 190/1/190 189/1/189 
f 189/1/189 192/1/192 191/1/191 
f 193/1/193 194/1/194 190/1/190 
f 190/1/190 191/1/191 193/1/193 
f 194/1/194 151/1/151 150/1/150 
f 195/1/195 196/1/196 197/1/197 
f 197/1/197 198/1/198 195/1/195 
f 191/1/191 197/1/197 196/1/196 
f 196/1/196 193/1/193 191/1/191 
f 192/1/192 199/1/199 197/1/197 
f 197/1/197 191/1/191 192/1/192 
f 198/1/198 197/1/197 199/1/199 
f 199/1/199 200/1/200 198/1/198 
f 201/1/201 202/1/202 203/1/203 
f 203/1/203 204/1/204 201/1/201 
f 205/1/205 203/1/203 202/1/202 
f 202/1/202 206/1/206 205/1/205 
f 84/1/84 80/1/80 203/1/203 
f 203/1/203 205/1/205 84/1/84 
f 204/1/204 203/1/203 80/1/80 
f 80/1/80 79/1/79 204/1/204 
f 206/1/206 207/1/207 208/1/208 
f 208/1/208 205/1/205 206/1/206 
f 209/1/209 208/1/208 207/1/207 
f 207/1/207 210/1/210 209/1/209 
f 211/1/211 212/1/212 208/1/208 
f 208/1/208 209/1/209 211/1/211 
f 205/1/205 208/1/208 212/1/212 
f 212/1/212 84/1/84 205/1/205 
f 210/1/210 213/1/213 214/1/214 
f 214/1/214 209/1/209 210/1/210 
f 215/1/215 214/1/214 213/1/213 
f 213/1/213 216/1/216 215/1/215 
f 217/1/217 218/1/218 214/1/214 
f 214/1/214 215/1/215 217/1/217 
f 209/1/209 214/1/214 218/1/218 
f 218/1/218 211/1/211 209/1/209 
f 216/1/216 219/1/219 220/1/220 
f 220/1/220 215/1/215 216/1/216 
f 221/1/221 220/1/220 219/1/219 
f 219/1/219 222/1/222 221/1/221 
f 223/1/223 224/1/224 220/1/220 
f 220/1/220 221/1/221 223/1/223 
f 215/1/215 220/1/220 224/1/224 
f 224/1/224 217/1/217 215/1/215 
f 225/1/225 226/1/226 227/1/227 
f 228/1/228 229/1/229 225/1/225 
f 230/1/230 225/1/225 229/1/229 
f 229/1/229 231/1/231 230/1/230 
f 230/1/230 232/1/232 226/1/226 
f 233/1/233 234/1/234 235/1/235 
f 235/1/235 236/1/236 233/1/233 
f 237/1/237 235/1/235 234/1/234 
f 234/1/234 238/1/238 237/1/237 
f 239/1/239 240/1/240 235/1/235 
f 235/1/235 237/1/237 239/1/239 
f 236/1/236 235/1/235 240/1/240 
f 240/1/240 241/1/241 236/1/236 
f 242/1/242 243/1/243 244/1/244 
f 244/1/244 245/1/245 242/1/242 
f 246/1/246 244/1/244 243/1/243 
f 243/1/243 247/1/247 246/1/246 
f 248/1/248 249/1/249 244/1/244 
f 244/1/244 246/1/246 248/1/248 
f 245/1/245 244/1/244 249/1/249 
f 249/1/249 250/1/250 245/1/245 
f 251/1/251 252/1/252 253/1/253 
f 253/1/253 254/1/254 251/1/251 
f 255/1/255 253/1/253 252/1/252 
f 252/1/252 256/1/256 255/1/255 
f 257/1/257 258/1/258 253/1/253 
f 253/1/253 255/1/255 257/1/257 
f 254/1/254 253/1/253 258/1/258 
f 258/1/258 259/1/259 254/1/254 
f 260/1/260 261/1/261 262/1/262 
f 262/1/262 263/1/263 260/1/260 
f 264/1/264 262/1/262 261/1/261 
f 261/1/261 265/1/265 264/1/264 
f 247/1/247 243/1/243 262/1/262 
f 262/1/262 264/1/264 247/1/247 
f 263/1/263 262/1/262 243/1/243 
f 243/1/243 242/1/242 263/1/263 
f 266/1/266 267/1/267 268/1/268 
f 268/1/268 269/1/269 266/1/266 
f 270/1/270 268/1/268 267/1/267 
f 267/1/267 271/1/271 270/1/270 
f 272/1/272 268/1/268 270/1/270 
f 270/1/270 273/1/273 272/1/272 
f 269/1/269 268/1/268 272/1/272 
f 272/1/272 138/1/138 269/1/269 
f 165/1/165 274/1/274 275/1/275 
f 275/1/275 164/1/164 165/1/165 
f 276/1/276 275/1/275 274/1/274 
f 274/1/274 277/1/277 276/1/276 
f 278/1/278 275/1/275 276/1/276 
f 276/1/276 279/1/279 278/1/278 
f 164/1/164 275/1/275 278/1/278 
f 278/1/278 166/1/166 164/1/164 
f 280/1/280 281/1/281 282/1/282 
f 282/1/282 283/1/283 280/1/280 
f 284/1/284 282/1/282 281/1/281 
f 281/1/281 285/1/285 284/1/284 
f 282/1/282 284/1/284 195/1/195 
f 198/1/198 200/1/200 283/1/283 
f 286/1/286 287/1/287 288/1/288 
f 288/1/288 289/1/289 286/1/286 
f 245/1/245 288/1/288 287/1/287 
f 287/1/287 242/1/242 245/1/245 
f 250/1/250 290/1/290 288/1/288 
f 288/1/288 245/1/245 250/1/250 
f 289/1/289 288/1/288 290/1/290 
f 290/1/290 291/1/291 289/1/289 
f 292/1/292 293/1/293 294/1/294 
f 294/1/294 295/1/295 292/1/292 
f 296/1/296 294/1/294 293/1/293 
f 293/1/293 297/1/297 296/1/296 
f 107/1/107 106/1/106 294/1/294 
f 294/1/294 296/1/296 107/1/107 
f 295/1/295 294/1/294 106/1/106 
f 106/1/106 98/1/98 295/1/295 
f 206/1/206 202/1/202 298/1/298 
f 298/1/298 299/1/299 206/1/206 
f 300/1/300 298/1/298 202/1/202 
f 202/1/202 201/1/201 300/1/300 
f 297/1/297 293/1/293 298/1/298 
f 298/1/298 300/1/300 297/1/297 
f 299/1/299 298/1/298 293/1/293 
f 293/1/293 292/1/292 299/1/299 
f 301/1/301 302/1/302 303/1/303 
f 303/1/303 304/1/304 301/1/301 
f 295/1/295 303/1/303 302/1/302 
f 302/1/302 292/1/292 295/1/295 
f 98/1/98 95/1/95 303/1/303 
f 303/1/303 295/1/295 98/1/98 
f 304/1/304 303/1/303 95/1/95 
f 95/1/95 94/1/94 304/1/304 
f 210/1/210 207/1/207 305/1/305 
f 305/1/305 306/1/306 210/1/210 
f 299/1/299 305/1/305 207/1/207 
f 207/1/207 206/1/206 299/1/299 
f 292/1/292 302/1/302 305/1/305 
f 305/1/305 299/1/299 292/1/292 
f 306/1/306 305/1/305 302/1/302 
f 302/1/302 301/1/301 306/1/306 
f 307/1/307 308/1/308 309/1/309 
f 304/1/304 307/1/307 310/1/310 
f 310/1/310 301/1/301 304/1/304 
f 94/1/94 119/1/119 307/1/307 
f 307/1/307 304/1/304 94/1/94 
f 308/1/308 307/1/307 119/1/119 
f 119/1/119 118/1/118 308/1/308 
f 216/1/216 213/1/213 311/1/311 
f 311/1/311 312/1/312 216/1/216 
f 306/1/306 311/1/311 213/1/213 
f 213/1/213 210/1/210 306/1/306 
f 301/1/301 310/1/310 311/1/311 
f 311/1/311 306/1/306 301/1/301 
f 312/1/312 311/1/311 310/1/310 
f 310/1/310 309/1/309 312/1/312 
f 313/1/313 314/1/314 315/1/315 
f 315/1/315 316/1/316 313/1/313 
f 308/1/308 315/1/315 314/1/314 
f 314/1/314 309/1/309 308/1/308 
f 118/1/118 317/1/317 315/1/315 
f 315/1/315 308/1/308 118/1/118 
f 316/1/316 315/1/315 317/1/317 
f 317/1/317 318/1/318 316/1/316 
f 222/1/222 219/1/219 319/1/319 
f 319/1/319 320/1/320 222/1/222 
f 312/1/312 319/1/319 219/1/219 
f 219/1/219 216/1/216 312/1/312 
f 309/1/309 314/1/314 319/1/319 
f 319/1/319 312/1/312 309/1/309 
f 320/1/320 319/1/319 314/1/314 
f 314/1/314 313/1/313 320/1/320 
f 321/1/321 322/1/322 323/1/323 
f 323/1/323 324/1/324 321/1/321 
f 325/1/325 323/1/323 322/1/322 
f 322/1/322 326/1/326 325/1/325 
f 273/1/273 270/1/270 323/1/323 
f 323/1/323 325/1/325 273/1/273 
f 324/1/324 323/1/323 270/1/270 
f 270/1/270 271/1/271 324/1/324 
f 231/1/231 229/1/229 327/1/327 
f 327/1/327 328/1/328 231/1/231 
f 229/1/229 228/1/228 329/1/329 
f 326/1/326 322/1/322 327/1/327 
f 327/1/327 329/1/329 326/1/326 
f 328/1/328 327/1/327 322/1/322 
f 322/1/322 321/1/321 328/1/328 
f 184/1/184 330/1/330 331/1/331 
f 331/1/331 185/1/185 184/1/184 
f 332/1/332 331/1/331 330/1/330 
f 330/1/330 333/1/333 332/1/332 
f 334/1/334 335/1/335 331/1/331 
f 331/1/331 332/1/332 334/1/334 
f 185/1/185 331/1/331 335/1/335 
f 335/1/335 187/1/187 185/1/185 
f 336/1/336 337/1/337 234/1/234 
f 234/1/234 233/1/233 336/1/336 
f 332/1/332 337/1/337 336/1/336 
f 336/1/336 334/1/334 332/1/332 
f 333/1/333 338/1/338 337/1/337 
f 337/1/337 332/1/332 333/1/333 
f 234/1/234 337/1/337 338/1/338 
f 338/1/338 238/1/238 234/1/234 
f 339/1/339 281/1/281 280/1/280 
f 289/1/289 339/1/339 340/1/340 
f 340/1/340 286/1/286 289/1/289 
f 291/1/291 341/1/341 339/1/339 
f 339/1/339 289/1/289 291/1/291 
f 281/1/281 339/1/339 341/1/341 
f 341/1/341 285/1/285 281/1/281 
f 242/1/242 287/1/287 342/1/342 
f 342/1/342 263/1/263 242/1/242 
f 343/1/343 342/1/342 287/1/287 
f 287/1/287 286/1/286 343/1/343 
f 344/1/344 345/1/345 342/1/342 
f 342/1/342 343/1/343 344/1/344 
f 263/1/263 342/1/342 345/1/345 
f 345/1/345 260/1/260 263/1/263 
f 346/1/346 347/1/347 348/1/348 
f 348/1/348 349/1/349 346/1/346 
f 350/1/350 348/1/348 347/1/347 
f 347/1/347 351/1/351 350/1/350 
f 352/1/352 353/1/353 348/1/348 
f 348/1/348 350/1/350 352/1/352 
f 349/1/349 348/1/348 353/1/353 
f 353/1/353 354/1/354 349/1/349 
f 355/1/355 356/1/356 357/1/357 
f 357/1/357 358/1/358 355/1/355 
f 359/1/359 357/1/357 356/1/356 
f 356/1/356 360/1/360 359/1/359 
f 361/1/361 362/1/362 357/1/357 
f 357/1/357 359/1/359 361/1/361 
f 358/1/358 357/1/357 362/1/362 
f 362/1/362 363/1/363 358/1/358 
f 364/1/364 365/1/365 366/1/366 
f 366/1/366 367/1/367 364/1/364 
f 368/1/368 366/1/366 365/1/365 
f 365/1/365 369/1/369 368/1/368 
f 360/1/360 356/1/356 366/1/366 
f 366/1/366 368/1/368 360/1/360 
f 367/1/367 366/1/366 356/1/356 
f 356/1/356 355/1/355 367/1/367 
f 354/1/354 370/1/370 371/1/371 
f 371/1/371 349/1/349 354/1/354 
f 372/1/372 371/1/371 370/1/370 
f 370/1/370 373/1/373 372/1/372 
f 374/1/374 375/1/375 371/1/371 
f 371/1/371 372/1/372 374/1/374 
f 349/1/349 371/1/371 375/1/375 
f 375/1/375 346/1/346 349/1/349 
f 354/1/354 353/1/353 376/1/376 
f 376/1/376 377/1/377 354/1/354 
f 378/1/378 376/1/376 353/1/353 
f 353/1/353 352/1/352 378/1/378 
f 379/1/379 380/1/380 376/1/376 
f 376/1/376 378/1/378 379/1/379 
f 380/1/380 381/1/381 377/1/377 
f 382/1/382 383/1/383 361/1/361 
f 384/1/384 382/1/382 385/1/385 
f 385/1/385 386/1/386 384/1/384 
f 384/1/384 379/1/379 378/1/378 
f 378/1/378 382/1/382 384/1/384 
f 383/1/383 382/1/382 378/1/378 
f 378/1/378 352/1/352 383/1/383 
f 360/1/360 387/1/387 388/1/388 
f 388/1/388 359/1/359 360/1/360 
f 389/1/389 388/1/388 387/1/387 
f 387/1/387 390/1/390 389/1/389 
f 386/1/386 385/1/385 388/1/388 
f 388/1/388 389/1/389 386/1/386 
f 359/1/359 388/1/388 385/1/385 
f 385/1/385 361/1/361 359/1/359 
f 369/1/369 391/1/391 392/1/392 
f 392/1/392 368/1/368 369/1/369 
f 393/1/393 392/1/392 391/1/391 
f 391/1/391 394/1/394 393/1/393 
f 390/1/390 387/1/387 392/1/392 
f 392/1/392 393/1/393 390/1/390 
f 368/1/368 392/1/392 387/1/387 
f 387/1/387 360/1/360 368/1/368 
f 369/1/369 395/1/395 396/1/396 
f 396/1/396 391/1/391 369/1/369 
f 397/1/397 396/1/396 395/1/395 
f 395/1/395 373/1/373 397/1/397 
f 398/1/398 399/1/399 396/1/396 
f 396/1/396 397/1/397 398/1/398 
f 391/1/391 396/1/396 399/1/399 
f 399/1/399 394/1/394 391/1/391 
f 381/1/381 400/1/400 401/1/401 
f 401/1/401 377/1/377 381/1/381 
f 400/1/400 398/1/398 397/1/397 
f 373/1/373 370/1/370 401/1/401 
f 401/1/401 397/1/397 373/1/373 
f 377/1/377 401/1/401 370/1/370 
f 370/1/370 354/1/354 377/1/377 
f 381/1/381 380/1/380 402/1/402 
f 402/1/402 403/1/403 381/1/381 
f 404/1/404 402/1/402 380/1/380 
f 380/1/380 379/1/379 404/1/404 
f 405/1/405 406/1/406 402/1/402 
f 402/1/402 404/1/404 405/1/405 
f 403/1/403 402/1/402 406/1/406 
f 406/1/406 407/1/407 403/1/403 
f 379/1/379 384/1/384 408/1/408 
f 408/1/408 404/1/404 379/1/379 
f 384/1/384 386/1/386 409/1/409 
f 409/1/409 408/1/408 384/1/384 
f 410/1/410 411/1/411 408/1/408 
f 408/1/408 409/1/409 410/1/410 
f 404/1/404 408/1/408 411/1/411 
f 411/1/411 405/1/405 404/1/404 
f 390/1/390 412/1/412 413/1/413 
f 413/1/413 389/1/389 390/1/390 
f 414/1/414 413/1/413 412/1/412 
f 412/1/412 415/1/415 414/1/414 
f 410/1/410 409/1/409 413/1/413 
f 413/1/413 414/1/414 410/1/410 
f 389/1/389 413/1/413 409/1/409 
f 409/1/409 386/1/386 389/1/389 
f 394/1/394 416/1/416 417/1/417 
f 417/1/417 393/1/393 394/1/394 
f 418/1/418 417/1/417 416/1/416 
f 416/1/416 419/1/419 418/1/418 
f 417/1/417 418/1/418 415/1/415 
f 393/1/393 417/1/417 412/1/412 
f 412/1/412 390/1/390 393/1/393 
f 420/1/420 421/1/421 399/1/399 
f 399/1/399 398/1/398 420/1/420 
f 422/1/422 423/1/423 421/1/421 
f 421/1/421 420/1/420 422/1/422 
f 419/1/419 416/1/416 421/1/421 
f 421/1/421 423/1/423 419/1/419 
f 399/1/399 421/1/421 416/1/416 
f 416/1/416 394/1/394 399/1/399 
f 407/1/407 424/1/424 425/1/425 
f 425/1/425 403/1/403 407/1/407 
f 420/1/420 425/1/425 424/1/424 
f 424/1/424 422/1/422 420/1/420 
f 398/1/398 400/1/400 425/1/425 
f 425/1/425 420/1/420 398/1/398 
f 400/1/400 381/1/381 403/1/403 
f 426/1/426 427/1/427 428/1/428 
f 428/1/428 429/1/429 426/1/426 
f 430/1/430 431/1/431 428/1/428 
f 428/1/428 427/1/427 430/1/430 
f 432/1/432 433/1/433 428/1/428 
f 428/1/428 431/1/431 432/1/432 
f 429/1/429 428/1/428 433/1/433 
f 433/1/433 434/1/434 429/1/429 
f 435/1/435 436/1/436 437/1/437 
f 438/1/438 435/1/435 439/1/439 
f 439/1/439 440/1/440 438/1/438 
f 426/1/426 441/1/441 435/1/435 
f 435/1/435 438/1/438 426/1/426 
f 436/1/436 435/1/435 441/1/441 
f 441/1/441 442/1/442 436/1/436 
f 443/1/443 444/1/444 445/1/445 
f 445/1/445 446/1/446 443/1/443 
f 444/1/444 447/1/447 448/1/448 
f 448/1/448 445/1/445 444/1/444 
f 440/1/440 439/1/439 445/1/445 
f 445/1/445 448/1/448 440/1/440 
f 446/1/446 445/1/445 439/1/439 
f 439/1/439 437/1/437 446/1/446 
f 443/1/443 449/1/449 450/1/450 
f 450/1/450 444/1/444 443/1/443 
f 451/1/451 450/1/450 449/1/449 
f 449/1/449 452/1/452 451/1/451 
f 453/1/453 454/1/454 450/1/450 
f 450/1/450 451/1/451 453/1/453 
f 444/1/444 450/1/450 454/1/454 
f 454/1/454 447/1/447 444/1/444 
f 452/1/452 455/1/455 456/1/456 
f 456/1/456 451/1/451 452/1/452 
f 457/1/457 456/1/456 455/1/455 
f 455/1/455 458/1/458 457/1/457 
f 459/1/459 460/1/460 456/1/456 
f 456/1/456 457/1/457 459/1/459 
f 451/1/451 456/1/456 460/1/460 
f 460/1/460 453/1/453 451/1/451 
f 461/1/461 462/1/462 463/1/463 
f 464/1/464 461/1/461 465/1/465 
f 465/1/465 434/1/434 464/1/464 
f 457/1/457 461/1/461 464/1/464 
f 464/1/464 459/1/459 457/1/457 
f 461/1/461 457/1/457 458/1/458 
f 458/1/458 462/1/462 461/1/461 
f 434/1/434 465/1/465 466/1/466 
f 466/1/466 429/1/429 434/1/434 
f 463/1/463 467/1/467 466/1/466 
f 466/1/466 465/1/465 463/1/463 
f 466/1/466 467/1/467 442/1/442 
f 429/1/429 466/1/466 441/1/441 
f 441/1/441 426/1/426 429/1/429 
f 405/1/405 411/1/411 468/1/468 
f 468/1/468 469/1/469 405/1/405 
f 470/1/470 468/1/468 411/1/411 
f 411/1/411 410/1/410 470/1/470 
f 471/1/471 468/1/468 470/1/470 
f 470/1/470 472/1/472 471/1/471 
f 469/1/469 468/1/468 471/1/471 
f 471/1/471 473/1/473 469/1/469 
f 472/1/472 470/1/470 474/1/474 
f 474/1/474 475/1/475 472/1/472 
f 414/1/414 474/1/474 470/1/470 
f 470/1/470 410/1/410 414/1/414 
f 415/1/415 476/1/476 474/1/474 
f 474/1/474 414/1/414 415/1/415 
f 475/1/475 474/1/474 476/1/476 
f 476/1/476 477/1/477 475/1/475 
f 419/1/419 478/1/478 479/1/479 
f 479/1/479 418/1/418 419/1/419 
f 480/1/480 479/1/479 478/1/478 
f 478/1/478 481/1/481 480/1/480 
f 477/1/477 476/1/476 479/1/479 
f 479/1/479 480/1/480 477/1/477 
f 418/1/418 479/1/479 476/1/476 
f 476/1/476 415/1/415 418/1/418 
f 422/1/422 482/1/482 483/1/483 
f 483/1/483 423/1/423 422/1/422 
f 484/1/484 483/1/483 482/1/482 
f 482/1/482 485/1/485 484/1/484 
f 481/1/481 478/1/478 483/1/483 
f 483/1/483 484/1/484 481/1/481 
f 423/1/423 483/1/483 478/1/478 
f 478/1/478 419/1/419 423/1/423 
f 422/1/422 424/1/424 486/1/486 
f 486/1/486 482/1/482 422/1/422 
f 487/1/487 486/1/486 424/1/424 
f 424/1/424 407/1/407 487/1/487 
f 488/1/488 489/1/489 486/1/486 
f 486/1/486 487/1/487 488/1/488 
f 489/1/489 485/1/485 482/1/482 
f 482/1/482 486/1/486 489/1/489 
f 473/1/473 490/1/490 491/1/491 
f 491/1/491 469/1/469 473/1/473 
f 490/1/490 488/1/488 487/1/487 
f 407/1/407 406/1/406 491/1/491 
f 491/1/491 487/1/487 407/1/407 
f 469/1/469 491/1/491 406/1/406 
f 406/1/406 405/1/405 469/1/469 
f 472/1/472 492/1/492 493/1/493 
f 493/1/493 471/1/471 472/1/472 
f 494/1/494 493/1/493 492/1/492 
f 492/1/492 495/1/495 494/1/494 
f 493/1/493 494/1/494 496/1/496 
f 473/1/473 471/1/471 493/1/493 
f 493/1/493 497/1/497 473/1/473 
f 437/1/437 498/1/498 499/1/499 
f 499/1/499 446/1/446 437/1/437 
f 500/1/500 499/1/499 498/1/498 
f 498/1/498 501/1/501 500/1/500 
f 502/1/502 503/1/503 499/1/499 
f 499/1/499 500/1/500 502/1/502 
f 446/1/446 499/1/499 503/1/503 
f 503/1/503 443/1/443 446/1/446 
f 504/1/504 505/1/505 506/1/506 
f 506/1/506 507/1/507 504/1/504 
f 508/1/508 506/1/506 505/1/505 
f 505/1/505 509/1/509 508/1/508 
f 506/1/506 508/1/508 502/1/502 
f 507/1/507 506/1/506 510/1/510 
f 510/1/510 495/1/495 507/1/507 
f 477/1/477 511/1/511 512/1/512 
f 512/1/512 475/1/475 477/1/477 
f 507/1/507 512/1/512 511/1/511 
f 511/1/511 504/1/504 507/1/507 
f 495/1/495 492/1/492 512/1/512 
f 512/1/512 507/1/507 495/1/495 
f 475/1/475 512/1/512 492/1/492 
f 492/1/492 472/1/472 475/1/475 
f 508/1/508 513/1/513 503/1/503 
f 503/1/503 502/1/502 508/1/508 
f 514/1/514 513/1/513 508/1/508 
f 508/1/508 509/1/509 514/1/514 
f 449/1/449 513/1/513 514/1/514 
f 514/1/514 452/1/452 449/1/449 
f 443/1/443 503/1/503 513/1/513 
f 513/1/513 449/1/449 443/1/443 
f 481/1/481 515/1/515 516/1/516 
f 516/1/516 480/1/480 481/1/481 
f 517/1/517 516/1/516 515/1/515 
f 515/1/515 518/1/518 517/1/517 
f 504/1/504 511/1/511 516/1/516 
f 516/1/516 517/1/517 504/1/504 
f 480/1/480 516/1/516 511/1/511 
f 511/1/511 477/1/477 480/1/480 
f 485/1/485 519/1/519 520/1/520 
f 520/1/520 484/1/484 485/1/485 
f 521/1/521 520/1/520 519/1/519 
f 519/1/519 522/1/522 521/1/521 
f 518/1/518 515/1/515 520/1/520 
f 520/1/520 521/1/521 518/1/518 
f 484/1/484 520/1/520 515/1/515 
f 515/1/515 481/1/481 484/1/484 
f 500/1/500 501/1/501 523/1/523 
f 523/1/523 496/1/496 494/1/494 
f 524/1/524 494/1/494 495/1/495 
f 510/1/510 502/1/502 500/1/500 
f 525/1/525 526/1/526 527/1/527 
f 527/1/527 528/1/528 525/1/525 
f 455/1/455 527/1/527 526/1/526 
f 526/1/526 458/1/458 455/1/455 
f 452/1/452 514/1/514 527/1/527 
f 527/1/527 455/1/455 452/1/452 
f 528/1/528 527/1/527 514/1/514 
f 514/1/514 509/1/509 528/1/528 
f 529/1/529 530/1/530 531/1/531 
f 532/1/532 533/1/533 534/1/534 
f 525/1/525 535/1/535 529/1/529 
f 529/1/529 534/1/534 525/1/525 
f 530/1/530 529/1/529 535/1/535 
f 535/1/535 536/1/536 530/1/530 
f 537/1/537 534/1/534 533/1/533 
f 462/1/462 537/1/537 538/1/538 
f 538/1/538 463/1/463 462/1/462 
f 458/1/458 526/1/526 537/1/537 
f 537/1/537 462/1/462 458/1/458 
f 534/1/534 537/1/537 526/1/526 
f 526/1/526 525/1/525 534/1/534 
f 539/1/539 540/1/540 538/1/538 
f 538/1/538 533/1/533 539/1/539 
f 541/1/541 540/1/540 539/1/539 
f 539/1/539 542/1/542 541/1/541 
f 442/1/442 467/1/467 540/1/540 
f 540/1/540 541/1/541 442/1/442 
f 467/1/467 463/1/463 538/1/538 
f 442/1/442 541/1/541 543/1/543 
f 543/1/543 436/1/436 442/1/442 
f 544/1/544 543/1/543 541/1/541 
f 541/1/541 542/1/542 544/1/544 
f 501/1/501 498/1/498 543/1/543 
f 543/1/543 544/1/544 501/1/501 
f 498/1/498 437/1/437 436/1/436 
f 542/1/542 545/1/545 546/1/546 
f 546/1/546 544/1/544 542/1/542 
f 547/1/547 546/1/546 545/1/545 
f 545/1/545 548/1/548 547/1/547 
f 549/1/549 550/1/550 546/1/546 
f 546/1/546 547/1/547 549/1/549 
f 544/1/544 546/1/546 550/1/550 
f 550/1/550 501/1/501 544/1/544 
f 551/1/551 547/1/547 548/1/548 
f 552/1/552 551/1/551 553/1/553 
f 553/1/553 554/1/554 552/1/552 
f 555/1/555 556/1/556 551/1/551 
f 551/1/551 552/1/552 555/1/555 
f 547/1/547 551/1/551 556/1/556 
f 556/1/556 549/1/549 547/1/547 
f 557/1/557 558/1/558 559/1/559 
f 559/1/559 560/1/560 557/1/557 
f 561/1/561 562/1/562 559/1/559 
f 559/1/559 558/1/558 561/1/561 
f 559/1/559 562/1/562 563/1/563 
f 561/1/561 558/1/558 564/1/564 
f 564/1/564 565/1/565 561/1/561 
f 566/1/566 564/1/564 558/1/558 
f 558/1/558 557/1/557 566/1/566 
f 554/1/554 553/1/553 564/1/564 
f 564/1/564 566/1/566 554/1/554 
f 565/1/565 564/1/564 553/1/553 
f 553/1/553 548/1/548 565/1/565 
f 567/1/567 568/1/568 569/1/569 
f 569/1/569 570/1/570 567/1/567 
f 571/1/571 569/1/569 568/1/568 
f 568/1/568 572/1/572 571/1/571 
f 569/1/569 571/1/571 573/1/573 
f 574/1/574 575/1/575 570/1/570 
f 576/1/576 577/1/577 578/1/578 
f 578/1/578 579/1/579 576/1/576 
f 572/1/572 568/1/568 577/1/577 
f 577/1/577 576/1/576 572/1/572 
f 580/1/580 577/1/577 568/1/568 
f 568/1/568 567/1/567 580/1/580 
f 578/1/578 577/1/577 580/1/580 
f 580/1/580 563/1/563 578/1/578 
f 579/1/579 581/1/581 582/1/582 
f 582/1/582 576/1/576 579/1/579 
f 583/1/583 582/1/582 581/1/581 
f 581/1/581 584/1/584 583/1/583 
f 585/1/585 586/1/586 582/1/582 
f 582/1/582 583/1/583 585/1/585 
f 576/1/576 582/1/582 586/1/586 
f 586/1/586 572/1/572 576/1/576 
f 587/1/587 588/1/588 589/1/589 
f 589/1/589 590/1/590 587/1/587 
f 588/1/588 533/1/533 532/1/532 
f 531/1/531 591/1/591 589/1/589 
f 589/1/589 532/1/532 531/1/531 
f 590/1/590 589/1/589 591/1/591 
f 591/1/591 592/1/592 590/1/590 
f 593/1/593 594/1/594 595/1/595 
f 596/1/596 542/1/542 539/1/539 
f 533/1/533 588/1/588 593/1/593 
f 593/1/593 539/1/539 533/1/533 
f 588/1/588 587/1/587 594/1/594 
f 597/1/597 595/1/595 594/1/594 
f 587/1/587 598/1/598 599/1/599 
f 599/1/599 594/1/594 587/1/587 
f 600/1/600 597/1/597 599/1/599 
f 599/1/599 598/1/598 600/1/600 
f 601/1/601 596/1/596 595/1/595 
f 565/1/565 601/1/601 602/1/602 
f 602/1/602 561/1/561 565/1/565 
f 548/1/548 545/1/545 601/1/601 
f 601/1/601 565/1/565 548/1/548 
f 545/1/545 542/1/542 596/1/596 
f 603/1/603 562/1/562 561/1/561 
f 604/1/604 603/1/603 602/1/602 
f 602/1/602 595/1/595 604/1/604 
f 604/1/604 605/1/605 606/1/606 
f 606/1/606 563/1/563 562/1/562 
f 604/1/604 607/1/607 608/1/608 
f 608/1/608 605/1/605 604/1/604 
f 597/1/597 607/1/607 604/1/604 
f 604/1/604 595/1/595 597/1/597 
f 600/1/600 609/1/609 607/1/607 
f 607/1/607 597/1/597 600/1/600 
f 608/1/608 607/1/607 609/1/609 
f 609/1/609 610/1/610 608/1/608 
f 605/1/605 611/1/611 612/1/612 
f 612/1/612 606/1/606 605/1/605 
f 611/1/611 613/1/613 614/1/614 
f 579/1/579 578/1/578 612/1/612 
f 612/1/612 614/1/614 579/1/579 
f 606/1/606 612/1/612 578/1/578 
f 578/1/578 563/1/563 606/1/606 
f 615/1/615 616/1/616 617/1/617 
f 617/1/617 618/1/618 615/1/615 
f 619/1/619 617/1/617 616/1/616 
f 616/1/616 620/1/620 619/1/619 
f 613/1/613 611/1/611 617/1/617 
f 617/1/617 619/1/619 613/1/613 
f 618/1/618 617/1/617 611/1/611 
f 611/1/611 605/1/605 618/1/618 
f 621/1/621 622/1/622 623/1/623 
f 623/1/623 624/1/624 621/1/621 
f 625/1/625 626/1/626 623/1/623 
f 623/1/623 622/1/622 625/1/625 
f 627/1/627 623/1/623 626/1/626 
f 626/1/626 628/1/628 627/1/627 
f 627/1/627 584/1/584 624/1/624 
f 629/1/629 614/1/614 613/1/613 
f 621/1/621 624/1/624 629/1/629 
f 629/1/629 630/1/630 621/1/621 
f 629/1/629 624/1/624 584/1/584 
f 614/1/614 629/1/629 581/1/581 
f 581/1/581 579/1/579 614/1/614 
f 625/1/625 631/1/631 632/1/632 
f 632/1/632 626/1/626 625/1/625 
f 633/1/633 634/1/634 632/1/632 
f 632/1/632 631/1/631 633/1/633 
f 635/1/635 632/1/632 634/1/634 
f 634/1/634 610/1/610 635/1/635 
f 628/1/628 626/1/626 632/1/632 
f 632/1/632 635/1/635 628/1/628 
f 636/1/636 637/1/637 638/1/638 
f 638/1/638 639/1/639 636/1/636 
f 630/1/630 638/1/638 637/1/637 
f 637/1/637 621/1/621 630/1/630 
f 630/1/630 613/1/613 619/1/619 
f 620/1/620 639/1/639 638/1/638 
f 638/1/638 619/1/619 620/1/620 
f 610/1/610 634/1/634 640/1/640 
f 640/1/640 608/1/608 610/1/610 
f 641/1/641 640/1/640 634/1/634 
f 634/1/634 633/1/633 641/1/641 
f 615/1/615 618/1/618 640/1/640 
f 640/1/640 641/1/641 615/1/615 
f 608/1/608 640/1/640 618/1/618 
f 618/1/618 605/1/605 608/1/608 
f 642/1/642 641/1/641 633/1/633 
f 643/1/643 636/1/636 639/1/639 
f 639/1/639 642/1/642 643/1/643 
f 620/1/620 616/1/616 642/1/642 
f 642/1/642 639/1/639 620/1/620 
f 616/1/616 615/1/615 641/1/641 
f 644/1/644 637/1/637 636/1/636 
f 643/1/643 633/1/633 631/1/631 
f 644/1/644 631/1/631 625/1/625 
f 622/1/622 621/1/621 637/1/637 
f 645/1/645 646/1/646 647/1/647 
f 647/1/647 648/1/648 645/1/645 
f 72/1/72 647/1/647 646/1/646 
f 646/1/646 69/1/69 72/1/72 
f 58/1/58 74/1/74 647/1/647 
f 647/1/647 72/1/72 58/1/58 
f 648/1/648 647/1/647 74/1/74 
f 74/1/74 73/1/73 648/1/648 
f 69/1/69 646/1/646 649/1/649 
f 649/1/649 147/1/147 69/1/69 
f 650/1/650 649/1/649 646/1/646 
f 646/1/646 645/1/645 650/1/650 
f 651/1/651 652/1/652 649/1/649 
f 649/1/649 650/1/650 651/1/651 
f 147/1/147 649/1/649 652/1/652 
f 652/1/652 149/1/149 147/1/147 
f 645/1/645 653/1/653 654/1/654 
f 654/1/654 650/1/650 645/1/645 
f 655/1/655 654/1/654 653/1/653 
f 653/1/653 656/1/656 655/1/655 
f 657/1/657 658/1/658 654/1/654 
f 654/1/654 655/1/655 657/1/657 
f 650/1/650 654/1/654 658/1/658 
f 658/1/658 651/1/651 650/1/650 
f 659/1/659 660/1/660 652/1/652 
f 652/1/652 651/1/651 659/1/659 
f 661/1/661 662/1/662 660/1/660 
f 660/1/660 659/1/659 661/1/661 
f 192/1/192 189/1/189 660/1/660 
f 660/1/660 662/1/662 192/1/192 
f 652/1/652 660/1/660 189/1/189 
f 189/1/189 149/1/149 652/1/652 
f 657/1/657 663/1/663 664/1/664 
f 664/1/664 658/1/658 657/1/657 
f 665/1/665 664/1/664 663/1/663 
f 663/1/663 666/1/666 665/1/665 
f 661/1/661 659/1/659 664/1/664 
f 664/1/664 665/1/665 661/1/661 
f 651/1/651 658/1/658 664/1/664 
f 664/1/664 659/1/659 651/1/651 
f 667/1/667 668/1/668 662/1/662 
f 662/1/662 661/1/661 667/1/667 
f 668/1/668 667/1/667 669/1/669 
f 670/1/670 200/1/200 199/1/199 
f 662/1/662 668/1/668 199/1/199 
f 199/1/199 192/1/192 662/1/662 
f 661/1/661 665/1/665 671/1/671 
f 671/1/671 667/1/667 661/1/661 
f 666/1/666 672/1/672 671/1/671 
f 671/1/671 665/1/665 666/1/666 
f 673/1/673 671/1/671 672/1/672 
f 672/1/672 674/1/674 673/1/673 
f 667/1/667 671/1/671 673/1/673 
f 673/1/673 669/1/669 667/1/667 
f 675/1/675 676/1/676 677/1/677 
f 677/1/677 678/1/678 675/1/675 
f 343/1/343 677/1/677 676/1/676 
f 676/1/676 344/1/344 343/1/343 
f 286/1/286 340/1/340 677/1/677 
f 677/1/677 343/1/343 286/1/286 
f 677/1/677 340/1/340 280/1/280 
f 679/1/679 680/1/680 675/1/675 
f 678/1/678 280/1/280 283/1/283 
f 679/1/679 283/1/283 200/1/200 
f 670/1/670 669/1/669 680/1/680 
f 669/1/669 673/1/673 681/1/681 
f 681/1/681 680/1/680 669/1/669 
f 674/1/674 682/1/682 681/1/681 
f 681/1/681 673/1/673 674/1/674 
f 683/1/683 681/1/681 682/1/682 
f 682/1/682 684/1/684 683/1/683 
f 675/1/675 680/1/680 681/1/681 
f 681/1/681 683/1/683 675/1/675 
f 73/1/73 685/1/685 686/1/686 
f 686/1/686 648/1/648 73/1/73 
f 687/1/687 686/1/686 685/1/685 
f 685/1/685 688/1/688 687/1/687 
f 656/1/656 653/1/653 686/1/686 
f 686/1/686 687/1/687 656/1/656 
f 648/1/648 686/1/686 653/1/653 
f 653/1/653 645/1/645 648/1/648 
f 689/1/689 688/1/688 685/1/685 
f 685/1/685 690/1/690 689/1/689 
f 76/1/76 690/1/690 685/1/685 
f 685/1/685 73/1/73 76/1/76 
f 78/1/78 691/1/691 690/1/690 
f 690/1/690 76/1/76 78/1/78 
f 689/1/689 690/1/690 691/1/691 
f 691/1/691 692/1/692 689/1/689 
f 693/1/693 694/1/694 695/1/695 
f 695/1/695 696/1/696 693/1/693 
f 689/1/689 694/1/694 693/1/693 
f 693/1/693 688/1/688 689/1/689 
f 692/1/692 697/1/697 694/1/694 
f 694/1/694 689/1/689 692/1/692 
f 697/1/697 698/1/698 695/1/695 
f 695/1/695 694/1/694 697/1/697 
f 687/1/687 699/1/699 700/1/700 
f 700/1/700 656/1/656 687/1/687 
f 701/1/701 699/1/699 687/1/687 
f 687/1/687 688/1/688 701/1/701 
f 702/1/702 700/1/700 699/1/699 
f 699/1/699 701/1/701 702/1/702 
f 696/1/696 703/1/703 704/1/704 
f 704/1/704 693/1/693 696/1/696 
f 705/1/705 704/1/704 703/1/703 
f 703/1/703 706/1/706 705/1/705 
f 701/1/701 704/1/704 705/1/705 
f 705/1/705 702/1/702 701/1/701 
f 704/1/704 701/1/701 688/1/688 
f 707/1/707 708/1/708 709/1/709 
f 709/1/709 710/1/710 707/1/707 
f 655/1/655 708/1/708 707/1/707 
f 707/1/707 657/1/657 655/1/655 
f 656/1/656 700/1/700 708/1/708 
f 708/1/708 655/1/655 656/1/656 
f 709/1/709 708/1/708 700/1/700 
f 700/1/700 702/1/702 709/1/709 
f 711/1/711 712/1/712 713/1/713 
f 713/1/713 714/1/714 711/1/711 
f 715/1/715 713/1/713 712/1/712 
f 712/1/712 716/1/716 715/1/715 
f 706/1/706 703/1/703 713/1/713 
f 713/1/713 715/1/715 706/1/706 
f 714/1/714 713/1/713 703/1/703 
f 703/1/703 696/1/696 714/1/714 
f 716/1/716 712/1/712 717/1/717 
f 717/1/717 718/1/718 716/1/716 
f 719/1/719 717/1/717 712/1/712 
f 712/1/712 711/1/711 719/1/719 
f 7/1/7 11/1/11 717/1/717 
f 717/1/717 719/1/719 7/1/7 
f 718/1/718 717/1/717 11/1/11 
f 11/1/11 10/1/10 718/1/718 
f 720/1/720 721/1/721 722/1/722 
f 722/1/722 723/1/723 720/1/720 
f 720/1/720 710/1/710 709/1/709 
f 709/1/709 721/1/721 720/1/720 
f 702/1/702 705/1/705 721/1/721 
f 721/1/721 709/1/709 702/1/702 
f 706/1/706 722/1/722 721/1/721 
f 721/1/721 705/1/705 706/1/706 
f 715/1/715 724/1/724 722/1/722 
f 722/1/722 706/1/706 715/1/715 
f 716/1/716 725/1/725 724/1/724 
f 724/1/724 715/1/715 716/1/716 
f 723/1/723 722/1/722 724/1/724 
f 724/1/724 725/1/725 723/1/723 
f 10/1/10 102/1/102 726/1/726 
f 726/1/726 718/1/718 10/1/10 
f 103/1/103 727/1/727 726/1/726 
f 726/1/726 102/1/102 103/1/103 
f 728/1/728 729/1/729 726/1/726 
f 726/1/726 727/1/727 728/1/728 
f 718/1/718 726/1/726 729/1/729 
f 729/1/729 716/1/716 718/1/718 
f 710/1/710 730/1/730 731/1/731 
f 731/1/731 707/1/707 710/1/710 
f 732/1/732 731/1/731 730/1/730 
f 730/1/730 733/1/733 732/1/732 
f 666/1/666 663/1/663 731/1/731 
f 731/1/731 732/1/732 666/1/666 
f 707/1/707 731/1/731 663/1/663 
f 663/1/663 657/1/657 707/1/707 
f 734/1/734 735/1/735 729/1/729 
f 729/1/729 728/1/728 734/1/734 
f 736/1/736 735/1/735 734/1/734 
f 734/1/734 737/1/737 736/1/736 
f 723/1/723 725/1/725 735/1/735 
f 735/1/735 736/1/736 723/1/723 
f 729/1/729 735/1/735 725/1/725 
f 725/1/725 716/1/716 729/1/729 
f 737/1/737 738/1/738 739/1/739 
f 739/1/739 736/1/736 737/1/737 
f 730/1/730 739/1/739 738/1/738 
f 738/1/738 733/1/733 730/1/730 
f 720/1/720 739/1/739 730/1/730 
f 730/1/730 710/1/710 720/1/720 
f 736/1/736 739/1/739 720/1/720 
f 720/1/720 723/1/723 736/1/736 
f 733/1/733 740/1/740 741/1/741 
f 741/1/741 732/1/732 733/1/733 
f 742/1/742 741/1/741 740/1/740 
f 740/1/740 743/1/743 742/1/742 
f 674/1/674 672/1/672 741/1/741 
f 741/1/741 742/1/742 674/1/674 
f 732/1/732 741/1/741 672/1/672 
f 672/1/672 666/1/666 732/1/732 
f 733/1/733 738/1/738 744/1/744 
f 744/1/744 740/1/740 733/1/733 
f 745/1/745 744/1/744 738/1/738 
f 738/1/738 737/1/737 745/1/745 
f 746/1/746 747/1/747 744/1/744 
f 744/1/744 745/1/745 746/1/746 
f 740/1/740 744/1/744 747/1/747 
f 747/1/747 743/1/743 740/1/740 
f 728/1/728 748/1/748 749/1/749 
f 749/1/749 734/1/734 728/1/728 
f 748/1/748 750/1/750 751/1/751 
f 751/1/751 749/1/749 748/1/748 
f 745/1/745 749/1/749 751/1/751 
f 751/1/751 746/1/746 745/1/745 
f 734/1/734 749/1/749 745/1/745 
f 745/1/745 737/1/737 734/1/734 
f 107/1/107 752/1/752 753/1/753 
f 753/1/753 105/1/105 107/1/107 
f 748/1/748 753/1/753 752/1/752 
f 752/1/752 750/1/750 748/1/748 
f 728/1/728 727/1/727 753/1/753 
f 753/1/753 748/1/748 728/1/728 
f 105/1/105 753/1/753 727/1/727 
f 727/1/727 103/1/103 105/1/105 
f 754/1/754 755/1/755 756/1/756 
f 756/1/756 757/1/757 754/1/754 
f 758/1/758 756/1/756 755/1/755 
f 755/1/755 759/1/759 758/1/758 
f 743/1/743 747/1/747 756/1/756 
f 756/1/756 758/1/758 743/1/743 
f 757/1/757 756/1/756 747/1/747 
f 747/1/747 746/1/746 757/1/757 
f 743/1/743 758/1/758 760/1/760 
f 760/1/760 742/1/742 743/1/743 
f 761/1/761 760/1/760 758/1/758 
f 758/1/758 759/1/759 761/1/761 
f 684/1/684 682/1/682 760/1/760 
f 760/1/760 761/1/761 684/1/684 
f 742/1/742 760/1/760 682/1/682 
f 682/1/682 674/1/674 742/1/742 
f 746/1/746 751/1/751 762/1/762 
f 762/1/762 757/1/757 746/1/746 
f 763/1/763 762/1/762 751/1/751 
f 751/1/751 750/1/750 763/1/763 
f 757/1/757 762/1/762 763/1/763 
f 763/1/763 754/1/754 757/1/757 
f 684/1/684 764/1/764 765/1/765 
f 765/1/765 683/1/683 684/1/684 
f 766/1/766 765/1/765 764/1/764 
f 764/1/764 767/1/767 766/1/766 
f 344/1/344 676/1/676 765/1/765 
f 765/1/765 766/1/766 344/1/344 
f 683/1/683 765/1/765 676/1/676 
f 676/1/676 675/1/675 683/1/683 
f 297/1/297 768/1/768 769/1/769 
f 769/1/769 296/1/296 297/1/297 
f 770/1/770 769/1/769 768/1/768 
f 768/1/768 771/1/771 770/1/770 
f 750/1/750 752/1/752 769/1/769 
f 769/1/769 770/1/770 750/1/750 
f 296/1/296 769/1/769 752/1/752 
f 752/1/752 107/1/107 296/1/296 
f 761/1/761 772/1/772 764/1/764 
f 764/1/764 684/1/684 761/1/761 
f 759/1/759 773/1/773 772/1/772 
f 772/1/772 761/1/761 759/1/759 
f 772/1/772 773/1/773 767/1/767 
f 771/1/771 774/1/774 775/1/775 
f 775/1/775 770/1/770 771/1/771 
f 776/1/776 775/1/775 774/1/774 
f 774/1/774 777/1/777 776/1/776 
f 754/1/754 763/1/763 775/1/775 
f 775/1/775 776/1/776 754/1/754 
f 770/1/770 775/1/775 763/1/763 
f 763/1/763 750/1/750 770/1/770 
f 777/1/777 778/1/778 779/1/779 
f 779/1/779 776/1/776 777/1/777 
f 773/1/773 779/1/779 778/1/778 
f 778/1/778 767/1/767 773/1/773 
f 759/1/759 755/1/755 779/1/779 
f 779/1/779 773/1/773 759/1/759 
f 776/1/776 779/1/779 755/1/755 
f 755/1/755 754/1/754 776/1/776 
f 767/1/767 780/1/780 781/1/781 
f 781/1/781 766/1/766 767/1/767 
f 782/1/782 781/1/781 780/1/780 
f 780/1/780 783/1/783 782/1/782 
f 260/1/260 345/1/345 781/1/781 
f 781/1/781 782/1/782 260/1/260 
f 766/1/766 781/1/781 345/1/345 
f 345/1/345 344/1/344 766/1/766 
f 201/1/201 784/1/784 785/1/785 
f 785/1/785 300/1/300 201/1/201 
f 786/1/786 785/1/785 784/1/784 
f 784/1/784 787/1/787 786/1/786 
f 771/1/771 768/1/768 785/1/785 
f 785/1/785 786/1/786 771/1/771 
f 300/1/300 785/1/785 768/1/768 
f 768/1/768 297/1/297 300/1/300 
f 787/1/787 788/1/788 789/1/789 
f 789/1/789 786/1/786 787/1/787 
f 790/1/790 789/1/789 788/1/788 
f 788/1/788 791/1/791 790/1/790 
f 777/1/777 774/1/774 789/1/789 
f 789/1/789 790/1/790 777/1/777 
f 786/1/786 789/1/789 774/1/774 
f 774/1/774 771/1/771 786/1/786 
f 791/1/791 792/1/792 793/1/793 
f 793/1/793 790/1/790 791/1/791 
f 780/1/780 793/1/793 792/1/792 
f 792/1/792 783/1/783 780/1/780 
f 767/1/767 778/1/778 793/1/793 
f 793/1/793 780/1/780 767/1/767 
f 790/1/790 793/1/793 778/1/778 
f 778/1/778 777/1/777 790/1/790 
f 782/1/782 783/1/783 794/1/794 
f 794/1/794 795/1/795 782/1/782 
f 796/1/796 797/1/797 795/1/795 
f 795/1/795 794/1/794 796/1/796 
f 265/1/265 261/1/261 795/1/795 
f 795/1/795 797/1/797 265/1/265 
f 782/1/782 795/1/795 261/1/261 
f 261/1/261 260/1/260 782/1/782 
f 79/1/79 798/1/798 799/1/799 
f 799/1/799 204/1/204 79/1/79 
f 800/1/800 799/1/799 798/1/798 
f 798/1/798 801/1/801 800/1/800 
f 787/1/787 784/1/784 799/1/799 
f 799/1/799 800/1/800 787/1/787 
f 204/1/204 799/1/799 784/1/784 
f 784/1/784 201/1/201 204/1/204 
f 801/1/801 802/1/802 803/1/803 
f 803/1/803 800/1/800 801/1/801 
f 804/1/804 803/1/803 802/1/802 
f 802/1/802 805/1/805 804/1/804 
f 791/1/791 788/1/788 803/1/803 
f 803/1/803 804/1/804 791/1/791 
f 800/1/800 803/1/803 788/1/788 
f 788/1/788 787/1/787 800/1/800 
f 805/1/805 806/1/806 807/1/807 
f 807/1/807 804/1/804 805/1/805 
f 794/1/794 807/1/807 806/1/806 
f 806/1/806 796/1/796 794/1/794 
f 783/1/783 792/1/792 807/1/807 
f 807/1/807 794/1/794 783/1/783 
f 804/1/804 807/1/807 792/1/792 
f 792/1/792 791/1/791 804/1/804 
f 808/1/808 809/1/809 82/1/82 
f 82/1/82 87/1/87 808/1/808 
f 810/1/810 809/1/809 808/1/808 
f 808/1/808 811/1/811 810/1/810 
f 801/1/801 798/1/798 809/1/809 
f 809/1/809 810/1/810 801/1/801 
f 82/1/82 809/1/809 798/1/798 
f 798/1/798 79/1/79 82/1/82 
f 497/1/497 496/1/496 812/1/812 
f 813/1/813 814/1/814 812/1/812 
f 812/1/812 815/1/815 813/1/813 
f 814/1/814 813/1/813 488/1/488 
f 490/1/490 473/1/473 497/1/497 
f 816/1/816 817/1/817 818/1/818 
f 818/1/818 819/1/819 816/1/816 
f 820/1/820 818/1/818 817/1/817 
f 817/1/817 815/1/815 820/1/820 
f 549/1/549 556/1/556 818/1/818 
f 818/1/818 820/1/820 549/1/549 
f 819/1/819 818/1/818 556/1/556 
f 556/1/556 555/1/555 819/1/819 
f 821/1/821 489/1/489 488/1/488 
f 822/1/822 821/1/821 813/1/813 
f 813/1/813 815/1/815 822/1/822 
f 522/1/522 519/1/519 821/1/821 
f 821/1/821 822/1/822 522/1/522 
f 489/1/489 821/1/821 519/1/519 
f 519/1/519 485/1/485 489/1/489 
f 820/1/820 823/1/823 550/1/550 
f 550/1/550 549/1/549 820/1/820 
f 812/1/812 823/1/823 820/1/820 
f 820/1/820 815/1/815 812/1/812 
f 496/1/496 523/1/523 823/1/823 
f 823/1/823 812/1/812 496/1/496 
f 550/1/550 823/1/823 523/1/523 
f 523/1/523 501/1/501 550/1/550 
f 824/1/824 825/1/825 826/1/826 
f 827/1/827 828/1/828 829/1/829 
f 824/1/824 829/1/829 830/1/830 
f 831/1/831 815/1/815 825/1/825 
f 828/1/828 832/1/832 833/1/833 
f 833/1/833 829/1/829 828/1/828 
f 832/1/832 834/1/834 835/1/835 
f 836/1/836 837/1/837 833/1/833 
f 833/1/833 835/1/835 836/1/836 
f 829/1/829 833/1/833 837/1/837 
f 837/1/837 830/1/830 829/1/829 
f 838/1/838 839/1/839 840/1/840 
f 840/1/840 841/1/841 838/1/838 
f 842/1/842 843/1/843 840/1/840 
f 840/1/840 839/1/839 842/1/842 
f 844/1/844 845/1/845 840/1/840 
f 840/1/840 843/1/843 844/1/844 
f 841/1/841 840/1/840 845/1/845 
f 845/1/845 846/1/846 841/1/841 
f 847/1/847 848/1/848 849/1/849 
f 849/1/849 850/1/850 847/1/847 
f 851/1/851 849/1/849 848/1/848 
f 848/1/848 852/1/852 851/1/851 
f 853/1/853 854/1/854 849/1/849 
f 849/1/849 851/1/851 853/1/853 
f 850/1/850 849/1/849 854/1/854 
f 854/1/854 855/1/855 850/1/850 
f 852/1/852 856/1/856 857/1/857 
f 857/1/857 851/1/851 852/1/852 
f 858/1/858 857/1/857 856/1/856 
f 856/1/856 859/1/859 858/1/858 
f 860/1/860 861/1/861 857/1/857 
f 857/1/857 858/1/858 860/1/860 
f 851/1/851 857/1/857 861/1/861 
f 861/1/861 853/1/853 851/1/851 
f 862/1/862 863/1/863 864/1/864 
f 864/1/864 865/1/865 862/1/862 
f 866/1/866 864/1/864 863/1/863 
f 863/1/863 867/1/867 866/1/866 
f 852/1/852 848/1/848 864/1/864 
f 864/1/864 866/1/866 852/1/852 
f 865/1/865 864/1/864 848/1/848 
f 848/1/848 847/1/847 865/1/865 
f 868/1/868 869/1/869 870/1/870 
f 870/1/870 871/1/871 868/1/868 
f 872/1/872 870/1/870 869/1/869 
f 869/1/869 873/1/873 872/1/872 
f 867/1/867 863/1/863 870/1/870 
f 870/1/870 872/1/872 867/1/867 
f 871/1/871 870/1/870 863/1/863 
f 863/1/863 862/1/862 871/1/871 
f 867/1/867 874/1/874 875/1/875 
f 875/1/875 866/1/866 867/1/867 
f 876/1/876 875/1/875 874/1/874 
f 874/1/874 877/1/877 876/1/876 
f 859/1/859 856/1/856 875/1/875 
f 875/1/875 876/1/876 859/1/859 
f 866/1/866 875/1/875 856/1/856 
f 856/1/856 852/1/852 866/1/866 
f 877/1/877 878/1/878 879/1/879 
f 879/1/879 876/1/876 877/1/877 
f 808/1/808 879/1/879 878/1/878 
f 878/1/878 811/1/811 808/1/808 
f 87/1/87 880/1/880 879/1/879 
f 879/1/879 808/1/808 87/1/87 
f 876/1/876 879/1/879 880/1/880 
f 880/1/880 859/1/859 876/1/876 
f 881/1/881 882/1/882 883/1/883 
f 883/1/883 884/1/884 881/1/881 
f 885/1/885 883/1/883 882/1/882 
f 882/1/882 886/1/886 885/1/885 
f 868/1/868 887/1/887 883/1/883 
f 883/1/883 885/1/885 868/1/868 
f 884/1/884 883/1/883 887/1/887 
f 887/1/887 888/1/888 884/1/884 
f 811/1/811 889/1/889 890/1/890 
f 890/1/890 810/1/810 811/1/811 
f 891/1/891 890/1/890 889/1/889 
f 889/1/889 892/1/892 891/1/891 
f 805/1/805 802/1/802 890/1/890 
f 890/1/890 891/1/891 805/1/805 
f 810/1/810 890/1/890 802/1/802 
f 802/1/802 801/1/801 810/1/810 
f 893/1/893 894/1/894 895/1/895 
f 895/1/895 896/1/896 893/1/893 
f 897/1/897 894/1/894 893/1/893 
f 893/1/893 898/1/898 897/1/897 
f 797/1/797 894/1/894 897/1/897 
f 897/1/897 265/1/265 797/1/797 
f 797/1/797 796/1/796 895/1/895 
f 892/1/892 899/1/899 900/1/900 
f 900/1/900 891/1/891 892/1/892 
f 895/1/895 900/1/900 899/1/899 
f 899/1/899 896/1/896 895/1/895 
f 796/1/796 806/1/806 900/1/900 
f 900/1/900 895/1/895 796/1/796 
f 891/1/891 900/1/900 806/1/806 
f 806/1/806 805/1/805 891/1/891 
f 901/1/901 902/1/902 898/1/898 
f 901/1/901 893/1/893 896/1/896 
f 574/1/574 901/1/901 903/1/903 
f 903/1/903 575/1/575 574/1/574 
f 902/1/902 901/1/901 574/1/574 
f 574/1/574 573/1/573 902/1/902 
f 877/1/877 904/1/904 905/1/905 
f 905/1/905 878/1/878 877/1/877 
f 906/1/906 905/1/905 904/1/904 
f 904/1/904 907/1/907 906/1/906 
f 892/1/892 889/1/889 905/1/905 
f 905/1/905 906/1/906 892/1/892 
f 878/1/878 905/1/905 889/1/889 
f 889/1/889 811/1/811 878/1/878 
f 908/1/908 872/1/872 873/1/873 
f 909/1/909 907/1/907 904/1/904 
f 908/1/908 904/1/904 877/1/877 
f 872/1/872 908/1/908 874/1/874 
f 874/1/874 867/1/867 872/1/872 
f 886/1/886 910/1/910 911/1/911 
f 911/1/911 885/1/885 886/1/886 
f 910/1/910 907/1/907 909/1/909 
f 873/1/873 869/1/869 911/1/911 
f 911/1/911 909/1/909 873/1/873 
f 885/1/885 911/1/911 869/1/869 
f 869/1/869 868/1/868 885/1/885 
f 912/1/912 913/1/913 914/1/914 
f 914/1/914 915/1/915 912/1/912 
f 912/1/912 907/1/907 910/1/910 
f 916/1/916 913/1/913 910/1/910 
f 910/1/910 886/1/886 916/1/916 
f 913/1/913 916/1/916 917/1/917 
f 915/1/915 918/1/918 919/1/919 
f 919/1/919 912/1/912 915/1/915 
f 920/1/920 919/1/919 918/1/918 
f 918/1/918 921/1/921 920/1/920 
f 919/1/919 920/1/920 922/1/922 
f 923/1/923 907/1/907 912/1/912 
f 922/1/922 920/1/920 924/1/924 
f 924/1/924 925/1/925 922/1/922 
f 926/1/926 924/1/924 920/1/920 
f 920/1/920 921/1/921 926/1/926 
f 575/1/575 903/1/903 924/1/924 
f 924/1/924 926/1/926 575/1/575 
f 925/1/925 924/1/924 903/1/903 
f 903/1/903 896/1/896 925/1/925 
f 906/1/906 927/1/927 899/1/899 
f 899/1/899 892/1/892 906/1/906 
f 923/1/923 927/1/927 906/1/906 
f 906/1/906 907/1/907 923/1/923 
f 922/1/922 925/1/925 927/1/927 
f 927/1/927 923/1/923 922/1/922 
f 896/1/896 899/1/899 927/1/927 
f 927/1/927 925/1/925 896/1/896 
f 430/1/430 427/1/427 928/1/928 
f 928/1/928 929/1/929 430/1/430 
f 438/1/438 928/1/928 427/1/427 
f 427/1/427 426/1/426 438/1/438 
f 440/1/440 930/1/930 928/1/928 
f 928/1/928 438/1/438 440/1/440 
f 931/1/931 929/1/929 928/1/928 
f 928/1/928 930/1/930 931/1/931 
f 932/1/932 933/1/933 934/1/934 
f 934/1/934 935/1/935 932/1/932 
f 459/1/459 464/1/464 934/1/934 
f 934/1/934 933/1/933 459/1/459 
f 434/1/434 433/1/433 934/1/934 
f 934/1/934 464/1/464 434/1/434 
f 432/1/432 935/1/935 934/1/934 
f 934/1/934 433/1/433 432/1/432 
f 936/1/936 937/1/937 938/1/938 
f 938/1/938 939/1/939 936/1/936 
f 940/1/940 938/1/938 937/1/937 
f 937/1/937 941/1/941 940/1/940 
f 447/1/447 454/1/454 938/1/938 
f 938/1/938 940/1/940 447/1/447 
f 939/1/939 938/1/938 454/1/454 
f 454/1/454 453/1/453 939/1/939 
f 940/1/940 942/1/942 448/1/448 
f 448/1/448 447/1/447 940/1/940 
f 943/1/943 942/1/942 940/1/940 
f 940/1/940 941/1/941 943/1/943 
f 931/1/931 930/1/930 942/1/942 
f 942/1/942 943/1/943 931/1/931 
f 448/1/448 942/1/942 930/1/930 
f 930/1/930 440/1/440 448/1/448 
f 932/1/932 944/1/944 945/1/945 
f 945/1/945 933/1/933 932/1/932 
f 939/1/939 945/1/945 944/1/944 
f 944/1/944 936/1/936 939/1/939 
f 453/1/453 460/1/460 945/1/945 
f 945/1/945 939/1/939 453/1/453 
f 933/1/933 945/1/945 460/1/460 
f 460/1/460 459/1/459 933/1/933 
f 946/1/946 947/1/947 948/1/948 
f 948/1/948 949/1/949 946/1/946 
f 948/1/948 947/1/947 941/1/941 
f 936/1/936 944/1/944 948/1/948 
f 948/1/948 937/1/937 936/1/936 
f 949/1/949 948/1/948 944/1/944 
f 944/1/944 932/1/932 949/1/949 
f 931/1/931 943/1/943 950/1/950 
f 950/1/950 929/1/929 931/1/931 
f 943/1/943 941/1/941 947/1/947 
f 946/1/946 951/1/951 950/1/950 
f 950/1/950 947/1/947 946/1/946 
f 430/1/430 929/1/929 950/1/950 
f 946/1/946 949/1/949 952/1/952 
f 952/1/952 951/1/951 946/1/946 
f 935/1/935 952/1/952 949/1/949 
f 949/1/949 932/1/932 935/1/935 
f 432/1/432 431/1/431 952/1/952 
f 952/1/952 935/1/935 432/1/432 
f 952/1/952 431/1/431 430/1/430 
f 953/1/953 954/1/954 375/1/375 
f 375/1/375 374/1/374 953/1/953 
f 955/1/955 954/1/954 953/1/953 
f 953/1/953 363/1/363 955/1/955 
f 351/1/351 347/1/347 954/1/954 
f 954/1/954 955/1/955 351/1/351 
f 375/1/375 954/1/954 347/1/347 
f 347/1/347 346/1/346 375/1/375 
f 363/1/363 362/1/362 956/1/956 
f 956/1/956 955/1/955 363/1/363 
f 383/1/383 956/1/956 362/1/362 
f 362/1/362 361/1/361 383/1/383 
f 352/1/352 350/1/350 956/1/956 
f 956/1/956 383/1/383 352/1/352 
f 351/1/351 955/1/955 956/1/956 
f 956/1/956 350/1/350 351/1/351 
f 355/1/355 358/1/358 957/1/957 
f 957/1/957 367/1/367 355/1/355 
f 953/1/953 957/1/957 358/1/358 
f 358/1/358 363/1/363 953/1/953 
f 957/1/957 953/1/953 374/1/374 
f 367/1/367 957/1/957 958/1/958 
f 958/1/958 364/1/364 367/1/367 
f 364/1/364 958/1/958 959/1/959 
f 959/1/959 365/1/365 364/1/364 
f 372/1/372 959/1/959 958/1/958 
f 958/1/958 374/1/374 372/1/372 
f 373/1/373 395/1/395 959/1/959 
f 959/1/959 372/1/372 373/1/373 
f 365/1/365 959/1/959 395/1/395 
f 395/1/395 369/1/369 365/1/365 
f 960/1/960 916/1/916 886/1/886 
f 961/1/961 960/1/960 882/1/882 
f 882/1/882 881/1/881 961/1/961 
f 962/1/962 963/1/963 960/1/960 
f 960/1/960 961/1/961 962/1/962 
f 916/1/916 960/1/960 963/1/963 
f 963/1/963 917/1/917 916/1/916 
f 555/1/555 964/1/964 965/1/965 
f 965/1/965 819/1/819 555/1/555 
f 966/1/966 965/1/965 964/1/964 
f 964/1/964 967/1/967 966/1/966 
f 968/1/968 969/1/969 965/1/965 
f 965/1/965 966/1/966 968/1/968 
f 819/1/819 965/1/965 969/1/969 
f 969/1/969 816/1/816 819/1/819 
f 970/1/970 971/1/971 972/1/972 
f 972/1/972 973/1/973 970/1/970 
f 914/1/914 972/1/972 971/1/971 
f 971/1/971 915/1/915 914/1/914 
f 917/1/917 963/1/963 972/1/972 
f 972/1/972 914/1/914 917/1/917 
f 973/1/973 972/1/972 963/1/963 
f 963/1/963 962/1/962 973/1/973 
f 967/1/967 974/1/974 975/1/975 
f 975/1/975 966/1/966 967/1/967 
f 973/1/973 975/1/975 974/1/974 
f 974/1/974 970/1/970 973/1/973 
f 962/1/962 976/1/976 975/1/975 
f 975/1/975 973/1/973 962/1/962 
f 966/1/966 975/1/975 976/1/976 
f 976/1/976 968/1/968 966/1/966 
f 567/1/567 977/1/977 978/1/978 
f 978/1/978 580/1/580 567/1/567 
f 979/1/979 978/1/978 977/1/977 
f 977/1/977 980/1/980 979/1/979 
f 557/1/557 560/1/560 978/1/978 
f 978/1/978 979/1/979 557/1/557 
f 580/1/580 978/1/978 560/1/560 
f 560/1/560 563/1/563 580/1/580 
f 981/1/981 980/1/980 982/1/982 
f 918/1/918 983/1/983 982/1/982 
f 982/1/982 921/1/921 918/1/918 
f 983/1/983 918/1/918 915/1/915 
f 971/1/971 970/1/970 981/1/981 
f 984/1/984 985/1/985 986/1/986 
f 986/1/986 987/1/987 984/1/984 
f 980/1/980 981/1/981 986/1/986 
f 986/1/986 985/1/985 980/1/980 
f 970/1/970 974/1/974 986/1/986 
f 986/1/986 981/1/981 970/1/970 
f 987/1/987 986/1/986 974/1/974 
f 974/1/974 967/1/967 987/1/987 
f 921/1/921 982/1/982 988/1/988 
f 988/1/988 926/1/926 921/1/921 
f 977/1/977 988/1/988 982/1/982 
f 982/1/982 980/1/980 977/1/977 
f 567/1/567 570/1/570 988/1/988 
f 926/1/926 988/1/988 570/1/570 
f 570/1/570 575/1/575 926/1/926 
f 989/1/989 566/1/566 557/1/557 
f 979/1/979 980/1/980 985/1/985 
f 984/1/984 990/1/990 989/1/989 
f 989/1/989 985/1/985 984/1/984 
f 566/1/566 989/1/989 990/1/990 
f 990/1/990 554/1/554 566/1/566 
f 554/1/554 990/1/990 991/1/991 
f 991/1/991 552/1/552 554/1/554 
f 987/1/987 991/1/991 990/1/990 
f 990/1/990 984/1/984 987/1/987 
f 967/1/967 964/1/964 991/1/991 
f 991/1/991 987/1/987 967/1/967 
f 552/1/552 991/1/991 964/1/964 
f 964/1/964 555/1/555 552/1/552 
f 842/1/842 992/1/992 993/1/993 
f 993/1/993 994/1/994 842/1/842 
f 995/1/995 993/1/993 992/1/992 
f 992/1/992 996/1/996 995/1/995 
f 997/1/997 998/1/998 993/1/993 
f 993/1/993 995/1/995 997/1/997 
f 994/1/994 993/1/993 998/1/998 
f 998/1/998 999/1/999 994/1/994 
f 816/1/816 1000/1/1000 1001/1/1001 
f 1001/1/1001 817/1/817 816/1/816 
f 1002/1/1002 1001/1/1001 1000/1/1000 
f 1000/1/1000 1003/1/1003 1002/1/1002 
f 826/1/826 825/1/825 1001/1/1001 
f 1001/1/1001 1002/1/1002 826/1/826 
f 817/1/817 1001/1/1001 825/1/825 
f 825/1/825 815/1/815 817/1/817 
f 1004/1/1004 969/1/969 968/1/968 
f 1005/1/1005 1006/1/1006 1007/1/1007 
f 1003/1/1003 1000/1/1000 1004/1/1004 
f 1004/1/1004 1007/1/1007 1003/1/1003 
f 969/1/969 1004/1/1004 1000/1/1000 
f 1000/1/1000 816/1/816 969/1/969 
f 1008/1/1008 1009/1/1009 1006/1/1006 
f 1005/1/1005 968/1/968 976/1/976 
f 1008/1/1008 976/1/976 962/1/962 
f 961/1/961 881/1/881 1009/1/1009 
f 1006/1/1006 1010/1/1010 1011/1/1011 
f 1011/1/1011 1007/1/1007 1006/1/1006 
f 1012/1/1012 1011/1/1011 1010/1/1010 
f 1010/1/1010 1013/1/1013 1012/1/1012 
f 1014/1/1014 1015/1/1015 1011/1/1011 
f 1011/1/1011 1012/1/1012 1014/1/1014 
f 1015/1/1015 1003/1/1003 1007/1/1007 
f 1010/1/1010 1016/1/1016 1017/1/1017 
f 1017/1/1017 1013/1/1013 1010/1/1010 
f 1009/1/1009 1016/1/1016 1010/1/1010 
f 1010/1/1010 1006/1/1006 1009/1/1009 
f 884/1/884 1016/1/1016 1009/1/1009 
f 1009/1/1009 881/1/881 884/1/884 
f 888/1/888 1017/1/1017 1016/1/1016 
f 1016/1/1016 884/1/884 888/1/888 
f 1018/1/1018 1019/1/1019 1020/1/1020 
f 1020/1/1020 1021/1/1021 1018/1/1018 
f 1022/1/1022 1020/1/1020 1019/1/1019 
f 1019/1/1019 1023/1/1023 1022/1/1022 
f 1024/1/1024 1020/1/1020 1022/1/1022 
f 1022/1/1022 1025/1/1025 1024/1/1024 
f 1021/1/1021 1020/1/1020 1024/1/1024 
f 1024/1/1024 996/1/996 1021/1/1021 
f 1026/1/1026 1027/1/1027 1028/1/1028 
f 1028/1/1028 1029/1/1029 1026/1/1026 
f 1030/1/1030 1028/1/1028 1027/1/1027 
f 1027/1/1027 1031/1/1031 1030/1/1030 
f 1013/1/1013 1017/1/1017 1028/1/1028 
f 1028/1/1028 1030/1/1030 1013/1/1013 
f 1029/1/1029 1028/1/1028 1017/1/1017 
f 1017/1/1017 888/1/888 1029/1/1029 
f 1032/1/1032 1033/1/1033 839/1/839 
f 839/1/839 838/1/838 1032/1/1032 
f 1021/1/1021 1033/1/1033 1032/1/1032 
f 1032/1/1032 1018/1/1018 1021/1/1021 
f 996/1/996 992/1/992 1033/1/1033 
f 1033/1/1033 1021/1/1021 996/1/996 
f 839/1/839 1033/1/1033 992/1/992 
f 992/1/992 842/1/842 839/1/839 
f 1014/1/1014 1012/1/1012 1034/1/1034 
f 1034/1/1034 1035/1/1035 1014/1/1014 
f 1030/1/1030 1034/1/1034 1012/1/1012 
f 1012/1/1012 1013/1/1013 1030/1/1030 
f 1031/1/1031 1036/1/1036 1034/1/1034 
f 1034/1/1034 1030/1/1030 1031/1/1031 
f 1037/1/1037 1035/1/1035 1034/1/1034 
f 1034/1/1034 1036/1/1036 1037/1/1037 
f 1026/1/1026 1038/1/1038 1039/1/1039 
f 1039/1/1039 1040/1/1040 1026/1/1026 
f 865/1/865 1039/1/1039 1038/1/1038 
f 1038/1/1038 862/1/862 865/1/865 
f 847/1/847 1041/1/1041 1039/1/1039 
f 1039/1/1039 865/1/865 847/1/847 
f 1040/1/1040 1039/1/1039 1041/1/1041 
f 1041/1/1041 1023/1/1023 1040/1/1040 
f 1019/1/1019 1018/1/1018 1042/1/1042 
f 1042/1/1042 1043/1/1043 1019/1/1019 
f 1031/1/1031 1027/1/1027 1043/1/1043 
f 1043/1/1043 1042/1/1042 1031/1/1031 
f 1040/1/1040 1043/1/1043 1027/1/1027 
f 1027/1/1027 1026/1/1026 1040/1/1040 
f 1023/1/1023 1019/1/1019 1043/1/1043 
f 1043/1/1043 1040/1/1040 1023/1/1023 
f 862/1/862 1038/1/1038 1044/1/1044 
f 1044/1/1044 871/1/871 862/1/862 
f 1029/1/1029 1044/1/1044 1038/1/1038 
f 1038/1/1038 1026/1/1026 1029/1/1029 
f 888/1/888 887/1/887 1044/1/1044 
f 1044/1/1044 1029/1/1029 888/1/888 
f 871/1/871 1044/1/1044 887/1/887 
f 887/1/887 868/1/868 871/1/871 
f 1036/1/1036 1031/1/1031 1042/1/1042 
f 1042/1/1042 1045/1/1045 1036/1/1036 
f 1032/1/1032 1045/1/1045 1042/1/1042 
f 1042/1/1042 1018/1/1018 1032/1/1032 
f 838/1/838 1046/1/1046 1045/1/1045 
f 1045/1/1045 1032/1/1032 838/1/838 
f 1036/1/1036 1045/1/1045 1046/1/1046 
f 1046/1/1046 1037/1/1037 1036/1/1036 
f 1047/1/1047 1048/1/1048 1049/1/1049 
f 1049/1/1049 1050/1/1050 1047/1/1047 
f 264/1/264 1049/1/1049 1048/1/1048 
f 1048/1/1048 247/1/247 264/1/264 
f 265/1/265 897/1/897 1049/1/1049 
f 1049/1/1049 264/1/264 265/1/265 
f 1050/1/1050 1049/1/1049 897/1/897 
f 897/1/897 898/1/898 1050/1/1050 
f 247/1/247 1048/1/1048 1051/1/1051 
f 1051/1/1051 246/1/246 247/1/247 
f 1052/1/1052 1051/1/1051 1048/1/1048 
f 1048/1/1048 1047/1/1047 1052/1/1052 
f 1053/1/1053 1054/1/1054 1051/1/1051 
f 1051/1/1051 1052/1/1052 1053/1/1053 
f 246/1/246 1051/1/1051 1054/1/1054 
f 1054/1/1054 248/1/248 246/1/246 
f 1047/1/1047 1055/1/1055 1056/1/1056 
f 1056/1/1056 1052/1/1052 1047/1/1047 
f 1057/1/1057 1056/1/1056 1055/1/1055 
f 1055/1/1055 1058/1/1058 1057/1/1057 
f 1059/1/1059 1060/1/1060 1056/1/1056 
f 1056/1/1056 1057/1/1057 1059/1/1059 
f 1052/1/1052 1056/1/1056 1060/1/1060 
f 1060/1/1060 1053/1/1053 1052/1/1052 
f 1061/1/1061 1062/1/1062 240/1/240 
f 240/1/240 239/1/239 1061/1/1061 
f 1063/1/1063 1064/1/1064 1062/1/1062 
f 1062/1/1062 1061/1/1061 1063/1/1063 
f 1065/1/1065 1062/1/1062 1064/1/1064 
f 1064/1/1064 1066/1/1066 1065/1/1065 
f 241/1/241 240/1/240 1062/1/1062 
f 1062/1/1062 1065/1/1065 241/1/241 
f 1067/1/1067 226/1/226 232/1/232 
f 1068/1/1068 1069/1/1069 1070/1/1070 
f 1071/1/1071 1072/1/1072 1067/1/1067 
f 1067/1/1067 1070/1/1070 1071/1/1071 
f 1072/1/1072 227/1/227 226/1/226 
f 1073/1/1073 1074/1/1074 1075/1/1075 
f 1075/1/1075 1076/1/1076 1073/1/1073 
f 254/1/254 1075/1/1075 1074/1/1074 
f 1074/1/1074 251/1/251 254/1/254 
f 259/1/259 1077/1/1077 1075/1/1075 
f 1075/1/1075 254/1/254 259/1/259 
f 1076/1/1076 1075/1/1075 1077/1/1077 
f 1077/1/1077 1078/1/1078 1076/1/1076 
f 1079/1/1079 1080/1/1080 1081/1/1081 
f 1081/1/1081 1082/1/1082 1079/1/1079 
f 1083/1/1083 1081/1/1081 1080/1/1080 
f 1080/1/1080 1084/1/1084 1083/1/1083 
f 217/1/217 224/1/224 1081/1/1081 
f 1081/1/1081 1083/1/1083 217/1/217 
f 1082/1/1082 1081/1/1081 224/1/224 
f 224/1/224 223/1/223 1082/1/1082 
f 1085/1/1085 1086/1/1086 1087/1/1087 
f 1087/1/1087 1088/1/1088 1085/1/1085 
f 83/1/83 1087/1/1087 1086/1/1086 
f 1086/1/1086 85/1/85 83/1/83 
f 84/1/84 212/1/212 1087/1/1087 
f 1087/1/1087 83/1/83 84/1/84 
f 1088/1/1088 1087/1/1087 212/1/212 
f 212/1/212 211/1/211 1088/1/1088 
f 1084/1/1084 1089/1/1089 1090/1/1090 
f 1090/1/1090 1083/1/1083 1084/1/1084 
f 1088/1/1088 1090/1/1090 1089/1/1089 
f 1089/1/1089 1085/1/1085 1088/1/1088 
f 211/1/211 218/1/218 1090/1/1090 
f 1090/1/1090 1088/1/1088 211/1/211 
f 1083/1/1083 1090/1/1090 218/1/218 
f 218/1/218 217/1/217 1083/1/1083 
f 1091/1/1091 1092/1/1092 1093/1/1093 
f 1093/1/1093 1094/1/1094 1091/1/1091 
f 1095/1/1095 1093/1/1093 1092/1/1092 
f 1092/1/1092 1096/1/1096 1095/1/1095 
f 1085/1/1085 1089/1/1089 1093/1/1093 
f 1093/1/1093 1095/1/1095 1085/1/1085 
f 1094/1/1094 1093/1/1093 1089/1/1089 
f 1089/1/1089 1084/1/1084 1094/1/1094 
f 1097/1/1097 1098/1/1098 86/1/86 
f 86/1/86 85/1/85 1097/1/1097 
f 1097/1/1097 1099/1/1099 1100/1/1100 
f 880/1/880 1098/1/1098 1100/1/1100 
f 1100/1/1100 859/1/859 880/1/880 
f 86/1/86 1098/1/1098 880/1/880 
f 880/1/880 87/1/87 86/1/86 
f 1096/1/1096 1101/1/1101 1102/1/1102 
f 1102/1/1102 1095/1/1095 1096/1/1096 
f 1097/1/1097 1102/1/1102 1101/1/1101 
f 1101/1/1101 1099/1/1099 1097/1/1097 
f 85/1/85 1086/1/1086 1102/1/1102 
f 1102/1/1102 1097/1/1097 85/1/85 
f 1095/1/1095 1102/1/1102 1086/1/1086 
f 1086/1/1086 1085/1/1085 1095/1/1095 
f 1103/1/1103 1104/1/1104 1105/1/1105 
f 1105/1/1105 1106/1/1106 1103/1/1103 
f 1104/1/1104 1107/1/1107 1108/1/1108 
f 1105/1/1105 1108/1/1108 1109/1/1109 
f 1110/1/1110 1111/1/1111 1106/1/1106 
f 1112/1/1112 1113/1/1113 1114/1/1114 
f 1114/1/1114 1115/1/1115 1112/1/1112 
f 1106/1/1106 1114/1/1114 1113/1/1113 
f 1113/1/1113 1103/1/1103 1106/1/1106 
f 1111/1/1111 1116/1/1116 1114/1/1114 
f 1114/1/1114 1106/1/1106 1111/1/1111 
f 1115/1/1115 1114/1/1114 1116/1/1116 
f 1116/1/1116 1117/1/1117 1115/1/1115 
f 1118/1/1118 1119/1/1119 1120/1/1120 
f 1120/1/1120 1121/1/1121 1118/1/1118 
f 1122/1/1122 1123/1/1123 1119/1/1119 
f 1119/1/1119 1118/1/1118 1122/1/1122 
f 1124/1/1124 1119/1/1119 1123/1/1123 
f 1123/1/1123 1125/1/1125 1124/1/1124 
f 1126/1/1126 1120/1/1120 1119/1/1119 
f 1119/1/1119 1124/1/1124 1126/1/1126 
f 1127/1/1127 1128/1/1128 1129/1/1129 
f 1129/1/1129 1130/1/1130 1127/1/1127 
f 1131/1/1131 1129/1/1129 1128/1/1128 
f 1128/1/1128 1132/1/1132 1131/1/1131 
f 1133/1/1133 1134/1/1134 1129/1/1129 
f 1129/1/1129 1131/1/1131 1133/1/1133 
f 1130/1/1130 1129/1/1129 1134/1/1134 
f 1134/1/1134 1135/1/1135 1130/1/1130 
f 1058/1/1058 1136/1/1136 1137/1/1137 
f 1137/1/1137 1057/1/1057 1058/1/1058 
f 1138/1/1138 1137/1/1137 1136/1/1136 
f 1136/1/1136 1139/1/1139 1138/1/1138 
f 1137/1/1137 1138/1/1138 1140/1/1140 
f 1057/1/1057 1137/1/1137 1141/1/1141 
f 1141/1/1141 1059/1/1059 1057/1/1057 
f 1142/1/1142 1143/1/1143 1144/1/1144 
f 1145/1/1145 1146/1/1146 1144/1/1144 
f 1144/1/1144 1147/1/1147 1145/1/1145 
f 1146/1/1146 1145/1/1145 1148/1/1148 
f 1142/1/1142 1146/1/1146 1149/1/1149 
f 1149/1/1149 1150/1/1150 1142/1/1142 
f 1151/1/1151 1138/1/1138 1139/1/1139 
f 1152/1/1152 1153/1/1153 1151/1/1151 
f 1151/1/1151 1154/1/1154 1152/1/1152 
f 1151/1/1151 1153/1/1153 1155/1/1155 
f 1156/1/1156 1140/1/1140 1138/1/1138 
f 1138/1/1138 1151/1/1151 1156/1/1156 
f 1157/1/1157 1153/1/1153 1152/1/1152 
f 1157/1/1157 1158/1/1158 1147/1/1147 
f 1143/1/1143 1159/1/1159 1157/1/1157 
f 1157/1/1157 1144/1/1144 1143/1/1143 
f 1159/1/1159 1155/1/1155 1153/1/1153 
f 1160/1/1160 1050/1/1050 898/1/898 
f 1161/1/1161 1160/1/1160 1162/1/1162 
f 1162/1/1162 1163/1/1163 1161/1/1161 
f 1058/1/1058 1055/1/1055 1160/1/1160 
f 1160/1/1160 1161/1/1161 1058/1/1058 
f 1050/1/1050 1160/1/1160 1055/1/1055 
f 1055/1/1055 1047/1/1047 1050/1/1050 
f 1161/1/1161 1163/1/1163 1164/1/1164 
f 1139/1/1139 1136/1/1136 1165/1/1165 
f 1165/1/1165 1164/1/1164 1139/1/1139 
f 1058/1/1058 1161/1/1161 1165/1/1165 
f 1165/1/1165 1136/1/1136 1058/1/1058 
f 1166/1/1166 1167/1/1167 1168/1/1168 
f 1169/1/1169 1152/1/1152 1154/1/1154 
f 1154/1/1154 1139/1/1139 1164/1/1164 
f 1166/1/1166 1164/1/1164 1163/1/1163 
f 1152/1/1152 1169/1/1169 1170/1/1170 
f 1170/1/1170 1158/1/1158 1152/1/1152 
f 1169/1/1169 1168/1/1168 1171/1/1171 
f 1172/1/1172 1173/1/1173 1170/1/1170 
f 1170/1/1170 1171/1/1171 1172/1/1172 
f 1173/1/1173 1147/1/1147 1158/1/1158 
f 572/1/572 586/1/586 1174/1/1174 
f 1174/1/1174 571/1/571 572/1/572 
f 1175/1/1175 1174/1/1174 586/1/586 
f 586/1/586 585/1/585 1175/1/1175 
f 1176/1/1176 1177/1/1177 1174/1/1174 
f 1174/1/1174 1175/1/1175 1176/1/1176 
f 571/1/571 1174/1/1174 1177/1/1177 
f 1177/1/1177 573/1/573 571/1/571 
f 573/1/573 1177/1/1177 1178/1/1178 
f 1178/1/1178 902/1/902 573/1/573 
f 1177/1/1177 1176/1/1176 1179/1/1179 
f 1163/1/1163 1162/1/1162 1178/1/1178 
f 1178/1/1178 1179/1/1179 1163/1/1163 
f 902/1/902 1178/1/1178 1162/1/1162 
f 1162/1/1162 898/1/898 902/1/902 
f 592/1/592 1180/1/1180 1181/1/1181 
f 1181/1/1181 590/1/590 592/1/592 
f 1182/1/1182 1181/1/1181 1180/1/1180 
f 1180/1/1180 1183/1/1183 1182/1/1182 
f 600/1/600 598/1/598 1181/1/1181 
f 1181/1/1181 1182/1/1182 600/1/600 
f 598/1/598 587/1/587 590/1/590 
f 1179/1/1179 1184/1/1184 1167/1/1167 
f 1167/1/1167 1163/1/1163 1179/1/1179 
f 1176/1/1176 1185/1/1185 1184/1/1184 
f 1184/1/1184 1179/1/1179 1176/1/1176 
f 1186/1/1186 1184/1/1184 1185/1/1185 
f 1185/1/1185 1187/1/1187 1186/1/1186 
f 1167/1/1167 1184/1/1184 1186/1/1186 
f 1186/1/1186 1168/1/1168 1167/1/1167 
f 1188/1/1188 1183/1/1183 1189/1/1189 
f 1190/1/1190 1191/1/1191 1192/1/1192 
f 1192/1/1192 1189/1/1189 1190/1/1190 
f 1188/1/1188 1192/1/1192 1191/1/1191 
f 1191/1/1191 1187/1/1187 1188/1/1188 
f 585/1/585 1193/1/1193 1194/1/1194 
f 1194/1/1194 1175/1/1175 585/1/585 
f 1188/1/1188 1194/1/1194 1193/1/1193 
f 1193/1/1193 1183/1/1183 1188/1/1188 
f 1187/1/1187 1185/1/1185 1194/1/1194 
f 1194/1/1194 1188/1/1188 1187/1/1187 
f 1175/1/1175 1194/1/1194 1185/1/1185 
f 1185/1/1185 1176/1/1176 1175/1/1175 
f 628/1/628 1195/1/1195 1196/1/1196 
f 1196/1/1196 627/1/627 628/1/628 
f 1195/1/1195 1183/1/1183 1193/1/1193 
f 583/1/583 1196/1/1196 1193/1/1193 
f 1193/1/1193 585/1/585 583/1/583 
f 627/1/627 1196/1/1196 583/1/583 
f 583/1/583 584/1/584 627/1/627 
f 1182/1/1182 1197/1/1197 609/1/609 
f 609/1/609 600/1/600 1182/1/1182 
f 1182/1/1182 1183/1/1183 1195/1/1195 
f 1195/1/1195 628/1/628 635/1/635 
f 610/1/610 609/1/609 1197/1/1197 
f 1197/1/1197 635/1/635 610/1/610 
f 1198/1/1198 1171/1/1171 1168/1/1168 
f 1187/1/1187 1191/1/1191 1198/1/1198 
f 1198/1/1198 1186/1/1186 1187/1/1187 
f 1198/1/1198 1191/1/1191 1190/1/1190 
f 1199/1/1199 1172/1/1172 1171/1/1171 
f 1200/1/1200 1201/1/1201 1202/1/1202 
f 1202/1/1202 1203/1/1203 1200/1/1200 
f 1204/1/1204 1202/1/1202 1201/1/1201 
f 1201/1/1201 1205/1/1205 1204/1/1204 
f 1206/1/1206 1207/1/1207 1202/1/1202 
f 1202/1/1202 1204/1/1204 1206/1/1206 
f 1203/1/1203 1202/1/1202 1207/1/1207 
f 1207/1/1207 1208/1/1208 1203/1/1203 
f 1206/1/1206 1209/1/1209 1210/1/1210 
f 1210/1/1210 1207/1/1207 1206/1/1206 
f 1211/1/1211 1210/1/1210 1209/1/1209 
f 1209/1/1209 1212/1/1212 1211/1/1211 
f 1213/1/1213 1214/1/1214 1210/1/1210 
f 1210/1/1210 1211/1/1211 1213/1/1213 
f 1214/1/1214 1208/1/1208 1207/1/1207 
f 1204/1/1204 1215/1/1215 1209/1/1209 
f 1209/1/1209 1206/1/1206 1204/1/1204 
f 1216/1/1216 1215/1/1215 1204/1/1204 
f 1204/1/1204 1205/1/1205 1216/1/1216 
f 1217/1/1217 1218/1/1218 1215/1/1215 
f 1215/1/1215 1216/1/1216 1217/1/1217 
f 1209/1/1209 1215/1/1215 1218/1/1218 
f 1218/1/1218 1212/1/1212 1209/1/1209 
f 1219/1/1219 1220/1/1220 1221/1/1221 
f 1221/1/1221 1222/1/1222 1219/1/1219 
f 1223/1/1223 1224/1/1224 1220/1/1220 
f 1220/1/1220 1219/1/1219 1223/1/1223 
f 1216/1/1216 1220/1/1220 1224/1/1224 
f 1224/1/1224 1217/1/1217 1216/1/1216 
f 1205/1/1205 1221/1/1221 1220/1/1220 
f 1220/1/1220 1216/1/1216 1205/1/1205 
f 1212/1/1212 1218/1/1218 1225/1/1225 
f 1225/1/1225 1226/1/1226 1212/1/1212 
f 1227/1/1227 1225/1/1225 1218/1/1218 
f 1218/1/1218 1217/1/1217 1227/1/1227 
f 1228/1/1228 1229/1/1229 1225/1/1225 
f 1225/1/1225 1227/1/1227 1228/1/1228 
f 1226/1/1226 1225/1/1225 1229/1/1229 
f 1229/1/1229 1230/1/1230 1226/1/1226 
f 1223/1/1223 1231/1/1231 1232/1/1232 
f 1232/1/1232 1224/1/1224 1223/1/1223 
f 1233/1/1233 1232/1/1232 1231/1/1231 
f 1231/1/1231 1234/1/1234 1233/1/1233 
f 1233/1/1233 1228/1/1228 1227/1/1227 
f 1227/1/1227 1232/1/1232 1233/1/1233 
f 1217/1/1217 1224/1/1224 1232/1/1232 
f 1232/1/1232 1227/1/1227 1217/1/1217 
f 1235/1/1235 1236/1/1236 1233/1/1233 
f 1233/1/1233 1234/1/1234 1235/1/1235 
f 1237/1/1237 1238/1/1238 1236/1/1236 
f 1236/1/1236 1235/1/1235 1237/1/1237 
f 1239/1/1239 1236/1/1236 1238/1/1238 
f 1238/1/1238 1240/1/1240 1239/1/1239 
f 1228/1/1228 1233/1/1233 1236/1/1236 
f 1236/1/1236 1239/1/1239 1228/1/1228 
f 1241/1/1241 1242/1/1242 1243/1/1243 
f 1243/1/1243 1244/1/1244 1241/1/1241 
f 1245/1/1245 1246/1/1246 1243/1/1243 
f 1243/1/1243 1242/1/1242 1245/1/1245 
f 1116/1/1116 1243/1/1243 1246/1/1246 
f 1246/1/1246 1117/1/1117 1116/1/1116 
f 1244/1/1244 1243/1/1243 1116/1/1116 
f 1116/1/1116 1111/1/1111 1244/1/1244 
f 1247/1/1247 1248/1/1248 1249/1/1249 
f 1249/1/1249 1250/1/1250 1247/1/1247 
f 1251/1/1251 1249/1/1249 1248/1/1248 
f 1248/1/1248 1252/1/1252 1251/1/1251 
f 1096/1/1096 1092/1/1092 1249/1/1249 
f 1249/1/1249 1251/1/1251 1096/1/1096 
f 1250/1/1250 1249/1/1249 1092/1/1092 
f 1092/1/1092 1091/1/1091 1250/1/1250 
f 1253/1/1253 1251/1/1251 1252/1/1252 
f 1101/1/1101 1253/1/1253 1254/1/1254 
f 1254/1/1254 1099/1/1099 1101/1/1101 
f 1251/1/1251 1253/1/1253 1101/1/1101 
f 1101/1/1101 1096/1/1096 1251/1/1251 
f 1109/1/1109 1255/1/1255 1256/1/1256 
f 1256/1/1256 1110/1/1110 1109/1/1109 
f 1255/1/1255 1257/1/1257 1258/1/1258 
f 1241/1/1241 1244/1/1244 1256/1/1256 
f 1111/1/1111 1110/1/1110 1256/1/1256 
f 1256/1/1256 1244/1/1244 1111/1/1111 
f 1259/1/1259 1260/1/1260 1261/1/1261 
f 1262/1/1262 1259/1/1259 1263/1/1263 
f 1263/1/1263 1264/1/1264 1262/1/1262 
f 1259/1/1259 1262/1/1262 1257/1/1257 
f 1255/1/1255 1109/1/1109 1260/1/1260 
f 1265/1/1265 1258/1/1258 1257/1/1257 
f 1266/1/1266 1265/1/1265 1267/1/1267 
f 1267/1/1267 1268/1/1268 1266/1/1266 
f 1269/1/1269 1270/1/1270 1265/1/1265 
f 1265/1/1265 1266/1/1266 1269/1/1269 
f 1258/1/1258 1265/1/1265 1270/1/1270 
f 1270/1/1270 1241/1/1241 1258/1/1258 
f 1268/1/1268 1271/1/1271 1272/1/1272 
f 1271/1/1271 1264/1/1264 1273/1/1273 
f 1273/1/1273 1099/1/1099 1254/1/1254 
f 1254/1/1254 1252/1/1252 1274/1/1274 
f 1099/1/1099 1273/1/1273 1275/1/1275 
f 1275/1/1275 1100/1/1100 1099/1/1099 
f 1273/1/1273 1264/1/1264 1276/1/1276 
f 860/1/860 858/1/858 1275/1/1275 
f 1275/1/1275 1276/1/1276 860/1/860 
f 858/1/858 859/1/859 1100/1/1100 
f 1268/1/1268 1267/1/1267 1277/1/1277 
f 1277/1/1277 1271/1/1271 1268/1/1268 
f 1257/1/1257 1262/1/1262 1277/1/1277 
f 1277/1/1277 1267/1/1267 1257/1/1257 
f 1271/1/1271 1277/1/1277 1262/1/1262 
f 1262/1/1262 1264/1/1264 1271/1/1271 
f 853/1/853 861/1/861 1278/1/1278 
f 1278/1/1278 1279/1/1279 853/1/853 
f 1276/1/1276 1278/1/1278 861/1/861 
f 861/1/861 860/1/860 1276/1/1276 
f 1264/1/1264 1263/1/1263 1278/1/1278 
f 1278/1/1278 1276/1/1276 1264/1/1264 
f 1279/1/1279 1278/1/1278 1263/1/1263 
f 1263/1/1263 1261/1/1261 1279/1/1279 
f 1280/1/1280 1281/1/1281 1269/1/1269 
f 1266/1/1266 1268/1/1268 1274/1/1274 
f 1274/1/1274 1280/1/1280 1266/1/1266 
f 1252/1/1252 1248/1/1248 1280/1/1280 
f 1280/1/1280 1274/1/1274 1252/1/1252 
f 1248/1/1248 1247/1/1247 1281/1/1281 
f 855/1/855 1282/1/1282 1283/1/1283 
f 1283/1/1283 850/1/850 855/1/855 
f 1022/1/1022 1283/1/1283 1282/1/1282 
f 1282/1/1282 1025/1/1025 1022/1/1022 
f 1023/1/1023 1041/1/1041 1283/1/1283 
f 1283/1/1283 1022/1/1022 1023/1/1023 
f 850/1/850 1283/1/1283 1041/1/1041 
f 1041/1/1041 847/1/847 850/1/850 
f 996/1/996 1024/1/1024 1284/1/1284 
f 1284/1/1284 995/1/995 996/1/996 
f 1025/1/1025 1285/1/1285 1284/1/1284 
f 1284/1/1284 1024/1/1024 1025/1/1025 
f 1286/1/1286 1284/1/1284 1285/1/1285 
f 1285/1/1285 1287/1/1287 1286/1/1286 
f 995/1/995 1284/1/1284 1286/1/1286 
f 1286/1/1286 997/1/997 995/1/995 
f 1288/1/1288 1279/1/1279 1261/1/1261 
f 1289/1/1289 1288/1/1288 1290/1/1290 
f 1290/1/1290 1291/1/1291 1289/1/1289 
f 855/1/855 854/1/854 1288/1/1288 
f 1288/1/1288 1289/1/1289 855/1/855 
f 1279/1/1279 1288/1/1288 854/1/854 
f 854/1/854 853/1/853 1279/1/1279 
f 1109/1/1109 1108/1/1108 1292/1/1292 
f 1292/1/1292 1260/1/1260 1109/1/1109 
f 1293/1/1293 1292/1/1292 1108/1/1108 
f 1108/1/1108 1107/1/1107 1293/1/1293 
f 1291/1/1291 1290/1/1290 1292/1/1292 
f 1292/1/1292 1293/1/1293 1291/1/1291 
f 1290/1/1290 1261/1/1261 1260/1/1260 
f 1294/1/1294 1295/1/1295 1296/1/1296 
f 1296/1/1296 1297/1/1297 1294/1/1294 
f 1025/1/1025 1282/1/1282 1295/1/1295 
f 1295/1/1295 1294/1/1294 1025/1/1025 
f 1289/1/1289 1295/1/1295 1282/1/1282 
f 1282/1/1282 855/1/855 1289/1/1289 
f 1291/1/1291 1296/1/1296 1295/1/1295 
f 1287/1/1287 1285/1/1285 1298/1/1298 
f 1298/1/1298 1299/1/1299 1287/1/1287 
f 1294/1/1294 1298/1/1298 1285/1/1285 
f 1285/1/1285 1025/1/1025 1294/1/1294 
f 1297/1/1297 1299/1/1299 1298/1/1298 
f 1298/1/1298 1294/1/1294 1297/1/1297 
f 1293/1/1293 1300/1/1300 1301/1/1301 
f 1301/1/1301 1291/1/1291 1293/1/1293 
f 1107/1/1107 1302/1/1302 1300/1/1300 
f 1300/1/1300 1293/1/1293 1107/1/1107 
f 1303/1/1303 1301/1/1301 1300/1/1300 
f 1300/1/1300 1302/1/1302 1303/1/1303 
f 1287/1/1287 1304/1/1304 1305/1/1305 
f 1305/1/1305 1286/1/1286 1287/1/1287 
f 1306/1/1306 1307/1/1307 1305/1/1305 
f 1305/1/1305 1304/1/1304 1306/1/1306 
f 1308/1/1308 1305/1/1305 1307/1/1307 
f 1307/1/1307 1309/1/1309 1308/1/1308 
f 997/1/997 1286/1/1286 1305/1/1305 
f 1305/1/1305 1308/1/1308 997/1/997 
f 1310/1/1310 1311/1/1311 1299/1/1299 
f 1299/1/1299 1297/1/1297 1310/1/1310 
f 1311/1/1311 1310/1/1310 1312/1/1312 
f 1304/1/1304 1311/1/1311 1313/1/1313 
f 1313/1/1313 1306/1/1306 1304/1/1304 
f 1299/1/1299 1311/1/1311 1304/1/1304 
f 1304/1/1304 1287/1/1287 1299/1/1299 
f 1303/1/1303 1314/1/1314 1315/1/1315 
f 1315/1/1315 1301/1/1301 1303/1/1303 
f 1310/1/1310 1315/1/1315 1314/1/1314 
f 1314/1/1314 1312/1/1312 1310/1/1310 
f 1297/1/1297 1296/1/1296 1315/1/1315 
f 1315/1/1315 1310/1/1310 1297/1/1297 
f 1301/1/1301 1315/1/1315 1296/1/1296 
f 1296/1/1296 1291/1/1291 1301/1/1301 
f 1307/1/1307 1306/1/1306 1316/1/1316 
f 1317/1/1317 1318/1/1318 1319/1/1319 
f 1319/1/1319 1316/1/1316 1317/1/1317 
f 1320/1/1320 1319/1/1319 1318/1/1318 
f 1318/1/1318 1321/1/1321 1320/1/1320 
f 1309/1/1309 1307/1/1307 1319/1/1319 
f 1319/1/1319 1320/1/1320 1309/1/1309 
f 1322/1/1322 1323/1/1323 1104/1/1104 
f 1104/1/1104 1103/1/1103 1322/1/1322 
f 1322/1/1322 1324/1/1324 1325/1/1325 
f 1325/1/1325 1323/1/1323 1322/1/1322 
f 1303/1/1303 1302/1/1302 1323/1/1323 
f 1323/1/1323 1325/1/1325 1303/1/1303 
f 1104/1/1104 1323/1/1323 1302/1/1302 
f 1302/1/1302 1107/1/1107 1104/1/1104 
f 1324/1/1324 1326/1/1326 1327/1/1327 
f 1327/1/1327 1325/1/1325 1324/1/1324 
f 1328/1/1328 1327/1/1327 1326/1/1326 
f 1326/1/1326 1329/1/1329 1328/1/1328 
f 1327/1/1327 1328/1/1328 1312/1/1312 
f 1325/1/1325 1327/1/1327 1314/1/1314 
f 1314/1/1314 1303/1/1303 1325/1/1325 
f 1329/1/1329 1330/1/1330 1331/1/1331 
f 1331/1/1331 1328/1/1328 1329/1/1329 
f 1316/1/1316 1331/1/1331 1330/1/1330 
f 1330/1/1330 1317/1/1317 1316/1/1316 
f 1306/1/1306 1313/1/1313 1331/1/1331 
f 1331/1/1331 1316/1/1316 1306/1/1306 
f 1313/1/1313 1312/1/1312 1328/1/1328 
f 1332/1/1332 1333/1/1333 1334/1/1334 
f 1334/1/1334 1335/1/1335 1332/1/1332 
f 1336/1/1336 1334/1/1334 1333/1/1333 
f 1333/1/1333 1337/1/1337 1336/1/1336 
f 1321/1/1321 1318/1/1318 1334/1/1334 
f 1334/1/1334 1336/1/1336 1321/1/1321 
f 1318/1/1318 1317/1/1317 1335/1/1335 
f 1103/1/1103 1113/1/1113 1338/1/1338 
f 1338/1/1338 1322/1/1322 1103/1/1103 
f 1339/1/1339 1338/1/1338 1113/1/1113 
f 1113/1/1113 1112/1/1112 1339/1/1339 
f 1340/1/1340 1338/1/1338 1339/1/1339 
f 1339/1/1339 1341/1/1341 1340/1/1340 
f 1322/1/1322 1338/1/1338 1340/1/1340 
f 1340/1/1340 1324/1/1324 1322/1/1322 
f 1341/1/1341 1342/1/1342 1343/1/1343 
f 1343/1/1343 1340/1/1340 1341/1/1341 
f 1344/1/1344 1343/1/1343 1342/1/1342 
f 1342/1/1342 1345/1/1345 1344/1/1344 
f 1329/1/1329 1326/1/1326 1343/1/1343 
f 1343/1/1343 1344/1/1344 1329/1/1329 
f 1340/1/1340 1343/1/1343 1326/1/1326 
f 1326/1/1326 1324/1/1324 1340/1/1340 
f 1345/1/1345 1346/1/1346 1347/1/1347 
f 1347/1/1347 1344/1/1344 1345/1/1345 
f 1335/1/1335 1347/1/1347 1346/1/1346 
f 1346/1/1346 1332/1/1332 1335/1/1335 
f 1317/1/1317 1330/1/1330 1347/1/1347 
f 1347/1/1347 1335/1/1335 1317/1/1317 
f 1344/1/1344 1347/1/1347 1330/1/1330 
f 1330/1/1330 1329/1/1329 1344/1/1344 
f 1348/1/1348 1349/1/1349 1350/1/1350 
f 1350/1/1350 1351/1/1351 1348/1/1348 
f 1352/1/1352 1350/1/1350 1349/1/1349 
f 1349/1/1349 1353/1/1353 1352/1/1352 
f 1354/1/1354 1355/1/1355 1350/1/1350 
f 1350/1/1350 1352/1/1352 1354/1/1354 
f 1351/1/1351 1350/1/1350 1355/1/1355 
f 1355/1/1355 1356/1/1356 1351/1/1351 
f 1357/1/1357 1349/1/1349 1348/1/1348 
f 1358/1/1358 1357/1/1357 1359/1/1359 
f 1359/1/1359 1360/1/1360 1358/1/1358 
f 1361/1/1361 1362/1/1362 1357/1/1357 
f 1357/1/1357 1358/1/1358 1361/1/1361 
f 1349/1/1349 1357/1/1357 1362/1/1362 
f 1362/1/1362 1353/1/1353 1349/1/1349 
f 1363/1/1363 1364/1/1364 1365/1/1365 
f 1365/1/1365 1366/1/1366 1363/1/1363 
f 1365/1/1365 1367/1/1367 1368/1/1368 
f 1369/1/1369 1370/1/1370 1366/1/1366 
f 1366/1/1366 1368/1/1368 1369/1/1369 
f 1370/1/1370 1371/1/1371 1363/1/1363 
f 1363/1/1363 1366/1/1366 1370/1/1370 
f 1367/1/1367 1372/1/1372 1373/1/1373 
f 1373/1/1373 1368/1/1368 1367/1/1367 
f 1374/1/1374 1373/1/1373 1372/1/1372 
f 1372/1/1372 1375/1/1375 1374/1/1374 
f 1376/1/1376 1377/1/1377 1373/1/1373 
f 1373/1/1373 1374/1/1374 1376/1/1376 
f 1368/1/1368 1373/1/1373 1377/1/1377 
f 1377/1/1377 1369/1/1369 1368/1/1368 
f 1150/1/1150 1149/1/1149 1378/1/1378 
f 1378/1/1378 1379/1/1379 1150/1/1150 
f 1380/1/1380 1378/1/1378 1149/1/1149 
f 1149/1/1149 1148/1/1148 1380/1/1380 
f 1381/1/1381 1382/1/1382 1378/1/1378 
f 1378/1/1378 1380/1/1380 1381/1/1381 
f 1379/1/1379 1378/1/1378 1382/1/1382 
f 1382/1/1382 1383/1/1383 1379/1/1379 
f 1384/1/1384 1385/1/1385 1386/1/1386 
f 1386/1/1386 1387/1/1387 1384/1/1384 
f 1385/1/1385 1388/1/1388 1389/1/1389 
f 1375/1/1375 1372/1/1372 1386/1/1386 
f 1386/1/1386 1389/1/1389 1375/1/1375 
f 1372/1/1372 1367/1/1367 1387/1/1387 
f 1388/1/1388 1385/1/1385 1390/1/1390 
f 1390/1/1390 1391/1/1391 1388/1/1388 
f 1392/1/1392 1390/1/1390 1385/1/1385 
f 1385/1/1385 1384/1/1384 1392/1/1392 
f 1383/1/1383 1382/1/1382 1390/1/1390 
f 1390/1/1390 1392/1/1392 1383/1/1383 
f 1391/1/1391 1390/1/1390 1382/1/1382 
f 1382/1/1382 1381/1/1381 1391/1/1391 
f 1393/1/1393 1394/1/1394 1395/1/1395 
f 1395/1/1395 1396/1/1396 1393/1/1393 
f 1397/1/1397 1395/1/1395 1394/1/1394 
f 1394/1/1394 1398/1/1398 1397/1/1397 
f 1399/1/1399 1400/1/1400 1395/1/1395 
f 1395/1/1395 1397/1/1397 1399/1/1399 
f 1396/1/1396 1395/1/1395 1400/1/1400 
f 1400/1/1400 1401/1/1401 1396/1/1396 
f 1402/1/1402 1403/1/1403 1404/1/1404 
f 1404/1/1404 1405/1/1405 1402/1/1402 
f 1145/1/1145 1404/1/1404 1403/1/1403 
f 1403/1/1403 1148/1/1148 1145/1/1145 
f 1404/1/1404 1145/1/1145 1147/1/1147 
f 1405/1/1405 1404/1/1404 1173/1/1173 
f 1173/1/1173 1172/1/1172 1405/1/1405 
f 1406/1/1406 1407/1/1407 1403/1/1403 
f 1403/1/1403 1402/1/1402 1406/1/1406 
f 1380/1/1380 1407/1/1407 1406/1/1406 
f 1406/1/1406 1381/1/1381 1380/1/1380 
f 1407/1/1407 1380/1/1380 1148/1/1148 
f 1375/1/1375 1408/1/1408 1409/1/1409 
f 1409/1/1409 1374/1/1374 1375/1/1375 
f 1396/1/1396 1409/1/1409 1408/1/1408 
f 1408/1/1408 1393/1/1393 1396/1/1396 
f 1401/1/1401 1410/1/1410 1409/1/1409 
f 1409/1/1409 1396/1/1396 1401/1/1401 
f 1374/1/1374 1409/1/1409 1410/1/1410 
f 1410/1/1410 1376/1/1376 1374/1/1374 
f 1172/1/1172 1199/1/1199 1411/1/1411 
f 1411/1/1411 1405/1/1405 1172/1/1172 
f 1199/1/1199 1190/1/1190 1412/1/1412 
f 1413/1/1413 1414/1/1414 1411/1/1411 
f 1411/1/1411 1412/1/1412 1413/1/1413 
f 1414/1/1414 1402/1/1402 1405/1/1405 
f 1415/1/1415 1416/1/1416 1417/1/1417 
f 1415/1/1415 1418/1/1418 1402/1/1402 
f 1416/1/1416 1415/1/1415 1414/1/1414 
f 1414/1/1414 1413/1/1413 1416/1/1416 
f 1398/1/1398 1419/1/1419 1420/1/1420 
f 1413/1/1413 1421/1/1421 1420/1/1420 
f 591/1/591 1420/1/1420 1421/1/1421 
f 1421/1/1421 592/1/592 591/1/591 
f 591/1/591 531/1/531 1422/1/1422 
f 1423/1/1423 1417/1/1417 1416/1/1416 
f 1419/1/1419 1424/1/1424 1416/1/1416 
f 1416/1/1416 1413/1/1413 1419/1/1419 
f 1424/1/1424 1419/1/1419 1398/1/1398 
f 1423/1/1423 1424/1/1424 1394/1/1394 
f 1394/1/1394 1393/1/1393 1423/1/1423 
f 592/1/592 1421/1/1421 1425/1/1425 
f 1425/1/1425 1180/1/1180 592/1/592 
f 1412/1/1412 1425/1/1425 1421/1/1421 
f 1421/1/1421 1413/1/1413 1412/1/1412 
f 1190/1/1190 1189/1/1189 1425/1/1425 
f 1425/1/1425 1412/1/1412 1190/1/1190 
f 1180/1/1180 1425/1/1425 1189/1/1189 
f 1189/1/1189 1183/1/1183 1180/1/1180 
f 1388/1/1388 1426/1/1426 1427/1/1427 
f 1427/1/1427 1389/1/1389 1388/1/1388 
f 1423/1/1423 1427/1/1427 1426/1/1426 
f 1426/1/1426 1417/1/1417 1423/1/1423 
f 1427/1/1427 1423/1/1423 1393/1/1393 
f 1389/1/1389 1427/1/1427 1408/1/1408 
f 1408/1/1408 1375/1/1375 1389/1/1389 
f 1406/1/1406 1402/1/1402 1418/1/1418 
f 1426/1/1426 1428/1/1428 1418/1/1418 
f 1418/1/1418 1417/1/1417 1426/1/1426 
f 1426/1/1426 1388/1/1388 1391/1/1391 
f 1428/1/1428 1391/1/1391 1381/1/1381 
f 1429/1/1429 1430/1/1430 1431/1/1431 
f 1431/1/1431 1432/1/1432 1429/1/1429 
f 1410/1/1410 1431/1/1431 1430/1/1430 
f 1430/1/1430 1376/1/1376 1410/1/1410 
f 1401/1/1401 1400/1/1400 1431/1/1431 
f 1431/1/1431 1410/1/1410 1401/1/1401 
f 1400/1/1400 1399/1/1399 1432/1/1432 
f 1433/1/1433 1434/1/1434 1430/1/1430 
f 1430/1/1430 1429/1/1429 1433/1/1433 
f 1435/1/1435 1434/1/1434 1433/1/1433 
f 1433/1/1433 1436/1/1436 1435/1/1435 
f 1434/1/1434 1435/1/1435 1369/1/1369 
f 1430/1/1430 1434/1/1434 1377/1/1377 
f 1377/1/1377 1376/1/1376 1430/1/1430 
f 1437/1/1437 1438/1/1438 1439/1/1439 
f 1439/1/1439 1440/1/1440 1437/1/1437 
f 1441/1/1441 1439/1/1439 1438/1/1438 
f 1438/1/1438 1442/1/1442 1441/1/1441 
f 1439/1/1439 1441/1/1441 1436/1/1436 
f 1440/1/1440 1439/1/1439 1433/1/1433 
f 1433/1/1433 1429/1/1429 1440/1/1440 
f 1435/1/1435 1443/1/1443 1370/1/1370 
f 1370/1/1370 1369/1/1369 1435/1/1435 
f 1436/1/1436 1444/1/1444 1443/1/1443 
f 1443/1/1443 1435/1/1435 1436/1/1436 
f 1445/1/1445 1446/1/1446 1443/1/1443 
f 1443/1/1443 1444/1/1444 1445/1/1445 
f 1371/1/1371 1370/1/1370 1443/1/1443 
f 1441/1/1441 1447/1/1447 1444/1/1444 
f 1444/1/1444 1436/1/1436 1441/1/1441 
f 1441/1/1441 1442/1/1442 1448/1/1448 
f 1448/1/1448 1447/1/1447 1441/1/1441 
f 1449/1/1449 1450/1/1450 1447/1/1447 
f 1447/1/1447 1448/1/1448 1449/1/1449 
f 1444/1/1444 1447/1/1447 1450/1/1450 
f 1450/1/1450 1445/1/1445 1444/1/1444 
f 1451/1/1451 1452/1/1452 1453/1/1453 
f 1453/1/1453 1454/1/1454 1451/1/1451 
f 1455/1/1455 1453/1/1453 1452/1/1452 
f 1452/1/1452 1456/1/1456 1455/1/1455 
f 1457/1/1457 1458/1/1458 1453/1/1453 
f 1453/1/1453 1455/1/1455 1457/1/1457 
f 1454/1/1454 1453/1/1453 1458/1/1458 
f 1458/1/1458 1459/1/1459 1454/1/1454 
f 1460/1/1460 1461/1/1461 1462/1/1462 
f 1462/1/1462 1463/1/1463 1460/1/1460 
f 1464/1/1464 1462/1/1462 1461/1/1461 
f 1461/1/1461 1465/1/1465 1464/1/1464 
f 1356/1/1356 1355/1/1355 1462/1/1462 
f 1462/1/1462 1464/1/1464 1356/1/1356 
f 1463/1/1463 1462/1/1462 1355/1/1355 
f 1355/1/1355 1354/1/1354 1463/1/1463 
f 1466/1/1466 1467/1/1467 1468/1/1468 
f 1468/1/1468 1469/1/1469 1466/1/1466 
f 1336/1/1336 1468/1/1468 1467/1/1467 
f 1467/1/1467 1321/1/1321 1336/1/1336 
f 1337/1/1337 1470/1/1470 1468/1/1468 
f 1468/1/1468 1336/1/1336 1337/1/1337 
f 1469/1/1469 1468/1/1468 1470/1/1470 
f 1470/1/1470 1471/1/1471 1469/1/1469 
f 1309/1/1309 1472/1/1472 1473/1/1473 
f 1473/1/1473 1308/1/1308 1309/1/1309 
f 1474/1/1474 1473/1/1473 1472/1/1472 
f 1472/1/1472 1475/1/1475 1474/1/1474 
f 999/1/999 998/1/998 1473/1/1473 
f 1473/1/1473 1474/1/1474 999/1/999 
f 1308/1/1308 1473/1/1473 998/1/998 
f 998/1/998 997/1/997 1308/1/1308 
f 1475/1/1475 1472/1/1472 1476/1/1476 
f 1476/1/1476 1477/1/1477 1475/1/1475 
f 1320/1/1320 1476/1/1476 1472/1/1472 
f 1472/1/1472 1309/1/1309 1320/1/1320 
f 1321/1/1321 1467/1/1467 1476/1/1476 
f 1476/1/1476 1320/1/1320 1321/1/1321 
f 1477/1/1477 1476/1/1476 1467/1/1467 
f 1467/1/1467 1466/1/1466 1477/1/1477 
f 1475/1/1475 1478/1/1478 1479/1/1479 
f 1479/1/1479 1474/1/1474 1475/1/1475 
f 1478/1/1478 1480/1/1480 1481/1/1481 
f 1479/1/1479 1481/1/1481 1482/1/1482 
f 1474/1/1474 1479/1/1479 1483/1/1483 
f 1483/1/1483 999/1/999 1474/1/1474 
f 999/1/999 1483/1/1483 1484/1/1484 
f 1484/1/1484 994/1/994 999/1/999 
f 1485/1/1485 1484/1/1484 1483/1/1483 
f 1483/1/1483 1482/1/1482 1485/1/1485 
f 844/1/844 843/1/843 1484/1/1484 
f 1484/1/1484 1485/1/1485 844/1/844 
f 994/1/994 1484/1/1484 843/1/843 
f 843/1/843 842/1/842 994/1/994 
f 1486/1/1486 1487/1/1487 1480/1/1480 
f 1477/1/1477 1486/1/1486 1478/1/1478 
f 1478/1/1478 1475/1/1475 1477/1/1477 
f 1466/1/1466 1488/1/1488 1486/1/1486 
f 1486/1/1486 1477/1/1477 1466/1/1466 
f 1489/1/1489 1487/1/1487 1486/1/1486 
f 1481/1/1481 1490/1/1490 1491/1/1491 
f 1491/1/1491 1482/1/1482 1481/1/1481 
f 1480/1/1480 1492/1/1492 1490/1/1490 
f 1490/1/1490 1481/1/1481 1480/1/1480 
f 1493/1/1493 1491/1/1491 1490/1/1490 
f 1490/1/1490 1492/1/1492 1493/1/1493 
f 1429/1/1429 1494/1/1494 1495/1/1495 
f 1495/1/1495 1440/1/1440 1429/1/1429 
f 1496/1/1496 1495/1/1495 1494/1/1494 
f 1494/1/1494 1497/1/1497 1496/1/1496 
f 1498/1/1498 1499/1/1499 1495/1/1495 
f 1495/1/1495 1496/1/1496 1498/1/1498 
f 1440/1/1440 1495/1/1495 1499/1/1499 
f 1499/1/1499 1437/1/1437 1440/1/1440 
f 1500/1/1500 1501/1/1501 1502/1/1502 
f 1502/1/1502 1503/1/1503 1500/1/1500 
f 1504/1/1504 1502/1/1502 1501/1/1501 
f 1501/1/1501 1497/1/1497 1504/1/1504 
f 1503/1/1503 1502/1/1502 1504/1/1504 
f 1504/1/1504 1505/1/1505 1503/1/1503 
f 1506/1/1506 1432/1/1432 1399/1/1399 
f 1507/1/1507 1505/1/1505 1504/1/1504 
f 1497/1/1497 1494/1/1494 1506/1/1506 
f 1506/1/1506 1504/1/1504 1497/1/1497 
f 1494/1/1494 1429/1/1429 1432/1/1432 
f 1508/1/1508 1509/1/1509 1510/1/1510 
f 1510/1/1510 1511/1/1511 1508/1/1508 
f 1512/1/1512 1513/1/1513 1509/1/1509 
f 1509/1/1509 1508/1/1508 1512/1/1512 
f 1514/1/1514 1515/1/1515 1509/1/1509 
f 1509/1/1509 1513/1/1513 1514/1/1514 
f 1510/1/1510 1509/1/1509 1515/1/1515 
f 1515/1/1515 1516/1/1516 1510/1/1510 
f 1517/1/1517 1518/1/1518 1519/1/1519 
f 1520/1/1520 1521/1/1521 1517/1/1517 
f 1517/1/1517 1522/1/1522 1520/1/1520 
f 1523/1/1523 1517/1/1517 1521/1/1521 
f 1521/1/1521 1524/1/1524 1523/1/1523 
f 1518/1/1518 1517/1/1517 1523/1/1523 
f 1523/1/1523 1525/1/1525 1518/1/1518 
f 1526/1/1526 1527/1/1527 1528/1/1528 
f 1528/1/1528 1529/1/1529 1526/1/1526 
f 1530/1/1530 1531/1/1531 1528/1/1528 
f 1528/1/1528 1527/1/1527 1530/1/1530 
f 1531/1/1531 1519/1/1519 1518/1/1518 
f 1518/1/1518 1528/1/1528 1531/1/1531 
f 1525/1/1525 1529/1/1529 1528/1/1528 
f 1528/1/1528 1518/1/1518 1525/1/1525 
f 1532/1/1532 1533/1/1533 1531/1/1531 
f 1531/1/1531 1530/1/1530 1532/1/1532 
f 1534/1/1534 1535/1/1535 1533/1/1533 
f 1533/1/1533 1532/1/1532 1534/1/1534 
f 1520/1/1520 1522/1/1522 1533/1/1533 
f 1533/1/1533 1535/1/1535 1520/1/1520 
f 1519/1/1519 1531/1/1531 1533/1/1533 
f 1533/1/1533 1522/1/1522 1519/1/1519 
f 1536/1/1536 1537/1/1537 1515/1/1515 
f 1515/1/1515 1514/1/1514 1536/1/1536 
f 1536/1/1536 1530/1/1530 1527/1/1527 
f 1527/1/1527 1537/1/1537 1536/1/1536 
f 1538/1/1538 1537/1/1537 1527/1/1527 
f 1527/1/1527 1526/1/1526 1538/1/1538 
f 1516/1/1516 1515/1/1515 1537/1/1537 
f 1537/1/1537 1538/1/1538 1516/1/1516 
f 1539/1/1539 1513/1/1513 1512/1/1512 
f 1540/1/1540 1534/1/1534 1532/1/1532 
f 1530/1/1530 1536/1/1536 1539/1/1539 
f 1539/1/1539 1532/1/1532 1530/1/1530 
f 1513/1/1513 1539/1/1539 1536/1/1536 
f 1536/1/1536 1514/1/1514 1513/1/1513 
f 1511/1/1511 1541/1/1541 1542/1/1542 
f 1542/1/1542 1508/1/1508 1511/1/1511 
f 1543/1/1543 1542/1/1542 1541/1/1541 
f 1541/1/1541 1544/1/1544 1543/1/1543 
f 1534/1/1534 1540/1/1540 1542/1/1542 
f 1542/1/1542 1543/1/1543 1534/1/1534 
f 1508/1/1508 1542/1/1542 1540/1/1540 
f 1540/1/1540 1512/1/1512 1508/1/1508 
f 1524/1/1524 1521/1/1521 1545/1/1545 
f 1545/1/1545 1546/1/1546 1524/1/1524 
f 1535/1/1535 1545/1/1545 1521/1/1521 
f 1521/1/1521 1520/1/1520 1535/1/1535 
f 1534/1/1534 1543/1/1543 1545/1/1545 
f 1545/1/1545 1535/1/1535 1534/1/1534 
f 1546/1/1546 1545/1/1545 1543/1/1543 
f 1543/1/1543 1544/1/1544 1546/1/1546 
f 1547/1/1547 1548/1/1548 1549/1/1549 
f 1549/1/1549 1550/1/1550 1547/1/1547 
f 1551/1/1551 1549/1/1549 1548/1/1548 
f 1548/1/1548 1552/1/1552 1551/1/1551 
f 1553/1/1553 1554/1/1554 1549/1/1549 
f 1549/1/1549 1551/1/1551 1553/1/1553 
f 1550/1/1550 1549/1/1549 1554/1/1554 
f 1554/1/1554 1555/1/1555 1550/1/1550 
f 1547/1/1547 1556/1/1556 1557/1/1557 
f 1557/1/1557 1548/1/1548 1547/1/1547 
f 1558/1/1558 1557/1/1557 1556/1/1556 
f 1556/1/1556 1559/1/1559 1558/1/1558 
f 1560/1/1560 1561/1/1561 1557/1/1557 
f 1557/1/1557 1558/1/1558 1560/1/1560 
f 1548/1/1548 1557/1/1557 1561/1/1561 
f 1561/1/1561 1552/1/1552 1548/1/1548 
f 1562/1/1562 1563/1/1563 1564/1/1564 
f 1564/1/1564 1565/1/1565 1562/1/1562 
f 1550/1/1550 1564/1/1564 1563/1/1563 
f 1563/1/1563 1547/1/1547 1550/1/1550 
f 1555/1/1555 1566/1/1566 1564/1/1564 
f 1564/1/1564 1550/1/1550 1555/1/1555 
f 1565/1/1565 1564/1/1564 1566/1/1566 
f 1566/1/1566 1567/1/1567 1565/1/1565 
f 1562/1/1562 1568/1/1568 1569/1/1569 
f 1569/1/1569 1563/1/1563 1562/1/1562 
f 1570/1/1570 1569/1/1569 1568/1/1568 
f 1568/1/1568 1571/1/1571 1570/1/1570 
f 1559/1/1559 1556/1/1556 1569/1/1569 
f 1569/1/1569 1570/1/1570 1559/1/1559 
f 1563/1/1563 1569/1/1569 1556/1/1556 
f 1556/1/1556 1547/1/1547 1563/1/1563 
f 1505/1/1505 1572/1/1572 1573/1/1573 
f 1573/1/1573 1503/1/1503 1505/1/1505 
f 1574/1/1574 1573/1/1573 1572/1/1572 
f 1572/1/1572 1575/1/1575 1574/1/1574 
f 1567/1/1567 1576/1/1576 1573/1/1573 
f 1573/1/1573 1574/1/1574 1567/1/1567 
f 1503/1/1503 1573/1/1573 1576/1/1576 
f 1576/1/1576 1500/1/1500 1503/1/1503 
f 1577/1/1577 1571/1/1571 1578/1/1578 
f 1579/1/1579 1580/1/1580 1578/1/1578 
f 1578/1/1578 1581/1/1581 1579/1/1579 
f 1579/1/1579 830/1/830 837/1/837 
f 1577/1/1577 1580/1/1580 837/1/837 
f 837/1/837 836/1/836 1577/1/1577 
f 1582/1/1582 831/1/831 830/1/830 
f 1579/1/1579 1581/1/1581 1583/1/1583 
f 522/1/522 822/1/822 1582/1/1582 
f 1582/1/1582 1583/1/1583 522/1/522 
f 831/1/831 1582/1/1582 822/1/822 
f 822/1/822 815/1/815 831/1/831 
f 1584/1/1584 1585/1/1585 1575/1/1575 
f 1586/1/1586 1398/1/1398 1422/1/1422 
f 1584/1/1584 1422/1/1422 531/1/531 
f 530/1/530 536/1/536 1585/1/1585 
f 1572/1/1572 1587/1/1587 1586/1/1586 
f 1586/1/1586 1575/1/1575 1572/1/1572 
f 1507/1/1507 1587/1/1587 1572/1/1572 
f 1572/1/1572 1505/1/1505 1507/1/1507 
f 1397/1/1397 1587/1/1587 1507/1/1507 
f 1507/1/1507 1399/1/1399 1397/1/1397 
f 1397/1/1397 1398/1/1398 1586/1/1586 
f 522/1/522 1583/1/1583 1588/1/1588 
f 1588/1/1588 521/1/521 522/1/522 
f 1589/1/1589 1588/1/1588 1583/1/1583 
f 1583/1/1583 1581/1/1581 1589/1/1589 
f 1589/1/1589 1590/1/1590 1591/1/1591 
f 1591/1/1591 518/1/518 521/1/521 
f 1592/1/1592 1565/1/1565 1567/1/1567 
f 1574/1/1574 1575/1/1575 1593/1/1593 
f 1594/1/1594 1595/1/1595 1592/1/1592 
f 1592/1/1592 1593/1/1593 1594/1/1594 
f 1595/1/1595 1562/1/1562 1565/1/1565 
f 509/1/509 1596/1/1596 1597/1/1597 
f 1597/1/1597 528/1/528 509/1/509 
f 1598/1/1598 1597/1/1597 1596/1/1596 
f 1596/1/1596 1590/1/1590 1598/1/1598 
f 535/1/535 1597/1/1597 1598/1/1598 
f 1598/1/1598 536/1/536 535/1/535 
f 528/1/528 1597/1/1597 535/1/535 
f 535/1/535 525/1/525 528/1/528 
f 1599/1/1599 505/1/505 504/1/504 
f 517/1/517 518/1/518 1591/1/1591 
f 1596/1/1596 1599/1/1599 1591/1/1591 
f 1591/1/1591 1590/1/1590 1596/1/1596 
f 1596/1/1596 509/1/509 505/1/505 
f 1589/1/1589 1600/1/1600 1601/1/1601 
f 1601/1/1601 1590/1/1590 1589/1/1589 
f 1600/1/1600 1589/1/1589 1581/1/1581 
f 1594/1/1594 1601/1/1601 1600/1/1600 
f 1600/1/1600 1602/1/1602 1594/1/1594 
f 536/1/536 1598/1/1598 1603/1/1603 
f 1603/1/1603 1585/1/1585 536/1/536 
f 1601/1/1601 1603/1/1603 1598/1/1598 
f 1598/1/1598 1590/1/1590 1601/1/1601 
f 1601/1/1601 1594/1/1594 1593/1/1593 
f 1585/1/1585 1603/1/1603 1593/1/1593 
f 1593/1/1593 1575/1/1575 1585/1/1585 
f 1562/1/1562 1595/1/1595 1604/1/1604 
f 1604/1/1604 1568/1/1568 1562/1/1562 
f 1602/1/1602 1604/1/1604 1595/1/1595 
f 1595/1/1595 1594/1/1594 1602/1/1602 
f 1581/1/1581 1578/1/1578 1604/1/1604 
f 1604/1/1604 1602/1/1602 1581/1/1581 
f 1568/1/1568 1604/1/1604 1578/1/1578 
f 1578/1/1578 1571/1/1571 1568/1/1568 
f 836/1/836 835/1/835 1605/1/1605 
f 1605/1/1605 1577/1/1577 836/1/836 
f 1605/1/1605 835/1/835 834/1/834 
f 1606/1/1606 1605/1/1605 1607/1/1607 
f 1607/1/1607 1608/1/1608 1606/1/1606 
f 1606/1/1606 1571/1/1571 1577/1/1577 
f 1609/1/1609 1610/1/1610 1611/1/1611 
f 1611/1/1611 1612/1/1612 1609/1/1609 
f 1609/1/1609 1613/1/1613 1614/1/1614 
f 1610/1/1610 1614/1/1614 844/1/844 
f 1611/1/1611 1610/1/1610 1485/1/1485 
f 1485/1/1485 1482/1/1482 1611/1/1611 
f 1609/1/1609 1615/1/1615 1616/1/1616 
f 1616/1/1616 1613/1/1613 1609/1/1609 
f 1612/1/1612 1617/1/1617 1615/1/1615 
f 1615/1/1615 1609/1/1609 1612/1/1612 
f 1615/1/1615 1617/1/1617 1618/1/1618 
f 1619/1/1619 1620/1/1620 1613/1/1613 
f 1621/1/1621 1619/1/1619 1616/1/1616 
f 1616/1/1616 1618/1/1618 1621/1/1621 
f 1619/1/1619 1621/1/1621 1608/1/1608 
f 1620/1/1620 1619/1/1619 1607/1/1607 
f 1607/1/1607 834/1/834 1620/1/1620 
f 1622/1/1622 1623/1/1623 1624/1/1624 
f 1612/1/1612 1611/1/1611 1624/1/1624 
f 1624/1/1624 1611/1/1611 1482/1/1482 
f 1625/1/1625 1624/1/1624 1491/1/1491 
f 1491/1/1491 1493/1/1493 1625/1/1625 
f 1608/1/1608 1626/1/1626 1627/1/1627 
f 1627/1/1627 1606/1/1606 1608/1/1608 
f 1628/1/1628 1627/1/1627 1626/1/1626 
f 1626/1/1626 1629/1/1629 1628/1/1628 
f 1559/1/1559 1570/1/1570 1627/1/1627 
f 1627/1/1627 1628/1/1628 1559/1/1559 
f 1606/1/1606 1627/1/1627 1570/1/1570 
f 1570/1/1570 1571/1/1571 1606/1/1606 
f 1618/1/1618 1630/1/1630 1631/1/1631 
f 1631/1/1631 1621/1/1621 1618/1/1618 
f 1632/1/1632 1631/1/1631 1630/1/1630 
f 1630/1/1630 1633/1/1633 1632/1/1632 
f 1629/1/1629 1626/1/1626 1631/1/1631 
f 1631/1/1631 1632/1/1632 1629/1/1629 
f 1621/1/1621 1631/1/1631 1626/1/1626 
f 1626/1/1626 1608/1/1608 1621/1/1621 
f 1622/1/1622 1634/1/1634 1635/1/1635 
f 1635/1/1635 1623/1/1623 1622/1/1622 
f 1630/1/1630 1635/1/1635 1634/1/1634 
f 1634/1/1634 1633/1/1633 1630/1/1630 
f 1617/1/1617 1635/1/1635 1630/1/1630 
f 1630/1/1630 1618/1/1618 1617/1/1617 
f 1612/1/1612 1623/1/1623 1635/1/1635 
f 1635/1/1635 1617/1/1617 1612/1/1612 
f 1629/1/1629 1636/1/1636 1637/1/1637 
f 1637/1/1637 1628/1/1628 1629/1/1629 
f 1638/1/1638 1637/1/1637 1636/1/1636 
f 1636/1/1636 1639/1/1639 1638/1/1638 
f 1560/1/1560 1558/1/1558 1637/1/1637 
f 1637/1/1637 1638/1/1638 1560/1/1560 
f 1628/1/1628 1637/1/1637 1558/1/1558 
f 1558/1/1558 1559/1/1559 1628/1/1628 
f 1640/1/1640 1641/1/1641 1642/1/1642 
f 1642/1/1642 1643/1/1643 1640/1/1640 
f 1644/1/1644 1642/1/1642 1641/1/1641 
f 1641/1/1641 1645/1/1645 1644/1/1644 
f 1633/1/1633 1634/1/1634 1642/1/1642 
f 1642/1/1642 1644/1/1644 1633/1/1633 
f 1643/1/1643 1642/1/1642 1634/1/1634 
f 1634/1/1634 1622/1/1622 1643/1/1643 
f 1644/1/1644 1646/1/1646 1632/1/1632 
f 1632/1/1632 1633/1/1633 1644/1/1644 
f 1645/1/1645 1647/1/1647 1646/1/1646 
f 1646/1/1646 1644/1/1644 1645/1/1645 
f 1639/1/1639 1636/1/1636 1646/1/1646 
f 1646/1/1646 1647/1/1647 1639/1/1639 
f 1632/1/1632 1646/1/1646 1636/1/1636 
f 1636/1/1636 1629/1/1629 1632/1/1632 
f 1639/1/1639 1648/1/1648 1649/1/1649 
f 1649/1/1649 1638/1/1638 1639/1/1639 
f 1650/1/1650 1651/1/1651 1649/1/1649 
f 1649/1/1649 1648/1/1648 1650/1/1650 
f 1652/1/1652 1653/1/1653 1649/1/1649 
f 1649/1/1649 1651/1/1651 1652/1/1652 
f 1638/1/1638 1649/1/1649 1653/1/1653 
f 1653/1/1653 1560/1/1560 1638/1/1638 
f 1654/1/1654 1655/1/1655 1656/1/1656 
f 1656/1/1656 1657/1/1657 1654/1/1654 
f 1658/1/1658 1656/1/1656 1655/1/1655 
f 1655/1/1655 1659/1/1659 1658/1/1658 
f 1645/1/1645 1641/1/1641 1656/1/1656 
f 1656/1/1656 1658/1/1658 1645/1/1645 
f 1657/1/1657 1656/1/1656 1641/1/1641 
f 1641/1/1641 1640/1/1640 1657/1/1657 
f 1659/1/1659 1660/1/1660 1661/1/1661 
f 1661/1/1661 1658/1/1658 1659/1/1659 
f 1648/1/1648 1661/1/1661 1660/1/1660 
f 1660/1/1660 1650/1/1650 1648/1/1648 
f 1639/1/1639 1647/1/1647 1661/1/1661 
f 1661/1/1661 1648/1/1648 1639/1/1639 
f 1658/1/1658 1661/1/1661 1647/1/1647 
f 1647/1/1647 1645/1/1645 1658/1/1658 
f 1662/1/1662 1663/1/1663 1664/1/1664 
f 1664/1/1664 1665/1/1665 1662/1/1662 
f 1666/1/1666 1664/1/1664 1663/1/1663 
f 1663/1/1663 1667/1/1667 1666/1/1666 
f 1668/1/1668 1669/1/1669 1664/1/1664 
f 1664/1/1664 1666/1/1666 1668/1/1668 
f 1665/1/1665 1664/1/1664 1669/1/1669 
f 1669/1/1669 1670/1/1670 1665/1/1665 
f 1671/1/1671 1672/1/1672 1673/1/1673 
f 1673/1/1673 1674/1/1674 1671/1/1671 
f 1675/1/1675 1676/1/1676 1672/1/1672 
f 1672/1/1672 1671/1/1671 1675/1/1675 
f 1665/1/1665 1672/1/1672 1676/1/1676 
f 1676/1/1676 1662/1/1662 1665/1/1665 
f 1670/1/1670 1673/1/1673 1672/1/1672 
f 1672/1/1672 1665/1/1665 1670/1/1670 
f 1677/1/1677 1678/1/1678 1679/1/1679 
f 1679/1/1679 1680/1/1680 1677/1/1677 
f 1671/1/1671 1679/1/1679 1678/1/1678 
f 1678/1/1678 1675/1/1675 1671/1/1671 
f 1674/1/1674 1681/1/1681 1679/1/1679 
f 1679/1/1679 1671/1/1671 1674/1/1674 
f 1680/1/1680 1679/1/1679 1681/1/1681 
f 1681/1/1681 1682/1/1682 1680/1/1680 
f 1683/1/1683 1684/1/1684 1685/1/1685 
f 1685/1/1685 1686/1/1686 1683/1/1683 
f 169/1/169 1685/1/1685 1684/1/1684 
f 1684/1/1684 173/1/173 169/1/169 
f 168/1/168 1687/1/1687 1685/1/1685 
f 1685/1/1685 169/1/169 168/1/168 
f 1686/1/1686 1685/1/1685 1687/1/1687 
f 1687/1/1687 1688/1/1688 1686/1/1686 
f 1689/1/1689 1690/1/1690 178/1/178 
f 178/1/178 177/1/177 1689/1/1689 
f 1691/1/1691 1692/1/1692 1690/1/1690 
f 1690/1/1690 1689/1/1689 1691/1/1691 
f 1690/1/1690 1692/1/1692 1688/1/1688 
f 178/1/178 1690/1/1690 1687/1/1687 
f 1687/1/1687 168/1/168 178/1/178 
f 177/1/177 188/1/188 1693/1/1693 
f 1693/1/1693 1689/1/1689 177/1/177 
f 1694/1/1694 1693/1/1693 188/1/188 
f 188/1/188 187/1/187 1694/1/1694 
f 1693/1/1693 1694/1/1694 1695/1/1695 
f 1689/1/1689 1693/1/1693 1696/1/1696 
f 1696/1/1696 1691/1/1691 1689/1/1689 
f 1697/1/1697 1698/1/1698 1699/1/1699 
f 1699/1/1699 1700/1/1700 1697/1/1697 
f 1701/1/1701 1702/1/1702 1698/1/1698 
f 1698/1/1698 1697/1/1697 1701/1/1701 
f 1703/1/1703 1698/1/1698 1702/1/1702 
f 1702/1/1702 1704/1/1704 1703/1/1703 
f 1127/1/1127 1699/1/1699 1698/1/1698 
f 1698/1/1698 1703/1/1703 1127/1/1127 
f 273/1/273 1705/1/1705 1706/1/1706 
f 1706/1/1706 272/1/272 273/1/273 
f 1705/1/1705 1707/1/1707 1708/1/1708 
f 134/1/134 133/1/133 1706/1/1706 
f 1706/1/1706 1708/1/1708 134/1/134 
f 272/1/272 1706/1/1706 133/1/133 
f 133/1/133 138/1/138 272/1/272 
f 132/1/132 1709/1/1709 1710/1/1710 
f 1710/1/1710 127/1/127 132/1/132 
f 1711/1/1711 1712/1/1712 1710/1/1710 
f 1710/1/1710 1709/1/1709 1711/1/1711 
f 140/1/140 1710/1/1710 1712/1/1712 
f 1712/1/1712 141/1/141 140/1/140 
f 127/1/127 1710/1/1710 140/1/140 
f 140/1/140 124/1/124 127/1/127 
f 1713/1/1713 1714/1/1714 1715/1/1715 
f 1715/1/1715 1716/1/1716 1713/1/1713 
f 1705/1/1705 1715/1/1715 1714/1/1714 
f 1714/1/1714 1707/1/1707 1705/1/1705 
f 273/1/273 325/1/325 1715/1/1715 
f 1715/1/1715 1705/1/1705 273/1/273 
f 1716/1/1716 1715/1/1715 325/1/325 
f 325/1/325 326/1/326 1716/1/1716 
f 1230/1/1230 1717/1/1717 1718/1/1718 
f 1718/1/1718 1226/1/1226 1230/1/1230 
f 1717/1/1717 1719/1/1719 1720/1/1720 
f 1213/1/1213 1211/1/1211 1718/1/1718 
f 1718/1/1718 1720/1/1720 1213/1/1213 
f 1212/1/1212 1226/1/1226 1718/1/1718 
f 1718/1/1718 1211/1/1211 1212/1/1212 
f 1721/1/1721 1722/1/1722 1723/1/1723 
f 1723/1/1723 1724/1/1724 1721/1/1721 
f 1720/1/1720 1723/1/1723 1722/1/1722 
f 1722/1/1722 1213/1/1213 1720/1/1720 
f 1723/1/1723 1720/1/1720 1719/1/1719 
f 1724/1/1724 1723/1/1723 1725/1/1725 
f 1725/1/1725 1726/1/1726 1724/1/1724 
f 1240/1/1240 1727/1/1727 1728/1/1728 
f 1728/1/1728 1239/1/1239 1240/1/1240 
f 1717/1/1717 1728/1/1728 1727/1/1727 
f 1727/1/1727 1719/1/1719 1717/1/1717 
f 1230/1/1230 1229/1/1229 1728/1/1728 
f 1728/1/1728 1717/1/1717 1230/1/1230 
f 1239/1/1239 1728/1/1728 1229/1/1229 
f 1229/1/1229 1228/1/1228 1239/1/1239 
f 1234/1/1234 1231/1/1231 1729/1/1729 
f 1729/1/1729 1235/1/1235 1234/1/1234 
f 1730/1/1730 1729/1/1729 1231/1/1231 
f 1231/1/1231 1223/1/1223 1730/1/1730 
f 1730/1/1730 1731/1/1731 1732/1/1732 
f 1732/1/1732 1237/1/1237 1235/1/1235 
f 1733/1/1733 1734/1/1734 1735/1/1735 
f 1735/1/1735 1736/1/1736 1733/1/1733 
f 1525/1/1525 1523/1/1523 1734/1/1734 
f 1734/1/1734 1733/1/1733 1525/1/1525 
f 1524/1/1524 1737/1/1737 1734/1/1734 
f 1734/1/1734 1523/1/1523 1524/1/1524 
f 1735/1/1735 1734/1/1734 1737/1/1737 
f 1737/1/1737 1738/1/1738 1735/1/1735 
f 1739/1/1739 1740/1/1740 1526/1/1526 
f 1733/1/1733 1739/1/1739 1529/1/1529 
f 1529/1/1529 1525/1/1525 1733/1/1733 
f 1739/1/1739 1733/1/1733 1736/1/1736 
f 1740/1/1740 1739/1/1739 1741/1/1741 
f 1741/1/1741 1742/1/1742 1740/1/1740 
f 1743/1/1743 1744/1/1744 1745/1/1745 
f 1745/1/1745 1746/1/1746 1743/1/1743 
f 1747/1/1747 1745/1/1745 1744/1/1744 
f 1744/1/1744 1748/1/1748 1747/1/1747 
f 1544/1/1544 1541/1/1541 1745/1/1745 
f 1745/1/1745 1747/1/1747 1544/1/1544 
f 1746/1/1746 1745/1/1745 1541/1/1541 
f 1541/1/1541 1511/1/1511 1746/1/1746 
f 1544/1/1544 1747/1/1747 1749/1/1749 
f 1749/1/1749 1546/1/1546 1544/1/1544 
f 1750/1/1750 1749/1/1749 1747/1/1747 
f 1747/1/1747 1748/1/1748 1750/1/1750 
f 1737/1/1737 1749/1/1749 1750/1/1750 
f 1750/1/1750 1738/1/1738 1737/1/1737 
f 1546/1/1546 1749/1/1749 1737/1/1737 
f 1737/1/1737 1524/1/1524 1546/1/1546 
f 1751/1/1751 1752/1/1752 1201/1/1201 
f 1201/1/1201 1200/1/1200 1751/1/1751 
f 1753/1/1753 1752/1/1752 1751/1/1751 
f 1751/1/1751 1754/1/1754 1753/1/1753 
f 1222/1/1222 1221/1/1221 1752/1/1752 
f 1752/1/1752 1753/1/1753 1222/1/1222 
f 1201/1/1201 1752/1/1752 1221/1/1221 
f 1221/1/1221 1205/1/1205 1201/1/1201 
f 1222/1/1222 1753/1/1753 1755/1/1755 
f 1755/1/1755 1219/1/1219 1222/1/1222 
f 1756/1/1756 1755/1/1755 1753/1/1753 
f 1753/1/1753 1754/1/1754 1756/1/1756 
f 1755/1/1755 1756/1/1756 1731/1/1731 
f 1219/1/1219 1755/1/1755 1730/1/1730 
f 1730/1/1730 1223/1/1223 1219/1/1219 
f 1125/1/1125 1123/1/1123 1757/1/1757 
f 1757/1/1757 1758/1/1758 1125/1/1125 
f 1759/1/1759 1757/1/1757 1123/1/1123 
f 1123/1/1123 1122/1/1122 1759/1/1759 
f 1760/1/1760 1761/1/1761 1757/1/1757 
f 1757/1/1757 1759/1/1759 1760/1/1760 
f 1758/1/1758 1757/1/1757 1761/1/1761 
f 1761/1/1761 1762/1/1762 1758/1/1758 
f 1762/1/1762 1761/1/1761 1763/1/1763 
f 1763/1/1763 1764/1/1764 1762/1/1762 
f 1765/1/1765 1763/1/1763 1761/1/1761 
f 1761/1/1761 1760/1/1760 1765/1/1765 
f 1765/1/1765 1361/1/1361 1358/1/1358 
f 1358/1/1358 1763/1/1763 1765/1/1765 
f 1358/1/1358 1360/1/1360 1764/1/1764 
f 1764/1/1764 1763/1/1763 1358/1/1358 
f 1766/1/1766 1767/1/1767 1768/1/1768 
f 1768/1/1768 1769/1/1769 1766/1/1766 
f 1770/1/1770 1768/1/1768 1767/1/1767 
f 1767/1/1767 1771/1/1771 1770/1/1770 
f 1772/1/1772 1773/1/1773 1768/1/1768 
f 1768/1/1768 1770/1/1770 1772/1/1772 
f 1769/1/1769 1768/1/1768 1773/1/1773 
f 1773/1/1773 1774/1/1774 1769/1/1769 
f 1775/1/1775 1776/1/1776 1777/1/1777 
f 1777/1/1777 1778/1/1778 1775/1/1775 
f 1779/1/1779 1778/1/1778 1777/1/1777 
f 1777/1/1777 1780/1/1780 1779/1/1779 
f 153/1/153 156/1/156 1778/1/1778 
f 1778/1/1778 1779/1/1779 153/1/153 
f 1775/1/1775 1778/1/1778 156/1/156 
f 156/1/156 161/1/161 1775/1/1775 
f 1781/1/1781 1782/1/1782 1783/1/1783 
f 1783/1/1783 1784/1/1784 1781/1/1781 
f 1785/1/1785 1786/1/1786 1782/1/1782 
f 1782/1/1782 1781/1/1781 1785/1/1785 
f 1787/1/1787 1788/1/1788 1782/1/1782 
f 1782/1/1782 1786/1/1786 1787/1/1787 
f 1789/1/1789 1783/1/1783 1782/1/1782 
f 1782/1/1782 1788/1/1788 1789/1/1789 
f 1787/1/1787 1786/1/1786 1790/1/1790 
f 1790/1/1790 1791/1/1791 1787/1/1787 
f 1792/1/1792 1790/1/1790 1786/1/1786 
f 1786/1/1786 1785/1/1785 1792/1/1792 
f 141/1/141 1712/1/1712 1790/1/1790 
f 1790/1/1790 1792/1/1792 141/1/141 
f 1791/1/1791 1790/1/1790 1712/1/1712 
f 1712/1/1712 1711/1/1711 1791/1/1791 
f 1793/1/1793 1792/1/1792 1785/1/1785 
f 1794/1/1794 1793/1/1793 1795/1/1795 
f 1795/1/1795 1796/1/1796 1794/1/1794 
f 1793/1/1793 1794/1/1794 144/1/144 
f 1792/1/1792 1793/1/1793 143/1/143 
f 143/1/143 141/1/141 1792/1/1792 
f 1797/1/1797 1781/1/1781 1784/1/1784 
f 1798/1/1798 1799/1/1799 1800/1/1800 
f 1796/1/1796 1795/1/1795 1797/1/1797 
f 1797/1/1797 1800/1/1800 1796/1/1796 
f 1781/1/1781 1797/1/1797 1795/1/1795 
f 1795/1/1795 1785/1/1785 1781/1/1781 
f 1801/1/1801 1802/1/1802 1803/1/1803 
f 1803/1/1803 1804/1/1804 1801/1/1801 
f 1805/1/1805 1803/1/1803 1802/1/1802 
f 1802/1/1802 1806/1/1806 1805/1/1805 
f 173/1/173 1684/1/1684 1803/1/1803 
f 1803/1/1803 1805/1/1805 173/1/173 
f 1804/1/1804 1803/1/1803 1684/1/1684 
f 1684/1/1684 1683/1/1683 1804/1/1804 
f 1806/1/1806 1802/1/1802 1807/1/1807 
f 1807/1/1807 1808/1/1808 1806/1/1806 
f 1809/1/1809 1807/1/1807 1802/1/1802 
f 1802/1/1802 1801/1/1801 1809/1/1809 
f 1771/1/1771 1767/1/1767 1807/1/1807 
f 1807/1/1807 1809/1/1809 1771/1/1771 
f 1808/1/1808 1807/1/1807 1767/1/1767 
f 1767/1/1767 1766/1/1766 1808/1/1808 
f 1726/1/1726 1810/1/1810 1811/1/1811 
f 1811/1/1811 1724/1/1724 1726/1/1726 
f 1810/1/1810 1812/1/1812 1813/1/1813 
f 1071/1/1071 1814/1/1814 1811/1/1811 
f 1811/1/1811 1813/1/1813 1071/1/1071 
f 1724/1/1724 1811/1/1811 1814/1/1814 
f 1814/1/1814 1721/1/1721 1724/1/1724 
f 1066/1/1066 1815/1/1815 1816/1/1816 
f 1816/1/1816 1065/1/1065 1066/1/1066 
f 1817/1/1817 1816/1/1816 1815/1/1815 
f 1815/1/1815 1818/1/1818 1817/1/1817 
f 1819/1/1819 1820/1/1820 1816/1/1816 
f 1816/1/1816 1817/1/1817 1819/1/1819 
f 1065/1/1065 1816/1/1816 1820/1/1820 
f 1820/1/1820 241/1/241 1065/1/1065 
f 1704/1/1704 1702/1/1702 1821/1/1821 
f 1821/1/1821 1822/1/1822 1704/1/1704 
f 1823/1/1823 1821/1/1821 1702/1/1702 
f 1702/1/1702 1701/1/1701 1823/1/1823 
f 1818/1/1818 1815/1/1815 1821/1/1821 
f 1821/1/1821 1823/1/1823 1818/1/1818 
f 1822/1/1822 1821/1/1821 1815/1/1815 
f 1815/1/1815 1066/1/1066 1822/1/1822 
f 1824/1/1824 1813/1/1813 1812/1/1812 
f 1825/1/1825 1824/1/1824 1826/1/1826 
f 1826/1/1826 1827/1/1827 1825/1/1825 
f 227/1/227 1072/1/1072 1824/1/1824 
f 1824/1/1824 1825/1/1825 227/1/227 
f 1072/1/1072 1071/1/1071 1813/1/1813 
f 1828/1/1828 1829/1/1829 1830/1/1830 
f 1716/1/1716 1828/1/1828 1831/1/1831 
f 1831/1/1831 1713/1/1713 1716/1/1716 
f 326/1/326 329/1/329 1828/1/1828 
f 1828/1/1828 1716/1/1716 326/1/326 
f 1829/1/1829 1828/1/1828 329/1/329 
f 329/1/329 228/1/228 1829/1/1829 
f 1832/1/1832 1825/1/1825 1827/1/1827 
f 1829/1/1829 1832/1/1832 1833/1/1833 
f 1833/1/1833 1830/1/1830 1829/1/1829 
f 228/1/228 1834/1/1834 1832/1/1832 
f 1832/1/1832 1829/1/1829 228/1/228 
f 1825/1/1825 1832/1/1832 1834/1/1834 
f 1834/1/1834 227/1/227 1825/1/1825 
f 1835/1/1835 1836/1/1836 1837/1/1837 
f 1837/1/1837 1838/1/1838 1835/1/1835 
f 236/1/236 1837/1/1837 1836/1/1836 
f 1836/1/1836 233/1/233 236/1/236 
f 241/1/241 1820/1/1820 1837/1/1837 
f 1837/1/1837 236/1/236 241/1/241 
f 1838/1/1838 1837/1/1837 1820/1/1820 
f 1820/1/1820 1819/1/1819 1838/1/1838 
f 1839/1/1839 1840/1/1840 1841/1/1841 
f 1841/1/1841 1842/1/1842 1839/1/1839 
f 1843/1/1843 1841/1/1841 1840/1/1840 
f 1840/1/1840 1844/1/1844 1843/1/1843 
f 1121/1/1121 1120/1/1120 1841/1/1841 
f 1841/1/1841 1843/1/1843 1121/1/1121 
f 1120/1/1120 1126/1/1126 1842/1/1842 
f 129/1/129 1845/1/1845 1846/1/1846 
f 1846/1/1846 137/1/137 129/1/129 
f 1847/1/1847 1846/1/1846 1845/1/1845 
f 1845/1/1845 1848/1/1848 1847/1/1847 
f 269/1/269 1846/1/1846 1847/1/1847 
f 1847/1/1847 266/1/266 269/1/269 
f 138/1/138 137/1/137 1846/1/1846 
f 1846/1/1846 269/1/269 138/1/138 
f 124/1/124 146/1/146 1849/1/1849 
f 1849/1/1849 125/1/125 124/1/124 
f 1850/1/1850 1849/1/1849 146/1/146 
f 146/1/146 145/1/145 1850/1/1850 
f 1850/1/1850 1848/1/1848 1845/1/1845 
f 1845/1/1845 1849/1/1849 1850/1/1850 
f 125/1/125 1849/1/1849 1845/1/1845 
f 1845/1/1845 129/1/129 125/1/125 
f 1707/1/1707 1851/1/1851 1852/1/1852 
f 1852/1/1852 1708/1/1708 1707/1/1707 
f 1853/1/1853 1852/1/1852 1851/1/1851 
f 1851/1/1851 1854/1/1854 1853/1/1853 
f 130/1/130 135/1/135 1852/1/1852 
f 1852/1/1852 1853/1/1853 130/1/130 
f 1708/1/1708 1852/1/1852 135/1/135 
f 135/1/135 134/1/134 1708/1/1708 
f 1854/1/1854 1855/1/1855 1856/1/1856 
f 1856/1/1856 1853/1/1853 1854/1/1854 
f 1709/1/1709 1856/1/1856 1855/1/1855 
f 1855/1/1855 1711/1/1711 1709/1/1709 
f 131/1/131 1856/1/1856 1709/1/1709 
f 1709/1/1709 132/1/132 131/1/131 
f 1853/1/1853 1856/1/1856 131/1/131 
f 131/1/131 130/1/130 1853/1/1853 
f 1857/1/1857 1858/1/1858 1859/1/1859 
f 1859/1/1859 1860/1/1860 1857/1/1857 
f 336/1/336 1859/1/1859 1858/1/1858 
f 1858/1/1858 334/1/334 336/1/336 
f 233/1/233 1836/1/1836 1859/1/1859 
f 1859/1/1859 336/1/336 233/1/233 
f 1860/1/1860 1859/1/1859 1836/1/1836 
f 1836/1/1836 1835/1/1835 1860/1/1860 
f 334/1/334 1858/1/1858 1861/1/1861 
f 1861/1/1861 335/1/335 334/1/334 
f 1862/1/1862 1861/1/1861 1858/1/1858 
f 1858/1/1858 1857/1/1857 1862/1/1862 
f 1862/1/1862 1695/1/1695 1694/1/1694 
f 1694/1/1694 1861/1/1861 1862/1/1862 
f 187/1/187 335/1/335 1861/1/1861 
f 1861/1/1861 1694/1/1694 187/1/187 
f 256/1/256 1863/1/1863 1864/1/1864 
f 1864/1/1864 255/1/255 256/1/256 
f 1865/1/1865 1866/1/1866 1864/1/1864 
f 1864/1/1864 1863/1/1863 1865/1/1865 
f 1867/1/1867 1868/1/1868 1864/1/1864 
f 1864/1/1864 1866/1/1866 1867/1/1867 
f 255/1/255 1864/1/1864 1868/1/1868 
f 1868/1/1868 257/1/257 255/1/255 
f 279/1/279 276/1/276 1869/1/1869 
f 1869/1/1869 1870/1/1870 279/1/279 
f 276/1/276 277/1/277 1871/1/1871 
f 1871/1/1871 1869/1/1869 276/1/276 
f 1867/1/1867 1866/1/1866 1869/1/1869 
f 1869/1/1869 1871/1/1871 1867/1/1867 
f 1870/1/1870 1869/1/1869 1866/1/1866 
f 1866/1/1866 1865/1/1865 1870/1/1870 
f 1516/1/1516 1872/1/1872 1873/1/1873 
f 1873/1/1873 1510/1/1510 1516/1/1516 
f 1874/1/1874 1873/1/1873 1872/1/1872 
f 1872/1/1872 1875/1/1875 1874/1/1874 
f 1874/1/1874 1743/1/1743 1746/1/1746 
f 1511/1/1511 1510/1/1510 1873/1/1873 
f 1873/1/1873 1746/1/1746 1511/1/1511 
f 1876/1/1876 1877/1/1877 1875/1/1875 
f 1538/1/1538 1876/1/1876 1872/1/1872 
f 1872/1/1872 1516/1/1516 1538/1/1538 
f 1526/1/1526 1740/1/1740 1876/1/1876 
f 1876/1/1876 1538/1/1538 1526/1/1526 
f 1740/1/1740 1742/1/1742 1877/1/1877 
f 1878/1/1878 1879/1/1879 1880/1/1880 
f 1880/1/1880 1881/1/1881 1878/1/1878 
f 1882/1/1882 1880/1/1880 1879/1/1879 
f 1879/1/1879 1883/1/1883 1882/1/1882 
f 1884/1/1884 1885/1/1885 1880/1/1880 
f 1880/1/1880 1882/1/1882 1884/1/1884 
f 1881/1/1881 1880/1/1880 1885/1/1885 
f 1885/1/1885 1886/1/1886 1881/1/1881 
f 1451/1/1451 1454/1/1454 1887/1/1887 
f 1887/1/1887 1888/1/1888 1451/1/1451 
f 1889/1/1889 1887/1/1887 1454/1/1454 
f 1454/1/1454 1459/1/1459 1889/1/1889 
f 1883/1/1883 1879/1/1879 1887/1/1887 
f 1887/1/1887 1889/1/1889 1883/1/1883 
f 1888/1/1888 1887/1/1887 1879/1/1879 
f 1879/1/1879 1878/1/1878 1888/1/1888 
f 1890/1/1890 1891/1/1891 1892/1/1892 
f 1892/1/1892 1893/1/1893 1890/1/1890 
f 1894/1/1894 1892/1/1892 1891/1/1891 
f 1891/1/1891 1895/1/1895 1894/1/1894 
f 1896/1/1896 1897/1/1897 1892/1/1892 
f 1892/1/1892 1894/1/1894 1896/1/1896 
f 1893/1/1893 1892/1/1892 1897/1/1897 
f 1897/1/1897 1898/1/1898 1893/1/1893 
f 1899/1/1899 1900/1/1900 1901/1/1901 
f 1901/1/1901 1902/1/1902 1899/1/1899 
f 1894/1/1894 1901/1/1901 1900/1/1900 
f 1900/1/1900 1896/1/1896 1894/1/1894 
f 1895/1/1895 1903/1/1903 1901/1/1901 
f 1901/1/1901 1894/1/1894 1895/1/1895 
f 1902/1/1902 1901/1/1901 1903/1/1903 
f 1903/1/1903 1904/1/1904 1902/1/1902 
f 1721/1/1721 1905/1/1905 1906/1/1906 
f 1906/1/1906 1722/1/1722 1721/1/1721 
f 1907/1/1907 1906/1/1906 1905/1/1905 
f 1905/1/1905 1908/1/1908 1907/1/1907 
f 1208/1/1208 1214/1/1214 1906/1/1906 
f 1906/1/1906 1907/1/1907 1208/1/1208 
f 1722/1/1722 1906/1/1906 1214/1/1214 
f 1214/1/1214 1213/1/1213 1722/1/1722 
f 1069/1/1069 1909/1/1909 1910/1/1910 
f 1910/1/1910 1070/1/1070 1069/1/1069 
f 1908/1/1908 1905/1/1905 1910/1/1910 
f 1910/1/1910 1909/1/1909 1908/1/1908 
f 1905/1/1905 1721/1/1721 1814/1/1814 
f 1814/1/1814 1910/1/1910 1905/1/1905 
f 1070/1/1070 1910/1/1910 1814/1/1814 
f 1814/1/1814 1071/1/1071 1070/1/1070 
f 1078/1/1078 1911/1/1911 1912/1/1912 
f 1912/1/1912 1076/1/1076 1078/1/1078 
f 1913/1/1913 1912/1/1912 1911/1/1911 
f 1911/1/1911 1914/1/1914 1913/1/1913 
f 1915/1/1915 1916/1/1916 1912/1/1912 
f 1912/1/1912 1913/1/1913 1915/1/1915 
f 1076/1/1076 1912/1/1912 1916/1/1916 
f 1916/1/1916 1073/1/1073 1076/1/1076 
f 1917/1/1917 1918/1/1918 1919/1/1919 
f 1919/1/1919 1920/1/1920 1917/1/1917 
f 1913/1/1913 1919/1/1919 1918/1/1918 
f 1918/1/1918 1915/1/1915 1913/1/1913 
f 1914/1/1914 1921/1/1921 1919/1/1919 
f 1919/1/1919 1913/1/1913 1914/1/1914 
f 1922/1/1922 1920/1/1920 1919/1/1919 
f 1919/1/1919 1921/1/1921 1922/1/1922 
f 1923/1/1923 1924/1/1924 1925/1/1925 
f 1926/1/1926 1923/1/1923 1927/1/1927 
f 1927/1/1927 1928/1/1928 1926/1/1926 
f 1929/1/1929 1930/1/1930 1923/1/1923 
f 1923/1/1923 1926/1/1926 1929/1/1929 
f 1930/1/1930 1931/1/1931 1924/1/1924 
f 1928/1/1928 1927/1/1927 1932/1/1932 
f 1932/1/1932 1933/1/1933 1928/1/1928 
f 1927/1/1927 1925/1/1925 1934/1/1934 
f 1756/1/1756 1932/1/1932 1934/1/1934 
f 1934/1/1934 1731/1/1731 1756/1/1756 
f 1756/1/1756 1754/1/1754 1933/1/1933 
f 1898/1/1898 1935/1/1935 1936/1/1936 
f 1936/1/1936 1893/1/1893 1898/1/1898 
f 1937/1/1937 1936/1/1936 1935/1/1935 
f 1935/1/1935 1938/1/1938 1937/1/1937 
f 1135/1/1135 1939/1/1939 1936/1/1936 
f 1936/1/1936 1937/1/1937 1135/1/1135 
f 1893/1/1893 1936/1/1936 1939/1/1939 
f 1939/1/1939 1890/1/1890 1893/1/1893 
f 1940/1/1940 1130/1/1130 1135/1/1135 
f 1941/1/1941 1940/1/1940 1937/1/1937 
f 1937/1/1937 1938/1/1938 1941/1/1941 
f 1940/1/1940 1941/1/1941 1700/1/1700 
f 1130/1/1130 1940/1/1940 1699/1/1699 
f 1699/1/1699 1127/1/1127 1130/1/1130 
f 1942/1/1942 1943/1/1943 1944/1/1944 
f 1944/1/1944 1945/1/1945 1942/1/1942 
f 1946/1/1946 1944/1/1944 1943/1/1943 
f 1943/1/1943 1947/1/1947 1946/1/1946 
f 1844/1/1844 1840/1/1840 1944/1/1944 
f 1944/1/1944 1946/1/1946 1844/1/1844 
f 1945/1/1945 1944/1/1944 1840/1/1840 
f 1840/1/1840 1839/1/1839 1945/1/1945 
f 1947/1/1947 1943/1/1943 1948/1/1948 
f 1948/1/1948 1949/1/1949 1947/1/1947 
f 1943/1/1943 1942/1/1942 1950/1/1950 
f 1917/1/1917 1920/1/1920 1948/1/1948 
f 1948/1/1948 1950/1/1950 1917/1/1917 
f 1949/1/1949 1948/1/1948 1920/1/1920 
f 1920/1/1920 1922/1/1922 1949/1/1949 
f 1930/1/1930 1929/1/1929 1951/1/1951 
f 1952/1/1952 1953/1/1953 1951/1/1951 
f 1951/1/1951 1954/1/1954 1952/1/1952 
f 1952/1/1952 1955/1/1955 1956/1/1956 
f 1956/1/1956 1953/1/1953 1952/1/1952 
f 1953/1/1953 1956/1/1956 1931/1/1931 
f 1957/1/1957 1955/1/1955 1952/1/1952 
f 1952/1/1952 1954/1/1954 1958/1/1958 
f 1958/1/1958 1959/1/1959 1952/1/1952 
f 1744/1/1744 1959/1/1959 1958/1/1958 
f 1958/1/1958 1748/1/1748 1744/1/1744 
f 1957/1/1957 1959/1/1959 1744/1/1744 
f 1744/1/1744 1743/1/1743 1957/1/1957 
f 1904/1/1904 1960/1/1960 1961/1/1961 
f 1961/1/1961 1902/1/1902 1904/1/1904 
f 1962/1/1962 1963/1/1963 1961/1/1961 
f 1961/1/1961 1960/1/1960 1962/1/1962 
f 1964/1/1964 1961/1/1961 1963/1/1963 
f 1963/1/1963 1965/1/1965 1964/1/1964 
f 1902/1/1902 1961/1/1961 1964/1/1964 
f 1964/1/1964 1899/1/1899 1902/1/1902 
f 1965/1/1965 1963/1/1963 1966/1/1966 
f 1966/1/1966 1967/1/1967 1965/1/1965 
f 1968/1/1968 1966/1/1966 1963/1/1963 
f 1963/1/1963 1962/1/1962 1968/1/1968 
f 1886/1/1886 1885/1/1885 1966/1/1966 
f 1966/1/1966 1968/1/1968 1886/1/1886 
f 1885/1/1885 1884/1/1884 1967/1/1967 
f 1969/1/1969 1970/1/1970 1971/1/1971 
f 1972/1/1972 1973/1/1973 1974/1/1974 
f 1742/1/1742 1741/1/1741 1969/1/1969 
f 1969/1/1969 1974/1/1974 1742/1/1742 
f 1970/1/1970 1969/1/1969 1741/1/1741 
f 1741/1/1741 1736/1/1736 1970/1/1970 
f 1975/1/1975 1976/1/1976 1977/1/1977 
f 1977/1/1977 1978/1/1978 1975/1/1975 
f 1979/1/1979 1977/1/1977 1976/1/1976 
f 1976/1/1976 1980/1/1980 1979/1/1979 
f 1465/1/1465 1461/1/1461 1977/1/1977 
f 1977/1/1977 1979/1/1979 1465/1/1465 
f 1978/1/1978 1977/1/1977 1461/1/1461 
f 1461/1/1461 1460/1/1460 1978/1/1978 
f 1981/1/1981 1982/1/1982 1983/1/1983 
f 1983/1/1983 1984/1/1984 1981/1/1981 
f 1985/1/1985 1983/1/1983 1982/1/1982 
f 1982/1/1982 1986/1/1986 1985/1/1985 
f 1987/1/1987 1988/1/1988 1983/1/1983 
f 1983/1/1983 1985/1/1985 1987/1/1987 
f 1984/1/1984 1983/1/1983 1988/1/1988 
f 1988/1/1988 1989/1/1989 1984/1/1984 
f 1986/1/1986 1982/1/1982 1990/1/1990 
f 1990/1/1990 1991/1/1991 1986/1/1986 
f 1992/1/1992 1990/1/1990 1982/1/1982 
f 1982/1/1982 1981/1/1981 1992/1/1992 
f 1668/1/1668 1666/1/1666 1990/1/1990 
f 1990/1/1990 1992/1/1992 1668/1/1668 
f 1991/1/1991 1990/1/1990 1666/1/1666 
f 1666/1/1666 1667/1/1667 1991/1/1991 
f 1993/1/1993 1994/1/1994 1995/1/1995 
f 1995/1/1995 1996/1/1996 1993/1/1993 
f 1686/1/1686 1995/1/1995 1994/1/1994 
f 1994/1/1994 1683/1/1683 1686/1/1686 
f 1688/1/1688 1997/1/1997 1995/1/1995 
f 1995/1/1995 1686/1/1686 1688/1/1688 
f 1996/1/1996 1995/1/1995 1997/1/1997 
f 1997/1/1997 1998/1/1998 1996/1/1996 
f 1999/1/1999 2000/1/2000 2001/1/2001 
f 2002/1/2002 2003/1/2003 2004/1/2004 
f 1999/1/1999 2004/1/2004 1691/1/1691 
f 2000/1/2000 1999/1/1999 1696/1/1696 
f 1696/1/1696 1695/1/1695 2000/1/2000 
f 2005/1/2005 2006/1/2006 2007/1/2007 
f 2007/1/2007 2008/1/2008 2005/1/2005 
f 1817/1/1817 2007/1/2007 2006/1/2006 
f 2006/1/2006 1819/1/1819 1817/1/1817 
f 1818/1/1818 2009/1/2009 2007/1/2007 
f 2007/1/2007 1817/1/1817 1818/1/1818 
f 2008/1/2008 2007/1/2007 2009/1/2009 
f 2009/1/2009 2010/1/2010 2008/1/2008 
f 2011/1/2011 2012/1/2012 2013/1/2013 
f 2013/1/2013 2014/1/2014 2011/1/2011 
f 1941/1/1941 2013/1/2013 2012/1/2012 
f 2012/1/2012 1700/1/1700 1941/1/1941 
f 1938/1/1938 2015/1/2015 2013/1/2013 
f 2013/1/2013 1941/1/1941 1938/1/1938 
f 2014/1/2014 2013/1/2013 2015/1/2015 
f 2015/1/2015 2016/1/2016 2014/1/2014 
f 2017/1/2017 2018/1/2018 2019/1/2019 
f 2019/1/2019 2020/1/2020 2017/1/2017 
f 2021/1/2021 2019/1/2019 2018/1/2018 
f 2018/1/2018 2022/1/2022 2021/1/2021 
f 1707/1/1707 1714/1/1714 2019/1/2019 
f 2019/1/2019 2021/1/2021 1707/1/1707 
f 2020/1/2020 2019/1/2019 1714/1/1714 
f 1714/1/1714 1713/1/1713 2020/1/2020 
f 2023/1/2023 2024/1/2024 2025/1/2025 
f 2025/1/2025 2026/1/2026 2023/1/2023 
f 2027/1/2027 2025/1/2025 2024/1/2024 
f 2024/1/2024 2028/1/2028 2027/1/2027 
f 1719/1/1719 1727/1/1727 2025/1/2025 
f 2025/1/2025 2027/1/2027 1719/1/1719 
f 2026/1/2026 2025/1/2025 1727/1/1727 
f 1727/1/1727 1240/1/1240 2026/1/2026 
f 2029/1/2029 2030/1/2030 2031/1/2031 
f 2031/1/2031 2032/1/2032 2029/1/2029 
f 2033/1/2033 2031/1/2031 2030/1/2030 
f 2030/1/2030 2034/1/2034 2033/1/2033 
f 1827/1/1827 1826/1/1826 2031/1/2031 
f 2031/1/2031 2033/1/2033 1827/1/1827 
f 2032/1/2032 2031/1/2031 1826/1/1826 
f 1826/1/1826 1812/1/1812 2032/1/2032 
f 2035/1/2035 2036/1/2036 2037/1/2037 
f 2037/1/2037 2038/1/2038 2035/1/2035 
f 1735/1/1735 2036/1/2036 2035/1/2035 
f 2035/1/2035 1736/1/1736 1735/1/1735 
f 1738/1/1738 2039/1/2039 2036/1/2036 
f 2036/1/2036 1735/1/1735 1738/1/1738 
f 2037/1/2037 2036/1/2036 2039/1/2039 
f 2039/1/2039 2040/1/2040 2037/1/2037 
f 2041/1/2041 2042/1/2042 2043/1/2043 
f 1751/1/1751 2041/1/2041 2044/1/2044 
f 2044/1/2044 1754/1/1754 1751/1/1751 
f 1200/1/1200 2045/1/2045 2041/1/2041 
f 2041/1/2041 1751/1/1751 1200/1/1200 
f 2042/1/2042 2041/1/2041 2045/1/2045 
f 2045/1/2045 2016/1/2016 2042/1/2042 
f 2046/1/2046 2047/1/2047 2048/1/2048 
f 2048/1/2048 2049/1/2049 2046/1/2046 
f 2047/1/2047 1899/1/1899 1964/1/1964 
f 1965/1/1965 2050/1/2050 2048/1/2048 
f 2048/1/2048 1964/1/1964 1965/1/1965 
f 2049/1/2049 2048/1/2048 2050/1/2050 
f 2050/1/2050 2051/1/2051 2049/1/2049 
f 2052/1/2052 2053/1/2053 2054/1/2054 
f 2054/1/2054 2055/1/2055 2052/1/2052 
f 1770/1/1770 2054/1/2054 2053/1/2053 
f 2053/1/2053 1772/1/1772 1770/1/1770 
f 1771/1/1771 2056/1/2056 2054/1/2054 
f 2054/1/2054 1770/1/1770 1771/1/1771 
f 2055/1/2055 2054/1/2054 2056/1/2056 
f 2056/1/2056 2057/1/2057 2055/1/2055 
f 144/1/144 2058/1/2058 2059/1/2059 
f 2059/1/2059 142/1/142 144/1/144 
f 2060/1/2060 2059/1/2059 2058/1/2058 
f 2058/1/2058 2061/1/2061 2060/1/2060 
f 1993/1/1993 2062/1/2062 2059/1/2059 
f 2059/1/2059 2060/1/2060 1993/1/1993 
f 142/1/142 2059/1/2059 2062/1/2062 
f 2062/1/2062 145/1/145 142/1/142 
f 1996/1/1996 2063/1/2063 2062/1/2062 
f 2062/1/2062 1993/1/1993 1996/1/1996 
f 1998/1/1998 2064/1/2064 2063/1/2063 
f 2063/1/2063 1996/1/1996 1998/1/1998 
f 1848/1/1848 1850/1/1850 2063/1/2063 
f 2063/1/2063 2064/1/2064 1848/1/1848 
f 145/1/145 2062/1/2062 2063/1/2063 
f 2063/1/2063 1850/1/1850 145/1/145 
f 1683/1/1683 1994/1/1994 2065/1/2065 
f 2065/1/2065 1804/1/1804 1683/1/1683 
f 2060/1/2060 2065/1/2065 1994/1/1994 
f 1994/1/1994 1993/1/1993 2060/1/2060 
f 2061/1/2061 2066/1/2066 2065/1/2065 
f 2065/1/2065 2060/1/2060 2061/1/2061 
f 1804/1/1804 2065/1/2065 2066/1/2066 
f 2066/1/2066 1801/1/1801 1804/1/1804 
f 1848/1/1848 2064/1/2064 2067/1/2067 
f 2067/1/2067 1847/1/1847 1848/1/1848 
f 2068/1/2068 2067/1/2067 2064/1/2064 
f 2064/1/2064 1998/1/1998 2068/1/2068 
f 2069/1/2069 2067/1/2067 2068/1/2068 
f 2068/1/2068 2003/1/2003 2069/1/2069 
f 266/1/266 1847/1/1847 2067/1/2067 
f 2067/1/2067 2069/1/2069 266/1/266 
f 2003/1/2003 2002/1/2002 2070/1/2070 
f 2070/1/2070 2069/1/2069 2003/1/2003 
f 2071/1/2071 2070/1/2070 2002/1/2002 
f 2002/1/2002 2001/1/2001 2071/1/2071 
f 271/1/271 267/1/267 2070/1/2070 
f 2070/1/2070 2071/1/2071 271/1/271 
f 2069/1/2069 2070/1/2070 267/1/267 
f 267/1/267 266/1/266 2069/1/2069 
f 1692/1/1692 1691/1/1691 2004/1/2004 
f 2003/1/2003 2068/1/2068 2072/1/2072 
f 2072/1/2072 2004/1/2004 2003/1/2003 
f 2072/1/2072 2068/1/2068 1998/1/1998 
f 1692/1/1692 2072/1/2072 1997/1/1997 
f 1997/1/1997 1688/1/1688 1692/1/1692 
f 271/1/271 2071/1/2071 2073/1/2073 
f 2073/1/2073 324/1/324 271/1/271 
f 2001/1/2001 2074/1/2074 2073/1/2073 
f 2073/1/2073 2071/1/2071 2001/1/2001 
f 2075/1/2075 2076/1/2076 2073/1/2073 
f 2073/1/2073 2074/1/2074 2075/1/2075 
f 324/1/324 2073/1/2073 2076/1/2076 
f 2076/1/2076 321/1/321 324/1/324 
f 2000/1/2000 2077/1/2077 2074/1/2074 
f 2074/1/2074 2001/1/2001 2000/1/2000 
f 1695/1/1695 1862/1/1862 2077/1/2077 
f 2077/1/2077 2000/1/2000 1695/1/1695 
f 2077/1/2077 1862/1/1862 1857/1/1857 
f 2074/1/2074 2077/1/2077 2078/1/2078 
f 2078/1/2078 2075/1/2075 2074/1/2074 
f 231/1/231 2079/1/2079 2080/1/2080 
f 2080/1/2080 230/1/230 231/1/231 
f 2081/1/2081 2080/1/2080 2079/1/2079 
f 2079/1/2079 2082/1/2082 2081/1/2081 
f 2005/1/2005 2083/1/2083 2080/1/2080 
f 2080/1/2080 2081/1/2081 2005/1/2005 
f 230/1/230 2080/1/2080 2083/1/2083 
f 2083/1/2083 232/1/232 230/1/230 
f 232/1/232 2083/1/2083 2084/1/2084 
f 2084/1/2084 1068/1/1068 232/1/232 
f 2008/1/2008 2084/1/2084 2083/1/2083 
f 2083/1/2083 2005/1/2005 2008/1/2008 
f 2010/1/2010 2085/1/2085 2084/1/2084 
f 2084/1/2084 2008/1/2008 2010/1/2010 
f 1068/1/1068 2084/1/2084 2085/1/2085 
f 2085/1/2085 1069/1/1069 1068/1/1068 
f 1819/1/1819 2006/1/2006 2086/1/2086 
f 2086/1/2086 1838/1/1838 1819/1/1819 
f 2081/1/2081 2086/1/2086 2006/1/2006 
f 2006/1/2006 2005/1/2005 2081/1/2081 
f 2082/1/2082 2087/1/2087 2086/1/2086 
f 2086/1/2086 2081/1/2081 2082/1/2082 
f 1838/1/1838 2086/1/2086 2087/1/2087 
f 2087/1/2087 1835/1/1835 1838/1/1838 
f 1908/1/1908 2088/1/2088 2089/1/2089 
f 2089/1/2089 1907/1/1907 1908/1/1908 
f 2090/1/2090 2089/1/2089 2088/1/2088 
f 2088/1/2088 2091/1/2091 2090/1/2090 
f 2011/1/2011 2092/1/2092 2089/1/2089 
f 2089/1/2089 2090/1/2090 2011/1/2011 
f 1907/1/1907 2089/1/2089 2092/1/2092 
f 2092/1/2092 1208/1/1208 1907/1/1907 
f 1208/1/1208 2092/1/2092 2093/1/2093 
f 2093/1/2093 1203/1/1203 1208/1/1208 
f 2014/1/2014 2093/1/2093 2092/1/2092 
f 2092/1/2092 2011/1/2011 2014/1/2014 
f 2016/1/2016 2045/1/2045 2093/1/2093 
f 2093/1/2093 2014/1/2014 2016/1/2016 
f 1203/1/1203 2093/1/2093 2045/1/2045 
f 2045/1/2045 1200/1/1200 1203/1/1203 
f 1700/1/1700 2012/1/2012 2094/1/2094 
f 2094/1/2094 1697/1/1697 1700/1/1700 
f 2090/1/2090 2094/1/2094 2012/1/2012 
f 2012/1/2012 2011/1/2011 2090/1/2090 
f 2091/1/2091 2095/1/2095 2094/1/2094 
f 2094/1/2094 2090/1/2090 2091/1/2091 
f 1697/1/1697 2094/1/2094 2095/1/2095 
f 2095/1/2095 1701/1/1701 1697/1/1697 
f 2096/1/2096 2097/1/2097 2098/1/2098 
f 2098/1/2098 2099/1/2099 2096/1/2096 
f 2100/1/2100 2098/1/2098 2097/1/2097 
f 2097/1/2097 2101/1/2101 2100/1/2100 
f 158/1/158 154/1/154 2098/1/2098 
f 2098/1/2098 2100/1/2100 158/1/158 
f 2099/1/2099 2098/1/2098 154/1/154 
f 154/1/154 153/1/153 2099/1/2099 
f 2101/1/2101 2102/1/2102 2103/1/2103 
f 2103/1/2103 2100/1/2100 2101/1/2101 
f 2104/1/2104 2103/1/2103 2102/1/2102 
f 2102/1/2102 2105/1/2105 2104/1/2104 
f 165/1/165 162/1/162 2103/1/2103 
f 2103/1/2103 2104/1/2104 165/1/165 
f 2100/1/2100 2103/1/2103 162/1/162 
f 162/1/162 158/1/158 2100/1/2100 
f 2102/1/2102 2101/1/2101 2106/1/2106 
f 2106/1/2106 2107/1/2107 2102/1/2102 
f 1855/1/1855 2107/1/2107 2106/1/2106 
f 2106/1/2106 1711/1/1711 1855/1/1855 
f 2108/1/2108 2107/1/2107 1855/1/1855 
f 1855/1/1855 1854/1/1854 2108/1/2108 
f 2105/1/2105 2102/1/2102 2107/1/2107 
f 2107/1/2107 2108/1/2108 2105/1/2105 
f 1787/1/1787 1791/1/1791 2109/1/2109 
f 2109/1/2109 2110/1/2110 1787/1/1787 
f 2106/1/2106 2109/1/2109 1791/1/1791 
f 1791/1/1791 1711/1/1711 2106/1/2106 
f 2101/1/2101 2097/1/2097 2109/1/2109 
f 2109/1/2109 2106/1/2106 2101/1/2101 
f 2110/1/2110 2109/1/2109 2097/1/2097 
f 2097/1/2097 2096/1/2096 2110/1/2110 
f 2105/1/2105 2111/1/2111 2112/1/2112 
f 2112/1/2112 2104/1/2104 2105/1/2105 
f 2113/1/2113 2112/1/2112 2111/1/2111 
f 2111/1/2111 2022/1/2022 2113/1/2113 
f 277/1/277 274/1/274 2112/1/2112 
f 2112/1/2112 2113/1/2113 277/1/277 
f 2104/1/2104 2112/1/2112 274/1/274 
f 274/1/274 165/1/165 2104/1/2104 
f 2022/1/2022 2018/1/2018 2114/1/2114 
f 2114/1/2114 2113/1/2113 2022/1/2022 
f 2115/1/2115 2114/1/2114 2018/1/2018 
f 2018/1/2018 2017/1/2017 2115/1/2115 
f 1867/1/1867 1871/1/1871 2114/1/2114 
f 2114/1/2114 2115/1/2115 1867/1/1867 
f 2113/1/2113 2114/1/2114 1871/1/1871 
f 1871/1/1871 277/1/277 2113/1/2113 
f 1854/1/1854 1851/1/1851 2116/1/2116 
f 2116/1/2116 2108/1/2108 1854/1/1854 
f 2021/1/2021 2116/1/2116 1851/1/1851 
f 1851/1/1851 1707/1/1707 2021/1/2021 
f 2022/1/2022 2111/1/2111 2116/1/2116 
f 2116/1/2116 2021/1/2021 2022/1/2022 
f 2108/1/2108 2116/1/2116 2111/1/2111 
f 2111/1/2111 2105/1/2105 2108/1/2108 
f 2117/1/2117 2118/1/2118 2119/1/2119 
f 2119/1/2119 2120/1/2120 2117/1/2117 
f 2121/1/2121 2119/1/2119 2118/1/2118 
f 2118/1/2118 2028/1/2028 2121/1/2121 
f 1922/1/1922 1921/1/1921 2119/1/2119 
f 2119/1/2119 2121/1/2121 1922/1/1922 
f 2120/1/2120 2119/1/2119 1921/1/1921 
f 1921/1/1921 1914/1/1914 2120/1/2120 
f 2122/1/2122 1949/1/1949 1922/1/1922 
f 2028/1/2028 2024/1/2024 2122/1/2122 
f 2122/1/2122 2121/1/2121 2028/1/2028 
f 2024/1/2024 2023/1/2023 2123/1/2123 
f 1949/1/1949 2122/1/2122 2123/1/2123 
f 2123/1/2123 1947/1/1947 1949/1/1949 
f 1726/1/1726 1725/1/1725 2124/1/2124 
f 2124/1/2124 2125/1/2125 1726/1/1726 
f 2027/1/2027 2124/1/2124 1725/1/1725 
f 1725/1/1725 1719/1/1719 2027/1/2027 
f 2028/1/2028 2118/1/2118 2124/1/2124 
f 2124/1/2124 2027/1/2027 2028/1/2028 
f 2118/1/2118 2117/1/2117 2125/1/2125 
f 2126/1/2126 2127/1/2127 2128/1/2128 
f 2128/1/2128 2129/1/2129 2126/1/2126 
f 2130/1/2130 2128/1/2128 2127/1/2127 
f 2127/1/2127 2034/1/2034 2130/1/2130 
f 259/1/259 258/1/258 2128/1/2128 
f 2128/1/2128 2130/1/2130 259/1/259 
f 2129/1/2129 2128/1/2128 258/1/258 
f 258/1/258 257/1/257 2129/1/2129 
f 2034/1/2034 2030/1/2030 2131/1/2131 
f 2131/1/2131 2130/1/2130 2034/1/2034 
f 2132/1/2132 2131/1/2131 2030/1/2030 
f 2030/1/2030 2029/1/2029 2132/1/2132 
f 1078/1/1078 1077/1/1077 2131/1/2131 
f 2131/1/2131 2132/1/2132 1078/1/1078 
f 2130/1/2130 2131/1/2131 1077/1/1077 
f 1077/1/1077 259/1/259 2130/1/2130 
f 1830/1/1830 1833/1/1833 2133/1/2133 
f 2133/1/2133 2134/1/2134 1830/1/1830 
f 2033/1/2033 2133/1/2133 1833/1/1833 
f 1833/1/1833 1827/1/1827 2033/1/2033 
f 2034/1/2034 2127/1/2127 2133/1/2133 
f 2133/1/2133 2033/1/2033 2034/1/2034 
f 2134/1/2134 2133/1/2133 2127/1/2127 
f 2127/1/2127 2126/1/2126 2134/1/2134 
f 2135/1/2135 2136/1/2136 2137/1/2137 
f 2137/1/2137 2138/1/2138 2135/1/2135 
f 2136/1/2136 2139/1/2139 2140/1/2140 
f 2137/1/2137 2140/1/2140 1121/1/1121 
f 2138/1/2138 2137/1/2137 1843/1/1843 
f 1843/1/1843 1844/1/1844 2138/1/2138 
f 2140/1/2140 2141/1/2141 1118/1/1118 
f 1118/1/1118 1121/1/1121 2140/1/2140 
f 2141/1/2141 2140/1/2140 2139/1/2139 
f 2142/1/2142 2143/1/2143 2141/1/2141 
f 2141/1/2141 2144/1/2144 2142/1/2142 
f 1118/1/1118 2141/1/2141 2143/1/2143 
f 2143/1/2143 1122/1/1122 1118/1/1118 
f 2145/1/2145 2146/1/2146 2144/1/2144 
f 2144/1/2144 2139/1/2139 2145/1/2145 
f 1731/1/1731 1934/1/1934 2146/1/2146 
f 2146/1/2146 2145/1/2145 1731/1/1731 
f 1925/1/1925 2147/1/2147 2146/1/2146 
f 2146/1/2146 1934/1/1934 1925/1/1925 
f 2144/1/2144 2146/1/2146 2147/1/2147 
f 2147/1/2147 2142/1/2142 2144/1/2144 
f 1237/1/1237 1732/1/1732 2148/1/2148 
f 2148/1/2148 2149/1/2149 1237/1/1237 
f 2145/1/2145 2148/1/2148 1732/1/1732 
f 1732/1/1732 1731/1/1731 2145/1/2145 
f 2139/1/2139 2136/1/2136 2148/1/2148 
f 2148/1/2148 2145/1/2145 2139/1/2139 
f 2136/1/2136 2135/1/2135 2149/1/2149 
f 2150/1/2150 2151/1/2151 2152/1/2152 
f 2152/1/2152 2153/1/2153 2150/1/2150 
f 2151/1/2151 2154/1/2154 2155/1/2155 
f 2152/1/2152 2155/1/2155 1353/1/1353 
f 2153/1/2153 2152/1/2152 1362/1/1362 
f 1362/1/1362 1361/1/1361 2153/1/2153 
f 1353/1/1353 2155/1/2155 2156/1/2156 
f 2156/1/2156 1352/1/1352 1353/1/1353 
f 2155/1/2155 2154/1/2154 2157/1/2157 
f 2158/1/2158 2159/1/2159 2156/1/2156 
f 2156/1/2156 2157/1/2157 2158/1/2158 
f 1352/1/1352 2156/1/2156 2159/1/2159 
f 2159/1/2159 1354/1/1354 1352/1/1352 
f 2154/1/2154 2160/1/2160 2161/1/2161 
f 2161/1/2161 2157/1/2157 2154/1/2154 
f 1874/1/1874 2161/1/2161 2160/1/2160 
f 2160/1/2160 1743/1/1743 1874/1/1874 
f 1875/1/1875 2162/1/2162 2161/1/2161 
f 2161/1/2161 1874/1/1874 1875/1/1875 
f 2157/1/2157 2161/1/2161 2162/1/2162 
f 2162/1/2162 2158/1/2158 2157/1/2157 
f 1955/1/1955 1957/1/1957 2163/1/2163 
f 2163/1/2163 2164/1/2164 1955/1/1955 
f 2160/1/2160 2163/1/2163 1957/1/1957 
f 1957/1/1957 1743/1/1743 2160/1/2160 
f 2154/1/2154 2151/1/2151 2163/1/2163 
f 2163/1/2163 2160/1/2160 2154/1/2154 
f 2164/1/2164 2163/1/2163 2151/1/2151 
f 2151/1/2151 2150/1/2150 2164/1/2164 
f 1354/1/1354 2159/1/2159 2165/1/2165 
f 2165/1/2165 1463/1/1463 1354/1/1354 
f 2166/1/2166 2165/1/2165 2159/1/2159 
f 2159/1/2159 2158/1/2158 2166/1/2166 
f 2167/1/2167 2168/1/2168 2165/1/2165 
f 2165/1/2165 2166/1/2166 2167/1/2167 
f 2168/1/2168 1460/1/1460 1463/1/1463 
f 1460/1/1460 2168/1/2168 2169/1/2169 
f 2169/1/2169 1978/1/1978 1460/1/1460 
f 2170/1/2170 2169/1/2169 2168/1/2168 
f 2168/1/2168 2167/1/2167 2170/1/2170 
f 2171/1/2171 2172/1/2172 2169/1/2169 
f 2169/1/2169 2170/1/2170 2171/1/2171 
f 1978/1/1978 2169/1/2169 2172/1/2172 
f 2172/1/2172 1975/1/1975 1978/1/1978 
f 2167/1/2167 2173/1/2173 2174/1/2174 
f 2174/1/2174 2170/1/2170 2167/1/2167 
f 1974/1/1974 2174/1/2174 2173/1/2173 
f 2173/1/2173 1742/1/1742 1974/1/1974 
f 2174/1/2174 1974/1/1974 1973/1/1973 
f 2170/1/2170 2174/1/2174 2175/1/2175 
f 2175/1/2175 2171/1/2171 2170/1/2170 
f 1742/1/1742 2173/1/2173 2176/1/2176 
f 2176/1/2176 1877/1/1877 1742/1/1742 
f 2166/1/2166 2176/1/2176 2173/1/2173 
f 2173/1/2173 2167/1/2167 2166/1/2166 
f 2158/1/2158 2162/1/2162 2176/1/2176 
f 2176/1/2176 2166/1/2166 2158/1/2158 
f 1877/1/1877 2176/1/2176 2162/1/2162 
f 2162/1/2162 1875/1/1875 1877/1/1877 
f 1677/1/1677 2177/1/2177 2178/1/2178 
f 2178/1/2178 1678/1/1678 1677/1/1677 
f 2179/1/2179 2178/1/2178 2177/1/2177 
f 2177/1/2177 2180/1/2180 2179/1/2179 
f 2181/1/2181 2182/1/2182 2178/1/2178 
f 2178/1/2178 2179/1/2179 2181/1/2181 
f 1678/1/1678 2178/1/2178 2182/1/2182 
f 2182/1/2182 1675/1/1675 1678/1/1678 
f 2182/1/2182 2181/1/2181 2183/1/2183 
f 2183/1/2183 2184/1/2184 2182/1/2182 
f 2185/1/2185 2184/1/2184 2183/1/2183 
f 2183/1/2183 2186/1/2186 2185/1/2185 
f 1662/1/1662 1676/1/1676 2184/1/2184 
f 2184/1/2184 2185/1/2185 1662/1/1662 
f 2182/1/2182 2184/1/2184 1676/1/1676 
f 1676/1/1676 1675/1/1675 2182/1/2182 
f 2186/1/2186 2187/1/2187 2188/1/2188 
f 2188/1/2188 2185/1/2185 2186/1/2186 
f 2189/1/2189 2188/1/2188 2187/1/2187 
f 2187/1/2187 2190/1/2190 2189/1/2189 
f 1667/1/1667 1663/1/1663 2188/1/2188 
f 2188/1/2188 2189/1/2189 1667/1/1667 
f 2185/1/2185 2188/1/2188 1663/1/1663 
f 1663/1/1663 1662/1/1662 2185/1/2185 
f 1667/1/1667 2189/1/2189 2191/1/2191 
f 2191/1/2191 1991/1/1991 1667/1/1667 
f 2192/1/2192 2191/1/2191 2189/1/2189 
f 2189/1/2189 2190/1/2190 2192/1/2192 
f 2193/1/2193 2194/1/2194 2191/1/2191 
f 2191/1/2191 2192/1/2192 2193/1/2193 
f 1991/1/1991 2191/1/2191 2194/1/2194 
f 2194/1/2194 1986/1/1986 1991/1/1991 
f 1986/1/1986 2194/1/2194 2195/1/2195 
f 2195/1/2195 1985/1/1985 1986/1/1986 
f 2196/1/2196 2195/1/2195 2194/1/2194 
f 2194/1/2194 2193/1/2193 2196/1/2196 
f 2197/1/2197 2198/1/2198 2195/1/2195 
f 2195/1/2195 2196/1/2196 2197/1/2197 
f 2198/1/2198 1987/1/1987 1985/1/1985 
f 2199/1/2199 2200/1/2200 2201/1/2201 
f 2201/1/2201 2202/1/2202 2199/1/2199 
f 2203/1/2203 2201/1/2201 2200/1/2200 
f 2200/1/2200 2038/1/2038 2203/1/2203 
f 1459/1/1459 1458/1/1458 2201/1/2201 
f 2201/1/2201 2203/1/2203 1459/1/1459 
f 2202/1/2202 2201/1/2201 1458/1/1458 
f 1458/1/1458 1457/1/1457 2202/1/2202 
f 1459/1/1459 2203/1/2203 2204/1/2204 
f 2204/1/2204 1889/1/1889 1459/1/1459 
f 2037/1/2037 2204/1/2204 2203/1/2203 
f 2203/1/2203 2038/1/2038 2037/1/2037 
f 2040/1/2040 2205/1/2205 2204/1/2204 
f 2204/1/2204 2037/1/2037 2040/1/2040 
f 2205/1/2205 1883/1/1883 1889/1/1889 
f 1971/1/1971 1970/1/1970 2206/1/2206 
f 2206/1/2206 2207/1/2207 1971/1/1971 
f 2035/1/2035 2206/1/2206 1970/1/1970 
f 1970/1/1970 1736/1/1736 2035/1/2035 
f 2038/1/2038 2200/1/2200 2206/1/2206 
f 2206/1/2206 2035/1/2035 2038/1/2038 
f 2207/1/2207 2206/1/2206 2200/1/2200 
f 2200/1/2200 2199/1/2199 2207/1/2207 
f 1883/1/1883 2205/1/2205 2208/1/2208 
f 2208/1/2208 1882/1/1882 1883/1/1883 
f 2209/1/2209 2208/1/2208 2205/1/2205 
f 2205/1/2205 2040/1/2040 2209/1/2209 
f 2210/1/2210 2211/1/2211 2208/1/2208 
f 2208/1/2208 2209/1/2209 2210/1/2210 
f 1882/1/1882 2208/1/2208 2211/1/2211 
f 2211/1/2211 1884/1/1884 1882/1/1882 
f 1884/1/1884 2211/1/2211 2212/1/2212 
f 2212/1/2212 1967/1/1967 1884/1/1884 
f 2213/1/2213 2212/1/2212 2211/1/2211 
f 2211/1/2211 2210/1/2210 2213/1/2213 
f 2051/1/2051 2050/1/2050 2212/1/2212 
f 2212/1/2212 2213/1/2213 2051/1/2051 
f 2050/1/2050 1965/1/1965 1967/1/1967 
f 2213/1/2213 2214/1/2214 2215/1/2215 
f 2215/1/2215 2051/1/2051 2213/1/2213 
f 2210/1/2210 2216/1/2216 2214/1/2214 
f 2214/1/2214 2213/1/2213 2210/1/2210 
f 1748/1/1748 1958/1/1958 2214/1/2214 
f 2214/1/2214 2216/1/2216 1748/1/1748 
f 1958/1/1958 1954/1/1954 2215/1/2215 
f 2215/1/2215 2214/1/2214 1958/1/1958 
f 1738/1/1738 1750/1/1750 2217/1/2217 
f 2217/1/2217 2039/1/2039 1738/1/1738 
f 2216/1/2216 2217/1/2217 1750/1/1750 
f 1750/1/1750 1748/1/1748 2216/1/2216 
f 2210/1/2210 2209/1/2209 2217/1/2217 
f 2217/1/2217 2216/1/2216 2210/1/2210 
f 2040/1/2040 2039/1/2039 2217/1/2217 
f 2217/1/2217 2209/1/2209 2040/1/2040 
f 2218/1/2218 2219/1/2219 2220/1/2220 
f 2220/1/2220 2221/1/2221 2218/1/2218 
f 2222/1/2222 2220/1/2220 2219/1/2219 
f 2219/1/2219 2043/1/2043 2222/1/2222 
f 1898/1/1898 1897/1/1897 2220/1/2220 
f 2220/1/2220 2222/1/2222 1898/1/1898 
f 1897/1/1897 1896/1/1896 2221/1/2221 
f 1935/1/1935 1898/1/1898 2222/1/2222 
f 2042/1/2042 2223/1/2223 2222/1/2222 
f 2222/1/2222 2043/1/2043 2042/1/2042 
f 2016/1/2016 2015/1/2015 2223/1/2223 
f 2223/1/2223 2042/1/2042 2016/1/2016 
f 2015/1/2015 1938/1/1938 1935/1/1935 
f 1928/1/1928 1933/1/1933 2224/1/2224 
f 2224/1/2224 2225/1/2225 1928/1/1928 
f 2044/1/2044 2224/1/2224 1933/1/1933 
f 1933/1/1933 1754/1/1754 2044/1/2044 
f 2043/1/2043 2219/1/2219 2224/1/2224 
f 2224/1/2224 2044/1/2044 2043/1/2043 
f 2219/1/2219 2218/1/2218 2225/1/2225 
f 1928/1/1928 2225/1/2225 2226/1/2226 
f 2226/1/2226 1926/1/1926 1928/1/1928 
f 2227/1/2227 2226/1/2226 2225/1/2225 
f 2225/1/2225 2218/1/2218 2227/1/2227 
f 2046/1/2046 2228/1/2228 2226/1/2226 
f 2226/1/2226 2227/1/2227 2046/1/2046 
f 1926/1/1926 2226/1/2226 2228/1/2228 
f 2228/1/2228 1929/1/1929 1926/1/1926 
f 1929/1/1929 2228/1/2228 2229/1/2229 
f 2229/1/2229 1951/1/1951 1929/1/1929 
f 2049/1/2049 2229/1/2229 2228/1/2228 
f 2228/1/2228 2046/1/2046 2049/1/2049 
f 2229/1/2229 2049/1/2049 2051/1/2051 
f 2215/1/2215 1954/1/1954 1951/1/1951 
f 1951/1/1951 2229/1/2229 2215/1/2215 
f 1899/1/1899 2047/1/2047 2230/1/2230 
f 2230/1/2230 1900/1/1900 1899/1/1899 
f 2227/1/2227 2230/1/2230 2047/1/2047 
f 2047/1/2047 2046/1/2046 2227/1/2227 
f 2218/1/2218 2221/1/2221 2230/1/2230 
f 2230/1/2230 2227/1/2227 2218/1/2218 
f 2230/1/2230 2221/1/2221 1896/1/1896 
f 2231/1/2231 1956/1/1956 1955/1/1955 
f 2164/1/2164 2150/1/2150 2232/1/2232 
f 2232/1/2232 2231/1/2231 2164/1/2164 
f 2233/1/2233 2234/1/2234 2231/1/2231 
f 2231/1/2231 2232/1/2232 2233/1/2233 
f 1956/1/1956 2231/1/2231 2234/1/2234 
f 2234/1/2234 1931/1/1931 1956/1/1956 
f 2235/1/2235 1924/1/1924 1931/1/1931 
f 2234/1/2234 2233/1/2233 2236/1/2236 
f 2142/1/2142 2147/1/2147 2235/1/2235 
f 2235/1/2235 2236/1/2236 2142/1/2142 
f 1924/1/1924 2235/1/2235 2147/1/2147 
f 2147/1/2147 1925/1/1925 1924/1/1924 
f 2233/1/2233 2237/1/2237 2238/1/2238 
f 2238/1/2238 2236/1/2236 2233/1/2233 
f 1759/1/1759 2238/1/2238 2237/1/2237 
f 2237/1/2237 1760/1/1760 1759/1/1759 
f 1122/1/1122 2143/1/2143 2238/1/2238 
f 2238/1/2238 1759/1/1759 1122/1/1122 
f 2143/1/2143 2142/1/2142 2236/1/2236 
f 1760/1/1760 2237/1/2237 2239/1/2239 
f 2239/1/2239 1765/1/1765 1760/1/1760 
f 2232/1/2232 2239/1/2239 2237/1/2237 
f 2237/1/2237 2233/1/2233 2232/1/2232 
f 2150/1/2150 2153/1/2153 2239/1/2239 
f 2239/1/2239 2232/1/2232 2150/1/2150 
f 1765/1/1765 2239/1/2239 2153/1/2153 
f 2153/1/2153 1361/1/1361 1765/1/1765 
f 2240/1/2240 1800/1/1800 1799/1/1799 
f 2055/1/2055 2240/1/2240 2241/1/2241 
f 2241/1/2241 2052/1/2052 2055/1/2055 
f 2240/1/2240 2055/1/2055 2057/1/2057 
f 1800/1/1800 2240/1/2240 2242/1/2242 
f 2242/1/2242 1796/1/1796 1800/1/1800 
f 2096/1/2096 2243/1/2243 2244/1/2244 
f 2244/1/2244 2110/1/2110 2096/1/2096 
f 2245/1/2245 2244/1/2244 2243/1/2243 
f 2243/1/2243 2246/1/2246 2245/1/2245 
f 1789/1/1789 1788/1/1788 2244/1/2244 
f 2244/1/2244 2245/1/2245 1789/1/1789 
f 2110/1/2110 2244/1/2244 1788/1/1788 
f 1788/1/1788 1787/1/1787 2110/1/2110 
f 2247/1/2247 2248/1/2248 1779/1/1779 
f 1779/1/1779 1780/1/1780 2247/1/2247 
f 2246/1/2246 2243/1/2243 2248/1/2248 
f 2248/1/2248 2247/1/2247 2246/1/2246 
f 2099/1/2099 2248/1/2248 2243/1/2243 
f 2243/1/2243 2096/1/2096 2099/1/2099 
f 153/1/153 1779/1/1779 2248/1/2248 
f 2248/1/2248 2099/1/2099 153/1/153 
f 1801/1/1801 2066/1/2066 2249/1/2249 
f 2249/1/2249 1809/1/1809 1801/1/1801 
f 2250/1/2250 2249/1/2249 2066/1/2066 
f 2066/1/2066 2061/1/2061 2250/1/2250 
f 2057/1/2057 2056/1/2056 2249/1/2249 
f 2249/1/2249 2250/1/2250 2057/1/2057 
f 1809/1/1809 2249/1/2249 2056/1/2056 
f 2056/1/2056 1771/1/1771 1809/1/1809 
f 1796/1/1796 2242/1/2242 2251/1/2251 
f 2251/1/2251 1794/1/1794 1796/1/1796 
f 2250/1/2250 2251/1/2251 2242/1/2242 
f 2242/1/2242 2057/1/2057 2250/1/2250 
f 2061/1/2061 2058/1/2058 2251/1/2251 
f 2251/1/2251 2250/1/2250 2061/1/2061 
f 1794/1/1794 2251/1/2251 2058/1/2058 
f 2058/1/2058 144/1/144 1794/1/1794 
f 1069/1/1069 2085/1/2085 2252/1/2252 
f 2252/1/2252 1909/1/1909 1069/1/1069 
f 2253/1/2253 2252/1/2252 2085/1/2085 
f 2085/1/2085 2010/1/2010 2253/1/2253 
f 2091/1/2091 2088/1/2088 2252/1/2252 
f 2252/1/2252 2253/1/2253 2091/1/2091 
f 1909/1/1909 2252/1/2252 2088/1/2088 
f 2088/1/2088 1908/1/1908 1909/1/1909 
f 2010/1/2010 2009/1/2009 2254/1/2254 
f 2254/1/2254 2253/1/2253 2010/1/2010 
f 1823/1/1823 2254/1/2254 2009/1/2009 
f 2009/1/2009 1818/1/1818 1823/1/1823 
f 1701/1/1701 2095/1/2095 2254/1/2254 
f 2254/1/2254 1823/1/1823 1701/1/1701 
f 2253/1/2253 2254/1/2254 2095/1/2095 
f 2095/1/2095 2091/1/2091 2253/1/2253 
f 2029/1/2029 2255/1/2255 2256/1/2256 
f 2256/1/2256 2132/1/2132 2029/1/2029 
f 2120/1/2120 2256/1/2256 2255/1/2255 
f 2255/1/2255 2117/1/2117 2120/1/2120 
f 1914/1/1914 1911/1/1911 2256/1/2256 
f 2256/1/2256 2120/1/2120 1914/1/1914 
f 2132/1/2132 2256/1/2256 1911/1/1911 
f 1911/1/1911 1078/1/1078 2132/1/2132 
f 2117/1/2117 2255/1/2255 2257/1/2257 
f 2257/1/2257 2125/1/2125 2117/1/2117 
f 2032/1/2032 2257/1/2257 2255/1/2255 
f 2255/1/2255 2029/1/2029 2032/1/2032 
f 1812/1/1812 1810/1/1810 2257/1/2257 
f 2257/1/2257 2032/1/2032 1812/1/1812 
f 1810/1/1810 1726/1/1726 2125/1/2125 
f 2017/1/2017 2258/1/2258 2259/1/2259 
f 2259/1/2259 2115/1/2115 2017/1/2017 
f 2129/1/2129 2259/1/2259 2258/1/2258 
f 2258/1/2258 2126/1/2126 2129/1/2129 
f 257/1/257 1868/1/1868 2259/1/2259 
f 2259/1/2259 2129/1/2129 257/1/257 
f 2115/1/2115 2259/1/2259 1868/1/1868 
f 1868/1/1868 1867/1/1867 2115/1/2115 
f 2260/1/2260 2020/1/2020 1713/1/1713 
f 2134/1/2134 2260/1/2260 1831/1/1831 
f 1831/1/1831 1830/1/1830 2134/1/2134 
f 2126/1/2126 2258/1/2258 2260/1/2260 
f 2260/1/2260 2134/1/2134 2126/1/2126 
f 2020/1/2020 2260/1/2260 2258/1/2258 
f 2258/1/2258 2017/1/2017 2020/1/2020 
f 2261/1/2261 328/1/328 321/1/321 
f 2262/1/2262 2261/1/2261 2076/1/2076 
f 2076/1/2076 2075/1/2075 2262/1/2262 
f 2261/1/2261 2262/1/2262 2082/1/2082 
f 2079/1/2079 231/1/231 328/1/328 
f 1835/1/1835 2087/1/2087 2263/1/2263 
f 2263/1/2263 1860/1/1860 1835/1/1835 
f 2262/1/2262 2263/1/2263 2087/1/2087 
f 2087/1/2087 2082/1/2082 2262/1/2262 
f 2075/1/2075 2078/1/2078 2263/1/2263 
f 2263/1/2263 2262/1/2262 2075/1/2075 
f 2078/1/2078 1857/1/1857 1860/1/1860 
f 2149/1/2149 2264/1/2264 1238/1/1238 
f 1238/1/1238 1237/1/1237 2149/1/2149 
f 2264/1/2264 2149/1/2149 2135/1/2135 
f 2026/1/2026 2264/1/2264 2265/1/2265 
f 2265/1/2265 2023/1/2023 2026/1/2026 
f 1240/1/1240 1238/1/1238 2264/1/2264 
f 2264/1/2264 2026/1/2026 1240/1/1240 
f 2138/1/2138 2266/1/2266 2265/1/2265 
f 2265/1/2265 2135/1/2135 2138/1/2138 
f 2138/1/2138 1844/1/1844 1946/1/1946 
f 1946/1/1946 2266/1/2266 2138/1/2138 
f 1947/1/1947 2123/1/2123 2266/1/2266 
f 2266/1/2266 1946/1/1946 1947/1/1947 
f 2265/1/2265 2266/1/2266 2123/1/2123 
f 2123/1/2123 2023/1/2023 2265/1/2265 
f 1613/1/1613 2267/1/2267 2268/1/2268 
f 2268/1/2268 1614/1/1614 1613/1/1613 
f 2267/1/2267 2269/1/2269 2270/1/2270 
f 2268/1/2268 2270/1/2270 846/1/846 
f 1614/1/1614 2268/1/2268 845/1/845 
f 845/1/845 844/1/844 1614/1/1614 
f 1014/1/1014 2271/1/2271 2272/1/2272 
f 2272/1/2272 1015/1/1015 1014/1/1014 
f 2273/1/2273 2272/1/2272 2271/1/2271 
f 2271/1/2271 2274/1/2274 2273/1/2273 
f 826/1/826 1002/1/1002 2272/1/2272 
f 2272/1/2272 2273/1/2273 826/1/826 
f 1003/1/1003 1015/1/1015 2272/1/2272 
f 2272/1/2272 1002/1/1002 1003/1/1003 
f 2275/1/2275 2276/1/2276 2277/1/2277 
f 2277/1/2277 2278/1/2278 2275/1/2275 
f 2271/1/2271 2277/1/2277 2276/1/2276 
f 2276/1/2276 2274/1/2274 2271/1/2271 
f 1014/1/1014 1035/1/1035 2277/1/2277 
f 2277/1/2277 2271/1/2271 1014/1/1014 
f 2278/1/2278 2277/1/2277 1035/1/1035 
f 1035/1/1035 1037/1/1037 2278/1/2278 
f 2274/1/2274 2279/1/2279 2280/1/2280 
f 2280/1/2280 2273/1/2273 2274/1/2274 
f 2281/1/2281 2282/1/2282 2280/1/2280 
f 2280/1/2280 2279/1/2279 2281/1/2281 
f 828/1/828 827/1/827 2280/1/2280 
f 2280/1/2280 2282/1/2282 828/1/828 
f 2273/1/2273 2280/1/2280 827/1/827 
f 827/1/827 826/1/826 2273/1/2273 
f 2274/1/2274 2276/1/2276 2283/1/2283 
f 2283/1/2283 2279/1/2279 2274/1/2274 
f 2284/1/2284 2283/1/2283 2276/1/2276 
f 2276/1/2276 2275/1/2275 2284/1/2284 
f 2285/1/2285 2286/1/2286 2283/1/2283 
f 2283/1/2283 2284/1/2284 2285/1/2285 
f 2279/1/2279 2283/1/2283 2286/1/2286 
f 2286/1/2286 2281/1/2281 2279/1/2279 
f 2286/1/2286 2285/1/2285 2287/1/2287 
f 2287/1/2287 834/1/834 832/1/832 
f 2282/1/2282 2288/1/2288 832/1/832 
f 832/1/832 828/1/828 2282/1/2282 
f 2288/1/2288 2282/1/2282 2281/1/2281 
f 1620/1/1620 834/1/834 2287/1/2287 
f 2285/1/2285 2289/1/2289 2290/1/2290 
f 2290/1/2290 2287/1/2287 2285/1/2285 
f 2269/1/2269 2267/1/2267 2290/1/2290 
f 2290/1/2290 2289/1/2289 2269/1/2269 
f 2267/1/2267 1613/1/1613 1620/1/1620 
f 2289/1/2289 2291/1/2291 2270/1/2270 
f 2270/1/2270 2269/1/2269 2289/1/2289 
f 2284/1/2284 2291/1/2291 2289/1/2289 
f 2289/1/2289 2285/1/2285 2284/1/2284 
f 2275/1/2275 2292/1/2292 2291/1/2291 
f 2291/1/2291 2284/1/2284 2275/1/2275 
f 2270/1/2270 2291/1/2291 2292/1/2292 
f 2292/1/2292 846/1/846 2270/1/2270 
f 846/1/846 2292/1/2292 2293/1/2293 
f 2293/1/2293 841/1/841 846/1/846 
f 2278/1/2278 2293/1/2293 2292/1/2292 
f 2292/1/2292 2275/1/2275 2278/1/2278 
f 1037/1/1037 1046/1/1046 2293/1/2293 
f 2293/1/2293 2278/1/2278 1037/1/1037 
f 841/1/841 2293/1/2293 1046/1/1046 
f 1046/1/1046 838/1/838 841/1/841 
f 1497/1/1497 1501/1/1501 2294/1/2294 
f 2294/1/2294 1496/1/1496 1497/1/1497 
f 2295/1/2295 2294/1/2294 1501/1/1501 
f 1501/1/1501 1500/1/1500 2295/1/2295 
f 2295/1/2295 2296/1/2296 2297/1/2297 
f 2297/1/2297 2294/1/2294 2295/1/2295 
f 1496/1/1496 2294/1/2294 2297/1/2297 
f 2297/1/2297 1498/1/1498 1496/1/1496 
f 2298/1/2298 2299/1/2299 1566/1/1566 
f 1566/1/1566 1555/1/1555 2298/1/2298 
f 2295/1/2295 2299/1/2299 2298/1/2298 
f 2298/1/2298 2296/1/2296 2295/1/2295 
f 2299/1/2299 2295/1/2295 1500/1/1500 
f 1576/1/1576 1567/1/1567 1566/1/1566 
f 1554/1/1554 1553/1/1553 2300/1/2300 
f 2300/1/2300 2301/1/2301 2302/1/2302 
f 2296/1/2296 2298/1/2298 2303/1/2303 
f 2303/1/2303 2302/1/2302 2296/1/2296 
f 1555/1/1555 1554/1/1554 2303/1/2303 
f 2303/1/2303 2298/1/2298 1555/1/1555 
f 1498/1/1498 2304/1/2304 2305/1/2305 
f 2305/1/2305 1499/1/1499 1498/1/1498 
f 2306/1/2306 2305/1/2305 2304/1/2304 
f 2304/1/2304 2307/1/2307 2306/1/2306 
f 1442/1/1442 1438/1/1438 2305/1/2305 
f 2305/1/2305 2306/1/2306 1442/1/1442 
f 1437/1/1437 1499/1/1499 2305/1/2305 
f 2305/1/2305 1438/1/1438 1437/1/1437 
f 1498/1/1498 2297/1/2297 2308/1/2308 
f 2308/1/2308 2304/1/2304 1498/1/1498 
f 2296/1/2296 2309/1/2309 2308/1/2308 
f 2308/1/2308 2297/1/2297 2296/1/2296 
f 2310/1/2310 2311/1/2311 2308/1/2308 
f 2308/1/2308 2309/1/2309 2310/1/2310 
f 2304/1/2304 2308/1/2308 2311/1/2311 
f 2311/1/2311 2307/1/2307 2304/1/2304 
f 2310/1/2310 2309/1/2309 2312/1/2312 
f 2312/1/2312 2313/1/2313 2310/1/2310 
f 2302/1/2302 2312/1/2312 2309/1/2309 
f 2309/1/2309 2296/1/2296 2302/1/2302 
f 2301/1/2301 2313/1/2313 2312/1/2312 
f 2312/1/2312 2302/1/2302 2301/1/2301 
f 2314/1/2314 2315/1/2315 2316/1/2316 
f 2316/1/2316 2317/1/2317 2314/1/2314 
f 1455/1/1455 2316/1/2316 2315/1/2315 
f 2315/1/2315 1457/1/1457 1455/1/1455 
f 1456/1/1456 2318/1/2318 2316/1/2316 
f 2316/1/2316 1455/1/1455 1456/1/1456 
f 2317/1/2317 2316/1/2316 2318/1/2318 
f 2318/1/2318 2319/1/2319 2317/1/2317 
f 2320/1/2320 2321/1/2321 2322/1/2322 
f 2322/1/2322 2323/1/2323 2320/1/2320 
f 2324/1/2324 2322/1/2322 2321/1/2321 
f 2321/1/2321 2325/1/2325 2324/1/2324 
f 1989/1/1989 1988/1/1988 2322/1/2322 
f 2322/1/2322 2324/1/2324 1989/1/1989 
f 2323/1/2323 2322/1/2322 1988/1/1988 
f 1988/1/1988 1987/1/1987 2323/1/2323 
f 2319/1/2319 2326/1/2326 2327/1/2327 
f 2327/1/2327 2317/1/2317 2319/1/2319 
f 2328/1/2328 2327/1/2327 2326/1/2326 
f 2326/1/2326 2329/1/2329 2328/1/2328 
f 2330/1/2330 2331/1/2331 2327/1/2327 
f 2327/1/2327 2328/1/2328 2330/1/2330 
f 2317/1/2317 2327/1/2327 2331/1/2331 
f 2331/1/2331 2314/1/2314 2317/1/2317 
f 2332/1/2332 2333/1/2333 2321/1/2321 
f 2321/1/2321 2320/1/2320 2332/1/2332 
f 2330/1/2330 2328/1/2328 2333/1/2333 
f 2333/1/2333 2332/1/2332 2330/1/2330 
f 2329/1/2329 2334/1/2334 2333/1/2333 
f 2333/1/2333 2328/1/2328 2329/1/2329 
f 2334/1/2334 2325/1/2325 2321/1/2321 
f 2321/1/2321 2333/1/2333 2334/1/2334 
f 1457/1/1457 2315/1/2315 2335/1/2335 
f 2335/1/2335 2202/1/2202 1457/1/1457 
f 2336/1/2336 2335/1/2335 2315/1/2315 
f 2315/1/2315 2314/1/2314 2336/1/2336 
f 2337/1/2337 2338/1/2338 2335/1/2335 
f 2335/1/2335 2336/1/2336 2337/1/2337 
f 2202/1/2202 2335/1/2335 2338/1/2338 
f 2338/1/2338 2199/1/2199 2202/1/2202 
f 2339/1/2339 2340/1/2340 2341/1/2341 
f 2341/1/2341 2342/1/2342 2339/1/2339 
f 2323/1/2323 2341/1/2341 2340/1/2340 
f 2340/1/2340 2320/1/2320 2323/1/2323 
f 1987/1/1987 2198/1/2198 2341/1/2341 
f 2341/1/2341 2323/1/2323 1987/1/1987 
f 2342/1/2342 2341/1/2341 2198/1/2198 
f 2198/1/2198 2197/1/2197 2342/1/2342 
f 2343/1/2343 2344/1/2344 2345/1/2345 
f 2345/1/2345 2346/1/2346 2343/1/2343 
f 2332/1/2332 2345/1/2345 2344/1/2344 
f 2344/1/2344 2330/1/2330 2332/1/2332 
f 2320/1/2320 2340/1/2340 2345/1/2345 
f 2345/1/2345 2332/1/2332 2320/1/2320 
f 2346/1/2346 2345/1/2345 2340/1/2340 
f 2340/1/2340 2339/1/2339 2346/1/2346 
f 2330/1/2330 2344/1/2344 2347/1/2347 
f 2347/1/2347 2331/1/2331 2330/1/2330 
f 2348/1/2348 2347/1/2347 2344/1/2344 
f 2344/1/2344 2343/1/2343 2348/1/2348 
f 2336/1/2336 2347/1/2347 2348/1/2348 
f 2348/1/2348 2337/1/2337 2336/1/2336 
f 2314/1/2314 2331/1/2331 2347/1/2347 
f 2347/1/2347 2336/1/2336 2314/1/2314 
f 2349/1/2349 2350/1/2350 2351/1/2351 
f 2351/1/2351 2352/1/2352 2349/1/2349 
f 2207/1/2207 2350/1/2350 2349/1/2349 
f 2349/1/2349 1971/1/1971 2207/1/2207 
f 2199/1/2199 2338/1/2338 2350/1/2350 
f 2350/1/2350 2207/1/2207 2199/1/2199 
f 2351/1/2351 2350/1/2350 2338/1/2338 
f 2338/1/2338 2337/1/2337 2351/1/2351 
f 2343/1/2343 2353/1/2353 2354/1/2354 
f 2354/1/2354 2348/1/2348 2343/1/2343 
f 2355/1/2355 2354/1/2354 2353/1/2353 
f 2353/1/2353 2356/1/2356 2355/1/2355 
f 2352/1/2352 2351/1/2351 2354/1/2354 
f 2354/1/2354 2355/1/2355 2352/1/2352 
f 2348/1/2348 2354/1/2354 2351/1/2351 
f 2351/1/2351 2337/1/2337 2348/1/2348 
f 2352/1/2352 2357/1/2357 2358/1/2358 
f 2358/1/2358 2349/1/2349 2352/1/2352 
f 2359/1/2359 2358/1/2358 2357/1/2357 
f 2357/1/2357 2360/1/2360 2359/1/2359 
f 1973/1/1973 1972/1/1972 2358/1/2358 
f 2358/1/2358 2359/1/2359 1973/1/1973 
f 2349/1/2349 2358/1/2358 1972/1/1972 
f 1972/1/1972 1971/1/1971 2349/1/2349 
f 2356/1/2356 2361/1/2361 2362/1/2362 
f 2362/1/2362 2355/1/2355 2356/1/2356 
f 2363/1/2363 2362/1/2362 2361/1/2361 
f 2361/1/2361 2364/1/2364 2363/1/2363 
f 2360/1/2360 2357/1/2357 2362/1/2362 
f 2362/1/2362 2363/1/2363 2360/1/2360 
f 2357/1/2357 2352/1/2352 2355/1/2355 
f 2365/1/2365 2359/1/2359 2360/1/2360 
f 2366/1/2366 2365/1/2365 2367/1/2367 
f 2367/1/2367 2368/1/2368 2366/1/2366 
f 2171/1/2171 2175/1/2175 2365/1/2365 
f 2365/1/2365 2366/1/2366 2171/1/2171 
f 2359/1/2359 2365/1/2365 2175/1/2175 
f 2175/1/2175 1973/1/1973 2359/1/2359 
f 2369/1/2369 2370/1/2370 2371/1/2371 
f 2371/1/2371 2372/1/2372 2369/1/2369 
f 2368/1/2368 2367/1/2367 2371/1/2371 
f 2371/1/2371 2370/1/2370 2368/1/2368 
f 2363/1/2363 2371/1/2371 2367/1/2367 
f 2367/1/2367 2360/1/2360 2363/1/2363 
f 2363/1/2363 2364/1/2364 2372/1/2372 
f 2373/1/2373 2374/1/2374 2375/1/2375 
f 2375/1/2375 2376/1/2376 2373/1/2373 
f 2377/1/2377 2378/1/2378 2374/1/2374 
f 2374/1/2374 2373/1/2373 2377/1/2377 
f 2180/1/2180 2177/1/2177 2374/1/2374 
f 2374/1/2374 2378/1/2378 2180/1/2180 
f 2375/1/2375 2374/1/2374 2177/1/2177 
f 2177/1/2177 1677/1/1677 2375/1/2375 
f 2368/1/2368 2379/1/2379 2380/1/2380 
f 2380/1/2380 2366/1/2366 2368/1/2368 
f 2381/1/2381 2380/1/2380 2379/1/2379 
f 2379/1/2379 2382/1/2382 2381/1/2381 
f 1975/1/1975 2172/1/2172 2380/1/2380 
f 2380/1/2380 2381/1/2381 1975/1/1975 
f 2366/1/2366 2380/1/2380 2172/1/2172 
f 2172/1/2172 2171/1/2171 2366/1/2366 
f 2370/1/2370 2383/1/2383 2379/1/2379 
f 2379/1/2379 2368/1/2368 2370/1/2370 
f 2384/1/2384 2383/1/2383 2370/1/2370 
f 2370/1/2370 2369/1/2369 2384/1/2384 
f 2385/1/2385 2386/1/2386 2383/1/2383 
f 2383/1/2383 2384/1/2384 2385/1/2385 
f 2382/1/2382 2379/1/2379 2383/1/2383 
f 2383/1/2383 2386/1/2386 2382/1/2382 
f 2376/1/2376 2387/1/2387 2388/1/2388 
f 2388/1/2388 2373/1/2373 2376/1/2376 
f 2384/1/2384 2388/1/2388 2387/1/2387 
f 2387/1/2387 2385/1/2385 2384/1/2384 
f 2369/1/2369 2389/1/2389 2388/1/2388 
f 2388/1/2388 2384/1/2384 2369/1/2369 
f 2373/1/2373 2388/1/2388 2389/1/2389 
f 2389/1/2389 2377/1/2377 2373/1/2373 
f 1682/1/1682 2390/1/2390 2391/1/2391 
f 2391/1/2391 1680/1/1680 1682/1/1682 
f 2392/1/2392 2391/1/2391 2390/1/2390 
f 2390/1/2390 2393/1/2393 2392/1/2392 
f 2376/1/2376 2375/1/2375 2391/1/2391 
f 2391/1/2391 2392/1/2392 2376/1/2376 
f 1680/1/1680 2391/1/2391 2375/1/2375 
f 2375/1/2375 1677/1/1677 1680/1/1680 
f 2382/1/2382 2394/1/2394 2395/1/2395 
f 2395/1/2395 2381/1/2381 2382/1/2382 
f 2396/1/2396 2395/1/2395 2394/1/2394 
f 2394/1/2394 2397/1/2397 2396/1/2396 
f 1980/1/1980 1976/1/1976 2395/1/2395 
f 2395/1/2395 2396/1/2396 1980/1/1980 
f 2381/1/2381 2395/1/2395 1976/1/1976 
f 1976/1/1976 1975/1/1975 2381/1/2381 
f 2386/1/2386 2398/1/2398 2394/1/2394 
f 2394/1/2394 2382/1/2382 2386/1/2386 
f 2399/1/2399 2398/1/2398 2386/1/2386 
f 2386/1/2386 2385/1/2385 2399/1/2399 
f 2400/1/2400 2401/1/2401 2398/1/2398 
f 2398/1/2398 2399/1/2399 2400/1/2400 
f 2397/1/2397 2394/1/2394 2398/1/2398 
f 2398/1/2398 2401/1/2401 2397/1/2397 
f 2393/1/2393 2402/1/2402 2403/1/2403 
f 2403/1/2403 2392/1/2392 2393/1/2393 
f 2399/1/2399 2403/1/2403 2402/1/2402 
f 2402/1/2402 2400/1/2400 2399/1/2399 
f 2385/1/2385 2387/1/2387 2403/1/2403 
f 2403/1/2403 2399/1/2399 2385/1/2385 
f 2392/1/2392 2403/1/2403 2387/1/2387 
f 2387/1/2387 2376/1/2376 2392/1/2392 
f 2404/1/2404 2405/1/2405 2406/1/2406 
f 2406/1/2406 2407/1/2407 2404/1/2404 
f 2408/1/2408 2409/1/2409 2406/1/2406 
f 2406/1/2406 2405/1/2405 2408/1/2408 
f 2396/1/2396 2406/1/2406 2409/1/2409 
f 2409/1/2409 1980/1/1980 2396/1/2396 
f 2396/1/2396 2397/1/2397 2407/1/2407 
f 2407/1/2407 2406/1/2406 2396/1/2396 
f 2397/1/2397 2401/1/2401 2410/1/2410 
f 2410/1/2410 2407/1/2407 2397/1/2397 
f 2411/1/2411 2410/1/2410 2401/1/2401 
f 2401/1/2401 2400/1/2400 2411/1/2411 
f 2412/1/2412 2413/1/2413 2410/1/2410 
f 2410/1/2410 2411/1/2411 2412/1/2412 
f 2407/1/2407 2410/1/2410 2413/1/2413 
f 2413/1/2413 2404/1/2404 2407/1/2407 
f 1640/1/1640 2414/1/2414 2415/1/2415 
f 2415/1/2415 1657/1/1657 1640/1/1640 
f 2414/1/2414 2416/1/2416 2417/1/2417 
f 2417/1/2417 2415/1/2415 2414/1/2414 
f 2418/1/2418 2419/1/2419 2415/1/2415 
f 2415/1/2415 2417/1/2417 2418/1/2418 
f 1657/1/1657 2415/1/2415 2419/1/2419 
f 2419/1/2419 1654/1/1654 1657/1/1657 
f 2416/1/2416 2420/1/2420 2421/1/2421 
f 2421/1/2421 2422/1/2422 2416/1/2416 
f 2423/1/2423 2421/1/2421 2420/1/2420 
f 2420/1/2420 1493/1/1493 2423/1/2423 
f 2424/1/2424 2425/1/2425 2421/1/2421 
f 2421/1/2421 2423/1/2423 2424/1/2424 
f 2422/1/2422 2421/1/2421 2425/1/2425 
f 2425/1/2425 2426/1/2426 2422/1/2422 
f 1480/1/1480 1487/1/1487 2427/1/2427 
f 1487/1/1487 1489/1/1489 2428/1/2428 
f 2428/1/2428 2427/1/2427 1487/1/1487 
f 2423/1/2423 2427/1/2427 2428/1/2428 
f 2428/1/2428 2424/1/2424 2423/1/2423 
f 1493/1/1493 1492/1/1492 2427/1/2427 
f 2427/1/2427 2423/1/2423 1493/1/1493 
f 2414/1/2414 2429/1/2429 2420/1/2420 
f 2420/1/2420 2416/1/2416 2414/1/2414 
f 1643/1/1643 2429/1/2429 2414/1/2414 
f 2414/1/2414 1640/1/1640 1643/1/1643 
f 2429/1/2429 1643/1/1643 1622/1/1622 
f 2429/1/2429 1625/1/1625 1493/1/1493 
f 2430/1/2430 2431/1/2431 2432/1/2432 
f 2432/1/2432 2433/1/2433 2430/1/2430 
f 45/1/45 44/1/44 2431/1/2431 
f 2431/1/2431 2430/1/2430 45/1/45 
f 2434/1/2434 2435/1/2435 2436/1/2436 
f 2433/1/2433 2432/1/2432 2437/1/2437 
f 2437/1/2437 2436/1/2436 2433/1/2433 
f 2438/1/2438 2439/1/2439 2440/1/2440 
f 2441/1/2441 2438/1/2438 2442/1/2442 
f 2442/1/2442 2443/1/2443 2441/1/2441 
f 2444/1/2444 2445/1/2445 2438/1/2438 
f 2438/1/2438 2441/1/2441 2444/1/2444 
f 2439/1/2439 2438/1/2438 2445/1/2445 
f 2445/1/2445 2446/1/2446 2439/1/2439 
f 2443/1/2443 2442/1/2442 2447/1/2447 
f 2447/1/2447 2448/1/2448 2443/1/2443 
f 2449/1/2449 2447/1/2447 2442/1/2442 
f 2442/1/2442 2440/1/2440 2449/1/2449 
f 2450/1/2450 2451/1/2451 2452/1/2452 
f 2453/1/2453 2450/1/2450 2454/1/2454 
f 2454/1/2454 2455/1/2455 2453/1/2453 
f 2444/1/2444 2441/1/2441 2450/1/2450 
f 2450/1/2450 2453/1/2453 2444/1/2444 
f 2451/1/2451 2450/1/2450 2441/1/2441 
f 2441/1/2441 2443/1/2443 2451/1/2451 
f 2452/1/2452 2451/1/2451 2456/1/2456 
f 2456/1/2456 2457/1/2457 2452/1/2452 
f 2448/1/2448 2456/1/2456 2451/1/2451 
f 2451/1/2451 2443/1/2443 2448/1/2448 
f 2458/1/2458 2459/1/2459 2460/1/2460 
f 2460/1/2460 2461/1/2461 2458/1/2458 
f 2462/1/2462 2459/1/2459 2458/1/2458 
f 2458/1/2458 2463/1/2463 2462/1/2462 
f 2455/1/2455 2454/1/2454 2459/1/2459 
f 2459/1/2459 2462/1/2462 2455/1/2455 
f 2452/1/2452 2460/1/2460 2459/1/2459 
f 2461/1/2461 2460/1/2460 2464/1/2464 
f 2464/1/2464 2465/1/2465 2461/1/2461 
f 2457/1/2457 2464/1/2464 2460/1/2460 
f 2460/1/2460 2452/1/2452 2457/1/2457 
f 2466/1/2466 2435/1/2435 2434/1/2434 
f 2467/1/2467 2468/1/2468 2469/1/2469 
f 2469/1/2469 2470/1/2470 2467/1/2467 
f 2467/1/2467 2435/1/2435 2466/1/2466 
f 2471/1/2471 2472/1/2472 2473/1/2473 
f 2473/1/2473 2469/1/2469 2471/1/2471 
f 2474/1/2474 2473/1/2473 2472/1/2472 
f 2472/1/2472 2475/1/2475 2474/1/2474 
f 2473/1/2473 2474/1/2474 2476/1/2476 
f 2470/1/2470 2469/1/2469 2473/1/2473 
f 2473/1/2473 2477/1/2477 2470/1/2470 
f 2478/1/2478 2479/1/2479 2474/1/2474 
f 2474/1/2474 2475/1/2475 2478/1/2478 
f 2439/1/2439 2479/1/2479 2478/1/2478 
f 2478/1/2478 2440/1/2440 2439/1/2439 
f 2446/1/2446 2480/1/2480 2479/1/2479 
f 2479/1/2479 2439/1/2439 2446/1/2446 
f 2480/1/2480 2476/1/2476 2474/1/2474 
f 2481/1/2481 2449/1/2449 2440/1/2440 
f 2482/1/2482 2481/1/2481 2478/1/2478 
f 2478/1/2478 2475/1/2475 2482/1/2482 
f 2483/1/2483 2484/1/2484 2485/1/2485 
f 2485/1/2485 2486/1/2486 2483/1/2483 
f 2486/1/2486 2485/1/2485 2487/1/2487 
f 2487/1/2487 2488/1/2488 2486/1/2486 
f 2489/1/2489 2490/1/2490 2491/1/2491 
f 2492/1/2492 2491/1/2491 2493/1/2493 
f 2492/1/2492 2494/1/2494 2488/1/2488 
f 2490/1/2490 2495/1/2495 2496/1/2496 
f 2496/1/2496 2491/1/2491 2490/1/2490 
f 2496/1/2496 2495/1/2495 2497/1/2497 
f 2498/1/2498 2499/1/2499 2496/1/2496 
f 2496/1/2496 2500/1/2500 2498/1/2498 
f 2491/1/2491 2496/1/2496 2499/1/2499 
f 2499/1/2499 2493/1/2493 2491/1/2491 
f 2498/1/2498 2500/1/2500 2501/1/2501 
f 2501/1/2501 2502/1/2502 2498/1/2498 
f 2503/1/2503 2501/1/2501 2500/1/2500 
f 2500/1/2500 2497/1/2497 2503/1/2503 
f 2504/1/2504 2505/1/2505 2501/1/2501 
f 2501/1/2501 2503/1/2503 2504/1/2504 
f 2502/1/2502 2501/1/2501 2505/1/2505 
f 2505/1/2505 2506/1/2506 2502/1/2502 
f 696/1/696 695/1/695 2507/1/2507 
f 2507/1/2507 714/1/714 696/1/696 
f 2508/1/2508 2507/1/2507 695/1/695 
f 695/1/695 698/1/698 2508/1/2508 
f 2507/1/2507 2508/1/2508 2509/1/2509 
f 714/1/714 2507/1/2507 2510/1/2510 
f 2510/1/2510 711/1/711 714/1/714 
f 711/1/711 2510/1/2510 2511/1/2511 
f 2511/1/2511 719/1/719 711/1/711 
f 2512/1/2512 2511/1/2511 2510/1/2510 
f 2510/1/2510 2509/1/2509 2512/1/2512 
f 9/1/9 8/1/8 2511/1/2511 
f 2511/1/2511 2512/1/2512 9/1/9 
f 719/1/719 2511/1/2511 8/1/8 
f 8/1/8 7/1/7 719/1/719 
f 2513/1/2513 2514/1/2514 2515/1/2515 
f 2516/1/2516 2513/1/2513 2517/1/2517 
f 2517/1/2517 2518/1/2518 2516/1/2516 
f 160/1/160 167/1/167 2513/1/2513 
f 2513/1/2513 2516/1/2516 160/1/160 
f 2514/1/2514 2513/1/2513 167/1/167 
f 167/1/167 166/1/166 2514/1/2514 
f 166/1/166 278/1/278 2519/1/2519 
f 2519/1/2519 2514/1/2514 166/1/166 
f 2520/1/2520 2519/1/2519 278/1/278 
f 278/1/278 279/1/279 2520/1/2520 
f 2521/1/2521 2522/1/2522 2519/1/2519 
f 2519/1/2519 2520/1/2520 2521/1/2521 
f 2514/1/2514 2519/1/2519 2522/1/2522 
f 2522/1/2522 2515/1/2515 2514/1/2514 
f 2523/1/2523 2524/1/2524 2525/1/2525 
f 2525/1/2525 2526/1/2526 2523/1/2523 
f 64/1/64 2525/1/2525 2524/1/2524 
f 2524/1/2524 61/1/61 64/1/64 
f 68/1/68 152/1/152 2525/1/2525 
f 2525/1/2525 64/1/64 68/1/68 
f 152/1/152 151/1/151 2526/1/2526 
f 2527/1/2527 2528/1/2528 2529/1/2529 
f 2529/1/2529 2530/1/2530 2527/1/2527 
f 2531/1/2531 2528/1/2528 2527/1/2527 
f 2527/1/2527 2532/1/2532 2531/1/2531 
f 1917/1/1917 1950/1/1950 2528/1/2528 
f 2528/1/2528 2531/1/2531 1917/1/1917 
f 1942/1/1942 2529/1/2529 2528/1/2528 
f 2528/1/2528 1950/1/1950 1942/1/1942 
f 2533/1/2533 2531/1/2531 2532/1/2532 
f 2534/1/2534 2533/1/2533 2535/1/2535 
f 2535/1/2535 2536/1/2536 2534/1/2534 
f 1915/1/1915 1918/1/1918 2533/1/2533 
f 2533/1/2533 2534/1/2534 1915/1/1915 
f 2531/1/2531 2533/1/2533 1918/1/1918 
f 1918/1/1918 1917/1/1917 2531/1/2531 
f 2537/1/2537 2538/1/2538 2539/1/2539 
f 2539/1/2539 2540/1/2540 2537/1/2537 
f 2541/1/2541 2540/1/2540 2539/1/2539 
f 2539/1/2539 2542/1/2542 2541/1/2541 
f 1059/1/1059 1141/1/1141 2540/1/2540 
f 2540/1/2540 2541/1/2541 1059/1/1059 
f 2537/1/2537 2540/1/2540 1141/1/1141 
f 1141/1/1141 1140/1/1140 2537/1/2537 
f 285/1/285 2543/1/2543 2544/1/2544 
f 2544/1/2544 284/1/284 285/1/285 
f 2545/1/2545 2544/1/2544 2543/1/2543 
f 2543/1/2543 2546/1/2546 2545/1/2545 
f 2547/1/2547 2548/1/2548 2544/1/2544 
f 2544/1/2544 2545/1/2545 2547/1/2547 
f 284/1/284 2544/1/2544 2548/1/2548 
f 2548/1/2548 195/1/195 284/1/284 
f 2549/1/2549 2550/1/2550 2551/1/2551 
f 2551/1/2551 2552/1/2552 2549/1/2549 
f 1979/1/1979 2551/1/2551 2550/1/2550 
f 2550/1/2550 1465/1/1465 1979/1/1979 
f 1980/1/1980 2409/1/2409 2551/1/2551 
f 2551/1/2551 1979/1/1979 1980/1/1980 
f 2552/1/2552 2551/1/2551 2409/1/2409 
f 2409/1/2409 2408/1/2408 2552/1/2552 
f 1670/1/1670 1669/1/1669 2553/1/2553 
f 2553/1/2553 2554/1/2554 1670/1/1670 
f 2555/1/2555 2553/1/2553 1669/1/1669 
f 1669/1/1669 1668/1/1668 2555/1/2555 
f 2556/1/2556 2557/1/2557 2553/1/2553 
f 2553/1/2553 2555/1/2555 2556/1/2556 
f 2554/1/2554 2553/1/2553 2557/1/2557 
f 2557/1/2557 2558/1/2558 2554/1/2554 
f 2556/1/2556 2555/1/2555 2559/1/2559 
f 2559/1/2559 2560/1/2560 2556/1/2556 
f 1992/1/1992 2559/1/2559 2555/1/2555 
f 2555/1/2555 1668/1/1668 1992/1/1992 
f 1981/1/1981 2561/1/2561 2559/1/2559 
f 2559/1/2559 1992/1/1992 1981/1/1981 
f 2560/1/2560 2559/1/2559 2561/1/2561 
f 2561/1/2561 2562/1/2562 2560/1/2560 
f 1989/1/1989 2563/1/2563 2564/1/2564 
f 2564/1/2564 1984/1/1984 1989/1/1989 
f 2565/1/2565 2564/1/2564 2563/1/2563 
f 2563/1/2563 2566/1/2566 2565/1/2565 
f 2562/1/2562 2561/1/2561 2564/1/2564 
f 2564/1/2564 2565/1/2565 2562/1/2562 
f 1984/1/1984 2564/1/2564 2561/1/2561 
f 2561/1/2561 1981/1/1981 1984/1/1984 
f 2566/1/2566 2563/1/2563 2567/1/2567 
f 2567/1/2567 2568/1/2568 2566/1/2566 
f 2324/1/2324 2567/1/2567 2563/1/2563 
f 2563/1/2563 1989/1/1989 2324/1/2324 
f 2325/1/2325 2569/1/2569 2567/1/2567 
f 2567/1/2567 2324/1/2324 2325/1/2325 
f 2568/1/2568 2567/1/2567 2569/1/2569 
f 2569/1/2569 2570/1/2570 2568/1/2568 
f 2571/1/2571 2572/1/2572 2573/1/2573 
f 2573/1/2573 2574/1/2574 2571/1/2571 
f 1968/1/1968 2573/1/2573 2572/1/2572 
f 2572/1/2572 1886/1/1886 1968/1/1968 
f 1962/1/1962 2575/1/2575 2573/1/2573 
f 2573/1/2573 1968/1/1968 1962/1/1962 
f 2574/1/2574 2573/1/2573 2575/1/2575 
f 2575/1/2575 2576/1/2576 2574/1/2574 
f 2577/1/2577 2578/1/2578 2579/1/2579 
f 2579/1/2579 2580/1/2580 2577/1/2577 
f 2581/1/2581 2579/1/2579 2578/1/2578 
f 2578/1/2578 2582/1/2582 2581/1/2581 
f 1895/1/1895 1891/1/1891 2579/1/2579 
f 2579/1/2579 2581/1/2581 1895/1/1895 
f 2580/1/2580 2579/1/2579 1891/1/1891 
f 1891/1/1891 1890/1/1890 2580/1/2580 
f 1133/1/1133 2583/1/2583 2584/1/2584 
f 2584/1/2584 1134/1/1134 1133/1/1133 
f 2580/1/2580 2584/1/2584 2583/1/2583 
f 2583/1/2583 2577/1/2577 2580/1/2580 
f 1890/1/1890 1939/1/1939 2584/1/2584 
f 2584/1/2584 2580/1/2580 1890/1/1890 
f 1134/1/1134 2584/1/2584 1939/1/1939 
f 1939/1/1939 1135/1/1135 1134/1/1134 
f 2585/1/2585 2586/1/2586 2587/1/2587 
f 2587/1/2587 2588/1/2588 2585/1/2585 
f 2589/1/2589 2587/1/2587 2586/1/2586 
f 2586/1/2586 2590/1/2590 2589/1/2589 
f 2307/1/2307 2311/1/2311 2587/1/2587 
f 2587/1/2587 2589/1/2589 2307/1/2307 
f 2588/1/2588 2587/1/2587 2311/1/2311 
f 2311/1/2311 2310/1/2310 2588/1/2588 
f 2590/1/2590 2591/1/2591 2592/1/2592 
f 2592/1/2592 2589/1/2589 2590/1/2590 
f 1448/1/1448 2592/1/2592 2591/1/2591 
f 2591/1/2591 1449/1/1449 1448/1/1448 
f 1442/1/1442 2306/1/2306 2592/1/2592 
f 2592/1/2592 1448/1/1448 1442/1/1442 
f 2589/1/2589 2592/1/2592 2306/1/2306 
f 2306/1/2306 2307/1/2307 2589/1/2589 
f 2593/1/2593 2594/1/2594 2595/1/2595 
f 2595/1/2595 2596/1/2596 2593/1/2593 
f 2576/1/2576 2575/1/2575 2595/1/2595 
f 2595/1/2595 2594/1/2594 2576/1/2576 
f 1960/1/1960 2595/1/2595 2575/1/2575 
f 2575/1/2575 1962/1/1962 1960/1/1960 
f 2596/1/2596 2595/1/2595 1960/1/1960 
f 1960/1/1960 1904/1/1904 2596/1/2596 
f 2582/1/2582 2597/1/2597 2598/1/2598 
f 2598/1/2598 2581/1/2581 2582/1/2582 
f 2596/1/2596 2598/1/2598 2597/1/2597 
f 2597/1/2597 2593/1/2593 2596/1/2596 
f 1904/1/1904 1903/1/1903 2598/1/2598 
f 2598/1/2598 2596/1/2596 1904/1/1904 
f 2581/1/2581 2598/1/2598 1903/1/1903 
f 1903/1/1903 1895/1/1895 2581/1/2581 
f 66/1/66 2599/1/2599 2600/1/2600 
f 2600/1/2600 65/1/65 66/1/66 
f 2601/1/2601 2600/1/2600 2599/1/2599 
f 2599/1/2599 2602/1/2602 2601/1/2601 
f 52/1/52 55/1/55 2600/1/2600 
f 2600/1/2600 2601/1/2601 52/1/52 
f 65/1/65 2600/1/2600 55/1/55 
f 55/1/55 60/1/60 65/1/65 
f 2518/1/2518 2603/1/2603 2604/1/2604 
f 2604/1/2604 2516/1/2516 2518/1/2518 
f 2605/1/2605 2604/1/2604 2603/1/2603 
f 2603/1/2603 2606/1/2606 2605/1/2605 
f 159/1/159 2604/1/2604 2605/1/2605 
f 2605/1/2605 161/1/161 159/1/159 
f 159/1/159 160/1/160 2516/1/2516 
f 2516/1/2516 2604/1/2604 159/1/159 
f 2607/1/2607 2608/1/2608 2609/1/2609 
f 2609/1/2609 2610/1/2610 2607/1/2607 
f 2607/1/2607 2611/1/2611 2612/1/2612 
f 2612/1/2612 2608/1/2608 2607/1/2607 
f 2613/1/2613 2608/1/2608 2612/1/2612 
f 2612/1/2612 2606/1/2606 2613/1/2613 
f 2614/1/2614 2609/1/2609 2608/1/2608 
f 2608/1/2608 2613/1/2613 2614/1/2614 
f 2615/1/2615 2616/1/2616 2617/1/2617 
f 2617/1/2617 2618/1/2618 2615/1/2615 
f 2613/1/2613 2617/1/2617 2616/1/2616 
f 2616/1/2616 2614/1/2614 2613/1/2613 
f 2606/1/2606 2603/1/2603 2617/1/2617 
f 2617/1/2617 2613/1/2613 2606/1/2606 
f 2618/1/2618 2617/1/2617 2603/1/2603 
f 2603/1/2603 2518/1/2518 2618/1/2618 
f 2614/1/2614 2616/1/2616 2619/1/2619 
f 2619/1/2619 2620/1/2620 2614/1/2614 
f 2621/1/2621 2619/1/2619 2616/1/2616 
f 2616/1/2616 2615/1/2615 2621/1/2621 
f 122/1/122 121/1/121 2619/1/2619 
f 2619/1/2619 2621/1/2621 122/1/122 
f 2620/1/2620 2619/1/2619 121/1/121 
f 121/1/121 26/1/26 2620/1/2620 
f 2611/1/2611 2622/1/2622 2623/1/2623 
f 2623/1/2623 2612/1/2612 2611/1/2611 
f 2622/1/2622 1776/1/1776 1775/1/1775 
f 1775/1/1775 2623/1/2623 2622/1/2622 
f 161/1/161 2605/1/2605 2623/1/2623 
f 2623/1/2623 1775/1/1775 161/1/161 
f 2605/1/2605 2606/1/2606 2612/1/2612 
f 2612/1/2612 2623/1/2623 2605/1/2605 
f 34/1/34 2624/1/2624 2625/1/2625 
f 2625/1/2625 29/1/29 34/1/34 
f 2610/1/2610 2609/1/2609 2625/1/2625 
f 2625/1/2625 2624/1/2624 2610/1/2610 
f 2620/1/2620 2625/1/2625 2609/1/2609 
f 2609/1/2609 2614/1/2614 2620/1/2620 
f 29/1/29 2625/1/2625 2620/1/2620 
f 2620/1/2620 26/1/26 29/1/29 
f 2626/1/2626 2627/1/2627 2628/1/2628 
f 2628/1/2628 2629/1/2629 2626/1/2626 
f 51/1/51 50/1/50 2627/1/2627 
f 2627/1/2627 2626/1/2626 51/1/51 
f 2630/1/2630 2631/1/2631 2632/1/2632 
f 2632/1/2632 2633/1/2633 2630/1/2630 
f 2634/1/2634 2632/1/2632 2631/1/2631 
f 2631/1/2631 2635/1/2635 2634/1/2634 
f 2634/1/2634 1766/1/1766 1769/1/1769 
f 1769/1/1769 2632/1/2632 2634/1/2634 
f 2633/1/2633 2632/1/2632 1769/1/1769 
f 1769/1/1769 1774/1/1774 2633/1/2633 
f 2636/1/2636 2637/1/2637 2638/1/2638 
f 2638/1/2638 2639/1/2639 2636/1/2636 
f 2640/1/2640 2638/1/2638 2637/1/2637 
f 2637/1/2637 2641/1/2641 2640/1/2640 
f 2635/1/2635 2631/1/2631 2638/1/2638 
f 2638/1/2638 2640/1/2640 2635/1/2635 
f 2639/1/2639 2638/1/2638 2631/1/2631 
f 2631/1/2631 2630/1/2630 2639/1/2639 
f 2641/1/2641 2637/1/2637 2642/1/2642 
f 2642/1/2642 2643/1/2643 2641/1/2641 
f 2644/1/2644 2642/1/2642 2637/1/2637 
f 2637/1/2637 2636/1/2636 2644/1/2644 
f 2602/1/2602 2599/1/2599 2642/1/2642 
f 2642/1/2642 2644/1/2644 2602/1/2602 
f 2643/1/2643 2642/1/2642 2599/1/2599 
f 2599/1/2599 66/1/66 2643/1/2643 
f 2641/1/2641 2645/1/2645 2646/1/2646 
f 2646/1/2646 2640/1/2640 2641/1/2641 
f 2647/1/2647 2646/1/2646 2645/1/2645 
f 2645/1/2645 2648/1/2648 2647/1/2647 
f 2649/1/2649 2650/1/2650 2646/1/2646 
f 2646/1/2646 2647/1/2647 2649/1/2649 
f 2640/1/2640 2646/1/2646 2650/1/2650 
f 2650/1/2650 2635/1/2635 2640/1/2640 
f 2648/1/2648 2645/1/2645 2651/1/2651 
f 2651/1/2651 2652/1/2652 2648/1/2648 
f 2643/1/2643 2651/1/2651 2645/1/2645 
f 2645/1/2645 2641/1/2641 2643/1/2643 
f 66/1/66 62/1/62 2651/1/2651 
f 2651/1/2651 2643/1/2643 66/1/66 
f 2652/1/2652 2651/1/2651 62/1/62 
f 62/1/62 61/1/61 2652/1/2652 
f 1805/1/1805 2653/1/2653 172/1/172 
f 172/1/172 173/1/173 1805/1/1805 
f 1806/1/1806 2654/1/2654 2653/1/2653 
f 2653/1/2653 1805/1/1805 1806/1/1806 
f 2649/1/2649 2655/1/2655 2653/1/2653 
f 2653/1/2653 2654/1/2654 2649/1/2649 
f 2655/1/2655 174/1/174 172/1/172 
f 2649/1/2649 2647/1/2647 2656/1/2656 
f 2656/1/2656 2655/1/2655 2649/1/2649 
f 2657/1/2657 2656/1/2656 2647/1/2647 
f 2647/1/2647 2648/1/2648 2657/1/2657 
f 2656/1/2656 2657/1/2657 2658/1/2658 
f 2655/1/2655 2656/1/2656 2659/1/2659 
f 2659/1/2659 174/1/174 2655/1/2655 
f 2635/1/2635 2650/1/2650 2660/1/2660 
f 2660/1/2660 2634/1/2634 2635/1/2635 
f 2654/1/2654 2660/1/2660 2650/1/2650 
f 2650/1/2650 2649/1/2649 2654/1/2654 
f 1808/1/1808 2660/1/2660 2654/1/2654 
f 2654/1/2654 1806/1/1806 1808/1/1808 
f 1766/1/1766 2634/1/2634 2660/1/2660 
f 2660/1/2660 1808/1/1808 1766/1/1766 
f 2536/1/2536 2661/1/2661 2662/1/2662 
f 2662/1/2662 2534/1/2534 2536/1/2536 
f 2663/1/2663 2662/1/2662 2661/1/2661 
f 2661/1/2661 2664/1/2664 2663/1/2663 
f 1073/1/1073 1916/1/1916 2662/1/2662 
f 2662/1/2662 2663/1/2663 1073/1/1073 
f 2534/1/2534 2662/1/2662 1916/1/1916 
f 1916/1/1916 1915/1/1915 2534/1/2534 
f 2665/1/2665 2666/1/2666 2524/1/2524 
f 2524/1/2524 2523/1/2523 2665/1/2665 
f 2665/1/2665 2658/1/2658 2657/1/2657 
f 2657/1/2657 2648/1/2648 2652/1/2652 
f 2652/1/2652 2666/1/2666 2657/1/2657 
f 61/1/61 2524/1/2524 2666/1/2666 
f 2666/1/2666 2652/1/2652 61/1/61 
f 2663/1/2663 2667/1/2667 1074/1/1074 
f 1074/1/1074 1073/1/1073 2663/1/2663 
f 2668/1/2668 2667/1/2667 2663/1/2663 
f 2663/1/2663 2664/1/2664 2668/1/2668 
f 2669/1/2669 2670/1/2670 2667/1/2667 
f 2667/1/2667 2668/1/2668 2669/1/2669 
f 251/1/251 1074/1/1074 2667/1/2667 
f 2667/1/2667 2670/1/2670 251/1/251 
f 2664/1/2664 2671/1/2671 2672/1/2672 
f 2672/1/2672 2668/1/2668 2664/1/2664 
f 2673/1/2673 2672/1/2672 2671/1/2671 
f 2671/1/2671 2674/1/2674 2673/1/2673 
f 2675/1/2675 2676/1/2676 2672/1/2672 
f 2672/1/2672 2673/1/2673 2675/1/2675 
f 2668/1/2668 2672/1/2672 2676/1/2676 
f 2676/1/2676 2669/1/2669 2668/1/2668 
f 2677/1/2677 2678/1/2678 2541/1/2541 
f 2541/1/2541 2542/1/2542 2677/1/2677 
f 2677/1/2677 2679/1/2679 2680/1/2680 
f 2680/1/2680 2678/1/2678 2677/1/2677 
f 1053/1/1053 1060/1/1060 2678/1/2678 
f 2678/1/2678 2680/1/2680 1053/1/1053 
f 2541/1/2541 2678/1/2678 1060/1/1060 
f 1060/1/1060 1059/1/1059 2541/1/2541 
f 223/1/223 2681/1/2681 2682/1/2682 
f 2682/1/2682 1082/1/1082 223/1/223 
f 2673/1/2673 2682/1/2682 2681/1/2681 
f 2681/1/2681 2675/1/2675 2673/1/2673 
f 2674/1/2674 2683/1/2683 2682/1/2682 
f 2682/1/2682 2673/1/2673 2674/1/2674 
f 1082/1/1082 2682/1/2682 2683/1/2683 
f 2683/1/2683 1079/1/1079 1082/1/1082 
f 2679/1/2679 2684/1/2684 2685/1/2685 
f 2685/1/2685 2680/1/2680 2679/1/2679 
f 2686/1/2686 2685/1/2685 2684/1/2684 
f 2684/1/2684 2687/1/2687 2686/1/2686 
f 248/1/248 1054/1/1054 2685/1/2685 
f 2685/1/2685 2686/1/2686 248/1/248 
f 2680/1/2680 2685/1/2685 1054/1/1054 
f 1054/1/1054 1053/1/1053 2680/1/2680 
f 2679/1/2679 2688/1/2688 2689/1/2689 
f 2689/1/2689 2684/1/2684 2679/1/2679 
f 2690/1/2690 2689/1/2689 2688/1/2688 
f 2688/1/2688 2691/1/2691 2690/1/2690 
f 2692/1/2692 2693/1/2693 2689/1/2689 
f 2689/1/2689 2690/1/2690 2692/1/2692 
f 2684/1/2684 2689/1/2689 2693/1/2693 
f 2693/1/2693 2687/1/2687 2684/1/2684 
f 239/1/239 2694/1/2694 2695/1/2695 
f 2695/1/2695 1061/1/1061 239/1/239 
f 2690/1/2690 2695/1/2695 2694/1/2694 
f 2694/1/2694 2692/1/2692 2690/1/2690 
f 2691/1/2691 2696/1/2696 2695/1/2695 
f 2695/1/2695 2690/1/2690 2691/1/2691 
f 1061/1/1061 2695/1/2695 2696/1/2696 
f 2696/1/2696 1063/1/1063 1061/1/1061 
f 2669/1/2669 2697/1/2697 2698/1/2698 
f 2698/1/2698 2670/1/2670 2669/1/2669 
f 2697/1/2697 2699/1/2699 2700/1/2700 
f 2700/1/2700 2698/1/2698 2697/1/2697 
f 256/1/256 252/1/252 2698/1/2698 
f 2698/1/2698 2700/1/2700 256/1/256 
f 2670/1/2670 2698/1/2698 252/1/252 
f 252/1/252 251/1/251 2670/1/2670 
f 2676/1/2676 2675/1/2675 2701/1/2701 
f 2701/1/2701 2702/1/2702 2676/1/2676 
f 2703/1/2703 2704/1/2704 2702/1/2702 
f 2702/1/2702 2701/1/2701 2703/1/2703 
f 2697/1/2697 2702/1/2702 2704/1/2704 
f 2704/1/2704 2699/1/2699 2697/1/2697 
f 2697/1/2697 2669/1/2669 2676/1/2676 
f 2676/1/2676 2702/1/2702 2697/1/2697 
f 2701/1/2701 2705/1/2705 2706/1/2706 
f 2706/1/2706 2703/1/2703 2701/1/2701 
f 2675/1/2675 2681/1/2681 2705/1/2705 
f 2705/1/2705 2701/1/2701 2675/1/2675 
f 221/1/221 2705/1/2705 2681/1/2681 
f 2681/1/2681 223/1/223 221/1/221 
f 221/1/221 222/1/222 2706/1/2706 
f 2706/1/2706 2705/1/2705 221/1/221 
f 2686/1/2686 2707/1/2707 249/1/249 
f 249/1/249 248/1/248 2686/1/2686 
f 2708/1/2708 2707/1/2707 2686/1/2686 
f 2686/1/2686 2687/1/2687 2708/1/2708 
f 2709/1/2709 2710/1/2710 2707/1/2707 
f 2707/1/2707 2708/1/2708 2709/1/2709 
f 249/1/249 2707/1/2707 2710/1/2710 
f 2710/1/2710 250/1/250 249/1/249 
f 2711/1/2711 2712/1/2712 2713/1/2713 
f 2713/1/2713 2714/1/2714 2711/1/2711 
f 2708/1/2708 2713/1/2713 2712/1/2712 
f 2712/1/2712 2709/1/2709 2708/1/2708 
f 2687/1/2687 2693/1/2693 2713/1/2713 
f 2713/1/2713 2708/1/2708 2687/1/2687 
f 2714/1/2714 2713/1/2713 2693/1/2693 
f 2693/1/2693 2692/1/2692 2714/1/2714 
f 1839/1/1839 2715/1/2715 2716/1/2716 
f 2716/1/2716 1945/1/1945 1839/1/1839 
f 2717/1/2717 2716/1/2716 2715/1/2715 
f 2715/1/2715 2718/1/2718 2717/1/2717 
f 2530/1/2530 2529/1/2529 2716/1/2716 
f 2716/1/2716 2717/1/2717 2530/1/2530 
f 1945/1/1945 2716/1/2716 2529/1/2529 
f 2529/1/2529 1942/1/1942 1945/1/1945 
f 238/1/238 2719/1/2719 2720/1/2720 
f 2720/1/2720 237/1/237 238/1/238 
f 2714/1/2714 2720/1/2720 2719/1/2719 
f 2719/1/2719 2711/1/2711 2714/1/2714 
f 2692/1/2692 2694/1/2694 2720/1/2720 
f 2720/1/2720 2714/1/2714 2692/1/2692 
f 237/1/237 2720/1/2720 2694/1/2694 
f 2694/1/2694 239/1/239 237/1/237 
f 1126/1/1126 2721/1/2721 2722/1/2722 
f 2722/1/2722 1842/1/1842 1126/1/1126 
f 2721/1/2721 2723/1/2723 2724/1/2724 
f 2718/1/2718 2715/1/2715 2722/1/2722 
f 2722/1/2722 2724/1/2724 2718/1/2718 
f 1842/1/1842 2722/1/2722 2715/1/2715 
f 2715/1/2715 1839/1/1839 1842/1/1842 
f 2725/1/2725 2726/1/2726 2727/1/2727 
f 2727/1/2727 2728/1/2728 2725/1/2725 
f 2724/1/2724 2727/1/2727 2726/1/2726 
f 2726/1/2726 2718/1/2718 2724/1/2724 
f 2727/1/2727 2724/1/2724 2723/1/2723 
f 2728/1/2728 2727/1/2727 2729/1/2729 
f 2729/1/2729 2730/1/2730 2728/1/2728 
f 195/1/195 2548/1/2548 2731/1/2731 
f 2731/1/2731 196/1/196 195/1/195 
f 2732/1/2732 2731/1/2731 2548/1/2548 
f 2548/1/2548 2547/1/2547 2732/1/2732 
f 2733/1/2733 2734/1/2734 2731/1/2731 
f 2731/1/2731 2732/1/2732 2733/1/2733 
f 193/1/193 196/1/196 2731/1/2731 
f 2731/1/2731 2734/1/2734 193/1/193 
f 2728/1/2728 2735/1/2735 2736/1/2736 
f 2736/1/2736 2725/1/2725 2728/1/2728 
f 2735/1/2735 2728/1/2728 2730/1/2730 
f 1117/1/1117 1246/1/1246 2735/1/2735 
f 2735/1/2735 2737/1/2737 1117/1/1117 
f 2736/1/2736 2735/1/2735 1246/1/1246 
f 1246/1/1246 1245/1/1245 2736/1/2736 
f 2615/1/2615 2738/1/2738 2739/1/2739 
f 2739/1/2739 2621/1/2621 2615/1/2615 
f 2740/1/2740 2739/1/2739 2738/1/2738 
f 2738/1/2738 2741/1/2741 2740/1/2740 
f 2742/1/2742 2739/1/2739 2740/1/2740 
f 2740/1/2740 2743/1/2743 2742/1/2742 
f 2742/1/2742 122/1/122 2621/1/2621 
f 2621/1/2621 2739/1/2739 2742/1/2742 
f 2733/1/2733 2744/1/2744 2745/1/2745 
f 2745/1/2745 2734/1/2734 2733/1/2733 
f 2526/1/2526 2745/1/2745 2744/1/2744 
f 2744/1/2744 2523/1/2523 2526/1/2526 
f 2745/1/2745 2526/1/2526 151/1/151 
f 2734/1/2734 2745/1/2745 194/1/194 
f 194/1/194 193/1/193 2734/1/2734 
f 2741/1/2741 2738/1/2738 2746/1/2746 
f 2746/1/2746 2747/1/2747 2741/1/2741 
f 2618/1/2618 2746/1/2746 2738/1/2738 
f 2738/1/2738 2615/1/2615 2618/1/2618 
f 2518/1/2518 2517/1/2517 2746/1/2746 
f 2746/1/2746 2618/1/2618 2518/1/2518 
f 2747/1/2747 2746/1/2746 2517/1/2517 
f 2517/1/2517 2515/1/2515 2747/1/2747 
f 114/1/114 2748/1/2748 2749/1/2749 
f 2749/1/2749 117/1/117 114/1/114 
f 2750/1/2750 2749/1/2749 2748/1/2748 
f 2748/1/2748 2743/1/2743 2750/1/2750 
f 318/1/318 317/1/317 2749/1/2749 
f 2749/1/2749 2750/1/2750 318/1/318 
f 117/1/117 2749/1/2749 317/1/317 
f 317/1/317 118/1/118 117/1/117 
f 2743/1/2743 2740/1/2740 2751/1/2751 
f 2751/1/2751 2750/1/2750 2743/1/2743 
f 2741/1/2741 2752/1/2752 2751/1/2751 
f 2751/1/2751 2740/1/2740 2741/1/2741 
f 2753/1/2753 2751/1/2751 2752/1/2752 
f 2752/1/2752 2754/1/2754 2753/1/2753 
f 2750/1/2750 2751/1/2751 2753/1/2753 
f 2753/1/2753 318/1/318 2750/1/2750 
f 110/1/110 123/1/123 2755/1/2755 
f 2755/1/2755 113/1/113 110/1/110 
f 2742/1/2742 2755/1/2755 123/1/123 
f 123/1/123 122/1/122 2742/1/2742 
f 2755/1/2755 2742/1/2742 2743/1/2743 
f 113/1/113 2755/1/2755 2748/1/2748 
f 2748/1/2748 114/1/114 113/1/113 
f 2756/1/2756 2757/1/2757 2758/1/2758 
f 2758/1/2758 2759/1/2759 2756/1/2756 
f 2760/1/2760 2758/1/2758 2757/1/2757 
f 2757/1/2757 2761/1/2761 2760/1/2760 
f 2699/1/2699 2704/1/2704 2758/1/2758 
f 2758/1/2758 2760/1/2760 2699/1/2699 
f 2759/1/2759 2758/1/2758 2704/1/2704 
f 2704/1/2704 2703/1/2703 2759/1/2759 
f 2754/1/2754 2752/1/2752 2762/1/2762 
f 2762/1/2762 2763/1/2763 2754/1/2754 
f 2752/1/2752 2741/1/2741 2747/1/2747 
f 2762/1/2762 2747/1/2747 2515/1/2515 
f 2763/1/2763 2762/1/2762 2522/1/2522 
f 2522/1/2522 2521/1/2521 2763/1/2763 
f 313/1/313 2764/1/2764 2765/1/2765 
f 2765/1/2765 320/1/320 313/1/313 
f 2759/1/2759 2765/1/2765 2764/1/2764 
f 2764/1/2764 2756/1/2756 2759/1/2759 
f 2703/1/2703 2706/1/2706 2765/1/2765 
f 2765/1/2765 2759/1/2759 2703/1/2703 
f 320/1/320 2765/1/2765 2706/1/2706 
f 2706/1/2706 222/1/222 320/1/320 
f 1865/1/1865 2766/1/2766 2767/1/2767 
f 2767/1/2767 1870/1/1870 1865/1/1865 
f 2768/1/2768 2767/1/2767 2766/1/2766 
f 2766/1/2766 2761/1/2761 2768/1/2768 
f 2521/1/2521 2520/1/2520 2767/1/2767 
f 2767/1/2767 2768/1/2768 2521/1/2521 
f 1870/1/1870 2767/1/2767 2520/1/2520 
f 2520/1/2520 279/1/279 1870/1/1870 
f 2761/1/2761 2757/1/2757 2769/1/2769 
f 2769/1/2769 2768/1/2768 2761/1/2761 
f 2770/1/2770 2769/1/2769 2757/1/2757 
f 2757/1/2757 2756/1/2756 2770/1/2770 
f 2769/1/2769 2770/1/2770 2754/1/2754 
f 2763/1/2763 2521/1/2521 2768/1/2768 
f 256/1/256 2700/1/2700 2771/1/2771 
f 2771/1/2771 1863/1/1863 256/1/256 
f 2760/1/2760 2771/1/2771 2700/1/2700 
f 2700/1/2700 2699/1/2699 2760/1/2760 
f 2761/1/2761 2766/1/2766 2771/1/2771 
f 2771/1/2771 2760/1/2760 2761/1/2761 
f 2766/1/2766 1865/1/1865 1863/1/1863 
f 318/1/318 2753/1/2753 2772/1/2772 
f 2772/1/2772 316/1/316 318/1/318 
f 2770/1/2770 2772/1/2772 2753/1/2753 
f 2753/1/2753 2754/1/2754 2770/1/2770 
f 2756/1/2756 2764/1/2764 2772/1/2772 
f 2772/1/2772 2770/1/2770 2756/1/2756 
f 316/1/316 2772/1/2772 2764/1/2764 
f 2764/1/2764 313/1/313 316/1/316 
f 285/1/285 341/1/341 2773/1/2773 
f 2773/1/2773 2543/1/2543 285/1/285 
f 2774/1/2774 2773/1/2773 341/1/341 
f 341/1/341 291/1/291 2774/1/2774 
f 2774/1/2774 2775/1/2775 2776/1/2776 
f 2776/1/2776 2773/1/2773 2774/1/2774 
f 2546/1/2546 2543/1/2543 2773/1/2773 
f 2773/1/2773 2776/1/2776 2546/1/2546 
f 2777/1/2777 2778/1/2778 2710/1/2710 
f 2710/1/2710 2709/1/2709 2777/1/2777 
f 2775/1/2775 2774/1/2774 2778/1/2778 
f 2778/1/2778 2777/1/2777 2775/1/2775 
f 291/1/291 290/1/290 2778/1/2778 
f 2778/1/2778 2774/1/2774 291/1/291 
f 2710/1/2710 2778/1/2778 290/1/290 
f 290/1/290 250/1/250 2710/1/2710 
f 2779/1/2779 2780/1/2780 2781/1/2781 
f 2781/1/2781 2782/1/2782 2779/1/2779 
f 2783/1/2783 2781/1/2781 2780/1/2780 
f 2780/1/2780 2784/1/2784 2783/1/2783 
f 2549/1/2549 2785/1/2785 2781/1/2781 
f 2781/1/2781 2783/1/2783 2549/1/2549 
f 2782/1/2782 2781/1/2781 2785/1/2785 
f 2785/1/2785 2786/1/2786 2782/1/2782 
f 2787/1/2787 2788/1/2788 2789/1/2789 
f 2789/1/2789 2790/1/2790 2787/1/2787 
f 2791/1/2791 2789/1/2789 2788/1/2788 
f 2788/1/2788 2779/1/2779 2791/1/2791 
f 1337/1/1337 1333/1/1333 2789/1/2789 
f 2789/1/2789 2791/1/2791 1337/1/1337 
f 1333/1/1333 1332/1/1332 2790/1/2790 
f 1356/1/1356 2792/1/2792 2793/1/2793 
f 2793/1/2793 1351/1/1351 1356/1/1356 
f 2794/1/2794 2793/1/2793 2792/1/2792 
f 2792/1/2792 2784/1/2784 2794/1/2794 
f 2795/1/2795 2796/1/2796 2793/1/2793 
f 2793/1/2793 2794/1/2794 2795/1/2795 
f 1351/1/1351 2793/1/2793 2796/1/2796 
f 2796/1/2796 1348/1/1348 1351/1/1351 
f 2794/1/2794 2797/1/2797 2798/1/2798 
f 2798/1/2798 2795/1/2795 2794/1/2794 
f 2784/1/2784 2780/1/2780 2797/1/2797 
f 2797/1/2797 2794/1/2794 2784/1/2784 
f 2779/1/2779 2788/1/2788 2797/1/2797 
f 2797/1/2797 2780/1/2780 2779/1/2779 
f 2798/1/2798 2797/1/2797 2788/1/2788 
f 2788/1/2788 2787/1/2787 2798/1/2798 
f 1465/1/1465 2550/1/2550 2799/1/2799 
f 2799/1/2799 1464/1/1464 1465/1/1465 
f 2783/1/2783 2799/1/2799 2550/1/2550 
f 2550/1/2550 2549/1/2549 2783/1/2783 
f 2784/1/2784 2792/1/2792 2799/1/2799 
f 2799/1/2799 2783/1/2783 2784/1/2784 
f 1464/1/1464 2799/1/2799 2792/1/2792 
f 2792/1/2792 1356/1/1356 1464/1/1464 
f 2791/1/2791 2800/1/2800 1470/1/1470 
f 1470/1/1470 1337/1/1337 2791/1/2791 
f 2782/1/2782 2800/1/2800 2791/1/2791 
f 2791/1/2791 2779/1/2779 2782/1/2782 
f 2786/1/2786 2801/1/2801 2800/1/2800 
f 2800/1/2800 2782/1/2782 2786/1/2786 
f 1471/1/1471 1470/1/1470 2800/1/2800 
f 2802/1/2802 1888/1/1888 1878/1/1878 
f 2803/1/2803 2802/1/2802 2804/1/2804 
f 2804/1/2804 2805/1/2805 2803/1/2803 
f 2806/1/2806 2807/1/2807 2802/1/2802 
f 2802/1/2802 2803/1/2803 2806/1/2806 
f 1451/1/1451 1888/1/1888 2802/1/2802 
f 2802/1/2802 2807/1/2807 1451/1/1451 
f 1886/1/1886 2572/1/2572 2808/1/2808 
f 2808/1/2808 1881/1/1881 1886/1/1886 
f 2809/1/2809 2808/1/2808 2572/1/2572 
f 2572/1/2572 2571/1/2571 2809/1/2809 
f 2805/1/2805 2804/1/2804 2808/1/2808 
f 2808/1/2808 2809/1/2809 2805/1/2805 
f 1881/1/1881 2808/1/2808 2804/1/2804 
f 2804/1/2804 1878/1/1878 1881/1/1881 
f 2810/1/2810 2811/1/2811 2812/1/2812 
f 2812/1/2812 2813/1/2813 2810/1/2810 
f 1379/1/1379 2812/1/2812 2811/1/2811 
f 2811/1/2811 1150/1/1150 1379/1/1379 
f 1383/1/1383 2814/1/2814 2812/1/2812 
f 2812/1/2812 1379/1/1379 1383/1/1383 
f 2813/1/2813 2812/1/2812 2814/1/2814 
f 2814/1/2814 2815/1/2815 2813/1/2813 
f 1143/1/1143 1142/1/1142 2816/1/2816 
f 2816/1/2816 2817/1/2817 1143/1/1143 
f 2811/1/2811 2816/1/2816 1142/1/1142 
f 1142/1/1142 1150/1/1150 2811/1/2811 
f 2810/1/2810 2818/1/2818 2816/1/2816 
f 2816/1/2816 2811/1/2811 2810/1/2810 
f 2817/1/2817 2816/1/2816 2818/1/2818 
f 2818/1/2818 2819/1/2819 2817/1/2817 
f 2820/1/2820 2821/1/2821 2822/1/2822 
f 2822/1/2822 2823/1/2823 2820/1/2820 
f 2824/1/2824 2822/1/2822 2821/1/2821 
f 2821/1/2821 2825/1/2825 2824/1/2824 
f 2582/1/2582 2578/1/2578 2822/1/2822 
f 2822/1/2822 2824/1/2824 2582/1/2582 
f 2578/1/2578 2577/1/2577 2823/1/2823 
f 2825/1/2825 2826/1/2826 2827/1/2827 
f 2827/1/2827 2828/1/2828 2825/1/2825 
f 2813/1/2813 2827/1/2827 2826/1/2826 
f 2826/1/2826 2810/1/2810 2813/1/2813 
f 2815/1/2815 2829/1/2829 2827/1/2827 
f 2827/1/2827 2813/1/2813 2815/1/2815 
f 2828/1/2828 2827/1/2827 2829/1/2829 
f 2829/1/2829 2830/1/2830 2828/1/2828 
f 2819/1/2819 2818/1/2818 2831/1/2831 
f 2831/1/2831 2832/1/2832 2819/1/2819 
f 2826/1/2826 2831/1/2831 2818/1/2818 
f 2818/1/2818 2810/1/2810 2826/1/2826 
f 2825/1/2825 2821/1/2821 2831/1/2831 
f 2831/1/2831 2826/1/2826 2825/1/2825 
f 2821/1/2821 2820/1/2820 2832/1/2832 
f 2833/1/2833 2834/1/2834 2835/1/2835 
f 2835/1/2835 2836/1/2836 2833/1/2833 
f 1822/1/1822 2835/1/2835 2834/1/2834 
f 2834/1/2834 1704/1/1704 1822/1/1822 
f 1066/1/1066 1064/1/1064 2835/1/2835 
f 2835/1/2835 1822/1/1822 1066/1/1066 
f 2836/1/2836 2835/1/2835 1064/1/1064 
f 1064/1/1064 1063/1/1063 2836/1/2836 
f 2824/1/2824 2837/1/2837 2597/1/2597 
f 2597/1/2597 2582/1/2582 2824/1/2824 
f 2828/1/2828 2837/1/2837 2824/1/2824 
f 2824/1/2824 2825/1/2825 2828/1/2828 
f 2830/1/2830 2838/1/2838 2837/1/2837 
f 2837/1/2837 2828/1/2828 2830/1/2830 
f 2838/1/2838 2593/1/2593 2597/1/2597 
f 2597/1/2597 2837/1/2837 2838/1/2838 
f 2542/1/2542 2839/1/2839 2840/1/2840 
f 2840/1/2840 2677/1/2677 2542/1/2542 
f 2841/1/2841 2840/1/2840 2839/1/2839 
f 2839/1/2839 2842/1/2842 2841/1/2841 
f 2691/1/2691 2688/1/2688 2840/1/2840 
f 2840/1/2840 2841/1/2841 2691/1/2691 
f 2677/1/2677 2840/1/2840 2688/1/2688 
f 2688/1/2688 2679/1/2679 2677/1/2677 
f 1704/1/1704 2834/1/2834 2843/1/2843 
f 2843/1/2843 1703/1/1703 1704/1/1704 
f 2844/1/2844 2843/1/2843 2834/1/2834 
f 2834/1/2834 2833/1/2833 2844/1/2844 
f 2843/1/2843 2844/1/2844 1132/1/1132 
f 1703/1/1703 2843/1/2843 1128/1/1128 
f 1128/1/1128 1127/1/1127 1703/1/1703 
f 2833/1/2833 2845/1/2845 2846/1/2846 
f 2846/1/2846 2844/1/2844 2833/1/2833 
f 2847/1/2847 2846/1/2846 2845/1/2845 
f 2845/1/2845 2842/1/2842 2847/1/2847 
f 2848/1/2848 2849/1/2849 2846/1/2846 
f 2846/1/2846 2847/1/2847 2848/1/2848 
f 2844/1/2844 2846/1/2846 2849/1/2849 
f 2849/1/2849 1132/1/1132 2844/1/2844 
f 2842/1/2842 2845/1/2845 2850/1/2850 
f 2850/1/2850 2841/1/2841 2842/1/2842 
f 2836/1/2836 2850/1/2850 2845/1/2845 
f 2845/1/2845 2833/1/2833 2836/1/2836 
f 1063/1/1063 2696/1/2696 2850/1/2850 
f 2850/1/2850 2836/1/2836 1063/1/1063 
f 2841/1/2841 2850/1/2850 2696/1/2696 
f 2696/1/2696 2691/1/2691 2841/1/2841 
f 2851/1/2851 2852/1/2852 2853/1/2853 
f 2853/1/2853 2854/1/2854 2851/1/2851 
f 1094/1/1094 2853/1/2853 2852/1/2852 
f 2852/1/2852 1091/1/1091 1094/1/1094 
f 1084/1/1084 1080/1/1080 2853/1/2853 
f 2853/1/2853 1094/1/1094 1084/1/1084 
f 2854/1/2854 2853/1/2853 1080/1/1080 
f 1080/1/1080 1079/1/1079 2854/1/2854 
f 2538/1/2538 2855/1/2855 2856/1/2856 
f 2856/1/2856 2539/1/2539 2538/1/2538 
f 2855/1/2855 2848/1/2848 2847/1/2847 
f 2842/1/2842 2839/1/2839 2856/1/2856 
f 2856/1/2856 2847/1/2847 2842/1/2842 
f 2539/1/2539 2856/1/2856 2839/1/2839 
f 2839/1/2839 2542/1/2542 2539/1/2539 
f 2536/1/2536 2857/1/2857 2858/1/2858 
f 2858/1/2858 2661/1/2661 2536/1/2536 
f 2859/1/2859 2858/1/2858 2857/1/2857 
f 2857/1/2857 2860/1/2860 2859/1/2859 
f 2674/1/2674 2671/1/2671 2858/1/2858 
f 2858/1/2858 2859/1/2859 2674/1/2674 
f 2661/1/2661 2858/1/2858 2671/1/2671 
f 2671/1/2671 2664/1/2664 2661/1/2661 
f 1091/1/1091 2852/1/2852 2861/1/2861 
f 2861/1/2861 1250/1/1250 1091/1/1091 
f 2862/1/2862 2861/1/2861 2852/1/2852 
f 2852/1/2852 2851/1/2851 2862/1/2862 
f 2863/1/2863 2864/1/2864 2861/1/2861 
f 2861/1/2861 2862/1/2862 2863/1/2863 
f 1250/1/1250 2861/1/2861 2864/1/2864 
f 2864/1/2864 1247/1/1247 1250/1/1250 
f 2862/1/2862 2865/1/2865 2866/1/2866 
f 2866/1/2866 2863/1/2863 2862/1/2862 
f 2851/1/2851 2867/1/2867 2865/1/2865 
f 2865/1/2865 2862/1/2862 2851/1/2851 
f 2868/1/2868 2865/1/2865 2867/1/2867 
f 2867/1/2867 2860/1/2860 2868/1/2868 
f 2866/1/2866 2865/1/2865 2868/1/2868 
f 2868/1/2868 2869/1/2869 2866/1/2866 
f 2860/1/2860 2867/1/2867 2870/1/2870 
f 2870/1/2870 2859/1/2859 2860/1/2860 
f 2854/1/2854 2870/1/2870 2867/1/2867 
f 2867/1/2867 2851/1/2851 2854/1/2854 
f 1079/1/1079 2683/1/2683 2870/1/2870 
f 2870/1/2870 2854/1/2854 1079/1/1079 
f 2859/1/2859 2870/1/2870 2683/1/2683 
f 2683/1/2683 2674/1/2674 2859/1/2859 
f 2871/1/2871 2872/1/2872 2873/1/2873 
f 2873/1/2873 2874/1/2874 2871/1/2871 
f 2875/1/2875 2873/1/2873 2872/1/2872 
f 2872/1/2872 2876/1/2876 2875/1/2875 
f 2877/1/2877 2878/1/2878 2873/1/2873 
f 2873/1/2873 2875/1/2875 2877/1/2877 
f 2879/1/2879 2874/1/2874 2873/1/2873 
f 2873/1/2873 2878/1/2878 2879/1/2879 
f 2869/1/2869 2868/1/2868 2880/1/2880 
f 2880/1/2880 2881/1/2881 2869/1/2869 
f 2857/1/2857 2880/1/2880 2868/1/2868 
f 2868/1/2868 2860/1/2860 2857/1/2857 
f 2536/1/2536 2535/1/2535 2880/1/2880 
f 2880/1/2880 2857/1/2857 2536/1/2536 
f 2535/1/2535 2532/1/2532 2881/1/2881 
f 1112/1/1112 2882/1/2882 2883/1/2883 
f 2883/1/2883 1339/1/1339 1112/1/1112 
f 2874/1/2874 2883/1/2883 2882/1/2882 
f 2882/1/2882 2871/1/2871 2874/1/2874 
f 2884/1/2884 2883/1/2883 2874/1/2874 
f 2874/1/2874 2879/1/2879 2884/1/2884 
f 1341/1/1341 1339/1/1339 2883/1/2883 
f 2883/1/2883 2884/1/2884 1341/1/1341 
f 1125/1/1125 2885/1/2885 2886/1/2886 
f 2886/1/2886 1124/1/1124 1125/1/1125 
f 2887/1/2887 2886/1/2886 2885/1/2885 
f 2885/1/2885 2876/1/2876 2887/1/2887 
f 2723/1/2723 2721/1/2721 2886/1/2886 
f 2886/1/2886 2887/1/2887 2723/1/2723 
f 1124/1/1124 2886/1/2886 2721/1/2721 
f 2721/1/2721 1126/1/1126 1124/1/1124 
f 2876/1/2876 2872/1/2872 2888/1/2888 
f 2888/1/2888 2887/1/2887 2876/1/2876 
f 2889/1/2889 2888/1/2888 2872/1/2872 
f 2872/1/2872 2871/1/2871 2889/1/2889 
f 2730/1/2730 2729/1/2729 2888/1/2888 
f 2888/1/2888 2889/1/2889 2730/1/2730 
f 2729/1/2729 2723/1/2723 2887/1/2887 
f 2876/1/2876 2885/1/2885 2890/1/2890 
f 2890/1/2890 2875/1/2875 2876/1/2876 
f 1758/1/1758 2890/1/2890 2885/1/2885 
f 2885/1/2885 1125/1/1125 1758/1/1758 
f 1762/1/1762 2891/1/2891 2890/1/2890 
f 2890/1/2890 1758/1/1758 1762/1/1762 
f 2875/1/2875 2890/1/2890 2891/1/2891 
f 2891/1/2891 2877/1/2877 2875/1/2875 
f 2819/1/2819 2892/1/2892 2893/1/2893 
f 2893/1/2893 2817/1/2817 2819/1/2819 
f 2894/1/2894 2893/1/2893 2892/1/2892 
f 2892/1/2892 2895/1/2895 2894/1/2894 
f 1155/1/1155 1159/1/1159 2893/1/2893 
f 2893/1/2893 2894/1/2894 1155/1/1155 
f 2817/1/2817 2893/1/2893 1159/1/1159 
f 1159/1/1159 1143/1/1143 2817/1/2817 
f 2737/1/2737 2896/1/2896 1115/1/1115 
f 1115/1/1115 1117/1/1117 2737/1/2737 
f 2889/1/2889 2896/1/2896 2737/1/2737 
f 2737/1/2737 2730/1/2730 2889/1/2889 
f 2871/1/2871 2882/1/2882 2896/1/2896 
f 2896/1/2896 2889/1/2889 2871/1/2871 
f 1115/1/1115 2896/1/2896 2882/1/2882 
f 2882/1/2882 1112/1/1112 1115/1/1115 
f 1132/1/1132 2849/1/2849 2897/1/2897 
f 2897/1/2897 1131/1/1131 1132/1/1132 
f 2898/1/2898 2897/1/2897 2849/1/2849 
f 2849/1/2849 2848/1/2848 2898/1/2898 
f 2899/1/2899 2900/1/2900 2897/1/2897 
f 2897/1/2897 2898/1/2898 2899/1/2899 
f 1131/1/1131 2897/1/2897 2900/1/2900 
f 2900/1/2900 1133/1/1133 1131/1/1131 
f 2894/1/2894 2901/1/2901 1156/1/1156 
f 1156/1/1156 1155/1/1155 2894/1/2894 
f 2894/1/2894 2895/1/2895 2902/1/2902 
f 2902/1/2902 2901/1/2901 2894/1/2894 
f 2538/1/2538 2537/1/2537 2901/1/2901 
f 2901/1/2901 2902/1/2902 2538/1/2538 
f 1140/1/1140 1156/1/1156 2901/1/2901 
f 2901/1/2901 2537/1/2537 1140/1/1140 
f 2895/1/2895 2903/1/2903 2904/1/2904 
f 2904/1/2904 2902/1/2902 2895/1/2895 
f 2898/1/2898 2904/1/2904 2903/1/2903 
f 2903/1/2903 2899/1/2899 2898/1/2898 
f 2848/1/2848 2855/1/2855 2904/1/2904 
f 2904/1/2904 2898/1/2898 2848/1/2848 
f 2902/1/2902 2904/1/2904 2855/1/2855 
f 2855/1/2855 2538/1/2538 2902/1/2902 
f 2820/1/2820 2905/1/2905 2906/1/2906 
f 2906/1/2906 2832/1/2832 2820/1/2820 
f 2906/1/2906 2905/1/2905 2899/1/2899 
f 2895/1/2895 2892/1/2892 2906/1/2906 
f 2906/1/2906 2903/1/2903 2895/1/2895 
f 2832/1/2832 2906/1/2906 2892/1/2892 
f 2892/1/2892 2819/1/2819 2832/1/2832 
f 2907/1/2907 1242/1/1242 1241/1/1241 
f 2908/1/2908 2907/1/2907 1270/1/1270 
f 1270/1/1270 1269/1/1269 2908/1/2908 
f 2908/1/2908 2909/1/2909 2910/1/2910 
f 1242/1/1242 2907/1/2907 2910/1/2910 
f 2910/1/2910 1245/1/1245 1242/1/1242 
f 2905/1/2905 2911/1/2911 2900/1/2900 
f 2900/1/2900 2899/1/2899 2905/1/2905 
f 2823/1/2823 2911/1/2911 2905/1/2905 
f 2905/1/2905 2820/1/2820 2823/1/2823 
f 2911/1/2911 2823/1/2823 2577/1/2577 
f 1133/1/1133 2900/1/2900 2911/1/2911 
f 2911/1/2911 2583/1/2583 1133/1/1133 
f 2718/1/2718 2726/1/2726 2912/1/2912 
f 2912/1/2912 2717/1/2717 2718/1/2718 
f 2913/1/2913 2912/1/2912 2726/1/2726 
f 2726/1/2726 2725/1/2725 2913/1/2913 
f 2914/1/2914 2915/1/2915 2912/1/2912 
f 2912/1/2912 2913/1/2913 2914/1/2914 
f 2717/1/2717 2912/1/2912 2915/1/2915 
f 2915/1/2915 2530/1/2530 2717/1/2717 
f 2909/1/2909 2908/1/2908 2916/1/2916 
f 2916/1/2916 2917/1/2917 2909/1/2909 
f 1281/1/1281 2916/1/2916 2908/1/2908 
f 2908/1/2908 1269/1/1269 1281/1/1281 
f 2916/1/2916 1281/1/1281 1247/1/1247 
f 2864/1/2864 2863/1/2863 2917/1/2917 
f 2914/1/2914 2918/1/2918 2919/1/2919 
f 2919/1/2919 2920/1/2920 2914/1/2914 
f 2917/1/2917 2919/1/2919 2918/1/2918 
f 2918/1/2918 2909/1/2909 2917/1/2917 
f 2919/1/2919 2917/1/2917 2863/1/2863 
f 2920/1/2920 2919/1/2919 2866/1/2866 
f 2866/1/2866 2869/1/2869 2920/1/2920 
f 2909/1/2909 2918/1/2918 2921/1/2921 
f 2921/1/2921 2910/1/2910 2909/1/2909 
f 2913/1/2913 2921/1/2921 2918/1/2918 
f 2918/1/2918 2914/1/2914 2913/1/2913 
f 2725/1/2725 2736/1/2736 2921/1/2921 
f 2921/1/2921 2913/1/2913 2725/1/2725 
f 2910/1/2910 2921/1/2921 2736/1/2736 
f 2736/1/2736 1245/1/1245 2910/1/2910 
f 2798/1/2798 2787/1/2787 2922/1/2922 
f 2922/1/2922 2923/1/2923 2798/1/2798 
f 2924/1/2924 2923/1/2923 2922/1/2922 
f 2922/1/2922 2925/1/2925 2924/1/2924 
f 2926/1/2926 2927/1/2927 2923/1/2923 
f 2923/1/2923 2924/1/2924 2926/1/2926 
f 2795/1/2795 2798/1/2798 2923/1/2923 
f 2923/1/2923 2927/1/2927 2795/1/2795 
f 2530/1/2530 2915/1/2915 2928/1/2928 
f 2928/1/2928 2527/1/2527 2530/1/2530 
f 2920/1/2920 2928/1/2928 2915/1/2915 
f 2915/1/2915 2914/1/2914 2920/1/2920 
f 2869/1/2869 2881/1/2881 2928/1/2928 
f 2928/1/2928 2920/1/2920 2869/1/2869 
f 2527/1/2527 2928/1/2928 2881/1/2881 
f 2881/1/2881 2532/1/2532 2527/1/2527 
f 2929/1/2929 2930/1/2930 1346/1/1346 
f 1346/1/1346 1345/1/1345 2929/1/2929 
f 2925/1/2925 2922/1/2922 2930/1/2930 
f 2930/1/2930 2929/1/2929 2925/1/2925 
f 2790/1/2790 2930/1/2930 2922/1/2922 
f 2922/1/2922 2787/1/2787 2790/1/2790 
f 2790/1/2790 1332/1/1332 1346/1/1346 
f 1346/1/1346 2930/1/2930 2790/1/2790 
f 1764/1/1764 1360/1/1360 2931/1/2931 
f 2931/1/2931 2932/1/2932 1764/1/1764 
f 2926/1/2926 2933/1/2933 2932/1/2932 
f 2932/1/2932 2931/1/2931 2926/1/2926 
f 2877/1/2877 2891/1/2891 2932/1/2932 
f 2932/1/2932 2933/1/2933 2877/1/2877 
f 1764/1/1764 2932/1/2932 2891/1/2891 
f 2891/1/2891 1762/1/1762 1764/1/1764 
f 2877/1/2877 2933/1/2933 2934/1/2934 
f 2934/1/2934 2878/1/2878 2877/1/2877 
f 2924/1/2924 2934/1/2934 2933/1/2933 
f 2933/1/2933 2926/1/2926 2924/1/2924 
f 2925/1/2925 2935/1/2935 2934/1/2934 
f 2934/1/2934 2924/1/2924 2925/1/2925 
f 2878/1/2878 2934/1/2934 2935/1/2935 
f 2935/1/2935 2879/1/2879 2878/1/2878 
f 2927/1/2927 2936/1/2936 2796/1/2796 
f 2796/1/2796 2795/1/2795 2927/1/2927 
f 2931/1/2931 2936/1/2936 2927/1/2927 
f 2927/1/2927 2926/1/2926 2931/1/2931 
f 1360/1/1360 1359/1/1359 2936/1/2936 
f 2936/1/2936 2931/1/2931 1360/1/1360 
f 2796/1/2796 2936/1/2936 1359/1/1359 
f 1359/1/1359 1348/1/1348 2796/1/2796 
f 2937/1/2937 2938/1/2938 2939/1/2939 
f 2939/1/2939 2940/1/2940 2937/1/2937 
f 1387/1/1387 2939/1/2939 2938/1/2938 
f 2938/1/2938 1384/1/1384 1387/1/1387 
f 1367/1/1367 1365/1/1365 2939/1/2939 
f 2939/1/2939 1387/1/1387 1367/1/1367 
f 2940/1/2940 2939/1/2939 1365/1/1365 
f 1365/1/1365 1364/1/1364 2940/1/2940 
f 1384/1/1384 2938/1/2938 2941/1/2941 
f 2941/1/2941 1392/1/1392 1384/1/1384 
f 2942/1/2942 2941/1/2941 2938/1/2938 
f 2938/1/2938 2937/1/2937 2942/1/2942 
f 2815/1/2815 2814/1/2814 2941/1/2941 
f 2941/1/2941 2942/1/2942 2815/1/2815 
f 1392/1/1392 2941/1/2941 2814/1/2814 
f 2814/1/2814 1383/1/1383 1392/1/1392 
f 2879/1/2879 2935/1/2935 2943/1/2943 
f 2943/1/2943 2884/1/2884 2879/1/2879 
f 2929/1/2929 2943/1/2943 2935/1/2935 
f 2935/1/2935 2925/1/2925 2929/1/2929 
f 1345/1/1345 1342/1/1342 2943/1/2943 
f 2943/1/2943 2929/1/2929 1345/1/1345 
f 2884/1/2884 2943/1/2943 1342/1/1342 
f 1342/1/1342 1341/1/1341 2884/1/2884 
f 2593/1/2593 2838/1/2838 2944/1/2944 
f 2944/1/2944 2594/1/2594 2593/1/2593 
f 2945/1/2945 2944/1/2944 2838/1/2838 
f 2838/1/2838 2830/1/2830 2945/1/2945 
f 2946/1/2946 2947/1/2947 2944/1/2944 
f 2944/1/2944 2945/1/2945 2946/1/2946 
f 2594/1/2594 2944/1/2944 2947/1/2947 
f 2947/1/2947 2576/1/2576 2594/1/2594 
f 2946/1/2946 2948/1/2948 2949/1/2949 
f 2949/1/2949 2950/1/2950 2946/1/2946 
f 2940/1/2940 2949/1/2949 2948/1/2948 
f 2948/1/2948 2937/1/2937 2940/1/2940 
f 1364/1/1364 2951/1/2951 2949/1/2949 
f 2949/1/2949 2940/1/2940 1364/1/1364 
f 2950/1/2950 2949/1/2949 2951/1/2951 
f 2951/1/2951 2952/1/2952 2950/1/2950 
f 2937/1/2937 2948/1/2948 2953/1/2953 
f 2953/1/2953 2942/1/2942 2937/1/2937 
f 2945/1/2945 2953/1/2953 2948/1/2948 
f 2948/1/2948 2946/1/2946 2945/1/2945 
f 2830/1/2830 2829/1/2829 2953/1/2953 
f 2953/1/2953 2945/1/2945 2830/1/2830 
f 2942/1/2942 2953/1/2953 2829/1/2829 
f 2829/1/2829 2815/1/2815 2942/1/2942 
f 2954/1/2954 2955/1/2955 2956/1/2956 
f 2956/1/2956 2957/1/2957 2954/1/2954 
f 2958/1/2958 2956/1/2956 2955/1/2955 
f 2955/1/2955 2959/1/2959 2958/1/2958 
f 2960/1/2960 2961/1/2961 2956/1/2956 
f 2956/1/2956 2958/1/2958 2960/1/2960 
f 2957/1/2957 2956/1/2956 2961/1/2961 
f 2961/1/2961 2962/1/2962 2957/1/2957 
f 2576/1/2576 2947/1/2947 2963/1/2963 
f 2963/1/2963 2574/1/2574 2576/1/2576 
f 2950/1/2950 2963/1/2963 2947/1/2947 
f 2947/1/2947 2946/1/2946 2950/1/2950 
f 2952/1/2952 2964/1/2964 2963/1/2963 
f 2963/1/2963 2950/1/2950 2952/1/2952 
f 2574/1/2574 2963/1/2963 2964/1/2964 
f 2964/1/2964 2571/1/2571 2574/1/2574 
f 2962/1/2962 2961/1/2961 2965/1/2965 
f 2965/1/2965 2966/1/2966 2962/1/2962 
f 2967/1/2967 2965/1/2965 2961/1/2961 
f 2961/1/2961 2960/1/2960 2967/1/2967 
f 1449/1/1449 2591/1/2591 2965/1/2965 
f 2965/1/2965 2967/1/2967 1449/1/1449 
f 2966/1/2966 2965/1/2965 2591/1/2591 
f 2591/1/2591 2590/1/2590 2966/1/2966 
f 2806/1/2806 2968/1/2968 2969/1/2969 
f 2969/1/2969 2807/1/2807 2806/1/2806 
f 2970/1/2970 2969/1/2969 2968/1/2968 
f 2968/1/2968 2959/1/2959 2970/1/2970 
f 1456/1/1456 1452/1/1452 2969/1/2969 
f 2969/1/2969 2970/1/2970 1456/1/1456 
f 2807/1/2807 2969/1/2969 1452/1/1452 
f 1452/1/1452 1451/1/1451 2807/1/2807 
f 2319/1/2319 2318/1/2318 2971/1/2971 
f 2971/1/2971 2972/1/2972 2319/1/2319 
f 2970/1/2970 2971/1/2971 2318/1/2318 
f 2318/1/2318 1456/1/1456 2970/1/2970 
f 2959/1/2959 2955/1/2955 2971/1/2971 
f 2971/1/2971 2970/1/2970 2959/1/2959 
f 2972/1/2972 2971/1/2971 2955/1/2955 
f 2955/1/2955 2954/1/2954 2972/1/2972 
f 1471/1/1471 2973/1/2973 2974/1/2974 
f 2974/1/2974 1469/1/1469 1471/1/1471 
f 2975/1/2975 2974/1/2974 2973/1/2973 
f 2973/1/2973 2976/1/2976 2975/1/2975 
f 1489/1/1489 1488/1/1488 2974/1/2974 
f 2974/1/2974 2975/1/2975 1489/1/1489 
f 1488/1/1488 1466/1/1466 1469/1/1469 
f 2977/1/2977 2978/1/2978 2979/1/2979 
f 2979/1/2979 2980/1/2980 2977/1/2977 
f 2981/1/2981 2979/1/2979 2978/1/2978 
f 2978/1/2978 2982/1/2982 2981/1/2981 
f 2408/1/2408 2405/1/2405 2979/1/2979 
f 2979/1/2979 2981/1/2981 2408/1/2408 
f 2980/1/2980 2979/1/2979 2405/1/2405 
f 2405/1/2405 2404/1/2404 2980/1/2980 
f 2801/1/2801 2786/1/2786 2983/1/2983 
f 2983/1/2983 2984/1/2984 2801/1/2801 
f 2985/1/2985 2984/1/2984 2983/1/2983 
f 2983/1/2983 2982/1/2982 2985/1/2985 
f 2976/1/2976 2973/1/2973 2984/1/2984 
f 2984/1/2984 2985/1/2985 2976/1/2976 
f 2973/1/2973 1471/1/1471 2801/1/2801 
f 2424/1/2424 2428/1/2428 2986/1/2986 
f 2986/1/2986 2987/1/2987 2424/1/2424 
f 2975/1/2975 2986/1/2986 2428/1/2428 
f 2428/1/2428 1489/1/1489 2975/1/2975 
f 2976/1/2976 2988/1/2988 2986/1/2986 
f 2986/1/2986 2975/1/2975 2976/1/2976 
f 2987/1/2987 2986/1/2986 2988/1/2988 
f 2988/1/2988 2989/1/2989 2987/1/2987 
f 2989/1/2989 2988/1/2988 2990/1/2990 
f 2990/1/2990 2991/1/2991 2989/1/2989 
f 2985/1/2985 2990/1/2990 2988/1/2988 
f 2988/1/2988 2976/1/2976 2985/1/2985 
f 2982/1/2982 2978/1/2978 2990/1/2990 
f 2990/1/2990 2985/1/2985 2982/1/2982 
f 2991/1/2991 2990/1/2990 2978/1/2978 
f 2978/1/2978 2977/1/2977 2991/1/2991 
f 2408/1/2408 2981/1/2981 2992/1/2992 
f 2992/1/2992 2552/1/2552 2408/1/2408 
f 2982/1/2982 2983/1/2983 2992/1/2992 
f 2992/1/2992 2981/1/2981 2982/1/2982 
f 2992/1/2992 2983/1/2983 2786/1/2786 
f 2785/1/2785 2549/1/2549 2552/1/2552 
f 2993/1/2993 2994/1/2994 2995/1/2995 
f 2995/1/2995 2996/1/2996 2993/1/2993 
f 2997/1/2997 2995/1/2995 2994/1/2994 
f 2994/1/2994 2998/1/2998 2997/1/2997 
f 2393/1/2393 2390/1/2390 2995/1/2995 
f 2995/1/2995 2997/1/2997 2393/1/2393 
f 2996/1/2996 2995/1/2995 2390/1/2390 
f 2390/1/2390 1682/1/1682 2996/1/2996 
f 2999/1/2999 3000/1/3000 3001/1/3001 
f 3001/1/3001 3002/1/3002 2999/1/2999 
f 3003/1/3003 3001/1/3001 3000/1/3000 
f 3000/1/3000 3004/1/3004 3003/1/3003 
f 3001/1/3001 3003/1/3003 2998/1/2998 
f 3002/1/3002 3001/1/3001 2994/1/2994 
f 2994/1/2994 2993/1/2993 3002/1/3002 
f 2998/1/2998 3005/1/3005 3006/1/3006 
f 3006/1/3006 2997/1/2997 2998/1/2998 
f 2411/1/2411 3006/1/3006 3005/1/3005 
f 3005/1/3005 2412/1/2412 2411/1/2411 
f 2400/1/2400 2402/1/2402 3006/1/3006 
f 3006/1/3006 2411/1/2411 2400/1/2400 
f 2997/1/2997 3006/1/3006 2402/1/2402 
f 2402/1/2402 2393/1/2393 2997/1/2997 
f 3007/1/3007 3008/1/3008 3009/1/3009 
f 3009/1/3009 3010/1/3010 3007/1/3007 
f 2301/1/2301 2300/1/2300 3009/1/3009 
f 3009/1/3009 3008/1/3008 2301/1/2301 
f 3009/1/3009 2300/1/2300 1553/1/1553 
f 3010/1/3010 3009/1/3009 3011/1/3011 
f 3011/1/3011 3012/1/3012 3010/1/3010 
f 3004/1/3004 3000/1/3000 3013/1/3013 
f 3013/1/3013 3014/1/3014 3004/1/3004 
f 3015/1/3015 3013/1/3013 3000/1/3000 
f 3000/1/3000 2999/1/2999 3015/1/3015 
f 1654/1/1654 2419/1/2419 3013/1/3013 
f 3013/1/3013 3015/1/3015 1654/1/1654 
f 2419/1/2419 2418/1/2418 3014/1/3014 
f 3016/1/3016 3017/1/3017 3018/1/3018 
f 3018/1/3018 3019/1/3019 3016/1/3016 
f 3010/1/3010 3018/1/3018 3017/1/3017 
f 3017/1/3017 3007/1/3007 3010/1/3010 
f 3012/1/3012 3020/1/3020 3018/1/3018 
f 3018/1/3018 3010/1/3010 3012/1/3012 
f 3019/1/3019 3018/1/3018 3020/1/3020 
f 3020/1/3020 3021/1/3021 3019/1/3019 
f 3022/1/3022 3023/1/3023 3008/1/3008 
f 3008/1/3008 3007/1/3007 3022/1/3022 
f 2588/1/2588 3023/1/3023 3022/1/3022 
f 3022/1/3022 2585/1/2585 2588/1/2588 
f 2313/1/2313 3023/1/3023 2588/1/2588 
f 2588/1/2588 2310/1/2310 2313/1/2313 
f 3008/1/3008 3023/1/3023 2313/1/2313 
f 2313/1/2313 2301/1/2301 3008/1/3008 
f 3024/1/3024 3025/1/3025 3026/1/3026 
f 3026/1/3026 3027/1/3027 3024/1/3024 
f 1561/1/1561 3026/1/3026 3025/1/3025 
f 3025/1/3025 1552/1/1552 1561/1/1561 
f 1653/1/1653 3026/1/3026 1561/1/1561 
f 1561/1/1561 1560/1/1560 1653/1/1653 
f 3027/1/3027 3026/1/3026 1653/1/1653 
f 1653/1/1653 1652/1/1652 3027/1/3027 
f 1552/1/1552 3025/1/3025 3028/1/3028 
f 3028/1/3028 1551/1/1551 1552/1/1552 
f 3025/1/3025 3024/1/3024 3029/1/3029 
f 3028/1/3028 3029/1/3029 3012/1/3012 
f 3011/1/3011 1553/1/1553 1551/1/1551 
f 3019/1/3019 3030/1/3030 3031/1/3031 
f 3031/1/3031 3016/1/3016 3019/1/3019 
f 3021/1/3021 3032/1/3032 3030/1/3030 
f 3030/1/3030 3019/1/3019 3021/1/3021 
f 3032/1/3032 2566/1/2566 2568/1/2568 
f 2570/1/2570 3031/1/3031 3030/1/3030 
f 3030/1/3030 2568/1/2568 2570/1/2570 
f 3033/1/3033 3034/1/3034 3035/1/3035 
f 3035/1/3035 3036/1/3036 3033/1/3033 
f 3037/1/3037 3035/1/3035 3034/1/3034 
f 3034/1/3034 3038/1/3038 3037/1/3037 
f 3039/1/3039 3040/1/3040 3035/1/3035 
f 3035/1/3035 3037/1/3037 3039/1/3039 
f 3036/1/3036 3035/1/3035 3040/1/3040 
f 3040/1/3040 2558/1/2558 3036/1/3036 
f 3038/1/3038 3034/1/3034 3041/1/3041 
f 3041/1/3041 3042/1/3042 3038/1/3038 
f 3043/1/3043 3041/1/3041 3034/1/3034 
f 3034/1/3034 3033/1/3033 3043/1/3043 
f 1650/1/1650 1660/1/1660 3041/1/3041 
f 3041/1/3041 3043/1/3043 1650/1/1650 
f 3042/1/3042 3041/1/3041 1660/1/1660 
f 1660/1/1660 1659/1/1659 3042/1/3042 
f 1682/1/1682 1681/1/1681 3044/1/3044 
f 3044/1/3044 2996/1/2996 1682/1/1682 
f 3045/1/3045 3044/1/3044 1681/1/1681 
f 1681/1/1681 1674/1/1674 3045/1/3045 
f 3039/1/3039 3046/1/3046 3044/1/3044 
f 3044/1/3044 3045/1/3045 3039/1/3039 
f 3046/1/3046 2993/1/2993 2996/1/2996 
f 2993/1/2993 3046/1/3046 3047/1/3047 
f 3047/1/3047 3002/1/3002 2993/1/2993 
f 3037/1/3037 3047/1/3047 3046/1/3046 
f 3046/1/3046 3039/1/3039 3037/1/3037 
f 3038/1/3038 3048/1/3048 3047/1/3047 
f 3047/1/3047 3037/1/3037 3038/1/3038 
f 3002/1/3002 3047/1/3047 3048/1/3048 
f 3048/1/3048 2999/1/2999 3002/1/3002 
f 3040/1/3040 3039/1/3039 3045/1/3045 
f 3045/1/3045 3049/1/3049 3040/1/3040 
f 1673/1/1673 3049/1/3049 3045/1/3045 
f 3045/1/3045 1674/1/1674 1673/1/1673 
f 1670/1/1670 2554/1/2554 3049/1/3049 
f 3049/1/3049 1673/1/1673 1670/1/1670 
f 2558/1/2558 3040/1/3040 3049/1/3049 
f 3049/1/3049 2554/1/2554 2558/1/2558 
f 3050/1/3050 3051/1/3051 3052/1/3052 
f 3052/1/3052 3053/1/3053 3050/1/3050 
f 3054/1/3054 3055/1/3055 3051/1/3051 
f 3051/1/3051 3050/1/3050 3054/1/3054 
f 3016/1/3016 3031/1/3031 3051/1/3051 
f 3051/1/3051 3055/1/3055 3016/1/3016 
f 3052/1/3052 3051/1/3051 3031/1/3031 
f 3031/1/3031 2570/1/2570 3052/1/3052 
f 2999/1/2999 3048/1/3048 3056/1/3056 
f 3056/1/3056 3015/1/3015 2999/1/2999 
f 3042/1/3042 3056/1/3056 3048/1/3048 
f 3048/1/3048 3038/1/3038 3042/1/3042 
f 1659/1/1659 1655/1/1655 3056/1/3056 
f 3056/1/3056 3042/1/3042 1659/1/1659 
f 3015/1/3015 3056/1/3056 1655/1/1655 
f 1655/1/1655 1654/1/1654 3015/1/3015 
f 3055/1/3055 3057/1/3057 3017/1/3017 
f 3017/1/3017 3016/1/3016 3055/1/3055 
f 3058/1/3058 3057/1/3057 3055/1/3055 
f 3055/1/3055 3054/1/3054 3058/1/3058 
f 2585/1/2585 3022/1/3022 3057/1/3057 
f 3057/1/3057 3058/1/3058 2585/1/2585 
f 3007/1/3007 3017/1/3017 3057/1/3057 
f 3057/1/3057 3022/1/3022 3007/1/3007 
f 2954/1/2954 3059/1/3059 3060/1/3060 
f 3060/1/3060 2972/1/2972 2954/1/2954 
f 3061/1/3061 3060/1/3060 3059/1/3059 
f 3059/1/3059 3053/1/3053 3061/1/3061 
f 2329/1/2329 2326/1/2326 3060/1/3060 
f 3060/1/3060 3061/1/3061 2329/1/2329 
f 2972/1/2972 3060/1/3060 2326/1/2326 
f 2326/1/2326 2319/1/2319 2972/1/2972 
f 2962/1/2962 3062/1/3062 3063/1/3063 
f 3063/1/3063 2957/1/2957 2962/1/2962 
f 3050/1/3050 3063/1/3063 3062/1/3062 
f 3062/1/3062 3054/1/3054 3050/1/3050 
f 3053/1/3053 3059/1/3059 3063/1/3063 
f 3063/1/3063 3050/1/3050 3053/1/3053 
f 2957/1/2957 3063/1/3063 3059/1/3059 
f 3059/1/3059 2954/1/2954 2957/1/2957 
f 2325/1/2325 2334/1/2334 3064/1/3064 
f 3064/1/3064 2569/1/2569 2325/1/2325 
f 3061/1/3061 3064/1/3064 2334/1/2334 
f 2334/1/2334 2329/1/2329 3061/1/3061 
f 3053/1/3053 3052/1/3052 3064/1/3064 
f 3064/1/3064 3061/1/3061 3053/1/3053 
f 3064/1/3064 3052/1/3052 2570/1/2570 
f 2570/1/2570 2569/1/2569 3064/1/3064 
f 2418/1/2418 3065/1/3065 3066/1/3066 
f 3066/1/3066 3014/1/3014 2418/1/2418 
f 3067/1/3067 3066/1/3066 3065/1/3065 
f 3065/1/3065 3068/1/3068 3067/1/3067 
f 3069/1/3069 3070/1/3070 3066/1/3066 
f 3066/1/3066 3067/1/3067 3069/1/3069 
f 3014/1/3014 3066/1/3066 3070/1/3070 
f 3070/1/3070 3004/1/3004 3014/1/3014 
f 3054/1/3054 3062/1/3062 3071/1/3071 
f 3071/1/3071 3058/1/3058 3054/1/3054 
f 2966/1/2966 3071/1/3071 3062/1/3062 
f 3062/1/3062 2962/1/2962 2966/1/2966 
f 2590/1/2590 2586/1/2586 3071/1/3071 
f 3071/1/3071 2966/1/2966 2590/1/2590 
f 3058/1/3058 3071/1/3071 2586/1/2586 
f 2586/1/2586 2585/1/2585 3058/1/3058 
f 3004/1/3004 3070/1/3070 3072/1/3072 
f 3072/1/3072 3003/1/3003 3004/1/3004 
f 3073/1/3073 3072/1/3072 3070/1/3070 
f 3070/1/3070 3069/1/3069 3073/1/3073 
f 2412/1/2412 3005/1/3005 3072/1/3072 
f 3072/1/3072 3073/1/3073 2412/1/2412 
f 3003/1/3003 3072/1/3072 3005/1/3005 
f 3005/1/3005 2998/1/2998 3003/1/3003 
f 2989/1/2989 3074/1/3074 3075/1/3075 
f 3075/1/3075 2987/1/2987 2989/1/2989 
f 3076/1/3076 3075/1/3075 3074/1/3074 
f 3074/1/3074 3068/1/3068 3076/1/3076 
f 2426/1/2426 2425/1/2425 3075/1/3075 
f 3075/1/3075 3076/1/3076 2426/1/2426 
f 2987/1/2987 3075/1/3075 2425/1/2425 
f 2425/1/2425 2424/1/2424 2987/1/2987 
f 2977/1/2977 3077/1/3077 3078/1/3078 
f 3078/1/3078 2991/1/2991 2977/1/2977 
f 3067/1/3067 3078/1/3078 3077/1/3077 
f 3077/1/3077 3069/1/3069 3067/1/3067 
f 3068/1/3068 3074/1/3074 3078/1/3078 
f 3078/1/3078 3067/1/3067 3068/1/3068 
f 2991/1/2991 3078/1/3078 3074/1/3074 
f 3074/1/3074 2989/1/2989 2991/1/2991 
f 2426/1/2426 3076/1/3076 3079/1/3079 
f 3079/1/3079 2422/1/2422 2426/1/2426 
f 3068/1/3068 3065/1/3065 3079/1/3079 
f 3079/1/3079 3076/1/3076 3068/1/3068 
f 2417/1/2417 3079/1/3079 3065/1/3065 
f 3065/1/3065 2418/1/2418 2417/1/2417 
f 2422/1/2422 3079/1/3079 2417/1/2417 
f 2417/1/2417 2416/1/2416 2422/1/2422 
f 3069/1/3069 3077/1/3077 3080/1/3080 
f 3080/1/3080 3073/1/3073 3069/1/3069 
f 2980/1/2980 3080/1/3080 3077/1/3077 
f 3077/1/3077 2977/1/2977 2980/1/2980 
f 2404/1/2404 2413/1/2413 3080/1/3080 
f 3080/1/3080 2980/1/2980 2404/1/2404 
f 3073/1/3073 3080/1/3080 2413/1/2413 
f 2413/1/2413 2412/1/2412 3073/1/3073 
f 3081/1/3081 3082/1/3082 3083/1/3083 
f 3082/1/3082 3081/1/3081 3084/1/3084 
f 3084/1/3084 3085/1/3085 3082/1/3082 
f 3083/1/3083 3086/1/3086 3087/1/3087 
f 3087/1/3087 3088/1/3088 3083/1/3083 
f 2465/1/2465 3087/1/3087 3086/1/3086 
f 3086/1/3086 2461/1/2461 2465/1/2465 
f 3085/1/3085 3084/1/3084 3089/1/3089 
f 3089/1/3089 3090/1/3090 3085/1/3085 
f 3090/1/3090 3089/1/3089 2484/1/2484 
f 2484/1/2484 2483/1/2483 3090/1/3090 
f 3091/1/3091 3092/1/3092 3093/1/3093 
f 3093/1/3093 3094/1/3094 3091/1/3091 
f 3095/1/3095 3093/1/3093 3092/1/3092 
f 3092/1/3092 3096/1/3096 3095/1/3095 
f 182/1/182 181/1/181 3093/1/3093 
f 3093/1/3093 3095/1/3095 182/1/182 
f 3094/1/3094 3093/1/3093 181/1/181 
f 181/1/181 176/1/176 3094/1/3094 
f 3096/1/3096 3092/1/3092 3097/1/3097 
f 3097/1/3097 3098/1/3098 3096/1/3096 
f 3099/1/3099 3097/1/3097 3092/1/3092 
f 3092/1/3092 3091/1/3091 3099/1/3099 
f 2732/1/2732 3097/1/3097 3099/1/3099 
f 3099/1/3099 2733/1/2733 2732/1/2732 
f 2732/1/2732 2547/1/2547 3098/1/3098 
f 3098/1/3098 3097/1/3097 2732/1/2732 
f 2658/1/2658 3100/1/3100 3101/1/3101 
f 3101/1/3101 2659/1/2659 2658/1/2658 
f 3094/1/3094 3101/1/3101 3100/1/3100 
f 3100/1/3100 3091/1/3091 3094/1/3094 
f 176/1/176 175/1/175 3101/1/3101 
f 3101/1/3101 3094/1/3094 176/1/176 
f 2659/1/2659 3101/1/3101 175/1/175 
f 175/1/175 174/1/174 2659/1/2659 
f 2744/1/2744 2733/1/2733 3099/1/3099 
f 3099/1/3099 3102/1/3102 2744/1/2744 
f 3091/1/3091 3100/1/3100 3102/1/3102 
f 3102/1/3102 3099/1/3099 3091/1/3091 
f 3100/1/3100 2658/1/2658 2665/1/2665 
f 2523/1/2523 2744/1/2744 3102/1/3102 
f 3102/1/3102 2665/1/2665 2523/1/2523 
f 2547/1/2547 2545/1/2545 3103/1/3103 
f 3103/1/3103 3098/1/3098 2547/1/2547 
f 2545/1/2545 2546/1/2546 3104/1/3104 
f 3105/1/3105 3106/1/3106 3103/1/3103 
f 3103/1/3103 3104/1/3104 3105/1/3105 
f 3098/1/3098 3103/1/3103 3106/1/3106 
f 3106/1/3106 3096/1/3096 3098/1/3098 
f 3107/1/3107 3108/1/3108 3109/1/3109 
f 3109/1/3109 3110/1/3110 3107/1/3107 
f 2777/1/2777 3109/1/3109 3108/1/3108 
f 3108/1/3108 2775/1/2775 2777/1/2777 
f 2709/1/2709 2712/1/2712 3109/1/3109 
f 3109/1/3109 2777/1/2777 2709/1/2709 
f 3110/1/3110 3109/1/3109 2712/1/2712 
f 2712/1/2712 2711/1/2711 3110/1/3110 
f 3111/1/3111 3112/1/3112 330/1/330 
f 330/1/330 184/1/184 3111/1/3111 
f 3113/1/3113 3112/1/3112 3111/1/3111 
f 3111/1/3111 3105/1/3105 3113/1/3113 
f 3107/1/3107 3114/1/3114 3112/1/3112 
f 3112/1/3112 3113/1/3113 3107/1/3107 
f 333/1/333 330/1/330 3112/1/3112 
f 3112/1/3112 3114/1/3114 333/1/333 
f 3096/1/3096 3106/1/3106 3115/1/3115 
f 3115/1/3115 3095/1/3095 3096/1/3096 
f 3111/1/3111 3115/1/3115 3106/1/3106 
f 3106/1/3106 3105/1/3105 3111/1/3111 
f 184/1/184 183/1/183 3115/1/3115 
f 3115/1/3115 3111/1/3111 184/1/184 
f 3095/1/3095 3115/1/3115 183/1/183 
f 183/1/183 182/1/182 3095/1/3095 
f 2775/1/2775 3108/1/3108 3116/1/3116 
f 3116/1/3116 2776/1/2776 2775/1/2775 
f 3113/1/3113 3116/1/3116 3108/1/3108 
f 3108/1/3108 3107/1/3107 3113/1/3113 
f 3116/1/3116 3113/1/3113 3105/1/3105 
f 2776/1/2776 3116/1/3116 3104/1/3104 
f 3104/1/3104 2546/1/2546 2776/1/2776 
f 3114/1/3114 3117/1/3117 338/1/338 
f 338/1/338 333/1/333 3114/1/3114 
f 3110/1/3110 3117/1/3117 3114/1/3114 
f 3114/1/3114 3107/1/3107 3110/1/3110 
f 2711/1/2711 2719/1/2719 3117/1/3117 
f 3117/1/3117 3110/1/3110 2711/1/2711 
f 2719/1/2719 238/1/238 338/1/338 
f 338/1/338 3117/1/3117 2719/1/2719 
f 2959/1/2959 2968/1/2968 3118/1/3118 
f 3118/1/3118 2958/1/2958 2959/1/2959 
f 2806/1/2806 3119/1/3119 3118/1/3118 
f 3118/1/3118 2968/1/2968 2806/1/2806 
f 3120/1/3120 3118/1/3118 3119/1/3119 
f 3119/1/3119 3121/1/3121 3120/1/3120 
f 2958/1/2958 3118/1/3118 3120/1/3120 
f 3120/1/3120 2960/1/2960 2958/1/2958 
f 2952/1/2952 3122/1/3122 3123/1/3123 
f 3123/1/3123 2964/1/2964 2952/1/2952 
f 3124/1/3124 3125/1/3125 3123/1/3123 
f 3123/1/3123 3122/1/3122 3124/1/3124 
f 2809/1/2809 3123/1/3123 3125/1/3125 
f 3125/1/3125 2805/1/2805 2809/1/2809 
f 2571/1/2571 2964/1/2964 3123/1/3123 
f 3123/1/3123 2809/1/2809 2571/1/2571 
f 3126/1/3126 3127/1/3127 1446/1/1446 
f 1446/1/1446 1445/1/1445 3126/1/3126 
f 3128/1/3128 3127/1/3127 3126/1/3126 
f 3126/1/3126 3121/1/3121 3128/1/3128 
f 3124/1/3124 3129/1/3129 3127/1/3127 
f 3127/1/3127 3128/1/3128 3124/1/3124 
f 1446/1/1446 3127/1/3127 3129/1/3129 
f 3129/1/3129 1371/1/1371 1446/1/1446 
f 2960/1/2960 3120/1/3120 3130/1/3130 
f 3130/1/3130 2967/1/2967 2960/1/2960 
f 3121/1/3121 3126/1/3126 3130/1/3130 
f 3130/1/3130 3120/1/3120 3121/1/3121 
f 3130/1/3130 3126/1/3126 1445/1/1445 
f 1450/1/1450 1449/1/1449 2967/1/2967 
f 2805/1/2805 3125/1/3125 3131/1/3131 
f 3131/1/3131 2803/1/2803 2805/1/2805 
f 3128/1/3128 3131/1/3131 3125/1/3125 
f 3125/1/3125 3124/1/3124 3128/1/3128 
f 3121/1/3121 3119/1/3119 3131/1/3131 
f 3131/1/3131 3128/1/3128 3121/1/3121 
f 2803/1/2803 3131/1/3131 3119/1/3119 
f 3119/1/3119 2806/1/2806 2803/1/2803 
f 3124/1/3124 3122/1/3122 3132/1/3132 
f 3132/1/3132 3129/1/3129 3124/1/3124 
f 2951/1/2951 3132/1/3132 3122/1/3122 
f 3122/1/3122 2952/1/2952 2951/1/2951 
f 3132/1/3132 2951/1/2951 1364/1/1364 
f 1363/1/1363 1371/1/1371 3129/1/3129 
f 3129/1/3129 3132/1/3132 1363/1/1363 
f 2558/1/2558 2557/1/2557 3133/1/3133 
f 3133/1/3133 3036/1/3036 2558/1/2558 
f 3134/1/3134 3133/1/3133 2557/1/2557 
f 2557/1/2557 2556/1/2556 3134/1/3134 
f 3135/1/3135 3136/1/3136 3133/1/3133 
f 3133/1/3133 3134/1/3134 3135/1/3135 
f 3036/1/3036 3133/1/3133 3136/1/3136 
f 3136/1/3136 3033/1/3033 3036/1/3036 
f 3033/1/3033 3136/1/3136 3137/1/3137 
f 3137/1/3137 3043/1/3043 3033/1/3033 
f 3138/1/3138 3137/1/3137 3136/1/3136 
f 3136/1/3136 3135/1/3135 3138/1/3138 
f 1651/1/1651 3137/1/3137 3138/1/3138 
f 3138/1/3138 1652/1/1652 1651/1/1651 
f 3043/1/3043 3137/1/3137 1651/1/1651 
f 1651/1/1651 1650/1/1650 3043/1/3043 
f 1652/1/1652 3138/1/3138 3139/1/3139 
f 3139/1/3139 3027/1/3027 1652/1/1652 
f 3140/1/3140 3139/1/3139 3138/1/3138 
f 3138/1/3138 3135/1/3135 3140/1/3140 
f 3141/1/3141 3142/1/3142 3139/1/3139 
f 3139/1/3139 3140/1/3140 3141/1/3141 
f 3027/1/3027 3139/1/3139 3142/1/3142 
f 3142/1/3142 3024/1/3024 3027/1/3027 
f 2562/1/2562 3143/1/3143 3144/1/3144 
f 3144/1/3144 2560/1/2560 2562/1/2562 
f 3140/1/3140 3144/1/3144 3143/1/3143 
f 3143/1/3143 3141/1/3141 3140/1/3140 
f 3135/1/3135 3134/1/3134 3144/1/3144 
f 3144/1/3144 3140/1/3140 3135/1/3135 
f 2560/1/2560 3144/1/3144 3134/1/3134 
f 3134/1/3134 2556/1/2556 2560/1/2560 
f 2566/1/2566 3032/1/3032 3145/1/3145 
f 3145/1/3145 2565/1/2565 2566/1/2566 
f 3146/1/3146 3145/1/3145 3032/1/3032 
f 3032/1/3032 3021/1/3021 3146/1/3146 
f 3141/1/3141 3143/1/3143 3145/1/3145 
f 3145/1/3145 3146/1/3146 3141/1/3141 
f 2565/1/2565 3145/1/3145 3143/1/3143 
f 3143/1/3143 2562/1/2562 2565/1/2565 
f 3024/1/3024 3142/1/3142 3147/1/3147 
f 3147/1/3147 3029/1/3029 3024/1/3024 
f 3146/1/3146 3147/1/3147 3142/1/3142 
f 3142/1/3142 3141/1/3141 3146/1/3146 
f 3021/1/3021 3020/1/3020 3147/1/3147 
f 3147/1/3147 3146/1/3146 3021/1/3021 
f 3029/1/3029 3147/1/3147 3020/1/3020 
f 3020/1/3020 3012/1/3012 3029/1/3029 
f 3148/1/3148 2372/1/2372 2364/1/2364 
f 3149/1/3149 3150/1/3150 3151/1/3151 
f 2377/1/2377 2389/1/2389 3148/1/3148 
f 3148/1/3148 3151/1/3151 2377/1/2377 
f 2372/1/2372 3148/1/3148 2389/1/2389 
f 2389/1/2389 2369/1/2369 2372/1/2372 
f 3152/1/3152 3153/1/3153 3154/1/3154 
f 3154/1/3154 3155/1/3155 3152/1/3152 
f 2378/1/2378 3154/1/3154 3153/1/3153 
f 3153/1/3153 2180/1/2180 2378/1/2378 
f 3151/1/3151 3154/1/3154 2378/1/2378 
f 2378/1/2378 2377/1/2377 3151/1/3151 
f 3150/1/3150 3155/1/3155 3154/1/3154 
f 3154/1/3154 3151/1/3151 3150/1/3150 
f 3156/1/3156 3157/1/3157 3158/1/3158 
f 3158/1/3158 3159/1/3159 3156/1/3156 
f 2179/1/2179 3158/1/3158 3157/1/3157 
f 3157/1/3157 2181/1/2181 2179/1/2179 
f 2180/1/2180 3153/1/3153 3158/1/3158 
f 3158/1/3158 2179/1/2179 2180/1/2180 
f 3159/1/3159 3158/1/3158 3153/1/3153 
f 3153/1/3153 3152/1/3152 3159/1/3159 
f 3157/1/3157 3156/1/3156 3160/1/3160 
f 3160/1/3160 3161/1/3161 3157/1/3157 
f 3162/1/3162 3161/1/3161 3160/1/3160 
f 3160/1/3160 3163/1/3163 3162/1/3162 
f 2186/1/2186 2183/1/2183 3161/1/3161 
f 3161/1/3161 3162/1/3162 2186/1/2186 
f 2183/1/2183 2181/1/2181 3157/1/3157 
f 3157/1/3157 3161/1/3161 2183/1/2183 
f 3163/1/3163 3164/1/3164 3165/1/3165 
f 3165/1/3165 3162/1/3162 3163/1/3163 
f 3166/1/3166 3165/1/3165 3164/1/3164 
f 3164/1/3164 3167/1/3167 3166/1/3166 
f 2190/1/2190 2187/1/2187 3165/1/3165 
f 3165/1/3165 3166/1/3166 2190/1/2190 
f 3162/1/3162 3165/1/3165 2187/1/2187 
f 2187/1/2187 2186/1/2186 3162/1/3162 
f 3168/1/3168 3169/1/3169 3170/1/3170 
f 3170/1/3170 3171/1/3171 3168/1/3168 
f 2192/1/2192 3170/1/3170 3169/1/3169 
f 3169/1/3169 2193/1/2193 2192/1/2192 
f 2190/1/2190 3166/1/3166 3170/1/3170 
f 3170/1/3170 2192/1/2192 2190/1/2190 
f 3171/1/3171 3170/1/3170 3166/1/3166 
f 3166/1/3166 3167/1/3167 3171/1/3171 
f 3172/1/3172 3173/1/3173 3169/1/3169 
f 3169/1/3169 3168/1/3168 3172/1/3172 
f 3174/1/3174 3173/1/3173 3172/1/3172 
f 3172/1/3172 3175/1/3175 3174/1/3174 
f 3174/1/3174 2197/1/2197 2196/1/2196 
f 2196/1/2196 3173/1/3173 3174/1/3174 
f 2193/1/2193 3169/1/3169 3173/1/3173 
f 3173/1/3173 2196/1/2196 2193/1/2193 
f 2339/1/2339 3176/1/3176 3177/1/3177 
f 3177/1/3177 2346/1/2346 2339/1/2339 
f 3178/1/3178 3177/1/3177 3176/1/3176 
f 3176/1/3176 3179/1/3179 3178/1/3178 
f 2356/1/2356 2353/1/2353 3177/1/3177 
f 3177/1/3177 3178/1/3178 2356/1/2356 
f 2346/1/2346 3177/1/3177 2353/1/2353 
f 2353/1/2353 2343/1/2343 2346/1/2346 
f 3175/1/3175 3180/1/3180 3181/1/3181 
f 3181/1/3181 3174/1/3174 3175/1/3175 
f 3180/1/3180 3179/1/3179 3176/1/3176 
f 3176/1/3176 3181/1/3181 3180/1/3180 
f 2342/1/2342 3181/1/3181 3176/1/3176 
f 3176/1/3176 2339/1/2339 2342/1/2342 
f 3174/1/3174 3181/1/3181 2342/1/2342 
f 2342/1/2342 2197/1/2197 3174/1/3174 
f 2364/1/2364 2361/1/2361 3182/1/3182 
f 3182/1/3182 3149/1/3149 2364/1/2364 
f 2361/1/2361 2356/1/2356 3178/1/3178 
f 3182/1/3182 3178/1/3178 3179/1/3179 
f 3183/1/3183 3150/1/3150 3149/1/3149 
f 3184/1/3184 3185/1/3185 3186/1/3186 
f 3186/1/3186 3187/1/3187 3184/1/3184 
f 3155/1/3155 3186/1/3186 3185/1/3185 
f 3185/1/3185 3152/1/3152 3155/1/3155 
f 3155/1/3155 3150/1/3150 3188/1/3188 
f 3189/1/3189 3187/1/3187 3186/1/3186 
f 3186/1/3186 3188/1/3188 3189/1/3189 
f 3184/1/3184 3190/1/3190 3191/1/3191 
f 3191/1/3191 3185/1/3185 3184/1/3184 
f 3192/1/3192 3191/1/3191 3190/1/3190 
f 3190/1/3190 3193/1/3193 3192/1/3192 
f 3156/1/3156 3159/1/3159 3191/1/3191 
f 3191/1/3191 3192/1/3192 3156/1/3156 
f 3152/1/3152 3185/1/3185 3191/1/3191 
f 3191/1/3191 3159/1/3159 3152/1/3152 
f 3193/1/3193 3194/1/3194 3195/1/3195 
f 3195/1/3195 3192/1/3192 3193/1/3193 
f 3196/1/3196 3195/1/3195 3194/1/3194 
f 3194/1/3194 3197/1/3197 3196/1/3196 
f 3163/1/3163 3160/1/3160 3195/1/3195 
f 3195/1/3195 3196/1/3196 3163/1/3163 
f 3192/1/3192 3195/1/3195 3160/1/3160 
f 3160/1/3160 3156/1/3156 3192/1/3192 
f 3197/1/3197 3198/1/3198 3199/1/3199 
f 3199/1/3199 3196/1/3196 3197/1/3197 
f 3198/1/3198 3200/1/3200 3201/1/3201 
f 3201/1/3201 3199/1/3199 3198/1/3198 
f 3164/1/3164 3199/1/3199 3201/1/3201 
f 3201/1/3201 3167/1/3167 3164/1/3164 
f 3196/1/3196 3199/1/3199 3164/1/3164 
f 3164/1/3164 3163/1/3163 3196/1/3196 
f 3202/1/3202 3203/1/3203 3204/1/3204 
f 3204/1/3204 3205/1/3205 3202/1/3202 
f 3171/1/3171 3204/1/3204 3203/1/3203 
f 3203/1/3203 3168/1/3168 3171/1/3171 
f 3167/1/3167 3201/1/3201 3204/1/3204 
f 3204/1/3204 3171/1/3171 3167/1/3167 
f 3205/1/3205 3204/1/3204 3201/1/3201 
f 3201/1/3201 3200/1/3200 3205/1/3205 
f 3184/1/3184 3206/1/3206 3207/1/3207 
f 3207/1/3207 3190/1/3190 3184/1/3184 
f 3208/1/3208 3207/1/3207 3206/1/3206 
f 3206/1/3206 3209/1/3209 3208/1/3208 
f 3210/1/3210 3211/1/3211 3207/1/3207 
f 3207/1/3207 3208/1/3208 3210/1/3210 
f 3211/1/3211 3193/1/3193 3190/1/3190 
f 3190/1/3190 3207/1/3207 3211/1/3211 
f 3210/1/3210 3212/1/3212 3213/1/3213 
f 3213/1/3213 3211/1/3211 3210/1/3210 
f 3214/1/3214 3215/1/3215 3213/1/3213 
f 3213/1/3213 3212/1/3212 3214/1/3214 
f 3197/1/3197 3194/1/3194 3213/1/3213 
f 3213/1/3213 3215/1/3215 3197/1/3197 
f 3211/1/3211 3213/1/3213 3194/1/3194 
f 3194/1/3194 3193/1/3193 3211/1/3211 
f 3216/1/3216 3217/1/3217 3218/1/3218 
f 3218/1/3218 3219/1/3219 3216/1/3216 
f 3172/1/3172 3218/1/3218 3217/1/3217 
f 3217/1/3217 3175/1/3175 3172/1/3172 
f 3168/1/3168 3203/1/3203 3218/1/3218 
f 3218/1/3218 3172/1/3172 3168/1/3168 
f 3219/1/3219 3218/1/3218 3203/1/3203 
f 3203/1/3203 3202/1/3202 3219/1/3219 
f 3214/1/3214 3220/1/3220 3221/1/3221 
f 3221/1/3221 3215/1/3215 3214/1/3214 
f 3222/1/3222 3223/1/3223 3221/1/3221 
f 3221/1/3221 3220/1/3220 3222/1/3222 
f 3200/1/3200 3198/1/3198 3221/1/3221 
f 3221/1/3221 3223/1/3223 3200/1/3200 
f 3215/1/3215 3221/1/3221 3198/1/3198 
f 3198/1/3198 3197/1/3197 3215/1/3215 
f 3209/1/3209 3224/1/3224 3225/1/3225 
f 3225/1/3225 3208/1/3208 3209/1/3209 
f 3220/1/3220 3225/1/3225 3224/1/3224 
f 3224/1/3224 3222/1/3222 3220/1/3220 
f 3214/1/3214 3212/1/3212 3225/1/3225 
f 3225/1/3225 3220/1/3220 3214/1/3214 
f 3208/1/3208 3225/1/3225 3212/1/3212 
f 3212/1/3212 3210/1/3210 3208/1/3208 
f 3226/1/3226 3227/1/3227 3228/1/3228 
f 3228/1/3228 3229/1/3229 3226/1/3226 
f 3230/1/3230 3228/1/3228 3227/1/3227 
f 3227/1/3227 3231/1/3231 3230/1/3230 
f 3222/1/3222 3224/1/3224 3228/1/3228 
f 3228/1/3228 3230/1/3230 3222/1/3222 
f 3229/1/3229 3228/1/3228 3224/1/3224 
f 3224/1/3224 3209/1/3209 3229/1/3229 
f 3200/1/3200 3223/1/3223 3232/1/3232 
f 3232/1/3232 3205/1/3205 3200/1/3200 
f 3230/1/3230 3232/1/3232 3223/1/3223 
f 3223/1/3223 3222/1/3222 3230/1/3230 
f 3231/1/3231 3233/1/3233 3232/1/3232 
f 3232/1/3232 3230/1/3230 3231/1/3231 
f 3205/1/3205 3232/1/3232 3233/1/3233 
f 3233/1/3233 3202/1/3202 3205/1/3205 
f 3234/1/3234 3235/1/3235 3236/1/3236 
f 3236/1/3236 3237/1/3237 3234/1/3234 
f 3235/1/3235 3189/1/3189 3188/1/3188 
f 3236/1/3236 3188/1/3188 3150/1/3150 
f 3237/1/3237 3236/1/3236 3183/1/3183 
f 3183/1/3183 3179/1/3179 3237/1/3237 
f 3238/1/3238 3239/1/3239 3187/1/3187 
f 3187/1/3187 3189/1/3189 3238/1/3238 
f 3229/1/3229 3239/1/3239 3238/1/3238 
f 3238/1/3238 3226/1/3226 3229/1/3229 
f 3209/1/3209 3206/1/3206 3239/1/3239 
f 3239/1/3239 3229/1/3229 3209/1/3209 
f 3187/1/3187 3239/1/3239 3206/1/3206 
f 3206/1/3206 3184/1/3184 3187/1/3187 
f 3240/1/3240 3234/1/3234 3237/1/3237 
f 3237/1/3237 3179/1/3179 3180/1/3180 
f 3180/1/3180 3175/1/3175 3217/1/3217 
f 3217/1/3217 3216/1/3216 3240/1/3240 
f 3241/1/3241 3242/1/3242 3243/1/3243 
f 3243/1/3243 3244/1/3244 3241/1/3241 
f 3245/1/3245 3243/1/3243 3242/1/3242 
f 3242/1/3242 3226/1/3226 3245/1/3245 
f 3234/1/3234 3240/1/3240 3243/1/3243 
f 3243/1/3243 3245/1/3245 3234/1/3234 
f 3244/1/3244 3243/1/3243 3240/1/3240 
f 3240/1/3240 3216/1/3216 3244/1/3244 
f 3245/1/3245 3226/1/3226 3238/1/3238 
f 3189/1/3189 3235/1/3235 3246/1/3246 
f 3246/1/3246 3238/1/3238 3189/1/3189 
f 3245/1/3245 3246/1/3246 3235/1/3235 
f 3235/1/3235 3234/1/3234 3245/1/3245 
f 3231/1/3231 3227/1/3227 3247/1/3247 
f 3247/1/3247 3248/1/3248 3231/1/3231 
f 3242/1/3242 3247/1/3247 3227/1/3227 
f 3227/1/3227 3226/1/3226 3242/1/3242 
f 3248/1/3248 3247/1/3247 3242/1/3242 
f 3242/1/3242 3241/1/3241 3248/1/3248 
f 3202/1/3202 3233/1/3233 3249/1/3249 
f 3249/1/3249 3219/1/3219 3202/1/3202 
f 3248/1/3248 3249/1/3249 3233/1/3233 
f 3233/1/3233 3231/1/3231 3248/1/3248 
f 3241/1/3241 3244/1/3244 3249/1/3249 
f 3249/1/3249 3248/1/3248 3241/1/3241 
f 3219/1/3219 3249/1/3249 3244/1/3244 
f 3244/1/3244 3216/1/3216 3219/1/3219 
f 3250/1/3250 3251/1/3251 3252/1/3252 
f 3252/1/3252 3253/1/3253 3250/1/3250 
f 2512/1/2512 3251/1/3251 3250/1/3250 
f 3250/1/3250 9/1/9 2512/1/2512 
f 3251/1/3251 2512/1/2512 2509/1/2509 
f 3254/1/3254 3252/1/3252 3251/1/3251 
f 3251/1/3251 3255/1/3255 3254/1/3254 
f 3256/1/3256 3257/1/3257 3258/1/3258 
f 3259/1/3259 1/1/1 4/1/4 
f 9/1/9 3250/1/3250 3256/1/3256 
f 3256/1/3256 4/1/4 9/1/9 
f 3253/1/3253 3257/1/3257 3256/1/3256 
f 3256/1/3256 3250/1/3250 3253/1/3253 
f 3260/1/3260 3261/1/3261 3262/1/3262 
f 3262/1/3262 3263/1/3263 3260/1/3260 
f 3264/1/3264 3262/1/3262 3261/1/3261 
f 3261/1/3261 3265/1/3265 3264/1/3264 
f 3258/1/3258 3257/1/3257 3262/1/3262 
f 3262/1/3262 3264/1/3264 3258/1/3258 
f 3263/1/3263 3262/1/3262 3257/1/3257 
f 3257/1/3257 3253/1/3253 3263/1/3263 
f 3266/1/3266 3267/1/3267 3261/1/3261 
f 3261/1/3261 3260/1/3260 3266/1/3266 
f 3268/1/3268 3269/1/3269 3267/1/3267 
f 3267/1/3267 3266/1/3266 3268/1/3268 
f 3269/1/3269 3270/1/3270 3271/1/3271 
f 3265/1/3265 3261/1/3261 3267/1/3267 
f 3267/1/3267 3271/1/3271 3265/1/3265 
f 3272/1/3272 3273/1/3273 3274/1/3274 
f 3274/1/3274 3275/1/3275 3272/1/3272 
f 3273/1/3273 3272/1/3272 25/1/25 
f 1/1/1 3259/1/3259 3273/1/3273 
f 3273/1/3273 24/1/24 1/1/1 
f 3274/1/3274 3273/1/3273 3259/1/3259 
f 3259/1/3259 3258/1/3258 3274/1/3274 
f 3275/1/3275 3274/1/3274 3276/1/3276 
f 3276/1/3276 3277/1/3277 3275/1/3275 
f 3276/1/3276 3274/1/3274 3258/1/3258 
f 3264/1/3264 3265/1/3265 3278/1/3278 
f 3277/1/3277 3276/1/3276 3278/1/3278 
f 3278/1/3278 3279/1/3279 3277/1/3277 
f 3280/1/3280 3278/1/3278 3265/1/3265 
f 3271/1/3271 3270/1/3270 3281/1/3281 
f 3282/1/3282 3280/1/3280 3281/1/3281 
f 3281/1/3281 3283/1/3283 3282/1/3282 
f 3279/1/3279 3278/1/3278 3280/1/3280 
f 3280/1/3280 3282/1/3282 3279/1/3279 
f 32/1/32 35/1/35 3284/1/3284 
f 3284/1/3284 3285/1/3285 32/1/32 
f 3272/1/3272 3284/1/3284 35/1/35 
f 35/1/35 25/1/25 3272/1/3272 
f 3275/1/3275 3286/1/3286 3284/1/3284 
f 3284/1/3284 3272/1/3272 3275/1/3275 
f 3285/1/3285 3284/1/3284 3286/1/3286 
f 3286/1/3286 3287/1/3287 3285/1/3285 
f 3287/1/3287 3286/1/3286 3288/1/3288 
f 3288/1/3288 3289/1/3289 3287/1/3287 
f 3277/1/3277 3288/1/3288 3286/1/3286 
f 3286/1/3286 3275/1/3275 3277/1/3277 
f 3279/1/3279 3290/1/3290 3288/1/3288 
f 3288/1/3288 3277/1/3277 3279/1/3279 
f 3289/1/3289 3288/1/3288 3290/1/3290 
f 3290/1/3290 3291/1/3291 3289/1/3289 
f 3282/1/3282 3292/1/3292 3290/1/3290 
f 3290/1/3290 3279/1/3279 3282/1/3282 
f 3283/1/3283 39/1/39 3292/1/3292 
f 3292/1/3292 3282/1/3282 3283/1/3283 
f 3293/1/3293 3292/1/3292 39/1/39 
f 39/1/39 38/1/38 3293/1/3293 
f 3291/1/3291 3290/1/3290 3292/1/3292 
f 3292/1/3292 3293/1/3293 3291/1/3291 
f 34/1/34 33/1/33 3294/1/3294 
f 3294/1/3294 3295/1/3295 34/1/34 
f 3285/1/3285 3294/1/3294 33/1/33 
f 33/1/33 32/1/32 3285/1/3285 
f 3287/1/3287 3296/1/3296 3294/1/3294 
f 3294/1/3294 3285/1/3285 3287/1/3287 
f 3295/1/3295 3294/1/3294 3296/1/3296 
f 3296/1/3296 3297/1/3297 3295/1/3295 
f 3297/1/3297 3296/1/3296 3298/1/3298 
f 3298/1/3298 3299/1/3299 3297/1/3297 
f 3289/1/3289 3298/1/3298 3296/1/3296 
f 3296/1/3296 3287/1/3287 3289/1/3289 
f 3291/1/3291 3300/1/3300 3298/1/3298 
f 3298/1/3298 3289/1/3289 3291/1/3291 
f 3299/1/3299 3298/1/3298 3300/1/3300 
f 3300/1/3300 3301/1/3301 3299/1/3299 
f 3293/1/3293 3302/1/3302 3300/1/3300 
f 3300/1/3300 3291/1/3291 3293/1/3293 
f 38/1/38 48/1/48 3302/1/3302 
f 3302/1/3302 3293/1/3293 38/1/38 
f 3303/1/3303 3302/1/3302 48/1/48 
f 48/1/48 51/1/51 3303/1/3303 
f 3301/1/3301 3300/1/3300 3302/1/3302 
f 3302/1/3302 3303/1/3303 3301/1/3301 
f 3304/1/3304 3305/1/3305 3306/1/3306 
f 3306/1/3306 3307/1/3307 3304/1/3304 
f 46/1/46 42/1/42 3305/1/3305 
f 3305/1/3305 3304/1/3304 46/1/46 
f 3308/1/3308 3305/1/3305 42/1/42 
f 42/1/42 45/1/45 3308/1/3308 
f 3309/1/3309 3306/1/3306 3305/1/3305 
f 3305/1/3305 3308/1/3308 3309/1/3309 
f 3310/1/3310 3311/1/3311 3312/1/3312 
f 3312/1/3312 3313/1/3313 3310/1/3310 
f 3314/1/3314 3315/1/3315 3312/1/3312 
f 3312/1/3312 3311/1/3311 3314/1/3314 
f 1777/1/1777 3312/1/3312 3315/1/3315 
f 3315/1/3315 1780/1/1780 1777/1/1777 
f 1776/1/1776 3313/1/3313 3312/1/3312 
f 3312/1/3312 1777/1/1777 1776/1/1776 
f 3307/1/3307 3306/1/3306 3316/1/3316 
f 3316/1/3316 3317/1/3317 3307/1/3307 
f 3318/1/3318 3316/1/3316 3306/1/3306 
f 3306/1/3306 3309/1/3309 3318/1/3318 
f 3314/1/3314 3311/1/3311 3316/1/3316 
f 3316/1/3316 3318/1/3318 3314/1/3314 
f 3317/1/3317 3316/1/3316 3311/1/3311 
f 3311/1/3311 3310/1/3310 3317/1/3317 
f 3313/1/3313 3319/1/3319 3320/1/3320 
f 3320/1/3320 3310/1/3310 3313/1/3313 
f 2622/1/2622 3319/1/3319 3313/1/3313 
f 3313/1/3313 1776/1/1776 2622/1/2622 
f 2622/1/2622 2611/1/2611 3321/1/3321 
f 3321/1/3321 3319/1/3319 2622/1/2622 
f 3322/1/3322 3320/1/3320 3319/1/3319 
f 3319/1/3319 3321/1/3321 3322/1/3322 
f 3323/1/3323 3324/1/3324 3325/1/3325 
f 3325/1/3325 3326/1/3326 3323/1/3323 
f 2247/1/2247 3325/1/3325 3324/1/3324 
f 3324/1/3324 2246/1/2246 2247/1/2247 
f 1780/1/1780 3315/1/3315 3325/1/3325 
f 3325/1/3325 2247/1/2247 1780/1/1780 
f 3326/1/3326 3325/1/3325 3315/1/3315 
f 3315/1/3315 3314/1/3314 3326/1/3326 
f 3327/1/3327 3328/1/3328 3329/1/3329 
f 3329/1/3329 3330/1/3330 3327/1/3327 
f 1789/1/1789 2245/1/2245 3329/1/3329 
f 3329/1/3329 3328/1/3328 1789/1/1789 
f 2246/1/2246 3324/1/3324 3329/1/3329 
f 3329/1/3329 2245/1/2245 2246/1/2246 
f 3330/1/3330 3329/1/3329 3324/1/3324 
f 3324/1/3324 3323/1/3323 3330/1/3330 
f 3326/1/3326 3331/1/3331 3332/1/3332 
f 3332/1/3332 3323/1/3323 3326/1/3326 
f 3314/1/3314 3318/1/3318 3331/1/3331 
f 3331/1/3331 3326/1/3326 3314/1/3314 
f 3309/1/3309 3333/1/3333 3331/1/3331 
f 3331/1/3331 3318/1/3318 3309/1/3309 
f 3334/1/3334 3332/1/3332 3331/1/3331 
f 3331/1/3331 3333/1/3333 3334/1/3334 
f 3308/1/3308 3335/1/3335 3333/1/3333 
f 3333/1/3333 3309/1/3309 3308/1/3308 
f 45/1/45 2430/1/2430 3335/1/3335 
f 3335/1/3335 3308/1/3308 45/1/45 
f 2433/1/2433 3336/1/3336 3335/1/3335 
f 3335/1/3335 2430/1/2430 2433/1/2433 
f 3333/1/3333 3335/1/3335 3336/1/3336 
f 3336/1/3336 3334/1/3334 3333/1/3333 
f 3337/1/3337 3338/1/3338 3339/1/3339 
f 3339/1/3339 3340/1/3340 3337/1/3337 
f 1784/1/1784 1783/1/1783 3338/1/3338 
f 3338/1/3338 3337/1/3337 1784/1/1784 
f 3328/1/3328 3338/1/3338 1783/1/1783 
f 1783/1/1783 1789/1/1789 3328/1/3328 
f 3327/1/3327 3339/1/3339 3338/1/3338 
f 3338/1/3338 3328/1/3328 3327/1/3327 
f 3330/1/3330 3341/1/3341 3342/1/3342 
f 3342/1/3342 3327/1/3327 3330/1/3330 
f 3323/1/3323 3332/1/3332 3341/1/3341 
f 3341/1/3341 3330/1/3330 3323/1/3323 
f 3343/1/3343 3341/1/3341 3332/1/3332 
f 3332/1/3332 3334/1/3334 3343/1/3343 
f 3344/1/3344 3342/1/3342 3341/1/3341 
f 3341/1/3341 3343/1/3343 3344/1/3344 
f 3334/1/3334 3336/1/3336 3345/1/3345 
f 3345/1/3345 3343/1/3343 3334/1/3334 
f 2436/1/2436 3345/1/3345 3336/1/3336 
f 3336/1/3336 2433/1/2433 2436/1/2436 
f 2435/1/2435 3346/1/3346 3345/1/3345 
f 3345/1/3345 2436/1/2436 2435/1/2435 
f 3343/1/3343 3345/1/3345 3346/1/3346 
f 3346/1/3346 3344/1/3344 3343/1/3343 
f 3340/1/3340 3339/1/3339 3347/1/3347 
f 3347/1/3347 3348/1/3348 3340/1/3340 
f 3342/1/3342 3347/1/3347 3339/1/3339 
f 3339/1/3339 3327/1/3327 3342/1/3342 
f 3349/1/3349 3347/1/3347 3342/1/3342 
f 3342/1/3342 3344/1/3344 3349/1/3349 
f 3348/1/3348 3347/1/3347 3349/1/3349 
f 3349/1/3349 3350/1/3350 3348/1/3348 
f 3344/1/3344 3346/1/3346 3351/1/3351 
f 3351/1/3351 3349/1/3349 3344/1/3344 
f 2467/1/2467 3351/1/3351 3346/1/3346 
f 3346/1/3346 2435/1/2435 2467/1/2467 
f 3352/1/3352 3351/1/3351 2467/1/2467 
f 2467/1/2467 2470/1/2470 3352/1/3352 
f 3350/1/3350 3349/1/3349 3351/1/3351 
f 3351/1/3351 3352/1/3352 3350/1/3350 
f 3353/1/3353 3354/1/3354 1799/1/1799 
f 3337/1/3337 3353/1/3353 1798/1/1798 
f 1798/1/1798 1784/1/1784 3337/1/3337 
f 3340/1/3340 3355/1/3355 3353/1/3353 
f 3353/1/3353 3337/1/3337 3340/1/3340 
f 3354/1/3354 3353/1/3353 3355/1/3355 
f 3355/1/3355 3356/1/3356 3354/1/3354 
f 3356/1/3356 3355/1/3355 3357/1/3357 
f 3357/1/3357 3358/1/3358 3356/1/3356 
f 3348/1/3348 3357/1/3357 3355/1/3355 
f 3355/1/3355 3340/1/3340 3348/1/3348 
f 3350/1/3350 3359/1/3359 3357/1/3357 
f 3357/1/3357 3348/1/3348 3350/1/3350 
f 3359/1/3359 3360/1/3360 3358/1/3358 
f 3352/1/3352 3361/1/3361 3359/1/3359 
f 3359/1/3359 3350/1/3350 3352/1/3352 
f 2470/1/2470 2477/1/2477 3361/1/3361 
f 3361/1/3361 3352/1/3352 2470/1/2470 
f 3362/1/3362 3361/1/3361 2477/1/2477 
f 2477/1/2477 2476/1/2476 3362/1/3362 
f 3361/1/3361 3362/1/3362 3360/1/3360 
f 3363/1/3363 3364/1/3364 3365/1/3365 
f 3365/1/3365 3366/1/3366 3363/1/3363 
f 1772/1/1772 2053/1/2053 3364/1/3364 
f 3364/1/3364 3363/1/3363 1772/1/1772 
f 3367/1/3367 3364/1/3364 2053/1/2053 
f 2053/1/2053 2052/1/2052 3367/1/3367 
f 3368/1/3368 3365/1/3365 3364/1/3364 
f 3364/1/3364 3367/1/3367 3368/1/3368 
f 2052/1/2052 2241/1/2241 3369/1/3369 
f 3369/1/3369 3367/1/3367 2052/1/2052 
f 3354/1/3354 3369/1/3369 2241/1/2241 
f 2241/1/2241 1799/1/1799 3354/1/3354 
f 3356/1/3356 3370/1/3370 3369/1/3369 
f 3369/1/3369 3354/1/3354 3356/1/3356 
f 3367/1/3367 3369/1/3369 3370/1/3370 
f 3370/1/3370 3368/1/3368 3367/1/3367 
f 3368/1/3368 3370/1/3370 3371/1/3371 
f 3371/1/3371 3372/1/3372 3368/1/3368 
f 3358/1/3358 3371/1/3371 3370/1/3370 
f 3370/1/3370 3356/1/3356 3358/1/3358 
f 3360/1/3360 3373/1/3373 3371/1/3371 
f 3371/1/3371 3358/1/3358 3360/1/3360 
f 3372/1/3372 3371/1/3371 3373/1/3373 
f 3373/1/3373 3374/1/3374 3372/1/3372 
f 3362/1/3362 3375/1/3375 3373/1/3373 
f 3373/1/3373 3360/1/3360 3362/1/3362 
f 2476/1/2476 2480/1/2480 3375/1/3375 
f 3375/1/3375 3362/1/3362 2476/1/2476 
f 3376/1/3376 3375/1/3375 2480/1/2480 
f 2480/1/2480 2446/1/2446 3376/1/3376 
f 3374/1/3374 3373/1/3373 3375/1/3375 
f 3375/1/3375 3376/1/3376 3374/1/3374 
f 3377/1/3377 3378/1/3378 3379/1/3379 
f 3379/1/3379 3380/1/3380 3377/1/3377 
f 3378/1/3378 1774/1/1774 1773/1/1773 
f 1773/1/1773 3379/1/3379 3378/1/3378 
f 3363/1/3363 3379/1/3379 1773/1/1773 
f 1773/1/1773 1772/1/1772 3363/1/3363 
f 3366/1/3366 3380/1/3380 3379/1/3379 
f 3379/1/3379 3363/1/3363 3366/1/3366 
f 3366/1/3366 3365/1/3365 3381/1/3381 
f 3381/1/3381 3382/1/3382 3366/1/3366 
f 3372/1/3372 3381/1/3381 3365/1/3365 
f 3365/1/3365 3368/1/3368 3372/1/3372 
f 3374/1/3374 3383/1/3383 3381/1/3381 
f 3381/1/3381 3372/1/3372 3374/1/3374 
f 3382/1/3382 3381/1/3381 3383/1/3383 
f 3383/1/3383 3384/1/3384 3382/1/3382 
f 3376/1/3376 3385/1/3385 3383/1/3383 
f 3383/1/3383 3374/1/3374 3376/1/3376 
f 2446/1/2446 2445/1/2445 3385/1/3385 
f 3385/1/3385 3376/1/3376 2446/1/2446 
f 3386/1/3386 3385/1/3385 2445/1/2445 
f 2445/1/2445 2444/1/2444 3386/1/3386 
f 3384/1/3384 3383/1/3383 3385/1/3385 
f 3385/1/3385 3386/1/3386 3384/1/3384 
f 3380/1/3380 3387/1/3387 3388/1/3388 
f 3388/1/3388 3377/1/3377 3380/1/3380 
f 3382/1/3382 3387/1/3387 3380/1/3380 
f 3380/1/3380 3366/1/3366 3382/1/3382 
f 3384/1/3384 3389/1/3389 3387/1/3387 
f 3387/1/3387 3382/1/3382 3384/1/3384 
f 3390/1/3390 3388/1/3388 3387/1/3387 
f 3387/1/3387 3389/1/3389 3390/1/3390 
f 3386/1/3386 3391/1/3391 3389/1/3389 
f 3389/1/3389 3384/1/3384 3386/1/3386 
f 2444/1/2444 2453/1/2453 3391/1/3391 
f 3391/1/3391 3386/1/3386 2444/1/2444 
f 2455/1/2455 3392/1/3392 3391/1/3391 
f 3391/1/3391 2453/1/2453 2455/1/2455 
f 3389/1/3389 3391/1/3391 3392/1/3392 
f 3392/1/3392 3390/1/3390 3389/1/3389 
f 2633/1/2633 3393/1/3393 3394/1/3394 
f 3394/1/3394 2630/1/2630 2633/1/2633 
f 1774/1/1774 3378/1/3378 3393/1/3393 
f 3393/1/3393 2633/1/2633 1774/1/1774 
f 3395/1/3395 3393/1/3393 3378/1/3378 
f 3378/1/3378 3377/1/3377 3395/1/3395 
f 3396/1/3396 3394/1/3394 3393/1/3393 
f 3393/1/3393 3395/1/3395 3396/1/3396 
f 3395/1/3395 3397/1/3397 3398/1/3398 
f 3398/1/3398 3396/1/3396 3395/1/3395 
f 3377/1/3377 3388/1/3388 3397/1/3397 
f 3397/1/3397 3395/1/3395 3377/1/3377 
f 3399/1/3399 3397/1/3397 3388/1/3388 
f 3388/1/3388 3390/1/3390 3399/1/3399 
f 3400/1/3400 3398/1/3398 3397/1/3397 
f 3397/1/3397 3399/1/3399 3400/1/3400 
f 3401/1/3401 3402/1/3402 3403/1/3403 
f 3403/1/3403 3404/1/3404 3401/1/3401 
f 2639/1/2639 3403/1/3403 3402/1/3402 
f 3402/1/3402 2636/1/2636 2639/1/2639 
f 2630/1/2630 3394/1/3394 3403/1/3403 
f 3403/1/3403 2639/1/2639 2630/1/2630 
f 3404/1/3404 3403/1/3403 3394/1/3394 
f 3394/1/3394 3396/1/3396 3404/1/3404 
f 3390/1/3390 3392/1/3392 3405/1/3405 
f 3405/1/3405 3399/1/3399 3390/1/3390 
f 2462/1/2462 3405/1/3405 3392/1/3392 
f 3392/1/3392 2455/1/2455 2462/1/2462 
f 2463/1/2463 3406/1/3406 3405/1/3405 
f 3405/1/3405 2462/1/2462 2463/1/2463 
f 3399/1/3399 3405/1/3405 3406/1/3406 
f 3406/1/3406 3400/1/3400 3399/1/3399 
f 57/1/57 53/1/53 3407/1/3407 
f 3407/1/3407 3408/1/3408 57/1/57 
f 3409/1/3409 3407/1/3407 53/1/53 
f 53/1/53 52/1/52 3409/1/3409 
f 3409/1/3409 3410/1/3410 3411/1/3411 
f 3411/1/3411 3407/1/3407 3409/1/3409 
f 3408/1/3408 3407/1/3407 3411/1/3411 
f 3411/1/3411 3412/1/3412 3408/1/3408 
f 3413/1/3413 2483/1/2483 2486/1/2486 
f 2486/1/2486 2488/1/2488 2494/1/2494 
f 3414/1/3414 3415/1/3415 2494/1/2494 
f 2494/1/2494 2493/1/2493 3414/1/3414 
f 3416/1/3416 3413/1/3413 3415/1/3415 
f 3415/1/3415 3414/1/3414 3416/1/3416 
f 3414/1/3414 3417/1/3417 3418/1/3418 
f 3418/1/3418 3416/1/3416 3414/1/3414 
f 2493/1/2493 3419/1/3419 3417/1/3417 
f 3417/1/3417 3414/1/3414 2493/1/2493 
f 3420/1/3420 3417/1/3417 3419/1/3419 
f 3419/1/3419 3421/1/3421 3420/1/3420 
f 3422/1/3422 3418/1/3418 3417/1/3417 
f 3417/1/3417 3420/1/3420 3422/1/3422 
f 3423/1/3423 3424/1/3424 3425/1/3425 
f 3426/1/3426 3085/1/3085 3090/1/3090 
f 3423/1/3423 3090/1/3090 2483/1/2483 
f 3413/1/3413 3416/1/3416 3424/1/3424 
f 3421/1/3421 3427/1/3427 3428/1/3428 
f 3428/1/3428 3420/1/3420 3421/1/3421 
f 3411/1/3411 3428/1/3428 3427/1/3427 
f 3427/1/3427 3412/1/3412 3411/1/3411 
f 3410/1/3410 3429/1/3429 3428/1/3428 
f 3428/1/3428 3411/1/3411 3410/1/3410 
f 3420/1/3420 3428/1/3428 3429/1/3429 
f 3429/1/3429 3422/1/3422 3420/1/3420 
f 78/1/78 77/1/77 3430/1/3430 
f 3430/1/3430 3431/1/3431 78/1/78 
f 3408/1/3408 3430/1/3430 77/1/77 
f 77/1/77 57/1/57 3408/1/3408 
f 3412/1/3412 3432/1/3432 3430/1/3430 
f 3430/1/3430 3408/1/3408 3412/1/3412 
f 3431/1/3431 3430/1/3430 3432/1/3432 
f 3432/1/3432 3433/1/3433 3431/1/3431 
f 3434/1/3434 3433/1/3433 3432/1/3432 
f 3412/1/3412 3427/1/3427 3435/1/3435 
f 3435/1/3435 3432/1/3432 3412/1/3412 
f 3436/1/3436 3435/1/3435 3427/1/3427 
f 3427/1/3427 3421/1/3421 3436/1/3436 
f 3437/1/3437 3434/1/3434 3435/1/3435 
f 3435/1/3435 3436/1/3436 3437/1/3437 
f 3421/1/3421 3419/1/3419 3438/1/3438 
f 3438/1/3438 3436/1/3436 3421/1/3421 
f 2499/1/2499 3438/1/3438 3419/1/3419 
f 3419/1/3419 2493/1/2493 2499/1/2499 
f 2498/1/2498 3439/1/3439 3438/1/3438 
f 3438/1/3438 2499/1/2499 2498/1/2498 
f 3436/1/3436 3438/1/3438 3439/1/3439 
f 3439/1/3439 3437/1/3437 3436/1/3436 
f 692/1/692 691/1/691 3440/1/3440 
f 3440/1/3440 3441/1/3441 692/1/692 
f 3431/1/3431 3440/1/3440 691/1/691 
f 691/1/691 78/1/78 3431/1/3431 
f 3433/1/3433 3442/1/3442 3440/1/3440 
f 3440/1/3440 3431/1/3431 3433/1/3433 
f 3443/1/3443 3441/1/3441 3440/1/3440 
f 3440/1/3440 3442/1/3442 3443/1/3443 
f 3442/1/3442 3444/1/3444 3445/1/3445 
f 3445/1/3445 3443/1/3443 3442/1/3442 
f 3444/1/3444 3442/1/3442 3433/1/3433 
f 3446/1/3446 3444/1/3444 3434/1/3434 
f 3434/1/3434 3437/1/3437 3446/1/3446 
f 3447/1/3447 3445/1/3445 3444/1/3444 
f 3444/1/3444 3446/1/3446 3447/1/3447 
f 3448/1/3448 3449/1/3449 3450/1/3450 
f 3450/1/3450 3451/1/3451 3448/1/3448 
f 3449/1/3449 698/1/698 697/1/697 
f 697/1/697 3450/1/3450 3449/1/3449 
f 697/1/697 692/1/692 3441/1/3441 
f 3451/1/3451 3450/1/3450 3441/1/3441 
f 3441/1/3441 3443/1/3443 3451/1/3451 
f 3437/1/3437 3439/1/3439 3452/1/3452 
f 3452/1/3452 3446/1/3446 3437/1/3437 
f 2502/1/2502 3452/1/3452 3439/1/3439 
f 3439/1/3439 2498/1/2498 2502/1/2502 
f 2506/1/2506 3453/1/3453 3452/1/3452 
f 3452/1/3452 2502/1/2502 2506/1/2506 
f 3446/1/3446 3452/1/3452 3453/1/3453 
f 3453/1/3453 3447/1/3447 3446/1/3446 
f 3454/1/3454 3455/1/3455 3456/1/3456 
f 3266/1/3266 3454/1/3454 3457/1/3457 
f 3457/1/3457 3268/1/3268 3266/1/3266 
f 3260/1/3260 3458/1/3458 3454/1/3454 
f 3454/1/3454 3266/1/3266 3260/1/3260 
f 3455/1/3455 3454/1/3454 3458/1/3458 
f 3458/1/3458 3459/1/3459 3455/1/3455 
f 3460/1/3460 2506/1/2506 2505/1/2505 
f 2505/1/2505 2504/1/2504 3461/1/3461 
f 3462/1/3462 3463/1/3463 3460/1/3460 
f 3263/1/3263 3464/1/3464 3458/1/3458 
f 3458/1/3458 3260/1/3260 3263/1/3263 
f 3253/1/3253 3252/1/3252 3464/1/3464 
f 3464/1/3464 3263/1/3263 3253/1/3253 
f 3465/1/3465 3464/1/3464 3252/1/3252 
f 3252/1/3252 3254/1/3254 3465/1/3465 
f 3459/1/3459 3458/1/3458 3464/1/3464 
f 3464/1/3464 3465/1/3465 3459/1/3459 
f 3466/1/3466 3467/1/3467 3468/1/3468 
f 3468/1/3468 3469/1/3469 3466/1/3466 
f 3447/1/3447 3453/1/3453 3468/1/3468 
f 3468/1/3468 3467/1/3467 3447/1/3447 
f 3460/1/3460 3468/1/3468 3453/1/3453 
f 3453/1/3453 2506/1/2506 3460/1/3460 
f 3468/1/3468 3460/1/3460 3463/1/3463 
f 3470/1/3470 3471/1/3471 3472/1/3472 
f 3472/1/3472 3473/1/3473 3470/1/3470 
f 3471/1/3471 2509/1/2509 2508/1/2508 
f 2508/1/2508 3472/1/3472 3471/1/3471 
f 698/1/698 3449/1/3449 3472/1/3472 
f 3472/1/3472 2508/1/2508 698/1/698 
f 3473/1/3473 3472/1/3472 3449/1/3449 
f 3449/1/3449 3448/1/3448 3473/1/3473 
f 3466/1/3466 3474/1/3474 3475/1/3475 
f 3475/1/3475 3467/1/3467 3466/1/3466 
f 3451/1/3451 3475/1/3475 3474/1/3474 
f 3474/1/3474 3448/1/3448 3451/1/3451 
f 3443/1/3443 3445/1/3445 3475/1/3475 
f 3475/1/3475 3451/1/3451 3443/1/3443 
f 3467/1/3467 3475/1/3475 3445/1/3445 
f 3445/1/3445 3447/1/3447 3467/1/3467 
f 3473/1/3473 3476/1/3476 3477/1/3477 
f 3477/1/3477 3470/1/3470 3473/1/3473 
f 3448/1/3448 3474/1/3474 3476/1/3476 
f 3476/1/3476 3473/1/3473 3448/1/3448 
f 3478/1/3478 3476/1/3476 3474/1/3474 
f 3474/1/3474 3466/1/3466 3478/1/3478 
f 3477/1/3477 3476/1/3476 3478/1/3478 
f 3478/1/3478 3479/1/3479 3477/1/3477 
f 3469/1/3469 3480/1/3480 3478/1/3478 
f 3478/1/3478 3466/1/3466 3469/1/3469 
f 3469/1/3469 3463/1/3463 3481/1/3481 
f 3482/1/3482 3480/1/3480 3481/1/3481 
f 3481/1/3481 3483/1/3483 3482/1/3482 
f 3479/1/3479 3478/1/3478 3480/1/3480 
f 3480/1/3480 3482/1/3482 3479/1/3479 
f 3484/1/3484 3485/1/3485 3486/1/3486 
f 3486/1/3486 3487/1/3487 3484/1/3484 
f 3455/1/3455 3486/1/3486 3485/1/3485 
f 3485/1/3485 3456/1/3456 3455/1/3455 
f 3459/1/3459 3488/1/3488 3486/1/3486 
f 3486/1/3486 3455/1/3455 3459/1/3459 
f 3487/1/3487 3486/1/3486 3488/1/3488 
f 3488/1/3488 3489/1/3489 3487/1/3487 
f 3490/1/3490 3491/1/3491 3492/1/3492 
f 3492/1/3492 3493/1/3493 3490/1/3490 
f 3477/1/3477 3492/1/3492 3491/1/3491 
f 3491/1/3491 3470/1/3470 3477/1/3477 
f 3479/1/3479 3494/1/3494 3492/1/3492 
f 3492/1/3492 3477/1/3477 3479/1/3479 
f 3493/1/3493 3492/1/3492 3494/1/3494 
f 3494/1/3494 3495/1/3495 3493/1/3493 
f 3479/1/3479 3482/1/3482 3496/1/3496 
f 3496/1/3496 3494/1/3494 3479/1/3479 
f 3497/1/3497 3496/1/3496 3482/1/3482 
f 3482/1/3482 3483/1/3483 3497/1/3497 
f 3498/1/3498 3499/1/3499 3496/1/3496 
f 3496/1/3496 3497/1/3497 3498/1/3498 
f 3494/1/3494 3496/1/3496 3499/1/3499 
f 3499/1/3499 3495/1/3495 3494/1/3494 
f 3500/1/3500 3501/1/3501 3254/1/3254 
f 3471/1/3471 3500/1/3500 3255/1/3255 
f 3255/1/3255 2509/1/2509 3471/1/3471 
f 3470/1/3470 3491/1/3491 3500/1/3500 
f 3500/1/3500 3471/1/3471 3470/1/3470 
f 3501/1/3501 3500/1/3500 3491/1/3491 
f 3491/1/3491 3490/1/3490 3501/1/3501 
f 3489/1/3489 3488/1/3488 3502/1/3502 
f 3502/1/3502 3503/1/3503 3489/1/3489 
f 3465/1/3465 3502/1/3502 3488/1/3488 
f 3488/1/3488 3459/1/3459 3465/1/3465 
f 3254/1/3254 3501/1/3501 3502/1/3502 
f 3502/1/3502 3465/1/3465 3254/1/3254 
f 3501/1/3501 3490/1/3490 3503/1/3503 
f 3495/1/3495 3504/1/3504 3505/1/3505 
f 3505/1/3505 3493/1/3493 3495/1/3495 
f 3503/1/3503 3505/1/3505 3504/1/3504 
f 3504/1/3504 3489/1/3489 3503/1/3503 
f 3493/1/3493 3505/1/3505 3503/1/3503 
f 3503/1/3503 3490/1/3490 3493/1/3493 
f 3499/1/3499 3506/1/3506 3504/1/3504 
f 3504/1/3504 3495/1/3495 3499/1/3499 
f 3498/1/3498 3507/1/3507 3506/1/3506 
f 3506/1/3506 3499/1/3499 3498/1/3498 
f 3487/1/3487 3506/1/3506 3507/1/3507 
f 3507/1/3507 3484/1/3484 3487/1/3487 
f 3489/1/3489 3504/1/3504 3506/1/3506 
f 3506/1/3506 3487/1/3487 3489/1/3489 
f 2624/1/2624 3508/1/3508 3509/1/3509 
f 3509/1/3509 2610/1/2610 2624/1/2624 
f 3295/1/3295 3508/1/3508 2624/1/2624 
f 2624/1/2624 34/1/34 3295/1/3295 
f 3297/1/3297 3510/1/3510 3508/1/3508 
f 3508/1/3508 3295/1/3295 3297/1/3297 
f 3510/1/3510 3511/1/3511 3509/1/3509 
f 3509/1/3509 3508/1/3508 3510/1/3510 
f 3511/1/3511 3510/1/3510 3512/1/3512 
f 3512/1/3512 3513/1/3513 3511/1/3511 
f 3299/1/3299 3512/1/3512 3510/1/3510 
f 3510/1/3510 3297/1/3297 3299/1/3299 
f 3301/1/3301 3514/1/3514 3512/1/3512 
f 3512/1/3512 3299/1/3299 3301/1/3301 
f 3513/1/3513 3512/1/3512 3514/1/3514 
f 3514/1/3514 3515/1/3515 3513/1/3513 
f 3509/1/3509 3511/1/3511 3516/1/3516 
f 3516/1/3516 3517/1/3517 3509/1/3509 
f 3321/1/3321 3517/1/3517 3516/1/3516 
f 3516/1/3516 3322/1/3322 3321/1/3321 
f 2607/1/2607 3517/1/3517 3321/1/3321 
f 3321/1/3321 2611/1/2611 2607/1/2607 
f 2610/1/2610 3509/1/3509 3517/1/3517 
f 3517/1/3517 2607/1/2607 2610/1/2610 
f 3518/1/3518 3519/1/3519 47/1/47 
f 47/1/47 46/1/46 3518/1/3518 
f 3520/1/3520 3521/1/3521 3519/1/3519 
f 3519/1/3519 3518/1/3518 3520/1/3520 
f 3522/1/3522 3523/1/3523 3521/1/3521 
f 3521/1/3521 3520/1/3520 3522/1/3522 
f 2629/1/2629 2628/1/2628 3523/1/3523 
f 3523/1/3523 3522/1/3522 2629/1/2629 
f 3303/1/3303 3524/1/3524 3514/1/3514 
f 3514/1/3514 3301/1/3301 3303/1/3303 
f 51/1/51 2626/1/2626 3524/1/3524 
f 3524/1/3524 3303/1/3303 51/1/51 
f 3525/1/3525 3524/1/3524 2626/1/2626 
f 2626/1/2626 2629/1/2629 3525/1/3525 
f 3515/1/3515 3514/1/3514 3524/1/3524 
f 3524/1/3524 3525/1/3525 3515/1/3515 
f 3520/1/3520 3518/1/3518 3526/1/3526 
f 3526/1/3526 3527/1/3527 3520/1/3520 
f 3304/1/3304 3526/1/3526 3518/1/3518 
f 3518/1/3518 46/1/46 3304/1/3304 
f 3307/1/3307 3528/1/3528 3526/1/3526 
f 3526/1/3526 3304/1/3304 3307/1/3307 
f 3527/1/3527 3526/1/3526 3528/1/3528 
f 3528/1/3528 3529/1/3529 3527/1/3527 
f 3529/1/3529 3530/1/3530 3531/1/3531 
f 3531/1/3531 3527/1/3527 3529/1/3529 
f 3525/1/3525 3531/1/3531 3530/1/3530 
f 3530/1/3530 3515/1/3515 3525/1/3525 
f 2629/1/2629 3522/1/3522 3531/1/3531 
f 3531/1/3531 3525/1/3525 2629/1/2629 
f 3527/1/3527 3531/1/3531 3522/1/3522 
f 3522/1/3522 3520/1/3520 3527/1/3527 
f 3410/1/3410 3409/1/3409 3532/1/3532 
f 3532/1/3532 3533/1/3533 3410/1/3410 
f 2601/1/2601 3532/1/3532 3409/1/3409 
f 3409/1/3409 52/1/52 2601/1/2601 
f 2602/1/2602 3534/1/3534 3532/1/3532 
f 3532/1/3532 2601/1/2601 2602/1/2602 
f 3533/1/3533 3532/1/3532 3534/1/3534 
f 3534/1/3534 3535/1/3535 3533/1/3533 
f 3317/1/3317 3536/1/3536 3528/1/3528 
f 3528/1/3528 3307/1/3307 3317/1/3317 
f 3310/1/3310 3320/1/3320 3536/1/3536 
f 3536/1/3536 3317/1/3317 3310/1/3310 
f 3537/1/3537 3536/1/3536 3320/1/3320 
f 3320/1/3320 3322/1/3322 3537/1/3537 
f 3529/1/3529 3528/1/3528 3536/1/3536 
f 3536/1/3536 3537/1/3537 3529/1/3529 
f 3537/1/3537 3538/1/3538 3530/1/3530 
f 3530/1/3530 3529/1/3529 3537/1/3537 
f 3322/1/3322 3516/1/3516 3538/1/3538 
f 3538/1/3538 3537/1/3537 3322/1/3322 
f 3513/1/3513 3538/1/3538 3516/1/3516 
f 3516/1/3516 3511/1/3511 3513/1/3513 
f 3515/1/3515 3530/1/3530 3538/1/3538 
f 3538/1/3538 3513/1/3513 3515/1/3515 
f 2644/1/2644 3539/1/3539 3534/1/3534 
f 3534/1/3534 2602/1/2602 2644/1/2644 
f 2636/1/2636 3402/1/3402 3539/1/3539 
f 3539/1/3539 2644/1/2644 2636/1/2636 
f 3540/1/3540 3539/1/3539 3402/1/3402 
f 3402/1/3402 3401/1/3401 3540/1/3540 
f 3535/1/3535 3534/1/3534 3539/1/3539 
f 3539/1/3539 3540/1/3540 3535/1/3535 
f 3541/1/3541 3542/1/3542 3543/1/3543 
f 3543/1/3543 3544/1/3544 3541/1/3541 
f 3422/1/3422 3429/1/3429 3542/1/3542 
f 3542/1/3542 3541/1/3541 3422/1/3422 
f 3533/1/3533 3542/1/3542 3429/1/3429 
f 3429/1/3429 3410/1/3410 3533/1/3533 
f 3535/1/3535 3543/1/3543 3542/1/3542 
f 3542/1/3542 3533/1/3533 3535/1/3535 
f 3545/1/3545 3083/1/3083 3082/1/3082 
f 3085/1/3085 3426/1/3426 3546/1/3546 
f 3546/1/3546 3082/1/3082 3085/1/3085 
f 3547/1/3547 3546/1/3546 3426/1/3426 
f 3426/1/3426 3425/1/3425 3547/1/3547 
f 3546/1/3546 3547/1/3547 3548/1/3548 
f 3545/1/3545 3548/1/3548 3549/1/3549 
f 3550/1/3550 3549/1/3549 2463/1/2463 
f 3550/1/3550 2458/1/2458 2461/1/2461 
f 3550/1/3550 3086/1/3086 3083/1/3083 
f 3544/1/3544 3551/1/3551 3552/1/3552 
f 3552/1/3552 3541/1/3541 3544/1/3544 
f 3424/1/3424 3552/1/3552 3551/1/3551 
f 3551/1/3551 3425/1/3425 3424/1/3424 
f 3416/1/3416 3418/1/3418 3552/1/3552 
f 3552/1/3552 3424/1/3424 3416/1/3416 
f 3541/1/3541 3552/1/3552 3418/1/3418 
f 3418/1/3418 3422/1/3422 3541/1/3541 
f 3553/1/3553 3548/1/3548 3547/1/3547 
f 3425/1/3425 3551/1/3551 3554/1/3554 
f 3554/1/3554 3547/1/3547 3425/1/3425 
f 3555/1/3555 3554/1/3554 3551/1/3551 
f 3551/1/3551 3544/1/3544 3555/1/3555 
f 3556/1/3556 3553/1/3553 3554/1/3554 
f 3554/1/3554 3555/1/3555 3556/1/3556 
f 3557/1/3557 3558/1/3558 3553/1/3553 
f 3553/1/3553 3556/1/3556 3557/1/3557 
f 3400/1/3400 3406/1/3406 3558/1/3558 
f 3558/1/3558 3557/1/3557 3400/1/3400 
f 3549/1/3549 3558/1/3558 3406/1/3406 
f 3406/1/3406 2463/1/2463 3549/1/3549 
f 3558/1/3558 3549/1/3549 3548/1/3548 
f 3544/1/3544 3543/1/3543 3559/1/3559 
f 3559/1/3559 3555/1/3555 3544/1/3544 
f 3540/1/3540 3559/1/3559 3543/1/3543 
f 3543/1/3543 3535/1/3535 3540/1/3540 
f 3401/1/3401 3560/1/3560 3559/1/3559 
f 3559/1/3559 3540/1/3540 3401/1/3401 
f 3555/1/3555 3559/1/3559 3560/1/3560 
f 3560/1/3560 3556/1/3556 3555/1/3555 
f 3556/1/3556 3560/1/3560 3561/1/3561 
f 3561/1/3561 3557/1/3557 3556/1/3556 
f 3404/1/3404 3561/1/3561 3560/1/3560 
f 3560/1/3560 3401/1/3401 3404/1/3404 
f 3396/1/3396 3398/1/3398 3561/1/3561 
f 3561/1/3561 3404/1/3404 3396/1/3396 
f 3557/1/3557 3561/1/3561 3398/1/3398 
f 3398/1/3398 3400/1/3400 3557/1/3557 
f 20/1/20 21/1/21 18/1/18 
f 99/1/99 96/1/96 95/1/95 
f 98/1/98 106/1/106 104/1/104 
f 17/1/17 108/1/108 111/1/111 
f 91/1/91 115/1/115 116/1/116 
f 97/1/97 116/1/116 119/1/119 
f 135/1/135 136/1/136 133/1/133 
f 141/1/141 143/1/143 139/1/139 
f 150/1/150 148/1/148 147/1/147 
f 151/1/151 152/1/152 148/1/148 
f 150/1/150 190/1/190 194/1/194 
f 227/1/227 1834/1/1834 225/1/225 
f 225/1/225 1834/1/1834 228/1/228 
f 226/1/226 225/1/225 230/1/230 
f 195/1/195 198/1/198 282/1/282 
f 283/1/283 282/1/282 198/1/198 
f 309/1/309 310/1/310 307/1/307 
f 329/1/329 327/1/327 229/1/229 
f 280/1/280 340/1/340 339/1/339 
f 377/1/377 376/1/376 380/1/380 
f 361/1/361 385/1/385 382/1/382 
f 397/1/397 401/1/401 400/1/400 
f 415/1/415 412/1/412 417/1/417 
f 403/1/403 425/1/425 400/1/400 
f 437/1/437 439/1/439 435/1/435 
f 463/1/463 465/1/465 461/1/461 
f 442/1/442 441/1/441 466/1/466 
f 487/1/487 491/1/491 490/1/490 
f 496/1/496 497/1/497 493/1/493 
f 502/1/502 510/1/510 506/1/506 
f 523/1/523 524/1/524 500/1/500 
f 494/1/494 524/1/524 523/1/523 
f 495/1/495 510/1/510 524/1/524 
f 500/1/500 524/1/524 510/1/510 
f 531/1/531 532/1/532 529/1/529 
f 534/1/534 529/1/529 532/1/532 
f 533/1/533 538/1/538 537/1/537 
f 538/1/538 540/1/540 467/1/467 
f 436/1/436 543/1/543 498/1/498 
f 548/1/548 553/1/553 551/1/551 
f 563/1/563 560/1/560 559/1/559 
f 573/1/573 574/1/574 569/1/569 
f 570/1/570 569/1/569 574/1/574 
f 532/1/532 589/1/589 588/1/588 
f 595/1/595 596/1/596 593/1/593 
f 539/1/539 593/1/593 596/1/596 
f 594/1/594 593/1/593 588/1/588 
f 594/1/594 599/1/599 597/1/597 
f 595/1/595 602/1/602 601/1/601 
f 596/1/596 601/1/601 545/1/545 
f 561/1/561 602/1/602 603/1/603 
f 606/1/606 603/1/603 604/1/604 
f 562/1/562 603/1/603 606/1/606 
f 614/1/614 612/1/612 611/1/611 
f 624/1/624 623/1/623 627/1/627 
f 613/1/613 630/1/630 629/1/629 
f 584/1/584 581/1/581 629/1/629 
f 619/1/619 638/1/638 630/1/630 
f 633/1/633 643/1/643 642/1/642 
f 641/1/641 642/1/642 616/1/616 
f 636/1/636 643/1/643 644/1/644 
f 631/1/631 644/1/644 643/1/643 
f 625/1/625 622/1/622 644/1/644 
f 637/1/637 644/1/644 622/1/622 
f 669/1/669 670/1/670 668/1/668 
f 199/1/199 668/1/668 670/1/670 
f 280/1/280 678/1/678 677/1/677 
f 675/1/675 678/1/678 679/1/679 
f 283/1/283 679/1/679 678/1/678 
f 200/1/200 670/1/670 679/1/679 
f 680/1/680 679/1/679 670/1/670 
f 688/1/688 693/1/693 704/1/704 
f 767/1/767 764/1/764 772/1/772 
f 812/1/812 814/1/814 497/1/497 
f 488/1/488 490/1/490 814/1/814 
f 497/1/497 814/1/814 490/1/490 
f 488/1/488 813/1/813 821/1/821 
f 826/1/826 827/1/827 824/1/824 
f 829/1/829 824/1/824 827/1/827 
f 830/1/830 831/1/831 824/1/824 
f 825/1/825 824/1/824 831/1/831 
f 835/1/835 833/1/833 832/1/832 
f 895/1/895 894/1/894 797/1/797 
f 898/1/898 893/1/893 901/1/901 
f 896/1/896 903/1/903 901/1/901 
f 873/1/873 909/1/909 908/1/908 
f 904/1/904 908/1/908 909/1/909 
f 877/1/877 874/1/874 908/1/908 
f 909/1/909 911/1/911 910/1/910 
f 910/1/910 913/1/913 912/1/912 
f 917/1/917 914/1/914 913/1/913 
f 922/1/922 923/1/923 919/1/919 
f 912/1/912 919/1/919 923/1/923 
f 941/1/941 937/1/937 948/1/948 
f 947/1/947 950/1/950 943/1/943 
f 950/1/950 951/1/951 430/1/430 
f 430/1/430 951/1/951 952/1/952 
f 374/1/374 958/1/958 957/1/957 
f 886/1/886 882/1/882 960/1/960 
f 982/1/982 983/1/983 981/1/981 
f 915/1/915 971/1/971 983/1/983 
f 981/1/981 983/1/983 971/1/971 
f 988/1/988 977/1/977 567/1/567 
f 557/1/557 979/1/979 989/1/989 
f 985/1/985 989/1/989 979/1/979 
f 968/1/968 1005/1/1005 1004/1/1004 
f 1007/1/1007 1004/1/1004 1005/1/1005 
f 1006/1/1006 1005/1/1005 1008/1/1008 
f 976/1/976 1008/1/1008 1005/1/1005 
f 962/1/962 961/1/961 1008/1/1008 
f 1009/1/1009 1008/1/1008 961/1/961 
f 1007/1/1007 1011/1/1011 1015/1/1015 
f 232/1/232 1068/1/1068 1067/1/1067 
f 1070/1/1070 1067/1/1067 1068/1/1068 
f 226/1/226 1067/1/1067 1072/1/1072 
f 1100/1/1100 1098/1/1098 1097/1/1097 
f 1108/1/1108 1105/1/1105 1104/1/1104 
f 1109/1/1109 1110/1/1110 1105/1/1105 
f 1106/1/1106 1105/1/1105 1110/1/1110 
f 1140/1/1140 1141/1/1141 1137/1/1137 
f 1144/1/1144 1146/1/1146 1142/1/1142 
f 1148/1/1148 1149/1/1149 1146/1/1146 
f 1139/1/1139 1154/1/1154 1151/1/1151 
f 1155/1/1155 1156/1/1156 1151/1/1151 
f 1152/1/1152 1158/1/1158 1157/1/1157 
f 1147/1/1147 1144/1/1144 1157/1/1157 
f 1153/1/1153 1157/1/1157 1159/1/1159 
f 898/1/898 1162/1/1162 1160/1/1160 
f 1164/1/1164 1165/1/1165 1161/1/1161 
f 1168/1/1168 1169/1/1169 1166/1/1166 
f 1154/1/1154 1166/1/1166 1169/1/1169 
f 1164/1/1164 1166/1/1166 1154/1/1154 
f 1163/1/1163 1167/1/1167 1166/1/1166 
f 1171/1/1171 1170/1/1170 1169/1/1169 
f 1158/1/1158 1170/1/1170 1173/1/1173 
f 1179/1/1179 1178/1/1178 1177/1/1177 
f 590/1/590 1181/1/1181 598/1/598 
f 1189/1/1189 1192/1/1192 1188/1/1188 
f 1193/1/1193 1196/1/1196 1195/1/1195 
f 1195/1/1195 1197/1/1197 1182/1/1182 
f 635/1/635 1197/1/1197 1195/1/1195 
f 1168/1/1168 1186/1/1186 1198/1/1198 
f 1190/1/1190 1199/1/1199 1198/1/1198 
f 1171/1/1171 1198/1/1198 1199/1/1199 
f 1207/1/1207 1210/1/1210 1214/1/1214 
f 1252/1/1252 1254/1/1254 1253/1/1253 
f 1258/1/1258 1256/1/1256 1255/1/1255 
f 1256/1/1256 1258/1/1258 1241/1/1241 
f 1261/1/1261 1263/1/1263 1259/1/1259 
f 1257/1/1257 1255/1/1255 1259/1/1259 
f 1260/1/1260 1259/1/1259 1255/1/1255 
f 1257/1/1257 1267/1/1267 1265/1/1265 
f 1272/1/1272 1274/1/1274 1268/1/1268 
f 1273/1/1273 1272/1/1272 1271/1/1271 
f 1254/1/1254 1272/1/1272 1273/1/1273 
f 1274/1/1274 1272/1/1272 1254/1/1254 
f 1276/1/1276 1275/1/1275 1273/1/1273 
f 1100/1/1100 1275/1/1275 858/1/858 
f 1269/1/1269 1266/1/1266 1280/1/1280 
f 1281/1/1281 1280/1/1280 1248/1/1248 
f 1261/1/1261 1290/1/1290 1288/1/1288 
f 1260/1/1260 1292/1/1292 1290/1/1290 
f 1295/1/1295 1289/1/1289 1291/1/1291 
f 1312/1/1312 1313/1/1313 1311/1/1311 
f 1316/1/1316 1319/1/1319 1307/1/1307 
f 1312/1/1312 1314/1/1314 1327/1/1327 
f 1328/1/1328 1331/1/1331 1313/1/1313 
f 1335/1/1335 1334/1/1334 1318/1/1318 
f 1348/1/1348 1359/1/1359 1357/1/1357 
f 1368/1/1368 1366/1/1366 1365/1/1365 
f 1389/1/1389 1386/1/1386 1385/1/1385 
f 1387/1/1387 1386/1/1386 1372/1/1372 
f 1147/1/1147 1173/1/1173 1404/1/1404 
f 1148/1/1148 1403/1/1403 1407/1/1407 
f 1412/1/1412 1411/1/1411 1199/1/1199 
f 1405/1/1405 1411/1/1411 1414/1/1414 
f 1417/1/1417 1418/1/1418 1415/1/1415 
f 1402/1/1402 1414/1/1414 1415/1/1415 
f 1420/1/1420 1422/1/1422 1398/1/1398 
f 1420/1/1420 1419/1/1419 1413/1/1413 
f 1422/1/1422 1420/1/1420 591/1/591 
f 1416/1/1416 1424/1/1424 1423/1/1423 
f 1398/1/1398 1394/1/1394 1424/1/1424 
f 1393/1/1393 1408/1/1408 1427/1/1427 
f 1418/1/1418 1428/1/1428 1406/1/1406 
f 1391/1/1391 1428/1/1428 1426/1/1426 
f 1381/1/1381 1406/1/1406 1428/1/1428 
f 1432/1/1432 1431/1/1431 1400/1/1400 
f 1369/1/1369 1377/1/1377 1434/1/1434 
f 1436/1/1436 1433/1/1433 1439/1/1439 
f 1443/1/1443 1446/1/1446 1371/1/1371 
f 1481/1/1481 1479/1/1479 1478/1/1478 
f 1482/1/1482 1483/1/1483 1479/1/1479 
f 1480/1/1480 1478/1/1478 1486/1/1486 
f 1486/1/1486 1488/1/1488 1489/1/1489 
f 1399/1/1399 1507/1/1507 1506/1/1506 
f 1504/1/1504 1506/1/1506 1507/1/1507 
f 1432/1/1432 1506/1/1506 1494/1/1494 
f 1519/1/1519 1522/1/1522 1517/1/1517 
f 1512/1/1512 1540/1/1540 1539/1/1539 
f 1532/1/1532 1539/1/1539 1540/1/1540 
f 1578/1/1578 1580/1/1580 1577/1/1577 
f 837/1/837 1580/1/1580 1579/1/1579 
f 830/1/830 1579/1/1579 1582/1/1582 
f 1583/1/1583 1582/1/1582 1579/1/1579 
f 1575/1/1575 1586/1/1586 1584/1/1584 
f 1422/1/1422 1584/1/1584 1586/1/1586 
f 531/1/531 530/1/530 1584/1/1584 
f 1585/1/1585 1584/1/1584 530/1/530 
f 1586/1/1586 1587/1/1587 1397/1/1397 
f 1591/1/1591 1588/1/1588 1589/1/1589 
f 521/1/521 1588/1/1588 1591/1/1591 
f 1567/1/1567 1574/1/1574 1592/1/1592 
f 1593/1/1593 1592/1/1592 1574/1/1574 
f 1565/1/1565 1592/1/1592 1595/1/1595 
f 504/1/504 517/1/517 1599/1/1599 
f 1591/1/1591 1599/1/1599 517/1/517 
f 505/1/505 1599/1/1599 1596/1/1596 
f 1581/1/1581 1602/1/1602 1600/1/1600 
f 1593/1/1593 1603/1/1603 1601/1/1601 
f 834/1/834 1607/1/1607 1605/1/1605 
f 1577/1/1577 1605/1/1605 1606/1/1606 
f 1614/1/1614 1610/1/1610 1609/1/1609 
f 844/1/844 1485/1/1485 1610/1/1610 
f 1618/1/1618 1616/1/1616 1615/1/1615 
f 1613/1/1613 1616/1/1616 1619/1/1619 
f 1608/1/1608 1607/1/1607 1619/1/1619 
f 1624/1/1624 1625/1/1625 1622/1/1622 
f 1624/1/1624 1623/1/1623 1612/1/1612 
f 1482/1/1482 1491/1/1491 1624/1/1624 
f 1688/1/1688 1687/1/1687 1690/1/1690 
f 1695/1/1695 1696/1/1696 1693/1/1693 
f 1708/1/1708 1706/1/1706 1705/1/1705 
f 1720/1/1720 1718/1/1718 1717/1/1717 
f 1719/1/1719 1725/1/1725 1723/1/1723 
f 1732/1/1732 1729/1/1729 1730/1/1730 
f 1235/1/1235 1729/1/1729 1732/1/1732 
f 1526/1/1526 1529/1/1529 1739/1/1739 
f 1736/1/1736 1741/1/1741 1739/1/1739 
f 1731/1/1731 1730/1/1730 1755/1/1755 
f 1785/1/1785 1795/1/1795 1793/1/1793 
f 144/1/144 143/1/143 1793/1/1793 
f 1784/1/1784 1798/1/1798 1797/1/1797 
f 1800/1/1800 1797/1/1797 1798/1/1798 
f 1813/1/1813 1811/1/1811 1810/1/1810 
f 1812/1/1812 1826/1/1826 1824/1/1824 
f 1813/1/1813 1824/1/1824 1072/1/1072 
f 1830/1/1830 1831/1/1831 1828/1/1828 
f 1827/1/1827 1833/1/1833 1832/1/1832 
f 1842/1/1842 1841/1/1841 1120/1/1120 
f 1746/1/1746 1873/1/1873 1874/1/1874 
f 1875/1/1875 1872/1/1872 1876/1/1876 
f 1877/1/1877 1876/1/1876 1740/1/1740 
f 1925/1/1925 1927/1/1927 1923/1/1923 
f 1924/1/1924 1923/1/1923 1930/1/1930 
f 1934/1/1934 1932/1/1932 1927/1/1927 
f 1933/1/1933 1932/1/1932 1756/1/1756 
f 1135/1/1135 1937/1/1937 1940/1/1940 
f 1700/1/1700 1699/1/1699 1940/1/1940 
f 1950/1/1950 1948/1/1948 1943/1/1943 
f 1951/1/1951 1953/1/1953 1930/1/1930 
f 1931/1/1931 1930/1/1930 1953/1/1953 
f 1952/1/1952 1959/1/1959 1957/1/1957 
f 1967/1/1967 1966/1/1966 1885/1/1885 
f 1971/1/1971 1972/1/1972 1969/1/1969 
f 1974/1/1974 1969/1/1969 1972/1/1972 
f 2001/1/2001 2002/1/2002 1999/1/1999 
f 2004/1/2004 1999/1/1999 2002/1/2002 
f 1691/1/1691 1696/1/1696 1999/1/1999 
f 2043/1/2043 2044/1/2044 2041/1/2041 
f 1964/1/1964 2048/1/2048 2047/1/2047 
f 2004/1/2004 2072/1/2072 1692/1/1692 
f 1998/1/1998 1997/1/1997 2072/1/2072 
f 1857/1/1857 2078/1/2078 2077/1/2077 
f 1922/1/1922 2121/1/2121 2122/1/2122 
f 2123/1/2123 2122/1/2122 2024/1/2024 
f 2125/1/2125 2124/1/2124 2118/1/2118 
f 2140/1/2140 2137/1/2137 2136/1/2136 
f 1121/1/1121 1843/1/1843 2137/1/2137 
f 2139/1/2139 2144/1/2144 2141/1/2141 
f 2149/1/2149 2148/1/2148 2136/1/2136 
f 2155/1/2155 2152/1/2152 2151/1/2151 
f 1353/1/1353 1362/1/1362 2152/1/2152 
f 2157/1/2157 2156/1/2156 2155/1/2155 
f 1463/1/1463 2165/1/2165 2168/1/2168 
f 1973/1/1973 2175/1/2175 2174/1/2174 
f 1985/1/1985 2195/1/2195 2198/1/2198 
f 1889/1/1889 2204/1/2204 2205/1/2205 
f 1967/1/1967 2212/1/2212 2050/1/2050 
f 2221/1/2221 2220/1/2220 1897/1/1897 
f 2222/1/2222 2223/1/2223 1935/1/1935 
f 1935/1/1935 2223/1/2223 2015/1/2015 
f 2225/1/2225 2224/1/2224 2219/1/2219 
f 2051/1/2051 2215/1/2215 2229/1/2229 
f 1896/1/1896 1900/1/1900 2230/1/2230 
f 1955/1/1955 2164/1/2164 2231/1/2231 
f 1931/1/1931 2234/1/2234 2235/1/2235 
f 2236/1/2236 2235/1/2235 2234/1/2234 
f 2236/1/2236 2238/1/2238 2143/1/2143 
f 1799/1/1799 2241/1/2241 2240/1/2240 
f 2057/1/2057 2242/1/2242 2240/1/2240 
f 2125/1/2125 2257/1/2257 1810/1/1810 
f 1713/1/1713 1831/1/1831 2260/1/2260 
f 321/1/321 2076/1/2076 2261/1/2261 
f 2082/1/2082 2079/1/2079 2261/1/2261 
f 328/1/328 2261/1/2261 2079/1/2079 
f 1860/1/1860 2263/1/2263 2078/1/2078 
f 2135/1/2135 2265/1/2265 2264/1/2264 
f 2270/1/2270 2268/1/2268 2267/1/2267 
f 846/1/846 845/1/845 2268/1/2268 
f 2287/1/2287 2288/1/2288 2286/1/2286 
f 832/1/832 2288/1/2288 2287/1/2287 
f 2281/1/2281 2286/1/2286 2288/1/2288 
f 2287/1/2287 2290/1/2290 1620/1/1620 
f 1620/1/1620 2290/1/2290 2267/1/2267 
f 1500/1/1500 1576/1/1576 2299/1/2299 
f 1566/1/1566 2299/1/2299 1576/1/1576 
f 2300/1/2300 2303/1/2303 1554/1/1554 
f 2302/1/2302 2303/1/2303 2300/1/2300 
f 2355/1/2355 2362/1/2362 2357/1/2357 
f 2360/1/2360 2367/1/2367 2365/1/2365 
f 2372/1/2372 2371/1/2371 2363/1/2363 
f 2427/1/2427 1492/1/1492 1480/1/1480 
f 1622/1/1622 1625/1/1625 2429/1/2429 
f 1493/1/1493 2420/1/2420 2429/1/2429 
f 2436/1/2436 2437/1/2437 2434/1/2434 
f 2440/1/2440 2442/1/2442 2438/1/2438 
f 2452/1/2452 2454/1/2454 2450/1/2450 
f 2459/1/2459 2454/1/2454 2452/1/2452 
f 2471/1/2471 2469/1/2469 2468/1/2468 
f 2466/1/2466 2468/1/2468 2467/1/2467 
f 2476/1/2476 2477/1/2477 2473/1/2473 
f 2474/1/2474 2479/1/2479 2480/1/2480 
f 2440/1/2440 2478/1/2478 2481/1/2481 
f 2491/1/2491 2492/1/2492 2489/1/2489 
f 2493/1/2493 2494/1/2494 2492/1/2492 
f 2488/1/2488 3562/1/3562 2492/1/2492 
f 2497/1/2497 2500/1/2500 2496/1/2496 
f 2509/1/2509 2510/1/2510 2507/1/2507 
f 2515/1/2515 2517/1/2517 2513/1/2513 
f 2526/1/2526 2525/1/2525 152/1/152 
f 2532/1/2532 2535/1/2535 2533/1/2533 
f 172/1/172 2653/1/2653 2655/1/2655 
f 2658/1/2658 2659/1/2659 2656/1/2656 
f 2657/1/2657 2666/1/2666 2665/1/2665 
f 2724/1/2724 2722/1/2722 2721/1/2721 
f 2723/1/2723 2729/1/2729 2727/1/2727 
f 2730/1/2730 2737/1/2737 2735/1/2735 
f 151/1/151 194/1/194 2745/1/2745 
f 2743/1/2743 2748/1/2748 2755/1/2755 
f 2747/1/2747 2762/1/2762 2752/1/2752 
f 2515/1/2515 2522/1/2522 2762/1/2762 
f 2754/1/2754 2763/1/2763 2769/1/2769 
f 2768/1/2768 2769/1/2769 2763/1/2763 
f 1863/1/1863 2771/1/2771 2766/1/2766 
f 2790/1/2790 2789/1/2789 1333/1/1333 
f 2800/1/2800 2801/1/2801 1471/1/1471 
f 1878/1/1878 2804/1/2804 2802/1/2802 
f 2823/1/2823 2822/1/2822 2578/1/2578 
f 2832/1/2832 2831/1/2831 2821/1/2821 
f 1132/1/1132 1128/1/1128 2843/1/2843 
f 2847/1/2847 2856/1/2856 2855/1/2855 
f 2881/1/2881 2880/1/2880 2535/1/2535 
f 2887/1/2887 2888/1/2888 2729/1/2729 
f 2899/1/2899 2903/1/2903 2906/1/2906 
f 1241/1/1241 1270/1/1270 2907/1/2907 
f 2910/1/2910 2907/1/2907 2908/1/2908 
f 2577/1/2577 2583/1/2583 2911/1/2911 
f 1247/1/1247 2864/1/2864 2916/1/2916 
f 2917/1/2917 2916/1/2916 2864/1/2864 
f 2863/1/2863 2866/1/2866 2919/1/2919 
f 1469/1/1469 2974/1/2974 1488/1/1488 
f 2801/1/2801 2984/1/2984 2973/1/2973 
f 2786/1/2786 2785/1/2785 2992/1/2992 
f 2552/1/2552 2992/1/2992 2785/1/2785 
f 2998/1/2998 2994/1/2994 3001/1/3001 
f 1553/1/1553 3011/1/3011 3009/1/3009 
f 3014/1/3014 3013/1/3013 2419/1/2419 
f 3029/1/3029 3028/1/3028 3025/1/3025 
f 3012/1/3012 3011/1/3011 3028/1/3028 
f 1551/1/1551 3028/1/3028 3011/1/3011 
f 2568/1/2568 3030/1/3030 3032/1/3032 
f 2996/1/2996 3044/1/3044 3046/1/3046 
f 3083/1/3083 3088/1/3088 3081/1/3081 
f 2665/1/2665 3102/1/3102 3100/1/3100 
f 3104/1/3104 3103/1/3103 2545/1/2545 
f 3105/1/3105 3104/1/3104 3116/1/3116 
f 1445/1/1445 1450/1/1450 3130/1/3130 
f 2967/1/2967 3130/1/3130 1450/1/1450 
f 1364/1/1364 1363/1/1363 3132/1/3132 
f 2364/1/2364 3149/1/3149 3148/1/3148 
f 3151/1/3151 3148/1/3148 3149/1/3149 
f 3178/1/3178 3182/1/3182 2361/1/2361 
f 3179/1/3179 3183/1/3183 3182/1/3182 
f 3149/1/3149 3182/1/3182 3183/1/3183 
f 3188/1/3188 3186/1/3186 3155/1/3155 
f 3188/1/3188 3236/1/3236 3235/1/3235 
f 3150/1/3150 3183/1/3183 3236/1/3236 
f 3237/1/3237 3563/1/3563 3240/1/3240 
f 3180/1/3180 3563/1/3563 3237/1/3237 
f 3217/1/3217 3563/1/3563 3180/1/3180 
f 3240/1/3240 3563/1/3563 3217/1/3217 
f 3238/1/3238 3246/1/3246 3245/1/3245 
f 2509/1/2509 3255/1/3255 3251/1/3251 
f 3258/1/3258 3259/1/3259 3256/1/3256 
f 4/1/4 3256/1/3256 3259/1/3259 
f 3271/1/3271 3267/1/3267 3269/1/3269 
f 25/1/25 24/1/24 3273/1/3273 
f 3258/1/3258 3264/1/3264 3276/1/3276 
f 3278/1/3278 3276/1/3276 3264/1/3264 
f 3265/1/3265 3271/1/3271 3280/1/3280 
f 3281/1/3281 3280/1/3280 3271/1/3271 
f 1799/1/1799 1798/1/1798 3353/1/3353 
f 3358/1/3358 3357/1/3357 3359/1/3359 
f 3360/1/3360 3359/1/3359 3361/1/3361 
f 2486/1/2486 3415/1/3415 3413/1/3413 
f 2494/1/2494 3415/1/3415 2486/1/2486 
f 3425/1/3425 3426/1/3426 3423/1/3423 
f 3090/1/3090 3423/1/3423 3426/1/3426 
f 2483/1/2483 3413/1/3413 3423/1/3423 
f 3424/1/3424 3423/1/3423 3413/1/3413 
f 3432/1/3432 3435/1/3435 3434/1/3434 
f 3433/1/3433 3434/1/3434 3444/1/3444 
f 3441/1/3441 3450/1/3450 697/1/697 
f 3456/1/3456 3457/1/3457 3454/1/3454 
f 2505/1/2505 3564/1/3564 3460/1/3460 
f 3461/1/3461 3564/1/3564 2505/1/2505 
f 3460/1/3460 3564/1/3564 3462/1/3462 
f 3463/1/3463 3469/1/3469 3468/1/3468 
f 3481/1/3481 3480/1/3480 3469/1/3469 
f 3254/1/3254 3255/1/3255 3500/1/3500 
f 3503/1/3503 3502/1/3502 3501/1/3501 
f 3082/1/3082 3546/1/3546 3545/1/3545 
f 3548/1/3548 3545/1/3545 3546/1/3546 
f 3549/1/3549 3550/1/3550 3545/1/3545 
f 2463/1/2463 2458/1/2458 3550/1/3550 
f 2461/1/2461 3086/1/3086 3550/1/3550 
f 3083/1/3083 3545/1/3545 3550/1/3550 
f 3547/1/3547 3554/1/3554 3553/1/3553 
f 3548/1/3548 3553/1/3553 3558/1/3558 
# 7060 faces

