# 3ds Max Wavefront OBJ Exporter v0.99 - (c)2007 guruware
# File Created: 23.04.2025 02:51:04

mtllib ala_der.mtl

#
# object ala_der
#

v  -0.8608 0.4588 -1.3643
v  -0.9014 0.5330 -1.3000
v  -0.9315 0.6807 -1.4968
v  -0.8797 0.6156 -1.5591
v  -0.9781 0.7308 -1.4430
v  -0.9520 0.5775 -1.2527
v  -1.0039 0.8755 -1.6347
v  -0.9506 0.8229 -1.6876
v  -0.8903 0.7553 -1.7493
v  -1.0174 1.0030 -1.8127
v  -1.0243 1.1039 -1.9607
v  -0.9535 1.0190 -2.0091
v  -0.9553 0.9355 -1.8632
v  -0.8899 0.8518 -1.9186
v  -0.8833 0.9180 -2.0578
v  -0.5603 0.6965 -1.8024
v  -0.7832 0.6768 -1.8196
v  -0.7757 0.7757 -1.9723
v  -0.5488 0.7875 -1.9618
v  -0.7650 0.8366 -2.0979
v  -0.5536 0.7948 -2.1036
v  -0.7459 0.4215 -1.4162
v  -0.7682 0.5584 -1.6235
v  -0.5600 0.5692 -1.6117
v  -0.5471 0.4583 -1.3916
v  0.2952 0.1293 -1.3091
v  0.2520 0.0242 -1.0997
v  0.1453 0.1002 -1.0970
v  0.1848 0.2108 -1.3025
v  0.1146 0.0066 -0.9156
v  0.2220 -0.0598 -0.9107
v  -0.0455 0.0850 -0.9360
v  -0.0204 0.1911 -1.1089
v  0.0088 0.3092 -1.3102
v  0.3992 0.3518 -1.6705
v  0.3451 0.2460 -1.5026
v  0.2229 0.3272 -1.5009
v  0.2616 0.4312 -1.6850
v  0.0296 0.4218 -1.5172
v  0.0513 0.5274 -1.7153
v  -0.2573 0.5475 -1.5480
v  -0.2630 0.4258 -1.3375
v  -0.2449 0.6702 -1.7456
v  1.2920 -0.4346 -0.7114
v  1.3441 -0.3677 -0.8954
v  1.3563 -0.3207 -0.8612
v  1.3042 -0.3826 -0.6824
v  1.4285 -0.2405 -1.0652
v  1.4174 -0.2813 -1.1051
v  1.3934 -0.1928 -1.0363
v  1.3006 -0.2930 -0.8532
v  1.2442 -0.3507 -0.6784
v  -0.3208 0.8387 -0.9258
v  -0.2931 0.9466 -1.1308
v  -0.4038 1.0520 -1.0874
v  -0.4236 0.9490 -0.8800
v  -0.3875 1.1507 -1.2942
v  -0.2617 1.0523 -1.3324
v  -0.4860 1.2609 -1.2175
v  -0.5184 1.1436 -1.0282
v  -0.5537 1.0173 -0.8433
v  0.1328 1.0575 -1.6612
v  -0.0210 1.1430 -1.6549
v  -0.0640 1.0501 -1.5286
v  0.0905 0.9678 -1.5311
v  -0.1958 1.2274 -1.6505
v  -0.2283 1.1446 -1.5127
v  -0.1055 0.9539 -1.3504
v  0.0473 0.8732 -1.3497
v  -0.4216 1.4701 -1.4955
v  -0.4577 1.3648 -1.3871
v  -0.3693 1.2430 -1.4776
v  -0.3268 1.3442 -1.5987
v  -0.8332 1.1967 -1.2105
v  -0.8550 1.0443 -1.0497
v  -0.6960 1.1370 -1.0084
v  -0.6613 1.2687 -1.1862
v  -0.7302 1.0012 -0.8411
v  -0.8720 0.8924 -0.9051
v  -1.3264 2.1016 -2.8323
v  -1.3783 2.3109 -2.9643
v  -1.3079 2.2933 -3.0115
v  -1.2419 2.0654 -2.8837
v  -1.3948 2.5014 -3.1627
v  -1.4478 2.5127 -3.1079
v  -1.3185 2.4957 -3.2027
v  -1.2258 2.2838 -3.0472
v  -1.1459 2.0436 -2.9225
v  -0.7527 0.8803 -2.1899
v  -0.5494 0.8164 -2.1944
v  -0.8730 0.9680 -2.1575
v  -0.8620 1.0080 -2.2380
v  -0.7347 0.9225 -2.2584
v  -0.5367 0.8516 -2.2541
v  -0.5001 0.9671 -2.3355
v  -0.5187 0.8994 -2.3058
v  -0.7116 0.9715 -2.3255
v  -0.6891 1.0337 -2.3720
v  -0.8465 1.0529 -2.3184
v  -0.8306 1.1034 -2.3796
v  -0.9521 1.0745 -2.1107
v  -0.9542 1.1138 -2.1921
v  -1.0301 1.1684 -2.0621
v  -1.0345 1.2151 -2.1391
v  -0.9577 1.1521 -2.2758
v  -0.9618 1.1955 -2.3466
v  -1.0418 1.2601 -2.2164
v  -1.0537 1.3108 -2.2861
v  -0.2310 0.7324 -1.9367
v  -0.2460 0.6913 -2.1037
v  0.0752 0.5826 -2.0758
v  0.0822 0.6168 -1.9015
v  -0.2528 0.6945 -2.2090
v  -0.2466 0.7390 -2.2675
v  0.0566 0.6194 -2.2701
v  0.0588 0.5732 -2.1965
v  -0.2329 0.8036 -2.2953
v  -0.2207 0.8741 -2.3024
v  0.0792 0.7711 -2.3022
v  0.0668 0.6944 -2.3014
v  0.3054 0.5119 -1.8506
v  0.3140 0.5037 -2.0103
v  0.4734 0.4213 -1.9556
v  0.4546 0.4248 -1.8106
v  2.1329 0.0307 -1.7458
v  2.0776 -0.0623 -1.8393
v  2.1413 -0.0359 -1.8943
v  2.1964 0.0738 -1.8018
v  2.0012 -0.0731 -1.9060
v  2.0115 -0.0589 -1.9683
v  2.0338 -0.0314 -2.0123
v  2.1679 -0.0027 -1.9426
v  2.2235 0.1070 -1.8526
v  2.0582 0.0074 -2.0440
v  2.0793 0.0527 -2.0630
v  2.1453 0.0922 -2.0274
v  2.1873 0.1743 -1.9714
v  2.2251 0.1390 -1.9058
v  2.1792 0.0366 -1.9851
v  1.9719 0.1022 -1.6852
v  1.8395 0.0604 -1.6354
v  1.8346 0.0158 -1.6916
v  2.1031 0.1346 -1.6955
v  1.9912 0.0199 -1.7240
v  2.0213 0.2189 -1.6931
v  1.9209 0.1752 -1.6720
v  1.8076 0.1275 -1.6158
v  -0.2987 1.4150 -1.6629
v  -0.3969 1.5394 -1.5530
v  -0.1778 1.2931 -1.7327
v  -0.1397 1.3702 -1.7430
v  -0.2751 1.4759 -1.6931
v  -0.3889 1.5903 -1.5990
v  1.1800 -0.0746 -1.6537
v  1.0694 -0.0211 -1.6630
v  1.1341 0.0994 -1.8213
v  1.2628 0.0420 -1.8079
v  0.9609 0.0347 -1.6690
v  1.0158 0.1560 -1.8300
v  1.1689 0.1290 -1.9993
v  1.0361 0.1919 -2.0093
v  1.3247 0.0840 -1.9715
v  1.1960 0.1400 -2.1202
v  1.3613 0.0945 -2.0852
v  1.0538 0.1905 -2.1397
v  1.0845 0.2383 -2.2133
v  1.2294 0.1862 -2.1900
v  1.3953 0.1264 -2.1550
v  1.0268 0.8919 -1.8012
v  0.8686 1.0294 -1.7810
v  0.8152 0.9380 -1.7362
v  0.9725 0.8231 -1.7536
v  0.6833 1.0366 -1.7349
v  0.7197 1.1278 -1.7920
v  0.6421 0.9402 -1.7273
v  0.7563 0.8443 -1.7416
v  0.9057 0.7395 -1.7526
v  1.0313 0.8924 -1.9615
v  0.8689 1.0316 -1.9887
v  0.8886 1.0639 -1.8860
v  1.0423 0.9105 -1.8819
v  0.7394 1.1703 -1.8996
v  0.7273 1.1448 -2.0120
v  0.8025 0.9195 -2.1254
v  0.6675 1.0328 -2.1554
v  0.7005 1.0920 -2.0897
v  0.8408 0.9816 -2.0617
v  1.0048 0.8488 -2.0272
v  0.9722 0.7938 -2.0943
v  -0.2711 1.5279 -1.7407
v  -0.3950 1.6460 -1.6607
v  -0.1228 1.4263 -1.7805
v  -0.1199 1.4643 -1.8337
v  -0.2795 1.5682 -1.7988
v  -0.4113 1.6943 -1.7382
v  -0.1407 1.4829 -1.9578
v  -0.3021 1.6110 -1.9344
v  -0.2934 1.5971 -1.8625
v  -0.1281 1.4834 -1.8936
v  -0.4283 1.7327 -1.8181
v  -0.4341 1.7615 -1.9067
v  -1.2123 1.7084 -2.5812
v  -1.2799 1.8881 -2.7067
v  -1.1871 1.8302 -2.7685
v  -1.1107 1.6354 -2.6347
v  -1.0731 1.7969 -2.8057
v  -0.9840 1.5898 -2.6583
v  -0.9625 1.7831 -2.8206
v  -0.8606 1.5658 -2.6581
v  -1.0506 2.0347 -2.9543
v  -0.8731 1.9774 -3.0184
v  -0.7769 1.7357 -2.8482
v  -0.6744 1.5117 -2.6710
v  -0.4299 1.6097 -2.9192
v  -0.3520 1.3930 -2.7140
v  -0.5120 1.8371 -3.1281
v  -0.1274 1.6162 -3.2964
v  -0.0686 1.4021 -3.0512
v  -0.0195 1.2035 -2.8093
v  0.2558 1.2429 -3.1550
v  0.2833 1.0735 -2.8788
v  0.2147 1.4351 -3.4327
v  0.4881 1.3120 -3.5261
v  0.5124 1.1333 -3.2284
v  0.5150 0.9696 -2.9371
v  2.4411 0.5924 -3.5094
v  2.5244 0.5273 -3.4910
v  2.6347 0.6790 -3.9233
v  2.6245 0.7509 -3.9195
v  2.5935 0.8070 -3.9234
v  2.3943 0.6193 -3.5190
v  2.3099 0.4938 -3.0686
v  2.2574 0.5250 -3.0642
v  2.3535 0.4365 -3.0706
v  1.1966 1.0021 -2.8842
v  1.3059 1.0954 -3.2204
v  1.0465 1.2596 -3.1597
v  0.9579 1.1366 -2.8694
v  1.1130 1.4024 -3.4626
v  1.4059 1.2451 -3.5498
v  0.8385 1.5173 -3.4139
v  0.7986 1.3725 -3.1320
v  0.7426 1.2399 -2.8669
v  -0.5220 2.0020 -2.4830
v  -0.3477 1.8591 -2.5637
v  -0.3597 2.0068 -2.7446
v  -0.5558 2.1405 -2.6449
v  -0.1464 1.8981 -2.8160
v  -0.1570 1.7437 -2.6215
v  -0.1596 2.0654 -3.0131
v  -0.3888 2.1825 -2.9204
v  -0.6054 2.3122 -2.8046
v  1.2737 1.0164 -3.7322
v  1.5274 0.9293 -3.7869
v  1.4640 0.7389 -3.4285
v  1.2399 0.8296 -3.3859
v  1.7204 0.6289 -3.4786
v  1.8077 0.8037 -3.8661
v  1.6620 0.5534 -3.0524
v  1.4300 0.6511 -3.0250
v  1.2160 0.7004 -3.0145
v  -0.9193 2.3270 -2.2563
v  -0.6585 2.2390 -2.3238
v  -0.7037 2.3664 -2.4536
v  -0.9569 2.4639 -2.3466
v  -0.7650 2.5259 -2.5954
v  -1.0061 2.6300 -2.4579
v  2.1015 0.3230 -1.9204
v  2.1629 0.2511 -1.9367
v  2.0925 0.2705 -2.0286
v  2.0540 0.3347 -2.0106
v  2.1017 0.2137 -2.0523
v  2.0458 0.3011 -2.1286
v  2.0560 0.2526 -2.1534
v  2.0161 0.3552 -2.1028
v  1.2625 0.2469 -2.2308
v  1.4326 0.1791 -2.2037
v  1.1141 0.3061 -2.2457
v  1.2902 0.3102 -2.2475
v  1.1391 0.3766 -2.2530
v  1.4677 0.2479 -2.2178
v  -0.4316 1.7372 -2.0948
v  -0.4226 1.7668 -2.0095
v  -0.3085 1.5895 -2.0190
v  -0.3041 1.5765 -2.1007
v  -0.1582 1.4520 -2.0220
v  -0.1529 1.4518 -2.0924
v  -0.4617 1.7792 -2.2039
v  -0.3164 1.6267 -2.2335
v  -0.3374 1.7194 -2.3847
v  -0.4905 1.8733 -2.3277
v  -0.1703 1.5944 -2.4240
v  -0.1676 1.4949 -2.2517
v  -0.8516 1.2344 -2.4528
v  -0.8290 1.1513 -2.4124
v  -0.9716 1.2462 -2.3910
v  -0.9941 1.3300 -2.4370
v  -1.0737 1.3735 -2.3404
v  -1.1046 1.4564 -2.3977
v  -0.9039 1.3963 -2.5304
v  -1.0411 1.4663 -2.5184
v  -1.1494 1.5682 -2.4763
v  -0.5067 1.1676 -2.3965
v  -0.4900 1.0498 -2.3539
v  -0.6815 1.0980 -2.4004
v  -0.7031 1.1991 -2.4384
v  -0.5758 1.3222 -2.5136
v  -0.7678 1.3677 -2.5206
v  -0.2096 0.9556 -2.3091
v  -0.2205 1.0593 -2.3760
v  0.0714 0.8992 -2.4047
v  0.0858 0.8307 -2.3207
v  0.0296 1.0253 -2.5827
v  -0.2774 1.2023 -2.5271
v  0.5393 0.7339 -2.4702
v  0.5305 0.6587 -2.4085
v  0.3389 0.7410 -2.3550
v  0.3360 0.8092 -2.4327
v  0.3289 0.6849 -2.3280
v  0.5140 0.5998 -2.3895
v  0.5224 0.8227 -2.6748
v  0.3099 0.9167 -2.6273
v  2.0561 0.3975 -2.3356
v  2.0143 0.3698 -2.1832
v  2.0487 0.3219 -2.2081
v  2.0944 0.3504 -2.3541
v  2.0645 0.2721 -2.2255
v  2.1108 0.2989 -2.3624
v  2.1492 0.4608 -2.6456
v  2.1965 0.4155 -2.6586
v  2.2058 0.3573 -2.6712
v  0.7994 0.9130 -2.2214
v  0.6515 1.0076 -2.2511
v  0.9753 0.7965 -2.1883
v  1.0083 0.8305 -2.3314
v  0.8221 0.9468 -2.3644
v  0.6728 1.0550 -2.3895
v  0.8756 1.0208 -2.5948
v  1.0887 0.9055 -2.5762
v  0.6942 1.1201 -2.6119
v  -0.3002 1.5907 -2.1544
v  -0.4442 1.7371 -2.1428
v  -0.1557 1.4608 -2.1530
v  -0.6178 2.1203 -2.1994
v  -0.8791 2.2146 -2.1547
v  -0.8423 2.1247 -2.0659
v  -0.5843 2.0271 -2.0989
v  -2.5872 3.9263 -3.4117
v  -2.5580 3.9525 -3.4079
v  -2.5760 3.9312 -3.3642
v  -2.6112 3.9030 -3.3798
v  -2.5392 3.9800 -3.3590
v  -2.5161 4.0008 -3.4072
v  -2.5706 3.9818 -3.3147
v  -2.6100 3.9308 -3.3248
v  -2.6319 3.9088 -3.3431
v  -2.7033 4.0406 -3.3878
v  -2.7247 3.9988 -3.3697
v  -2.7080 4.0493 -3.3258
v  -2.6858 4.0831 -3.3692
v  -2.7007 3.9980 -3.2896
v  -2.7197 3.9488 -3.3462
v  -2.6476 4.0632 -3.2595
v  -2.6566 4.1185 -3.2956
v  -2.6421 4.1587 -3.3450
v  -2.6578 4.0535 -3.4560
v  -2.6885 4.0418 -3.4254
v  -2.6615 4.1041 -3.4140
v  -2.6277 4.1005 -3.4518
v  -2.6133 4.1772 -3.3965
v  -2.5797 4.1733 -3.4445
v  -2.5501 3.9778 -3.4531
v  -2.5009 4.0352 -3.4552
v  -2.6000 3.9338 -3.4408
v  -2.6204 3.9658 -3.4666
v  -2.5636 4.0183 -3.4835
v  -2.5071 4.0828 -3.4928
v  -2.4663 4.0647 -3.4117
v  -2.4864 4.0415 -3.3620
v  -2.4261 4.0969 -3.3726
v  -2.4016 4.1098 -3.4245
v  -2.4501 4.1070 -3.3203
v  -2.5182 4.0517 -3.3165
v  -2.5449 4.0820 -3.2708
v  -2.5738 4.1366 -3.2358
v  -2.6069 4.0072 -3.2678
v  -2.4696 4.1406 -3.2720
v  -2.4823 4.1944 -3.2341
v  -2.5880 4.2052 -3.2603
v  -2.5768 4.2552 -3.3180
v  -2.4870 4.2704 -3.2379
v  -2.4759 4.3296 -3.2945
v  -2.5451 4.2682 -3.3808
v  -2.5096 4.2547 -3.4351
v  -2.4489 4.3390 -3.3660
v  -2.4207 4.3187 -3.4272
v  -2.4745 4.2139 -3.4789
v  -2.5413 4.1378 -3.4829
v  -2.3963 4.2724 -3.4729
v  -2.3821 4.2120 -3.4972
v  -2.4470 4.1549 -3.4896
v  -2.4484 4.1041 -3.4542
v  -2.3828 4.1452 -3.4810
v  -2.3413 4.1146 -3.4516
v  -2.3595 4.1033 -3.3888
v  -2.3007 4.0966 -3.4097
v  -2.2842 4.1214 -3.4682
v  -2.3099 4.1018 -3.3412
v  -2.3772 4.1186 -3.3295
v  -2.3873 4.1557 -3.2778
v  -2.3108 4.1465 -3.2866
v  -2.3048 4.2099 -3.2652
v  -2.3882 4.2124 -3.2454
v  -2.3777 4.2829 -3.2481
v  -2.3613 4.3385 -3.2970
v  -2.2889 4.2718 -3.2766
v  -2.2689 4.3222 -3.3158
v  -2.3415 4.3515 -3.3650
v  -2.3238 4.3345 -3.4267
v  -2.2511 4.3474 -3.3756
v  -2.2398 4.3352 -3.4392
v  -2.3140 4.2927 -3.4757
v  -2.3135 4.2334 -3.4997
v  -2.2393 4.2931 -3.4878
v  -2.2483 4.2338 -3.5126
v  -2.3266 4.1649 -3.5009
v  -2.2675 4.1693 -3.5113
v  -2.2108 4.1154 -2.9105
v  -2.1697 4.1306 -2.8570
v  -2.2521 4.1419 -2.8080
v  -2.2905 4.1295 -2.8652
v  -2.2201 4.1930 -2.7741
v  -2.1357 4.1782 -2.8219
v  -2.2756 4.2058 -2.7528
v  -2.3238 4.1659 -2.7651
v  -2.3655 4.1473 -2.8266
v  -2.1837 4.0741 -3.0296
v  -2.1995 4.1456 -3.0715
v  -2.1459 4.1146 -3.1335
v  -2.1264 4.1037 -2.9697
v  -2.1177 4.0591 -3.0805
v  -2.0528 4.0848 -3.0298
v  -2.2622 4.0913 -2.9735
v  -2.2779 4.1614 -3.0144
v  -2.1105 4.2618 -3.1329
v  -2.1463 4.1903 -3.1550
v  -2.2096 4.2105 -3.1002
v  -2.1817 4.2796 -3.0808
v  -2.2851 4.2260 -3.0395
v  -2.2688 4.2966 -3.0338
v  -2.1463 4.3255 -3.0453
v  -2.0745 4.3161 -3.1066
v  -2.2335 4.3505 -2.9999
v  -2.1889 4.3675 -2.9454
v  -2.1065 4.3460 -2.9986
v  -2.0295 4.3459 -3.0654
v  -2.0671 4.3367 -2.9463
v  -1.9786 4.3404 -3.0095
v  -2.1467 4.3655 -2.8852
v  -2.1213 4.3161 -2.8370
v  -2.0374 4.2987 -2.8998
v  -1.9437 4.2914 -2.9615
v  -2.0249 4.2338 -2.8695
v  -2.0480 4.1639 -2.8841
v  -1.9724 4.1555 -2.9639
v  -1.9334 4.2188 -2.9346
v  -2.1178 4.2473 -2.8143
v  -2.0858 4.1248 -2.9231
v  -2.0127 4.1215 -3.0002
v  -2.2531 4.0940 -3.3573
v  -2.2514 4.1362 -3.2957
v  -2.2046 4.1302 -3.2981
v  -2.2050 4.0908 -3.3665
v  -2.2440 4.2039 -3.2773
v  -2.1936 4.2015 -3.2807
v  -2.1734 4.2689 -3.2918
v  -2.2267 4.2667 -3.2904
v  -2.2046 4.3223 -3.3253
v  -2.1497 4.3253 -3.3327
v  -2.1861 4.3548 -3.3881
v  -2.1768 4.3374 -3.4572
v  -2.1305 4.3574 -3.4005
v  -2.1208 4.3343 -3.4736
v  -2.1786 4.2886 -3.5037
v  -2.1905 4.2277 -3.5295
v  -2.1223 4.2793 -3.5224
v  -2.1350 4.2129 -3.5504
v  -2.2104 4.1624 -3.5267
v  -2.1575 4.1410 -3.5458
v  -2.1769 4.0899 -3.5002
v  -2.2276 4.1154 -3.4855
v  -2.2439 4.0953 -3.4282
v  -2.1919 4.0808 -3.4374
v  -2.1562 4.1370 -3.2948
v  -2.1397 4.2109 -3.2805
v  -2.1543 4.0864 -3.3602
v  -2.1220 4.0707 -3.3277
v  -2.1171 4.1466 -3.2850
v  -2.0894 4.2221 -3.2817
v  -2.1202 4.1685 -3.1969
v  -2.1158 4.0834 -3.1661
v  -2.0663 4.2452 -3.1807
v  -2.0456 4.2309 -3.2203
v  -2.1120 4.1535 -3.2186
v  -2.1005 4.0407 -3.1991
v  -2.0230 4.3143 -3.3383
v  -2.0568 4.2792 -3.2960
v  -2.0156 4.2826 -3.2664
v  -1.9722 4.3152 -3.3034
v  -2.0438 4.2197 -3.2631
v  -2.0027 4.2903 -3.2216
v  -1.9295 4.3180 -3.2331
v  -2.1140 4.2754 -3.2974
v  -2.0864 4.3254 -3.3402
v  -2.0252 4.3036 -3.1684
v  -1.9716 4.3341 -3.1388
v  -2.0674 4.3587 -3.4090
v  -2.0596 4.3322 -3.4865
v  -2.0016 4.3446 -3.4054
v  -1.9919 4.3277 -3.4913
v  -2.0614 4.2653 -3.5428
v  -2.0768 4.1883 -3.5792
v  -1.9965 4.2531 -3.5633
v  -2.0181 4.1668 -3.6184
v  -2.1198 4.0565 -3.2715
v  -2.0968 4.1473 -3.2538
v  -1.7925 4.2641 -3.1363
v  -1.8534 4.2997 -3.1860
v  -1.9107 4.3239 -3.0894
v  -1.8624 4.2795 -3.0385
v  -1.6826 4.1928 -3.2163
v  -1.6808 4.1184 -3.1998
v  -1.5435 4.1248 -3.2837
v  -1.7229 4.2472 -3.2600
v  -1.5807 4.1875 -3.3342
v  -1.6493 4.2369 -3.3844
v  -1.7630 4.1991 -3.0892
v  -1.8146 4.1067 -3.1073
v  -1.8427 4.2040 -3.0005
v  -1.9084 4.1402 -3.0429
v  -1.9531 4.0907 -3.0622
v  -1.8994 4.0474 -3.1043
v  -2.0041 4.0519 -3.0815
v  -1.9646 3.9881 -3.1131
v  -2.0721 4.0405 -3.1170
v  -2.0509 3.9921 -3.1377
v  -2.0280 3.9324 -3.1555
v  -1.9615 3.9171 -3.1204
v  -2.0809 3.9515 -3.2222
v  -2.0606 3.8693 -3.2387
v  -2.0030 3.8601 -3.1677
v  -1.9438 3.8513 -3.1214
v  -1.9719 3.7818 -3.1734
v  -1.9191 3.7793 -3.1237
v  -2.0281 3.7818 -3.2416
v  -1.9846 3.6978 -3.2363
v  -1.9342 3.7062 -3.1734
v  -1.8844 3.7101 -3.1274
v  -1.8121 3.7600 -3.0460
v  -1.8129 3.7625 -3.0891
v  -1.7819 3.7027 -3.0849
v  -1.8003 3.7126 -3.0272
v  -1.8268 3.7608 -2.9591
v  -1.8448 3.8131 -3.0817
v  -1.8413 3.7970 -3.0292
v  -1.8816 3.8342 -3.1125
v  -1.8551 3.7721 -3.1149
v  -1.8206 3.7067 -3.1183
v  -1.7291 3.5492 -2.9306
v  -1.6770 3.4276 -2.9065
v  -1.6425 3.4613 -2.8584
v  -1.6979 3.5746 -2.8733
v  -1.6200 3.2851 -2.8721
v  -1.5623 3.3304 -2.8410
v  -1.5093 3.4044 -2.8470
v  -1.5905 3.5151 -2.8420
v  -1.6438 3.6101 -2.8458
v  -1.7945 3.7608 -2.8519
v  -1.7505 3.6725 -2.8703
v  -1.6881 3.6964 -2.8289
v  -1.7173 3.7778 -2.7968
v  -1.7817 3.6545 -2.9421
v  -1.6234 3.7341 -2.8283
v  -1.6475 3.8028 -2.7868
v  -1.5847 3.6609 -2.8524
v  -1.5355 3.7288 -2.8958
v  -1.5684 3.7878 -2.8614
v  -1.5901 3.8437 -2.8135
v  -1.7204 3.9988 -3.1319
v  -1.6294 4.0141 -3.1633
v  -1.6590 4.0557 -3.1858
v  -1.7686 4.0376 -3.1498
v  -1.5354 4.0565 -3.2521
v  -1.5325 3.9997 -3.2210
v  -1.8445 4.0027 -3.1265
v  -1.8920 3.9504 -3.1225
v  -1.8385 3.9284 -3.1002
v  -1.7901 3.9658 -3.1257
v  -1.7582 3.9652 -3.0768
v  -1.7474 3.9736 -3.1015
v  -1.6738 3.9972 -3.0696
v  -1.6856 3.9971 -3.1023
v  -1.8989 3.8940 -3.1165
v  -1.8650 3.8715 -3.0830
v  -1.8826 3.8613 -3.0243
v  -1.8615 3.8553 -2.9387
v  -1.8729 3.9588 -2.9293
v  -1.8500 3.9331 -3.0309
v  -1.7704 4.0185 -2.9638
v  -1.7681 3.9796 -3.0300
v  -1.6701 4.0086 -3.0273
v  -1.6665 4.0476 -2.9681
v  -1.8115 3.8506 -2.8227
v  -1.8073 3.9368 -2.7835
v  -1.7265 3.8567 -2.7409
v  -1.7307 3.9329 -2.6799
v  -1.7986 4.1070 -2.7582
v  -1.8342 4.0481 -2.8251
v  -1.7992 4.0158 -2.7300
v  -1.7844 4.0927 -2.6790
v  -1.7403 4.0088 -2.6369
v  -1.7486 4.0651 -2.6236
v  -1.5948 3.9574 -2.6839
v  -1.5940 3.8972 -2.7498
v  -1.5442 3.9525 -2.7853
v  -1.5489 4.0141 -2.7168
v  -1.5535 3.9033 -2.8628
v  -1.5348 4.0240 -2.8282
v  -1.5420 3.9688 -2.9144
v  -1.5396 4.0571 -2.7653
v  -1.6552 3.8733 -2.7310
v  -1.6543 3.9336 -2.6564
v  -1.5731 4.0853 -2.8604
v  -1.5735 4.1122 -2.7592
v  -1.5755 4.0358 -2.9557
v  -1.6553 4.1072 -2.8734
v  -1.6404 4.1487 -2.7642
v  -1.6286 4.0955 -2.6122
v  -1.6942 4.1015 -2.5736
v  -1.6644 4.0070 -2.5876
v  -1.6039 4.0346 -2.6305
v  -1.7554 4.0827 -2.8688
v  -1.7353 4.1430 -2.7637
v  -1.7242 4.1645 -2.6537
v  -1.6294 4.1395 -2.6663
v  -1.5762 4.0835 -2.6819
v  -0.7913 1.4586 -1.4512
v  -0.8106 1.3387 -1.3501
v  -0.6311 1.3903 -1.3419
v  -0.6058 1.5060 -1.4418
v  -0.5894 1.5804 -1.4932
v  -0.5828 1.6383 -1.5333
v  -0.7730 1.5945 -1.5505
v  -0.7787 1.5349 -1.5069
v  -0.9055 1.4998 -1.5275
v  -0.9294 1.4169 -1.4659
v  -0.8899 1.5653 -1.5767
v  -0.9908 1.5629 -1.5904
v  -1.0103 1.4847 -1.5361
v  -1.0396 1.3942 -1.4690
v  -0.5855 1.7085 -1.5913
v  -0.7745 1.6666 -1.6117
v  -0.5927 1.7778 -1.6678
v  -0.7795 1.7427 -1.6825
v  -0.8852 1.6397 -1.6394
v  -0.9869 1.6477 -1.6446
v  -0.8868 1.7142 -1.7091
v  -0.9850 1.7112 -1.7183
v  -0.5991 1.8368 -1.7507
v  -0.7842 1.8166 -1.7531
v  -0.5958 1.8969 -1.8444
v  -0.7868 1.8901 -1.8222
v  -0.8902 1.7819 -1.7772
v  -0.8972 1.8435 -1.8419
v  -0.9861 1.7647 -1.7888
v  -0.9936 1.8167 -1.8508
v  -0.7902 2.0073 -1.9424
v  -0.5607 1.9536 -2.0033
v  -0.5639 1.9789 -2.0495
v  -0.8107 2.0610 -2.0001
v  -0.5763 1.9374 -1.9358
v  -0.7857 1.9541 -1.8857
v  -0.9091 1.8991 -1.9022
v  -0.9371 1.9543 -1.9656
v  -1.0078 1.8672 -1.9081
v  -1.0438 1.9208 -1.9698
v  -0.9595 1.2929 -1.3627
v  -0.9857 1.1478 -1.2285
v  -1.0745 1.2787 -1.3700
v  -1.1342 1.1395 -1.2443
v  -1.1171 0.9794 -1.0823
v  -0.9993 1.0002 -1.0733
v  -1.0116 0.8719 -0.9246
v  -1.1181 0.8561 -0.9439
v  -1.1400 0.8579 -1.1837
v  -1.1814 0.9187 -1.1219
v  -1.2085 1.0512 -1.2714
v  -1.1744 0.9959 -1.3492
v  -1.1635 0.7968 -0.9841
v  -1.1241 0.7360 -1.0285
v  -1.1292 1.3823 -1.4700
v  -1.1384 1.2956 -1.3907
v  -1.2096 1.3481 -1.4670
v  -1.1920 1.2432 -1.3603
v  -1.2311 1.1706 -1.4029
v  -1.2079 1.1211 -1.4890
v  -1.2716 1.2841 -1.5139
v  -1.2624 1.2261 -1.6028
v  -1.2252 1.4540 -1.5655
v  -1.1274 1.4873 -1.5324
v  -1.1223 1.5757 -1.6033
v  -1.2344 1.5435 -1.6558
v  -1.0984 0.9564 -1.5170
v  -1.1303 0.9784 -1.4318
v  -1.1711 1.1114 -1.5867
v  -1.1263 1.1025 -1.6816
v  -1.2351 1.2074 -1.7010
v  -1.2000 1.2229 -1.8354
v  -1.1040 1.1678 -1.9026
v  -1.0770 1.0606 -1.7554
v  -1.0541 0.9214 -1.5811
v  -1.3006 1.4775 -1.7139
v  -1.3057 1.3946 -1.7765
v  -1.2955 1.3215 -1.6925
v  -1.2954 1.3913 -1.6192
v  -1.2728 1.2819 -1.7520
v  -1.2756 1.3188 -1.8278
v  -1.1220 1.2365 -2.0103
v  -1.2117 1.2961 -1.9578
v  -1.2158 1.3598 -2.0417
v  -1.1202 1.2979 -2.0886
v  -1.1229 1.6496 -1.6696
v  -1.2435 1.6110 -1.7256
v  -1.1282 1.7147 -1.7306
v  -1.2527 1.6672 -1.7839
v  -1.2878 1.4262 -1.9783
v  -1.2800 1.3684 -1.9036
v  -1.3122 1.4510 -1.8459
v  -1.3191 1.5027 -1.9072
v  -1.3000 1.5365 -1.7874
v  -1.3061 1.5870 -1.8454
v  -1.1349 1.7720 -1.7902
v  -1.2608 1.7218 -1.8424
v  -1.1407 1.8219 -1.8502
v  -1.2649 1.7760 -1.9004
v  -1.3143 1.6429 -1.9025
v  -1.3180 1.7017 -1.9594
v  -1.3249 1.6258 -2.0211
v  -1.3249 1.5623 -1.9667
v  -1.2920 1.4915 -2.0468
v  -1.2098 1.4307 -2.1132
v  -1.2928 1.5599 -2.0953
v  -1.2166 1.5227 -2.1778
v  -1.1203 1.3573 -2.1631
v  -1.1296 1.4185 -2.2313
v  -1.3096 1.7386 -2.1196
v  -1.3195 1.6871 -2.0672
v  -1.3138 1.7607 -2.0145
v  -1.3031 1.8209 -2.0708
v  -1.2610 1.8292 -1.9577
v  -1.2563 1.8833 -2.0175
v  -1.1439 1.8651 -1.9131
v  -1.1564 1.9080 -1.9749
v  -1.2979 1.6237 -2.1137
v  -1.2785 1.6438 -2.1603
v  -0.9927 2.0144 -2.0395
v  -1.1183 1.9839 -2.0438
v  -1.0533 2.0943 -2.1152
v  -1.2344 2.0419 -2.1374
v  -1.1501 1.4882 -2.2881
v  -1.1798 1.5711 -2.3461
v  -1.2178 1.5931 -2.2420
v  -1.2360 1.6770 -2.2966
v  -1.1877 1.9520 -2.0378
v  -1.2573 1.9445 -2.0850
v  -1.2708 1.7012 -2.2057
v  -1.2785 1.7830 -2.2612
v  -1.3025 1.8027 -2.1714
v  -1.3076 1.8820 -2.2314
v  -1.2973 1.8892 -2.1305
v  -1.3015 1.9716 -2.1961
v  -1.0933 2.1960 -2.1946
v  -1.2479 2.1487 -2.2289
v  -1.1231 2.3107 -2.2809
v  -1.2647 2.2609 -2.3134
v  -1.2172 1.6718 -2.4191
v  -1.2678 1.7994 -2.5126
v  -1.2614 1.7746 -2.3657
v  -1.2964 1.8967 -2.4536
v  -1.2971 1.8787 -2.3315
v  -1.3221 1.9959 -2.4177
v  -1.3220 1.9782 -2.3037
v  -1.3391 2.0927 -2.3894
v  -1.3121 2.0699 -2.2712
v  -1.3259 2.1829 -2.3554
v  -1.2837 2.3834 -2.4023
v  -1.1547 2.4331 -2.3735
v  -1.1952 2.5855 -2.4866
v  -1.3129 2.5310 -2.5121
v  -1.3217 1.9695 -2.6289
v  -1.3688 2.1622 -2.7585
v  -1.3307 2.0575 -2.5632
v  -1.3711 2.2358 -2.6907
v  -1.3413 2.1429 -2.5228
v  -1.3687 2.3080 -2.6467
v  -1.3561 2.2263 -2.4887
v  -1.3744 2.3802 -2.6076
v  -1.3415 2.3085 -2.4482
v  -1.3641 2.4564 -2.5609
v  -1.4167 2.3519 -2.8961
v  -1.4781 2.5359 -3.0416
v  -1.4204 2.4118 -2.8312
v  -1.4836 2.5815 -2.9787
v  -2.1404 4.0532 -3.4283
v  -2.1016 4.0171 -3.3909
v  -2.1322 4.0429 -3.5009
v  -2.0666 3.9576 -3.4878
v  -1.9762 3.7283 -3.4221
v  -2.0115 3.7091 -3.3260
v  -2.0585 3.8026 -3.3424
v  -2.0126 3.8254 -3.4455
v  -2.0843 3.9000 -3.3440
v  -2.1121 4.0988 -3.5740
v  -2.0634 4.0618 -3.6070
v  -2.1083 3.9776 -3.3118
v  -1.9758 3.8389 -3.6404
v  -2.0575 3.7698 -3.7047
v  -2.0370 3.7339 -3.6534
v  -1.9727 3.8274 -3.5741
v  -1.9973 3.9485 -3.5998
v  -1.9713 3.9412 -3.6855
v  -1.9881 3.8486 -3.7231
v  -2.0766 3.8023 -3.7675
v  -1.9922 3.8634 -3.7939
v  -2.0666 3.8096 -3.8316
v  -1.9632 3.9420 -3.7590
v  -1.9579 3.9456 -3.8146
v  -1.9808 3.8895 -3.8598
v  -2.0448 3.8197 -3.9188
v  -2.1720 3.3419 -3.8661
v  -2.2002 3.4031 -3.8860
v  -2.0764 3.4155 -3.9865
v  -2.0498 3.3632 -3.9678
v  -2.0989 3.4764 -3.9923
v  -2.2220 3.4724 -3.8970
v  -1.9517 3.5122 -4.0647
v  -1.9307 3.4581 -4.0597
v  -1.9108 3.4099 -4.0470
v  -1.9425 3.0440 -3.6847
v  -1.8637 3.1144 -3.8051
v  -1.8320 3.0599 -3.7644
v  -1.8901 2.9999 -3.6389
v  -1.7535 3.1331 -3.8558
v  -1.7681 3.1913 -3.8978
v  -1.7348 3.0710 -3.7989
v  -1.7973 3.0053 -3.7125
v  -1.8380 2.9576 -3.5898
v  -1.7505 2.9494 -3.6441
v  -1.7773 2.9129 -3.5277
v  -1.7035 3.0042 -3.7302
v  -1.6740 2.9620 -3.6776
v  -1.6908 2.9081 -3.6016
v  -1.6868 2.8458 -3.4518
v  -1.9897 3.0298 -3.4737
v  -1.9782 3.0284 -3.5704
v  -1.9149 2.9781 -3.5210
v  -1.9140 2.9859 -3.4209
v  -1.8514 2.9376 -3.4703
v  -1.8415 2.9537 -3.3714
v  -1.8960 3.0142 -3.3489
v  -1.8497 3.0468 -3.3191
v  -1.9239 3.0903 -3.3329
v  -1.9715 3.0517 -3.3877
v  -1.8167 2.9991 -3.3262
v  -1.8010 3.0253 -3.3149
v  -1.7819 2.8983 -3.4122
v  -1.7656 2.9211 -3.3206
v  -1.6877 2.8370 -3.3275
v  -1.6727 2.8620 -3.2496
v  -1.5690 2.7112 -3.1957
v  -1.5751 2.7385 -3.1257
v  -1.5511 2.7014 -3.2689
v  -1.9413 3.3031 -3.4435
v  -2.0307 3.2673 -3.4068
v  -1.9409 3.2049 -3.3649
v  -1.8551 3.2488 -3.4055
v  -2.0145 3.1528 -3.3718
v  -2.0921 3.2228 -3.4316
v  -1.8441 3.1386 -3.3406
v  -1.7525 3.1862 -3.3836
v  -1.4151 2.4811 -2.7869
v  -1.4719 2.6518 -2.9386
v  -1.4024 2.5568 -2.7511
v  -1.4544 2.7325 -2.9057
v  -1.3506 2.7141 -2.6688
v  -1.2626 2.8106 -2.5991
v  -1.3459 3.0114 -2.7228
v  -1.4308 2.9293 -2.8298
v  -1.0718 2.8493 -2.6017
v  -1.1867 3.0962 -2.7845
v  -1.3868 2.6348 -2.7120
v  -1.4390 2.8121 -2.8654
v  -1.4511 3.1778 -2.8089
v  -1.3804 3.2766 -2.8262
v  -1.5270 3.1296 -2.8572
v  -1.5655 2.8056 -3.0867
v  -1.6326 2.9261 -3.2406
v  -1.5381 2.8832 -3.0590
v  -1.5103 3.0323 -3.3284
v  -1.7252 2.9836 -3.3093
v  -1.7297 3.0238 -3.3156
v  -1.7746 3.0704 -3.3212
v  -1.6412 3.1009 -3.3753
v  -1.5759 3.1960 -3.2125
v  -1.6298 3.3096 -3.1786
v  -1.6308 3.3083 -3.2681
v  -1.6494 3.3129 -3.3486
v  -1.6760 3.2508 -3.3819
v  -1.5217 3.2057 -3.3475
v  -1.5938 3.1987 -3.1168
v  -1.6269 3.3179 -3.1008
v  -1.5691 3.0670 -3.1024
v  -1.5599 3.0928 -3.0292
v  -1.5958 3.1898 -3.0253
v  -1.6432 3.3137 -3.0230
v  -1.5181 3.0238 -2.9539
v  -1.5805 3.1471 -2.9328
v  -1.6513 3.2880 -2.9430
v  -1.5187 2.9454 -3.0018
v  -2.4115 4.1400 -2.8900
v  -2.3394 4.1087 -2.9270
v  -2.3957 4.1841 -2.9343
v  -2.3501 4.1765 -2.9662
v  -2.2909 4.3291 -2.7658
v  -2.2847 4.2614 -2.7429
v  -2.2047 4.2606 -2.7708
v  -2.2065 4.3273 -2.7941
v  -2.3225 4.3851 -2.8755
v  -2.2680 4.3826 -2.9031
v  -2.3192 4.3658 -2.9577
v  -2.3809 4.3651 -2.9016
v  -2.3546 4.3033 -2.9874
v  -2.4258 4.3037 -2.9310
v  -2.3578 4.2356 -2.9842
v  -2.4137 4.2349 -2.9310
v  -2.2291 4.3746 -2.8440
v  -2.3104 4.3700 -2.8227
v  -2.4285 4.2678 -2.7954
v  -2.3796 4.3039 -2.7689
v  -2.3944 4.3466 -2.8283
v  -2.4601 4.2918 -2.8481
v  -2.4538 4.2105 -2.8661
v  -2.4297 4.2028 -2.7900
v  -2.3619 4.2343 -2.7508
v  -2.6545 3.8984 -3.4052
v  -2.6923 3.9300 -3.4260
v  -2.6806 3.9024 -3.3342
v  -2.6556 3.9502 -3.2906
v  -2.7002 3.9852 -3.4291
v  -2.6472 4.0123 -3.4747
v  -2.5956 4.0676 -3.4856
v  -1.7658 3.3083 -3.4187
v  -1.7057 3.3652 -3.3579
v  -1.7686 3.4409 -3.3794
v  -1.8300 3.3746 -3.4707
v  -1.9677 3.6239 -3.3117
v  -1.9361 3.6223 -3.2278
v  -1.9358 3.6457 -3.4079
v  -1.8852 3.5743 -3.4000
v  -1.9038 3.5575 -3.3013
v  -1.8821 3.5545 -3.2185
v  -1.7576 3.4386 -3.2012
v  -1.7692 3.4357 -3.2798
v  -1.7076 3.3718 -3.2623
v  -1.6858 3.3876 -3.1858
v  -1.8378 3.4951 -3.2910
v  -1.8226 3.4937 -3.2106
v  -1.8314 3.5050 -3.3886
v  -1.7684 3.6299 -3.0158
v  -1.7260 3.5267 -3.0014
v  -1.7522 3.6184 -3.0765
v  -1.7082 3.5159 -3.0837
v  -1.6775 3.4149 -3.0462
v  -1.7281 3.4676 -3.1396
v  -1.6673 3.4079 -3.1185
v  -1.8152 3.5994 -3.1294
v  -1.8401 3.5801 -3.1585
v  -1.7847 3.5245 -3.1515
v  -1.7652 3.5701 -3.1168
v  -1.6953 3.4130 -2.9723
v  -1.7787 3.6378 -3.1178
v  -1.8429 3.6483 -3.1245
v  -1.8896 3.6403 -3.1677
v  -1.8345 3.4269 -4.1373
v  -1.8135 3.3875 -4.1201
v  -1.8914 3.3710 -4.0324
v  -1.7390 3.4111 -4.1988
v  -1.7577 3.4567 -4.2147
v  -1.7166 3.3710 -4.1840
v  -1.7912 3.3553 -4.1028
v  -1.8702 3.3395 -4.0137
v  -1.9673 3.7728 -3.5456
v  -1.9540 3.6812 -3.5211
v  -2.0202 3.6773 -3.6242
v  -2.0089 3.5983 -3.5940
v  -1.9308 3.5959 -3.5096
v  -1.8966 3.5133 -3.5062
v  -1.9931 3.5119 -3.5779
v  -1.9879 3.4298 -3.5408
v  -1.8652 3.4366 -3.4933
v  -1.9792 3.3617 -3.4893
v  -2.1214 3.4677 -3.5348
v  -2.1019 3.3976 -3.4953
v  -2.1455 3.5437 -3.5690
v  -2.2494 3.4794 -3.5982
v  -2.2091 3.4103 -3.5611
v  -2.1769 3.3485 -3.5201
v  -2.1415 3.2868 -3.4799
v  -2.0791 3.3320 -3.4514
v  -2.1136 3.2530 -3.8230
v  -1.9961 3.2873 -3.9243
v  -1.9694 3.2540 -3.9023
v  -2.0824 3.2145 -3.8001
v  -1.8477 3.3112 -3.9922
v  -1.9386 3.2161 -3.8764
v  -1.8071 3.2830 -3.9786
v  -2.0439 3.1708 -3.7698
v  -2.1462 3.1653 -3.5904
v  -2.1353 3.1871 -3.5009
v  -2.1848 3.2484 -3.5444
v  -2.1933 3.2204 -3.6294
v  -2.2201 3.3036 -3.5805
v  -2.2251 3.2692 -3.6593
v  -2.0231 3.3220 -3.9468
v  -2.1435 3.2938 -3.8453
v  -2.2855 3.4234 -3.6574
v  -2.2495 3.3593 -3.6182
v  -2.2818 3.3805 -3.7193
v  -2.2519 3.3199 -3.6882
v  -2.1129 3.1582 -3.6772
v  -2.0496 3.0921 -3.6266
v  -2.0735 3.0948 -3.5342
v  -1.9948 3.1083 -3.7294
v  -2.1869 3.2523 -3.7362
v  -2.1572 3.2067 -3.7120
v  -2.0600 3.1135 -3.4421
v  -2.2165 3.2969 -3.7607
v  -2.2482 3.3495 -3.7865
v  -0.7969 2.7593 -3.1023
v  -0.9250 2.9815 -2.8922
v  -0.8407 2.7482 -2.7444
v  -0.6922 2.5332 -2.9592
v  -0.4591 2.3969 -3.0904
v  -0.2064 2.2662 -3.2083
v  -0.2635 2.4732 -3.3856
v  -0.5462 2.6154 -3.2453
v  -0.6294 2.7989 -3.3796
v  -0.8909 2.9537 -3.2220
v  -0.3063 2.6608 -3.5266
v  -0.3339 2.8046 -3.6275
v  -0.6923 2.9348 -3.4824
v  -0.9626 3.0898 -3.3180
v  1.1534 1.6184 -3.7499
v  0.8633 1.7141 -3.6932
v  1.4759 1.4931 -3.8381
v  1.1905 1.8638 -3.9936
v  1.5286 1.7632 -4.0851
v  0.8963 1.9409 -3.9280
v  2.7876 0.9752 -4.2885
v  2.7706 1.0377 -4.2743
v  2.7695 0.9132 -4.3052
v  2.9433 1.1497 -4.6305
v  2.9643 1.2175 -4.5912
v  2.9158 1.2796 -4.5716
v  1.3255 1.5005 -4.2865
v  1.6376 1.4208 -4.3669
v  1.5846 1.1662 -4.0959
v  1.2996 1.2473 -4.0321
v  1.8913 1.0346 -4.2037
v  1.9747 1.2962 -4.4898
v  0.3948 1.7975 -3.9864
v  0.4421 1.5459 -3.7803
v  0.1578 1.6731 -3.6794
v  0.1018 1.9177 -3.8894
v  -0.1956 1.8550 -3.5233
v  -0.2607 2.0872 -3.7276
v  -1.0225 2.4385 -3.2933
v  -0.9493 2.2217 -3.1519
v  -1.1334 2.2779 -3.0761
v  -1.2214 2.4878 -3.2243
v  -0.5947 2.0662 -3.3184
v  -0.6649 2.2868 -3.4919
v  -0.3379 2.4400 -4.0293
v  -0.3073 2.2862 -3.9030
v  -0.7146 2.4810 -3.6542
v  -0.7507 2.6313 -3.7773
v  -1.0867 2.6239 -3.4536
v  -1.1331 2.7657 -3.5800
v  -1.4991 2.6886 -3.3355
v  -1.4114 2.6796 -3.3823
v  -1.5893 2.8207 -3.5064
v  -1.4799 2.8476 -3.5558
v  -1.2967 2.6791 -3.3873
v  -1.3405 2.8317 -3.5062
v  -0.4795 2.9826 -4.4556
v  -0.4524 2.9456 -4.4061
v  -0.8792 3.0836 -4.1583
v  -0.9009 3.1198 -4.2045
v  -0.4311 2.9042 -4.3573
v  -0.8772 3.0181 -4.1368
v  -1.2867 3.0872 -3.9961
v  -1.2748 3.1604 -3.9911
v  -1.2807 3.2010 -4.0217
v  0.1629 2.7727 -4.8678
v  0.1976 2.7133 -4.8052
v  -0.0898 2.8101 -4.6331
v  -0.1166 2.8622 -4.6845
v  -0.0811 2.7717 -4.6011
v  0.2066 2.6741 -4.7671
v  1.5310 2.1821 -5.2832
v  1.5146 2.2275 -5.3417
v  1.9454 2.0622 -5.5365
v  1.9589 2.0320 -5.4774
v  1.1763 2.3088 -5.1670
v  1.1483 2.3425 -5.2286
v  1.4499 2.2850 -5.4713
v  1.0782 2.3914 -5.3465
v  1.8890 2.1399 -5.6622
v  1.6327 2.3186 -4.5867
v  1.6610 2.4104 -4.6201
v  1.3274 2.5102 -4.4980
v  1.2890 2.4123 -4.4601
v  1.3384 2.5873 -4.5698
v  1.6600 2.4831 -4.6844
v  1.1130 2.7192 -4.4451
v  1.0990 2.6267 -4.3324
v  1.0335 2.4999 -4.3071
v  -0.7171 3.0154 -3.5455
v  -0.9857 3.1591 -3.3855
v  -0.3431 2.8832 -3.6833
v  -0.3459 2.9464 -3.7335
v  -0.7040 3.0919 -3.5707
v  -0.9826 3.2359 -3.3984
v  -0.7172 3.3902 -3.7480
v  -0.4048 3.2361 -3.9800
v  -0.4330 3.2748 -4.0336
v  -0.7686 3.4369 -3.8676
v  -0.7499 3.3995 -3.7994
v  -0.4690 3.3084 -4.1145
v  -1.0110 3.5096 -3.6787
v  -0.9831 3.5201 -3.6033
v  -0.9621 3.5141 -3.5471
v  -0.6456 3.2156 -3.5524
v  -0.9558 3.3266 -3.4105
v  -0.2887 3.0867 -3.7243
v  -0.2989 3.1984 -3.8144
v  -0.9303 3.4184 -3.4366
v  -0.6352 3.3275 -3.6040
v  -0.6784 3.3694 -3.6863
v  -0.9428 3.4775 -3.4904
v  -0.3681 3.2007 -3.9174
v  -1.0192 3.1691 -3.0283
v  -1.2055 3.3019 -2.9240
v  -1.0631 3.3005 -3.1297
v  -1.2194 3.4619 -3.0356
v  -1.0919 3.3829 -3.1847
v  -1.0769 3.3060 -3.2175
v  -1.2153 3.6203 -3.1612
v  -1.2239 3.5615 -3.0945
v  -1.1232 3.4524 -3.2335
v  -1.1375 3.5071 -3.3002
v  -1.1255 3.5659 -3.3447
v  -1.1182 3.6211 -3.4088
v  -1.2198 3.7057 -3.3139
v  -1.2267 3.6599 -3.2323
v  -1.5364 3.5840 -2.8644
v  -1.4689 3.4983 -2.8805
v  -1.4357 3.5964 -2.9368
v  -1.4951 3.6624 -2.9185
v  -1.3630 3.4043 -2.8951
v  -1.3609 3.5311 -2.9761
v  -1.6052 3.9865 -3.1260
v  -1.5215 3.9562 -3.1645
v  -1.5879 3.9793 -3.0745
v  -1.4928 3.9204 -3.0757
v  -1.3381 3.6219 -3.0425
v  -1.3158 3.6845 -3.1041
v  -1.4124 3.6784 -3.0131
v  -1.3856 3.7478 -3.0752
v  -1.4347 3.8224 -3.0602
v  -1.4193 3.8376 -3.1054
v  -1.4356 3.8757 -3.1420
v  -1.3780 3.7840 -3.1274
v  -1.3826 3.8169 -3.1867
v  -1.4572 3.7543 -2.9868
v  -1.4951 3.8192 -2.9664
v  -1.5390 3.8613 -2.9279
v  -1.5231 3.9433 -2.9885
v  -1.5817 3.9962 -3.0204
v  -1.3103 3.7305 -3.1639
v  -1.3142 3.7598 -3.2425
v  3.3955 2.0037 -5.3674
v  3.3426 1.8905 -5.2676
v  3.4346 1.8390 -5.3669
v  3.4763 1.9254 -5.4398
v  3.3925 1.7536 -5.3302
v  3.2637 1.7687 -5.1955
v  3.4595 1.7382 -5.4076
v  3.5207 1.7813 -5.4478
v  3.5525 1.8433 -5.5020
v  3.3691 1.6878 -5.3512
v  3.4627 1.6878 -5.4370
v  3.2932 1.6799 -5.2392
v  3.2844 1.6138 -5.2981
v  3.3567 1.6283 -5.3889
v  3.4440 1.6254 -5.4622
v  3.5457 1.7153 -5.4892
v  3.5242 1.6487 -5.5219
v  3.5754 1.6918 -5.5888
v  3.5869 1.7678 -5.5475
v  3.5598 1.8979 -5.5675
v  3.5885 1.8177 -5.6175
v  3.5440 1.8807 -5.6796
v  3.5333 1.9336 -5.6276
v  3.5727 1.7394 -5.6690
v  3.5227 1.8007 -5.7434
v  3.4124 1.5728 -5.5096
v  3.4829 1.5874 -5.5713
v  3.3922 1.5573 -5.5988
v  3.3600 1.5559 -5.5373
v  3.4061 1.5701 -5.6550
v  3.5179 1.6175 -5.6342
v  3.5105 1.6559 -5.7029
v  3.4571 1.6977 -5.7703
v  3.4008 1.5925 -5.7126
v  3.3765 1.6297 -5.7541
v  3.2505 1.5712 -5.6925
v  3.2679 1.6264 -5.7497
v  3.2585 1.5396 -5.6377
v  3.0995 1.5419 -5.6877
v  3.1088 1.5052 -5.6105
v  3.1221 1.6229 -5.7585
v  -0.4695 2.7027 -4.3496
v  -0.4432 2.8086 -4.3479
v  -0.0900 2.6929 -4.5776
v  -0.1166 2.5893 -4.5682
v  0.1980 2.6074 -4.7311
v  0.1734 2.5148 -4.7080
v  -0.3790 2.5831 -4.1246
v  -0.3614 2.5286 -4.0936
v  -0.7813 2.7207 -3.8353
v  -0.8099 2.7758 -3.8725
v  -1.1590 2.8497 -3.6296
v  -1.1992 2.8935 -3.6663
v  -1.3433 2.8919 -3.5604
v  -1.3996 2.9133 -3.5956
v  -0.9012 2.9190 -4.1425
v  -1.3148 2.9871 -3.9945
v  -0.9112 2.8307 -4.1104
v  -1.3114 2.9137 -3.9301
v  -1.5046 3.0237 -3.8867
v  -1.5891 3.0360 -3.8280
v  -1.6051 3.0889 -3.8959
v  -1.5049 3.0943 -3.9372
v  -1.4820 2.9841 -3.8192
v  -1.5518 2.9946 -3.7473
v  -0.8991 2.7995 -4.0495
v  -1.2874 2.8949 -3.8644
v  -0.4603 2.6486 -4.2877
v  -0.4279 2.6491 -4.2154
v  -0.8798 2.7893 -3.9878
v  -1.2733 2.8900 -3.8032
v  -1.2439 2.8936 -3.7351
v  -1.4368 2.9491 -3.6616
v  -1.5324 2.9421 -3.6474
v  -1.4564 2.9649 -3.7357
v  -1.6185 2.9099 -3.6201
v  -1.6272 2.9793 -3.7018
v  -1.4485 2.9631 -3.7849
v  -1.6758 3.0923 -3.8521
v  -1.6524 3.0338 -3.7824
v  -0.8469 2.7930 -3.9288
v  -0.3974 2.6329 -4.1620
v  -1.9003 3.1688 -3.8420
v  -1.7915 3.2381 -3.9314
v  -1.7670 3.3269 -4.0825
v  -1.6913 3.3339 -4.1653
v  -1.7387 3.3040 -4.0677
v  -1.6615 3.3065 -4.1400
v  -1.6822 3.1546 -3.9121
v  -1.5983 3.1641 -3.9325
v  -1.6824 3.2167 -3.9529
v  -1.5791 3.2308 -3.9849
v  -1.4942 3.1709 -3.9465
v  -1.4833 3.2165 -3.9784
v  -1.6029 3.2520 -4.0361
v  -1.6979 3.2507 -3.9938
v  -1.7099 3.2725 -4.0298
v  -1.6182 3.2674 -4.0767
v  -1.6329 3.2854 -4.1143
v  -1.7032 3.2870 -4.0666
v  -1.4842 3.2490 -4.0472
v  -1.4577 3.2374 -4.0195
v  -1.2984 3.2728 -4.1335
v  -1.2840 3.2354 -4.0777
v  -1.5917 3.3450 -4.2495
v  -1.5592 3.3095 -4.2124
v  -1.6201 3.3944 -4.2755
v  -1.4201 3.3662 -4.3865
v  -1.4547 3.4215 -4.4243
v  -1.3822 3.3321 -4.3389
v  -1.5312 3.2906 -4.1701
v  -1.5112 3.2749 -4.1281
v  -1.3537 3.3202 -4.2903
v  -1.3307 3.3194 -4.2380
v  -1.4988 3.2613 -4.0853
v  -1.3117 3.3042 -4.1840
v  -1.0864 3.3697 -4.5845
v  -1.1878 3.4286 -4.6948
v  -1.1394 3.3764 -4.6463
v  -0.8241 3.3963 -4.9749
v  -0.8806 3.4590 -5.0236
v  -0.7633 3.3814 -4.9138
v  -0.9284 3.1675 -4.2732
v  -0.5266 3.0542 -4.5399
v  -0.9623 3.2243 -4.3548
v  -0.5832 3.1516 -4.6408
v  -0.9988 3.2804 -4.4295
v  -0.6419 3.2564 -4.7398
v  -1.0310 3.3336 -4.4912
v  -0.6932 3.3414 -4.8219
v  -1.0558 3.3662 -4.5377
v  -0.7255 3.3803 -4.8692
v  -0.2596 3.4775 -5.5446
v  -0.4793 3.4281 -5.2550
v  -0.5467 3.4682 -5.3143
v  -0.3432 3.5176 -5.6153
v  -0.6025 3.5472 -5.3587
v  -0.4041 3.6138 -5.6626
v  -0.1807 2.9631 -4.7880
v  -0.2566 3.1009 -4.9161
v  0.0793 2.8893 -4.9937
v  -0.0147 3.0544 -5.1503
v  -0.3225 3.2577 -5.0444
v  -0.0800 3.2560 -5.3028
v  -0.3833 3.3794 -5.1533
v  -0.1440 3.4087 -5.4349
v  -0.4293 3.4256 -5.2105
v  -0.1987 3.4667 -5.4996
v  0.5425 3.5211 -6.3573
v  0.4446 3.5308 -6.4428
v  0.7909 3.4990 -6.7085
v  0.8844 3.4994 -6.6153
v  0.6888 3.5491 -6.7959
v  0.3496 3.5993 -6.5159
v  1.1050 3.5116 -7.1187
v  1.2113 3.4618 -7.0236
v  1.3023 3.4739 -6.9186
v  0.9061 3.4564 -6.5502
v  0.5830 3.5004 -6.2891
v  1.3140 3.4173 -6.8477
v  1.3438 3.3008 -6.7234
v  0.9192 3.3265 -6.4640
v  0.5979 3.3750 -6.2147
v  -0.2454 3.7714 -4.9349
v  0.0900 3.7233 -5.2815
v  0.0620 3.8412 -5.3134
v  -0.2703 3.8677 -4.9767
v  0.0370 3.9743 -5.3327
v  -0.2929 3.9716 -5.0119
v  -0.6256 3.9917 -4.6173
v  -0.6112 3.8981 -4.5751
v  -0.6182 3.8104 -4.5516
v  -0.8681 3.8997 -4.2408
v  -0.8586 3.8323 -4.2141
v  -0.8895 3.9699 -4.2753
v  -1.0720 3.9529 -3.9972
v  -1.0442 3.8976 -3.9756
v  -1.0300 3.8428 -3.9560
v  -0.4979 3.3836 -4.2450
v  -0.7833 3.5027 -3.9783
v  -0.8063 3.5724 -4.0905
v  -0.5204 3.4893 -4.3711
v  -1.0256 3.6229 -3.8614
v  -1.0117 3.5578 -3.7788
v  -0.5845 3.6842 -4.5006
v  -0.6021 3.7496 -4.5255
v  -0.8646 3.7731 -4.2058
v  -0.8574 3.7149 -4.1889
v  -1.0360 3.7924 -3.9441
v  -1.0503 3.7395 -3.9354
v  -1.0442 3.6806 -3.9114
v  -0.8320 3.6473 -4.1537
v  -0.5537 3.5935 -4.4532
v  -1.2751 3.8814 -3.6698
v  -1.2660 3.9144 -3.6995
v  -1.3401 3.9534 -3.6292
v  -1.3483 3.9194 -3.5752
v  -1.3132 3.9724 -3.7145
v  -1.2581 3.9431 -3.7409
v  -1.3766 4.0150 -3.7068
v  -1.4004 4.0103 -3.6015
v  -1.4345 3.9730 -3.5042
v  -1.2277 3.7083 -3.5736
v  -1.2068 3.7331 -3.4281
v  -1.1184 3.6434 -3.4952
v  -1.1393 3.6113 -3.5913
v  -1.1460 3.5843 -3.6870
v  -1.1884 3.6340 -3.7269
v  -1.1669 3.9028 -3.8012
v  -1.1632 3.8611 -3.7816
v  -1.1921 3.9420 -3.8216
v  -1.2728 3.8130 -3.3494
v  -1.2747 3.8165 -3.4578
v  -1.3389 3.9035 -3.3879
v  -1.3659 3.8606 -3.2782
v  -1.2818 3.8120 -3.5210
v  -1.2713 3.7472 -3.6222
v  -1.2759 3.8031 -3.6250
v  -1.3188 3.8479 -3.5105
v  -1.4766 4.0625 -3.3930
v  -1.4340 4.0181 -3.3387
v  -1.3824 3.9439 -3.4368
v  -1.4308 3.9710 -3.2886
v  -1.2746 3.8471 -3.6405
v  -1.3452 3.8815 -3.5342
v  -1.4507 3.9058 -3.2179
v  -1.1753 3.8166 -3.7691
v  -1.1870 3.7691 -3.7572
v  -1.2006 3.7036 -3.7505
v  -1.2122 4.0109 -4.0433
v  -1.3158 4.0024 -3.8391
v  -1.2446 3.9793 -3.8359
v  -1.1233 3.9981 -4.0275
v  -0.9466 4.0319 -4.3273
v  -1.0212 4.0335 -4.3971
v  -0.7040 4.0335 -4.6981
v  -0.7914 4.0337 -4.7830
v  -1.2089 4.0526 -4.2949
v  -1.2252 4.0234 -4.1716
v  -1.0673 4.0473 -4.4598
v  -1.0975 4.0876 -4.5111
v  -0.8390 4.0730 -4.8382
v  -0.8820 4.1179 -4.8856
v  -0.3656 4.0364 -5.0834
v  -0.0331 4.0825 -5.3973
v  -0.1396 4.0703 -5.4921
v  -0.4631 4.0218 -5.1731
v  -0.5230 4.0698 -5.2223
v  -0.2104 4.1010 -5.5376
v  -0.3023 4.1656 -5.5691
v  -0.5930 4.1264 -5.2630
v  0.7562 4.0409 -6.4523
v  1.0791 4.0813 -6.6775
v  0.9910 4.1127 -6.7781
v  0.6835 4.0701 -6.5564
v  1.3296 4.1673 -7.0337
v  1.4359 4.1370 -6.9453
v  1.1279 4.2098 -7.1137
v  0.8210 4.1694 -6.8684
v  0.5403 4.1255 -6.6511
v  0.9882 3.7343 -7.1827
v  1.0419 3.6291 -7.1608
v  0.6255 3.6416 -6.8527
v  0.5924 3.7500 -6.8659
v  0.2958 3.6855 -6.5626
v  0.2641 3.7790 -6.5791
v  -0.9323 3.6267 -5.0570
v  -0.6730 3.6936 -5.4006
v  -0.6371 3.6227 -5.3808
v  -0.9089 3.5454 -5.0432
v  -0.4409 3.6898 -5.6820
v  -0.4762 3.7570 -5.6956
v  -1.6432 3.4474 -4.2959
v  -1.4806 3.4854 -4.4519
v  -1.6580 3.5024 -4.3113
v  -1.4938 3.5509 -4.4677
v  -1.2378 3.5813 -4.7398
v  -1.2220 3.5022 -4.7270
v  -1.6658 3.5551 -4.3277
v  -1.4986 3.6041 -4.4785
v  -1.7727 3.5102 -4.2363
v  -1.7877 3.5734 -4.2785
v  -1.6608 3.6069 -4.3441
v  -1.4901 3.6593 -4.4732
v  -1.8553 3.4757 -4.1582
v  -1.8829 3.5280 -4.1786
v  -1.2454 3.6466 -4.7447
v  -1.2587 3.7058 -4.7493
v  -0.9866 3.7706 -5.0821
v  -0.9501 3.7024 -5.0636
v  -1.7033 3.6637 -4.3627
v  -1.6415 3.6591 -4.3668
v  -1.5608 3.7791 -4.5226
v  -1.5043 3.7151 -4.4838
v  -1.3331 4.0226 -4.0615
v  -1.3556 3.9916 -3.9393
v  -1.2753 4.0708 -4.2457
v  -1.3231 4.1145 -4.2523
v  -1.4074 4.0515 -4.0401
v  -1.4474 4.0094 -3.9029
v  -1.5433 4.0643 -3.8699
v  -1.5131 4.0672 -3.7827
v  -1.4910 4.0521 -3.8115
v  -1.5049 4.0410 -3.8870
v  -1.4492 4.0458 -3.8055
v  -1.4696 4.0669 -3.7406
v  -1.3876 4.0223 -3.8209
v  -1.4264 4.0476 -3.7149
v  2.5406 3.6033 -7.8417
v  2.6206 3.6627 -7.8816
v  2.6902 3.6562 -7.7703
v  2.6304 3.5919 -7.7144
v  2.5399 3.7337 -7.9411
v  2.4429 3.6899 -7.9134
v  2.6119 3.7614 -7.9355
v  2.6799 3.7356 -7.8886
v  2.7189 3.7109 -7.8098
v  2.6215 4.0369 -7.7455
v  2.6892 3.9619 -7.8015
v  2.6288 3.9828 -7.8706
v  2.5325 4.0940 -7.6806
v  2.5473 4.0189 -7.8580
v  2.4280 4.0601 -7.8108
v  2.6546 3.9435 -7.6437
v  2.5898 3.9773 -7.5568
v  2.6962 3.9266 -7.7110
v  2.3751 3.8828 -7.9154
v  2.3822 3.9766 -7.8800
v  2.5102 3.9550 -7.9132
v  2.5019 3.8896 -7.9476
v  2.6265 3.9286 -7.9109
v  2.6181 3.8793 -7.9349
v  2.7213 3.8989 -7.8334
v  2.7281 3.8549 -7.8504
v  2.7140 3.8683 -7.7039
v  2.7241 3.8129 -7.7107
v  2.5069 3.8137 -7.9558
v  2.6127 3.8198 -7.9423
v  2.3936 3.7901 -7.9234
v  2.7171 3.8041 -7.8739
v  2.7349 3.7602 -7.7576
v  2.7005 3.7053 -7.6662
v  2.6478 3.6513 -7.5902
v  2.6721 3.7783 -7.6076
v  2.6214 3.7447 -7.5158
v  2.5931 3.8500 -7.5169
v  2.6556 3.8541 -7.6057
v  -1.6529 4.3741 -4.2412
v  -1.5850 4.3610 -4.2169
v  -1.4869 4.5109 -4.5288
v  -1.5559 4.5240 -4.5504
v  -1.4275 4.4774 -4.5084
v  -1.5281 4.3254 -4.1964
v  -1.3059 4.6453 -4.8827
v  -1.3632 4.6994 -4.8992
v  -1.4364 4.7310 -4.9231
v  -1.6403 4.5106 -4.5517
v  -1.7316 4.3606 -4.2450
v  -1.5323 4.7300 -4.9328
v  -1.6371 4.7006 -4.9603
v  -1.7330 4.4735 -4.5738
v  -1.8199 4.3235 -4.2706
v  -1.7396 4.1301 -3.8471
v  -1.6820 4.1162 -3.8344
v  -1.6470 4.2251 -3.9903
v  -1.7108 4.2406 -4.0078
v  -1.5949 4.1909 -3.9816
v  -1.6292 4.0959 -3.8309
v  -1.7790 4.2301 -4.0172
v  -1.7939 4.1294 -3.8582
v  -1.8616 4.2019 -4.0484
v  -1.8758 4.1026 -3.8727
v  -1.5552 4.0931 -3.7433
v  -1.5125 4.0980 -3.6765
v  -1.5838 4.0810 -3.8468
v  -1.6130 4.1202 -3.7134
v  -1.5837 4.1478 -3.6081
v  -1.8687 4.1024 -3.7541
v  -1.9413 4.0108 -3.8297
v  -1.9509 4.0465 -3.7601
v  -1.9821 4.0605 -3.7044
v  -1.8914 4.1472 -3.6742
v  -2.0164 4.0559 -3.6510
v  -1.9637 4.1612 -3.6513
v  -1.5481 4.1192 -3.4493
v  -1.4909 4.0887 -3.5393
v  -1.6024 4.2068 -3.4981
v  -1.4583 4.0661 -3.6231
v  -1.9299 4.2515 -3.5819
v  -1.9202 4.3238 -3.4862
v  -1.8307 4.3091 -3.4823
v  -1.8706 4.2497 -3.5973
v  -1.6861 4.1208 -3.7113
v  -1.7547 4.1190 -3.7246
v  -1.7641 4.1707 -3.6400
v  -1.6822 4.1839 -3.6271
v  -1.7935 4.2868 -3.3039
v  -1.8707 4.3193 -3.3460
v  -1.7339 4.2815 -3.4267
v  -1.9388 4.3307 -3.3819
v  -1.7751 4.2615 -3.5763
v  -1.8262 4.2342 -3.6141
v  -1.8218 4.1508 -3.6562
v  -1.6933 4.2489 -3.5385
v  -1.8095 4.1132 -3.7394
v  -1.9667 3.9446 -3.9175
v  -1.9534 4.0247 -4.0003
v  -2.0128 3.8705 -4.0054
v  -2.0093 3.9374 -4.1106
v  -1.8475 3.6191 -4.2936
v  -1.9223 3.5757 -4.1916
v  -1.9638 3.6234 -4.2032
v  -1.9035 3.6637 -4.3145
v  -1.9736 3.5692 -4.0556
v  -1.9914 3.6405 -4.0476
v  -2.0227 3.7148 -4.1617
v  -1.9949 3.6779 -4.2260
v  -2.0266 3.7825 -4.2796
v  -1.9646 3.7232 -4.3181
v  -2.0189 3.7864 -4.0852
v  -2.0429 3.7269 -3.9902
v  -2.0456 3.8595 -4.2049
v  -1.8431 3.7032 -4.4213
v  -1.7588 3.7935 -4.5708
v  -1.6739 3.7871 -4.5258
v  -1.7696 3.6721 -4.3901
v  -1.9348 4.1253 -4.1458
v  -1.9799 4.0309 -4.2610
v  -1.9010 4.2532 -4.3636
v  -1.9308 4.1531 -4.4746
v  -2.0006 3.9473 -4.3498
v  -1.9883 3.8596 -4.4120
v  -1.9427 4.0618 -4.5524
v  -1.9117 3.9663 -4.5933
v  -1.9215 3.7736 -4.4303
v  -1.8469 3.8652 -4.5973
v  -1.8143 4.4004 -4.6638
v  -1.8479 4.3018 -4.7704
v  -1.7189 4.6224 -5.0484
v  -1.7571 4.5214 -5.1486
v  -1.5269 4.1918 -5.1914
v  -1.6407 3.9767 -4.8197
v  -1.7365 4.0315 -4.8621
v  -1.6272 4.2453 -5.2309
v  -1.8002 4.1293 -4.8664
v  -1.7024 4.3400 -5.2379
v  -1.8387 4.2135 -4.8378
v  -1.7381 4.4303 -5.2082
v  -1.6246 4.9544 -5.5242
v  -1.6667 4.8497 -5.6081
v  -1.5327 5.0168 -5.4457
v  -1.4554 5.3431 -5.8638
v  -1.5566 5.2759 -5.9472
v  -1.5901 5.1552 -6.0203
v  -1.3511 4.6531 -6.0807
v  -1.4214 4.4463 -5.6532
v  -1.5314 4.5066 -5.6824
v  -1.4641 4.7362 -6.0915
v  -1.6178 4.6147 -5.6824
v  -1.5420 4.8711 -6.0737
v  -1.6512 4.7356 -5.6552
v  -1.5777 5.0177 -6.0534
v  -0.9792 6.0219 -7.5888
v  -1.0565 5.8107 -7.2636
v  -0.9685 5.8956 -7.2159
v  -0.8673 6.1223 -7.5290
v  -1.0890 5.7452 -6.9374
v  -1.1646 5.6593 -6.9852
v  -0.9895 5.7920 -6.8976
v  -0.8634 5.9458 -7.1737
v  -0.7269 6.1662 -7.4754
v  -1.2007 5.5552 -7.0571
v  -1.1162 5.7088 -7.3323
v  -1.0977 5.5781 -7.3928
v  -1.1881 5.4275 -7.1208
v  -1.0354 5.8956 -7.6558
v  -1.0125 5.7529 -7.7159
v  -0.7631 5.5473 -7.7476
v  -0.8650 5.3666 -7.3848
v  -1.0163 5.4318 -7.4247
v  -0.9189 5.6111 -7.7628
v  -1.1092 5.2859 -7.1335
v  -0.9815 5.2001 -7.0862
v  1.3559 0.5408 -1.7669
v  1.4118 0.6119 -1.7808
v  1.1803 0.7168 -1.7693
v  1.1164 0.6378 -1.7642
v  1.2344 0.7820 -1.8090
v  1.4617 0.6761 -1.8095
v  1.2543 0.8041 -1.8804
v  1.2426 0.7820 -1.9523
v  1.4844 0.7055 -1.9524
v  1.4909 0.7155 -1.8730
v  1.2097 0.7311 -2.0108
v  1.4410 0.6458 -2.0140
v  1.4145 0.6199 -2.0909
v  1.1779 0.6805 -2.0818
v  2.0028 2.2087 -4.7114
v  2.0007 2.1523 -4.6541
v  2.3499 2.0191 -4.8083
v  2.3669 2.0768 -4.8634
v  1.6267 2.2471 -4.5378
v  1.9836 2.0604 -4.5669
v  1.6144 2.1482 -4.4540
v  2.3237 1.9359 -4.7135
v  2.0814 0.1434 -2.0873
v  2.0398 0.1821 -2.1670
v  2.0296 0.0719 -2.1055
v  1.9775 0.1060 -2.1670
v  1.9586 -0.0452 -1.8046
v  1.9122 -0.0520 -1.9005
v  1.8252 -0.0187 -1.7534
v  1.8013 -0.0346 -1.8460
v  2.0152 0.1911 -2.3654
v  2.0772 0.2325 -2.3663
v  2.0390 0.2026 -2.2294
v  1.9834 0.1490 -2.2269
v  3.3154 1.5720 -5.4338
v  3.2718 1.5355 -5.4925
v  3.2284 1.5382 -5.3426
v  3.1185 1.5269 -5.3989
v  3.1339 1.5237 -5.1059
v  3.0755 1.4565 -5.1577
v  3.1584 1.5019 -5.2722
v  3.2234 1.5825 -5.2188
v  3.0380 1.5093 -5.2975
v  2.9627 1.4712 -5.1674
v  3.2593 1.5224 -5.5664
v  3.1162 1.4999 -5.5139
v  3.3467 1.7467 -5.7998
v  3.2176 1.7889 -5.7822
v  3.3249 1.9803 -5.8218
v  3.4246 1.8841 -5.7720
v  2.3642 4.1545 -7.5309
v  2.4455 4.1323 -7.6074
v  2.3246 4.1038 -7.7534
v  2.2120 4.1520 -7.6940
v  2.5261 4.0116 -7.4748
v  2.4533 4.0358 -7.3984
v  2.2489 3.9938 -7.8433
v  2.1270 4.0233 -7.8467
v  2.2340 3.8554 -7.8566
v  2.0455 3.8278 -7.8538
v  2.5881 3.6088 -7.5242
v  2.5471 3.5562 -7.4581
v  2.4807 3.5000 -7.5894
v  2.5571 3.5532 -7.6550
v  2.5769 3.7104 -7.4355
v  2.5251 3.6709 -7.3381
v  2.5370 3.8464 -7.4368
v  2.4745 3.8528 -7.3639
v  3.4937 1.9967 -5.5325
v  3.4204 2.0951 -5.4948
v  3.4799 2.0169 -5.6337
v  3.3977 2.1501 -5.6565
v  3.4606 1.9743 -5.7161
v  3.4004 2.0809 -5.7706
v  0.9277 2.5387 -5.5850
v  1.2981 2.4472 -5.7415
v  1.1281 2.7177 -6.0487
v  0.7665 2.7887 -5.8551
v  1.5991 2.6942 -6.2288
v  1.7566 2.3688 -5.9237
v  0.6504 3.0986 -6.0758
v  0.9905 3.0392 -6.3019
v  1.4545 3.0383 -6.5001
v  0.6399 0.3983 -1.3576
v  0.5620 0.2897 -1.1398
v  0.7409 0.1300 -1.1734
v  0.8234 0.2373 -1.4057
v  0.6578 0.0221 -0.9445
v  0.4958 0.1901 -0.9136
v  0.8451 -0.1199 -0.9811
v  0.9354 -0.0167 -1.2188
v  1.0426 0.1091 -1.4384
v  0.9227 -0.2740 -1.3487
v  0.8155 -0.2145 -1.3580
v  0.8921 -0.0946 -1.5257
v  1.0013 -0.1534 -1.5196
v  1.1095 -0.2052 -1.5074
v  1.0289 -0.3249 -1.3318
v  1.2108 -0.4950 -0.7785
v  1.2821 -0.4236 -0.9648
v  1.3198 -0.3952 -0.9283
v  1.2599 -0.4642 -0.7431
v  1.3982 -0.3048 -1.1385
v  1.3699 -0.3292 -1.1738
v  1.5197 -0.2153 -1.3274
v  1.5415 -0.1875 -1.2935
v  1.4840 -0.2384 -1.3606
v  1.5932 -0.1398 -1.5278
v  1.6310 -0.1176 -1.4954
v  1.6504 -0.0930 -1.4633
v  1.6937 -0.0690 -1.6874
v  1.7253 -0.0536 -1.6414
v  1.7380 -0.0302 -1.5949
v  1.7403 0.0100 -1.5514
v  1.6315 -0.0566 -1.4423
v  1.6934 0.0591 -1.5499
v  1.5809 -0.0273 -1.4386
v  1.5217 -0.1468 -1.2701
v  1.4743 -0.1204 -1.2588
v  1.2454 0.3933 -1.6971
v  1.3079 0.4804 -1.7410
v  1.0692 0.5750 -1.7422
v  1.0103 0.4921 -1.6935
v  0.8610 0.6836 -1.7190
v  0.8065 0.6138 -1.6613
v  0.7241 0.5087 -1.5403
v  0.9194 0.3663 -1.5843
v  1.1525 0.2589 -1.5968
v  2.9848 1.3200 -4.9441
v  2.8883 1.3293 -4.9464
v  3.0511 1.3649 -4.9038
v  2.8920 1.0964 -4.6682
v  2.8107 1.0761 -4.6906
v  1.7732 1.3738 -3.9495
v  1.8564 1.6588 -4.1932
v  1.6709 1.1069 -3.6567
v  1.9525 1.0239 -3.7344
v  2.0647 1.2678 -4.0596
v  2.1562 1.5270 -4.3375
v  1.5791 1.9851 -4.2950
v  1.9311 1.8914 -4.4054
v  2.2549 1.7662 -4.5492
v  2.7475 0.8631 -4.3279
v  2.7019 0.8090 -4.3666
v  2.6162 0.6195 -3.9477
v  2.5732 0.5523 -3.9879
v  2.1749 0.2871 -2.6786
v  2.1102 0.2482 -2.6824
v  2.2705 0.2749 -3.1027
v  2.3333 0.3496 -3.0847
v  2.4979 0.4405 -3.5180
v  2.4254 0.3775 -3.5509
v  1.6378 0.7063 -2.9888
v  1.7871 0.8189 -3.3814
v  1.5353 0.9307 -3.3107
v  1.4092 0.8400 -2.9381
v  1.2321 2.1320 -5.0531
v  1.2052 2.2244 -5.1032
v  1.5373 2.0759 -5.2443
v  1.5630 1.9937 -5.1866
v  1.9541 1.9307 -5.4327
v  1.9540 1.8277 -5.3782
v  2.1922 0.2364 -1.8578
v  2.1858 0.2143 -1.7933
v  2.1120 0.3158 -1.8391
v  2.0958 0.2978 -1.7723
v  2.1633 0.1782 -1.7405
v  2.0727 0.2629 -1.7241
v  1.9711 0.0200 -2.0857
v  1.9006 0.0403 -2.1178
v  1.9255 -0.0157 -2.0402
v  1.8420 -0.0097 -2.0625
v  1.9045 -0.0409 -1.9785
v  1.8188 -0.0363 -1.9773
v  1.4431 0.6215 -2.3123
v  1.5309 0.6696 -2.6017
v  1.3034 0.7783 -2.5861
v  1.2183 0.7202 -2.3181
v  1.1822 0.6901 -2.1742
v  1.4116 0.6129 -2.1669
v  1.3828 0.5409 -2.6581
v  1.1946 0.5865 -2.6629
v  1.5953 0.4657 -2.6595
v  1.5226 0.3459 -2.3818
v  1.3305 0.4094 -2.3982
v  1.1610 0.4535 -2.4161
v  1.1500 0.4052 -2.3009
v  1.3059 0.3459 -2.2855
v  1.4896 0.2885 -2.2586
v  2.4590 3.5631 -7.7827
v  2.3487 3.6522 -7.8537
v  2.3721 3.5355 -7.7217
v  2.2522 3.6163 -7.7918
v  2.2722 3.7574 -7.8627
v  2.1443 3.7129 -7.8279
v  0.8873 3.8826 -6.2270
v  0.8920 3.7709 -6.1835
v  1.1900 3.8003 -6.4331
v  1.1927 3.9041 -6.4627
v  1.1929 3.7083 -6.3854
v  0.8809 3.6611 -6.1477
v  1.5671 3.7589 -6.6441
v  1.5606 3.8499 -6.6854
v  1.5657 3.9651 -6.7058
v  0.8462 4.0223 -6.3091
v  1.1630 4.0446 -6.5373
v  1.5286 4.1046 -6.7963
v  1.5520 2.5358 -4.8350
v  1.9431 2.4396 -4.9430
v  1.9045 2.4580 -5.0039
v  1.5034 2.5422 -4.9037
v  2.3244 2.3407 -5.1678
v  2.3622 2.3178 -5.1019
v  2.2463 2.3997 -5.3026
v  1.8312 2.5155 -5.1280
v  1.4243 2.5822 -5.0292
v  1.8837 2.7695 -5.9277
v  1.4701 2.8303 -5.7149
v  1.6689 2.6428 -5.3883
v  2.0961 2.5819 -5.5662
v  1.2688 2.6926 -5.2738
v  1.0971 2.8844 -5.5605
v  3.2350 1.6543 -5.1467
v  3.1484 1.5854 -5.0439
v  3.1804 1.7244 -5.0937
v  3.0984 1.6491 -4.9934
v  3.0726 1.4299 -4.8499
v  3.0197 1.4927 -4.8135
v  1.6806 1.6521 -4.6267
v  2.0495 1.5445 -4.7440
v  1.3558 1.7478 -4.5057
v  1.3819 1.9450 -4.6684
v  1.7093 1.8289 -4.8264
v  2.0947 1.7218 -4.9493
v  1.3679 2.0578 -4.8437
v  1.7110 1.9741 -4.9765
v  1.7244 1.9302 -4.9151
v  1.3828 2.0299 -4.7745
v  2.1039 1.8402 -5.1104
v  2.1120 1.8049 -5.0504
v  3.0215 2.3589 -6.2710
v  3.2512 2.2276 -5.9743
v  3.1744 2.1599 -5.9822
v  2.9821 2.3121 -6.3034
v  2.8283 2.4950 -6.7838
v  2.8475 2.6056 -6.6722
v  2.7939 2.6459 -6.5865
v  2.9887 2.4004 -6.2108
v  3.1958 2.2909 -5.9010
v  3.3123 2.2191 -5.7504
v  3.3608 2.1533 -5.8349
v  3.2962 2.0651 -5.8752
v  2.0040 2.4334 -4.8700
v  2.4134 2.3112 -5.0218
v  1.6116 2.5161 -4.7614
v  2.0439 2.3823 -4.7967
v  2.4407 2.2619 -4.9428
v  2.0244 2.2873 -4.7605
v  2.4137 2.1703 -4.8925
v  1.3009 2.0723 -4.9663
v  1.2658 2.0878 -5.0085
v  1.5896 1.9564 -5.1435
v  1.6242 1.9560 -5.1016
v  1.9739 1.7847 -5.3131
v  2.0119 1.7990 -5.2506
v  2.0647 1.8421 -5.1865
v  1.6725 1.9820 -5.0478
v  1.3377 2.0686 -4.9107
v  2.6539 3.0489 -6.9162
v  2.5967 2.9054 -7.0779
v  2.6841 2.9827 -7.0208
v  2.4626 3.2613 -7.3234
v  2.5610 3.3308 -7.2710
v  2.5144 3.3991 -7.1645
v  2.4650 3.4136 -7.4840
v  2.5377 3.4891 -7.3950
v  2.5155 3.5760 -7.2771
v  1.2984 3.0963 -6.0230
v  0.9633 3.1430 -5.8084
v  1.6803 3.0467 -6.2902
v  1.2019 3.3895 -6.2310
v  1.6040 3.4279 -6.4765
v  0.8888 3.3968 -5.9836
v  1.5956 3.6634 -6.5530
v  1.1901 3.5937 -6.3222
v  0.8757 3.5565 -6.0825
v  2.0224 4.0546 -7.8792
v  1.7838 4.1559 -7.9374
v  1.7820 4.1998 -7.7598
v  2.0572 4.1779 -7.7495
v  1.9170 3.8954 -7.8942
v  1.6967 4.0182 -8.0205
v  0.7753 3.9388 -7.2404
v  0.9256 3.8124 -7.1966
v  0.5335 3.8319 -6.8801
v  0.4036 3.9597 -6.9244
v  0.1969 3.8529 -6.6033
v  0.0737 3.9641 -6.6562
v  -0.8036 5.6832 -6.8184
v  -0.7814 5.5403 -6.7907
v  -0.6706 5.6983 -7.0985
v  -0.6816 5.8413 -7.1032
v  -0.6490 5.5691 -7.0776
v  -0.7693 5.4059 -6.7613
v  -0.4476 5.7741 -7.4050
v  -0.4831 5.8969 -7.4108
v  -0.5079 6.0422 -7.4008
v  -0.5989 6.1465 -7.4221
v  -0.7573 5.9352 -7.1269
v  -0.8819 5.7817 -6.8482
v  1.7915 0.3666 -1.7311
v  1.8405 0.4097 -1.7576
v  1.6411 0.5019 -1.7829
v  1.5897 0.4451 -1.7642
v  1.6835 0.5548 -1.8065
v  1.8752 0.4496 -1.7903
v  1.6837 0.5942 -2.0161
v  1.8735 0.5040 -2.0020
v  1.8421 0.5086 -2.0827
v  1.6505 0.5758 -2.0904
v  1.7244 0.6224 -1.9347
v  1.9031 0.4930 -1.9162
v  2.4360 0.8547 -3.8899
v  2.5920 1.0901 -4.2373
v  2.3498 1.1556 -4.1726
v  2.2199 0.9266 -3.8236
v  2.4550 1.3970 -4.4716
v  2.7303 1.3486 -4.5130
v  3.0231 1.8627 -5.0996
v  3.1122 1.9842 -5.1325
v  2.7996 2.0630 -5.0295
v  2.7351 1.9595 -4.9909
v  2.8435 2.1716 -5.0961
v  3.1652 2.1051 -5.2272
v  1.8646 0.2283 -2.3567
v  1.9535 0.1919 -2.3606
v  1.9139 0.1360 -2.2269
v  1.8149 0.1614 -2.2301
v  1.8891 0.1017 -2.1792
v  1.7895 0.1236 -2.1863
v  2.8274 1.6305 -5.5126
v  2.9971 1.5336 -5.5774
v  3.0084 1.5369 -5.4785
v  2.8443 1.6329 -5.4238
v  2.9981 1.5420 -5.3759
v  2.8386 1.6150 -5.3258
v  2.5764 1.1006 -4.6796
v  2.7283 1.0793 -4.6942
v  2.6118 0.8057 -4.3806
v  2.4582 0.8381 -4.3642
v  2.4736 0.5576 -4.0021
v  2.3300 0.6164 -3.9781
v  2.1404 4.1510 -7.3274
v  2.2846 4.1628 -7.4544
v  2.1507 4.1841 -7.5888
v  2.0150 4.1603 -7.4687
v  2.3755 4.0487 -7.3267
v  2.2226 4.0406 -7.2071
v  3.3415 2.1527 -5.4474
v  3.3027 2.1979 -5.5927
v  3.1534 2.2695 -5.4813
v  3.3206 2.0557 -5.3079
v  3.1741 2.1932 -5.3600
v  2.5740 2.6442 -6.4381
v  2.4184 3.0584 -6.7450
v  2.1072 3.0775 -6.5147
v  2.2491 2.6567 -6.2250
v  2.0315 3.4853 -6.6996
v  2.3020 3.4383 -6.9765
v  1.1714 -0.2111 -1.0506
v  1.2812 -0.0833 -1.2518
v  1.1211 -0.0791 -1.2480
v  1.0191 -0.1890 -1.0217
v  1.2448 0.0644 -1.4374
v  1.4058 0.0509 -1.4273
v  1.8440 0.2495 -1.6759
v  1.7386 0.1919 -1.6332
v  1.9257 0.2889 -1.7127
v  1.7193 0.3229 -1.7009
v  1.6273 0.2595 -1.6540
v  1.9717 0.3284 -1.7434
v  1.9986 0.3629 -1.7810
v  1.5313 0.3935 -1.7339
v  1.4566 0.3199 -1.6814
v  2.0208 0.3842 -1.8388
v  2.0199 0.3954 -1.9137
v  1.8997 0.4755 -1.8454
v  1.9856 0.4089 -2.0006
v  1.9535 0.4246 -2.0871
v  1.7174 0.6004 -1.8572
v  1.9532 0.4349 -2.1598
v  2.0026 0.4656 -2.3066
v  1.8975 0.5569 -2.2841
v  1.8436 0.5170 -2.1452
v  1.6486 0.5744 -2.1527
v  1.6963 0.6182 -2.2897
v  2.3539 0.6347 -3.5120
v  2.2015 0.5404 -3.0574
v  2.5469 0.8305 -3.9166
v  2.2579 0.6691 -3.4843
v  2.0952 0.5651 -3.0436
v  2.7181 1.0666 -4.2621
v  2.8607 1.3128 -4.5490
v  2.0531 0.7429 -3.4336
v  1.8930 0.6290 -3.0172
v  3.1065 1.7601 -5.0683
v  3.0301 1.6791 -4.9694
v  3.1695 1.8142 -5.1521
v  2.9663 1.8060 -5.0239
v  2.8989 1.7212 -4.9282
v  3.2616 1.9314 -5.2051
v  2.6983 1.9039 -4.9258
v  2.6442 1.8125 -4.8415
v  1.4354 -0.1414 -1.5915
v  1.3116 -0.1118 -1.6236
v  1.4043 -0.0080 -1.7838
v  1.5345 -0.0479 -1.7552
v  1.4843 0.0438 -1.9384
v  1.6193 -0.0064 -1.9112
v  1.5245 0.0294 -2.0588
v  1.6624 -0.0278 -2.0325
v  1.5626 0.0575 -2.1305
v  1.7021 0.0042 -2.1077
v  1.7510 -0.0422 -1.9997
v  1.7130 -0.0271 -1.8767
v  1.7823 -0.0083 -2.0829
v  1.5290 -0.1525 -1.5612
v  1.6296 -0.0641 -1.7238
v  1.6041 0.1128 -2.1773
v  1.7485 0.0628 -2.1553
v  1.6415 0.1778 -2.1999
v  1.6659 0.2173 -2.2420
v  1.7110 0.2828 -2.3654
v  1.8370 0.0515 -2.1331
v  2.7375 1.5205 -5.1294
v  2.4510 1.6013 -5.0627
v  2.4845 1.6645 -5.1732
v  2.7983 1.5918 -5.2425
v  2.5026 1.6946 -5.2344
v  2.4935 1.7350 -5.3208
v  2.4557 1.7057 -5.3987
v  2.8861 1.4968 -5.1503
v  2.9491 1.5375 -5.2874
v  2.0592 0.3392 -3.1049
v  1.8779 0.4337 -3.0838
v  1.9695 0.5169 -3.5264
v  2.1833 0.4329 -3.5571
v  2.0946 0.7024 -3.9286
v  2.2067 0.9312 -4.2893
v  2.3127 1.1926 -4.5913
v  2.1777 0.2870 -3.1107
v  2.3222 0.3789 -3.5674
v  2.8198 1.6822 -5.6472
v  2.4264 1.7433 -5.5258
v  2.4621 1.8583 -5.5872
v  2.8845 1.8072 -5.7380
v  2.4743 1.9353 -5.7040
v  2.9469 1.9290 -5.8228
v  2.4718 1.9592 -5.7510
v  2.4065 2.0446 -5.8634
v  2.8702 2.0750 -5.9720
v  2.9511 1.9816 -5.8638
v  3.1920 2.0320 -5.8757
v  3.1881 1.9558 -5.8259
v  3.0968 2.1430 -5.9852
v  3.0050 1.6345 -5.7388
v  3.1061 1.8030 -5.7655
v  2.1671 3.2257 -7.2221
v  1.8217 3.3041 -6.9581
v  1.7933 3.4368 -7.1063
v  2.1461 3.3674 -7.3851
v  1.7701 3.4803 -7.2130
v  2.1470 3.4413 -7.4707
v  1.6749 3.4600 -7.3313
v  1.5549 3.4940 -7.4357
v  1.9468 3.5372 -7.6561
v  2.0667 3.4846 -7.5660
v  2.2707 3.5126 -7.6710
v  2.3518 3.4710 -7.5657
v  2.1497 3.5821 -7.7480
v  2.3690 3.2373 -7.3083
v  2.3544 3.3821 -7.4832
v  1.4599 3.5976 -7.4937
v  1.3699 3.6886 -7.5356
v  1.7281 3.7207 -7.7528
v  1.8341 3.6295 -7.7140
v  1.2981 3.7708 -7.5432
v  1.1407 3.9371 -7.5544
v  1.4447 3.9705 -7.7854
v  1.6354 3.7991 -7.7714
v  1.8154 3.8271 -7.8780
v  1.9191 3.7609 -7.8383
v  1.5936 3.9740 -7.9054
v  2.0327 3.6765 -7.7953
v  -0.7678 5.8200 -8.0813
v  -0.6354 5.7530 -8.0883
v  -0.8663 5.9366 -8.0426
v  -0.7133 6.0870 -8.2979
v  -0.6471 5.9806 -8.3467
v  -0.5362 5.9113 -8.3668
v  -0.7139 6.1943 -8.2408
v  -0.8875 6.0707 -7.9862
v  -0.8375 6.1983 -7.9222
v  -0.6673 6.2929 -8.1862
v  -0.7104 6.2794 -7.8617
v  -0.5587 6.3603 -8.1349
v  -0.5698 6.3050 -7.8107
v  -0.4395 6.3885 -8.0870
v  -0.4568 6.2743 -7.7631
v  -0.3719 6.1885 -7.7365
v  -0.2758 6.2876 -8.0144
v  -0.3435 6.3678 -8.0358
v  -0.3245 6.0665 -7.7451
v  -0.3190 5.9486 -7.7722
v  -0.2314 6.0807 -8.0744
v  -0.2401 6.1823 -8.0350
v  1.6380 4.1901 -7.6115
v  1.4247 4.2409 -7.3739
v  1.6418 4.1620 -7.3139
v  1.8872 4.1637 -7.5376
v  1.7590 4.1352 -7.2400
v  1.8626 4.1043 -7.1022
v  1.9257 4.0029 -6.9856
v  1.7483 4.1920 -7.7090
v  2.0169 4.1909 -7.6493
v  1.9246 3.8801 -6.9657
v  1.9274 3.7754 -6.9347
v  2.2422 3.7767 -7.1463
v  2.2329 3.8981 -7.1804
v  1.9637 3.6697 -6.8460
v  2.2608 3.6551 -7.0857
v  2.4361 3.4120 -7.1095
v  2.4207 3.6223 -7.2088
v  2.4153 3.7383 -7.2576
v  2.3958 3.8799 -7.2949
v  2.9708 2.3435 -5.7401
v  2.6504 2.3494 -5.5351
v  2.7578 2.3372 -5.3749
v  3.0930 2.3174 -5.5755
v  2.8102 2.3152 -5.2914
v  2.8438 2.2606 -5.1910
v  3.1239 2.3166 -5.8452
v  3.2393 2.2492 -5.6894
v  2.9330 2.4125 -6.1627
v  2.7378 2.6526 -6.5359
v  2.7787 2.4155 -6.0614
v  2.5852 3.0641 -6.8492
v  2.4640 2.4365 -5.8473
v  2.4851 2.9010 -7.0428
v  2.6682 2.4867 -6.7391
v  2.4336 2.4859 -6.6686
v  2.2702 2.8927 -6.9742
v  2.9021 2.2916 -6.3089
v  2.6706 2.2331 -6.2820
v  2.2477 2.2759 -6.1315
v  2.0489 2.5756 -6.4766
v  1.9012 2.9637 -6.7590
v  1.2191 -0.2985 -0.8518
v  1.1688 -0.3499 -0.6706
v  1.2975 -0.1956 -1.0443
v  1.1011 -0.2952 -0.8387
v  1.0618 -0.3410 -0.6483
v  1.4005 -0.0908 -1.2475
v  1.5131 0.0114 -1.4323
v  0.7880 -0.1947 -0.7553
v  0.9555 -0.2677 -0.7999
v  0.9221 -0.3100 -0.6042
v  0.7562 -0.2403 -0.5601
v  1.4289 -0.2561 -1.3976
v  1.3471 -0.2600 -1.4370
v  1.3244 -0.3557 -1.2151
v  1.2516 -0.3743 -1.2613
v  1.2330 -0.2459 -1.4792
v  1.1447 -0.3649 -1.3039
v  1.3608 0.2106 -1.5740
v  1.5227 0.1692 -1.5585
v  1.6266 0.1091 -1.5575
v  2.9587 1.5253 -4.7876
v  2.8336 1.5730 -4.7391
v  2.5650 1.6399 -4.6807
v  2.3998 1.4390 -4.8481
v  2.6684 1.3464 -4.9343
v  2.8164 1.3320 -4.9451
v  1.7968 0.3769 -2.6643
v  1.9627 0.3099 -2.6672
v  2.0524 0.2669 -2.6754
v  2.0855 0.4976 -2.6300
v  1.9795 0.5558 -2.6110
v  1.7747 0.6045 -2.6058
v  2.9858 1.5602 -5.6572
v  2.8143 1.6419 -5.5709
v  2.4319 1.7041 -5.4585
v  -2.1148 3.5417 -3.9755
v  -2.1399 3.6060 -3.9602
v  -2.2419 3.5391 -3.9046
v  -2.2337 3.5896 -3.9265
v  -2.1792 3.6250 -3.6013
v  -2.3049 3.5631 -3.6333
v  -2.2151 3.7125 -3.6350
v  -2.3508 3.6519 -3.6762
v  -2.3754 3.5371 -3.8009
v  -2.3303 3.4568 -3.7568
v  -2.3456 3.5031 -3.6961
v  -2.4003 3.5888 -3.7398
v  -2.2244 3.7743 -3.7027
v  -2.3575 3.7286 -3.7340
v  -2.2284 3.8167 -3.7725
v  -2.3238 3.7777 -3.7783
v  -2.4106 3.6717 -3.7944
v  -2.3526 3.7501 -3.8418
v  -2.3374 3.6942 -3.8995
v  -2.3856 3.6140 -3.8494
v  -2.2183 3.7800 -3.9388
v  -2.2293 3.8235 -3.8615
v  -2.2972 3.6323 -3.9158
v  -2.1830 3.6892 -3.9617
v  -2.3287 3.5669 -3.8735
v  -2.3149 3.4956 -3.8448
v  -2.2831 3.4205 -3.8145
v  -1.4722 4.0833 -4.0258
v  -1.3836 4.1604 -4.2422
v  -1.4369 4.2331 -4.2505
v  -1.5239 4.1191 -4.0119
v  -1.5600 4.1546 -3.9935
v  -1.4862 4.2800 -4.2001
v  -1.2805 4.5821 -4.8987
v  -1.3878 4.4253 -4.5168
v  -1.3439 4.3879 -4.5631
v  -1.2555 4.5203 -4.9316
v  -1.1347 4.1370 -4.5552
v  -1.1822 4.1923 -4.5798
v  -0.9441 4.1865 -4.9357
v  -1.0164 4.2617 -4.9696
v  -1.2401 4.2510 -4.5711
v  -1.0911 4.3272 -4.9687
v  -1.1571 4.3924 -4.9598
v  -1.2817 4.3143 -4.5822
v  -1.2066 4.4629 -4.9716
v  -1.2826 4.3832 -4.6676
v  0.4091 4.5868 -7.2621
v  0.1953 4.5546 -6.9898
v  0.5154 4.3355 -6.9402
v  0.7684 4.3475 -7.2030
v  0.2629 4.2777 -6.7294
v  -0.0268 4.4879 -6.7755
v  -0.3559 5.5910 -7.3828
v  -0.4156 5.7025 -7.3933
v  -0.6203 5.4870 -7.0594
v  -0.5568 5.3843 -7.0524
v  -0.7541 5.3225 -6.7452
v  -0.7067 5.2238 -6.7552
v  -0.0354 4.7562 -7.0306
v  -0.2312 4.6763 -6.8045
v  0.1598 4.8244 -7.3086
v  -0.0261 5.0817 -7.3388
v  -0.2157 4.9696 -7.0482
v  -0.3986 4.8589 -6.8112
v  -0.4063 5.1950 -7.0526
v  -0.2079 5.3631 -7.3609
v  -0.5748 5.0541 -6.7879
v  1.0166 4.3948 -7.4721
v  1.1868 4.3827 -7.7203
v  0.7189 4.6413 -7.8406
v  0.5809 4.6053 -7.5790
v  -0.1424 5.8740 -8.0974
v  -0.2045 6.0135 -8.0924
v  -0.2916 5.8796 -7.7750
v  -0.2291 5.7552 -7.7665
v  0.2715 5.2516 -7.9903
v  0.0353 5.5842 -8.0613
v  -0.0770 5.4842 -7.7390
v  0.1292 5.1679 -7.6897
v  0.3202 4.8792 -7.6402
v  0.4621 4.9462 -7.9188
v  0.7792 4.6514 -7.9722
v  1.2625 4.3663 -7.8327
v  1.2718 4.3646 -7.8532
v  0.7836 4.6619 -8.0113
v  0.5428 4.9880 -8.0811
v  0.3751 5.3150 -8.1714
v  0.5778 5.0089 -8.1864
v  0.4178 5.3405 -8.3050
v  1.2642 4.3559 -7.9719
v  0.7865 4.6664 -8.1424
v  1.1810 4.2791 -7.9957
v  0.6861 4.6029 -8.1559
v  0.5308 4.9738 -8.3007
v  0.3672 5.3114 -8.4365
v  0.4178 4.9214 -8.3094
v  0.2396 5.2539 -8.4439
v  1.1252 4.2774 -7.9493
v  0.6145 4.5618 -8.1305
v  1.0103 4.2641 -7.8624
v  0.4962 4.5009 -8.0408
v  0.0504 5.1390 -8.2178
v  0.1517 5.2061 -8.3648
v  0.3287 4.8670 -8.2718
v  0.2131 4.8035 -8.1499
v  -0.6827 5.5012 -7.7460
v  -0.5499 5.7095 -8.0958
v  -0.4365 5.6202 -8.0681
v  -0.5915 5.4176 -7.7247
v  -0.4395 5.8793 -8.3723
v  -0.3151 5.7764 -8.3491
v  0.7478 4.1857 -7.6659
v  0.2873 4.4223 -7.8397
v  0.4450 4.1614 -7.3680
v  0.0828 4.4187 -7.5153
v  0.0252 4.7183 -7.9324
v  -0.1329 4.6889 -7.5896
v  -0.2652 4.9663 -7.6182
v  -0.1196 5.0383 -7.9740
v  -0.2720 5.3749 -8.0147
v  -0.4367 5.2228 -7.6739
v  -0.1160 5.5144 -8.2698
v  -0.7941 5.3118 -7.3750
v  -0.9128 5.1317 -7.0679
v  -0.7269 5.2249 -7.3633
v  -0.8495 5.0431 -7.0544
v  0.1322 4.1574 -7.0547
v  -0.1595 4.3859 -7.1949
v  -0.1619 4.1123 -6.7936
v  -0.3834 4.3323 -6.9101
v  -0.3395 4.6155 -7.2597
v  -0.5274 4.5317 -6.9659
v  -0.6394 4.7112 -6.9976
v  -0.4739 4.8311 -7.2962
v  -0.6102 5.0503 -7.3327
v  -0.7526 4.8921 -7.0290
v  -0.6015 4.2435 -6.5055
v  -0.5152 4.2879 -6.6800
v  -0.3278 4.1073 -6.5697
v  -0.4400 4.0791 -6.4067
v  -0.1373 3.9679 -6.4547
v  -0.2731 3.9563 -6.3058
v  -0.6378 4.4611 -6.7424
v  -0.7110 4.3997 -6.5757
v  -0.7957 4.5465 -6.6214
v  -0.7316 4.6213 -6.7790
v  -1.3475 4.4039 -5.6339
v  -1.4589 4.1491 -5.1792
v  -1.2659 4.6087 -6.0522
v  -1.1966 4.5381 -6.0375
v  -1.2856 4.3444 -5.6357
v  -1.3857 4.1182 -5.1928
v  -1.2867 4.0856 -5.2438
v  -1.3275 3.9337 -4.9812
v  -1.4741 3.9305 -4.8406
v  -1.1693 3.9856 -5.2360
v  -1.1897 4.0827 -5.3629
v  -1.1135 3.9038 -5.1639
v  -1.3247 3.8288 -4.8271
v  -1.2961 3.7573 -4.7659
v  -1.0475 3.8348 -5.1145
v  -1.5676 3.9459 -4.7991
v  0.1983 0.0261 0.0414
v  0.2002 0.0162 -0.0078
v  0.1153 0.1456 -0.0231
v  0.1036 0.1531 0.0215
v  0.3381 -0.1175 0.0475
v  0.3489 -0.0952 -0.0615
v  0.2096 0.0226 -0.0732
v  0.3472 -0.1073 -0.0003
v  0.1235 0.1461 -0.0843
v  -0.6916 0.4932 -0.0738
v  -0.5551 0.4349 -0.0626
v  -0.5464 0.4669 -0.1172
v  -0.3992 0.4002 -0.0565
v  -0.4049 0.4125 -0.1122
v  -0.4030 0.4537 -0.1687
v  -0.5384 0.5028 -0.1696
v  -0.6829 0.4957 -0.1215
v  -0.7037 0.5485 -0.1921
v  -0.7841 0.5163 -0.1086
v  -0.7646 0.5803 -0.1003
v  -0.8849 0.5235 -0.1451
v  -0.8096 0.5437 -0.1756
v  -0.9149 0.5398 -0.2572
v  -0.9643 0.5315 -0.2009
v  -0.8609 0.5650 -0.3042
v  -0.9951 0.5582 -0.4069
v  -1.0312 0.5258 -0.3471
v  -1.0614 0.5597 -0.2858
v  -1.1054 0.5667 -0.4879
v  -1.1249 0.5132 -0.4175
v  -1.1868 0.5321 -0.4679
v  -1.1796 0.5647 -0.5271
v  -1.1976 0.5625 -0.4177
v  -1.1380 0.5617 -0.3547
v  -1.1094 0.8259 -1.2499
v  -1.0797 0.7981 -1.3218
v  -1.0852 0.6204 -1.1186
v  -1.0906 0.6977 -1.0770
v  -1.0251 0.7726 -1.3822
v  -1.0078 0.6109 -1.1946
v  -1.1042 0.0864 -0.7745
v  -1.1207 0.0724 -0.7319
v  -1.1328 0.1164 -0.7314
v  -1.1221 0.1338 -0.7653
v  -1.0743 0.0182 -0.7668
v  -1.1282 0.0235 -0.7472
v  -1.0948 0.6239 -0.9556
v  -1.1290 0.6626 -0.9186
v  -1.0849 0.5601 -0.9809
v  -1.0920 0.5207 -0.8938
v  -1.1098 0.5786 -0.8649
v  -1.1477 0.6170 -0.8366
v  0.9458 0.2155 -2.1476
v  0.8486 0.2203 -2.1478
v  0.8745 0.2428 -2.2510
v  0.9735 0.2541 -2.2305
v  0.9274 0.2341 -2.0156
v  0.8330 0.2594 -2.0142
v  1.0064 0.3331 -2.2600
v  0.9164 0.3399 -2.2908
v  0.9496 0.4428 -2.2780
v  1.0349 0.4176 -2.2555
v  0.1815 1.1600 -1.7814
v  0.0156 1.2502 -1.7844
v  0.0034 1.2057 -1.7279
v  0.1637 1.1214 -1.7270
v  1.0746 2.1336 -4.8688
v  1.1119 2.1211 -4.7956
v  0.9361 2.1272 -4.7082
v  0.8894 2.1319 -4.8079
v  1.1400 2.1137 -4.7154
v  0.9651 2.1242 -4.6159
v  1.1416 2.0749 -4.6454
v  0.9483 2.0702 -4.5629
v  1.1275 1.9773 -4.5625
v  0.9309 1.9831 -4.4927
v  0.3628 2.5741 -4.0239
v  0.3678 2.6413 -4.0760
v  0.0263 2.7736 -3.9338
v  0.0240 2.7051 -3.8821
v  0.0255 2.6283 -3.8200
v  0.3581 2.4996 -3.9599
v  0.0310 1.3296 -2.0459
v  0.0279 1.3311 -2.1091
v  0.0501 1.3586 -1.9894
v  0.2333 1.2642 -2.0156
v  0.2146 1.2373 -2.0716
v  0.2097 1.2465 -2.1340
v  -0.0918 3.8432 -6.2076
v  -0.1627 3.8926 -6.2429
v  -0.0191 3.8824 -6.3947
v  0.0572 3.8258 -6.3596
v  -1.2404 5.5570 -6.7890
v  -1.1729 5.6438 -6.7489
v  -1.2604 5.5979 -6.6060
v  -1.3317 5.4987 -6.6474
v  -1.1509 5.6515 -6.5545
v  -1.0787 5.6998 -6.7062
v  -1.0204 5.6423 -6.4847
v  -0.9622 5.6928 -6.6459
v  -0.8827 5.5803 -6.6103
v  -0.9235 5.5259 -6.4335
v  -0.8528 5.4365 -6.5730
v  -0.8353 5.3016 -6.5432
v  -0.8775 5.3740 -6.3920
v  -0.8754 5.2301 -6.3756
v  -0.8716 5.1494 -6.3857
v  -0.8232 5.2209 -6.5384
v  -0.7788 5.1322 -6.5527
v  -0.8284 5.0673 -6.4024
v  0.5854 3.6402 -5.7796
v  0.5956 3.5605 -5.7439
v  0.7031 3.5528 -5.8881
v  0.7014 3.6431 -5.9394
v  0.7142 3.4284 -5.8067
v  0.5998 3.4562 -5.6858
v  1.0045 2.7345 -4.6968
v  1.2388 2.6314 -4.7586
v  1.1905 2.6517 -4.8396
v  0.9569 2.7606 -4.7859
v  1.1169 2.6952 -4.9631
v  0.8942 2.8117 -4.9041
v  1.3031 2.6303 -4.6623
v  1.0793 2.7645 -4.5770
v  -0.8869 4.5879 -5.6810
v  -1.0162 4.4935 -5.3466
v  -0.9266 4.4182 -5.3533
v  -0.7815 4.4939 -5.6793
v  -0.8271 4.3329 -5.3468
v  -0.6554 4.3878 -5.6655
v  -0.7051 4.2250 -5.3103
v  -0.4790 4.2573 -5.6249
v  0.7101 3.0813 -5.3363
v  0.8667 2.9910 -5.4337
v  0.7682 3.2167 -5.6510
v  0.6333 3.2706 -5.5450
v  0.9937 2.8078 -5.1836
v  0.8034 2.9219 -5.1056
v  -0.1454 0.8487 -1.1490
v  0.0022 0.7720 -1.1455
v  -0.1860 0.7382 -0.9465
v  -0.0479 0.6616 -0.9439
v  0.9019 0.2097 -1.8372
v  0.7999 0.2570 -1.8379
v  0.8401 0.1018 -1.6732
v  0.7248 0.1626 -1.6776
v  0.4951 0.1375 -1.5207
v  0.5650 0.0929 -1.5271
v  0.5060 -0.0250 -1.3476
v  0.4388 0.0213 -1.3352
v  0.5625 0.2479 -1.6756
v  0.6364 0.2077 -1.6783
v  0.6521 0.0434 -1.5290
v  0.5886 -0.0770 -1.3560
v  0.6596 0.3202 -1.9732
v  0.7431 0.2841 -1.9975
v  0.7158 0.2958 -1.8283
v  0.6381 0.3320 -1.8144
v  0.4903 0.2918 -1.6712
v  0.5576 0.3690 -1.8040
v  0.5819 0.3666 -1.9509
v  0.7697 -0.0220 -1.5268
v  0.6985 -0.1438 -1.3593
v  0.4284 0.1852 -1.5113
v  0.3739 0.0694 -1.3213
v  0.3941 -0.0800 -1.1200
v  0.3621 -0.1605 -0.9225
v  0.2990 -0.1139 -0.9148
v  0.3294 -0.0330 -1.1087
v  0.3974 -0.4227 -0.4998
v  0.4711 -0.4664 -0.4971
v  0.4394 -0.4996 -0.4076
v  0.3646 -0.4512 -0.4096
v  0.5208 -0.5447 -0.4076
v  0.5500 -0.5085 -0.4929
v  0.4925 -0.5938 -0.3272
v  0.2863 0.4162 -0.9048
v  0.3800 0.3214 -0.9013
v  0.4379 0.4157 -1.1246
v  0.3476 0.5153 -1.1197
v  0.5125 0.5237 -1.3351
v  0.4180 0.6223 -1.3270
v  0.1284 0.5440 -0.9220
v  0.2047 0.4866 -0.9119
v  0.2722 0.5983 -1.1154
v  0.1982 0.6683 -1.1158
v  0.3349 0.7019 -1.3230
v  0.2514 0.7645 -1.3271
v  0.1608 0.8163 -1.3387
v  0.1120 0.7189 -1.1304
v  0.0492 0.5977 -0.9354
v  0.3929 0.7932 -1.5126
v  0.3021 0.8535 -1.5160
v  0.4864 0.7203 -1.5133
v  0.5523 0.8092 -1.6473
v  0.4488 0.8753 -1.6528
v  0.3530 0.9383 -1.6526
v  0.2529 0.9947 -1.6575
v  0.2076 0.9083 -1.5235
v  0.7166 0.7886 -1.7038
v  0.5996 0.8706 -1.7158
v  0.6637 0.7219 -1.6467
v  0.4900 0.9302 -1.7316
v  0.5303 1.0051 -1.7382
v  0.4179 1.0422 -1.7756
v  0.3882 0.9922 -1.7303
v  0.5904 0.6283 -1.5174
v  1.1189 1.7896 -4.4224
v  0.9388 1.8076 -4.3683
v  1.1169 1.5551 -4.2232
v  0.9570 1.5808 -4.1893
v  0.2875 1.0576 -1.7240
v  0.3096 1.0965 -1.7771
v  1.1128 1.3084 -3.9823
v  1.1052 1.0783 -3.6933
v  0.9805 1.1197 -3.6666
v  0.9709 1.3419 -3.9545
v  0.8461 1.3841 -3.9183
v  0.8192 1.6213 -4.1474
v  0.8699 1.1664 -3.6342
v  0.7647 1.2106 -3.6024
v  0.7332 1.4325 -3.8764
v  0.6991 1.6759 -4.0956
v  0.0283 2.4901 -3.7054
v  0.3425 2.3673 -3.8334
v  0.0435 2.3162 -3.5390
v  0.3178 2.1859 -3.6675
v  0.6132 1.4710 -3.8426
v  0.6525 1.2443 -3.5772
v  0.5706 1.7188 -4.0556
v  0.0656 2.1168 -3.3416
v  0.3082 1.9866 -3.4577
v  0.0774 1.9183 -3.1300
v  0.2948 1.7907 -3.2299
v  0.4627 1.9027 -3.5329
v  0.4851 2.1062 -3.7507
v  0.4417 1.7076 -3.2913
v  0.5557 1.6501 -3.3314
v  0.5764 1.8452 -3.5848
v  0.6011 2.0538 -3.8093
v  0.6915 1.7879 -3.6363
v  0.6715 1.5950 -3.3697
v  0.7203 2.0040 -3.8648
v  1.0888 0.8865 -3.3595
v  0.9818 0.9385 -3.3346
v  1.0748 0.7355 -3.0067
v  0.9795 0.7881 -2.9901
v  0.7760 1.0331 -3.2871
v  0.8818 0.9942 -3.3068
v  0.8793 0.8365 -2.9779
v  0.7702 0.8683 -2.9740
v  0.6628 0.9067 -2.9648
v  0.6671 1.0673 -3.2692
v  0.0831 1.7701 -2.9027
v  0.0558 1.6181 -2.6903
v  0.2466 1.4993 -2.7568
v  0.2776 1.6392 -2.9911
v  0.4915 1.3644 -2.8245
v  0.5280 1.5002 -3.0729
v  0.4169 1.5572 -3.0415
v  0.3861 1.4255 -2.7949
v  1.0348 2.1629 -4.9312
v  0.9985 2.2265 -4.9873
v  0.8414 2.1764 -4.9036
v  0.8054 2.2660 -4.9796
v  0.6411 1.4466 -3.1025
v  0.5989 1.3094 -2.8502
v  0.9727 2.3339 -5.0363
v  0.9324 2.4085 -5.1175
v  0.7837 2.3840 -5.0332
v  0.7569 2.4776 -5.0932
v  0.4709 2.3659 -4.9033
v  0.4884 2.4837 -4.9303
v  0.6161 2.4236 -5.0096
v  0.6140 2.2893 -4.9774
v  0.6216 2.5330 -5.0294
v  0.4967 2.5697 -4.9589
v  0.0624 1.3705 -1.9239
v  0.0638 1.3594 -1.8576
v  0.2360 1.2693 -1.8696
v  0.2422 1.2809 -1.9436
v  0.3508 2.4438 -4.8126
v  0.3732 2.5424 -4.8397
v  0.3733 2.6081 -4.8852
v  0.5583 0.3080 -2.1016
v  0.6489 0.2589 -2.1173
v  0.4507 0.3778 -2.1060
v  0.5442 0.2886 -2.2652
v  0.4349 0.3747 -2.2577
v  0.6512 0.2416 -2.2711
v  0.0476 1.3164 -1.8058
v  0.2111 1.2191 -1.8187
v  0.7662 0.2324 -2.2658
v  0.7472 0.2302 -2.1354
v  0.3032 0.5901 -2.3135
v  0.2854 0.5051 -2.2544
v  0.4659 0.4702 -2.3779
v  0.5884 0.3848 -2.4155
v  0.6497 0.5345 -2.4138
v  0.7085 0.3442 -2.4016
v  0.7606 0.4938 -2.3873
v  0.2908 0.4716 -2.1486
v  0.7795 0.6364 -2.4576
v  0.7714 0.7260 -2.6821
v  0.8754 0.6867 -2.6734
v  0.8797 0.5960 -2.4347
v  0.9757 0.6508 -2.6655
v  0.9738 0.5528 -2.4174
v  0.8589 0.4678 -2.3278
v  0.8206 0.3386 -2.3462
v  0.6661 0.7675 -2.6865
v  0.6759 0.6775 -2.4750
v  1.0498 0.4576 -2.3004
v  1.0556 0.5056 -2.4158
v  0.9667 0.4919 -2.3143
v  0.8741 0.5282 -2.3460
v  0.7741 0.5596 -2.3892
v  1.0665 0.6101 -2.6683
v  0.6667 0.5973 -2.4187
v  0.0220 1.3371 -2.1739
v  0.2072 1.2542 -2.1988
v  0.2036 1.2770 -2.3162
v  0.0184 1.3729 -2.2829
v  0.0309 1.4750 -2.4703
v  0.2120 1.3586 -2.5232
v  -0.2522 3.6116 -6.0089
v  -0.2941 3.7120 -6.0169
v  -0.1904 3.7422 -6.1135
v  -0.1460 3.6507 -6.1066
v  -0.2206 3.8170 -6.1073
v  -0.3156 3.7917 -6.0083
v  -0.0538 3.7700 -6.2029
v  -0.0121 3.6851 -6.1924
v  -0.0465 3.4918 -5.8411
v  -0.1323 3.4892 -5.7224
v  -0.2424 3.4990 -5.8157
v  -0.1612 3.5026 -5.9454
v  -0.3270 3.5997 -5.8783
v  0.2197 3.5745 -6.2631
v  0.1385 3.6640 -6.3190
v  0.3194 3.5504 -6.1793
v  0.1638 3.5434 -6.0587
v  0.0655 3.5848 -6.1422
v  0.0480 3.5197 -5.9489
v  -0.0583 3.5483 -6.0468
v  0.0973 3.7489 -6.3426
v  -0.3622 3.7005 -5.8894
v  -0.3795 3.7805 -5.8848
v  0.6201 4.0034 -6.1621
v  0.6994 3.9100 -6.0276
v  0.5191 4.0101 -6.3108
v  0.3548 4.0274 -6.1855
v  0.4694 4.0243 -6.0323
v  0.5715 3.9415 -5.8726
v  0.7112 3.7700 -5.9713
v  0.6130 3.7914 -5.7894
v  0.2725 3.0668 -4.5250
v  0.2277 3.1731 -4.6843
v  -0.1253 3.2614 -4.4916
v  -0.0929 3.1608 -4.3486
v  -0.1537 3.3948 -4.6451
v  0.1823 3.3119 -4.8725
v  -0.0266 3.0674 -4.2058
v  -0.0602 3.1080 -4.2663
v  0.3065 3.0144 -4.4422
v  0.3319 2.9589 -4.3854
v  0.6989 2.8826 -4.5601
v  0.8498 2.8500 -4.6294
v  0.7928 2.8459 -4.7145
v  0.6524 2.8948 -4.6371
v  0.7400 2.8973 -4.8222
v  0.6076 2.9461 -4.7348
v  0.5383 3.0457 -4.9173
v  0.4153 3.0936 -4.8215
v  0.4748 2.9923 -4.6477
v  0.3507 3.2289 -5.0312
v  0.4661 3.1856 -5.1330
v  0.5149 2.9431 -4.5577
v  0.5491 2.9052 -4.4917
v  0.9816 2.3103 -4.2214
v  0.9371 2.1422 -4.1108
v  1.2313 2.0728 -4.1918
v  1.2628 2.2317 -4.3372
v  0.6640 3.0007 -5.0123
v  0.5836 3.1438 -5.2340
v  0.5254 2.2945 -3.9158
v  0.5555 2.4343 -4.0365
v  0.6396 2.2433 -3.9820
v  0.6803 2.3969 -4.0909
v  1.2780 2.3349 -4.4109
v  1.0045 2.4133 -4.2792
v  0.8300 2.4590 -4.1934
v  0.8033 2.3596 -4.1477
v  0.8651 2.5478 -4.2076
v  0.7342 2.5750 -4.1463
v  0.7035 2.4887 -4.1348
v  0.7598 2.1986 -4.0404
v  0.3396 2.1986 -4.2626
v  0.3596 2.0249 -4.1496
v  0.0590 2.1290 -4.0647
v  0.0331 2.2916 -4.1875
v  0.5718 2.5175 -4.0874
v  0.5880 2.5914 -4.1227
v  0.7920 1.8461 -4.3184
v  0.7735 2.0118 -4.4413
v  0.6675 1.9007 -4.2642
v  0.6476 2.0684 -4.3829
v  0.0174 2.3759 -4.2510
v  0.0019 2.4196 -4.2878
v  0.3232 2.3299 -4.3811
v  0.3324 2.2838 -4.3280
v  0.5055 2.2260 -4.4583
v  0.5142 2.1960 -4.4016
v  0.6426 2.1310 -4.4600
v  0.6386 2.1517 -4.5159
v  0.5196 2.1220 -4.3318
v  0.5379 1.9484 -4.2190
v  0.4381 2.6870 -5.0625
v  0.3417 2.8208 -5.2066
v  0.4464 2.7942 -5.2948
v  0.5505 2.6591 -5.1409
v  0.2370 3.0134 -5.3842
v  0.3345 2.9920 -5.4819
v  0.4339 2.9470 -5.5896
v  0.5538 2.7347 -5.3888
v  0.6683 2.5942 -5.2199
v  0.7898 2.1087 -4.5665
v  0.7806 2.0806 -4.5149
v  0.2345 2.8442 -5.1216
v  0.3244 2.7140 -4.9860
v  0.1335 3.0275 -5.2914
v  0.8980 2.4449 -5.1764
v  0.8336 2.5052 -5.2725
v  0.7264 2.5273 -5.1399
v  0.6036 2.5919 -5.0654
v  0.4832 2.6197 -4.9936
v  0.7020 2.6523 -5.4703
v  0.5696 2.8903 -5.6943
v  0.0216 3.0356 -4.1269
v  0.3908 2.9365 -4.2870
v  0.0820 3.0259 -4.0247
v  0.4456 2.9071 -4.1671
v  0.3610 2.6468 -4.9232
v  0.9378 2.6922 -4.2235
v  0.9444 2.7903 -4.3620
v  0.8057 2.8289 -4.3000
v  0.8002 2.7224 -4.1621
v  0.0728 2.9085 -3.9522
v  0.4368 2.7899 -4.0670
v  0.6600 2.7448 -4.1148
v  0.6702 2.8664 -4.2371
v  0.6112 2.8897 -4.3811
v  0.7644 2.8823 -4.4396
v  -0.1194 2.4921 -4.5093
v  0.1594 2.3948 -4.6619
v  -0.0771 2.4623 -4.4147
v  0.2026 2.3305 -4.5610
v  0.9106 2.8451 -4.5043
v  0.6425 2.1691 -4.8923
v  0.7014 2.1164 -4.7677
v  0.5456 2.1877 -4.7045
v  0.4892 2.2472 -4.8242
v  0.2700 2.3306 -4.4639
v  -0.0295 2.4527 -4.3422
v  0.6017 2.1664 -4.5989
v  0.4654 2.2489 -4.5422
v  0.4045 2.2644 -4.6414
v  0.3496 2.3219 -4.7535
v  0.0262 3.4908 -5.7793
v  0.1207 3.5120 -5.8812
v  0.2328 3.5300 -5.9879
v  0.2825 3.4274 -5.9104
v  0.1691 3.4145 -5.8127
v  0.0775 3.4097 -5.7114
v  0.7582 2.1109 -4.6531
v  -0.0639 3.4811 -5.6711
v  -0.0055 3.4176 -5.6006
v  0.4130 3.4200 -6.0290
v  0.4726 3.1745 -5.8890
v  0.3426 3.2027 -5.7748
v  0.2409 3.2212 -5.6672
v  0.1553 3.2388 -5.5599
v  0.3828 3.5460 -6.1017
v  0.1026 3.5708 -5.1858
v  0.1030 3.6522 -5.2444
v  -0.2307 3.7056 -4.9036
v  -0.2192 3.6336 -4.8605
v  -0.1910 3.5222 -4.7726
v  0.1279 3.4417 -5.0559
v  0.0624 3.2484 -5.4579
v  0.5149 3.3114 -5.4396
v  0.4885 3.4796 -5.5777
v  0.3781 3.5007 -5.4761
v  0.4000 3.3407 -5.3376
v  0.3845 3.5950 -5.5304
v  0.2759 3.6145 -5.4331
v  0.2697 3.5233 -5.3730
v  0.2756 3.6942 -5.4603
v  0.3870 3.6751 -5.5530
v  0.2912 3.3747 -5.2323
v  -0.2955 4.3961 -6.3911
v  -0.3885 4.3854 -6.2172
v  -0.1640 4.2187 -6.1771
v  -0.0546 4.2201 -6.3507
v  -0.2547 4.2363 -6.0079
v  -0.4712 4.3874 -6.0514
v  -0.0439 4.1374 -5.9568
v  0.0537 4.1126 -6.1268
v  0.1705 4.0955 -6.2989
v  0.4868 3.5739 -5.6324
v  0.4829 3.6532 -5.6577
v  -0.5497 4.3951 -5.8851
v  -0.3423 4.2588 -5.8402
v  -0.1357 4.1743 -5.7839
v  0.4490 4.0343 -6.4029
v  0.2848 4.0502 -6.2570
v  0.3222 4.0866 -6.4748
v  -0.1809 4.4354 -6.5746
v  0.0790 4.2375 -6.5347
v  -0.7077 3.7583 -5.4197
v  -0.5138 3.8151 -5.7162
v  -0.7619 3.8294 -5.4514
v  -0.5849 3.8861 -5.7619
v  -0.7269 4.1991 -6.2517
v  -0.6653 4.2220 -6.3660
v  -0.5130 4.0679 -6.2704
v  -0.5751 4.0503 -6.1554
v  -0.3550 3.9544 -6.1734
v  -0.4191 3.9389 -6.0577
v  -0.3414 3.8618 -6.0128
v  -0.4023 3.8504 -5.8915
v  -0.4776 3.9273 -5.9377
v  -0.9645 4.0201 -5.5746
v  -0.8609 3.9190 -5.5117
v  -0.7212 3.9987 -5.8494
v  -0.8565 4.1343 -5.9352
v  -0.7803 4.1872 -6.1317
v  -0.6305 4.0421 -6.0359
v  -0.2642 3.8823 -6.1212
v  -1.2024 5.0197 -6.7402
v  -1.0830 5.1148 -6.8668
v  -0.9957 5.0307 -6.8375
v  -1.0859 4.9291 -6.6963
v  -0.9170 4.9201 -6.8234
v  -0.9815 4.8138 -6.6680
v  -1.3257 4.8003 -6.4972
v  -1.2907 4.8975 -6.6360
v  -1.1575 4.8218 -6.5792
v  -1.1981 4.7482 -6.4445
v  -1.0326 4.7468 -6.5239
v  -1.0813 4.6952 -6.3903
v  -0.8299 4.7759 -6.8077
v  -0.8866 4.6840 -6.6485
v  -1.0708 4.7892 -5.6723
v  -1.1029 4.8607 -5.6626
v  -1.1852 4.7327 -5.3063
v  -1.1642 4.6606 -5.3269
v  -1.1889 4.8123 -5.2954
v  -1.1096 4.9476 -5.6661
v  -1.1269 4.6474 -6.2546
v  -1.2234 4.7042 -6.2935
v  -1.3346 4.7419 -6.3370
v  -0.9291 4.9461 -6.0632
v  -0.9700 5.0177 -6.0533
v  -1.0288 4.9508 -5.8883
v  -0.9909 4.8804 -5.8956
v  -1.0378 5.0376 -5.8920
v  -0.9700 5.1031 -6.0465
v  -1.1009 4.5770 -5.3393
v  -0.9913 4.6915 -5.6790
v  -1.1801 5.2523 -5.7459
v  -1.3105 5.3455 -5.7916
v  -1.4180 5.0313 -5.4004
v  -1.3087 4.9971 -5.3669
v  -1.2289 4.9186 -5.3192
v  -1.1175 5.1005 -5.6959
v  -0.8772 5.0065 -6.2358
v  -0.9242 5.0812 -6.2236
v  -0.9052 5.1679 -6.2044
v  -1.5468 5.3953 -6.4082
v  -1.4481 5.4531 -6.5318
v  -1.4428 5.3152 -6.5573
v  -1.5222 5.2368 -6.4344
v  -1.3452 5.3883 -6.6821
v  -1.3363 5.2708 -6.7189
v  -1.4191 5.1819 -6.5839
v  -1.4763 5.0903 -6.4503
v  -1.4971 5.0111 -6.3006
v  -1.5468 5.1608 -6.2867
v  -1.5800 5.3155 -6.2587
v  -1.1976 5.2098 -6.9079
v  -1.2947 5.1382 -6.7481
v  -1.2599 5.3403 -6.8955
v  -1.3750 5.0369 -6.6207
v  -1.4240 4.9336 -6.4858
v  -1.2612 5.4562 -6.8421
v  -0.7391 4.9151 -6.4169
v  -0.7963 4.8656 -6.2451
v  -0.6847 4.6984 -6.2462
v  -0.6157 4.7345 -6.4224
v  -0.8464 4.8212 -6.0702
v  -0.7351 4.6759 -6.0710
v  -1.4410 4.8552 -6.3329
v  -0.9077 4.7691 -5.9014
v  -0.7968 4.6451 -5.9018
v  -0.3707 4.6128 -6.5995
v  -0.4730 4.5671 -6.4127
v  -0.5239 4.7861 -6.6045
v  -0.5524 4.5447 -6.2369
v  -0.6206 4.5339 -6.0685
v  -0.6730 4.9711 -6.5844
v  -1.0418 4.5289 -6.2486
v  -1.1075 4.4415 -6.0335
v  -0.9854 4.5806 -6.3745
v  -0.9002 4.4528 -6.3577
v  -0.9522 4.4098 -6.2332
v  -1.0169 4.3354 -6.0242
v  -0.6878 4.5250 -5.9002
v  -0.9305 4.6304 -6.5018
v  -0.8411 4.5021 -6.4778
v  -1.0425 4.1100 -5.6235
v  -0.9431 4.2414 -5.9916
v  -1.1154 4.1920 -5.6507
v  -0.8743 4.3049 -6.1945
v  -0.8233 4.3317 -6.3168
v  -1.2026 4.2722 -5.6480
v  -0.7629 4.3680 -6.4332
v  -0.2781 0.3651 -0.1039
v  -0.1764 0.3163 -0.0899
v  -0.1916 0.3161 -0.1590
v  -0.2834 0.3910 -0.1668
v  -0.2628 0.3717 -0.0499
v  -0.1526 0.3434 -0.0407
v  -0.0945 0.2855 -0.0721
v  -0.0248 0.2560 -0.0539
v  -0.0540 0.2069 -0.1153
v  -0.0979 0.2945 -0.1363
v  -0.0739 0.3134 -0.0273
v  -0.0202 0.2697 -0.0074
v  0.0308 0.2023 -0.0346
v  0.0382 0.2297 0.0047
v  0.0525 0.2278 -0.0967
v  0.4744 1.1890 -1.8469
v  0.5873 1.1670 -1.8214
v  0.6037 1.2118 -1.9163
v  0.4871 1.2247 -1.9322
v  0.5981 1.1959 -2.0211
v  0.4846 1.2184 -2.0250
v  0.3728 1.2338 -2.0262
v  0.3761 1.2403 -1.9440
v  0.3647 1.2152 -1.8660
v  0.5613 1.0892 -1.7638
v  0.4500 1.1230 -1.7938
v  0.3385 1.1563 -1.8189
v  0.3533 1.1981 -2.0841
v  0.4683 1.1848 -2.0931
v  0.4448 1.1320 -2.1520
v  0.3324 1.1651 -2.1440
v  0.4572 1.1656 -2.3687
v  0.4686 1.2456 -2.5776
v  0.3556 1.2941 -2.5537
v  0.3403 1.2059 -2.3476
v  0.5406 1.0706 -2.2531
v  0.5555 1.1036 -2.1624
v  0.5601 1.1224 -2.3866
v  0.4402 1.1177 -2.2400
v  0.5790 1.1543 -2.0978
v  0.3357 1.1771 -2.2222
v  0.5697 1.1905 -2.6020
v  0.1634 4.0704 -6.0959
v  0.0690 4.1096 -5.9247
v  0.2374 4.0565 -6.0345
v  0.1488 4.1110 -5.8685
v  0.5188 3.8127 -5.6511
v  0.4168 3.8315 -5.5389
v  0.4728 3.9754 -5.7304
v  0.3772 4.0020 -5.5992
v  0.1724 4.1453 -5.5826
v  0.0530 4.1478 -5.6977
v  0.2598 4.0104 -5.4828
v  0.2798 4.1269 -5.7330
v  -0.0271 4.1411 -5.7503
v  0.3691 4.0805 -5.8854
v  0.2944 3.8427 -5.4468
v  -1.3773 5.5951 -6.4734
v  -1.4885 5.5711 -6.3300
v  -1.3184 5.6382 -6.2290
v  -1.2327 5.6585 -6.3933
v  -1.5349 5.4705 -6.1782
v  -1.3893 5.5369 -6.0860
v  -1.2204 5.5042 -6.0114
v  -1.0914 5.3754 -5.9656
v  -1.0081 5.4496 -6.0960
v  -1.1426 5.5836 -6.1518
v  -1.0726 5.6286 -6.3140
v  -0.9408 5.5038 -6.2515
v  -0.9084 5.3202 -6.2206
v  -0.9775 5.2608 -6.0680
v  -1.0424 5.2001 -5.9206
v  -0.0387 5.5908 -8.4093
v  0.0092 5.6318 -8.4373
v  -0.2464 5.8654 -8.4841
v  -0.2174 5.9470 -8.5696
v  -0.4593 6.0409 -8.5898
v  -0.3586 6.0152 -8.5952
v  -0.3820 5.9669 -8.5100
v  -0.4853 5.9908 -8.5071
v  -0.6089 6.2094 -8.5195
v  -0.5578 6.1089 -8.5665
v  -0.5900 6.0586 -8.4831
v  -0.6430 6.1615 -8.4300
v  -0.6181 6.3143 -8.4692
v  -0.6520 6.2651 -8.3763
v  -0.6088 6.3632 -8.3199
v  -0.5751 6.4141 -8.4145
v  -0.4985 6.4277 -8.2669
v  -0.4693 6.4851 -8.3621
v  -0.3786 6.4581 -8.2155
v  -0.3452 6.5079 -8.3143
v  -0.1639 6.3982 -8.2360
v  -0.2423 6.4795 -8.2626
v  -0.2798 6.4325 -8.1630
v  -0.2096 6.3502 -8.1415
v  -0.1685 6.2483 -8.1654
v  -0.1274 6.2950 -8.2580
v  -0.1564 6.1524 -8.2151
v  -0.1157 6.2028 -8.3050
v  0.1472 5.6646 -8.2368
v  -0.0387 5.9591 -8.2628
v  0.2127 5.7066 -8.3649
v  0.0135 6.0389 -8.4006
v  -0.1160 6.0926 -8.2459
v  -0.0683 6.1444 -8.3448
v  0.1106 5.6653 -8.4548
v  -0.0563 5.9639 -8.5299
v  -0.3997 6.1921 -8.8042
v  -0.3096 6.1612 -8.7963
v  -0.3378 6.0846 -8.6939
v  -0.4353 6.1113 -8.6974
v  -0.2178 6.1571 -8.7635
v  -0.2344 6.0749 -8.6772
v  -0.5202 6.1814 -8.6806
v  -0.4689 6.2578 -8.7961
v  -0.5652 6.2786 -8.6477
v  -0.5090 6.3449 -8.7797
v  -0.5666 6.3852 -8.6080
v  -0.5046 6.4471 -8.7534
v  -0.5175 6.4827 -8.5639
v  -0.4547 6.5388 -8.7238
v  -0.4189 6.5466 -8.5255
v  -0.3671 6.5966 -8.7000
v  -0.3048 6.5596 -8.4893
v  -0.2638 6.6106 -8.6729
v  -0.0999 6.4996 -8.5951
v  -0.1698 6.5700 -8.6329
v  -0.2036 6.5330 -8.4406
v  -0.1166 6.4632 -8.4033
v  -0.4154 6.3104 -8.9021
v  -0.3491 6.2585 -8.9045
v  -0.4528 6.3841 -8.8902
v  -0.4008 6.4066 -8.9448
v  -0.3546 6.3726 -8.9680
v  -0.2891 6.3395 -8.9752
v  -0.4518 6.4748 -8.8723
v  -0.3850 6.4733 -8.9489
v  -0.4062 6.5549 -8.8514
v  -0.3694 6.5391 -8.9201
v  -0.0708 6.3517 -8.5741
v  -0.0669 6.4233 -8.5749
v  -0.0820 6.3662 -8.4069
v  -0.0725 6.2838 -8.4302
v  -0.3248 6.6068 -8.8362
v  -0.3011 6.5628 -8.9360
v  -0.2248 6.6217 -8.8161
v  -0.2090 6.5647 -8.9222
v  -0.3134 6.4674 -8.9871
v  -0.2330 6.4570 -8.9913
v  -0.1360 6.3246 -8.8961
v  -0.2124 6.3268 -8.9528
v  -0.1622 6.4403 -8.9606
v  -0.1139 6.4213 -8.9089
v  -0.1337 6.5388 -8.8949
v  -0.0797 6.4924 -8.8540
v  -0.1392 6.5800 -8.7813
v  -0.0800 6.5153 -8.7425
v  -0.1122 6.2339 -8.6258
v  -0.0669 6.1592 -8.5206
v  -0.1248 6.1061 -8.6090
v  -0.1489 6.1813 -8.6890
v  -0.2645 6.2348 -8.8920
v  -0.1893 6.2364 -8.8457
v  -0.0896 6.2888 -8.5904
v  -0.0643 6.3960 -8.7788
v  -0.0608 6.3864 -8.6962
v  -0.0838 6.3322 -8.7228
v  -0.0874 6.3671 -8.8252
v  -0.1143 6.2810 -8.7585
v  -0.1451 6.2343 -8.7737
v  -0.0625 6.4394 -8.8062
v  -0.0873 6.4110 -8.8629
v  -0.0571 6.4463 -8.7082
v  -0.6917 0.1755 -1.0570
v  -0.7209 0.2837 -1.2274
v  -0.5322 0.3598 -1.1782
v  -0.5179 0.2644 -1.0002
v  -0.8291 0.3309 -1.1702
v  -0.8050 0.2133 -1.0066
v  -0.2719 0.3016 -1.1396
v  -0.2775 0.1903 -0.9700
v  0.0888 -0.2079 -0.5053
v  0.0677 -0.2267 -0.4323
v  -0.0605 -0.1679 -0.4487
v  -0.0459 -0.1446 -0.5224
v  0.1534 -0.2844 -0.4241
v  0.1775 -0.2663 -0.4998
v  0.0965 -0.1693 -0.5934
v  0.1903 -0.2276 -0.5872
v  -0.0457 -0.1044 -0.6125
v  0.0987 -0.1189 -0.6926
v  -0.0504 -0.0528 -0.7145
v  0.1988 -0.1770 -0.6847
v  -0.0530 0.0094 -0.8137
v  0.1017 -0.0611 -0.7908
v  0.2065 -0.1216 -0.7827
v  0.8242 -0.3636 -1.1228
v  0.7339 -0.3096 -1.1370
v  0.9163 -0.4095 -1.1021
v  0.8184 -0.4528 -0.8838
v  0.7422 -0.4137 -0.9052
v  0.6695 -0.3696 -0.9236
v  0.6544 -0.6558 -0.3919
v  0.5707 -0.6293 -0.3634
v  0.5974 -0.5784 -0.4142
v  0.6770 -0.6074 -0.4239
v  0.6228 -0.5431 -0.4898
v  0.6984 -0.5756 -0.4868
v  0.6511 -0.5058 -0.5754
v  0.7243 -0.5402 -0.5648
v  0.5808 -0.4696 -0.5845
v  0.6778 -0.4739 -0.6703
v  0.6087 -0.4370 -0.6839
v  0.7499 -0.5088 -0.6549
v  1.0231 -0.4475 -1.0773
v  0.9166 -0.4893 -0.8642
v  1.1313 -0.4662 -1.0449
v  1.0245 -0.5161 -0.8427
v  0.6336 -0.4037 -0.7843
v  0.7013 -0.4430 -0.7669
v  0.7725 -0.4790 -0.7477
v  1.2200 -0.4540 -1.0053
v  1.1285 -0.5202 -0.8142
v  1.1608 -0.5463 -0.6640
v  1.2158 -0.5174 -0.6288
v  1.1768 -0.5512 -0.5509
v  1.1218 -0.5799 -0.5861
v  1.2526 -0.4855 -0.5928
v  1.2125 -0.5172 -0.5108
v  1.0859 -0.6182 -0.3242
v  1.0467 -0.6639 -0.3569
v  1.1021 -0.6114 -0.4169
v  1.1331 -0.5752 -0.3713
v  1.1366 -0.5830 -0.4762
v  1.1698 -0.5466 -0.4332
v  1.0833 -0.6142 -0.5118
v  1.0474 -0.6514 -0.4530
v  1.2666 -0.4303 -0.5579
v  1.2262 -0.4643 -0.4680
v  1.2077 -0.3892 -0.5497
v  1.1785 -0.4158 -0.4467
v  1.1510 -0.5278 -0.3161
v  1.1212 -0.5680 -0.2714
v  1.1274 -0.4800 -0.2683
v  1.1818 -0.4972 -0.3833
v  1.1475 -0.4463 -0.3472
v  1.1384 -0.3817 -0.5384
v  1.1164 -0.4032 -0.4328
v  1.0406 -0.3705 -0.5122
v  1.0251 -0.3939 -0.4060
v  1.0920 -0.5210 -0.1375
v  1.0740 -0.5076 -0.1886
v  0.9786 -0.5055 -0.1552
v  0.9812 -0.5262 -0.0967
v  1.1190 -0.5278 -0.2250
v  1.0749 -0.4668 -0.2437
v  0.9880 -0.4658 -0.2156
v  1.0928 -0.4305 -0.3291
v  1.0061 -0.4253 -0.3021
v  0.9001 -0.3436 -0.4640
v  0.8804 -0.3721 -0.3538
v  0.7335 -0.2751 -0.4157
v  0.7077 -0.3091 -0.3016
v  0.6050 -0.0573 -0.7248
v  0.5763 -0.1085 -0.5339
v  0.4469 0.1070 -0.7029
v  0.4161 0.0463 -0.5205
v  0.6484 -0.4218 -0.0402
v  0.6702 -0.4114 0.0081
v  0.8341 -0.5008 -0.0405
v  0.8217 -0.5018 -0.1025
v  0.8308 -0.4613 -0.1625
v  0.6535 -0.3904 -0.1000
v  0.8546 -0.4129 -0.2485
v  0.6767 -0.3511 -0.1914
v  0.4891 -0.2557 -0.0698
v  0.4829 -0.2810 -0.0078
v  0.5022 -0.2709 0.0358
v  0.3700 -0.0435 -0.2747
v  0.5305 -0.1865 -0.2783
v  0.5555 -0.1488 -0.3918
v  0.3935 -0.0025 -0.3848
v  0.3522 -0.0779 -0.1611
v  0.5052 -0.2250 -0.1652
v  0.3304 0.2371 -0.6975
v  0.2912 0.1682 -0.5244
v  0.2351 0.3314 -0.7054
v  0.1885 0.2558 -0.5397
v  0.1442 0.1804 -0.2971
v  0.2433 0.0786 -0.2834
v  0.2647 0.1197 -0.3931
v  0.1617 0.2099 -0.4091
v  0.1304 0.1554 -0.1828
v  0.2233 0.0439 -0.1710
v  -0.3406 0.7432 -0.7336
v  -0.4480 0.8472 -0.6942
v  -0.4713 0.7571 -0.5394
v  -0.3579 0.6605 -0.5716
v  -0.5878 0.8995 -0.6790
v  -0.6168 0.8032 -0.5408
v  -0.6566 0.6755 -0.3504
v  -0.5095 0.6201 -0.3396
v  -0.4922 0.6828 -0.4296
v  -0.6385 0.7334 -0.4362
v  -0.3717 0.5981 -0.4521
v  -0.3828 0.5478 -0.3530
v  -0.6761 0.6087 -0.2788
v  -0.5251 0.5596 -0.2484
v  -0.3936 0.4991 -0.2536
v  -0.7620 0.8906 -0.6980
v  -0.7841 0.7997 -0.5917
v  -0.8903 0.7802 -0.7894
v  -0.9127 0.7084 -0.6921
v  -0.9526 0.6468 -0.5335
v  -0.8137 0.6727 -0.4379
v  -0.7975 0.7286 -0.5116
v  -0.9355 0.6852 -0.6023
v  -1.1554 0.7108 -0.7692
v  -1.1403 0.7738 -0.8415
v  -1.1632 0.7152 -0.8869
v  -1.1683 0.6607 -0.8110
v  -0.9707 0.6079 -0.4686
v  -0.8315 0.6192 -0.3690
v  -1.0554 0.7261 -0.7252
v  -1.0333 0.7846 -0.8104
v  -1.1654 0.6326 -0.6437
v  -1.0804 0.6474 -0.6012
v  -1.0697 0.6843 -0.6587
v  -1.1593 0.6656 -0.7060
v  -1.1725 0.5940 -0.5824
v  -1.0921 0.6088 -0.5445
v  -1.2074 0.5285 -0.5493
v  -1.2240 0.4861 -0.5681
v  -1.2005 0.5514 -0.6079
v  -1.1891 0.5886 -0.6745
v  -1.1876 0.5361 -0.6946
v  -1.2060 0.5004 -0.6246
v  -1.1779 0.6207 -0.7410
v  -1.1660 0.5782 -0.7634
v  0.2396 -0.3111 -0.4985
v  0.2123 -0.3298 -0.4179
v  0.2602 -0.3691 -0.4129
v  0.2895 -0.3478 -0.4987
v  0.2569 -0.2729 -0.5872
v  0.3108 -0.3100 -0.5896
v  0.2696 -0.2254 -0.6852
v  0.3273 -0.2657 -0.6888
v  0.3394 -0.3841 -0.4997
v  0.3083 -0.4085 -0.4105
v  0.5369 -0.1783 -1.1382
v  0.4971 -0.2566 -0.9345
v  0.4257 -0.2068 -0.9301
v  0.4603 -0.1262 -1.1305
v  0.2806 -0.1735 -0.7847
v  0.3415 -0.2172 -0.7898
v  0.6335 -0.2431 -1.1408
v  0.5829 -0.3142 -0.9329
v  0.5521 -0.3555 -0.7944
v  0.4708 -0.3047 -0.7974
v  0.5283 -0.3920 -0.6921
v  0.4497 -0.3453 -0.6948
v  0.3850 -0.3044 -0.6928
v  0.4027 -0.2598 -0.7950
v  0.0244 0.3569 -0.5754
v  0.1025 0.3143 -0.5565
v  0.1497 0.3939 -0.7192
v  0.0704 0.4401 -0.7367
v  0.5018 -0.4271 -0.5910
v  0.4259 -0.3841 -0.5938
v  0.3648 -0.3459 -0.5925
v  -0.0094 0.2912 -0.3251
v  0.0639 0.2468 -0.3094
v  0.0789 0.2728 -0.4237
v  0.0031 0.3154 -0.4412
v  -0.1901 0.3318 -0.2585
v  -0.0939 0.3093 -0.2314
v  -0.0847 0.3286 -0.3475
v  -0.1773 0.3655 -0.3694
v  -0.0175 0.2774 -0.2069
v  0.0538 0.2281 -0.1932
v  -0.1400 0.4645 -0.6031
v  -0.0524 0.4029 -0.5935
v  -0.0071 0.4907 -0.7524
v  -0.0979 0.5552 -0.7601
v  -0.0736 0.3559 -0.4620
v  -0.1630 0.4063 -0.4775
v  -0.2228 0.6357 -0.7593
v  -0.2558 0.5453 -0.6018
v  -0.2697 0.4892 -0.4756
v  -0.2759 0.4504 -0.3683
v  -0.2813 0.4172 -0.2596
v  -0.4266 -0.1090 -0.5145
v  -0.4533 0.0006 -0.5333
v  -0.2374 -0.0654 -0.5449
v  -0.2411 -0.1027 -0.4559
v  -0.2722 0.1106 -0.8464
v  -0.5023 0.1986 -0.8625
v  -0.2613 0.0412 -0.7447
v  -0.4860 0.1323 -0.7528
v  -0.6177 -0.0963 -0.5928
v  -0.2485 -0.0188 -0.6402
v  -0.4686 0.0682 -0.6392
v  -0.6320 -0.0332 -0.7007
v  -0.7680 -0.0897 -0.7184
v  -0.7779 0.0097 -0.7993
v  -0.6465 0.0298 -0.8132
v  -0.7648 -0.2104 -0.6428
v  -1.0666 0.3059 -0.9552
v  -1.0878 0.4384 -1.0383
v  -1.0090 0.4403 -1.0524
v  -1.0075 0.2973 -0.9413
v  -0.9502 0.4149 -1.0856
v  -0.9499 0.2707 -0.9508
v  -0.7895 0.1116 -0.8887
v  -0.6670 0.0990 -0.9260
v  -0.8913 0.3808 -1.1202
v  -0.8848 0.2421 -0.9719
v  -0.8675 0.0313 -0.7902
v  -0.8681 -0.0704 -0.7329
v  -0.9428 -0.0158 -0.7508
v  -0.9361 0.0698 -0.8000
v  -0.8811 -0.1659 -0.7016
v  -0.9626 -0.1028 -0.7295
v  -1.0074 0.0387 -0.7744
v  -1.0022 0.1146 -0.8174
v  -1.0255 -0.0403 -0.7422
v  -1.0601 0.0823 -0.8089
v  -1.0598 0.1466 -0.8531
v  -1.0602 0.2183 -0.8968
v  -1.0045 0.1971 -0.8692
v  -0.9423 0.1621 -0.8624
v  -0.8744 0.1329 -0.8667
v  0.9630 -0.6543 -0.4789
v  0.9730 -0.7019 -0.4401
v  0.9403 -0.7241 -0.4758
v  0.8956 -0.7162 -0.4650
v  0.9220 -0.6793 -0.4285
v  0.8401 -0.7073 -0.4487
v  0.8557 -0.6624 -0.4307
v  0.8775 -0.6380 -0.4771
v  1.0733 -0.5565 -0.6939
v  0.9693 -0.5437 -0.7146
v  1.0372 -0.5895 -0.6113
v  0.9389 -0.5734 -0.6266
v  0.7692 -0.6375 -0.4296
v  0.7526 -0.6857 -0.4177
v  0.7867 -0.6096 -0.4817
v  0.8126 -0.5755 -0.5533
v  0.9070 -0.6053 -0.5422
v  0.8403 -0.5442 -0.6407
v  1.0009 -0.6238 -0.5331
v  0.8658 -0.5147 -0.7312
v  -1.1427 0.1576 -0.7259
v  -1.1319 0.1800 -0.7568
v  -1.1386 0.2220 -0.7313
v  -1.1546 0.1930 -0.6957
v  -1.1284 0.5327 -0.7860
v  -1.1506 0.4793 -0.7124
v  -1.1051 0.4730 -0.8141
v  -1.1223 0.4202 -0.7397
v  -1.0969 0.1297 -0.8096
v  -1.0990 0.1871 -0.8514
v  -1.1210 0.1747 -0.8003
v  -1.1195 0.2264 -0.8362
v  -1.1151 0.2809 -0.8717
v  -1.1054 0.3438 -0.8935
v  -1.1058 0.3276 -0.9375
v  -1.1019 0.2493 -0.8950
v  -1.1023 0.4456 -0.9720
v  -1.0940 0.4321 -0.9023
v  -1.2063 0.4183 -0.5866
v  -1.1728 0.4313 -0.6386
v  -1.1413 0.3596 -0.6660
v  -1.1689 0.2965 -0.5588
v  -1.1806 0.2504 -0.6844
v  -1.1466 0.2615 -0.6750
v  -1.1208 0.2616 -0.8196
v  -1.1259 0.2192 -0.7871
v  -1.1294 0.2618 -0.7639
v  -1.1180 0.3088 -0.8045
v  -1.1334 0.3056 -0.7172
v  -1.1164 0.3603 -0.7748
v  -1.1135 0.2963 -0.8494
v  -1.1092 0.3377 -0.8503
v  -1.1029 0.4018 -0.8375
v  0.4119 -0.5394 -0.2937
v  -0.0596 6.2164 -8.4649
v  -1.2106 0.3141 -0.6574
# 3555 vertices

vn -0.7293 -0.5929 -0.3414
vn -0.8487 -0.4615 -0.2584
vn -0.8480 -0.4652 -0.2541
vn -0.7350 -0.5719 -0.3643
vn -0.8182 -0.5046 -0.2756
vn -0.7629 -0.5133 -0.3931
vn -0.8026 -0.5138 -0.3030
vn -0.8193 -0.4899 -0.2979
vn -0.7623 -0.5548 -0.3332
vn -0.7932 -0.5247 -0.3090
vn -0.7623 -0.5605 -0.3236
vn -0.8243 -0.4858 -0.2908
vn -0.8205 -0.4894 -0.2955
vn -0.7534 -0.5665 -0.3339
vn -0.7416 -0.5751 -0.3453
vn 0.0319 -0.8569 -0.5145
vn -0.3219 -0.8067 -0.4955
vn -0.3400 -0.8295 -0.4430
vn -0.0768 -0.9634 -0.2568
vn -0.4107 -0.8005 -0.4364
vn -0.2485 -0.9500 -0.1891
vn -0.1634 -0.8171 -0.5529
vn -0.2877 -0.8069 -0.5159
vn 0.0716 -0.8479 -0.5252
vn 0.1373 -0.8679 -0.4773
vn -0.5488 -0.6653 -0.5062
vn -0.5415 -0.7112 -0.4483
vn -0.4513 -0.7469 -0.4883
vn -0.4626 -0.7231 -0.5130
vn -0.3966 -0.7866 -0.4733
vn -0.4974 -0.7545 -0.4281
vn -0.3165 -0.7945 -0.5183
vn -0.3391 -0.7819 -0.5232
vn -0.3447 -0.7901 -0.5069
vn -0.4271 -0.7136 -0.5553
vn -0.4955 -0.6634 -0.5607
vn -0.4070 -0.7477 -0.5246
vn -0.3439 -0.7909 -0.5062
vn -0.3228 -0.8115 -0.4870
vn -0.3179 -0.8198 -0.4763
vn -0.1448 -0.8483 -0.5094
vn -0.1731 -0.8463 -0.5037
vn -0.1550 -0.8816 -0.4458
vn 0.8443 -0.5322 0.0623
vn 0.8488 -0.5240 0.0712
vn 0.8817 0.2201 0.4173
vn 0.8796 0.2984 0.3705
vn 0.9420 -0.0236 0.3348
vn 0.8270 -0.5486 0.1233
vn 0.4506 0.7305 0.5131
vn 0.1946 0.8651 0.4623
vn 0.2543 0.8998 0.3546
vn 0.6568 0.6299 0.4145
vn 0.6148 0.6597 0.4322
vn 0.7187 0.5814 0.3813
vn 0.6555 0.6196 0.4316
vn 0.7427 0.5563 0.3727
vn 0.5635 0.6886 0.4563
vn 0.5110 0.6891 0.5138
vn 0.3769 0.7478 0.5466
vn 0.2249 0.7778 0.5868
vn 0.3495 0.6453 0.6793
vn 0.3572 0.6589 0.6621
vn 0.4234 0.7156 0.5556
vn 0.3759 0.7405 0.5571
vn 0.5252 0.6208 0.5820
vn 0.5374 0.6687 0.5139
vn 0.4595 0.7385 0.4935
vn 0.3805 0.7829 0.4922
vn 0.6211 0.3926 0.6783
vn 0.6111 0.5419 0.5770
vn 0.7323 0.4738 0.4891
vn 0.7497 0.3351 0.5707
vn -0.3577 0.6999 0.6182
vn -0.4437 0.6722 0.5927
vn -0.2499 0.7801 0.5736
vn -0.1206 0.7930 0.5972
vn -0.3698 0.7509 0.5472
vn -0.4740 0.6702 0.5710
vn -0.7802 -0.4480 -0.4366
vn -0.7402 -0.5179 -0.4288
vn -0.4681 -0.5872 -0.6604
vn -0.5157 -0.5007 -0.6952
vn -0.4984 -0.6710 -0.5489
vn -0.7373 -0.5830 -0.3414
vn -0.2838 -0.6786 -0.6774
vn -0.3272 -0.5795 -0.7464
vn -0.3655 -0.4927 -0.7897
vn -0.4201 -0.7711 -0.4785
vn -0.3233 -0.8586 -0.3978
vn -0.7280 -0.5747 -0.3738
vn -0.6569 -0.6175 -0.4326
vn -0.3846 -0.7018 -0.5996
vn -0.2605 -0.7273 -0.6350
vn 0.0261 -0.3133 -0.9493
vn -0.1290 -0.5405 -0.8314
vn -0.2789 -0.6202 -0.7332
vn -0.0972 -0.4773 -0.8733
vn -0.5363 -0.6166 -0.5763
vn -0.3937 -0.5736 -0.7183
vn -0.8084 -0.5193 -0.2771
vn -0.7975 -0.5531 -0.2410
vn -0.7470 -0.5825 -0.3204
vn -0.7770 -0.5579 -0.2915
vn -0.7560 -0.5704 -0.3210
vn -0.6853 -0.5832 -0.4361
vn -0.8093 -0.5257 -0.2621
vn -0.8210 -0.5014 -0.2731
vn -0.2292 -0.9716 -0.0585
vn -0.3095 -0.9454 0.1020
vn -0.3636 -0.9164 0.1676
vn -0.3606 -0.9229 -0.1348
vn -0.3449 -0.8768 -0.3350
vn -0.2484 -0.5640 -0.7875
vn -0.2631 -0.6068 -0.7501
vn -0.3683 -0.9064 -0.2069
vn -0.0938 -0.2344 -0.9676
vn -0.0090 -0.1024 -0.9947
vn -0.1142 -0.1400 -0.9835
vn -0.1217 -0.1806 -0.9760
vn -0.4012 -0.8827 -0.2445
vn -0.4524 -0.8762 0.1660
vn -0.4891 -0.8621 0.1328
vn -0.4429 -0.8362 -0.3235
vn 0.5016 -0.5334 0.6811
vn 0.2736 -0.9195 0.2823
vn 0.5922 -0.8056 -0.0158
vn 0.8465 -0.3327 0.4156
vn -0.0310 -0.9978 -0.0587
vn 0.0878 -0.9381 -0.3351
vn 0.2414 -0.8073 -0.5385
vn 0.7047 -0.6655 -0.2460
vn 0.9732 -0.1506 0.1736
vn 0.3927 -0.6221 -0.6774
vn 0.5629 -0.4134 -0.7157
vn 0.6714 -0.1082 -0.7331
vn 0.8252 0.2556 -0.5037
vn 0.9802 0.0877 -0.1773
vn 0.7557 -0.3884 -0.5273
vn 0.2264 -0.2201 0.9488
vn 0.5930 -0.3517 0.7243
vn 0.4626 -0.7471 0.4773
vn 0.3713 -0.0725 0.9257
vn 0.1455 -0.6175 0.7730
vn 0.1667 0.2562 0.9521
vn 0.2590 0.1688 0.9510
vn 0.3660 0.2432 0.8983
vn 0.6938 0.1639 0.7013
vn 0.6179 0.3933 0.6808
vn 0.4642 0.3313 0.8214
vn 0.4220 0.1726 0.8900
vn 0.6688 0.3107 0.6754
vn 0.6025 0.5470 0.5812
vn -0.1662 -0.7125 -0.6817
vn -0.2874 -0.6642 -0.6901
vn -0.3472 -0.8194 -0.4561
vn -0.2416 -0.8419 -0.4826
vn -0.3235 -0.6568 -0.6811
vn -0.3676 -0.8189 -0.4409
vn -0.3277 -0.9246 -0.1940
vn -0.3765 -0.9196 -0.1125
vn -0.2163 -0.9424 -0.2553
vn -0.2169 -0.8939 -0.3922
vn -0.2368 -0.9134 -0.3311
vn -0.2282 -0.9158 -0.3305
vn -0.0475 -0.6218 -0.7817
vn -0.1069 -0.6669 -0.7374
vn -0.1790 -0.7357 -0.6532
vn 0.4630 0.6005 0.6519
vn 0.4667 0.5611 0.6836
vn 0.1733 0.1109 0.9786
vn 0.1796 0.1546 0.9715
vn 0.0718 0.2998 0.9513
vn 0.2538 0.7125 0.6541
vn 0.0354 0.0681 0.9970
vn 0.1662 0.1277 0.9778
vn 0.1664 0.1463 0.9751
vn 0.5460 0.7056 -0.4516
vn 0.5990 0.6527 -0.4638
vn 0.6332 0.7736 0.0255
vn 0.5893 0.8074 0.0294
vn 0.4374 0.8951 0.0870
vn 0.4809 0.7722 -0.4153
vn 0.6015 0.6755 -0.4265
vn 0.5259 0.6923 -0.4942
vn 0.4576 0.6109 -0.6461
vn 0.5414 0.5188 -0.6616
vn 0.4882 0.5917 -0.6415
vn 0.5358 0.7679 -0.3510
vn 0.6737 0.5736 0.4659
vn 0.5898 0.6773 0.4397
vn 0.5110 0.5456 0.6642
vn 0.5427 0.7633 0.3504
vn 0.6598 0.7010 0.2708
vn 0.6047 0.7378 0.3001
vn 0.5342 0.7990 -0.2761
vn 0.7091 0.7037 -0.0440
vn 0.6667 0.7357 0.1194
vn 0.5406 0.8400 0.0465
vn 0.6640 0.7096 0.2356
vn 0.7346 0.6567 0.1709
vn -0.7904 -0.5320 -0.3037
vn -0.8198 -0.4447 -0.3609
vn -0.5465 -0.5385 -0.6414
vn -0.5304 -0.6211 -0.5770
vn -0.2967 -0.5608 -0.7730
vn -0.2451 -0.6195 -0.7458
vn -0.2393 -0.5957 -0.7667
vn -0.1769 -0.6220 -0.7627
vn -0.3711 -0.5103 -0.7758
vn -0.4416 -0.5732 -0.6903
vn -0.3333 -0.6524 -0.6807
vn -0.2835 -0.6705 -0.6856
vn -0.4722 -0.6817 -0.5589
vn -0.4424 -0.6996 -0.5611
vn -0.5072 -0.6535 -0.5619
vn -0.5662 -0.6608 -0.4927
vn -0.5368 -0.6974 -0.4748
vn -0.4917 -0.7263 -0.4802
vn -0.4754 -0.7572 -0.4480
vn -0.4398 -0.7762 -0.4518
vn -0.5151 -0.7004 -0.4940
vn -0.4735 -0.7300 -0.4928
vn -0.4526 -0.7772 -0.4371
vn -0.4398 -0.7842 -0.4377
vn 0.4748 0.7829 0.4020
vn 0.9020 0.2335 0.3631
vn 0.9561 -0.1132 0.2704
vn 0.8305 0.2619 0.4917
vn 0.5885 0.5452 0.5971
vn 0.4011 0.8070 0.4335
vn 0.6427 0.6830 0.3470
vn 0.4050 0.8671 0.2901
vn 0.9155 0.1654 0.3667
vn 0.5413 0.7399 0.3993
vn 0.5897 0.6831 0.4308
vn 0.4738 0.7553 0.4528
vn 0.4209 0.7830 0.4580
vn 0.4659 0.7146 0.5218
vn 0.5343 0.6327 0.5605
vn 0.4390 0.7410 0.5082
vn 0.4275 0.7707 0.4725
vn 0.4129 0.7815 0.4677
vn 0.8032 0.5227 0.2856
vn 0.6218 0.6279 0.4681
vn 0.5922 0.6331 0.4984
vn 0.7783 0.5372 0.3251
vn 0.5519 0.6530 0.5187
vn 0.5562 0.6402 0.5299
vn 0.5780 0.6280 0.5212
vn 0.5913 0.6161 0.5204
vn 0.7601 0.5452 0.3536
vn -0.3884 -0.7510 -0.5340
vn -0.4147 -0.7319 -0.5406
vn -0.4123 -0.8374 -0.3589
vn -0.3830 -0.8386 -0.3874
vn -0.4435 -0.8235 -0.3539
vn -0.4323 -0.7296 -0.5299
vn -0.4434 -0.8643 -0.2376
vn -0.3248 -0.9018 -0.2852
vn -0.2392 -0.9078 -0.3446
vn 0.1420 0.6363 0.7582
vn 0.6832 0.6180 0.3890
vn 0.7061 0.5921 0.3885
vn 0.1892 0.5960 0.7804
vn 0.7410 0.5506 0.3844
vn 0.1970 0.5863 0.7858
vn 0.6943 0.7045 -0.1470
vn 0.7753 0.5543 -0.3027
vn 0.8121 0.4559 -0.3643
vn 0.7447 0.6293 -0.2222
vn 0.8346 0.2083 -0.5100
vn 0.9121 0.4012 -0.0841
vn 0.9864 0.0458 -0.1579
vn 0.7958 0.6033 -0.0531
vn -0.0311 -0.4000 -0.9160
vn -0.0329 -0.4345 -0.9001
vn 0.0030 -0.2619 -0.9651
vn -0.0865 -0.4679 -0.8795
vn -0.1604 -0.4861 -0.8590
vn -0.0463 -0.4654 -0.8839
vn 0.7900 0.5831 -0.1897
vn 0.7934 0.6026 -0.0865
vn 0.7231 0.6695 -0.1697
vn 0.7191 0.6895 0.0869
vn 0.5698 0.7869 -0.2371
vn 0.5951 0.8010 0.0654
vn 0.8276 0.5333 0.1751
vn 0.6809 0.6826 0.2655
vn 0.6600 0.6388 0.3955
vn 0.8240 0.5119 0.2429
vn 0.5745 0.6792 0.4567
vn 0.6039 0.7377 0.3019
vn -0.2287 -0.4749 -0.8498
vn -0.2669 -0.4901 -0.8298
vn -0.6377 -0.5248 -0.5638
vn -0.5996 -0.5186 -0.6095
vn -0.8134 -0.4941 -0.3069
vn -0.8001 -0.5092 -0.3172
vn -0.2243 -0.5515 -0.8034
vn -0.5563 -0.5892 -0.5860
vn -0.7885 -0.5353 -0.3029
vn -0.0548 -0.5125 -0.8569
vn 0.0538 -0.3026 -0.9516
vn 0.0250 -0.3731 -0.9274
vn 0.0116 -0.4268 -0.9043
vn -0.1856 -0.6398 -0.7458
vn -0.0905 -0.5408 -0.8362
vn -0.1221 -0.3432 -0.9313
vn -0.2969 -0.6453 -0.7038
vn -0.3704 -0.7651 -0.5268
vn -0.2505 -0.5224 -0.8151
vn -0.4445 -0.7607 -0.4731
vn -0.4016 -0.7181 -0.5683
vn -0.3733 -0.7493 -0.5470
vn -0.3295 -0.4023 -0.8542
vn -0.3414 -0.5296 -0.7765
vn -0.3666 -0.7792 -0.5084
vn -0.2679 -0.2126 -0.9397
vn -0.2758 -0.0918 -0.9568
vn -0.3992 -0.8262 -0.3974
vn -0.4075 -0.8020 -0.4368
vn 0.7953 0.5169 0.3168
vn 0.8094 0.5417 0.2268
vn 0.9035 0.3505 0.2467
vn 0.8576 0.3727 0.3544
vn 0.9771 -0.0749 0.1993
vn 0.9487 -0.1218 0.2917
vn 0.6184 0.7248 0.3037
vn 0.8621 0.3880 0.3259
vn 0.9476 -0.1530 0.2803
vn 0.5495 0.8305 0.0906
vn 0.5307 0.8470 0.0314
vn 0.4944 0.8530 0.1672
vn 0.4392 0.8288 0.3467
vn 0.4747 0.8124 0.3386
vn 0.4880 0.8041 0.3396
vn 0.4193 0.8121 0.4058
vn 0.4470 0.8002 0.3998
vn 0.4483 0.8092 0.3797
vn 0.6970 0.6907 0.1929
vn 0.7993 0.6009 -0.0042
vn 0.6068 0.7795 0.1555
vn 0.6839 0.6242 0.3777
vn 0.0774 0.6899 0.7198
vn 0.0344 0.7055 0.7079
vn 0.6842 0.6342 0.3601
vn 0.5571 -0.7752 -0.2979
vn 0.7100 -0.6873 -0.1535
vn 0.6634 -0.7106 0.2345
vn 0.3620 -0.9320 0.0195
vn 0.7388 -0.6003 0.3062
vn 0.7629 -0.6421 -0.0752
vn 0.5863 -0.5271 0.6151
vn 0.4187 -0.6685 0.6146
vn 0.2512 -0.8795 0.4041
vn -0.8859 0.3793 -0.2672
vn -0.9897 0.0807 -0.1181
vn -0.9006 0.3553 0.2505
vn -0.8595 0.4974 -0.1175
vn -0.6882 -0.1221 0.7151
vn -0.9077 -0.3711 0.1959
vn -0.3941 0.0437 0.9180
vn -0.7867 0.4281 0.4449
vn -0.8331 0.5530 -0.0088
vn -0.6282 0.3092 -0.7140
vn -0.8152 0.3068 -0.4912
vn -0.7533 0.5101 -0.4151
vn -0.5545 0.4489 -0.7008
vn -0.7263 0.5753 -0.3763
vn -0.5622 0.4928 -0.6642
vn 0.5395 -0.6156 -0.5745
vn 0.6635 -0.5651 -0.4903
vn 0.2722 -0.7218 -0.6363
vn -0.0912 -0.4457 -0.8905
vn 0.1679 -0.3176 -0.9332
vn 0.2600 -0.2150 -0.9414
vn 0.7030 -0.6947 -0.1523
vn 0.7028 -0.6524 0.2837
vn 0.4217 -0.8933 0.1557
vn 0.2088 -0.9227 -0.3242
vn 0.4011 -0.7472 0.5300
vn 0.5818 -0.5429 0.6056
vn 0.3878 -0.4519 0.8034
vn -0.1412 -0.0937 0.9855
vn 0.2301 -0.3804 0.8957
vn 0.2911 -0.5984 0.7464
vn 0.0564 -0.1917 0.9798
vn -0.6024 0.4259 0.6751
vn -0.7159 0.6871 0.1241
vn -0.2308 0.4207 0.8774
vn -0.3470 0.8664 0.3591
vn -0.6144 0.7128 -0.3383
vn -0.4706 0.6078 -0.6396
vn -0.3225 0.9276 -0.1884
vn -0.2666 0.7784 -0.5684
vn -0.2829 0.3512 -0.8926
vn -0.2784 0.2755 -0.9201
vn -0.2045 0.5176 -0.8308
vn -0.1277 0.1092 -0.9858
vn 0.0361 -0.1704 -0.9847
vn 0.4876 -0.6456 -0.5877
vn -0.0157 -0.5639 -0.8257
vn -0.0947 -0.8613 -0.4992
vn -0.0495 -0.9987 -0.0135
vn -0.1011 -0.9807 -0.1672
vn -0.1575 -0.7836 -0.6010
vn -0.0853 -0.9258 0.3682
vn 0.0446 -0.8953 0.4432
vn 0.1343 -0.6371 0.7590
vn 0.0268 -0.5744 0.8182
vn 0.1994 -0.1451 0.9691
vn 0.1783 -0.2272 0.9574
vn 0.1554 0.3657 0.9177
vn 0.0950 0.8493 0.5192
vn 0.2665 0.3326 0.9046
vn 0.1678 0.7507 0.6390
vn -0.0076 0.9999 -0.0080
vn -0.1012 0.8794 -0.4653
vn -0.0116 0.9922 0.1240
vn -0.1260 0.8916 -0.4350
vn -0.1514 0.5932 -0.7907
vn -0.1468 0.2264 -0.9629
vn -0.1637 0.5899 -0.7907
vn -0.2142 0.2386 -0.9472
vn -0.1299 -0.3451 -0.9295
vn -0.2264 -0.2740 -0.9347
vn 0.0330 -0.9575 0.2867
vn 0.2089 -0.8620 0.4619
vn 0.0970 -0.8483 0.5206
vn -0.0440 -0.9525 0.3014
vn 0.3293 -0.4112 0.8500
vn 0.4180 -0.4861 0.7675
vn 0.1715 -0.3245 0.9302
vn -0.1916 -0.6544 0.7315
vn -0.3271 -0.8396 0.4337
vn -0.3380 -0.9326 -0.1269
vn -0.6758 -0.4053 -0.6156
vn -0.7986 -0.3818 -0.4652
vn 0.0925 -0.9377 0.3349
vn -0.3155 -0.9484 0.0323
vn 0.1517 -0.8631 0.4817
vn -0.3283 -0.9229 -0.2014
vn -0.5760 -0.4277 -0.6966
vn -0.4941 0.5522 -0.6715
vn -0.7135 0.1858 -0.6756
vn -0.6036 0.0145 -0.7971
vn -0.3398 0.5643 -0.7524
vn -0.5999 -0.0861 -0.7954
vn -0.3905 0.4454 -0.8057
vn -0.1630 0.8425 -0.5134
vn -0.3808 0.7943 -0.4733
vn -0.0992 0.8337 -0.5432
vn 0.0995 0.9765 -0.1910
vn 0.0417 0.9860 -0.1613
vn -0.0742 0.9860 -0.1491
vn 0.3068 0.9185 0.2494
vn 0.2857 0.9269 0.2434
vn 0.3437 0.9063 0.2459
vn 0.5205 0.5304 0.6691
vn 0.4812 0.6257 0.6140
vn 0.5336 0.5895 0.6064
vn 0.5679 0.0152 0.8229
vn 0.4718 -0.5920 0.6534
vn 0.4551 -0.7114 0.5355
vn 0.5843 -0.1641 0.7948
vn 0.5115 0.0371 0.8585
vn 0.2664 -0.8686 0.4178
vn 0.3486 -0.8016 0.4857
vn -0.0317 -0.9628 0.2683
vn 0.0106 -0.5850 0.8109
vn -0.0096 -0.6068 0.7948
vn -0.0950 -0.9604 0.2618
vn 0.1226 -0.0734 0.9897
vn 0.0249 -0.0479 0.9985
vn 0.0251 0.3688 0.9292
vn 0.1169 0.3381 0.9338
vn 0.0511 0.7354 0.6757
vn 0.0534 0.7600 0.6477
vn -0.0516 0.9913 0.1210
vn -0.1295 0.8618 -0.4904
vn -0.0123 0.9968 0.0784
vn -0.0990 0.8363 -0.5393
vn -0.1816 0.5621 -0.8069
vn -0.2671 0.2541 -0.9296
vn -0.1700 0.5471 -0.8196
vn -0.3005 0.2647 -0.9163
vn -0.3558 -0.2226 -0.9077
vn -0.5009 -0.1417 -0.8538
vn -0.5892 -0.6543 -0.4741
vn -0.3669 -0.7193 -0.5900
vn -0.1874 -0.9589 -0.2132
vn -0.3777 -0.9220 -0.0853
vn -0.1177 -0.4632 0.8784
vn -0.0080 0.0388 0.9992
vn -0.4592 -0.8099 0.3650
vn -0.8989 -0.3750 0.2267
vn -0.5834 -0.0538 0.8104
vn -0.2159 0.2698 0.9384
vn -0.8072 0.2257 -0.5454
vn -0.8884 -0.4143 -0.1979
vn -0.6082 0.5321 -0.5890
vn -0.7721 0.5362 -0.3411
vn -0.8947 0.2589 -0.3639
vn -0.9319 -0.2900 0.2178
vn -0.0388 0.8922 0.4500
vn -0.2412 0.5946 0.7670
vn -0.6383 0.7102 0.2969
vn -0.1936 0.9648 0.1782
vn -0.7561 0.5124 0.4071
vn -0.5819 0.7971 -0.1617
vn -0.0075 0.9999 -0.0134
vn 0.0035 0.4483 0.8939
vn 0.0723 0.7962 0.6007
vn -0.4554 0.7661 -0.4535
vn -0.0282 0.9805 -0.1946
vn 0.0944 0.9937 0.0598
vn -0.0102 0.8407 -0.5414
vn 0.1391 0.9829 0.1210
vn 0.0427 0.8709 -0.4896
vn -0.1455 0.5616 -0.8145
vn -0.3707 0.3235 -0.8706
vn -0.1573 0.6424 -0.7501
vn -0.4324 0.3993 -0.8085
vn -0.9875 -0.0872 0.1313
vn -0.9107 0.4029 0.0909
vn 0.5887 0.7630 0.2669
vn 0.3503 0.9358 0.0385
vn 0.3675 0.9262 0.0848
vn 0.6039 0.6663 0.4374
vn 0.6749 0.5071 0.5360
vn 0.5575 0.1418 0.8180
vn 0.7298 0.5105 0.4547
vn 0.5022 0.8318 0.2363
vn 0.6960 0.6972 0.1718
vn 0.4837 0.8713 0.0830
vn 0.7673 0.1064 0.6324
vn 0.4508 -0.4095 0.7932
vn 0.6245 -0.1488 0.7667
vn 0.3332 -0.6554 0.6778
vn 0.2546 -0.6186 0.7433
vn 0.2128 -0.3591 0.9087
vn 0.0164 -0.6613 0.7500
vn -0.0915 -0.2988 0.9499
vn -0.5040 -0.7698 0.3916
vn -0.5919 -0.4696 0.6551
vn -0.6143 -0.3445 0.7099
vn -0.2982 -0.1239 0.9464
vn -0.8878 -0.3134 0.3371
vn -0.8820 -0.3097 0.3551
vn -0.6721 -0.3090 0.6730
vn -0.4020 -0.1500 0.9033
vn -0.6878 -0.3234 0.6498
vn -0.4325 -0.2233 0.8736
vn -0.8398 -0.3729 0.3946
vn -0.8043 -0.4168 0.4235
vn -0.6639 -0.3646 0.6530
vn -0.4099 -0.2536 0.8762
vn -0.8803 -0.4599 -0.1162
vn -0.7821 -0.4670 0.4127
vn -0.8848 -0.3881 0.2578
vn -0.9222 -0.3514 -0.1613
vn -0.9185 -0.3869 0.0816
vn -0.8427 -0.4623 0.2758
vn -0.8476 -0.5272 -0.0596
vn -0.4572 -0.1616 0.8746
vn -0.3818 -0.2618 0.8864
vn -0.3881 -0.2165 0.8958
vn -0.8759 -0.3591 0.3224
vn -0.8262 -0.2392 0.5101
vn -0.4782 -0.1715 0.8613
vn -0.5864 -0.2661 0.7651
vn -0.6893 -0.2308 0.6867
vn -0.2717 0.0016 0.9624
vn 0.1183 0.1592 0.9801
vn 0.0054 0.0056 1.0000
vn -0.0984 -0.1340 0.9861
vn -0.7172 -0.3962 0.5733
vn -0.6150 -0.4228 0.6656
vn -0.1490 -0.3446 0.9269
vn -0.2376 -0.4984 0.8337
vn -0.8868 -0.4182 0.1968
vn 0.3899 -0.2351 0.8903
vn 0.3468 -0.4909 0.7992
vn 0.3921 0.0014 0.9199
vn 0.6851 0.0885 0.7231
vn 0.7544 -0.0979 0.6491
vn 0.7529 -0.3485 0.5583
vn -0.0965 0.7516 0.6525
vn 0.2917 0.7475 0.5968
vn 0.3187 0.4642 0.8264
vn 0.3036 0.1269 0.9443
vn 0.5968 0.4709 0.6497
vn 0.5637 0.5517 0.6147
vn 0.1888 0.0079 0.9820
vn -0.0744 0.0363 0.9966
vn -0.5171 0.6421 0.5660
vn -0.1338 0.6365 0.7595
vn -0.3838 0.9219 -0.0523
vn -0.3398 0.9012 0.2690
vn -0.0587 0.9914 -0.1170
vn -0.1214 0.9759 0.1816
vn -0.2857 0.0904 0.9540
vn -0.9573 0.0798 0.2780
vn -0.9986 -0.0518 0.0093
vn -0.9578 -0.2050 0.2015
vn -0.9518 0.3028 -0.0482
vn -0.7810 0.5912 -0.2012
vn -0.3992 0.7972 -0.4529
vn -0.3658 0.8379 -0.4051
vn -0.0454 0.9120 -0.4078
vn -0.0395 0.8456 -0.5323
vn -0.7798 -0.2937 0.5528
vn -0.8426 -0.2247 0.4894
vn -0.3355 -0.5686 0.7511
vn -0.4853 -0.5447 0.6839
vn -0.7741 0.6313 0.0477
vn -0.9023 0.4311 -0.0057
vn -0.8973 -0.1384 0.4192
vn -0.8791 0.2888 0.3793
vn -0.6475 -0.3843 0.6581
vn -0.7507 -0.0387 0.6595
vn 0.6580 -0.4844 0.5765
vn 0.6543 -0.5781 0.4876
vn 0.9265 -0.3177 0.2016
vn 0.9140 -0.1183 0.3881
vn 0.9578 -0.1782 0.2255
vn 0.9805 0.1672 -0.1036
vn 0.9857 0.1659 0.0306
vn 0.9560 0.2808 0.0853
vn 0.2499 -0.6700 0.6991
vn 0.1636 -0.6806 0.7141
vn 0.6391 0.6998 -0.3192
vn 0.7008 0.7134 0.0031
vn 0.5955 0.7051 -0.3851
vn 0.0370 0.8922 -0.4501
vn 0.2317 0.9575 -0.1719
vn 0.6128 0.3713 0.6976
vn -0.1301 0.3263 0.9363
vn 0.0990 -0.4224 0.9010
vn 0.7279 -0.1357 0.6722
vn -0.3897 0.8106 -0.4371
vn -0.3428 0.9153 -0.2116
vn -0.3325 0.8811 0.3363
vn 0.4924 0.8101 0.3183
vn 0.8351 0.3636 0.4127
vn -0.2410 0.6232 0.7440
vn -0.2716 0.6826 0.6784
vn 0.0053 0.7279 0.6856
vn 0.0592 0.6025 0.7959
vn 0.0820 0.5552 0.8276
vn 0.1065 0.6065 0.7879
vn -0.2606 0.5986 0.7575
vn -0.2461 0.5895 0.7694
vn -0.2125 0.6081 0.7649
vn -0.2088 0.6322 0.7462
vn -0.2178 0.6192 0.7544
vn -0.0650 0.5726 0.8173
vn -0.0676 0.5964 0.7998
vn -0.0990 0.6158 0.7817
vn 0.1406 0.6910 0.7090
vn -0.2735 0.6262 0.7301
vn 0.2040 0.7665 0.6089
vn -0.2715 0.6540 0.7061
vn -0.1814 0.6344 0.7514
vn -0.0524 0.6503 0.7579
vn -0.2029 0.6828 0.7019
vn -0.0902 0.7522 0.6527
vn 0.2756 0.7825 0.5583
vn -0.2484 0.6682 0.7013
vn 0.3705 0.7888 0.4904
vn -0.1963 0.6897 0.6970
vn -0.2699 0.6833 0.6784
vn -0.3141 0.6653 0.6773
vn -0.1116 0.7584 0.6422
vn -0.1198 0.7366 0.6656
vn -0.0077 0.7429 0.6694
vn 0.6351 0.7125 0.2982
vn 0.7011 0.6458 0.3024
vn 0.0273 0.7246 0.6886
vn 0.4991 0.7796 0.3784
vn -0.1134 0.7246 0.6798
vn -0.3159 0.6558 0.6857
vn -0.2880 0.6361 0.7159
vn -0.1406 0.7187 0.6809
vn -0.1550 0.6952 0.7019
vn -0.2034 0.6707 0.7133
vn -0.2088 0.6998 0.6832
vn -0.1171 0.6661 0.7366
vn -0.4434 0.5962 0.6693
vn -0.4833 0.6242 0.6139
vn -0.2301 0.7115 0.6640
vn -0.1897 0.7566 0.6258
vn -0.5581 0.6506 0.5150
vn -0.8880 -0.4107 -0.2067
vn -0.9864 0.0329 0.1609
vn -0.9746 0.0416 0.2201
vn -0.8716 -0.4377 -0.2209
vn -0.9996 -0.0008 0.0273
vn -0.8733 -0.4043 -0.2718
vn -0.1899 0.6038 0.7742
vn -0.1529 0.6422 0.7511
vn -0.5394 0.5354 0.6499
vn -0.5789 0.4535 0.6776
vn -0.9675 -0.0772 0.2410
vn -0.8726 -0.4676 -0.1409
vn -0.9511 0.0226 0.3081
vn -0.9049 -0.4248 -0.0267
vn -0.5963 0.4939 0.6329
vn -0.2129 0.5687 0.7945
vn -0.2563 0.6096 0.7501
vn -0.6458 0.5064 0.5714
vn -0.8308 -0.4883 -0.2670
vn -0.8400 -0.4747 -0.2626
vn -0.7666 -0.5930 -0.2464
vn -0.7540 -0.6073 -0.2503
vn -0.7696 -0.6089 -0.1922
vn -0.7067 -0.6423 -0.2968
vn -0.6896 -0.6413 -0.3365
vn -0.7827 -0.5611 -0.2693
vn -0.8078 -0.5107 -0.2943
vn -0.9403 0.2284 0.2525
vn -0.9878 -0.1532 -0.0283
vn -0.9668 -0.2557 0.0010
vn -0.9364 0.1537 0.3154
vn -0.8705 -0.4644 -0.1630
vn -0.8726 -0.4421 -0.2075
vn -0.6799 -0.6238 -0.3856
vn -0.7234 -0.5918 -0.3558
vn -0.7200 -0.5280 -0.4503
vn -0.7045 -0.5597 -0.4364
vn -0.2928 0.6457 0.7052
vn -0.6918 0.4774 0.5418
vn -0.2612 0.6701 0.6948
vn -0.7122 0.4491 0.5396
vn -0.8820 -0.3898 -0.2649
vn -0.8821 -0.4104 -0.2313
vn -0.9925 -0.1218 -0.0108
vn -0.9934 -0.1143 -0.0020
vn -0.9470 0.2197 0.2342
vn -0.9475 0.1642 0.2742
vn -0.2423 0.7057 0.6658
vn -0.7107 0.4734 0.5203
vn -0.2472 0.7508 0.6126
vn -0.6985 0.5231 0.4884
vn -0.9536 0.1604 0.2548
vn -0.9597 0.1976 0.2000
vn -0.9926 -0.0534 -0.1087
vn -0.9949 -0.0900 -0.0464
vn -0.8706 -0.3315 -0.3637
vn -0.7329 -0.4521 -0.5083
vn -0.8707 -0.2632 -0.4154
vn -0.7967 -0.3893 -0.4623
vn -0.7615 -0.5151 -0.3935
vn -0.8128 -0.4776 -0.3336
vn -0.9784 -0.0320 -0.2041
vn -0.9857 -0.0045 -0.1684
vn -0.9567 0.2549 0.1404
vn -0.9582 0.2489 0.1413
vn -0.6757 0.5670 0.4710
vn -0.6818 0.5442 0.4889
vn -0.2535 0.7652 0.5918
vn -0.2851 0.7171 0.6360
vn -0.9193 -0.1252 -0.3731
vn -0.8752 -0.2153 -0.4332
vn -0.2422 0.6041 0.7592
vn -0.2121 0.6550 0.7252
vn -0.2357 0.5701 0.7870
vn -0.5589 0.5052 0.6576
vn -0.8458 -0.4591 -0.2718
vn -0.8735 -0.4431 -0.2015
vn -0.8689 -0.3680 -0.3309
vn -0.9161 -0.3490 -0.1972
vn -0.3712 0.6422 0.6707
vn -0.7219 0.4561 0.5204
vn -0.9158 -0.2386 -0.3230
vn -0.9481 -0.2649 -0.1758
vn -0.9898 -0.0777 -0.1194
vn -0.9937 -0.1123 -0.0007
vn -0.9578 0.1852 0.2198
vn -0.9282 0.1825 0.3242
vn -0.2463 0.5504 0.7977
vn -0.5796 0.4525 0.6778
vn -0.2571 0.5294 0.8085
vn -0.5901 0.4176 0.6909
vn -0.8965 -0.4249 -0.1254
vn -0.9264 -0.3701 -0.0701
vn -0.9423 -0.3243 -0.0832
vn -0.9656 -0.2595 -0.0136
vn -0.9631 -0.2578 -0.0768
vn -0.9793 -0.1992 -0.0347
vn -0.9924 -0.0971 0.0757
vn -0.9934 -0.0589 0.0980
vn -0.9019 0.1861 0.3898
vn -0.8945 0.1847 0.4072
vn -0.6048 0.4007 0.6882
vn -0.2912 0.5154 0.8059
vn -0.3387 0.4713 0.8144
vn -0.6455 0.3943 0.6541
vn -0.9625 -0.2677 -0.0433
vn -0.9630 -0.2643 -0.0523
vn -0.9854 -0.1608 0.0564
vn -0.9825 -0.1191 0.1434
vn -0.9886 -0.1495 0.0154
vn -0.9865 -0.1044 0.1260
vn -0.9925 -0.0507 0.1113
vn -0.9860 -0.0463 0.1600
vn -0.9017 0.1710 0.3971
vn -0.9216 0.1399 0.3621
vn -0.9465 -0.3182 -0.0538
vn -0.9075 -0.4187 -0.0340
vn -0.9709 -0.1481 0.1880
vn -0.9459 -0.1929 0.2609
vn -0.6481 -0.7579 0.0744
vn -0.8975 -0.4397 -0.0341
vn -0.7225 -0.6298 -0.2853
vn -0.8394 -0.4517 -0.3024
vn -0.8746 -0.4068 -0.2639
vn -0.8798 -0.4653 -0.0968
vn -0.9215 -0.3599 -0.1460
vn -0.8653 -0.3828 -0.3237
vn -0.9502 -0.2955 -0.0987
vn -0.6193 -0.1717 -0.7662
vn -0.6851 -0.2121 -0.6968
vn -0.9679 -0.2505 0.0184
vn -0.9643 0.2406 0.1109
vn -0.3735 0.7461 0.5513
vn -0.5219 0.4672 0.7137
vn -0.9970 -0.0683 -0.0366
vn -0.8793 -0.2940 -0.3748
vn -0.9787 -0.0181 -0.2045
vn -0.8434 0.5028 0.1892
vn -0.2474 0.9176 0.3111
vn -0.7845 0.6099 0.1119
vn -0.3418 0.9397 0.0121
vn -0.9718 0.2228 -0.0776
vn -0.9536 0.3009 -0.0065
vn -0.8487 0.5155 0.1182
vn -0.6708 0.7093 -0.2166
vn -0.5668 -0.5354 -0.6261
vn -0.6045 -0.4031 -0.6870
vn -0.4536 -0.3657 -0.8127
vn -0.3875 -0.5299 -0.7544
vn -0.5262 -0.1050 -0.8439
vn -0.5614 -0.2789 -0.7792
vn -0.6379 -0.2797 -0.7175
vn -0.5364 -0.3534 -0.7664
vn -0.4765 -0.4593 -0.7496
vn -0.4119 -0.7879 -0.4578
vn -0.2811 -0.6616 -0.6951
vn -0.2631 -0.7154 -0.6473
vn -0.3835 -0.8424 -0.3786
vn -0.2839 -0.6433 -0.7110
vn -0.2742 -0.6111 -0.7426
vn -0.2095 -0.7244 -0.6568
vn -0.2474 -0.7836 -0.5699
vn -0.3762 -0.8701 -0.3184
vn -0.2431 -0.8383 -0.4880
vn -0.3986 -0.8798 -0.2591
vn -0.1177 -0.7845 -0.6089
vn -0.0856 -0.7854 -0.6130
vn -0.2463 -0.8372 -0.4883
vn -0.4802 -0.8458 -0.2326
vn -0.6274 -0.7672 0.1334
vn -0.5435 -0.8205 -0.1775
vn -0.5106 -0.8528 -0.1098
vn -0.5733 -0.7817 0.2456
vn -0.4955 -0.8684 -0.0209
vn -0.5530 -0.7014 0.4498
vn -0.4837 -0.5347 0.6929
vn -0.1872 -0.0755 0.9794
vn -0.3350 -0.0678 0.9398
vn -0.6297 -0.5570 0.5415
vn -0.3337 -0.3434 0.8779
vn -0.1086 -0.0690 0.9917
vn -0.5554 -0.8288 0.0680
vn -0.6125 -0.4037 0.6796
vn -0.7050 -0.6973 0.1298
vn -0.8000 -0.1603 0.5781
vn -0.8323 -0.5543 0.0074
vn -0.9050 -0.3054 0.2961
vn -0.6693 -0.7084 -0.2241
vn -0.0187 0.5780 0.8158
vn -0.2161 0.4190 0.8819
vn -0.0631 0.4151 0.9076
vn 0.0044 0.4803 0.8771
vn -0.5246 -0.0694 0.8485
vn -0.6616 -0.0321 0.7492
vn 0.0573 0.3673 0.9283
vn 0.0423 0.3114 0.9493
vn -0.9621 -0.0418 0.2695
vn -0.9114 -0.0315 0.4103
vn -0.9561 0.0313 0.2913
vn -0.9067 0.0002 0.4217
vn -0.8010 0.1646 0.5756
vn -0.4109 0.3230 0.8526
vn -0.4132 0.3153 0.8543
vn -0.8461 -0.0897 0.5254
vn 0.2650 0.5790 0.7711
vn 0.3238 0.5713 0.7541
vn -0.9203 0.1083 0.3758
vn -0.9122 -0.0366 0.4082
vn -0.2826 0.0646 0.9571
vn 0.1638 0.3219 0.9325
vn -0.6680 -0.2970 0.6823
vn -0.8621 0.0052 0.5067
vn -0.4800 0.5202 0.7064
vn -0.9140 0.0646 0.4006
vn -0.7791 0.3327 0.5313
vn -0.3918 0.0678 0.9175
vn 0.0164 0.3276 0.9447
vn 0.1147 0.2877 0.9508
vn -0.0357 0.2916 0.9559
vn -0.9166 -0.3261 -0.2312
vn -0.8950 -0.4435 0.0471
vn -0.7630 -0.6345 0.1230
vn -0.8342 -0.2980 0.4640
vn -0.3832 -0.1562 0.9104
vn -0.8260 -0.3601 0.4336
vn -0.9591 -0.2735 -0.0724
vn -0.9364 -0.3463 -0.0564
vn -0.9797 -0.2004 -0.0029
vn -0.9467 -0.2986 0.1204
vn -0.9308 -0.3573 -0.0768
vn -0.9109 -0.3533 -0.2130
vn -0.8874 -0.3241 0.3280
vn -0.8664 -0.4416 0.2333
vn -0.9264 -0.3609 0.1073
vn -0.9108 -0.1431 0.3873
vn -0.6934 -0.7149 -0.0902
vn -0.3834 -0.9003 -0.2061
vn -0.6673 -0.3280 -0.6687
vn -0.5720 -0.3932 -0.7199
vn 0.0406 0.5793 0.8141
vn 0.1083 0.0939 0.9897
vn 0.3999 0.0884 0.9123
vn 0.3555 0.5481 0.7571
vn -0.1222 0.9892 0.0810
vn 0.0500 0.9954 -0.0814
vn -0.2726 0.8192 -0.5046
vn -0.5495 0.8127 -0.1939
vn -0.5515 0.3228 -0.7692
vn -0.7917 0.3133 -0.5244
vn -0.6386 -0.1331 -0.7579
vn -0.7666 -0.1306 -0.6287
vn 0.1822 0.9197 0.3479
vn -0.0903 0.8880 0.4509
vn -0.7388 0.1867 0.6476
vn -0.4111 0.4409 0.7978
vn -0.5325 0.7679 0.3559
vn -0.9373 0.3301 0.1114
vn -0.9484 -0.3029 -0.0934
vn -0.6798 -0.4282 0.5955
vn -0.3115 -0.1459 0.9390
vn -0.1286 -0.9257 -0.3558
vn -0.6301 -0.5022 -0.5923
vn -0.3701 -0.8379 0.4011
vn -0.0911 -0.5329 0.8413
vn -0.7941 -0.0296 -0.6070
vn -0.4384 -0.0674 -0.8963
vn -0.2774 0.1579 -0.9477
vn -0.4053 0.0669 0.9117
vn -0.6979 -0.5513 0.4571
vn -0.7595 -0.5580 0.3343
vn -0.4687 0.1471 0.8710
vn -0.8172 -0.5749 -0.0411
vn -0.7407 -0.5053 0.4429
vn -0.8580 -0.4926 -0.1453
vn -0.8092 -0.5874 0.0147
vn -0.7270 -0.6865 -0.0127
vn -0.7052 -0.5834 0.4029
vn -0.6403 -0.6685 0.3783
vn -0.6988 -0.7138 0.0455
vn -0.6623 -0.7302 0.1681
vn -0.6905 -0.6411 0.3350
vn -0.6846 -0.7289 0.0107
vn -0.6549 -0.6505 0.3846
vn -0.7627 -0.6247 0.1675
vn -0.9170 -0.3865 -0.0988
vn -0.9346 -0.3541 -0.0348
vn -0.9284 -0.3330 0.1651
vn -0.8991 -0.3443 0.2702
vn -0.9141 -0.3904 -0.1098
vn -0.7122 -0.5087 0.4837
vn -0.8135 -0.5697 0.1168
vn -0.4037 -0.2994 0.8645
vn -0.5844 -0.4442 0.6791
vn -0.5844 -0.4617 0.6673
vn -0.6089 -0.2916 0.7377
vn -0.9575 -0.2855 0.0415
vn -0.5763 -0.2036 0.7914
vn -0.3661 -0.2446 0.8979
vn -0.6292 -0.3979 0.6676
vn -0.5625 -0.5233 -0.6402
vn -0.5248 -0.5946 -0.6091
vn -0.4181 -0.5780 -0.7008
vn -0.5254 -0.5005 -0.6881
vn -0.5248 -0.4475 -0.7241
vn -0.4989 -0.5860 -0.6386
vn -0.4762 -0.6872 -0.5486
vn -0.3517 -0.6834 -0.6397
vn -0.9852 -0.1054 0.1350
vn -0.9447 -0.1548 0.2892
vn -0.5082 0.2486 0.8246
vn -0.4155 0.1617 0.8951
vn -0.8377 -0.2599 0.4802
vn -0.7186 -0.1977 0.6668
vn -0.2883 0.2193 0.9321
vn -0.1391 0.4527 0.8807
vn -0.5596 -0.0294 0.8283
vn -0.0386 0.5671 0.8228
vn -0.1413 0.3915 0.9093
vn -0.1841 0.4566 0.8704
vn -0.1569 0.3048 0.9394
vn -0.5925 0.0224 0.8052
vn -0.6382 0.1027 0.7630
vn -0.6580 0.1162 0.7440
vn -0.6845 0.0510 0.7272
vn -0.2549 0.4433 0.8594
vn -0.4614 -0.6745 -0.5763
vn -0.2895 -0.6705 -0.6831
vn -0.2793 -0.6747 -0.6832
vn -0.4170 -0.7095 -0.5681
vn -0.3045 -0.7160 -0.6282
vn -0.2569 -0.6895 -0.6772
vn -0.2846 -0.7554 -0.5903
vn -0.4121 -0.7177 -0.5613
vn -0.7486 -0.6626 0.0252
vn -0.8067 -0.4087 0.4268
vn -0.8447 -0.3152 0.4327
vn -0.8072 -0.5901 0.0140
vn -0.8746 -0.2307 0.4265
vn -0.8605 -0.5095 -0.0033
vn -0.3284 -0.6265 -0.7069
vn -0.5150 -0.6228 -0.5890
vn -0.8491 -0.3103 0.4275
vn -0.8815 -0.2192 0.4182
vn -0.8800 -0.4749 0.0074
vn -0.8882 -0.4594 0.0043
vn -0.5783 -0.7503 -0.3204
vn -0.5724 -0.7780 -0.2589
vn -0.6903 -0.7213 0.0558
vn -0.4341 -0.7179 -0.5442
vn -0.6729 -0.6401 -0.3708
vn -0.6232 -0.6991 -0.3506
vn -0.7372 -0.5027 0.4515
vn -0.6983 -0.6144 -0.3674
vn -0.7380 -0.5531 -0.3866
vn 0.7823 0.5451 0.3014
vn 0.7535 0.5637 0.3384
vn 0.7696 0.5179 0.3736
vn 0.7665 0.5431 0.3429
vn 0.6003 0.6046 0.5235
vn 0.5769 0.6181 0.5340
vn 0.5809 0.5905 0.5602
vn 0.5927 0.6112 0.5246
vn 0.5719 0.6292 0.5263
vn 0.7840 0.5647 0.2578
vn 0.5693 0.5595 0.6023
vn 0.5434 0.5418 0.6413
vn 0.5583 0.6256 0.5449
vn 0.7939 0.5519 0.2551
vn 0.3967 0.6512 0.6469
vn 0.4174 0.6693 0.6147
vn 0.4526 0.5790 0.6782
vn 0.3555 0.6063 0.7113
vn 0.3990 0.5669 0.7208
vn 0.3914 0.5968 0.7005
vn 0.9125 -0.1203 0.3910
vn 0.6890 0.3486 0.6354
vn 0.9131 -0.3812 0.1444
vn 0.8576 -0.5143 -0.0066
vn 0.9093 -0.0209 0.4157
vn 0.6415 0.4157 0.6447
vn -0.3543 -0.6172 -0.7025
vn -0.4164 -0.6160 -0.6687
vn -0.4116 -0.6519 -0.6368
vn -0.3655 -0.6768 -0.6390
vn -0.4330 -0.6457 -0.6289
vn -0.4166 -0.6004 -0.6826
vn -0.4891 -0.5800 -0.6515
vn -0.4960 -0.6418 -0.5848
vn -0.5227 -0.6380 -0.5655
vn -0.4982 -0.6107 -0.6155
vn -0.5723 -0.6289 -0.5263
vn -0.5680 -0.6140 -0.5480
vn -0.4806 -0.6255 -0.6147
vn -0.5024 -0.5555 -0.6626
vn -0.3620 -0.5663 -0.7404
vn -0.3018 -0.6561 -0.6917
vn -0.5519 -0.6144 -0.5638
vn -0.5808 -0.5998 -0.5504
vn -0.5544 -0.5814 -0.5956
vn -0.5622 -0.5960 -0.5734
vn -0.5789 -0.5985 -0.5538
vn -0.5699 -0.5861 -0.5760
vn -0.4558 -0.6626 -0.5943
vn -0.4738 -0.6046 -0.6403
vn -0.4837 -0.7640 -0.4269
vn -0.1640 -0.7314 -0.6619
vn -0.2723 -0.8191 -0.5049
vn 0.0521 -0.7035 -0.7088
vn -0.2261 -0.6733 -0.7040
vn -0.1228 -0.6618 -0.7395
vn -0.4823 -0.7911 -0.3761
vn -0.4833 -0.7742 -0.4088
vn -0.4654 -0.5644 -0.6818
vn -0.4269 -0.7988 -0.4239
vn -0.5411 -0.4208 -0.7282
vn -0.4199 -0.0860 -0.9035
vn -0.2904 0.0785 -0.9537
vn -0.3312 -0.2668 -0.9051
vn -0.3093 -0.7139 -0.6282
vn -0.5252 -0.7515 -0.3992
vn -0.5548 -0.6850 -0.4721
vn -0.5550 -0.6602 -0.5060
vn -0.5251 -0.7351 -0.4288
vn -0.5780 -0.3992 -0.7117
vn -0.5808 -0.4951 -0.6462
vn -0.4904 -0.5704 -0.6589
vn -0.4225 -0.8357 -0.3508
vn -0.3844 -0.8483 -0.3643
vn -0.4233 -0.6464 -0.6349
vn -0.4303 -0.7641 -0.4806
vn -0.3788 -0.8925 -0.2447
vn -0.3638 -0.8832 -0.2959
vn -0.3908 -0.8899 -0.2353
vn -0.3924 -0.8210 -0.4146
vn 0.3928 0.3549 0.8484
vn 0.4253 0.4154 0.8041
vn 0.5319 0.3445 0.7736
vn 0.4988 0.2603 0.8267
vn 0.5220 0.7227 0.4530
vn 0.3907 0.7837 0.4829
vn 0.5748 0.7254 0.3787
vn 0.6073 0.2805 0.7433
vn 0.5047 0.0104 0.8632
vn 0.5586 0.4216 0.7143
vn 0.7870 0.3329 0.5195
vn 0.5240 0.5361 0.6619
vn 0.4966 0.1634 0.8525
vn 0.4488 -0.0593 0.8917
vn 0.7122 -0.0264 0.7014
vn 0.4196 0.9076 -0.0117
vn 0.5380 0.8129 0.2231
vn 0.5124 0.8300 0.2203
vn 0.5315 0.7777 0.3358
vn 0.4401 0.8913 0.1088
vn 0.5183 0.8184 0.2483
vn 0.4451 0.8953 0.0193
vn 0.4492 0.8746 -0.1826
vn 0.5820 0.8071 0.0994
vn 0.4755 0.0237 0.8794
vn 0.6174 0.0585 0.7845
vn 0.5225 0.1764 0.8342
vn 0.4753 0.8390 0.2649
vn 0.5998 0.3715 0.7087
vn 0.5639 0.6463 0.5141
vn 0.4846 0.8651 0.1297
vn 0.6363 0.6562 0.4056
vn 0.4238 0.9055 0.0203
vn 0.7860 0.5292 0.3196
vn 0.5618 0.4951 0.6628
vn 0.8595 0.4655 0.2111
vn 0.6702 0.4477 0.5920
vn 0.8446 0.4339 0.3136
vn 0.9586 0.2325 0.1644
vn 0.7969 0.4930 0.3490
vn 0.7248 0.3972 0.5629
vn 0.8089 0.5016 0.3066
vn 0.7999 0.4094 0.4387
vn 0.7357 0.4062 0.5420
vn 0.7346 0.5871 0.3401
vn 0.7635 0.5370 0.3588
vn 0.7864 0.5479 0.2852
vn 0.3997 0.1572 0.9031
vn 0.4312 0.2427 0.8690
vn 0.6046 0.3176 0.7305
vn 0.6338 0.2347 0.7371
vn 0.4190 0.4179 0.8061
vn 0.5680 0.3843 0.7278
vn 0.3117 0.9189 0.2416
vn 0.5930 0.7578 0.2722
vn 0.3870 0.9194 -0.0705
vn 0.7177 0.6652 0.2060
vn 0.5851 0.4209 0.6932
vn 0.6378 0.5000 0.5858
vn 0.6704 0.3427 0.6581
vn 0.7213 0.4120 0.5567
vn 0.7589 0.4513 0.4695
vn 0.7360 0.5682 0.3679
vn 0.7465 0.6339 0.2025
vn 0.7518 0.5439 0.3729
vn 0.7434 0.6014 0.2926
vn 0.7459 0.2480 0.6182
vn 0.7868 0.2742 0.5530
vn 0.8883 0.1093 0.4460
vn 0.8902 0.4445 0.1000
vn 0.4826 0.7786 -0.4012
vn 0.7063 0.6157 0.3494
vn 0.7146 0.5921 0.3725
vn 0.7512 0.3465 0.5618
vn 0.7056 0.1036 0.7010
vn 0.7361 0.0487 0.6751
vn 0.7794 0.2962 0.5521
vn 0.7260 -0.2222 0.6508
vn 0.6794 0.0714 0.7302
vn 0.6637 -0.2805 0.6934
vn 0.7300 -0.0473 0.6819
vn 0.8508 0.2280 0.4735
vn 0.6865 -0.4660 0.5582
vn 0.6068 -0.4139 0.6785
vn 0.7932 -0.3011 0.5293
vn 0.7104 -0.5893 0.3848
vn 0.5847 -0.6220 0.5208
vn 0.5394 -0.6119 0.5784
vn 0.7578 -0.3112 0.5735
vn 0.6974 -0.5926 0.4031
vn 0.9118 -0.4101 0.0191
vn 0.9648 -0.0322 0.2609
vn 0.9063 0.3976 0.1433
vn 0.9774 0.1648 -0.1327
vn 0.8023 0.3613 -0.4752
vn 0.8459 0.4937 -0.2017
vn 0.8930 -0.1818 -0.4117
vn 0.6442 0.0921 -0.7593
vn 0.3702 -0.8714 0.3218
vn 0.5395 -0.8339 0.1164
vn 0.2650 -0.9627 -0.0551
vn 0.2616 -0.9519 0.1595
vn 0.2917 -0.9073 -0.3029
vn 0.6683 -0.7081 -0.2279
vn 0.6378 -0.5261 -0.5625
vn 0.3984 -0.2848 -0.8719
vn 0.2627 -0.7886 -0.5559
vn 0.1138 -0.5578 -0.8222
vn 0.0914 -0.7905 -0.6057
vn -0.0055 -0.5123 -0.8588
vn 0.1583 -0.9136 -0.3746
vn -0.0805 -0.7943 -0.6021
vn -0.0630 -0.9673 -0.2457
vn -0.0620 -0.3954 -0.9164
vn -0.5555 -0.2986 -0.7760
vn -0.4759 0.0512 -0.8780
vn -0.5126 -0.0680 -0.8559
vn -0.5262 -0.1806 -0.8310
vn -0.5434 -0.2003 -0.8152
vn -0.5124 -0.1532 -0.8450
vn -0.5731 -0.5847 -0.5741
vn -0.5572 -0.5571 -0.6158
vn -0.5603 -0.6044 -0.5664
vn -0.4671 -0.8237 -0.3215
vn -0.4586 -0.6687 -0.5852
vn -0.2850 -0.9340 -0.2153
vn -0.1170 -0.7898 -0.6020
vn -0.0341 -0.8461 -0.5320
vn -0.4038 -0.0484 -0.9136
vn -0.4095 -0.2986 -0.8620
vn -0.4610 -0.5993 -0.6545
vn -0.4358 -0.8024 -0.4077
vn -0.4484 -0.7022 -0.5531
vn -0.3600 -0.8270 -0.4318
vn -0.3506 -0.6072 -0.7130
vn -0.3144 -0.3029 -0.8997
vn -0.4258 -0.8759 -0.2268
vn -0.2345 -0.8981 -0.3721
vn -0.3516 -0.9129 -0.2074
vn -0.3418 -0.9369 -0.0734
vn -0.4683 -0.8615 -0.1960
vn -0.3686 -0.9282 0.0502
vn -0.2445 -0.9685 0.0464
vn -0.2744 -0.9603 0.0507
vn -0.1835 -0.9796 0.0822
vn -0.1659 -0.9459 -0.2788
vn -0.0007 -0.8150 -0.5794
vn -0.2963 -0.9401 -0.1685
vn -0.0523 -0.7673 -0.6392
vn -0.0584 -0.8160 -0.5751
vn -0.4416 -0.8948 -0.0652
vn -0.3407 -0.7168 -0.6084
vn -0.2192 -0.8125 -0.5402
vn -0.2682 -0.9623 0.0454
vn -0.5170 -0.8073 -0.2844
vn -0.2620 -0.6693 -0.6953
vn -0.2216 -0.7004 -0.6785
vn -0.4233 -0.7630 -0.4885
vn -0.4218 -0.7278 -0.5408
vn -0.3781 -0.8082 -0.4515
vn -0.3217 -0.8360 -0.4445
vn -0.2918 -0.5657 -0.7713
vn -0.1726 -0.4622 -0.8698
vn -0.2064 -0.6684 -0.7146
vn -0.0990 -0.7956 -0.5977
vn -0.1547 -0.3287 -0.9317
vn -0.1143 -0.7234 -0.6810
vn -0.1155 -0.9339 -0.3384
vn -0.2195 -0.8307 -0.5116
vn -0.2833 -0.8604 -0.4236
vn -0.1603 -0.9257 -0.3426
vn -0.2198 -0.8973 -0.3827
vn -0.3277 -0.8514 -0.4095
vn -0.0397 -0.9341 -0.3547
vn -0.0736 -0.8855 -0.4587
vn -0.2535 -0.8459 -0.4692
vn -0.2947 -0.8219 -0.4875
vn -0.3808 -0.7146 -0.5868
vn -0.2102 -0.8753 -0.4356
vn -0.4920 -0.5525 -0.6728
vn -0.3488 -0.7874 -0.5082
vn -0.5150 -0.5968 -0.6153
vn -0.1366 -0.9321 -0.3355
vn -0.0725 -0.9404 -0.3321
vn -0.0266 -0.9453 -0.3251
vn 0.0089 -0.9881 -0.1535
vn -0.0286 -0.9841 -0.1752
vn -0.0284 -0.9481 -0.3167
vn -0.1670 -0.9146 -0.3683
vn -0.0194 -0.9954 -0.0942
vn -0.5130 -0.6734 -0.5324
vn -0.2373 -0.9307 -0.2782
vn -0.2563 -0.9033 -0.3440
vn -0.5498 -0.5862 -0.5951
vn -0.0169 -0.9933 -0.1141
vn -0.4261 -0.8096 -0.4038
vn -0.4936 -0.7600 -0.4227
vn -0.4187 -0.8125 -0.4056
vn -0.4913 -0.7394 -0.4604
vn -0.4123 -0.7978 -0.4399
vn -0.4762 -0.7293 -0.4913
vn -0.3535 -0.8208 -0.4488
vn -0.4188 -0.7809 -0.4635
vn -0.1626 -0.9476 -0.2751
vn -0.1822 -0.9480 -0.2609
vn -0.1389 -0.9648 -0.2235
vn -0.0896 -0.9680 -0.2346
vn -0.3753 -0.8089 -0.4526
vn -0.4504 -0.8269 -0.3367
vn -0.5973 -0.5662 -0.5680
vn -0.7206 -0.5596 -0.4094
vn -0.5271 -0.7308 -0.4337
vn -0.5429 -0.6879 -0.4817
vn -0.5349 -0.7404 -0.4072
vn -0.5758 -0.6595 -0.4832
vn -0.5274 -0.6720 -0.5199
vn -0.5721 -0.6317 -0.5231
vn -0.4318 -0.7727 -0.4652
vn -0.4752 -0.7478 -0.4637
vn -0.1633 -0.9489 -0.2702
vn -0.2287 -0.9276 -0.2955
vn -0.1766 -0.9808 -0.0832
vn -0.2556 -0.9541 -0.1563
vn -0.1566 -0.9823 -0.1026
vn -0.2183 -0.9547 -0.2022
vn -0.3968 -0.8174 -0.4177
vn -0.5074 -0.7546 -0.4161
vn -0.4107 -0.7824 -0.4682
vn -0.1022 -0.9913 -0.0835
vn -0.1580 -0.9568 -0.2440
vn -0.4568 -0.6961 -0.5539
vn -0.4699 -0.7769 -0.4191
vn -0.3666 -0.7375 -0.5671
vn -0.3655 -0.6766 -0.6393
vn -0.5288 -0.5027 -0.6839
vn -0.6332 -0.4576 -0.6243
vn 0.6832 0.4213 0.5965
vn 0.6600 0.3354 0.6722
vn 0.5900 0.2761 0.7588
vn 0.6923 0.3832 0.6115
vn 0.5176 0.4634 0.7193
vn 0.5589 0.6397 0.5276
vn 0.5534 0.7116 0.4329
vn 0.7415 0.2582 0.6192
vn 0.7440 0.2726 0.6100
vn 0.7520 0.3901 0.5314
vn 0.8037 0.1738 0.5691
vn 0.6096 0.6356 0.4737
vn 0.5973 0.6701 0.4406
vn 0.7331 0.4588 0.5020
vn 0.8074 0.2028 0.5540
vn 0.5699 0.7198 0.3963
vn 0.5710 0.7372 0.3613
vn 0.6139 0.6694 0.4184
vn 0.5917 0.6352 0.4964
vn 0.5743 0.6548 0.4913
vn 0.4964 0.7533 0.4315
vn 0.6720 0.4586 0.5814
vn 0.7054 0.4081 0.5795
vn 0.7987 0.1335 0.5867
vn 0.7430 0.3810 0.5503
vn 0.8007 -0.0317 0.5982
vn 0.7853 0.1155 0.6082
vn 0.7018 0.4538 0.5491
vn 0.6644 0.5576 0.4977
vn 0.6254 0.5587 0.5447
vn 0.7559 0.3726 0.5383
vn 0.6774 0.4772 0.5599
vn 0.7190 0.5774 0.3869
vn 0.7489 0.5031 0.4313
vn 0.5735 0.7495 0.3308
vn 0.5796 0.6670 0.4681
vn 0.5519 0.8184 0.1602
vn 0.7086 0.6422 0.2923
vn 0.7883 0.6070 0.1008
vn 0.7332 0.6478 -0.2069
vn 0.7742 0.6325 0.0246
vn 0.6591 0.7478 -0.0798
vn 0.5976 0.7495 -0.2850
vn 0.6276 0.7765 0.0559
vn 0.7401 0.5761 0.3470
vn 0.6903 0.4859 0.5362
vn 0.7514 0.1615 0.6398
vn 0.5541 0.7138 0.4284
vn 0.7604 0.5818 0.2887
vn 0.7718 0.6273 -0.1040
vn 0.7722 0.6274 0.1000
vn 0.7008 0.5494 0.4550
vn 0.7886 0.6072 -0.0969
vn 0.9270 0.3537 0.1251
vn 0.9296 0.1472 0.3379
vn 0.7503 0.6609 -0.0170
vn 0.7224 0.6901 0.0449
vn 0.7131 0.6605 0.2350
vn 0.7316 0.6628 -0.1596
vn 0.6870 0.5000 0.5273
vn 0.8412 0.2971 0.4518
vn 0.7661 0.6171 0.1796
vn 0.6800 0.6119 0.4040
vn 0.7701 -0.0146 0.6378
vn 0.7942 -0.0371 0.6065
vn 0.7964 0.1365 0.5891
vn 0.0836 0.9867 0.1396
vn 0.2432 0.9679 0.0638
vn 0.3807 0.8770 0.2932
vn 0.3026 0.9138 0.2709
vn 0.2278 0.9462 0.2298
vn 0.0598 0.9942 0.0893
vn 0.1476 0.9827 0.1117
vn 0.1984 0.9673 0.1577
vn 0.4274 0.8429 0.3270
vn 0.2027 0.9583 0.2013
vn 0.3160 0.9148 0.2516
vn 0.5071 0.7754 0.3763
vn 0.4274 0.8414 0.3306
vn 0.4953 0.7831 0.3760
vn 0.1510 0.9695 0.1933
vn 0.1357 0.9040 0.4053
vn -0.0208 0.9785 0.2050
vn 0.1391 0.9734 0.1819
vn 0.3943 0.8262 0.4024
vn 0.2917 0.8770 0.3817
vn 0.3765 0.8436 0.3829
vn 0.4436 0.7927 0.4181
vn 0.0160 0.9804 0.1963
vn 0.0373 0.9667 0.2531
vn 0.0850 0.9498 0.3012
vn 0.0747 0.9475 0.3109
vn 0.1120 0.9619 0.2493
vn 0.0876 0.9774 0.1923
vn 0.1692 0.9214 0.3498
vn 0.2152 0.8873 0.4079
vn 0.2082 0.8600 0.4658
vn -0.5822 -0.4941 -0.6457
vn -0.5670 -0.4988 -0.6556
vn -0.5736 -0.4906 -0.6560
vn -0.6040 -0.4008 -0.6889
vn -0.6522 -0.4863 -0.5816
vn -0.6324 -0.5096 -0.5835
vn -0.7043 -0.2689 -0.6570
vn -0.6658 -0.4923 -0.5607
vn -0.6628 -0.4735 -0.5802
vn -0.6671 -0.3350 -0.6654
vn -0.7632 -0.4527 -0.4611
vn -0.6892 -0.5305 -0.4936
vn -0.5532 -0.4290 -0.7141
vn -0.6134 -0.4030 -0.6792
vn -0.5712 -0.3404 -0.7469
vn -0.6553 -0.2487 -0.7132
vn -0.6943 -0.1902 -0.6941
vn -0.6465 -0.3906 -0.6553
vn -0.5282 -0.2915 -0.7975
vn -0.6826 -0.0166 -0.7306
vn -0.4731 -0.4920 -0.7308
vn -0.3401 -0.6069 -0.7184
vn -0.4418 -0.2693 -0.8558
vn -0.6740 -0.0698 -0.7355
vn -0.5784 -0.5055 -0.6402
vn -0.5531 -0.5874 -0.5908
vn -0.7117 -0.1619 -0.6836
vn -0.6621 -0.4092 -0.6278
vn -0.5849 -0.6131 -0.5310
vn -0.6952 -0.3639 -0.6199
vn -0.0268 -0.6785 -0.7341
vn -0.3173 -0.4642 -0.8270
vn -0.2631 -0.7785 -0.5698
vn -0.5319 -0.5234 -0.6656
vn 0.2899 0.9068 0.3060
vn 0.1179 0.9889 0.0904
vn 0.5123 0.7785 0.3626
vn 0.5838 0.6921 0.4244
vn 0.4444 0.8026 0.3978
vn 0.3604 0.9321 0.0353
vn 0.5132 0.8469 0.1393
vn 0.3079 0.9239 -0.2273
vn 0.2674 0.9365 -0.2268
vn 0.5061 0.8592 0.0749
vn 0.2937 0.9313 -0.2153
vn 0.3788 0.9077 -0.1808
vn 0.2737 0.9530 -0.1296
vn 0.5143 0.8576 -0.0016
vn 0.1640 -0.8073 -0.5669
vn 0.3824 -0.6551 -0.6517
vn 0.7481 -0.6488 -0.1391
vn 0.5791 -0.8122 -0.0707
vn 0.0492 -0.3600 -0.9317
vn -0.1957 -0.4732 -0.8590
vn 0.3310 -0.2322 -0.9146
vn 0.6229 -0.3545 -0.6973
vn 0.8693 -0.4234 -0.2550
vn 0.5987 0.8008 -0.0160
vn 0.7861 0.6049 -0.1269
vn 0.4426 0.6842 -0.5797
vn 0.4566 0.8896 -0.0058
vn 0.1565 0.7936 -0.5880
vn 0.0310 0.8222 -0.5684
vn 0.7923 0.4358 0.4269
vn 0.7777 0.4535 0.4354
vn 0.8604 0.4324 0.2698
vn -0.3000 0.1720 -0.9383
vn -0.1485 0.5294 -0.8353
vn -0.0171 0.5472 -0.8368
vn -0.0771 0.2942 -0.9526
vn 0.4047 0.4463 -0.7982
vn 0.3603 0.2431 -0.9006
vn 0.8913 0.3635 -0.2710
vn 0.9081 0.1677 -0.3838
vn 0.9248 0.2027 0.3221
vn 0.9527 0.0800 0.2931
vn -0.0789 -0.0296 -0.9964
vn 0.3338 -0.0029 -0.9426
vn -0.3409 -0.1160 -0.9329
vn 0.8080 -0.0597 -0.5861
vn 0.9888 -0.1331 0.0668
vn 0.9020 -0.2945 0.3156
vn 0.8190 -0.4407 0.3674
vn 0.8622 0.0559 0.5035
vn 0.8572 0.0205 0.5146
vn 0.8022 0.1973 0.5635
vn 0.8216 0.1833 0.5398
vn -0.0846 0.8897 0.4487
vn 0.1579 0.8477 0.5064
vn 0.1717 0.8617 0.4775
vn -0.0520 0.8894 0.4542
vn 0.5484 0.6792 0.4878
vn 0.4928 0.6872 0.5338
vn 0.7404 0.5033 0.4455
vn 0.3751 0.7741 0.5099
vn 0.0773 0.8553 0.5123
vn -0.2843 0.8745 0.3929
vn -0.3145 0.8660 0.3887
vn -0.1989 0.8599 0.4701
vn -0.5852 0.7441 0.3222
vn -0.5966 0.7626 0.2498
vn -0.6182 0.7405 0.2636
vn 0.0161 0.9330 0.3595
vn 0.2262 0.9231 0.3109
vn 0.2116 0.7886 0.5774
vn -0.0774 0.8466 0.5266
vn 0.5299 0.6472 0.5480
vn 0.3174 0.9301 0.1850
vn -0.3177 0.8276 0.4628
vn -0.2124 0.9270 0.3092
vn -0.6504 0.6895 0.3186
vn -0.6359 0.7483 0.1887
vn 0.3065 0.9223 -0.2355
vn 0.4232 0.8945 -0.1440
vn 0.4250 0.8897 0.1667
vn 0.2049 0.9268 -0.3148
vn 0.4943 0.8415 -0.2179
vn -0.3919 0.8790 -0.2715
vn -0.9046 0.4238 -0.0464
vn -0.7729 0.4743 -0.4215
vn -0.7623 0.2713 -0.5877
vn -0.1286 0.6946 -0.7078
vn -0.7816 -0.0182 -0.6235
vn -0.3334 0.5249 -0.7831
vn 0.7296 0.6838 -0.0070
vn 0.6669 0.7401 0.0868
vn 0.6635 0.7316 -0.1568
vn 0.6028 0.7970 0.0377
vn -0.1762 0.7190 -0.6723
vn 0.1025 0.9346 -0.3405
vn 0.2243 0.9494 -0.2198
vn -0.0589 0.7554 -0.6526
vn 0.0277 0.9332 -0.3582
vn -0.0101 0.9727 -0.2319
vn 0.0286 0.6960 -0.7175
vn 0.2296 0.8029 -0.5501
vn 0.3609 0.9231 0.1328
vn 0.2030 0.9747 0.0934
vn 0.3821 0.9241 -0.0092
vn 0.1079 0.9867 0.1213
vn 0.1984 0.8312 -0.5193
vn 0.0875 0.6402 -0.7632
vn 0.0631 0.7264 -0.6844
vn 0.4100 0.8603 -0.3030
vn -0.0745 0.9827 -0.1697
vn -0.9252 0.3567 0.1294
vn -0.8897 0.4219 0.1745
vn -0.9577 0.2876 0.0052
vn -0.9485 0.2882 0.1314
vn -0.3764 -0.7071 -0.5987
vn -0.6108 -0.6067 -0.5088
vn -0.7159 -0.5914 -0.3712
vn -0.4987 -0.6928 -0.5208
vn -0.7509 -0.1688 -0.6385
vn -0.8561 -0.1411 -0.4972
vn -0.9537 -0.3007 -0.0045
vn -0.7932 -0.5180 -0.3201
vn -0.9155 -0.2518 -0.3138
vn -0.6696 -0.5480 -0.5013
vn -0.9996 -0.0161 0.0222
vn -0.6859 0.1707 -0.7074
vn -0.9955 0.0946 0.0011
vn -0.2992 -0.7386 -0.6041
vn -0.1220 -0.8132 -0.5691
vn 0.0548 -0.8439 -0.5337
vn 0.0015 -0.7807 -0.6249
vn -0.8742 0.4617 0.1503
vn -0.9395 0.3426 0.0021
vn -0.8603 0.5048 0.0716
vn -0.9482 0.3042 -0.0920
vn -0.9696 0.1757 -0.1702
vn -0.8813 -0.2167 -0.4200
vn -0.9549 0.0729 -0.2880
vn -0.8162 -0.2730 -0.5091
vn -0.6174 -0.5520 -0.5605
vn -0.5431 -0.5810 -0.6062
vn -0.8560 0.5144 0.0518
vn -0.9614 0.2371 -0.1397
vn -0.8713 0.4791 0.1064
vn -0.9805 0.1552 -0.1202
vn -0.3050 -0.7867 -0.5367
vn -0.2074 -0.7905 -0.5762
vn -0.4735 -0.6673 -0.5750
vn -0.4657 -0.7115 -0.5262
vn -0.7969 -0.3691 -0.4783
vn -0.8014 -0.4136 -0.4321
vn -0.9366 -0.0919 -0.3382
vn -0.9424 -0.1395 -0.3040
vn -0.8502 0.4866 0.2012
vn -0.9859 0.1474 -0.0797
vn -0.5251 0.7340 0.4307
vn -0.4988 0.7302 0.4669
vn -0.8643 0.4450 0.2343
vn -0.9946 0.0881 -0.0548
vn -0.3952 -0.8179 -0.4182
vn -0.3204 -0.8074 -0.4955
vn -0.5253 -0.6969 -0.4882
vn -0.6961 -0.5977 -0.3978
vn -0.8405 -0.3753 -0.3907
vn -0.8964 -0.2896 -0.3355
vn -0.9576 -0.1151 -0.2641
vn -0.9616 -0.1209 -0.2464
vn -0.8222 0.5661 0.0594
vn -0.8085 0.5832 0.0782
vn -0.6235 0.7430 0.2433
vn -0.5584 0.7893 0.2553
vn -0.6361 0.7601 0.1326
vn -0.8533 0.5206 -0.0278
vn -0.3028 0.8932 0.3325
vn -0.3176 0.8487 0.4229
vn -0.2155 0.8892 0.4037
vn -0.9592 0.2141 -0.1845
vn -0.9582 0.2476 -0.1432
vn -0.9098 -0.1839 -0.3721
vn -0.9058 -0.1871 -0.3801
vn -0.9548 0.2243 -0.1953
vn -0.8902 -0.1865 -0.4157
vn -0.3437 -0.7582 -0.5541
vn -0.3606 -0.7704 -0.5258
vn -0.5655 -0.6470 -0.5115
vn -0.5646 -0.6047 -0.5617
vn -0.5898 -0.6378 -0.4954
vn -0.4443 -0.7226 -0.5296
vn 0.0943 0.2150 0.9720
vn 0.1185 0.2228 0.9676
vn 0.1437 0.1973 0.9698
vn 0.0912 0.1274 0.9877
vn 0.3348 0.6413 0.6904
vn 0.2529 0.5468 0.7981
vn 0.4023 0.9141 0.0503
vn 0.3308 0.7781 -0.5340
vn 0.2735 0.8447 -0.4601
vn 0.3603 0.8914 0.2751
vn 0.3064 0.6895 -0.6563
vn 0.2126 0.7990 -0.5625
vn 0.2412 0.9413 -0.2360
vn 0.3639 0.8867 -0.2853
vn 0.4591 0.4936 0.7386
vn 0.4466 0.5930 0.6699
vn 0.4727 0.5525 0.6866
vn 0.4184 0.3424 0.8413
vn 0.3881 0.5276 0.7556
vn 0.4345 0.5534 0.7106
vn 0.3785 0.5759 0.7246
vn 0.4940 0.5290 0.6900
vn 0.7552 -0.1331 -0.6418
vn 0.8344 -0.3724 -0.4064
vn 0.4836 -0.4877 -0.7268
vn 0.3675 -0.6711 -0.6439
vn -0.0318 -0.9180 0.3953
vn -0.1500 -0.9887 -0.0066
vn 0.2447 -0.9302 0.2735
vn -0.0211 -0.9998 0.0021
vn 0.2793 -0.9471 -0.1579
vn 0.7451 -0.6598 0.0978
vn 0.8355 -0.5479 -0.0419
vn 0.4474 -0.8223 -0.3517
vn 0.4718 -0.8180 0.3290
vn 0.2848 -0.9445 0.1635
vn 0.4658 -0.8753 0.1301
vn -0.0020 -0.9998 -0.0219
vn 0.8181 -0.5578 0.1397
vn 0.3623 -0.8961 -0.2565
vn 0.3929 -0.9186 -0.0426
vn 0.7428 -0.5944 0.3081
vn -0.1561 -0.9369 -0.3128
vn -0.2347 -0.8404 -0.4885
vn 0.2119 -0.9761 -0.0484
vn -0.0456 -0.9948 0.0907
vn 0.0151 -0.0706 -0.9974
vn -0.0716 -0.1547 -0.9854
vn 0.3936 -0.2348 -0.8888
vn 0.4095 0.1258 -0.9036
vn 0.3432 0.9315 0.1207
vn 0.3726 0.9275 0.0291
vn 0.0481 0.8460 -0.5310
vn 0.2108 0.8859 -0.4131
vn 0.7346 0.4926 0.4666
vn 0.6534 0.5289 0.5416
vn -0.0672 0.4520 -0.8895
vn 0.2366 0.3598 -0.9025
vn -0.2034 -0.0012 -0.9791
vn 0.0703 -0.2046 -0.9763
vn 0.8253 -0.4984 0.2655
vn 0.9368 -0.3470 0.0452
vn 0.4546 -0.8260 -0.3332
vn 0.4692 -0.8804 -0.0692
vn 0.8728 0.0095 0.4879
vn 0.8453 0.1527 0.5120
vn 0.7736 0.2053 0.5994
vn 0.7197 0.2348 0.6534
vn 0.8337 0.4997 0.2350
vn 0.7480 0.6004 0.2828
vn 0.8486 0.5016 -0.1680
vn 0.7347 0.6776 -0.0316
vn 0.7442 0.2894 -0.6020
vn 0.8356 0.2150 -0.5056
vn -0.4560 -0.8147 -0.3582
vn -0.3389 -0.8295 -0.4440
vn -0.3525 -0.7272 -0.5890
vn -0.5478 -0.6829 -0.4833
vn -0.3917 -0.6954 -0.6025
vn -0.3863 -0.7716 -0.5055
vn -0.6288 -0.5138 -0.5836
vn -0.4383 -0.5965 -0.6724
vn -0.3569 -0.6571 -0.6640
vn 0.6254 0.5499 0.5536
vn 0.6491 0.5808 0.4913
vn 0.6095 0.6075 0.5094
vn 0.5506 0.5850 0.5955
vn 0.6358 0.6306 0.4451
vn 0.6911 0.5816 0.4291
vn 0.5155 0.7288 0.4507
vn 0.4635 0.6985 0.5452
vn 0.3087 0.6639 0.6811
vn -0.3232 -0.7604 -0.5633
vn -0.3910 -0.7203 -0.5730
vn -0.3416 -0.6418 -0.6866
vn -0.2859 -0.6736 -0.6816
vn -0.1810 -0.7268 -0.6626
vn -0.2280 -0.8108 -0.5391
vn 0.4842 -0.8637 -0.1399
vn 0.5790 -0.8073 -0.1137
vn 0.6965 -0.7163 -0.0438
vn 0.6419 -0.7628 -0.0788
vn 0.6911 -0.7224 0.0203
vn 0.6008 -0.7963 -0.0708
vn 0.6550 -0.7555 0.0146
vn 0.8588 -0.3525 0.3718
vn 0.5045 -0.8491 -0.1562
vn 0.4364 -0.8789 -0.1925
vn 0.6364 -0.7712 0.0183
vn 0.8274 -0.3940 0.4002
vn 0.2610 -0.9544 -0.1449
vn 0.5534 -0.8274 0.0955
vn 0.7161 -0.6324 0.2953
vn 0.6908 -0.0739 0.7192
vn 0.6208 0.3255 0.7132
vn 0.3412 0.4436 0.8288
vn 0.4017 0.5949 0.6963
vn 0.7073 0.3614 0.6075
vn 0.4628 0.6901 0.5564
vn 0.1339 0.4647 0.8753
vn 0.1149 0.3467 0.9309
vn 0.1826 0.3034 0.9352
vn 0.2816 0.4173 0.8640
vn 0.3264 0.3534 0.8767
vn 0.4173 0.4318 0.7996
vn 0.5440 0.5026 0.6719
vn 0.4093 0.5148 0.7533
vn 0.1758 0.5766 0.7979
vn 0.3172 -0.8249 -0.4679
vn -0.0521 -0.7653 -0.6415
vn 0.8239 -0.5604 -0.0841
vn 0.5696 -0.7387 -0.3603
vn 0.1896 -0.7710 -0.6079
vn 0.4515 0.5521 0.7010
vn 0.4633 0.5130 0.7226
vn 0.4595 0.6355 0.6204
vn 0.4097 0.6744 0.6143
vn 0.4823 0.5757 0.6602
vn 0.5236 0.4895 0.6973
vn 0.3795 0.5846 0.7171
vn 0.4461 0.5240 0.7256
vn 0.5020 0.4623 0.7310
vn 0.8538 -0.5178 -0.0532
vn 0.5065 -0.7599 -0.4074
vn 0.8957 -0.4433 0.0358
vn 0.4858 -0.8231 -0.2942
vn 0.7329 -0.6606 0.1631
vn 0.1048 -0.9916 -0.0752
vn 0.3518 -0.9358 -0.0242
vn 0.8475 -0.4844 0.2171
vn 0.8163 -0.5682 0.1040
vn 0.3689 -0.9152 -0.1625
vn 0.4103 0.8658 0.2865
vn 0.3837 0.7871 0.4830
vn 0.5453 0.7019 0.4583
vn 0.5694 0.7526 0.3307
vn -0.4689 -0.6614 -0.5854
vn -0.4601 -0.5545 -0.6935
vn -0.4996 -0.4630 -0.7322
vn -0.5038 -0.6912 -0.5182
vn -0.4203 -0.3872 -0.8206
vn -0.4387 -0.6408 -0.6300
vn 0.8545 0.5177 0.0425
vn 0.8288 0.3782 0.4124
vn 0.6615 0.7325 0.1606
vn 0.5395 0.6524 0.5323
vn 0.7078 0.1681 0.6861
vn 0.3673 0.4841 0.7942
vn 0.1556 -0.7221 -0.6740
vn 0.0789 -0.7310 -0.6778
vn 0.0185 -0.8581 -0.5131
vn 0.0926 -0.8657 -0.4920
vn -0.0779 -0.9615 -0.2636
vn -0.0044 -0.9917 -0.1282
vn 0.2326 0.9507 0.2049
vn 0.3283 0.9233 0.1992
vn 0.4697 0.8203 0.3263
vn 0.3986 0.8661 0.3016
vn 0.3723 0.9089 0.1879
vn 0.2605 0.9650 0.0299
vn -0.2526 -0.8824 -0.3969
vn -0.1970 -0.9004 -0.3878
vn -0.3464 -0.8678 -0.3564
vn -0.2495 -0.8445 -0.4739
vn -0.2194 -0.8443 -0.4890
vn -0.2990 -0.8466 -0.4403
vn -0.3027 -0.8121 -0.4989
vn -0.2168 -0.7612 -0.6112
vn -0.2008 -0.7640 -0.6132
vn 0.0270 -0.8818 -0.4709
vn -0.2804 -0.5514 -0.7857
vn -0.0083 -0.8680 -0.4965
vn -0.1607 -0.6179 -0.7696
vn -0.3095 -0.2080 -0.9279
vn -0.1110 -0.3571 -0.9274
vn 0.5706 0.4535 0.6847
vn 0.6609 0.2410 0.7108
vn 0.5420 0.3107 0.7809
vn 0.5127 0.3500 0.7840
vn 0.4851 0.4147 0.7699
vn 0.6400 0.2796 0.7157
vn 0.4706 0.5404 0.6975
vn 0.5524 0.2449 0.7968
vn 0.5175 0.3457 0.7827
vn 0.2609 0.8437 0.4692
vn 0.2612 0.8022 0.5369
vn 0.2714 0.8423 0.4656
vn 0.2641 0.9641 -0.0279
vn 0.2503 0.9680 0.0176
vn 0.2950 0.9395 0.1739
vn 0.2566 0.9653 0.0484
vn 0.2513 0.9457 0.2063
vn 0.1872 0.9777 0.0947
vn 0.3475 0.9000 0.2631
vn 0.2841 0.9156 0.2844
vn 0.2838 0.9389 0.1949
vn 0.4034 0.8539 0.3288
vn 0.3164 0.8482 0.4249
vn 0.2441 0.9120 0.3296
vn 0.4033 0.8709 0.2810
vn 0.3294 0.8954 0.2996
vn 0.4371 0.7946 0.4214
vn 0.8223 -0.2080 0.5296
vn 0.8853 -0.1417 0.4428
vn 0.6369 0.3027 0.7091
vn 0.6395 0.3532 0.6828
vn 0.9295 -0.0427 0.3662
vn 0.6575 0.4039 0.6360
vn -0.4360 -0.6166 -0.6556
vn -0.3920 -0.6212 -0.6785
vn -0.3858 -0.5733 -0.7228
vn -0.4436 -0.6183 -0.6488
vn -0.4377 -0.6014 -0.6684
vn -0.4092 -0.6513 -0.6390
vn -0.3143 -0.9350 -0.1642
vn -0.3510 -0.9094 -0.2230
vn -0.4171 -0.6899 -0.5916
vn -0.4257 -0.7914 -0.4386
vn -0.3550 -0.9163 -0.1854
vn -0.4282 -0.7387 -0.5205
vn 0.8941 0.2208 -0.3896
vn 0.7858 0.2295 -0.5743
vn 0.3483 -0.5896 -0.7287
vn 0.5697 -0.6040 -0.5573
vn 0.5558 -0.5274 -0.6426
vn 0.9341 0.3494 -0.0728
vn 0.6543 0.6817 0.3274
vn 0.5661 0.8212 0.0718
vn 0.5290 0.8481 -0.0292
vn 0.6243 0.7811 -0.0111
vn 0.8734 0.2932 -0.3888
vn 0.4827 -0.3741 -0.7918
vn 0.2990 0.9411 0.1579
vn 0.2702 0.9325 0.2395
vn 0.3048 0.9452 0.1172
vn 0.3955 0.5979 0.6972
vn 0.4109 0.6203 0.6681
vn 0.4097 0.3202 0.8542
vn 0.3820 0.2207 0.8974
vn -0.2965 -0.9549 0.0138
vn -0.4059 -0.8758 -0.2612
vn -0.4112 -0.9070 -0.0907
vn -0.1918 -0.9165 0.3510
vn -0.3089 -0.9483 -0.0724
vn -0.1015 -0.8960 0.4324
vn -0.1477 -0.9273 0.3440
vn -0.1867 -0.9429 0.2758
vn -0.2447 -0.9689 0.0358
vn 0.8060 0.5205 0.2818
vn 0.2371 -0.4751 -0.8474
vn 0.9117 0.1030 -0.3977
vn 0.3550 -0.5964 -0.7200
vn 0.9602 -0.0109 -0.2792
vn 0.7850 0.4447 0.4313
vn 0.5300 -0.6152 -0.5837
vn 0.9836 -0.1306 -0.1248
vn 0.8729 0.2258 0.4325
vn 0.4543 0.6921 0.5609
vn 0.5430 0.6430 0.5401
vn 0.4244 0.6409 0.6396
vn 0.4988 0.4805 0.7214
vn 0.4155 0.3792 0.8268
vn 0.5959 0.5129 0.6179
vn 0.4207 0.5214 0.7424
vn 0.4764 0.3874 0.7893
vn 0.6152 0.4089 0.6740
vn 0.3035 0.3552 -0.8841
vn 0.4184 0.6370 -0.6475
vn 0.2103 0.9755 -0.0642
vn 0.2019 0.8684 -0.4529
vn 0.2280 -0.2287 -0.9464
vn 0.0546 -0.2235 -0.9732
vn -0.4243 -0.7646 -0.4852
vn -0.5191 -0.6276 -0.5802
vn -0.5303 -0.6099 -0.5889
vn -0.4382 -0.7547 -0.4883
vn -0.5114 -0.7102 -0.4838
vn -0.3952 -0.8069 -0.4389
vn 0.7552 0.4174 0.5054
vn 0.8831 0.2019 0.4235
vn 0.8415 0.1606 0.5159
vn 0.7269 0.3470 0.5926
vn 0.7812 0.2962 0.5495
vn 0.8802 0.2114 0.4250
vn 0.7735 0.3304 0.5409
vn 0.8421 0.1647 0.5136
vn 0.7212 0.3783 0.5803
vn 0.2564 0.7919 0.5542
vn 0.2078 0.7704 0.6027
vn 0.2463 0.8163 0.5225
vn 0.0924 0.4435 0.8915
vn 0.1591 0.4580 0.8746
vn 0.0771 0.3089 0.9480
vn 0.0627 0.3465 0.9359
vn 0.2013 0.4949 0.8453
vn 0.3416 0.6158 0.7100
vn 0.3138 0.8594 -0.4036
vn 0.5688 0.8090 -0.1485
vn 0.4842 0.8747 -0.0230
vn 0.2442 0.9544 -0.1719
vn 0.4648 0.8811 -0.0875
vn 0.6097 0.7901 0.0642
vn 0.3552 0.7353 0.5772
vn 0.2950 0.6803 0.6710
vn 0.4321 0.6325 0.6429
vn 0.4311 0.6956 0.5747
vn 0.3880 0.5577 0.7337
vn 0.2997 0.6026 0.7396
vn 0.3992 0.2938 0.8685
vn 0.4168 0.2183 0.8824
vn 0.3807 0.2253 0.8968
vn 0.4187 0.3305 0.8459
vn 0.3847 0.5374 0.7504
vn 0.4710 0.5726 0.6711
vn -0.3091 -0.8461 -0.4342
vn -0.1929 -0.9164 -0.3506
vn -0.0291 -0.8476 -0.5299
vn -0.1964 -0.7636 -0.6151
vn 0.0000 -0.7279 -0.6857
vn -0.0792 -0.6019 -0.7947
vn -0.3602 -0.9328 -0.0108
vn -0.3940 -0.9144 -0.0933
vn -0.3541 -0.9323 0.0734
vn -0.3691 -0.9289 -0.0285
vn -0.3326 -0.9300 -0.1563
vn -0.3897 -0.8692 -0.3043
vn -0.3025 -0.6445 -0.7022
vn -0.0742 -0.7169 -0.6932
vn -0.0510 -0.7820 -0.6212
vn -0.3365 -0.6984 -0.6317
vn -0.1810 -0.8460 -0.5015
vn -0.3944 -0.7553 -0.5233
vn 0.1616 0.9286 0.3342
vn 0.2562 0.9288 0.2678
vn 0.0876 0.9962 -0.0033
vn -0.0399 0.9911 0.1267
vn 0.5571 0.5478 0.6241
vn 0.4788 0.5303 0.6997
vn 0.5880 0.7284 0.3517
vn 0.5236 0.8393 0.1462
vn 0.4107 0.8632 0.2937
vn 0.6149 0.4812 0.6248
vn 0.4202 0.7665 0.4857
vn 0.3451 0.7634 0.5460
vn 0.4777 0.5771 0.6624
vn 0.4383 0.5271 0.7280
vn 0.4165 0.7830 0.4621
vn 0.5213 0.5281 0.6703
vn 0.6212 0.5224 0.5841
vn 0.0464 0.8792 0.4742
vn 0.0203 0.8217 0.5696
vn 0.1884 0.7879 0.5862
vn 0.3169 0.8269 0.4645
vn 0.0767 0.7154 0.6944
vn 0.1406 0.7100 0.6900
vn 0.1851 0.4059 0.8950
vn 0.1604 0.4607 0.8729
vn 0.1651 0.4159 0.8943
vn 0.0774 0.4843 0.8715
vn 0.1254 0.5425 0.8306
vn 0.2454 0.5207 0.8177
vn 0.4129 0.6596 0.6281
vn 0.0949 0.4558 0.8850
vn 0.1152 0.5593 0.8209
vn 0.5737 0.7716 0.2747
vn 0.6543 0.7560 -0.0192
vn 0.5314 0.7587 0.3768
vn 0.6795 0.7214 -0.1336
vn 0.6769 0.7358 -0.0177
vn 0.4040 0.7546 0.5171
vn 0.6829 0.6873 0.2474
vn 0.7267 0.6254 0.2842
vn 0.4681 0.8471 0.2517
vn 0.4399 0.8590 0.2618
vn 0.1845 0.9730 0.1390
vn 0.1670 0.9621 0.2155
vn 0.3938 0.8126 0.4297
vn 0.2794 0.9255 0.2557
vn 0.3678 0.7126 0.5975
vn 0.4001 0.8086 0.4315
vn 0.3020 0.9207 0.2472
vn 0.3766 0.6226 0.6859
vn 0.4739 0.5341 0.7001
vn 0.3707 0.8060 0.4615
vn 0.3083 0.9175 0.2515
vn 0.4516 0.5143 0.7290
vn 0.4439 0.5341 0.7196
vn 0.4750 0.2829 0.8333
vn 0.4299 0.5171 0.7401
vn 0.4348 0.5530 0.7108
vn 0.5566 0.1930 0.8081
vn 0.4330 0.5037 0.7475
vn 0.4239 0.5090 0.7492
vn 0.0129 -0.8368 -0.5474
vn -0.0463 -0.7728 -0.6329
vn -0.1692 -0.8578 -0.4853
vn -0.1018 -0.8942 -0.4359
vn -0.2656 -0.9385 -0.2208
vn -0.2408 -0.9594 -0.1466
vn -0.3257 -0.9107 -0.2539
vn -0.2154 -0.9532 -0.2124
vn -0.1899 -0.7323 -0.6539
vn -0.0604 -0.7787 -0.6245
vn -0.0144 -0.9923 -0.1230
vn -0.0922 -0.9896 -0.1108
vn 0.0917 -0.8332 -0.5454
vn 0.1989 -0.8931 -0.4035
vn 0.0337 -0.9432 -0.3305
vn -0.0466 -0.4568 -0.8883
vn 0.0307 -0.5523 -0.8331
vn -0.1014 -0.5038 -0.8579
vn -0.2254 -0.7430 -0.6302
vn -0.2725 -0.8424 -0.4648
vn 0.0580 -0.6761 -0.7346
vn -0.2632 -0.7163 -0.6462
vn -0.4032 -0.6940 -0.5965
vn -0.3799 -0.7587 -0.5293
vn -0.3289 -0.8070 -0.4906
vn -0.3585 -0.8275 -0.4322
vn -0.2576 -0.9655 0.0374
vn -0.1414 -0.9634 0.2278
vn -0.3086 -0.7696 -0.5591
vn -0.3918 -0.8424 -0.3699
vn -0.4314 -0.8737 -0.2247
vn -0.4721 -0.8536 -0.2202
vn -0.4126 -0.8286 -0.3784
vn -0.3742 -0.8395 -0.3939
vn -0.3856 -0.7508 -0.5363
vn -0.4067 -0.6633 -0.6283
vn -0.4123 -0.5948 -0.6901
vn -0.2624 -0.9423 -0.2077
vn -0.1715 -0.9186 -0.3560
vn -0.4304 -0.5901 -0.6830
vn -0.3188 -0.6329 -0.7056
vn -0.3434 -0.5699 -0.7465
vn -0.2687 -0.4137 -0.8699
vn -0.2832 -0.8108 -0.5123
vn -0.0869 -0.5468 -0.8327
vn -0.2084 -0.8446 -0.4931
vn -0.2355 -0.8331 -0.5005
vn 0.0551 -0.8139 -0.5784
vn 0.0057 -0.6639 -0.7478
vn 0.1328 -0.5769 -0.8060
vn 0.0518 -0.4214 -0.9054
vn 0.1781 -0.7472 -0.6403
vn -0.3037 -0.3960 -0.8666
vn -0.1138 -0.2235 -0.9680
vn -0.4047 -0.6611 -0.6318
vn -0.4616 -0.6340 -0.6205
vn -0.3660 -0.8135 -0.4520
vn -0.3708 -0.7196 -0.5871
vn -0.1360 -0.9803 -0.1430
vn -0.2401 -0.8419 -0.4833
vn 0.0010 -0.9965 -0.0837
vn -0.2413 -0.8624 -0.4450
vn -0.1526 -0.8105 -0.5655
vn -0.1156 -0.9266 -0.3579
vn -0.0652 -0.8682 -0.4918
vn 0.0133 -0.8426 -0.5384
vn -0.1207 -0.7018 -0.7020
vn -0.1053 -0.7026 -0.7038
vn -0.0324 -0.7183 -0.6950
vn -0.3978 -0.6762 -0.6201
vn -0.4736 -0.5972 -0.6473
vn -0.3079 -0.6235 -0.7187
vn -0.2432 -0.6576 -0.7130
vn -0.5316 -0.5393 -0.6531
vn -0.4503 -0.6669 -0.5937
vn -0.4362 -0.6389 -0.6337
vn -0.3886 -0.5865 -0.7107
vn -0.0939 -0.5825 -0.8074
vn -0.0439 -0.5089 -0.8597
vn -0.4056 -0.6686 -0.6233
vn -0.1190 -0.5218 -0.8447
vn -0.5581 -0.5533 -0.6184
vn -0.4083 -0.7040 -0.5811
vn -0.8264 -0.1662 -0.5380
vn -0.8636 -0.0432 -0.5024
vn -0.6783 -0.4613 -0.5719
vn -0.4106 -0.7090 -0.5734
vn -0.8732 0.3670 -0.3206
vn -0.9000 0.2710 -0.3414
vn -0.7381 0.6676 -0.0974
vn -0.7124 0.6971 -0.0813
vn -0.4122 0.9018 0.1298
vn -0.4279 0.8898 0.1585
vn -0.0882 0.9489 0.3030
vn -0.1606 0.9332 0.3216
vn 0.3305 0.8325 0.4446
vn 0.7302 0.5028 0.4626
vn 0.7425 0.4314 0.5124
vn 0.3079 0.8176 0.4866
vn 0.9131 0.1253 0.3881
vn 0.9098 0.1553 0.3848
vn 0.9084 0.0799 0.4103
vn 0.9069 0.0737 0.4148
vn 0.2228 0.9596 0.1716
vn 0.2846 0.9330 0.2203
vn 0.1861 0.9702 0.1551
vn 0.0023 0.9898 0.1423
vn 0.0843 0.9847 0.1524
vn 0.2152 0.9115 0.3505
vn 0.5120 0.4781 0.7136
vn 0.1231 0.9683 0.2173
vn 0.0242 0.9986 0.0471
vn 0.5714 0.1818 0.8003
vn 0.5330 0.4468 0.7185
vn 0.5530 0.3361 0.7623
vn 0.5670 0.2171 0.7946
vn 0.5078 0.6280 0.5898
vn 0.5798 0.4408 0.6853
vn 0.5937 0.5147 0.6186
vn 0.6248 0.3635 0.6910
vn 0.6248 0.2988 0.7213
vn 0.6331 0.2358 0.7373
vn 0.1606 0.9830 0.0894
vn 0.1177 0.9851 0.1258
vn 0.0879 0.9878 0.1285
vn 0.3038 0.9431 0.1352
vn 0.2213 0.9313 0.2892
vn 0.3445 0.7875 0.5110
vn 0.3241 0.9425 0.0818
vn 0.4659 0.8781 0.1086
vn 0.2968 0.9178 0.2637
vn 0.4005 0.7593 0.5129
vn 0.2246 0.9362 0.2705
vn 0.5263 0.6134 0.5888
vn 0.3138 0.9198 0.2355
vn -0.2089 -0.6251 -0.7521
vn -0.1328 -0.7803 -0.6111
vn -0.2931 -0.7552 -0.5863
vn -0.3505 -0.6308 -0.6923
vn 0.1939 -0.8528 -0.4850
vn -0.0384 -0.8708 -0.4901
vn -0.3246 -0.8080 -0.4917
vn -0.4477 -0.7036 -0.5518
vn -0.4988 -0.5856 -0.6390
vn -0.0059 0.9313 0.3642
vn 0.0864 0.9605 0.2645
vn -0.0841 0.8846 0.4587
vn 0.1658 0.9234 0.3462
vn 0.2066 0.9476 0.2435
vn 0.2032 0.8146 0.5432
vn 0.3472 0.6333 0.6917
vn 0.5273 0.7822 0.3319
vn 0.3566 0.8727 0.3336
vn 0.3556 0.9001 0.2519
vn 0.5169 0.8129 0.2684
vn 0.3357 -0.8799 -0.3362
vn 0.1773 -0.8437 -0.5066
vn 0.4764 -0.8549 -0.2054
vn 0.2408 -0.8963 -0.3723
vn 0.0116 -0.7858 -0.6183
vn -0.0387 -0.8721 -0.4877
vn 0.0862 0.6425 0.7615
vn 0.2009 0.6121 0.7648
vn 0.2870 0.5231 0.8025
vn 0.5094 0.5404 0.6697
vn 0.4080 0.5856 0.7004
vn 0.3912 0.5179 0.7607
vn -0.4143 -0.6214 -0.6650
vn -0.2658 -0.6597 -0.7030
vn -0.0866 -0.7152 -0.6936
vn -0.3818 -0.8747 -0.2985
vn -0.4059 -0.8749 -0.2643
vn -0.3732 -0.8992 -0.2286
vn 0.5201 0.8212 0.2348
vn 0.3886 0.9099 0.1455
vn 0.2560 0.9619 0.0960
vn -0.4106 -0.7811 -0.4704
vn -0.3958 -0.8732 -0.2844
vn -0.2292 -0.9525 -0.2005
vn -0.5258 0.0250 -0.8503
vn -0.3964 -0.0405 -0.9172
vn -0.4349 -0.2746 -0.8576
vn -0.3051 -0.2723 -0.9126
vn -0.1636 0.2923 0.9422
vn -0.5718 0.0159 0.8202
vn -0.1958 0.5110 0.8370
vn -0.6529 0.2363 0.7196
vn -0.8472 -0.4538 -0.2761
vn -0.8412 -0.5352 -0.0769
vn -0.8382 -0.3592 0.4103
vn -0.9469 -0.1716 0.2720
vn -0.1708 0.7778 0.6048
vn -0.6725 0.5771 0.4634
vn -0.1542 0.9389 0.3078
vn -0.5528 0.8052 0.2148
vn -0.9730 0.2270 -0.0417
vn -0.7246 0.6170 -0.3071
vn -0.6253 0.1843 -0.7583
vn -0.8155 -0.1847 -0.5485
vn -0.2890 0.5946 -0.7503
vn -0.1945 0.9492 -0.2473
vn -0.4287 -0.1701 -0.8873
vn -0.2745 -0.0045 -0.9616
vn -0.5448 -0.3633 -0.7558
vn -0.6298 -0.4610 -0.6251
vn -0.7163 -0.5125 -0.4736
vn 0.5433 0.7175 0.4360
vn 0.6356 0.6196 0.4606
vn 0.7523 0.4690 0.4627
vn 0.6725 0.5936 0.4421
vn 0.7131 0.5305 0.4582
vn 0.7348 0.4682 0.4908
vn 0.9075 0.2531 0.3353
vn 0.7740 0.4544 0.4409
vn 0.7748 0.4657 0.4275
vn 0.8805 0.3451 0.3250
vn 0.5685 0.7191 0.3996
vn 0.6372 0.6546 0.4069
vn 0.5453 0.7380 0.3975
vn 0.5850 0.7027 0.4050
vn 0.6973 0.5830 0.4169
vn 0.6401 0.6552 0.4013
vn 0.7067 0.5937 0.3848
vn 0.7405 0.5237 0.4213
vn 0.7708 0.5220 0.3652
vn 0.7581 0.5294 0.3808
vn 0.5247 0.7377 0.4248
vn 0.4520 0.6858 0.5704
vn 0.3703 0.7748 0.5124
vn 0.3395 0.8447 0.4139
vn 0.3560 0.7392 0.5717
vn 0.4549 0.6612 0.5965
vn 0.6953 0.4550 0.5563
vn 0.7152 0.4179 0.5602
vn 0.7047 0.4059 0.5820
vn 0.6465 0.4577 0.6104
vn 0.8367 0.2869 0.4665
vn 0.7534 0.3836 0.5341
vn 0.5318 0.5876 0.6098
vn 0.5353 0.5811 0.6130
vn 0.6165 0.6175 0.4885
vn 0.6703 0.5183 0.5311
vn 0.5769 0.5164 0.6328
vn 0.5936 0.5145 0.6187
vn 0.6104 0.4744 0.6343
vn 0.6782 0.4901 0.5476
vn 0.6649 0.4532 0.5937
vn 0.3181 0.8913 0.3230
vn 0.3940 0.9007 0.1830
vn 0.5316 0.7747 0.3424
vn 0.5085 0.7700 0.3855
vn 0.7511 0.4150 0.5135
vn 0.8243 0.2847 0.4894
vn 0.8303 0.3725 0.4146
vn 0.7821 0.4566 0.4241
vn 0.6725 0.5381 0.5082
vn 0.6827 0.5167 0.5166
vn 0.7367 0.5149 0.4384
vn 0.7075 0.5330 0.4642
vn 0.6514 0.6118 0.4487
vn 0.6604 0.5864 0.4691
vn 0.5592 0.7719 0.3025
vn 0.4008 0.9053 0.1409
vn 0.4133 0.9105 0.0127
vn 0.6619 0.7309 0.1661
vn 0.7075 0.5606 0.4303
vn 0.7148 0.5267 0.4601
vn 0.8692 0.4933 -0.0347
vn 0.8873 0.4596 -0.0371
vn 0.4025 0.6472 -0.6474
vn 0.6674 0.3121 -0.6762
vn -0.1389 -0.4416 -0.8864
vn 0.0989 -0.3778 -0.9206
vn 0.5830 0.0138 -0.8123
vn 0.5531 0.1095 -0.8259
vn 0.0148 -0.3589 -0.9333
vn -0.1728 -0.2862 -0.9425
vn -0.3596 -0.7577 -0.5446
vn -0.1203 -0.6016 -0.7897
vn -0.2807 -0.7626 -0.5828
vn -0.2613 -0.7029 -0.6615
vn -0.6424 -0.4165 -0.6433
vn -0.5418 -0.4296 -0.7225
vn -0.3152 -0.4749 -0.8217
vn -0.5088 -0.5126 -0.6917
vn -0.4482 -0.7019 -0.5536
vn -0.4101 -0.7056 -0.5778
vn -0.5037 -0.6255 -0.5958
vn -0.5459 -0.6252 -0.5577
vn -0.3493 -0.7220 -0.5973
vn -0.4840 -0.6217 -0.6158
vn -0.2883 -0.8079 -0.5140
vn -0.4284 -0.7534 -0.4988
vn -0.3870 -0.8271 -0.4076
vn -0.5380 -0.7349 -0.4129
vn -0.6528 -0.5268 -0.5443
vn -0.6995 -0.5316 -0.4776
vn -0.7135 -0.4769 -0.5132
vn -0.7164 -0.4226 -0.5551
vn -0.6487 -0.4655 -0.6021
vn -0.6373 -0.5492 -0.5405
vn -0.6190 -0.4828 -0.6195
vn -0.5459 -0.6330 -0.5489
vn -0.5853 -0.6050 -0.5398
vn -0.6234 -0.5429 -0.5627
vn -0.6611 -0.5302 -0.5308
vn -0.3767 -0.8073 -0.4542
vn -0.5055 -0.6956 -0.5104
vn -0.4016 -0.8041 -0.4383
vn -0.5507 -0.6688 -0.4994
vn -0.6284 -0.5534 -0.5467
vn -0.6445 -0.5476 -0.5337
vn -0.6702 -0.5099 -0.5393
vn -0.6545 -0.4851 -0.5800
vn -0.6340 -0.5091 -0.5821
vn -0.6734 -0.5079 -0.5372
vn -0.5779 -0.6974 -0.4239
vn -0.5562 -0.6911 -0.4615
vn -0.4481 -0.7961 -0.4068
vn -0.4622 -0.7973 -0.3882
vn -0.3825 -0.8445 -0.3748
vn -0.3791 -0.8564 -0.3505
vn -0.6542 -0.5637 -0.5042
vn -0.6735 -0.5898 -0.4456
vn -0.6971 -0.5436 -0.4676
vn -0.6779 -0.5201 -0.5195
vn -0.4805 -0.7295 -0.4868
vn -0.3892 -0.7540 -0.5291
vn -0.4264 -0.7782 -0.4610
vn -0.6198 -0.6302 -0.4678
vn -0.6218 -0.6398 -0.4516
vn -0.4556 -0.7320 -0.5065
vn -0.5281 -0.7032 -0.4759
vn -0.4897 -0.7187 -0.4936
vn -0.4114 -0.7600 -0.5032
vn -0.5477 -0.7091 -0.4440
vn -0.5870 -0.6837 -0.4336
vn -0.4985 -0.7482 -0.4379
vn -0.5009 -0.7002 -0.5088
vn -0.5538 -0.6341 -0.5396
vn -0.4943 -0.7393 -0.4572
vn -0.2348 -0.8103 -0.5369
vn 0.7092 0.5662 -0.4201
vn 0.7551 0.6534 0.0544
vn 0.6977 0.7137 0.0620
vn 0.7257 0.6161 -0.3061
vn 0.6636 0.6524 -0.3661
vn 0.6779 0.7147 0.1722
vn 0.7216 0.6635 0.1976
vn 0.6951 0.6814 0.2294
vn 0.7332 0.6647 0.1438
vn 0.4145 0.7779 -0.4724
vn 0.3612 0.9185 -0.1610
vn 0.2581 0.8072 0.5308
vn 0.2594 0.9256 -0.2755
vn 0.3107 0.8779 0.3643
vn 0.3834 0.7902 0.4781
vn 0.2391 0.7900 0.5646
vn 0.2004 0.9153 0.3494
vn 0.0511 0.8708 0.4889
vn 0.4833 0.7617 -0.4316
vn 0.5055 0.1719 -0.8455
vn 0.1085 0.7326 -0.6720
vn 0.0349 0.9925 0.1172
vn -0.1121 0.9769 0.1820
vn 0.4698 0.7607 -0.4479
vn -0.2512 0.8967 0.3645
vn -0.3363 0.8555 0.3936
vn -0.0371 0.9975 -0.0600
vn 0.4948 0.6498 -0.5771
vn -0.2669 0.8188 0.5082
vn 0.1022 0.9948 -0.0043
vn 0.0557 0.9940 -0.0940
vn -0.5779 0.7367 0.3510
vn 0.6391 0.5681 -0.5185
vn 0.5500 0.5963 -0.5847
vn -0.9029 -0.3687 -0.2210
vn -0.8157 -0.4666 -0.3420
vn -0.8941 -0.3022 -0.3306
vn -0.9610 -0.2430 -0.1324
vn -0.7681 -0.5376 -0.3478
vn -0.6826 -0.5303 -0.5029
vn -0.7527 -0.2523 -0.6081
vn -0.5150 0.1374 -0.8461
vn -0.5765 -0.0359 -0.8163
vn -0.8922 -0.2203 -0.3943
vn -0.1397 -0.2550 -0.9568
vn -0.1622 0.1231 -0.9791
vn -0.9385 -0.2657 -0.2203
vn -0.8500 -0.3947 -0.3489
vn -0.9977 -0.0171 -0.0654
vn -0.9883 -0.0464 -0.1451
vn -0.8848 -0.3024 -0.3546
vn -0.8498 -0.3576 -0.3873
vn -0.1108 -0.9799 -0.1661
vn -0.0602 -0.9980 0.0209
vn 0.1917 -0.8006 -0.5677
vn 0.1127 -0.6803 -0.7242
vn -0.2864 -0.9580 -0.0147
vn -0.2443 -0.9649 0.0966
vn 0.1917 -0.1993 -0.9610
vn 0.3905 -0.2405 -0.8886
vn 0.2372 -0.3448 -0.9082
vn -0.0170 -0.4066 -0.9134
vn 0.2900 0.5826 0.7592
vn 0.3206 0.4245 0.8468
vn 0.3411 0.6776 0.6515
vn 0.3374 0.6532 0.6779
vn -0.2086 -0.9630 -0.1708
vn -0.1708 -0.9835 -0.0588
vn 0.0082 -0.9981 -0.0613
vn -0.0168 -0.9725 -0.2324
vn -0.2569 -0.9359 -0.2411
vn -0.1371 -0.8963 -0.4218
vn -0.3538 -0.7101 -0.6087
vn -0.2455 -0.6196 -0.7456
vn -0.3339 -0.5624 -0.7565
vn -0.3083 -0.5723 -0.7599
vn 0.4500 0.5311 0.7179
vn 0.3527 0.2031 0.9134
vn 0.5026 0.2445 0.8292
vn 0.5412 0.5105 0.6682
vn 0.5425 0.5355 0.6473
vn 0.4836 0.5511 0.6800
vn 0.4558 0.8506 -0.2620
vn 0.4960 0.8679 0.0264
vn 0.4204 0.8235 -0.3809
vn 0.2964 0.8817 -0.3672
vn 0.3788 0.8925 -0.2448
vn 0.4906 0.8667 0.0904
vn -0.4976 -0.6078 -0.6189
vn -0.3693 -0.8316 -0.4149
vn -0.4374 -0.8195 -0.3704
vn -0.5790 -0.6527 -0.4886
vn -0.8410 0.4983 -0.2106
vn -0.6522 0.7580 0.0059
vn -0.5413 0.8062 -0.2389
vn -0.7663 0.4617 -0.4468
vn -0.2189 0.9754 0.0274
vn -0.3274 0.9166 0.2294
vn 0.3740 0.8870 0.2709
vn 0.2916 0.8480 0.4425
vn 0.7824 0.4521 0.4283
vn 0.8164 0.5210 0.2492
vn 0.9177 0.2372 0.3188
vn 0.9385 0.1546 0.3087
vn 0.9611 0.1790 0.2104
vn 0.9724 0.0358 0.2305
vn 0.9251 0.1670 0.3409
vn 0.8894 0.2408 0.3885
vn 0.8072 0.3823 0.4497
vn 0.8141 0.3958 0.4250
vn 0.7933 0.1139 0.5981
vn 0.7271 0.3532 0.5887
vn 0.7186 0.3849 0.5792
vn 0.7775 0.1948 0.5980
vn 0.6825 0.4811 0.5502
vn 0.6795 0.4509 0.5787
vn 0.4191 0.8907 -0.1758
vn 0.3470 0.9308 -0.1146
vn 0.3839 0.9217 0.0564
vn 0.4830 0.8751 0.0313
vn 0.4277 0.8928 0.1410
vn 0.5196 0.8396 0.1587
vn 0.4232 0.9060 0.0074
vn 0.4189 0.9013 -0.1103
vn 0.6225 0.6505 0.4351
vn 0.6340 0.6497 0.4194
vn 0.5892 0.6869 0.4255
vn 0.5940 0.6940 0.4068
vn 0.5527 0.7184 0.4223
vn 0.5464 0.7501 0.3725
vn 0.5087 0.7514 0.4202
vn 0.4307 0.8305 0.3531
vn 0.6121 0.7143 0.3393
vn 0.5858 0.7264 0.3594
vn 0.6285 0.6117 0.4805
vn 0.6272 0.6108 0.4832
vn 0.5064 0.8267 0.2451
vn 0.5809 0.7775 0.2409
vn 0.4679 0.7387 0.4851
vn 0.3633 0.7886 0.4962
vn 0.5029 0.7143 0.4867
vn 0.4137 0.7358 0.5362
vn -0.3596 -0.8455 -0.3948
vn -0.3977 -0.8535 -0.3368
vn -0.3338 -0.6738 -0.6592
vn -0.3454 -0.6782 -0.6486
vn -0.4935 -0.6267 -0.6030
vn -0.4274 -0.6458 -0.6326
vn -0.5195 -0.6780 -0.5200
vn -0.5654 -0.6542 -0.5024
vn -0.4103 -0.6507 -0.6389
vn -0.3697 -0.6651 -0.6488
vn -0.3707 -0.6602 -0.6532
vn -0.4606 -0.6975 -0.5490
vn -0.4015 -0.8952 0.1934
vn -0.2886 -0.9416 0.1736
vn -0.4304 -0.8442 -0.3194
vn -0.4458 -0.8254 -0.3464
vn -0.4456 -0.6622 -0.6024
vn -0.4309 -0.8237 -0.3686
vn -0.4537 -0.8779 0.1530
vn -0.3627 -0.6448 -0.6728
vn -0.4327 -0.6976 -0.5710
vn -0.5282 -0.6208 -0.5793
vn -0.5761 -0.6469 -0.4996
vn -0.5731 -0.7023 -0.4222
vn -0.5728 -0.7160 -0.3991
vn -0.5573 -0.7236 -0.4073
vn -0.5722 -0.6998 -0.4275
vn -0.4764 -0.7588 -0.4442
vn -0.4245 -0.7790 -0.4615
vn -0.4203 -0.7648 -0.4884
vn -0.4514 -0.6638 -0.5964
vn -0.4164 -0.7234 -0.5508
vn -0.3814 -0.7926 -0.4757
vn -0.3599 0.0074 -0.9330
vn 0.5903 0.6618 0.4622
vn 0.6615 0.6108 0.4351
vn 0.6548 0.5818 0.4825
vn 0.6457 0.5735 0.5042
vn 0.6323 0.5481 0.5475
vn 0.6157 0.5823 0.5309
vn 0.4319 0.7051 0.5624
vn 0.5062 0.6913 0.5156
vn 0.6038 0.5954 0.5300
vn 0.4725 0.6988 0.5370
vn 0.5604 0.6600 0.5003
vn 0.4502 0.7539 0.4786
vn 0.3733 0.7931 0.4814
vn 0.3547 0.7822 0.5122
vn 0.4062 0.7151 0.5689
vn 0.4787 0.6857 0.5483
vn 0.4230 0.7290 0.5381
vn 0.5256 0.6116 0.5913
vn 0.3896 0.6107 0.6894
vn 0.4134 0.6657 0.6212
vn 0.4085 0.6613 0.6291
vn 0.3323 0.6623 0.6716
vn 0.3703 0.7516 0.5459
vn 0.3236 0.4167 0.8495
vn 0.1847 0.3981 0.8986
vn 0.4348 0.4785 0.7629
vn 0.1646 0.4577 0.8737
vn -0.1309 0.2199 0.9667
vn 0.0701 0.3734 0.9250
vn 0.3800 0.5904 0.7121
vn 0.5645 0.5386 0.6255
vn -0.3249 -0.5768 -0.7495
vn -0.3383 -0.5745 -0.7453
vn -0.3211 -0.6297 -0.7074
vn -0.3235 -0.6348 -0.7017
vn 0.3641 0.6322 0.6839
vn 0.2453 0.5599 0.7914
vn -0.3462 -0.6909 -0.6347
vn -0.3820 -0.7546 -0.5335
vn -0.4159 -0.7562 -0.5052
vn -0.3497 -0.7044 -0.6177
vn -0.4467 -0.6825 -0.5785
vn -0.4579 -0.6027 -0.6534
vn -0.4544 -0.7567 -0.4701
vn -0.4048 -0.7706 -0.4922
vn -0.4456 -0.6750 -0.5881
vn -0.4723 -0.5921 -0.6530
vn 0.5507 0.5582 0.6206
vn 0.5098 0.5411 0.6688
vn 0.5700 0.5988 0.5625
vn 0.5567 0.5597 0.6138
vn -0.4417 -0.6669 -0.6001
vn -0.4043 -0.7630 -0.5044
vn -0.4630 -0.5873 -0.6639
vn 0.5880 0.5995 0.5431
vn 0.5865 0.5841 0.5610
vn 0.6040 0.6246 0.4951
vn 0.5854 0.6295 0.5109
vn 0.5710 0.5931 0.5676
vn 0.5578 0.5303 0.6385
vn 0.5491 0.6564 0.5173
vn 0.5133 0.6853 0.5167
vn 0.5559 0.6076 0.5673
vn 0.5501 0.5315 0.6442
vn 0.5137 0.6329 0.5792
vn 0.4872 0.7101 0.5083
vn 0.4927 0.5580 0.6677
vn -0.4165 -0.8126 -0.4078
vn -0.4970 -0.7735 -0.3932
vn -0.3696 -0.8537 -0.3669
vn -0.4611 -0.8060 -0.3711
vn -0.3580 -0.8183 -0.4497
vn -0.4521 -0.7883 -0.4173
vn -0.3607 -0.8384 -0.4085
vn -0.3070 -0.8481 -0.4319
vn -0.3740 -0.8186 -0.4359
vn -0.3892 -0.8058 -0.4464
vn 0.5895 0.6546 0.4733
vn 0.5603 0.6451 0.5195
vn 0.5448 0.6796 0.4912
vn 0.5897 0.6637 0.4602
vn 0.5146 0.7340 0.4432
vn 0.4920 0.7253 0.4816
vn 0.5391 0.6994 0.4693
vn 0.5229 0.7197 0.4566
vn -0.2753 -0.8424 -0.4633
vn -0.2935 -0.5911 -0.7513
vn -0.0769 -0.8095 -0.5820
vn -0.0960 -0.5347 -0.8396
vn 0.4607 0.7456 0.4816
vn 0.4592 0.7600 0.4599
vn -0.3044 -0.6097 -0.7318
vn -0.3619 -0.8089 -0.4635
vn -0.2028 -0.5027 -0.8403
vn -0.4182 -0.6431 -0.6415
vn -0.6140 -0.2890 -0.7345
vn -0.6014 -0.1300 -0.7883
vn -0.4337 -0.2034 -0.8778
vn -0.3556 -0.4276 -0.8311
vn -0.5622 -0.3768 -0.7362
vn -0.5665 -0.4115 -0.7139
vn 0.4803 0.8762 -0.0395
vn 0.4787 0.7780 0.4068
vn 0.3958 0.7793 0.4859
vn 0.3825 0.9236 -0.0256
vn -0.6055 -0.1935 -0.7720
vn -0.6113 -0.2414 -0.7537
vn -0.5731 -0.5570 -0.6010
vn -0.4687 -0.8454 0.2562
vn -0.3300 -0.9127 0.2408
vn -0.5414 -0.8164 0.2009
vn -0.5066 -0.8266 -0.2451
vn -0.6008 -0.7421 -0.2972
vn -0.2418 -0.9210 -0.3056
vn 0.3714 0.4162 0.8300
vn 0.2826 0.4936 0.8225
vn 0.0506 -0.9083 -0.4153
vn -0.1519 -0.9750 0.1619
vn -0.3146 -0.2540 -0.9146
vn -0.4745 -0.6913 -0.5450
vn -0.4441 -0.2647 -0.8560
vn -0.2584 -0.3642 -0.8947
vn 0.0077 -0.0193 -0.9998
vn 0.1491 -0.4320 -0.8895
vn 0.3366 -0.0682 -0.9392
vn -0.4919 -0.8699 0.0370
vn -0.1901 -0.7932 -0.5786
vn -0.3068 -0.8676 -0.3913
vn -0.3009 -0.8765 -0.3758
vn -0.2186 -0.8307 -0.5119
vn -0.3513 -0.8677 -0.3516
vn -0.3518 -0.8201 -0.4514
vn 0.4091 -0.2159 -0.8866
vn 0.4156 -0.3455 -0.8414
vn -0.3431 -0.8543 -0.3904
vn -0.2829 -0.7520 -0.5954
vn -0.2855 -0.7706 -0.5698
vn -0.3925 -0.8203 -0.4160
vn -0.0986 -0.7241 -0.6826
vn 0.1008 -0.5934 -0.7986
vn 0.1317 -0.4267 -0.8948
vn -0.2859 -0.8912 -0.3522
vn -0.0845 -0.3543 -0.9313
vn 0.5077 0.8493 0.1446
vn 0.4806 0.8671 0.1309
vn 0.4972 0.8219 0.2779
vn 0.5206 0.7801 0.3469
vn 0.5410 0.7065 0.4564
vn 0.5169 0.7414 0.4280
vn -0.5955 -0.5340 -0.6002
vn -0.7467 -0.2475 -0.6175
vn -0.5666 -0.2501 -0.7851
vn -0.4309 -0.4911 -0.7570
vn -0.5961 -0.3822 -0.7061
vn -0.7840 -0.2494 -0.5684
vn -0.5733 -0.3570 -0.7375
vn -0.5013 -0.5135 -0.6964
vn 0.0286 -0.9936 -0.1092
vn -0.0678 -0.9948 -0.0766
vn -0.3884 -0.9037 -0.1800
vn -0.2489 -0.8915 -0.3786
vn -0.7505 -0.5497 -0.3670
vn -0.3474 -0.8937 -0.2839
vn -0.5974 -0.6132 -0.5167
vn -0.1139 -0.9912 -0.0673
vn -0.0883 -0.9729 -0.2136
vn -0.3007 -0.8309 -0.4681
vn 0.0399 -0.9688 -0.2447
vn -0.1538 -0.8263 -0.5419
vn -0.6668 -0.4613 -0.5853
vn -0.8728 -0.2549 -0.4163
vn -0.8433 -0.2723 -0.4634
vn 0.2372 0.9426 0.2350
vn 0.6312 0.6119 0.4765
vn 0.0564 0.9911 0.1202
vn 0.1693 0.9853 0.0228
vn 0.3021 0.9530 0.0231
vn 0.6772 0.6631 0.3188
vn 0.7960 0.2085 0.5682
vn 0.8408 0.1820 0.5098
vn 0.4549 0.8063 0.3782
vn 0.5053 0.7613 0.4063
vn 0.4887 0.7316 0.4752
vn 0.4699 0.7950 0.3837
vn 0.5248 0.6814 0.5102
vn 0.5667 0.7308 0.3806
vn 0.4301 0.8721 0.2334
vn 0.4643 0.8230 0.3274
vn 0.4625 0.7833 0.4154
vn 0.3909 0.8767 0.2804
vn 0.1749 0.9844 -0.0212
vn 0.3294 0.9302 -0.1619
vn 0.3851 0.9229 0.0008
vn 0.3692 0.9176 0.1470
vn 0.5085 0.8345 0.2122
vn 0.4764 0.8380 0.2659
vn 0.5228 0.7992 0.2965
vn 0.5513 0.7753 0.3082
vn 0.4840 0.8228 0.2978
vn 0.6012 0.7316 0.3214
vn 0.5649 0.7505 0.3430
vn 0.4364 0.8519 0.2894
vn 0.2881 0.9456 0.1511
vn 0.4322 0.3945 0.8109
vn 0.3928 0.5021 0.7705
vn 0.3714 0.5734 0.7303
vn 0.4181 0.5183 0.7460
vn 0.5537 0.7878 0.2697
vn 0.5849 0.7384 0.3356
vn 0.5414 0.4896 0.6835
vn 0.4585 0.4511 0.7657
vn 0.5430 0.4551 0.7057
vn 0.4625 0.3586 0.8109
vn 0.4596 0.4354 0.7740
vn 0.4806 0.2251 0.8476
vn 0.4448 0.1250 0.8869
vn 0.4556 0.3338 0.8252
vn 0.4376 -0.0663 0.8967
vn 0.3068 -0.0413 0.9509
vn 0.3782 0.1805 0.9080
vn 0.4821 0.4632 0.7437
vn -0.4388 -0.5534 -0.7080
vn -0.4570 -0.5453 -0.7027
vn -0.4604 -0.5929 -0.6607
vn -0.4347 -0.5862 -0.6837
vn 0.3708 0.3790 0.8479
vn 0.2376 0.0877 0.9674
vn -0.4561 -0.5587 -0.6927
vn -0.4388 -0.6037 -0.6656
vn -0.4860 -0.5490 -0.6799
vn -0.5154 -0.6029 -0.6090
vn -0.4328 -0.6283 -0.6465
vn -0.4577 -0.7809 -0.4252
vn -0.4136 -0.8833 -0.2207
vn -0.4579 -0.6442 -0.6127
vn -0.5268 -0.8324 -0.1717
vn -0.5383 -0.6922 -0.4807
vn -0.5148 -0.7434 -0.4271
vn -0.4419 -0.8859 -0.1413
vn -0.5080 -0.5631 -0.6518
vn -0.4784 -0.5354 -0.6961
vn -0.4738 -0.7687 -0.4296
vn -0.5176 -0.7403 -0.4290
vn -0.5867 -0.7295 -0.3516
vn -0.5310 -0.7791 -0.3333
vn -0.5752 -0.6582 -0.4857
vn -0.6428 -0.6488 -0.4072
vn -0.6434 -0.6378 -0.4234
vn -0.6125 -0.7259 -0.3129
vn -0.5584 -0.7863 -0.2644
vn -0.1855 -0.9395 -0.2879
vn -0.3572 -0.7275 -0.5858
vn -0.5262 -0.7382 -0.4221
vn -0.5233 -0.7398 -0.4230
vn -0.5654 -0.6541 -0.5025
vn -0.4300 -0.8596 -0.2761
vn -0.4910 -0.8348 -0.2491
vn -0.5246 -0.7660 -0.3714
vn -0.5531 -0.6853 -0.4737
vn -0.4909 -0.6851 -0.5382
vn -0.5715 -0.7568 -0.3173
vn -0.6430 -0.6312 -0.4337
vn 0.3430 0.9391 0.0222
vn 0.2767 0.9581 0.0736
vn 0.4784 0.7938 0.3755
vn 0.3443 0.8277 0.4432
vn -0.5312 -0.6951 -0.4844
vn 0.5265 0.3246 0.7858
vn 0.4695 0.7907 0.3928
vn 0.3721 0.8397 0.3955
vn 0.4184 0.3388 0.8427
vn 0.4848 0.1809 0.8557
vn 0.3015 0.2237 0.9269
vn 0.2914 0.2827 0.9139
vn 0.3267 0.8630 0.3853
vn 0.1913 0.9782 0.0813
vn 0.1955 0.9728 0.1241
vn -0.5333 -0.7219 -0.4409
vn -0.5423 -0.5930 -0.5952
vn -0.4107 -0.9118 0.0020
vn -0.3977 -0.9149 -0.0694
vn 0.3790 0.9250 0.0287
vn -0.2978 -0.7938 -0.5303
vn -0.1897 -0.9688 -0.1594
vn -0.4768 -0.8772 -0.0561
vn -0.5742 -0.7027 -0.4200
vn -0.2844 -0.9473 0.1476
vn -0.4273 -0.9014 -0.0697
vn -0.4205 -0.9066 0.0364
vn -0.4472 -0.8926 0.0573
vn -0.4279 -0.9022 -0.0543
vn -0.5656 -0.6506 -0.5069
vn -0.2433 -0.9131 -0.3272
vn -0.2170 -0.8853 -0.4112
vn -0.2634 -0.8768 -0.4022
vn -0.5280 -0.5917 -0.6092
vn -0.5167 -0.6260 -0.5840
vn -0.5544 -0.6915 -0.4631
vn -0.1057 -0.9944 -0.0074
vn -0.2604 -0.9279 -0.2667
vn -0.5269 -0.7384 -0.4210
vn -0.6132 -0.5118 -0.6017
vn -0.6635 -0.5211 -0.5368
vn -0.6130 -0.5702 -0.5469
vn -0.6408 -0.6114 -0.4643
vn -0.6284 -0.6290 -0.4576
vn -0.3662 -0.8535 -0.3708
vn 0.6863 0.4985 0.5295
vn 0.7014 0.4111 0.5822
vn 0.6701 0.4416 0.5966
vn 0.6432 0.5169 0.5649
vn 0.5808 0.6270 0.5191
vn 0.6261 0.6612 0.4133
vn -0.5919 -0.6242 -0.5099
vn 0.6149 0.6275 0.4776
vn 0.6640 0.4521 0.5955
vn 0.6524 0.4496 0.6101
vn 0.6073 0.6457 0.4630
vn 0.6802 0.2633 0.6841
vn 0.6911 0.3011 0.6571
vn 0.6889 0.4575 0.5623
vn 0.6693 0.0296 0.7424
vn 0.6870 -0.0057 0.7266
vn 0.6452 0.6407 0.4163
vn 0.5477 0.7248 0.4179
vn 0.5824 0.7484 0.3174
vn 0.4688 0.8518 0.2338
vn 0.4527 0.8203 0.3494
vn 0.4704 0.8699 0.1482
vn 0.5880 0.7651 0.2623
vn 0.3362 0.9412 0.0339
vn 0.3712 0.9208 0.1197
vn 0.3718 0.8978 0.2361
vn 0.7064 0.2993 0.6414
vn 0.7453 0.0366 0.6657
vn 0.5753 0.7667 0.2850
vn 0.4296 0.8773 0.2141
vn 0.3157 0.9337 0.1688
vn 0.1482 0.9546 0.2584
vn 0.2648 0.9536 0.1431
vn 0.3003 0.8747 0.3804
vn 0.5071 0.6913 0.5148
vn 0.4306 0.7732 0.4656
vn -0.6258 -0.5821 -0.5192
vn -0.5843 -0.6598 -0.4724
vn -0.5259 -0.7244 -0.4458
vn -0.4511 -0.7833 -0.4277
vn -0.5729 -0.7171 -0.3970
vn -0.5782 -0.6983 -0.4219
vn -0.4737 -0.8054 -0.3562
vn -0.4773 -0.8126 -0.3345
vn -0.4398 -0.8363 -0.3275
vn -0.4645 -0.8122 -0.3529
vn -0.6745 -0.5572 -0.4843
vn -0.6833 -0.5518 -0.4782
vn -0.4688 -0.7944 -0.3862
vn -0.5372 -0.7389 -0.4066
vn -0.4851 -0.7771 -0.4009
vn -0.4592 -0.7907 -0.4050
vn -0.5477 -0.7280 -0.4123
vn -0.5703 -0.7298 -0.3769
vn -0.4722 -0.8084 -0.3514
vn -0.5365 -0.6790 -0.5011
vn -0.3897 -0.5039 -0.7708
vn -0.4360 -0.6633 -0.6082
vn -0.5177 -0.5965 -0.6133
vn -0.3313 -0.6103 -0.7195
vn -0.6422 -0.5111 -0.5713
vn -0.5427 -0.5946 -0.5933
vn -0.4858 -0.7371 -0.4698
vn -0.4439 -0.5503 -0.7072
vn -0.2220 -0.7609 -0.6097
vn -0.2160 -0.8848 -0.4129
vn -0.4604 -0.7411 -0.4888
vn -0.4621 -0.7697 -0.4404
vn -0.6765 -0.5052 -0.5358
vn -0.6669 -0.5568 -0.4953
vn 0.7996 0.4370 0.4118
vn 0.9179 0.2114 0.3358
vn 0.9529 0.1094 0.2827
vn 0.8634 0.3557 0.3578
vn 0.9122 0.2222 0.3444
vn 0.9408 0.1119 0.3200
vn -0.5330 -0.7065 -0.4655
vn -0.2626 -0.8950 -0.3607
vn -0.4522 -0.8237 -0.3420
vn 0.7950 0.4363 0.4215
vn 0.8994 0.2051 0.3860
vn 0.8805 0.2508 0.4022
vn 0.7746 0.4441 0.4503
vn 0.9239 0.0913 0.3717
vn 0.9278 0.0164 0.3727
vn 0.7111 0.5732 0.4071
vn 0.6790 0.5872 0.4407
vn 0.5335 0.6129 0.5829
vn 0.0201 0.7972 0.6033
vn -0.1020 0.8243 0.5569
vn 0.2712 0.7835 0.5591
vn 0.6558 0.5826 0.4801
vn 0.8394 0.3101 0.4463
vn 0.8079 0.4358 0.3966
vn 0.9342 0.1114 0.3388
vn 0.9542 -0.0775 0.2889
vn -0.9198 0.1857 -0.3458
vn -0.7752 0.3308 -0.5381
vn -0.8214 0.0249 -0.5699
vn -0.9013 -0.1373 -0.4109
vn -0.8475 0.1581 -0.5067
vn -0.8501 -0.0411 -0.5250
vn -0.8374 -0.1011 -0.5372
vn -0.8989 -0.2229 -0.3773
vn -0.9209 -0.2602 -0.2902
vn -0.9478 -0.2092 -0.2408
vn -0.9936 0.0640 -0.0928
vn -0.6444 -0.5543 -0.5267
vn -0.6857 -0.3136 -0.6569
vn -0.9120 -0.1259 -0.3903
vn -0.7558 -0.2482 -0.6060
vn -0.8367 -0.3604 -0.4123
vn -0.9309 0.2206 -0.2910
vn 0.7758 0.4617 0.4302
vn 0.7863 0.4877 0.3794
vn 0.7442 0.5656 0.3554
vn 0.7059 0.5498 0.4466
vn 0.7476 0.5346 0.3941
vn 0.7416 0.5798 0.3374
vn -0.8243 -0.4627 -0.3262
vn 0.6969 0.5623 0.4452
vn 0.6813 0.6116 0.4022
vn 0.5869 0.6095 0.5329
vn 0.6359 0.6350 0.4387
vn 0.6558 0.5355 0.5322
vn 0.6671 0.6553 0.3543
vn 0.6891 0.6546 0.3109
vn 0.7372 0.4620 0.4931
vn -0.6824 -0.5431 -0.4892
vn -0.6597 -0.6076 -0.4423
vn -0.6615 -0.5513 -0.5085
vn -0.6593 -0.5473 -0.5155
vn -0.6653 -0.5948 -0.4511
vn -0.6523 -0.6259 -0.4276
vn 0.6628 0.6654 0.3434
vn -0.6634 -0.5905 -0.4596
vn -0.6928 -0.5500 -0.4664
vn -0.5909 -0.6928 -0.4133
vn -0.6141 -0.6685 -0.4196
vn -0.6177 -0.6662 -0.4179
vn -0.6318 -0.6560 -0.4128
vn -0.6303 -0.6194 -0.4681
vn -0.6248 -0.6508 -0.4314
vn -0.6589 -0.5963 -0.4585
vn 0.4075 0.9131 0.0155
vn 0.3529 0.8848 -0.3043
vn 0.3959 0.9171 0.0458
vn 0.5120 0.8196 0.2569
vn 0.2829 0.8581 -0.4286
vn 0.3483 0.7936 -0.4990
vn 0.5315 0.7426 -0.4075
vn 0.5048 0.7568 -0.4152
vn 0.4501 0.8924 -0.0325
vn 0.5017 0.8458 0.1816
vn 0.4972 0.7387 -0.4551
vn 0.6254 0.6617 -0.4136
vn 0.6825 0.7304 -0.0260
vn 0.6310 0.5980 -0.4942
vn 0.4342 0.8924 0.1231
vn 0.0422 0.7884 0.6137
vn 0.0639 0.7707 0.6340
vn 0.2030 0.9691 0.1402
vn 0.1266 0.9801 0.1529
vn 0.2851 0.8981 -0.3349
vn 0.1724 0.9459 -0.2747
vn 0.1417 0.9377 -0.3172
vn 0.1894 0.9754 0.1130
vn 0.1687 0.7893 0.5903
vn -0.0724 0.4546 0.8878
vn -0.0406 0.4697 0.8819
vn 0.1131 0.5597 0.8210
vn 0.1361 0.8294 -0.5418
vn 0.1254 0.8084 -0.5751
vn 0.2266 0.8897 -0.3963
vn 0.3556 0.9220 -0.1531
vn 0.3965 0.8395 0.3716
vn 0.4729 0.7930 0.3841
vn 0.4382 0.7878 0.4329
vn 0.4416 0.8379 0.3208
vn 0.4635 0.8859 0.0204
vn 0.3551 0.7929 -0.4952
vn 0.4602 0.8174 0.3465
vn 0.4201 0.9053 0.0637
vn 0.3036 0.7532 -0.5835
vn 0.4774 0.8662 0.1474
vn 0.4917 0.7909 0.3642
vn 0.2900 0.9567 0.0250
vn 0.2010 0.9757 -0.0867
vn 0.1742 0.9755 -0.1343
vn 0.1000 0.9755 -0.1960
vn 0.7879 0.1262 0.6028
vn 0.6810 0.1030 0.7250
vn 0.6940 0.6344 0.3405
vn 0.6510 0.5752 0.4954
vn 0.2372 0.9202 0.3115
vn -0.0567 0.9984 0.0070
vn 0.5359 0.5023 0.6786
vn 0.3627 0.9307 0.0467
vn 0.0970 0.9927 0.0718
vn 0.3641 0.9289 -0.0679
vn 0.6017 0.1125 0.7908
vn -0.5205 0.7913 -0.3209
vn -0.6984 0.7124 -0.0686
vn -0.1916 0.9394 0.2842
vn -0.1210 0.9926 -0.0081
vn -0.8204 0.5247 0.2270
vn -0.3478 0.7917 0.5023
vn 0.1498 0.7774 0.6109
vn 0.6090 0.5057 0.6110
vn 0.6740 0.4733 0.5673
vn 0.2735 0.8238 0.4965
vn 0.3771 0.8876 0.2644
vn 0.7849 0.5226 0.3329
vn 0.9338 0.1306 0.3331
vn 0.8612 0.1731 0.4779
vn 0.8552 0.2391 0.4599
vn -0.4584 -0.4101 -0.7885
vn -0.1779 -0.2539 -0.9507
vn -0.4105 -0.6047 -0.6825
vn -0.0291 -0.5597 -0.8282
vn -0.3992 -0.7196 -0.5682
vn -0.2060 -0.7774 -0.5944
vn -0.2827 -0.7559 -0.5905
vn -0.3841 -0.7210 -0.5767
vn -0.9210 -0.0814 -0.3809
vn -0.7277 -0.4348 -0.5305
vn -0.7200 -0.4340 -0.5416
vn -0.9018 -0.0530 -0.4288
vn -0.9431 0.2635 -0.2026
vn -0.9265 0.2942 -0.2344
vn -0.7551 0.6538 0.0477
vn -0.7685 0.6376 0.0539
vn -0.4735 0.8329 0.2866
vn -0.4529 0.8525 0.2611
vn -0.1709 0.8952 0.4115
vn -0.1013 0.9348 0.3405
vn 0.7402 0.4598 0.4906
vn 0.3125 0.8409 0.4419
vn 0.2827 0.7958 0.5355
vn 0.7108 0.4178 0.5658
vn 0.8842 0.0566 0.4637
vn 0.9135 0.0849 0.3979
vn 0.8719 0.0794 0.4833
vn 0.8891 0.1270 0.4397
vn 0.6674 0.4858 0.5644
vn 0.7097 0.4050 0.5765
vn 0.8403 0.5216 -0.1477
vn 0.9115 0.4111 -0.0108
vn 0.7681 0.3049 0.5631
vn 0.8587 0.3412 0.3824
vn 0.2664 0.0832 -0.9603
vn 0.5767 -0.0476 -0.8156
vn -0.4028 -0.6634 -0.6306
vn -0.0002 -0.7880 -0.6157
vn -0.0707 -0.7836 -0.6173
vn -0.4055 -0.6853 -0.6049
vn 0.4147 -0.7235 -0.5518
vn 0.2786 -0.6709 -0.6873
vn -0.7357 -0.4082 -0.5405
vn -0.7190 -0.4014 -0.5673
vn -0.9136 -0.0710 -0.4004
vn -0.8899 -0.0669 -0.4512
vn -0.9240 0.3082 -0.2265
vn -0.8975 0.3383 -0.2830
vn -0.7358 0.6771 -0.0087
vn -0.7038 0.7040 -0.0953
vn -0.3864 0.9029 0.1884
vn -0.3610 0.9304 0.0634
vn -0.0254 0.9633 0.2673
vn 0.0721 0.9802 0.1845
vn 0.7730 0.6051 0.1903
vn 0.4653 0.8566 0.2230
vn 0.3425 0.8962 0.2820
vn 0.7531 0.5827 0.3053
vn -0.6060 -0.4052 -0.6845
vn -0.2787 -0.6248 -0.7293
vn -0.8109 -0.0710 -0.5809
vn -0.6141 -0.0224 -0.7889
vn -0.3841 -0.2194 -0.8968
vn -0.0406 -0.3812 -0.9236
vn -0.8253 0.3292 -0.4589
vn -0.5746 0.2687 -0.7730
vn -0.6362 0.7086 -0.3051
vn -0.5042 0.6118 -0.6095
vn 0.9891 -0.1469 0.0094
vn 0.9738 0.1932 0.1198
vn 0.9544 0.1739 0.2426
vn 0.9850 0.0959 0.1435
vn -0.2707 0.9340 -0.2333
vn -0.1329 0.7290 -0.6715
vn 0.1814 0.9711 -0.1549
vn 0.2686 0.7159 -0.6444
vn -0.2176 0.2201 -0.9509
vn 0.2081 0.1598 -0.9650
vn 0.6939 -0.4598 -0.5541
vn 0.3560 -0.4492 -0.8194
vn 0.5607 0.0527 -0.8263
vn 0.7791 -0.0767 -0.6222
vn 0.6197 0.5738 -0.5355
vn 0.8716 0.3242 -0.3677
vn 0.5877 0.8088 -0.0189
vn 0.8457 0.5318 0.0449
vn 0.9210 -0.2431 -0.3044
vn 0.9429 0.0678 -0.3261
vn 0.7066 -0.2666 -0.6555
vn 0.7869 -0.4652 -0.4054
vn 0.1510 -0.7289 -0.6678
vn 0.5220 -0.6784 -0.5170
vn 0.9690 -0.1931 -0.1539
vn 0.9568 -0.2445 -0.1574
vn 0.9804 -0.1958 -0.0217
vn 0.9137 -0.3862 -0.1268
vn 0.8805 -0.3623 -0.3057
vn 0.8539 -0.4558 -0.2512
vn 0.7613 -0.5102 -0.4000
vn 0.9813 0.0137 -0.1918
vn 0.8569 -0.2393 -0.4566
vn 0.9854 0.1655 0.0412
vn 0.0140 -0.8508 -0.5253
vn -0.0834 -0.8479 -0.5236
vn 0.1911 -0.8554 -0.4814
vn 0.1978 -0.8499 -0.4885
vn -0.6556 -0.6537 -0.3780
vn -0.4601 -0.7131 -0.5290
vn -0.2143 -0.8214 -0.5286
vn -0.2578 -0.8146 -0.5197
vn -0.4269 -0.8215 -0.3780
vn -0.2517 -0.5918 -0.7658
vn -0.2119 -0.6391 -0.7393
vn -0.3330 -0.8651 -0.3750
vn -0.2943 -0.6214 -0.7261
vn -0.5133 -0.7646 -0.3897
vn -0.3969 -0.8171 -0.4181
vn -0.4891 -0.7617 -0.4249
vn -0.3189 -0.8546 -0.4097
vn -0.3719 -0.8175 -0.4398
vn -0.3080 -0.8387 -0.4491
vn -0.4769 -0.7655 -0.4320
vn -0.3068 -0.8143 -0.4928
vn -0.3682 -0.8071 -0.4615
vn -0.4780 -0.7646 -0.4324
vn -0.3737 -0.8282 -0.4176
vn -0.4495 -0.7819 -0.4320
vn -0.2874 -0.8748 -0.3901
vn -0.3246 -0.8935 -0.3104
vn -0.3934 -0.8581 -0.3301
vn -0.4512 -0.8191 -0.3542
vn -0.2035 0.1863 -0.9612
vn -0.3226 0.1019 -0.9410
vn -0.3605 -0.6714 -0.6475
vn -0.3100 -0.6173 -0.7231
vn -0.3469 -0.8014 -0.4872
vn -0.3077 -0.8102 -0.4990
vn -0.3504 -0.8288 -0.4363
vn -0.3104 -0.8415 -0.4422
vn -0.3853 -0.8145 -0.4337
vn -0.3677 -0.8573 -0.3604
vn -0.4077 -0.8359 -0.3674
vn -0.3199 -0.8754 -0.3625
vn -0.1568 -0.9220 -0.3540
vn -0.2346 -0.9272 -0.2919
vn 0.0787 -0.9529 -0.2930
vn -0.0814 -0.9595 -0.2697
vn -0.4308 -0.8385 -0.3336
vn -0.3873 -0.8648 -0.3195
vn -0.3302 -0.8922 -0.3081
vn 0.3753 -0.9049 -0.2006
vn 0.1956 -0.9555 -0.2210
vn 0.4065 -0.8957 -0.1800
vn 0.6031 -0.7935 -0.0817
vn 0.5914 -0.8053 -0.0403
vn 0.3728 -0.9054 -0.2032
vn 0.8166 -0.5680 0.1027
vn 0.7838 -0.6000 0.1599
vn 0.8385 -0.2544 -0.4819
vn 0.8889 0.1316 -0.4388
vn 0.6654 -0.7464 -0.0071
vn 0.7747 -0.6188 0.1300
vn 0.6169 -0.7869 -0.0142
vn 0.7775 -0.6028 0.1795
vn 0.4031 -0.8834 -0.2388
vn 0.6466 -0.5624 -0.5154
vn 0.8919 0.2117 0.3997
vn 0.9034 0.0602 0.4245
vn 0.3769 0.8565 0.3527
vn 0.5312 0.7494 0.3951
vn 0.9266 -0.1966 0.3206
vn 0.9568 0.1333 -0.2584
vn 0.7382 0.4532 0.4998
vn 0.9200 -0.0868 0.3823
vn 0.6666 0.6137 0.4232
vn 0.1609 0.9567 0.2425
vn 0.2234 0.9318 0.2860
vn 0.2169 0.9483 0.2316
vn 0.2112 0.9350 0.2850
vn 0.1921 0.9791 0.0666
vn 0.3529 0.8678 0.3499
vn 0.1594 0.8805 0.4464
vn 0.0643 0.9979 0.0041
vn 0.7432 0.6657 0.0676
vn 0.3354 0.7803 0.5278
vn 0.2039 0.8285 0.5215
vn 0.2747 0.8850 0.3758
vn 0.2003 0.8969 0.3943
vn 0.3444 0.8998 0.2679
vn 0.3308 0.8743 0.3552
vn 0.5053 0.8068 0.3062
vn 0.4901 0.7755 0.3980
vn 0.6461 0.6792 0.3482
vn 0.6299 0.7213 0.2880
vn 0.6887 0.6187 0.3780
vn 0.6625 0.6703 0.3343
vn 0.5613 0.8274 0.0179
vn 0.3893 0.7577 -0.5237
vn 0.2130 0.9207 -0.3271
vn 0.3302 0.9044 0.2701
vn 0.3366 0.7673 0.5459
vn 0.5541 0.7115 0.4321
vn 0.3198 0.8206 0.4737
vn 0.5062 0.7384 0.4456
vn 0.6903 0.6466 0.3247
vn 0.6887 0.7245 -0.0284
vn 0.5109 0.6613 -0.5493
vn 0.6336 0.6881 0.3535
vn 0.6020 0.7046 0.3757
vn 0.6064 0.7244 0.3279
vn 0.6369 0.6844 0.3549
vn 0.6537 0.7147 0.2488
vn 0.6450 0.6795 0.3497
vn 0.6484 0.6327 0.4233
vn 0.6135 0.6904 0.3835
vn 0.5417 0.7014 0.4632
vn 0.5230 0.7477 0.4091
vn 0.6254 0.7328 0.2681
vn 0.6482 0.6822 0.3383
vn 0.6156 0.7027 0.3568
vn 0.5687 0.7536 0.3298
vn 0.7032 0.6882 0.1788
vn 0.6957 0.6635 0.2752
vn 0.6718 0.6166 0.4105
vn 0.5600 0.6742 0.4815
vn 0.4748 0.7019 0.5309
vn 0.6759 0.6032 0.4235
vn 0.1154 0.8004 0.5882
vn 0.0228 0.8062 0.5911
vn -0.0340 0.7842 0.6196
vn 0.3532 0.7386 0.5742
vn 0.4196 0.7155 0.5586
vn -0.0162 0.8255 0.5642
vn 0.6368 0.6457 0.4214
vn 0.5682 0.7062 0.4224
vn -0.0468 0.8030 0.5942
vn 0.2776 0.7838 0.5556
vn 0.4794 0.7600 0.4389
vn -0.4510 0.7331 0.5091
vn -0.4469 0.7360 0.5085
vn -0.4429 0.7276 0.5238
vn -0.3772 0.8561 0.3532
vn -0.3516 0.8366 0.4201
vn -0.3658 0.7827 0.5036
vn -0.3805 0.7613 0.5250
vn -0.3700 0.8731 0.3174
vn -0.7459 0.5739 0.3381
vn -0.6677 0.6150 0.4195
vn -0.9924 -0.0619 -0.1068
vn -0.9910 -0.0203 -0.1326
vn -0.3509 0.8212 0.4499
vn -0.3356 0.7928 0.5087
vn -0.1944 0.8307 0.5216
vn -0.1581 0.8008 0.5777
vn -0.6772 0.6763 0.2899
vn -0.2942 0.8269 0.4793
vn -0.2568 0.8523 0.4556
vn -0.7248 0.6181 0.3043
vn -0.6292 0.7117 0.3125
vn -0.2909 0.8159 0.4997
vn -0.7621 0.6462 -0.0398
vn -0.7353 0.2688 -0.6221
vn -0.9411 0.3372 -0.0246
vn -0.9725 0.2293 -0.0410
vn -0.9277 -0.1804 -0.3270
vn -0.9345 -0.0669 -0.3497
vn -0.9888 0.1084 -0.1022
vn -0.8794 -0.2761 -0.3879
vn -0.5396 -0.7411 -0.3995
vn -0.4415 -0.6600 -0.6079
vn -0.4820 -0.6625 -0.5734
vn -0.5431 -0.7316 -0.4120
vn -0.5216 -0.7395 -0.4255
vn -0.5240 -0.7372 -0.4265
vn -0.5280 -0.7387 -0.4190
vn -0.5351 -0.7390 -0.4093
vn -0.5246 -0.7360 -0.4279
vn -0.5063 -0.6479 -0.5691
vn -0.5240 -0.7355 -0.4295
vn -0.5262 -0.7566 -0.3882
vn -0.5553 -0.7320 -0.3947
vn -0.5515 -0.7185 -0.4239
vn -0.5431 -0.7313 -0.4125
vn -0.5529 -0.7317 -0.3988
vn -0.4941 -0.7536 -0.4336
vn -0.4896 -0.7867 -0.3761
vn -0.4679 -0.8098 -0.3540
vn -0.5034 -0.7790 -0.3738
vn -0.4460 -0.8107 -0.3793
vn -0.4812 -0.7836 -0.3928
vn -0.5157 -0.7564 -0.4024
vn -0.5345 -0.7511 -0.3875
vn 0.3691 0.8268 0.4245
vn 0.4147 0.8114 0.4120
vn 0.4166 0.7652 0.4908
vn 0.3737 0.7667 0.5220
vn -0.4210 -0.7945 -0.4377
vn -0.4614 -0.7709 -0.4391
vn -0.5048 -0.7469 -0.4329
vn 0.4164 0.8871 0.1991
vn 0.5405 0.8121 0.2197
vn 0.4802 0.8245 0.2994
vn 0.3932 0.8744 0.2842
vn 0.4439 0.8670 0.2264
vn 0.2587 0.9524 0.1614
vn 0.3220 0.9164 0.2377
vn 0.4846 0.8150 0.3178
vn 0.4488 0.8239 0.3460
vn 0.4956 0.8393 0.2236
vn 0.4935 0.7226 0.4841
vn 0.4202 0.7806 0.4626
vn 0.4206 0.7264 0.5435
vn 0.4602 0.7057 0.5387
vn 0.3827 0.8652 0.3239
vn 0.5065 0.7704 0.3872
vn 0.5688 0.6628 0.4871
vn 0.6225 0.6450 0.4433
vn 0.6371 0.6838 0.3557
vn 0.6266 0.7177 0.3037
vn 0.5933 0.7550 0.2790
vn 0.2841 -0.2074 -0.9361
vn 0.1375 -0.5747 -0.8067
vn -0.2096 -0.8627 -0.4602
vn 0.0303 -0.5786 -0.8151
vn -0.2973 -0.8142 -0.4986
vn 0.1819 -0.8531 -0.4890
vn -0.3160 -0.8267 -0.4655
vn 0.1582 -0.8456 -0.5099
vn 0.4767 -0.3124 -0.8217
vn -0.3119 -0.8480 -0.4284
vn 0.1397 -0.8382 -0.5271
vn 0.4514 -0.7197 -0.5274
vn 0.2739 -0.5516 -0.7879
vn -0.0186 -0.6628 -0.7486
vn 0.3092 -0.7821 -0.5411
vn 0.4603 -0.0019 -0.8878
vn -0.2737 -0.5050 -0.8186
vn -0.7038 -0.3229 -0.6327
vn -0.3990 -0.5122 -0.7606
vn -0.1514 -0.5969 -0.7879
vn -0.6111 -0.5288 -0.5890
vn -0.4320 -0.5970 -0.6760
vn -0.2492 -0.7255 -0.6415
vn 0.1524 -0.8309 -0.5351
vn -0.6775 -0.5617 -0.4748
vn -0.4708 -0.6294 -0.6182
vn -0.2114 -0.5489 -0.8087
vn -0.0080 -0.4057 -0.9140
vn -0.0584 -0.3806 -0.9229
vn -0.1738 -0.5358 -0.8263
vn 0.3681 0.0359 -0.9291
vn 0.2325 0.0115 -0.9725
vn 0.0026 -0.4631 -0.8863
vn 0.0019 -0.5408 -0.8412
vn 0.1616 -0.1171 -0.9799
vn -0.2186 -0.5094 -0.8323
vn -0.1873 -0.5503 -0.8137
vn -0.1428 -0.5663 -0.8117
vn -0.0390 -0.5781 -0.8151
vn -0.2849 -0.5965 -0.7504
vn -0.3318 -0.6353 -0.6974
vn -0.0499 -0.7977 -0.6009
vn -0.1047 0.2821 -0.9537
vn 0.0586 0.8520 -0.5202
vn 0.0100 0.7890 -0.6143
vn -0.1122 -0.0822 -0.9903
vn -0.0669 0.6580 -0.7501
vn -0.1212 -0.2430 -0.9624
vn -0.2003 -0.8273 -0.5248
vn 0.0941 -0.9591 -0.2669
vn -0.1420 -0.9440 -0.2977
vn 0.0571 -0.9395 -0.3378
vn -0.1605 -0.9150 -0.3702
vn -0.2485 -0.4895 -0.8358
vn -0.1565 0.3849 -0.9096
vn -0.2591 -0.8198 -0.5106
vn -0.2535 -0.8555 -0.4515
vn -0.1777 -0.8662 -0.4670
vn -0.2569 -0.8937 -0.3677
vn 0.0446 -0.9015 -0.4305
vn -0.2583 -0.9173 -0.3029
vn -0.6369 0.1000 -0.7644
vn -0.9576 -0.0541 -0.2829
vn -0.9335 0.0635 -0.3528
vn -0.3594 0.3093 -0.8804
vn -0.8611 -0.3027 -0.4086
vn -0.8564 -0.2907 -0.4268
vn -0.9622 -0.0937 -0.2559
vn -0.9466 -0.0956 -0.3079
vn -0.7104 -0.3989 -0.5799
vn -0.7056 -0.4162 -0.5735
vn -0.9184 -0.2156 -0.3319
vn -0.9574 -0.1361 -0.2546
vn -0.9859 -0.0121 -0.1669
vn -0.9905 0.1264 -0.0540
vn -0.8581 -0.1429 -0.4931
vn -0.7281 -0.3894 -0.5642
vn -0.9943 -0.0084 -0.1067
vn -0.9985 0.0540 0.0014
vn -0.5069 -0.0748 -0.8587
vn -0.8351 -0.2249 -0.5021
vn -0.9391 -0.0931 -0.3307
vn -0.2259 0.5289 -0.8180
vn 0.1016 0.4875 -0.8672
vn -0.6000 0.5710 -0.5603
vn -0.9898 0.0673 -0.1253
vn -0.9833 -0.0129 -0.1818
vn -0.9818 0.0725 -0.1755
vn -0.9831 0.1122 -0.1448
vn -0.9753 0.0838 -0.2044
vn -0.9792 0.0780 -0.1875
vn -0.9897 0.1279 -0.0637
vn -0.9892 0.1145 -0.0920
vn -0.9884 0.0694 -0.1351
vn -0.1002 -0.2656 -0.9589
vn 0.9974 0.0657 -0.0283
vn 0.6977 0.5866 -0.4111
# 3555 vertex normals

vt 0.0000 0.0000 0.0000
# 1 texture coords

o ala_der
g ala_der
usemtl 17174_Tiamat_new__17174_Tiamat_v1default
s 1
f 1/1/1 2/1/2 3/1/3 
f 3/1/3 4/1/4 1/1/1 
f 5/1/5 3/1/3 2/1/2 
f 2/1/2 6/1/6 5/1/5 
f 7/1/7 8/1/8 3/1/3 
f 3/1/3 5/1/5 7/1/7 
f 4/1/4 3/1/3 8/1/8 
f 8/1/8 9/1/9 4/1/4 
f 10/1/10 11/1/11 12/1/12 
f 12/1/12 13/1/13 10/1/10 
f 14/1/14 13/1/13 12/1/12 
f 12/1/12 15/1/15 14/1/14 
f 9/1/9 8/1/8 13/1/13 
f 13/1/13 14/1/14 9/1/9 
f 10/1/10 13/1/13 8/1/8 
f 8/1/8 7/1/7 10/1/10 
f 16/1/16 17/1/17 18/1/18 
f 18/1/18 19/1/19 16/1/16 
f 14/1/14 18/1/18 17/1/17 
f 17/1/17 9/1/9 14/1/14 
f 15/1/15 20/1/20 18/1/18 
f 18/1/18 14/1/14 15/1/15 
f 18/1/18 20/1/20 21/1/21 
f 22/1/22 23/1/23 24/1/24 
f 24/1/24 25/1/25 22/1/22 
f 4/1/4 23/1/23 22/1/22 
f 22/1/22 1/1/1 4/1/4 
f 9/1/9 17/1/17 23/1/23 
f 23/1/23 4/1/4 9/1/9 
f 16/1/16 24/1/24 23/1/23 
f 23/1/23 17/1/17 16/1/16 
f 26/1/26 27/1/27 28/1/28 
f 28/1/28 29/1/29 26/1/26 
f 30/1/30 28/1/28 27/1/27 
f 27/1/27 31/1/31 30/1/30 
f 32/1/32 33/1/33 28/1/28 
f 28/1/28 30/1/30 32/1/32 
f 29/1/29 28/1/28 33/1/33 
f 33/1/33 34/1/34 29/1/29 
f 35/1/35 36/1/36 37/1/37 
f 37/1/37 38/1/38 35/1/35 
f 29/1/29 37/1/37 36/1/36 
f 36/1/36 26/1/26 29/1/29 
f 34/1/34 39/1/39 37/1/37 
f 37/1/37 29/1/29 34/1/34 
f 38/1/38 37/1/37 39/1/39 
f 39/1/39 40/1/40 38/1/38 
f 25/1/25 24/1/24 41/1/41 
f 41/1/41 42/1/42 25/1/25 
f 43/1/43 41/1/41 24/1/24 
f 24/1/24 16/1/16 43/1/43 
f 40/1/40 39/1/39 41/1/41 
f 41/1/41 43/1/43 40/1/40 
f 42/1/42 41/1/41 39/1/39 
f 39/1/39 34/1/34 42/1/42 
f 44/1/44 45/1/45 46/1/46 
f 46/1/46 47/1/47 44/1/44 
f 48/1/48 46/1/46 45/1/45 
f 45/1/45 49/1/49 48/1/48 
f 46/1/46 48/1/48 50/1/50 
f 47/1/47 46/1/46 51/1/51 
f 51/1/51 52/1/52 47/1/47 
f 53/1/53 54/1/54 55/1/55 
f 55/1/55 56/1/56 53/1/53 
f 57/1/57 55/1/55 54/1/54 
f 54/1/54 58/1/58 57/1/57 
f 59/1/59 60/1/60 55/1/55 
f 55/1/55 57/1/57 59/1/59 
f 56/1/56 55/1/55 60/1/60 
f 60/1/60 61/1/61 56/1/56 
f 62/1/62 63/1/63 64/1/64 
f 64/1/64 65/1/65 62/1/62 
f 63/1/63 66/1/66 67/1/67 
f 67/1/67 64/1/64 63/1/63 
f 67/1/67 58/1/58 68/1/68 
f 68/1/68 64/1/64 67/1/67 
f 65/1/65 64/1/64 68/1/68 
f 68/1/68 69/1/69 65/1/65 
f 70/1/70 71/1/71 72/1/72 
f 72/1/72 73/1/73 70/1/70 
f 57/1/57 72/1/72 71/1/71 
f 71/1/71 59/1/59 57/1/57 
f 58/1/58 67/1/67 72/1/72 
f 72/1/72 57/1/57 58/1/58 
f 73/1/73 72/1/72 67/1/67 
f 67/1/67 66/1/66 73/1/73 
f 74/1/74 75/1/75 76/1/76 
f 76/1/76 77/1/77 74/1/74 
f 78/1/78 76/1/76 75/1/75 
f 75/1/75 79/1/79 78/1/78 
f 61/1/61 60/1/60 76/1/76 
f 76/1/76 78/1/78 61/1/61 
f 77/1/77 76/1/76 60/1/60 
f 60/1/60 59/1/59 77/1/77 
f 80/1/80 81/1/81 82/1/82 
f 82/1/82 83/1/83 80/1/80 
f 84/1/84 82/1/82 81/1/81 
f 81/1/81 85/1/85 84/1/84 
f 86/1/86 87/1/87 82/1/82 
f 82/1/82 84/1/84 86/1/86 
f 83/1/83 82/1/82 87/1/87 
f 87/1/87 88/1/88 83/1/83 
f 21/1/21 20/1/20 89/1/89 
f 89/1/89 90/1/90 21/1/21 
f 91/1/91 89/1/89 20/1/20 
f 20/1/20 15/1/15 91/1/91 
f 92/1/92 93/1/93 89/1/89 
f 89/1/89 91/1/91 92/1/92 
f 90/1/90 89/1/89 93/1/93 
f 93/1/93 94/1/94 90/1/90 
f 95/1/95 96/1/96 97/1/97 
f 97/1/97 98/1/98 95/1/95 
f 93/1/93 97/1/97 96/1/96 
f 96/1/96 94/1/94 93/1/93 
f 92/1/92 99/1/99 97/1/97 
f 97/1/97 93/1/93 92/1/92 
f 99/1/99 100/1/100 98/1/98 
f 92/1/92 91/1/91 101/1/101 
f 101/1/101 102/1/102 92/1/92 
f 12/1/12 101/1/101 91/1/91 
f 91/1/91 15/1/15 12/1/12 
f 11/1/11 103/1/103 101/1/101 
f 101/1/101 12/1/12 11/1/11 
f 102/1/102 101/1/101 103/1/103 
f 103/1/103 104/1/104 102/1/102 
f 105/1/105 106/1/106 100/1/100 
f 99/1/99 92/1/92 102/1/102 
f 102/1/102 105/1/105 99/1/99 
f 104/1/104 107/1/107 105/1/105 
f 105/1/105 102/1/102 104/1/104 
f 106/1/106 105/1/105 107/1/107 
f 107/1/107 108/1/108 106/1/106 
f 16/1/16 19/1/19 109/1/109 
f 109/1/109 43/1/43 16/1/16 
f 19/1/19 21/1/21 110/1/110 
f 111/1/111 112/1/112 109/1/109 
f 109/1/109 110/1/110 111/1/111 
f 43/1/43 109/1/109 112/1/112 
f 112/1/112 40/1/40 43/1/43 
f 21/1/21 90/1/90 113/1/113 
f 113/1/113 110/1/110 21/1/21 
f 114/1/114 113/1/113 90/1/90 
f 90/1/90 94/1/94 114/1/114 
f 115/1/115 116/1/116 113/1/113 
f 113/1/113 114/1/114 115/1/115 
f 110/1/110 113/1/113 116/1/116 
f 116/1/116 111/1/111 110/1/110 
f 117/1/117 114/1/114 94/1/94 
f 96/1/96 95/1/95 118/1/118 
f 119/1/119 120/1/120 117/1/117 
f 117/1/117 118/1/118 119/1/119 
f 114/1/114 117/1/117 120/1/120 
f 120/1/120 115/1/115 114/1/114 
f 40/1/40 112/1/112 121/1/121 
f 121/1/121 38/1/38 40/1/40 
f 122/1/122 121/1/121 112/1/112 
f 112/1/112 111/1/111 122/1/122 
f 123/1/123 124/1/124 121/1/121 
f 121/1/121 122/1/122 123/1/123 
f 38/1/38 121/1/121 124/1/124 
f 124/1/124 35/1/35 38/1/38 
f 125/1/125 126/1/126 127/1/127 
f 127/1/127 128/1/128 125/1/125 
f 126/1/126 129/1/129 130/1/130 
f 130/1/130 127/1/127 126/1/126 
f 131/1/131 132/1/132 127/1/127 
f 127/1/127 130/1/130 131/1/131 
f 128/1/128 127/1/127 132/1/132 
f 132/1/132 133/1/133 128/1/128 
f 134/1/134 135/1/135 136/1/136 
f 137/1/137 138/1/138 139/1/139 
f 139/1/139 136/1/136 137/1/137 
f 138/1/138 133/1/133 132/1/132 
f 132/1/132 139/1/139 138/1/138 
f 134/1/134 139/1/139 132/1/132 
f 132/1/132 131/1/131 134/1/134 
f 140/1/140 141/1/141 142/1/142 
f 143/1/143 140/1/140 144/1/144 
f 144/1/144 125/1/125 143/1/143 
f 145/1/145 146/1/146 140/1/140 
f 140/1/140 143/1/143 145/1/145 
f 141/1/141 140/1/140 146/1/146 
f 146/1/146 147/1/147 141/1/141 
f 73/1/73 148/1/148 149/1/149 
f 149/1/149 70/1/70 73/1/73 
f 150/1/150 148/1/148 73/1/73 
f 73/1/73 66/1/66 150/1/150 
f 148/1/148 150/1/150 151/1/151 
f 152/1/152 153/1/153 149/1/149 
f 154/1/154 155/1/155 156/1/156 
f 156/1/156 157/1/157 154/1/154 
f 158/1/158 159/1/159 156/1/156 
f 156/1/156 155/1/155 158/1/158 
f 160/1/160 156/1/156 159/1/159 
f 159/1/159 161/1/161 160/1/160 
f 157/1/157 156/1/156 160/1/160 
f 160/1/160 162/1/162 157/1/157 
f 162/1/162 160/1/160 163/1/163 
f 163/1/163 164/1/164 162/1/162 
f 165/1/165 163/1/163 160/1/160 
f 160/1/160 161/1/161 165/1/165 
f 166/1/166 167/1/167 163/1/163 
f 163/1/163 165/1/165 166/1/166 
f 164/1/164 163/1/163 167/1/167 
f 167/1/167 168/1/168 164/1/164 
f 169/1/169 170/1/170 171/1/171 
f 171/1/171 172/1/172 169/1/169 
f 173/1/173 171/1/171 170/1/170 
f 170/1/170 174/1/174 173/1/173 
f 175/1/175 176/1/176 171/1/171 
f 171/1/171 173/1/173 175/1/175 
f 172/1/172 171/1/171 176/1/176 
f 176/1/176 177/1/177 172/1/172 
f 178/1/178 179/1/179 180/1/180 
f 180/1/180 181/1/181 178/1/178 
f 182/1/182 180/1/180 179/1/179 
f 179/1/179 183/1/183 182/1/182 
f 174/1/174 170/1/170 180/1/180 
f 180/1/180 182/1/182 174/1/174 
f 181/1/181 180/1/180 170/1/170 
f 170/1/170 169/1/169 181/1/181 
f 184/1/184 185/1/185 186/1/186 
f 186/1/186 187/1/187 184/1/184 
f 186/1/186 183/1/183 179/1/179 
f 179/1/179 187/1/187 186/1/186 
f 188/1/188 187/1/187 179/1/179 
f 179/1/179 178/1/178 188/1/188 
f 189/1/189 184/1/184 187/1/187 
f 187/1/187 188/1/188 189/1/189 
f 153/1/153 152/1/152 190/1/190 
f 190/1/190 191/1/191 153/1/153 
f 192/1/192 190/1/190 152/1/152 
f 152/1/152 151/1/151 192/1/192 
f 193/1/193 194/1/194 190/1/190 
f 190/1/190 192/1/192 193/1/193 
f 191/1/191 190/1/190 194/1/194 
f 194/1/194 195/1/195 191/1/191 
f 196/1/196 197/1/197 198/1/198 
f 198/1/198 199/1/199 196/1/196 
f 200/1/200 198/1/198 197/1/197 
f 197/1/197 201/1/201 200/1/200 
f 195/1/195 194/1/194 198/1/198 
f 198/1/198 200/1/200 195/1/195 
f 199/1/199 198/1/198 194/1/194 
f 194/1/194 193/1/193 199/1/199 
f 202/1/202 203/1/203 204/1/204 
f 204/1/204 205/1/205 202/1/202 
f 83/1/83 204/1/204 203/1/203 
f 203/1/203 80/1/80 83/1/83 
f 88/1/88 206/1/206 204/1/204 
f 204/1/204 83/1/83 88/1/88 
f 205/1/205 204/1/204 206/1/206 
f 206/1/206 207/1/207 205/1/205 
f 207/1/207 206/1/206 208/1/208 
f 208/1/208 209/1/209 207/1/207 
f 210/1/210 208/1/208 206/1/206 
f 206/1/206 88/1/88 210/1/210 
f 211/1/211 212/1/212 208/1/208 
f 208/1/208 210/1/210 211/1/211 
f 209/1/209 208/1/208 212/1/212 
f 212/1/212 213/1/213 209/1/209 
f 213/1/213 212/1/212 214/1/214 
f 214/1/214 215/1/215 213/1/213 
f 216/1/216 214/1/214 212/1/212 
f 212/1/212 211/1/211 216/1/216 
f 217/1/217 218/1/218 214/1/214 
f 214/1/214 216/1/216 217/1/217 
f 215/1/215 214/1/214 218/1/218 
f 218/1/218 219/1/219 215/1/215 
f 219/1/219 218/1/218 220/1/220 
f 220/1/220 221/1/221 219/1/219 
f 222/1/222 220/1/220 218/1/218 
f 218/1/218 217/1/217 222/1/222 
f 223/1/223 224/1/224 220/1/220 
f 220/1/220 222/1/222 223/1/223 
f 221/1/221 220/1/220 224/1/224 
f 224/1/224 225/1/225 221/1/221 
f 226/1/226 227/1/227 228/1/228 
f 229/1/229 230/1/230 231/1/231 
f 232/1/232 226/1/226 231/1/231 
f 231/1/231 233/1/233 232/1/232 
f 234/1/234 227/1/227 226/1/226 
f 235/1/235 236/1/236 237/1/237 
f 237/1/237 238/1/238 235/1/235 
f 239/1/239 237/1/237 236/1/236 
f 236/1/236 240/1/240 239/1/239 
f 241/1/241 242/1/242 237/1/237 
f 237/1/237 239/1/239 241/1/241 
f 238/1/238 237/1/237 242/1/242 
f 242/1/242 243/1/243 238/1/238 
f 244/1/244 245/1/245 246/1/246 
f 246/1/246 247/1/247 244/1/244 
f 248/1/248 246/1/246 245/1/245 
f 245/1/245 249/1/249 248/1/248 
f 250/1/250 251/1/251 246/1/246 
f 246/1/246 248/1/248 250/1/250 
f 247/1/247 246/1/246 251/1/251 
f 251/1/251 252/1/252 247/1/247 
f 253/1/253 254/1/254 255/1/255 
f 255/1/255 256/1/256 253/1/253 
f 257/1/257 255/1/255 254/1/254 
f 254/1/254 258/1/258 257/1/257 
f 259/1/259 260/1/260 255/1/255 
f 255/1/255 257/1/257 259/1/259 
f 256/1/256 255/1/255 260/1/260 
f 260/1/260 261/1/261 256/1/256 
f 262/1/262 263/1/263 264/1/264 
f 264/1/264 265/1/265 262/1/262 
f 247/1/247 264/1/264 263/1/263 
f 263/1/263 244/1/244 247/1/247 
f 252/1/252 266/1/266 264/1/264 
f 264/1/264 247/1/247 252/1/252 
f 265/1/265 264/1/264 266/1/266 
f 266/1/266 267/1/267 265/1/265 
f 268/1/268 269/1/269 270/1/270 
f 270/1/270 271/1/271 268/1/268 
f 272/1/272 270/1/270 269/1/269 
f 269/1/269 137/1/137 272/1/272 
f 273/1/273 270/1/270 272/1/272 
f 272/1/272 274/1/274 273/1/273 
f 271/1/271 270/1/270 273/1/273 
f 273/1/273 275/1/275 271/1/271 
f 168/1/168 167/1/167 276/1/276 
f 276/1/276 277/1/277 168/1/168 
f 278/1/278 276/1/276 167/1/167 
f 167/1/167 166/1/166 278/1/278 
f 279/1/279 276/1/276 278/1/278 
f 278/1/278 280/1/280 279/1/279 
f 277/1/277 276/1/276 279/1/279 
f 279/1/279 281/1/281 277/1/277 
f 282/1/282 283/1/283 284/1/284 
f 284/1/284 285/1/285 282/1/282 
f 283/1/283 201/1/201 197/1/197 
f 284/1/284 197/1/197 196/1/196 
f 285/1/285 284/1/284 286/1/286 
f 286/1/286 287/1/287 285/1/285 
f 288/1/288 289/1/289 290/1/290 
f 290/1/290 291/1/291 288/1/288 
f 292/1/292 290/1/290 289/1/289 
f 289/1/289 293/1/293 292/1/292 
f 249/1/249 245/1/245 290/1/290 
f 290/1/290 292/1/292 249/1/249 
f 291/1/291 290/1/290 245/1/245 
f 245/1/245 244/1/244 291/1/291 
f 294/1/294 295/1/295 296/1/296 
f 296/1/296 297/1/297 294/1/294 
f 106/1/106 296/1/296 295/1/295 
f 295/1/295 100/1/100 106/1/106 
f 108/1/108 298/1/298 296/1/296 
f 296/1/296 106/1/106 108/1/108 
f 297/1/297 296/1/296 298/1/298 
f 298/1/298 299/1/299 297/1/297 
f 207/1/207 300/1/300 301/1/301 
f 301/1/301 205/1/205 207/1/207 
f 297/1/297 301/1/301 300/1/300 
f 300/1/300 294/1/294 297/1/297 
f 299/1/299 302/1/302 301/1/301 
f 301/1/301 297/1/297 299/1/299 
f 205/1/205 301/1/301 302/1/302 
f 302/1/302 202/1/202 205/1/205 
f 303/1/303 304/1/304 305/1/305 
f 305/1/305 306/1/306 303/1/303 
f 98/1/98 305/1/305 304/1/304 
f 304/1/304 95/1/95 98/1/98 
f 100/1/100 295/1/295 305/1/305 
f 305/1/305 98/1/98 100/1/100 
f 306/1/306 305/1/305 295/1/295 
f 295/1/295 294/1/294 306/1/306 
f 213/1/213 307/1/307 308/1/308 
f 308/1/308 209/1/209 213/1/213 
f 306/1/306 308/1/308 307/1/307 
f 307/1/307 303/1/303 306/1/306 
f 294/1/294 300/1/300 308/1/308 
f 308/1/308 306/1/306 294/1/294 
f 209/1/209 308/1/308 300/1/300 
f 300/1/300 207/1/207 209/1/209 
f 309/1/309 310/1/310 311/1/311 
f 118/1/118 309/1/309 312/1/312 
f 312/1/312 119/1/119 118/1/118 
f 95/1/95 304/1/304 309/1/309 
f 309/1/309 118/1/118 95/1/95 
f 310/1/310 309/1/309 304/1/304 
f 304/1/304 303/1/303 310/1/310 
f 219/1/219 313/1/313 314/1/314 
f 314/1/314 215/1/215 219/1/219 
f 310/1/310 314/1/314 313/1/313 
f 313/1/313 311/1/311 310/1/310 
f 303/1/303 307/1/307 314/1/314 
f 314/1/314 310/1/310 303/1/303 
f 215/1/215 314/1/314 307/1/307 
f 307/1/307 213/1/213 215/1/215 
f 315/1/315 316/1/316 317/1/317 
f 317/1/317 318/1/318 315/1/315 
f 319/1/319 317/1/317 316/1/316 
f 316/1/316 320/1/320 319/1/319 
f 119/1/119 312/1/312 317/1/317 
f 317/1/317 319/1/319 119/1/119 
f 318/1/318 317/1/317 312/1/312 
f 312/1/312 311/1/311 318/1/318 
f 225/1/225 321/1/321 322/1/322 
f 322/1/322 221/1/221 225/1/225 
f 318/1/318 322/1/322 321/1/321 
f 321/1/321 315/1/315 318/1/318 
f 311/1/311 313/1/313 322/1/322 
f 322/1/322 318/1/318 311/1/311 
f 221/1/221 322/1/322 313/1/313 
f 313/1/313 219/1/219 221/1/221 
f 323/1/323 324/1/324 325/1/325 
f 325/1/325 326/1/326 323/1/323 
f 273/1/273 325/1/325 324/1/324 
f 324/1/324 275/1/275 273/1/273 
f 274/1/274 327/1/327 325/1/325 
f 325/1/325 273/1/273 274/1/274 
f 326/1/326 325/1/325 327/1/327 
f 327/1/327 328/1/328 326/1/326 
f 233/1/233 329/1/329 330/1/330 
f 330/1/330 232/1/232 233/1/233 
f 326/1/326 330/1/330 329/1/329 
f 329/1/329 323/1/323 326/1/326 
f 328/1/328 331/1/331 330/1/330 
f 330/1/330 326/1/326 328/1/328 
f 331/1/331 234/1/234 232/1/232 
f 185/1/185 184/1/184 332/1/332 
f 332/1/332 333/1/333 185/1/185 
f 334/1/334 332/1/332 184/1/184 
f 184/1/184 189/1/189 334/1/334 
f 335/1/335 336/1/336 332/1/332 
f 332/1/332 334/1/334 335/1/335 
f 333/1/333 332/1/332 336/1/336 
f 336/1/336 337/1/337 333/1/333 
f 238/1/238 338/1/338 339/1/339 
f 339/1/339 235/1/235 238/1/238 
f 340/1/340 338/1/338 238/1/238 
f 238/1/238 243/1/243 340/1/340 
f 337/1/337 336/1/336 338/1/338 
f 338/1/338 340/1/340 337/1/337 
f 339/1/339 338/1/338 336/1/336 
f 336/1/336 335/1/335 339/1/339 
f 341/1/341 342/1/342 282/1/282 
f 343/1/343 341/1/341 285/1/285 
f 285/1/285 287/1/287 343/1/343 
f 293/1/293 289/1/289 341/1/341 
f 341/1/341 343/1/343 293/1/293 
f 342/1/342 341/1/341 289/1/289 
f 289/1/289 288/1/288 342/1/342 
f 244/1/244 263/1/263 344/1/344 
f 344/1/344 291/1/291 244/1/244 
f 345/1/345 344/1/344 263/1/263 
f 263/1/263 262/1/262 345/1/345 
f 346/1/346 347/1/347 344/1/344 
f 344/1/344 345/1/345 346/1/346 
f 291/1/291 344/1/344 347/1/347 
f 347/1/347 288/1/288 291/1/291 
f 348/1/348 349/1/349 350/1/350 
f 350/1/350 351/1/351 348/1/348 
f 352/1/352 350/1/350 349/1/349 
f 349/1/349 353/1/353 352/1/352 
f 354/1/354 355/1/355 350/1/350 
f 350/1/350 352/1/352 354/1/354 
f 351/1/351 350/1/350 355/1/355 
f 355/1/355 356/1/356 351/1/351 
f 357/1/357 358/1/358 359/1/359 
f 359/1/359 360/1/360 357/1/357 
f 361/1/361 359/1/359 358/1/358 
f 358/1/358 362/1/362 361/1/361 
f 363/1/363 364/1/364 359/1/359 
f 359/1/359 361/1/361 363/1/363 
f 360/1/360 359/1/359 364/1/364 
f 364/1/364 365/1/365 360/1/360 
f 366/1/366 367/1/367 368/1/368 
f 368/1/368 369/1/369 366/1/366 
f 360/1/360 368/1/368 367/1/367 
f 367/1/367 357/1/357 360/1/360 
f 365/1/365 370/1/370 368/1/368 
f 368/1/368 360/1/360 365/1/365 
f 369/1/369 368/1/368 370/1/370 
f 370/1/370 371/1/371 369/1/369 
f 353/1/353 349/1/349 372/1/372 
f 372/1/372 373/1/373 353/1/353 
f 374/1/374 372/1/372 349/1/349 
f 349/1/349 348/1/348 374/1/374 
f 375/1/375 376/1/376 372/1/372 
f 372/1/372 374/1/374 375/1/375 
f 373/1/373 372/1/372 376/1/376 
f 376/1/376 377/1/377 373/1/373 
f 353/1/353 378/1/378 379/1/379 
f 379/1/379 352/1/352 353/1/353 
f 380/1/380 379/1/379 378/1/378 
f 378/1/378 381/1/381 380/1/380 
f 382/1/382 383/1/383 379/1/379 
f 379/1/379 380/1/380 382/1/382 
f 352/1/352 379/1/379 383/1/383 
f 383/1/383 354/1/354 352/1/352 
f 384/1/384 385/1/385 363/1/363 
f 383/1/383 384/1/384 386/1/386 
f 386/1/386 354/1/354 383/1/383 
f 382/1/382 387/1/387 384/1/384 
f 384/1/384 383/1/383 382/1/382 
f 385/1/385 384/1/384 387/1/387 
f 387/1/387 388/1/388 385/1/385 
f 365/1/365 364/1/364 389/1/389 
f 389/1/389 390/1/390 365/1/365 
f 385/1/385 389/1/389 364/1/364 
f 364/1/364 363/1/363 385/1/385 
f 389/1/389 385/1/385 388/1/388 
f 390/1/390 389/1/389 391/1/391 
f 391/1/391 392/1/392 390/1/390 
f 371/1/371 370/1/370 393/1/393 
f 393/1/393 394/1/394 371/1/371 
f 390/1/390 393/1/393 370/1/370 
f 370/1/370 365/1/365 390/1/390 
f 392/1/392 395/1/395 393/1/393 
f 393/1/393 390/1/390 392/1/392 
f 394/1/394 393/1/393 395/1/395 
f 395/1/395 396/1/396 394/1/394 
f 371/1/371 394/1/394 397/1/397 
f 397/1/397 398/1/398 371/1/371 
f 399/1/399 397/1/397 394/1/394 
f 394/1/394 396/1/396 399/1/399 
f 400/1/400 401/1/401 397/1/397 
f 397/1/397 399/1/399 400/1/400 
f 398/1/398 397/1/397 401/1/401 
f 401/1/401 377/1/377 398/1/398 
f 381/1/381 378/1/378 402/1/402 
f 402/1/402 403/1/403 381/1/381 
f 373/1/373 402/1/402 378/1/378 
f 378/1/378 353/1/353 373/1/373 
f 377/1/377 401/1/401 402/1/402 
f 402/1/402 373/1/373 377/1/377 
f 401/1/401 400/1/400 403/1/403 
f 381/1/381 404/1/404 405/1/405 
f 405/1/405 380/1/380 381/1/381 
f 406/1/406 405/1/405 404/1/404 
f 404/1/404 407/1/407 406/1/406 
f 408/1/408 409/1/409 405/1/405 
f 405/1/405 406/1/406 408/1/408 
f 380/1/380 405/1/405 409/1/409 
f 409/1/409 382/1/382 380/1/380 
f 382/1/382 409/1/409 410/1/410 
f 410/1/410 387/1/387 382/1/382 
f 411/1/411 410/1/410 409/1/409 
f 409/1/409 408/1/408 411/1/411 
f 412/1/412 413/1/413 410/1/410 
f 410/1/410 411/1/411 412/1/412 
f 413/1/413 388/1/388 387/1/387 
f 387/1/387 410/1/410 413/1/413 
f 392/1/392 391/1/391 414/1/414 
f 414/1/414 415/1/415 392/1/392 
f 413/1/413 414/1/414 391/1/391 
f 391/1/391 388/1/388 413/1/413 
f 412/1/412 416/1/416 414/1/414 
f 414/1/414 413/1/413 412/1/412 
f 415/1/415 414/1/414 416/1/416 
f 416/1/416 417/1/417 415/1/415 
f 396/1/396 395/1/395 418/1/418 
f 418/1/418 419/1/419 396/1/396 
f 415/1/415 418/1/418 395/1/395 
f 395/1/395 392/1/392 415/1/415 
f 417/1/417 420/1/420 418/1/418 
f 418/1/418 415/1/415 417/1/417 
f 419/1/419 418/1/418 420/1/420 
f 420/1/420 421/1/421 419/1/419 
f 399/1/399 422/1/422 423/1/423 
f 423/1/423 400/1/400 399/1/399 
f 419/1/419 422/1/422 399/1/399 
f 399/1/399 396/1/396 419/1/419 
f 421/1/421 424/1/424 422/1/422 
f 422/1/422 419/1/419 421/1/421 
f 424/1/424 425/1/425 423/1/423 
f 423/1/423 422/1/422 424/1/424 
f 407/1/407 404/1/404 426/1/426 
f 426/1/426 427/1/427 407/1/407 
f 403/1/403 426/1/426 404/1/404 
f 404/1/404 381/1/381 403/1/403 
f 426/1/426 403/1/403 400/1/400 
f 427/1/427 426/1/426 423/1/423 
f 423/1/423 425/1/425 427/1/427 
f 428/1/428 429/1/429 430/1/430 
f 430/1/430 431/1/431 428/1/428 
f 432/1/432 430/1/430 429/1/429 
f 429/1/429 433/1/433 432/1/432 
f 434/1/434 435/1/435 430/1/430 
f 430/1/430 432/1/432 434/1/434 
f 431/1/431 430/1/430 435/1/435 
f 435/1/435 436/1/436 431/1/431 
f 437/1/437 438/1/438 439/1/439 
f 440/1/440 437/1/437 441/1/441 
f 441/1/441 442/1/442 440/1/440 
f 428/1/428 443/1/443 437/1/437 
f 437/1/437 440/1/440 428/1/428 
f 438/1/438 437/1/437 443/1/443 
f 443/1/443 444/1/444 438/1/438 
f 445/1/445 446/1/446 447/1/447 
f 447/1/447 448/1/448 445/1/445 
f 438/1/438 447/1/447 446/1/446 
f 446/1/446 439/1/439 438/1/438 
f 444/1/444 449/1/449 447/1/447 
f 447/1/447 438/1/438 444/1/444 
f 450/1/450 448/1/448 447/1/447 
f 445/1/445 448/1/448 451/1/451 
f 451/1/451 452/1/452 445/1/445 
f 453/1/453 451/1/451 448/1/448 
f 448/1/448 450/1/450 453/1/453 
f 454/1/454 455/1/455 451/1/451 
f 451/1/451 453/1/453 454/1/454 
f 452/1/452 451/1/451 455/1/455 
f 455/1/455 456/1/456 452/1/452 
f 456/1/456 455/1/455 457/1/457 
f 457/1/457 458/1/458 456/1/456 
f 459/1/459 457/1/457 455/1/455 
f 455/1/455 454/1/454 459/1/459 
f 460/1/460 461/1/461 457/1/457 
f 457/1/457 459/1/459 460/1/460 
f 458/1/458 457/1/457 461/1/461 
f 461/1/461 462/1/462 458/1/458 
f 463/1/463 464/1/464 465/1/465 
f 466/1/466 462/1/462 461/1/461 
f 461/1/461 463/1/463 466/1/466 
f 467/1/467 463/1/463 461/1/461 
f 461/1/461 460/1/460 467/1/467 
f 464/1/464 463/1/463 467/1/467 
f 467/1/467 433/1/433 464/1/464 
f 433/1/433 429/1/429 468/1/468 
f 468/1/468 464/1/464 433/1/433 
f 440/1/440 468/1/468 429/1/429 
f 429/1/429 428/1/428 440/1/440 
f 442/1/442 469/1/469 468/1/468 
f 465/1/465 464/1/464 468/1/468 
f 468/1/468 469/1/469 465/1/465 
f 408/1/408 470/1/470 471/1/471 
f 471/1/471 411/1/411 408/1/408 
f 472/1/472 471/1/471 470/1/470 
f 470/1/470 473/1/473 472/1/472 
f 474/1/474 471/1/471 472/1/472 
f 472/1/472 475/1/475 474/1/474 
f 411/1/411 471/1/471 474/1/474 
f 474/1/474 412/1/412 411/1/411 
f 475/1/475 476/1/476 477/1/477 
f 477/1/477 474/1/474 475/1/475 
f 478/1/478 477/1/477 476/1/476 
f 476/1/476 479/1/479 478/1/478 
f 417/1/417 416/1/416 477/1/477 
f 477/1/477 478/1/478 417/1/417 
f 474/1/474 477/1/477 416/1/416 
f 416/1/416 412/1/412 474/1/474 
f 421/1/421 420/1/420 480/1/480 
f 480/1/480 481/1/481 421/1/421 
f 478/1/478 480/1/480 420/1/420 
f 420/1/420 417/1/417 478/1/478 
f 479/1/479 482/1/482 480/1/480 
f 480/1/480 478/1/478 479/1/479 
f 481/1/481 480/1/480 482/1/482 
f 482/1/482 483/1/483 481/1/481 
f 425/1/425 424/1/424 484/1/484 
f 484/1/484 485/1/485 425/1/425 
f 481/1/481 484/1/484 424/1/424 
f 424/1/424 421/1/421 481/1/481 
f 483/1/483 486/1/486 484/1/484 
f 484/1/484 481/1/481 483/1/483 
f 485/1/485 484/1/484 486/1/486 
f 486/1/486 487/1/487 485/1/485 
f 425/1/425 485/1/485 488/1/488 
f 488/1/488 427/1/427 425/1/425 
f 485/1/485 487/1/487 489/1/489 
f 489/1/489 488/1/488 485/1/485 
f 490/1/490 491/1/491 488/1/488 
f 488/1/488 489/1/489 490/1/490 
f 427/1/427 488/1/488 491/1/491 
f 491/1/491 407/1/407 427/1/427 
f 473/1/473 470/1/470 492/1/492 
f 492/1/492 493/1/493 473/1/473 
f 406/1/406 492/1/492 470/1/470 
f 470/1/470 408/1/408 406/1/406 
f 407/1/407 491/1/491 492/1/492 
f 492/1/492 406/1/406 407/1/407 
f 493/1/493 492/1/492 491/1/491 
f 491/1/491 490/1/490 493/1/493 
f 475/1/475 472/1/472 494/1/494 
f 494/1/494 495/1/495 475/1/475 
f 496/1/496 494/1/494 472/1/472 
f 472/1/472 473/1/473 496/1/496 
f 494/1/494 496/1/496 497/1/497 
f 495/1/495 494/1/494 498/1/498 
f 498/1/498 499/1/499 495/1/495 
f 439/1/439 446/1/446 500/1/500 
f 500/1/500 501/1/501 439/1/439 
f 502/1/502 500/1/500 446/1/446 
f 446/1/446 445/1/445 502/1/502 
f 503/1/503 504/1/504 500/1/500 
f 500/1/500 502/1/502 503/1/503 
f 501/1/501 500/1/500 504/1/504 
f 504/1/504 505/1/505 501/1/501 
f 506/1/506 507/1/507 508/1/508 
f 508/1/508 509/1/509 506/1/506 
f 507/1/507 499/1/499 510/1/510 
f 508/1/508 510/1/510 503/1/503 
f 511/1/511 512/1/512 509/1/509 
f 479/1/479 476/1/476 513/1/513 
f 513/1/513 514/1/514 479/1/479 
f 495/1/495 513/1/513 476/1/476 
f 476/1/476 475/1/475 495/1/495 
f 499/1/499 507/1/507 513/1/513 
f 513/1/513 495/1/495 499/1/499 
f 514/1/514 513/1/513 507/1/507 
f 507/1/507 506/1/506 514/1/514 
f 502/1/502 515/1/515 511/1/511 
f 511/1/511 503/1/503 502/1/502 
f 445/1/445 452/1/452 515/1/515 
f 515/1/515 502/1/502 445/1/445 
f 516/1/516 515/1/515 452/1/452 
f 452/1/452 456/1/456 516/1/516 
f 511/1/511 515/1/515 516/1/516 
f 516/1/516 512/1/512 511/1/511 
f 483/1/483 482/1/482 517/1/517 
f 517/1/517 518/1/518 483/1/483 
f 514/1/514 517/1/517 482/1/482 
f 482/1/482 479/1/479 514/1/514 
f 506/1/506 519/1/519 517/1/517 
f 517/1/517 514/1/514 506/1/506 
f 518/1/518 517/1/517 519/1/519 
f 519/1/519 520/1/520 518/1/518 
f 487/1/487 486/1/486 521/1/521 
f 521/1/521 522/1/522 487/1/487 
f 518/1/518 521/1/521 486/1/486 
f 486/1/486 483/1/483 518/1/518 
f 520/1/520 523/1/523 521/1/521 
f 521/1/521 518/1/518 520/1/520 
f 522/1/522 521/1/521 523/1/523 
f 523/1/523 524/1/524 522/1/522 
f 525/1/525 505/1/505 504/1/504 
f 503/1/503 510/1/510 526/1/526 
f 526/1/526 504/1/504 503/1/503 
f 526/1/526 510/1/510 499/1/499 
f 498/1/498 497/1/497 525/1/525 
f 527/1/527 528/1/528 529/1/529 
f 529/1/529 530/1/530 527/1/527 
f 516/1/516 529/1/529 528/1/528 
f 528/1/528 512/1/512 516/1/516 
f 456/1/456 458/1/458 529/1/529 
f 529/1/529 516/1/516 456/1/456 
f 530/1/530 529/1/529 458/1/458 
f 458/1/458 462/1/462 530/1/530 
f 531/1/531 532/1/532 533/1/533 
f 534/1/534 531/1/531 535/1/535 
f 535/1/535 536/1/536 534/1/534 
f 527/1/527 537/1/537 531/1/531 
f 531/1/531 534/1/534 527/1/527 
f 537/1/537 538/1/538 532/1/532 
f 539/1/539 540/1/540 538/1/538 
f 530/1/530 539/1/539 537/1/537 
f 537/1/537 527/1/527 530/1/530 
f 530/1/530 462/1/462 466/1/466 
f 466/1/466 539/1/539 530/1/530 
f 466/1/466 465/1/465 540/1/540 
f 540/1/540 541/1/541 542/1/542 
f 542/1/542 538/1/538 540/1/540 
f 540/1/540 465/1/465 469/1/469 
f 442/1/442 543/1/543 541/1/541 
f 541/1/541 469/1/469 442/1/442 
f 543/1/543 544/1/544 542/1/542 
f 442/1/442 441/1/441 545/1/545 
f 545/1/545 543/1/543 442/1/442 
f 441/1/441 439/1/439 501/1/501 
f 505/1/505 546/1/546 545/1/545 
f 545/1/545 501/1/501 505/1/505 
f 543/1/543 545/1/545 546/1/546 
f 546/1/546 544/1/544 543/1/543 
f 547/1/547 548/1/548 544/1/544 
f 549/1/549 547/1/547 546/1/546 
f 546/1/546 505/1/505 549/1/549 
f 550/1/550 551/1/551 547/1/547 
f 547/1/547 549/1/549 550/1/550 
f 548/1/548 547/1/547 551/1/551 
f 551/1/551 552/1/552 548/1/548 
f 552/1/552 551/1/551 553/1/553 
f 553/1/553 554/1/554 552/1/552 
f 555/1/555 553/1/553 551/1/551 
f 551/1/551 550/1/550 555/1/555 
f 556/1/556 557/1/557 553/1/553 
f 553/1/553 555/1/555 556/1/556 
f 554/1/554 553/1/553 557/1/557 
f 557/1/557 558/1/558 554/1/554 
f 559/1/559 560/1/560 561/1/561 
f 559/1/559 562/1/562 563/1/563 
f 564/1/564 560/1/560 559/1/559 
f 559/1/559 565/1/565 564/1/564 
f 564/1/564 566/1/566 567/1/567 
f 567/1/567 560/1/560 564/1/564 
f 554/1/554 567/1/567 566/1/566 
f 566/1/566 552/1/552 554/1/554 
f 558/1/558 568/1/568 567/1/567 
f 567/1/567 554/1/554 558/1/558 
f 560/1/560 567/1/567 568/1/568 
f 568/1/568 561/1/561 560/1/560 
f 569/1/569 570/1/570 571/1/571 
f 571/1/571 572/1/572 569/1/569 
f 570/1/570 573/1/573 574/1/574 
f 571/1/571 574/1/574 575/1/575 
f 572/1/572 571/1/571 576/1/576 
f 576/1/576 577/1/577 572/1/572 
f 578/1/578 579/1/579 580/1/580 
f 580/1/580 581/1/581 578/1/578 
f 578/1/578 563/1/563 582/1/582 
f 572/1/572 579/1/579 582/1/582 
f 582/1/582 569/1/569 572/1/572 
f 577/1/577 580/1/580 579/1/579 
f 579/1/579 572/1/572 577/1/577 
f 581/1/581 580/1/580 583/1/583 
f 583/1/583 584/1/584 581/1/581 
f 585/1/585 583/1/583 580/1/580 
f 580/1/580 577/1/577 585/1/585 
f 586/1/586 587/1/587 583/1/583 
f 583/1/583 585/1/585 586/1/586 
f 584/1/584 583/1/583 587/1/587 
f 587/1/587 588/1/588 584/1/584 
f 589/1/589 590/1/590 591/1/591 
f 591/1/591 592/1/592 589/1/589 
f 593/1/593 591/1/591 590/1/590 
f 590/1/590 594/1/594 593/1/593 
f 593/1/593 533/1/533 532/1/532 
f 532/1/532 591/1/591 593/1/593 
f 532/1/532 538/1/538 592/1/592 
f 595/1/595 596/1/596 597/1/597 
f 592/1/592 595/1/595 598/1/598 
f 598/1/598 589/1/589 592/1/592 
f 538/1/538 542/1/542 595/1/595 
f 595/1/595 592/1/592 538/1/538 
f 596/1/596 595/1/595 542/1/542 
f 542/1/542 544/1/544 596/1/596 
f 599/1/599 600/1/600 598/1/598 
f 598/1/598 597/1/597 599/1/599 
f 599/1/599 601/1/601 602/1/602 
f 602/1/602 600/1/600 599/1/599 
f 589/1/589 598/1/598 600/1/600 
f 600/1/600 602/1/602 589/1/589 
f 603/1/603 604/1/604 597/1/597 
f 548/1/548 603/1/603 596/1/596 
f 596/1/596 544/1/544 548/1/548 
f 552/1/552 566/1/566 603/1/603 
f 603/1/603 548/1/548 552/1/552 
f 604/1/604 603/1/603 566/1/566 
f 566/1/566 564/1/564 604/1/604 
f 605/1/605 604/1/604 564/1/564 
f 565/1/565 563/1/563 606/1/606 
f 606/1/606 607/1/607 608/1/608 
f 604/1/604 605/1/605 608/1/608 
f 608/1/608 597/1/597 604/1/604 
f 609/1/609 610/1/610 608/1/608 
f 608/1/608 607/1/607 609/1/609 
f 611/1/611 610/1/610 609/1/609 
f 609/1/609 612/1/612 611/1/611 
f 601/1/601 599/1/599 610/1/610 
f 610/1/610 611/1/611 601/1/601 
f 608/1/608 610/1/610 599/1/599 
f 599/1/599 597/1/597 608/1/608 
f 607/1/607 606/1/606 613/1/613 
f 613/1/613 614/1/614 607/1/607 
f 578/1/578 613/1/613 606/1/606 
f 606/1/606 563/1/563 578/1/578 
f 581/1/581 615/1/615 613/1/613 
f 613/1/613 578/1/578 581/1/581 
f 614/1/614 613/1/613 615/1/615 
f 615/1/615 616/1/616 614/1/614 
f 617/1/617 618/1/618 619/1/619 
f 619/1/619 620/1/620 617/1/617 
f 614/1/614 619/1/619 618/1/618 
f 618/1/618 607/1/607 614/1/614 
f 616/1/616 621/1/621 619/1/619 
f 619/1/619 614/1/614 616/1/616 
f 620/1/620 619/1/619 621/1/621 
f 621/1/621 622/1/622 620/1/620 
f 623/1/623 624/1/624 625/1/625 
f 625/1/625 626/1/626 623/1/623 
f 624/1/624 588/1/588 627/1/627 
f 628/1/628 625/1/625 627/1/627 
f 627/1/627 629/1/629 628/1/628 
f 630/1/630 626/1/626 625/1/625 
f 625/1/625 628/1/628 630/1/630 
f 631/1/631 632/1/632 616/1/616 
f 584/1/584 631/1/631 615/1/615 
f 615/1/615 581/1/581 584/1/584 
f 631/1/631 584/1/584 588/1/588 
f 623/1/623 632/1/632 631/1/631 
f 631/1/631 624/1/624 623/1/623 
f 630/1/630 628/1/628 633/1/633 
f 633/1/633 634/1/634 630/1/630 
f 629/1/629 635/1/635 633/1/633 
f 633/1/633 628/1/628 629/1/629 
f 636/1/636 633/1/633 635/1/635 
f 635/1/635 612/1/612 636/1/636 
f 637/1/637 634/1/634 633/1/633 
f 633/1/633 636/1/636 637/1/637 
f 638/1/638 639/1/639 640/1/640 
f 640/1/640 641/1/641 638/1/638 
f 622/1/622 621/1/621 640/1/640 
f 640/1/640 639/1/639 622/1/622 
f 621/1/621 616/1/616 632/1/632 
f 641/1/641 640/1/640 632/1/632 
f 632/1/632 623/1/623 641/1/641 
f 612/1/612 609/1/609 642/1/642 
f 642/1/642 636/1/636 612/1/612 
f 618/1/618 642/1/642 609/1/609 
f 609/1/609 607/1/607 618/1/618 
f 617/1/617 643/1/643 642/1/642 
f 642/1/642 618/1/618 617/1/617 
f 636/1/636 642/1/642 643/1/643 
f 643/1/643 637/1/637 636/1/636 
f 644/1/644 645/1/645 637/1/637 
f 643/1/643 617/1/617 620/1/620 
f 622/1/622 639/1/639 644/1/644 
f 644/1/644 620/1/620 622/1/622 
f 645/1/645 644/1/644 639/1/639 
f 639/1/639 638/1/638 645/1/645 
f 646/1/646 645/1/645 638/1/638 
f 641/1/641 623/1/623 626/1/626 
f 646/1/646 626/1/626 630/1/630 
f 634/1/634 637/1/637 645/1/645 
f 647/1/647 648/1/648 649/1/649 
f 649/1/649 650/1/650 647/1/647 
f 77/1/77 649/1/649 648/1/648 
f 648/1/648 74/1/74 77/1/77 
f 59/1/59 71/1/71 649/1/649 
f 649/1/649 77/1/77 59/1/59 
f 650/1/650 649/1/649 71/1/71 
f 71/1/71 70/1/70 650/1/650 
f 70/1/70 149/1/149 651/1/651 
f 651/1/651 650/1/650 70/1/70 
f 652/1/652 651/1/651 149/1/149 
f 149/1/149 153/1/153 652/1/652 
f 653/1/653 654/1/654 651/1/651 
f 651/1/651 652/1/652 653/1/653 
f 650/1/650 651/1/651 654/1/654 
f 654/1/654 647/1/647 650/1/650 
f 647/1/647 654/1/654 655/1/655 
f 655/1/655 656/1/656 647/1/647 
f 657/1/657 655/1/655 654/1/654 
f 654/1/654 653/1/653 657/1/657 
f 658/1/658 659/1/659 655/1/655 
f 655/1/655 657/1/657 658/1/658 
f 656/1/656 655/1/655 659/1/659 
f 659/1/659 660/1/660 656/1/656 
f 652/1/652 661/1/661 662/1/662 
f 662/1/662 653/1/653 652/1/652 
f 191/1/191 661/1/661 652/1/652 
f 652/1/652 153/1/153 191/1/191 
f 195/1/195 663/1/663 661/1/661 
f 661/1/661 191/1/191 195/1/195 
f 664/1/664 662/1/662 661/1/661 
f 661/1/661 663/1/663 664/1/664 
f 658/1/658 657/1/657 665/1/665 
f 665/1/665 666/1/666 658/1/658 
f 653/1/653 662/1/662 665/1/665 
f 665/1/665 657/1/657 653/1/653 
f 664/1/664 667/1/667 665/1/665 
f 665/1/665 662/1/662 664/1/664 
f 666/1/666 665/1/665 667/1/667 
f 667/1/667 668/1/668 666/1/666 
f 663/1/663 669/1/669 670/1/670 
f 670/1/670 664/1/664 663/1/663 
f 200/1/200 669/1/669 663/1/663 
f 663/1/663 195/1/195 200/1/200 
f 200/1/200 201/1/201 671/1/671 
f 669/1/669 671/1/671 672/1/672 
f 667/1/667 664/1/664 670/1/670 
f 670/1/670 673/1/673 667/1/667 
f 674/1/674 673/1/673 670/1/670 
f 670/1/670 672/1/672 674/1/674 
f 675/1/675 673/1/673 674/1/674 
f 674/1/674 676/1/676 675/1/675 
f 668/1/668 667/1/667 673/1/673 
f 673/1/673 675/1/675 668/1/668 
f 677/1/677 678/1/678 679/1/679 
f 679/1/679 680/1/680 677/1/677 
f 679/1/679 678/1/678 282/1/282 
f 288/1/288 347/1/347 679/1/679 
f 679/1/679 342/1/342 288/1/288 
f 680/1/680 679/1/679 347/1/347 
f 347/1/347 346/1/346 680/1/680 
f 681/1/681 678/1/678 677/1/677 
f 682/1/682 672/1/672 671/1/671 
f 681/1/681 671/1/671 201/1/201 
f 283/1/283 282/1/282 678/1/678 
f 672/1/672 682/1/682 683/1/683 
f 683/1/683 674/1/674 672/1/672 
f 677/1/677 684/1/684 683/1/683 
f 683/1/683 682/1/682 677/1/677 
f 685/1/685 683/1/683 684/1/684 
f 684/1/684 686/1/686 685/1/685 
f 676/1/676 674/1/674 683/1/683 
f 683/1/683 685/1/685 676/1/676 
f 74/1/74 648/1/648 687/1/687 
f 687/1/687 688/1/688 74/1/74 
f 656/1/656 687/1/687 648/1/648 
f 648/1/648 647/1/647 656/1/656 
f 660/1/660 689/1/689 687/1/687 
f 687/1/687 656/1/656 660/1/660 
f 688/1/688 687/1/687 689/1/689 
f 689/1/689 690/1/690 688/1/688 
f 688/1/688 690/1/690 691/1/691 
f 691/1/691 692/1/692 688/1/688 
f 693/1/693 692/1/692 691/1/691 
f 691/1/691 694/1/694 693/1/693 
f 79/1/79 75/1/75 692/1/692 
f 692/1/692 693/1/693 79/1/79 
f 688/1/688 692/1/692 75/1/75 
f 75/1/75 74/1/74 688/1/688 
f 695/1/695 696/1/696 697/1/697 
f 697/1/697 698/1/698 695/1/695 
f 699/1/699 696/1/696 695/1/695 
f 695/1/695 700/1/700 699/1/699 
f 694/1/694 691/1/691 696/1/696 
f 696/1/696 699/1/699 694/1/694 
f 697/1/697 696/1/696 691/1/691 
f 691/1/691 690/1/690 697/1/697 
f 701/1/701 702/1/702 689/1/689 
f 689/1/689 660/1/660 701/1/701 
f 703/1/703 704/1/704 702/1/702 
f 702/1/702 701/1/701 703/1/703 
f 689/1/689 702/1/702 704/1/704 
f 704/1/704 690/1/690 689/1/689 
f 698/1/698 697/1/697 705/1/705 
f 705/1/705 706/1/706 698/1/698 
f 705/1/705 697/1/697 690/1/690 
f 707/1/707 705/1/705 704/1/704 
f 704/1/704 703/1/703 707/1/707 
f 706/1/706 705/1/705 707/1/707 
f 707/1/707 708/1/708 706/1/706 
f 709/1/709 710/1/710 711/1/711 
f 711/1/711 712/1/712 709/1/709 
f 701/1/701 710/1/710 709/1/709 
f 709/1/709 703/1/703 701/1/701 
f 660/1/660 659/1/659 710/1/710 
f 710/1/710 701/1/701 660/1/660 
f 711/1/711 710/1/710 659/1/659 
f 659/1/659 658/1/658 711/1/711 
f 713/1/713 714/1/714 715/1/715 
f 715/1/715 716/1/716 713/1/713 
f 706/1/706 715/1/715 714/1/714 
f 714/1/714 698/1/698 706/1/706 
f 708/1/708 717/1/717 715/1/715 
f 715/1/715 706/1/706 708/1/708 
f 716/1/716 715/1/715 717/1/717 
f 717/1/717 718/1/718 716/1/716 
f 718/1/718 719/1/719 720/1/720 
f 720/1/720 716/1/716 718/1/718 
f 10/1/10 720/1/720 719/1/719 
f 719/1/719 11/1/11 10/1/10 
f 7/1/7 721/1/721 720/1/720 
f 720/1/720 10/1/10 7/1/7 
f 716/1/716 720/1/720 721/1/721 
f 721/1/721 713/1/713 716/1/716 
f 722/1/722 723/1/723 724/1/724 
f 724/1/724 725/1/725 722/1/722 
f 708/1/708 707/1/707 725/1/725 
f 725/1/725 724/1/724 708/1/708 
f 703/1/703 709/1/709 725/1/725 
f 725/1/725 707/1/707 703/1/703 
f 709/1/709 712/1/712 722/1/722 
f 722/1/722 725/1/725 709/1/709 
f 724/1/724 726/1/726 717/1/717 
f 717/1/717 708/1/708 724/1/724 
f 723/1/723 727/1/727 726/1/726 
f 726/1/726 724/1/724 723/1/723 
f 718/1/718 717/1/717 726/1/726 
f 726/1/726 727/1/727 718/1/718 
f 11/1/11 719/1/719 728/1/728 
f 728/1/728 103/1/103 11/1/11 
f 729/1/729 728/1/728 719/1/719 
f 719/1/719 718/1/718 729/1/729 
f 730/1/730 731/1/731 728/1/728 
f 728/1/728 729/1/729 730/1/730 
f 104/1/104 103/1/103 728/1/728 
f 728/1/728 731/1/731 104/1/104 
f 712/1/712 711/1/711 732/1/732 
f 732/1/732 733/1/733 712/1/712 
f 666/1/666 732/1/732 711/1/711 
f 711/1/711 658/1/658 666/1/666 
f 668/1/668 734/1/734 732/1/732 
f 732/1/732 666/1/666 668/1/668 
f 733/1/733 732/1/732 734/1/734 
f 734/1/734 735/1/735 733/1/733 
f 736/1/736 730/1/730 729/1/729 
f 729/1/729 737/1/737 736/1/736 
f 727/1/727 737/1/737 729/1/729 
f 729/1/729 718/1/718 727/1/727 
f 723/1/723 738/1/738 737/1/737 
f 737/1/737 727/1/727 723/1/723 
f 736/1/736 737/1/737 738/1/738 
f 738/1/738 739/1/739 736/1/736 
f 739/1/739 738/1/738 740/1/740 
f 740/1/740 741/1/741 739/1/739 
f 722/1/722 740/1/740 738/1/738 
f 738/1/738 723/1/723 722/1/722 
f 733/1/733 740/1/740 722/1/722 
f 722/1/722 712/1/712 733/1/733 
f 741/1/741 740/1/740 733/1/733 
f 733/1/733 735/1/735 741/1/741 
f 735/1/735 734/1/734 742/1/742 
f 742/1/742 743/1/743 735/1/735 
f 675/1/675 742/1/742 734/1/734 
f 734/1/734 668/1/668 675/1/675 
f 676/1/676 744/1/744 742/1/742 
f 742/1/742 675/1/675 676/1/676 
f 743/1/743 742/1/742 744/1/744 
f 744/1/744 745/1/745 743/1/743 
f 735/1/735 743/1/743 746/1/746 
f 746/1/746 741/1/741 735/1/735 
f 747/1/747 746/1/746 743/1/743 
f 743/1/743 745/1/745 747/1/747 
f 748/1/748 749/1/749 746/1/746 
f 746/1/746 747/1/747 748/1/748 
f 741/1/741 746/1/746 749/1/749 
f 749/1/749 739/1/739 741/1/741 
f 730/1/730 736/1/736 750/1/750 
f 750/1/750 751/1/751 730/1/730 
f 749/1/749 750/1/750 736/1/736 
f 736/1/736 739/1/739 749/1/749 
f 752/1/752 750/1/750 749/1/749 
f 749/1/749 748/1/748 752/1/752 
f 752/1/752 753/1/753 751/1/751 
f 751/1/751 750/1/750 752/1/752 
f 108/1/108 107/1/107 754/1/754 
f 754/1/754 755/1/755 108/1/108 
f 731/1/731 754/1/754 107/1/107 
f 107/1/107 104/1/104 731/1/731 
f 730/1/730 751/1/751 754/1/754 
f 754/1/754 731/1/731 730/1/730 
f 755/1/755 754/1/754 751/1/751 
f 751/1/751 753/1/753 755/1/755 
f 756/1/756 757/1/757 758/1/758 
f 758/1/758 759/1/759 756/1/756 
f 747/1/747 758/1/758 757/1/757 
f 757/1/757 748/1/748 747/1/747 
f 745/1/745 760/1/760 758/1/758 
f 758/1/758 747/1/747 745/1/745 
f 759/1/759 758/1/758 760/1/760 
f 760/1/760 761/1/761 759/1/759 
f 745/1/745 744/1/744 762/1/762 
f 762/1/762 760/1/760 745/1/745 
f 685/1/685 762/1/762 744/1/744 
f 744/1/744 676/1/676 685/1/685 
f 686/1/686 763/1/763 762/1/762 
f 762/1/762 685/1/685 686/1/686 
f 760/1/760 762/1/762 763/1/763 
f 763/1/763 761/1/761 760/1/760 
f 748/1/748 757/1/757 764/1/764 
f 764/1/764 752/1/752 748/1/748 
f 765/1/765 764/1/764 757/1/757 
f 757/1/757 756/1/756 765/1/765 
f 752/1/752 764/1/764 765/1/765 
f 765/1/765 753/1/753 752/1/752 
f 686/1/686 684/1/684 766/1/766 
f 766/1/766 767/1/767 686/1/686 
f 680/1/680 766/1/766 684/1/684 
f 684/1/684 677/1/677 680/1/680 
f 346/1/346 768/1/768 766/1/766 
f 766/1/766 680/1/680 346/1/346 
f 767/1/767 766/1/766 768/1/768 
f 768/1/768 769/1/769 767/1/767 
f 299/1/299 298/1/298 770/1/770 
f 770/1/770 771/1/771 299/1/299 
f 755/1/755 770/1/770 298/1/298 
f 298/1/298 108/1/108 755/1/755 
f 753/1/753 772/1/772 770/1/770 
f 770/1/770 755/1/755 753/1/753 
f 771/1/771 770/1/770 772/1/772 
f 772/1/772 773/1/773 771/1/771 
f 767/1/767 774/1/774 763/1/763 
f 763/1/763 686/1/686 767/1/767 
f 774/1/774 767/1/767 769/1/769 
f 761/1/761 763/1/763 774/1/774 
f 774/1/774 775/1/775 761/1/761 
f 773/1/773 772/1/772 776/1/776 
f 776/1/776 777/1/777 773/1/773 
f 765/1/765 776/1/776 772/1/772 
f 772/1/772 753/1/753 765/1/765 
f 756/1/756 778/1/778 776/1/776 
f 776/1/776 765/1/765 756/1/756 
f 777/1/777 776/1/776 778/1/778 
f 778/1/778 779/1/779 777/1/777 
f 779/1/779 778/1/778 780/1/780 
f 780/1/780 781/1/781 779/1/779 
f 759/1/759 780/1/780 778/1/778 
f 778/1/778 756/1/756 759/1/759 
f 761/1/761 775/1/775 780/1/780 
f 780/1/780 759/1/759 761/1/761 
f 781/1/781 780/1/780 775/1/775 
f 775/1/775 769/1/769 781/1/781 
f 769/1/769 768/1/768 782/1/782 
f 782/1/782 783/1/783 769/1/769 
f 345/1/345 782/1/782 768/1/768 
f 768/1/768 346/1/346 345/1/345 
f 262/1/262 784/1/784 782/1/782 
f 782/1/782 345/1/345 262/1/262 
f 783/1/783 782/1/782 784/1/784 
f 784/1/784 785/1/785 783/1/783 
f 202/1/202 302/1/302 786/1/786 
f 786/1/786 787/1/787 202/1/202 
f 771/1/771 786/1/786 302/1/302 
f 302/1/302 299/1/299 771/1/771 
f 773/1/773 788/1/788 786/1/786 
f 786/1/786 771/1/771 773/1/773 
f 787/1/787 786/1/786 788/1/788 
f 788/1/788 789/1/789 787/1/787 
f 789/1/789 788/1/788 790/1/790 
f 790/1/790 791/1/791 789/1/789 
f 777/1/777 790/1/790 788/1/788 
f 788/1/788 773/1/773 777/1/777 
f 779/1/779 792/1/792 790/1/790 
f 790/1/790 777/1/777 779/1/779 
f 791/1/791 790/1/790 792/1/792 
f 792/1/792 793/1/793 791/1/791 
f 793/1/793 792/1/792 794/1/794 
f 794/1/794 795/1/795 793/1/793 
f 781/1/781 794/1/794 792/1/792 
f 792/1/792 779/1/779 781/1/781 
f 769/1/769 783/1/783 794/1/794 
f 794/1/794 781/1/781 769/1/769 
f 795/1/795 794/1/794 783/1/783 
f 783/1/783 785/1/785 795/1/795 
f 796/1/796 785/1/785 784/1/784 
f 784/1/784 797/1/797 796/1/796 
f 265/1/265 797/1/797 784/1/784 
f 784/1/784 262/1/262 265/1/265 
f 267/1/267 798/1/798 797/1/797 
f 797/1/797 265/1/265 267/1/267 
f 799/1/799 796/1/796 797/1/797 
f 797/1/797 798/1/798 799/1/799 
f 80/1/80 203/1/203 800/1/800 
f 800/1/800 801/1/801 80/1/80 
f 787/1/787 800/1/800 203/1/203 
f 203/1/203 202/1/202 787/1/787 
f 789/1/789 802/1/802 800/1/800 
f 800/1/800 787/1/787 789/1/789 
f 801/1/801 800/1/800 802/1/802 
f 802/1/802 803/1/803 801/1/801 
f 803/1/803 802/1/802 804/1/804 
f 804/1/804 805/1/805 803/1/803 
f 791/1/791 804/1/804 802/1/802 
f 802/1/802 789/1/789 791/1/791 
f 793/1/793 806/1/806 804/1/804 
f 804/1/804 791/1/791 793/1/793 
f 805/1/805 804/1/804 806/1/806 
f 806/1/806 807/1/807 805/1/805 
f 807/1/807 806/1/806 808/1/808 
f 808/1/808 809/1/809 807/1/807 
f 795/1/795 808/1/808 806/1/806 
f 806/1/806 793/1/793 795/1/795 
f 785/1/785 796/1/796 808/1/808 
f 808/1/808 795/1/795 785/1/785 
f 809/1/809 808/1/808 796/1/796 
f 796/1/796 799/1/799 809/1/809 
f 81/1/81 810/1/810 811/1/811 
f 811/1/811 85/1/85 81/1/81 
f 801/1/801 810/1/810 81/1/81 
f 81/1/81 80/1/80 801/1/801 
f 803/1/803 812/1/812 810/1/810 
f 810/1/810 801/1/801 803/1/803 
f 811/1/811 810/1/810 812/1/812 
f 812/1/812 813/1/813 811/1/811 
f 496/1/496 814/1/814 815/1/815 
f 815/1/815 497/1/497 496/1/496 
f 496/1/496 473/1/473 493/1/493 
f 814/1/814 493/1/493 490/1/490 
f 815/1/815 814/1/814 816/1/816 
f 816/1/816 817/1/817 815/1/815 
f 818/1/818 819/1/819 820/1/820 
f 820/1/820 821/1/821 818/1/818 
f 555/1/555 820/1/820 819/1/819 
f 819/1/819 556/1/556 555/1/555 
f 550/1/550 822/1/822 820/1/820 
f 820/1/820 555/1/555 550/1/550 
f 821/1/821 820/1/820 822/1/822 
f 822/1/822 817/1/817 821/1/821 
f 823/1/823 816/1/816 490/1/490 
f 522/1/522 823/1/823 489/1/489 
f 489/1/489 487/1/487 522/1/522 
f 524/1/524 824/1/824 823/1/823 
f 823/1/823 522/1/522 524/1/524 
f 816/1/816 823/1/823 824/1/824 
f 824/1/824 817/1/817 816/1/816 
f 549/1/549 825/1/825 822/1/822 
f 822/1/822 550/1/550 549/1/549 
f 525/1/525 825/1/825 549/1/549 
f 549/1/549 505/1/505 525/1/525 
f 497/1/497 815/1/815 825/1/825 
f 825/1/825 525/1/525 497/1/497 
f 822/1/822 825/1/825 815/1/815 
f 815/1/815 817/1/817 822/1/822 
f 826/1/826 827/1/827 828/1/828 
f 829/1/829 817/1/817 830/1/830 
f 826/1/826 830/1/830 831/1/831 
f 832/1/832 833/1/833 827/1/827 
f 833/1/833 832/1/832 834/1/834 
f 834/1/834 835/1/835 833/1/833 
f 836/1/836 834/1/834 832/1/832 
f 832/1/832 831/1/831 836/1/836 
f 837/1/837 838/1/838 834/1/834 
f 834/1/834 836/1/836 837/1/837 
f 838/1/838 839/1/839 835/1/835 
f 840/1/840 841/1/841 842/1/842 
f 842/1/842 843/1/843 840/1/840 
f 844/1/844 842/1/842 841/1/841 
f 841/1/841 845/1/845 844/1/844 
f 846/1/846 847/1/847 842/1/842 
f 842/1/842 844/1/844 846/1/846 
f 848/1/848 843/1/843 842/1/842 
f 842/1/842 847/1/847 848/1/848 
f 849/1/849 850/1/850 851/1/851 
f 851/1/851 852/1/852 849/1/849 
f 853/1/853 851/1/851 850/1/850 
f 850/1/850 854/1/854 853/1/853 
f 855/1/855 856/1/856 851/1/851 
f 851/1/851 853/1/853 855/1/855 
f 852/1/852 851/1/851 856/1/856 
f 856/1/856 857/1/857 852/1/852 
f 857/1/857 856/1/856 858/1/858 
f 858/1/858 859/1/859 857/1/857 
f 860/1/860 858/1/858 856/1/856 
f 856/1/856 855/1/855 860/1/860 
f 861/1/861 862/1/862 858/1/858 
f 858/1/858 860/1/860 861/1/861 
f 859/1/859 858/1/858 862/1/862 
f 862/1/862 863/1/863 859/1/859 
f 864/1/864 865/1/865 866/1/866 
f 866/1/866 867/1/867 864/1/864 
f 852/1/852 866/1/866 865/1/865 
f 865/1/865 849/1/849 852/1/852 
f 857/1/857 868/1/868 866/1/866 
f 866/1/866 852/1/852 857/1/857 
f 867/1/867 866/1/866 868/1/868 
f 868/1/868 869/1/869 867/1/867 
f 870/1/870 871/1/871 872/1/872 
f 867/1/867 870/1/870 873/1/873 
f 873/1/873 864/1/864 867/1/867 
f 870/1/870 867/1/867 869/1/869 
f 871/1/871 870/1/870 874/1/874 
f 874/1/874 875/1/875 871/1/871 
f 869/1/869 868/1/868 876/1/876 
f 876/1/876 877/1/877 869/1/869 
f 859/1/859 876/1/876 868/1/868 
f 868/1/868 857/1/857 859/1/859 
f 863/1/863 878/1/878 876/1/876 
f 876/1/876 859/1/859 863/1/863 
f 877/1/877 876/1/876 878/1/878 
f 878/1/878 879/1/879 877/1/877 
f 879/1/879 878/1/878 880/1/880 
f 880/1/880 881/1/881 879/1/879 
f 882/1/882 880/1/880 878/1/878 
f 878/1/878 863/1/863 882/1/882 
f 85/1/85 811/1/811 880/1/880 
f 880/1/880 882/1/882 85/1/85 
f 881/1/881 880/1/880 811/1/811 
f 811/1/811 813/1/813 881/1/881 
f 883/1/883 884/1/884 885/1/885 
f 885/1/885 886/1/886 883/1/883 
f 887/1/887 885/1/885 884/1/884 
f 884/1/884 888/1/888 887/1/887 
f 872/1/872 889/1/889 885/1/885 
f 885/1/885 887/1/887 872/1/872 
f 886/1/886 885/1/885 889/1/889 
f 889/1/889 890/1/890 886/1/886 
f 813/1/813 812/1/812 891/1/891 
f 891/1/891 892/1/892 813/1/813 
f 805/1/805 891/1/891 812/1/812 
f 812/1/812 803/1/803 805/1/805 
f 807/1/807 893/1/893 891/1/891 
f 891/1/891 805/1/805 807/1/807 
f 892/1/892 891/1/891 893/1/893 
f 893/1/893 894/1/894 892/1/892 
f 895/1/895 896/1/896 897/1/897 
f 897/1/897 898/1/898 895/1/895 
f 895/1/895 799/1/799 798/1/798 
f 899/1/899 896/1/896 798/1/798 
f 798/1/798 267/1/267 899/1/899 
f 897/1/897 896/1/896 899/1/899 
f 899/1/899 900/1/900 897/1/897 
f 894/1/894 893/1/893 901/1/901 
f 901/1/901 902/1/902 894/1/894 
f 809/1/809 901/1/901 893/1/893 
f 893/1/893 807/1/807 809/1/809 
f 799/1/799 895/1/895 901/1/901 
f 901/1/901 809/1/809 799/1/799 
f 902/1/902 901/1/901 895/1/895 
f 895/1/895 898/1/898 902/1/902 
f 903/1/903 897/1/897 900/1/900 
f 574/1/574 903/1/903 904/1/904 
f 904/1/904 575/1/575 574/1/574 
f 905/1/905 903/1/903 574/1/574 
f 574/1/574 573/1/573 905/1/905 
f 903/1/903 905/1/905 898/1/898 
f 906/1/906 907/1/907 879/1/879 
f 892/1/892 906/1/906 881/1/881 
f 881/1/881 813/1/813 892/1/892 
f 894/1/894 908/1/908 906/1/906 
f 906/1/906 892/1/892 894/1/894 
f 908/1/908 909/1/909 907/1/907 
f 910/1/910 911/1/911 875/1/875 
f 874/1/874 869/1/869 877/1/877 
f 879/1/879 907/1/907 910/1/910 
f 910/1/910 877/1/877 879/1/879 
f 907/1/907 909/1/909 911/1/911 
f 890/1/890 889/1/889 912/1/912 
f 912/1/912 913/1/913 890/1/890 
f 871/1/871 912/1/912 889/1/889 
f 889/1/889 872/1/872 871/1/871 
f 875/1/875 911/1/911 912/1/912 
f 912/1/912 871/1/871 875/1/875 
f 911/1/911 909/1/909 913/1/913 
f 914/1/914 915/1/915 916/1/916 
f 916/1/916 917/1/917 918/1/918 
f 913/1/913 919/1/919 918/1/918 
f 918/1/918 890/1/890 913/1/913 
f 919/1/919 913/1/913 909/1/909 
f 915/1/915 914/1/914 920/1/920 
f 920/1/920 921/1/921 915/1/915 
f 922/1/922 920/1/920 914/1/914 
f 914/1/914 909/1/909 922/1/922 
f 920/1/920 922/1/922 923/1/923 
f 921/1/921 920/1/920 924/1/924 
f 924/1/924 925/1/925 921/1/921 
f 923/1/923 926/1/926 927/1/927 
f 927/1/927 924/1/924 923/1/923 
f 905/1/905 927/1/927 926/1/926 
f 926/1/926 898/1/898 905/1/905 
f 573/1/573 928/1/928 927/1/927 
f 927/1/927 905/1/905 573/1/573 
f 924/1/924 927/1/927 928/1/928 
f 928/1/928 925/1/925 924/1/924 
f 902/1/902 929/1/929 908/1/908 
f 908/1/908 894/1/894 902/1/902 
f 898/1/898 926/1/926 929/1/929 
f 929/1/929 902/1/902 898/1/898 
f 923/1/923 922/1/922 929/1/929 
f 929/1/929 926/1/926 923/1/923 
f 922/1/922 909/1/909 908/1/908 
f 436/1/436 930/1/930 931/1/931 
f 931/1/931 431/1/431 436/1/436 
f 932/1/932 933/1/933 931/1/931 
f 931/1/931 930/1/930 932/1/932 
f 444/1/444 443/1/443 931/1/931 
f 931/1/931 933/1/933 444/1/444 
f 431/1/431 931/1/931 443/1/443 
f 443/1/443 428/1/428 431/1/431 
f 934/1/934 935/1/935 936/1/936 
f 936/1/936 937/1/937 934/1/934 
f 434/1/434 432/1/432 936/1/936 
f 936/1/936 935/1/935 434/1/434 
f 433/1/433 467/1/467 936/1/936 
f 936/1/936 432/1/432 433/1/433 
f 460/1/460 937/1/937 936/1/936 
f 936/1/936 467/1/467 460/1/460 
f 938/1/938 939/1/939 940/1/940 
f 940/1/940 941/1/941 938/1/938 
f 453/1/453 940/1/940 939/1/939 
f 939/1/939 454/1/454 453/1/453 
f 450/1/450 942/1/942 940/1/940 
f 940/1/940 453/1/453 450/1/450 
f 941/1/941 940/1/940 942/1/942 
f 942/1/942 943/1/943 941/1/941 
f 449/1/449 944/1/944 942/1/942 
f 942/1/942 450/1/450 449/1/449 
f 933/1/933 944/1/944 449/1/449 
f 449/1/449 444/1/444 933/1/933 
f 932/1/932 945/1/945 944/1/944 
f 944/1/944 933/1/933 932/1/932 
f 942/1/942 944/1/944 945/1/945 
f 945/1/945 943/1/943 942/1/942 
f 934/1/934 937/1/937 946/1/946 
f 946/1/946 947/1/947 934/1/934 
f 459/1/459 946/1/946 937/1/937 
f 937/1/937 460/1/460 459/1/459 
f 454/1/454 939/1/939 946/1/946 
f 946/1/946 459/1/459 454/1/454 
f 947/1/947 946/1/946 939/1/939 
f 939/1/939 938/1/938 947/1/947 
f 948/1/948 949/1/949 950/1/950 
f 950/1/950 951/1/951 948/1/948 
f 947/1/947 950/1/950 949/1/949 
f 949/1/949 934/1/934 947/1/947 
f 938/1/938 941/1/941 950/1/950 
f 950/1/950 947/1/947 938/1/938 
f 950/1/950 941/1/941 943/1/943 
f 932/1/932 930/1/930 952/1/952 
f 952/1/952 945/1/945 932/1/932 
f 952/1/952 930/1/930 436/1/436 
f 952/1/952 953/1/953 948/1/948 
f 945/1/945 952/1/952 951/1/951 
f 951/1/951 943/1/943 945/1/945 
f 948/1/948 953/1/953 954/1/954 
f 954/1/954 949/1/949 948/1/948 
f 436/1/436 435/1/435 954/1/954 
f 434/1/434 935/1/935 954/1/954 
f 954/1/954 435/1/435 434/1/434 
f 949/1/949 954/1/954 935/1/935 
f 935/1/935 934/1/934 949/1/949 
f 374/1/374 955/1/955 956/1/956 
f 956/1/956 375/1/375 374/1/374 
f 351/1/351 955/1/955 374/1/374 
f 374/1/374 348/1/348 351/1/351 
f 356/1/356 957/1/957 955/1/955 
f 955/1/955 351/1/351 356/1/356 
f 956/1/956 955/1/955 957/1/957 
f 957/1/957 362/1/362 956/1/956 
f 362/1/362 957/1/957 958/1/958 
f 958/1/958 361/1/361 362/1/362 
f 356/1/356 355/1/355 958/1/958 
f 958/1/958 957/1/957 356/1/356 
f 354/1/354 386/1/386 958/1/958 
f 958/1/958 355/1/355 354/1/354 
f 361/1/361 958/1/958 386/1/386 
f 386/1/386 363/1/363 361/1/361 
f 357/1/357 367/1/367 959/1/959 
f 959/1/959 358/1/358 357/1/357 
f 960/1/960 959/1/959 367/1/367 
f 367/1/367 366/1/366 960/1/960 
f 959/1/959 960/1/960 375/1/375 
f 362/1/362 358/1/358 959/1/959 
f 959/1/959 956/1/956 362/1/362 
f 366/1/366 369/1/369 961/1/961 
f 961/1/961 960/1/960 366/1/366 
f 398/1/398 961/1/961 369/1/369 
f 369/1/369 371/1/371 398/1/398 
f 377/1/377 376/1/376 961/1/961 
f 961/1/961 398/1/398 377/1/377 
f 960/1/960 961/1/961 376/1/376 
f 376/1/376 375/1/375 960/1/960 
f 890/1/890 918/1/918 962/1/962 
f 962/1/962 886/1/886 890/1/890 
f 963/1/963 962/1/962 918/1/918 
f 918/1/918 917/1/917 963/1/963 
f 964/1/964 965/1/965 962/1/962 
f 962/1/962 963/1/963 964/1/964 
f 886/1/886 962/1/962 965/1/965 
f 965/1/965 883/1/883 886/1/886 
f 556/1/556 819/1/819 966/1/966 
f 966/1/966 967/1/967 556/1/556 
f 968/1/968 966/1/966 819/1/819 
f 819/1/819 818/1/818 968/1/968 
f 969/1/969 970/1/970 966/1/966 
f 966/1/966 968/1/968 969/1/969 
f 967/1/967 966/1/966 970/1/970 
f 970/1/970 971/1/971 967/1/967 
f 972/1/972 973/1/973 974/1/974 
f 974/1/974 975/1/975 972/1/972 
f 963/1/963 974/1/974 973/1/973 
f 973/1/973 964/1/964 963/1/963 
f 917/1/917 916/1/916 974/1/974 
f 974/1/974 963/1/963 917/1/917 
f 916/1/916 915/1/915 975/1/975 
f 971/1/971 970/1/970 976/1/976 
f 976/1/976 977/1/977 971/1/971 
f 978/1/978 976/1/976 970/1/970 
f 970/1/970 969/1/969 978/1/978 
f 964/1/964 973/1/973 976/1/976 
f 976/1/976 978/1/978 964/1/964 
f 977/1/977 976/1/976 973/1/973 
f 973/1/973 972/1/972 977/1/977 
f 569/1/569 582/1/582 979/1/979 
f 979/1/979 980/1/980 569/1/569 
f 562/1/562 979/1/979 582/1/582 
f 582/1/582 563/1/563 562/1/562 
f 561/1/561 981/1/981 979/1/979 
f 979/1/979 562/1/562 561/1/561 
f 980/1/980 979/1/979 981/1/981 
f 981/1/981 982/1/982 980/1/980 
f 983/1/983 982/1/982 984/1/984 
f 975/1/975 985/1/985 984/1/984 
f 984/1/984 972/1/972 975/1/975 
f 985/1/985 975/1/975 915/1/915 
f 983/1/983 985/1/985 921/1/921 
f 921/1/921 925/1/925 983/1/983 
f 986/1/986 987/1/987 988/1/988 
f 988/1/988 989/1/989 986/1/986 
f 977/1/977 988/1/988 987/1/987 
f 987/1/987 971/1/971 977/1/977 
f 972/1/972 984/1/984 988/1/988 
f 988/1/988 977/1/977 972/1/972 
f 982/1/982 989/1/989 988/1/988 
f 988/1/988 984/1/984 982/1/982 
f 925/1/925 928/1/928 990/1/990 
f 990/1/990 983/1/983 925/1/925 
f 570/1/570 990/1/990 928/1/928 
f 928/1/928 573/1/573 570/1/570 
f 570/1/570 569/1/569 980/1/980 
f 983/1/983 990/1/990 980/1/980 
f 980/1/980 982/1/982 983/1/983 
f 991/1/991 981/1/981 561/1/561 
f 992/1/992 991/1/991 568/1/568 
f 568/1/568 558/1/558 992/1/992 
f 986/1/986 989/1/989 991/1/991 
f 991/1/991 992/1/992 986/1/986 
f 989/1/989 982/1/982 981/1/981 
f 558/1/558 557/1/557 993/1/993 
f 993/1/993 992/1/992 558/1/558 
f 967/1/967 993/1/993 557/1/557 
f 557/1/557 556/1/556 967/1/967 
f 971/1/971 987/1/987 993/1/993 
f 993/1/993 967/1/967 971/1/971 
f 992/1/992 993/1/993 987/1/987 
f 987/1/987 986/1/986 992/1/992 
f 848/1/848 994/1/994 995/1/995 
f 995/1/995 996/1/996 848/1/848 
f 997/1/997 995/1/995 994/1/994 
f 994/1/994 998/1/998 997/1/997 
f 999/1/999 1000/1/1000 995/1/995 
f 995/1/995 997/1/997 999/1/999 
f 996/1/996 995/1/995 1000/1/1000 
f 1000/1/1000 1001/1/1001 996/1/996 
f 818/1/818 821/1/821 1002/1/1002 
f 1002/1/1002 1003/1/1003 818/1/818 
f 829/1/829 1002/1/1002 821/1/821 
f 821/1/821 817/1/817 829/1/829 
f 828/1/828 1004/1/1004 1002/1/1002 
f 1002/1/1002 829/1/829 828/1/828 
f 1003/1/1003 1002/1/1002 1004/1/1004 
f 1004/1/1004 1005/1/1005 1003/1/1003 
f 969/1/969 968/1/968 1006/1/1006 
f 1006/1/1006 1007/1/1007 969/1/969 
f 1003/1/1003 1006/1/1006 968/1/968 
f 968/1/968 818/1/818 1003/1/1003 
f 1005/1/1005 1008/1/1008 1006/1/1006 
f 1006/1/1006 1003/1/1003 1005/1/1005 
f 1008/1/1008 1009/1/1009 1007/1/1007 
f 1010/1/1010 1007/1/1007 1009/1/1009 
f 1011/1/1011 883/1/883 965/1/965 
f 1010/1/1010 965/1/965 964/1/964 
f 978/1/978 969/1/969 1007/1/1007 
f 1009/1/1009 1008/1/1008 1012/1/1012 
f 1012/1/1012 1013/1/1013 1009/1/1009 
f 1008/1/1008 1005/1/1005 1014/1/1014 
f 1015/1/1015 1016/1/1016 1012/1/1012 
f 1012/1/1012 1014/1/1014 1015/1/1015 
f 1013/1/1013 1012/1/1012 1016/1/1016 
f 1016/1/1016 1017/1/1017 1013/1/1013 
f 1018/1/1018 1019/1/1019 1013/1/1013 
f 1013/1/1013 1017/1/1017 1018/1/1018 
f 888/1/888 884/1/884 1019/1/1019 
f 1019/1/1019 1018/1/1018 888/1/888 
f 1011/1/1011 1019/1/1019 884/1/884 
f 884/1/884 883/1/883 1011/1/1011 
f 1013/1/1013 1019/1/1019 1011/1/1011 
f 1011/1/1011 1009/1/1009 1013/1/1013 
f 1020/1/1020 1021/1/1021 1022/1/1022 
f 1022/1/1022 1023/1/1023 1020/1/1020 
f 1024/1/1024 1022/1/1022 1021/1/1021 
f 1021/1/1021 1001/1/1001 1024/1/1024 
f 1025/1/1025 1022/1/1022 1024/1/1024 
f 1024/1/1024 1026/1/1026 1025/1/1025 
f 1023/1/1023 1022/1/1022 1025/1/1025 
f 1025/1/1025 1027/1/1027 1023/1/1023 
f 1028/1/1028 1029/1/1029 1030/1/1030 
f 1030/1/1030 1031/1/1031 1028/1/1028 
f 1018/1/1018 1030/1/1030 1029/1/1029 
f 1029/1/1029 888/1/888 1018/1/1018 
f 1017/1/1017 1032/1/1032 1030/1/1030 
f 1030/1/1030 1018/1/1018 1017/1/1017 
f 1031/1/1031 1030/1/1030 1032/1/1032 
f 1032/1/1032 1033/1/1033 1031/1/1031 
f 843/1/843 1034/1/1034 1035/1/1035 
f 1035/1/1035 840/1/840 843/1/843 
f 996/1/996 1034/1/1034 843/1/843 
f 843/1/843 848/1/848 996/1/996 
f 1001/1/1001 1021/1/1021 1034/1/1034 
f 1034/1/1034 996/1/996 1001/1/1001 
f 1021/1/1021 1020/1/1020 1035/1/1035 
f 1035/1/1035 1034/1/1034 1021/1/1021 
f 1015/1/1015 1036/1/1036 1037/1/1037 
f 1037/1/1037 1016/1/1016 1015/1/1015 
f 1038/1/1038 1039/1/1039 1037/1/1037 
f 1037/1/1037 1036/1/1036 1038/1/1038 
f 1033/1/1033 1032/1/1032 1037/1/1037 
f 1037/1/1037 1039/1/1039 1033/1/1033 
f 1016/1/1016 1037/1/1037 1032/1/1032 
f 1032/1/1032 1017/1/1017 1016/1/1016 
f 1028/1/1028 1040/1/1040 1041/1/1041 
f 1041/1/1041 1042/1/1042 1028/1/1028 
f 1043/1/1043 1041/1/1041 1040/1/1040 
f 1040/1/1040 1027/1/1027 1043/1/1043 
f 849/1/849 865/1/865 1041/1/1041 
f 1041/1/1041 1043/1/1043 849/1/849 
f 1042/1/1042 1041/1/1041 865/1/865 
f 865/1/865 864/1/864 1042/1/1042 
f 1044/1/1044 1020/1/1020 1023/1/1023 
f 1023/1/1023 1045/1/1045 1044/1/1044 
f 1027/1/1027 1040/1/1040 1045/1/1045 
f 1045/1/1045 1023/1/1023 1027/1/1027 
f 1031/1/1031 1045/1/1045 1040/1/1040 
f 1040/1/1040 1028/1/1028 1031/1/1031 
f 1033/1/1033 1044/1/1044 1045/1/1045 
f 1045/1/1045 1031/1/1031 1033/1/1033 
f 864/1/864 873/1/873 1046/1/1046 
f 1046/1/1046 1042/1/1042 864/1/864 
f 887/1/887 1046/1/1046 873/1/873 
f 873/1/873 872/1/872 887/1/887 
f 888/1/888 1029/1/1029 1046/1/1046 
f 1046/1/1046 887/1/887 888/1/888 
f 1042/1/1042 1046/1/1046 1029/1/1029 
f 1029/1/1029 1028/1/1028 1042/1/1042 
f 1044/1/1044 1033/1/1033 1039/1/1039 
f 1039/1/1039 1047/1/1047 1044/1/1044 
f 1048/1/1048 1047/1/1047 1039/1/1039 
f 1039/1/1039 1038/1/1038 1048/1/1048 
f 840/1/840 1035/1/1035 1047/1/1047 
f 1047/1/1047 1048/1/1048 840/1/840 
f 1044/1/1044 1047/1/1047 1035/1/1035 
f 1035/1/1035 1020/1/1020 1044/1/1044 
f 1049/1/1049 1050/1/1050 1051/1/1051 
f 1051/1/1051 1052/1/1052 1049/1/1049 
f 899/1/899 1051/1/1051 1050/1/1050 
f 1050/1/1050 900/1/900 899/1/899 
f 267/1/267 266/1/266 1051/1/1051 
f 1051/1/1051 899/1/899 267/1/267 
f 1052/1/1052 1051/1/1051 266/1/266 
f 266/1/266 252/1/252 1052/1/1052 
f 252/1/252 251/1/251 1053/1/1053 
f 1053/1/1053 1052/1/1052 252/1/252 
f 1054/1/1054 1053/1/1053 251/1/251 
f 251/1/251 250/1/250 1054/1/1054 
f 1055/1/1055 1056/1/1056 1053/1/1053 
f 1053/1/1053 1054/1/1054 1055/1/1055 
f 1052/1/1052 1053/1/1053 1056/1/1056 
f 1056/1/1056 1049/1/1049 1052/1/1052 
f 1049/1/1049 1056/1/1056 1057/1/1057 
f 1057/1/1057 1058/1/1058 1049/1/1049 
f 1059/1/1059 1057/1/1057 1056/1/1056 
f 1056/1/1056 1055/1/1055 1059/1/1059 
f 1060/1/1060 1061/1/1061 1057/1/1057 
f 1057/1/1057 1059/1/1059 1060/1/1060 
f 1058/1/1058 1057/1/1057 1061/1/1061 
f 1061/1/1061 1062/1/1062 1058/1/1058 
f 239/1/239 1063/1/1063 1064/1/1064 
f 1064/1/1064 241/1/241 239/1/239 
f 240/1/240 1065/1/1065 1063/1/1063 
f 1063/1/1063 239/1/239 240/1/240 
f 1066/1/1066 1063/1/1063 1065/1/1065 
f 1065/1/1065 1067/1/1067 1066/1/1066 
f 1068/1/1068 1064/1/1064 1063/1/1063 
f 1063/1/1063 1066/1/1066 1068/1/1068 
f 1069/1/1069 1070/1/1070 230/1/230 
f 229/1/229 228/1/228 1071/1/1071 
f 1072/1/1072 1073/1/1073 1069/1/1069 
f 1069/1/1069 1071/1/1071 1072/1/1072 
f 1073/1/1073 1074/1/1074 1070/1/1070 
f 1075/1/1075 1076/1/1076 1077/1/1077 
f 1077/1/1077 1078/1/1078 1075/1/1075 
f 1079/1/1079 1077/1/1077 1076/1/1076 
f 1076/1/1076 1080/1/1080 1079/1/1079 
f 258/1/258 254/1/254 1077/1/1077 
f 1077/1/1077 1079/1/1079 258/1/258 
f 1078/1/1078 1077/1/1077 254/1/254 
f 254/1/254 253/1/253 1078/1/1078 
f 1081/1/1081 1082/1/1082 1083/1/1083 
f 1083/1/1083 1084/1/1084 1081/1/1081 
f 222/1/222 1083/1/1083 1082/1/1082 
f 1082/1/1082 223/1/223 222/1/222 
f 217/1/217 1085/1/1085 1083/1/1083 
f 1083/1/1083 222/1/222 217/1/217 
f 1084/1/1084 1083/1/1083 1085/1/1085 
f 1085/1/1085 1086/1/1086 1084/1/1084 
f 1087/1/1087 1088/1/1088 1089/1/1089 
f 1089/1/1089 1090/1/1090 1087/1/1087 
f 210/1/210 1089/1/1089 1088/1/1088 
f 1088/1/1088 211/1/211 210/1/210 
f 88/1/88 87/1/87 1089/1/1089 
f 1089/1/1089 210/1/210 88/1/88 
f 1090/1/1090 1089/1/1089 87/1/87 
f 87/1/87 86/1/86 1090/1/1090 
f 1086/1/1086 1085/1/1085 1091/1/1091 
f 1091/1/1091 1092/1/1092 1086/1/1086 
f 216/1/216 1091/1/1091 1085/1/1085 
f 1085/1/1085 217/1/217 216/1/216 
f 211/1/211 1088/1/1088 1091/1/1091 
f 1091/1/1091 216/1/216 211/1/211 
f 1092/1/1092 1091/1/1091 1088/1/1088 
f 1088/1/1088 1087/1/1087 1092/1/1092 
f 1093/1/1093 1094/1/1094 1095/1/1095 
f 1095/1/1095 1096/1/1096 1093/1/1093 
f 1092/1/1092 1095/1/1095 1094/1/1094 
f 1094/1/1094 1086/1/1086 1092/1/1092 
f 1087/1/1087 1097/1/1097 1095/1/1095 
f 1095/1/1095 1092/1/1092 1087/1/1087 
f 1096/1/1096 1095/1/1095 1097/1/1097 
f 1097/1/1097 1098/1/1098 1096/1/1096 
f 84/1/84 1099/1/1099 1100/1/1100 
f 1100/1/1100 86/1/86 84/1/84 
f 882/1/882 1099/1/1099 84/1/84 
f 84/1/84 85/1/85 882/1/882 
f 1101/1/1101 1099/1/1099 882/1/882 
f 882/1/882 863/1/863 1101/1/1101 
f 1101/1/1101 1102/1/1102 1100/1/1100 
f 1098/1/1098 1097/1/1097 1103/1/1103 
f 1103/1/1103 1104/1/1104 1098/1/1098 
f 1090/1/1090 1103/1/1103 1097/1/1097 
f 1097/1/1097 1087/1/1087 1090/1/1090 
f 86/1/86 1100/1/1100 1103/1/1103 
f 1103/1/1103 1090/1/1090 86/1/86 
f 1104/1/1104 1103/1/1103 1100/1/1100 
f 1100/1/1100 1102/1/1102 1104/1/1104 
f 1105/1/1105 1106/1/1106 1107/1/1107 
f 1107/1/1107 1108/1/1108 1105/1/1105 
f 1106/1/1106 1109/1/1109 1110/1/1110 
f 1107/1/1107 1110/1/1110 1111/1/1111 
f 1112/1/1112 1113/1/1113 1108/1/1108 
f 1114/1/1114 1115/1/1115 1116/1/1116 
f 1116/1/1116 1117/1/1117 1114/1/1114 
f 1118/1/1118 1116/1/1116 1115/1/1115 
f 1115/1/1115 1119/1/1119 1118/1/1118 
f 1109/1/1109 1106/1/1106 1116/1/1116 
f 1116/1/1116 1118/1/1118 1109/1/1109 
f 1117/1/1117 1116/1/1116 1106/1/1106 
f 1106/1/1106 1105/1/1105 1117/1/1117 
f 1120/1/1120 1121/1/1121 1122/1/1122 
f 1122/1/1122 1123/1/1123 1120/1/1120 
f 1124/1/1124 1125/1/1125 1121/1/1121 
f 1121/1/1121 1120/1/1120 1124/1/1124 
f 1126/1/1126 1121/1/1121 1125/1/1125 
f 1125/1/1125 1127/1/1127 1126/1/1126 
f 1128/1/1128 1122/1/1122 1121/1/1121 
f 1121/1/1121 1126/1/1126 1128/1/1128 
f 1129/1/1129 1130/1/1130 1131/1/1131 
f 1131/1/1131 1132/1/1132 1129/1/1129 
f 1133/1/1133 1131/1/1131 1130/1/1130 
f 1130/1/1130 1134/1/1134 1133/1/1133 
f 1135/1/1135 1136/1/1136 1131/1/1131 
f 1131/1/1131 1133/1/1133 1135/1/1135 
f 1132/1/1132 1131/1/1131 1136/1/1136 
f 1136/1/1136 1137/1/1137 1132/1/1132 
f 1062/1/1062 1061/1/1061 1138/1/1138 
f 1138/1/1138 1139/1/1139 1062/1/1062 
f 1140/1/1140 1138/1/1138 1061/1/1061 
f 1061/1/1061 1060/1/1060 1140/1/1140 
f 1138/1/1138 1140/1/1140 1141/1/1141 
f 1139/1/1139 1138/1/1138 1142/1/1142 
f 1142/1/1142 1143/1/1143 1139/1/1139 
f 1144/1/1144 1145/1/1145 1146/1/1146 
f 1147/1/1147 1148/1/1148 1146/1/1146 
f 1146/1/1146 1149/1/1149 1147/1/1147 
f 1148/1/1148 1147/1/1147 1150/1/1150 
f 1144/1/1144 1148/1/1148 1151/1/1151 
f 1151/1/1151 1152/1/1152 1144/1/1144 
f 1153/1/1153 1154/1/1154 1143/1/1143 
f 1142/1/1142 1141/1/1141 1155/1/1155 
f 1155/1/1155 1153/1/1153 1142/1/1142 
f 1153/1/1153 1155/1/1155 1156/1/1156 
f 1157/1/1157 1154/1/1154 1153/1/1153 
f 1153/1/1153 1158/1/1158 1157/1/1157 
f 1159/1/1159 1160/1/1160 1157/1/1157 
f 1158/1/1158 1156/1/1156 1161/1/1161 
f 1145/1/1145 1144/1/1144 1159/1/1159 
f 1159/1/1159 1161/1/1161 1145/1/1145 
f 1159/1/1159 1144/1/1144 1152/1/1152 
f 900/1/900 1050/1/1050 1162/1/1162 
f 1162/1/1162 1163/1/1163 900/1/900 
f 1058/1/1058 1162/1/1162 1050/1/1050 
f 1050/1/1050 1049/1/1049 1058/1/1058 
f 1062/1/1062 1164/1/1164 1162/1/1162 
f 1162/1/1162 1058/1/1058 1062/1/1062 
f 1163/1/1163 1162/1/1162 1164/1/1164 
f 1164/1/1164 1165/1/1165 1163/1/1163 
f 1166/1/1166 1165/1/1165 1164/1/1164 
f 1062/1/1062 1139/1/1139 1167/1/1167 
f 1167/1/1167 1164/1/1164 1062/1/1062 
f 1143/1/1143 1166/1/1166 1167/1/1167 
f 1167/1/1167 1139/1/1139 1143/1/1143 
f 1168/1/1168 1169/1/1169 1170/1/1170 
f 1170/1/1170 1171/1/1171 1168/1/1168 
f 1170/1/1170 1169/1/1169 1165/1/1165 
f 1166/1/1166 1143/1/1143 1154/1/1154 
f 1154/1/1154 1157/1/1157 1171/1/1171 
f 1172/1/1172 1171/1/1171 1157/1/1157 
f 1160/1/1160 1152/1/1152 1173/1/1173 
f 1174/1/1174 1175/1/1175 1172/1/1172 
f 1172/1/1172 1173/1/1173 1174/1/1174 
f 1175/1/1175 1168/1/1168 1171/1/1171 
f 577/1/577 576/1/576 1176/1/1176 
f 1176/1/1176 585/1/585 577/1/577 
f 1177/1/1177 1176/1/1176 576/1/576 
f 576/1/576 575/1/575 1177/1/1177 
f 1178/1/1178 1179/1/1179 1176/1/1176 
f 1176/1/1176 1177/1/1177 1178/1/1178 
f 585/1/585 1176/1/1176 1179/1/1179 
f 1179/1/1179 586/1/586 585/1/585 
f 575/1/575 904/1/904 1180/1/1180 
f 1180/1/1180 1177/1/1177 575/1/575 
f 1163/1/1163 1180/1/1180 904/1/904 
f 904/1/904 900/1/900 1163/1/1163 
f 1165/1/1165 1181/1/1181 1180/1/1180 
f 1180/1/1180 1163/1/1163 1165/1/1165 
f 1177/1/1177 1180/1/1180 1181/1/1181 
f 1181/1/1181 1178/1/1178 1177/1/1177 
f 594/1/594 590/1/590 1182/1/1182 
f 1182/1/1182 1183/1/1183 594/1/594 
f 590/1/590 589/1/589 602/1/602 
f 601/1/601 1184/1/1184 1182/1/1182 
f 1182/1/1182 602/1/602 601/1/601 
f 1183/1/1183 1182/1/1182 1184/1/1184 
f 1184/1/1184 1185/1/1185 1183/1/1183 
f 1169/1/1169 1186/1/1186 1181/1/1181 
f 1181/1/1181 1165/1/1165 1169/1/1169 
f 1187/1/1187 1186/1/1186 1169/1/1169 
f 1169/1/1169 1168/1/1168 1187/1/1187 
f 1188/1/1188 1186/1/1186 1187/1/1187 
f 1187/1/1187 1189/1/1189 1188/1/1188 
f 1178/1/1178 1181/1/1181 1186/1/1186 
f 1186/1/1186 1188/1/1188 1178/1/1178 
f 1190/1/1190 1191/1/1191 1192/1/1192 
f 1192/1/1192 1185/1/1185 1190/1/1190 
f 1193/1/1193 1191/1/1191 1190/1/1190 
f 1190/1/1190 1189/1/1189 1193/1/1193 
f 1194/1/1194 1192/1/1192 1191/1/1191 
f 1191/1/1191 1193/1/1193 1194/1/1194 
f 586/1/586 1179/1/1179 1195/1/1195 
f 1195/1/1195 1196/1/1196 586/1/586 
f 1188/1/1188 1195/1/1195 1179/1/1179 
f 1179/1/1179 1178/1/1178 1188/1/1188 
f 1189/1/1189 1190/1/1190 1195/1/1195 
f 1195/1/1195 1188/1/1188 1189/1/1189 
f 1196/1/1196 1195/1/1195 1190/1/1190 
f 1190/1/1190 1185/1/1185 1196/1/1196 
f 629/1/629 627/1/627 1197/1/1197 
f 1197/1/1197 1198/1/1198 629/1/629 
f 587/1/587 1197/1/1197 627/1/627 
f 627/1/627 588/1/588 587/1/587 
f 1196/1/1196 1197/1/1197 587/1/587 
f 587/1/587 586/1/586 1196/1/1196 
f 1196/1/1196 1185/1/1185 1198/1/1198 
f 611/1/611 1199/1/1199 1184/1/1184 
f 1184/1/1184 601/1/601 611/1/611 
f 612/1/612 635/1/635 1199/1/1199 
f 1199/1/1199 611/1/611 612/1/612 
f 635/1/635 629/1/629 1198/1/1198 
f 1198/1/1198 1185/1/1185 1184/1/1184 
f 1200/1/1200 1187/1/1187 1168/1/1168 
f 1201/1/1201 1200/1/1200 1175/1/1175 
f 1175/1/1175 1174/1/1174 1201/1/1201 
f 1194/1/1194 1193/1/1193 1200/1/1200 
f 1200/1/1200 1201/1/1201 1194/1/1194 
f 1189/1/1189 1187/1/1187 1200/1/1200 
f 1200/1/1200 1193/1/1193 1189/1/1189 
f 1202/1/1202 1203/1/1203 1204/1/1204 
f 1204/1/1204 1205/1/1205 1202/1/1202 
f 1206/1/1206 1204/1/1204 1203/1/1203 
f 1203/1/1203 1207/1/1207 1206/1/1206 
f 1208/1/1208 1209/1/1209 1204/1/1204 
f 1204/1/1204 1206/1/1206 1208/1/1208 
f 1205/1/1205 1204/1/1204 1209/1/1209 
f 1209/1/1209 1210/1/1210 1205/1/1205 
f 1208/1/1208 1206/1/1206 1211/1/1211 
f 1211/1/1211 1212/1/1212 1208/1/1208 
f 1206/1/1206 1207/1/1207 1213/1/1213 
f 1214/1/1214 1215/1/1215 1211/1/1211 
f 1211/1/1211 1213/1/1213 1214/1/1214 
f 1212/1/1212 1211/1/1211 1215/1/1215 
f 1215/1/1215 1216/1/1216 1212/1/1212 
f 1212/1/1212 1217/1/1217 1209/1/1209 
f 1209/1/1209 1208/1/1208 1212/1/1212 
f 1218/1/1218 1217/1/1217 1212/1/1212 
f 1212/1/1212 1216/1/1216 1218/1/1218 
f 1219/1/1219 1220/1/1220 1217/1/1217 
f 1217/1/1217 1218/1/1218 1219/1/1219 
f 1209/1/1209 1217/1/1217 1220/1/1220 
f 1220/1/1220 1210/1/1210 1209/1/1209 
f 1221/1/1221 1222/1/1222 1223/1/1223 
f 1223/1/1223 1224/1/1224 1221/1/1221 
f 1210/1/1210 1220/1/1220 1222/1/1222 
f 1222/1/1222 1221/1/1221 1210/1/1210 
f 1225/1/1225 1222/1/1222 1220/1/1220 
f 1220/1/1220 1219/1/1219 1225/1/1225 
f 1226/1/1226 1223/1/1223 1222/1/1222 
f 1222/1/1222 1225/1/1225 1226/1/1226 
f 1216/1/1216 1227/1/1227 1228/1/1228 
f 1228/1/1228 1218/1/1218 1216/1/1216 
f 1229/1/1229 1228/1/1228 1227/1/1227 
f 1227/1/1227 1230/1/1230 1229/1/1229 
f 1231/1/1231 1232/1/1232 1228/1/1228 
f 1228/1/1228 1229/1/1229 1231/1/1231 
f 1218/1/1218 1228/1/1228 1232/1/1232 
f 1232/1/1232 1219/1/1219 1218/1/1218 
f 1226/1/1226 1225/1/1225 1233/1/1233 
f 1233/1/1233 1234/1/1234 1226/1/1226 
f 1219/1/1219 1232/1/1232 1233/1/1233 
f 1233/1/1233 1225/1/1225 1219/1/1219 
f 1232/1/1232 1231/1/1231 1235/1/1235 
f 1235/1/1235 1233/1/1233 1232/1/1232 
f 1234/1/1234 1233/1/1233 1235/1/1235 
f 1235/1/1235 1236/1/1236 1234/1/1234 
f 1235/1/1235 1237/1/1237 1238/1/1238 
f 1238/1/1238 1236/1/1236 1235/1/1235 
f 1231/1/1231 1239/1/1239 1237/1/1237 
f 1237/1/1237 1235/1/1235 1231/1/1231 
f 1240/1/1240 1237/1/1237 1239/1/1239 
f 1239/1/1239 1241/1/1241 1240/1/1240 
f 1242/1/1242 1238/1/1238 1237/1/1237 
f 1237/1/1237 1240/1/1240 1242/1/1242 
f 1243/1/1243 1244/1/1244 1245/1/1245 
f 1245/1/1245 1246/1/1246 1243/1/1243 
f 1118/1/1118 1245/1/1245 1244/1/1244 
f 1244/1/1244 1109/1/1109 1118/1/1118 
f 1247/1/1247 1245/1/1245 1118/1/1118 
f 1118/1/1118 1119/1/1119 1247/1/1247 
f 1248/1/1248 1246/1/1246 1245/1/1245 
f 1245/1/1245 1247/1/1247 1248/1/1248 
f 1249/1/1249 1250/1/1250 1251/1/1251 
f 1251/1/1251 1252/1/1252 1249/1/1249 
f 1096/1/1096 1251/1/1251 1250/1/1250 
f 1250/1/1250 1093/1/1093 1096/1/1096 
f 1098/1/1098 1253/1/1253 1251/1/1251 
f 1251/1/1251 1096/1/1096 1098/1/1098 
f 1252/1/1252 1251/1/1251 1253/1/1253 
f 1253/1/1253 1254/1/1254 1252/1/1252 
f 1255/1/1255 1256/1/1256 1254/1/1254 
f 1104/1/1104 1255/1/1255 1253/1/1253 
f 1253/1/1253 1098/1/1098 1104/1/1104 
f 1256/1/1256 1255/1/1255 1104/1/1104 
f 1104/1/1104 1102/1/1102 1256/1/1256 
f 1111/1/1111 1110/1/1110 1257/1/1257 
f 1257/1/1257 1258/1/1258 1111/1/1111 
f 1109/1/1109 1244/1/1244 1257/1/1257 
f 1257/1/1257 1110/1/1110 1109/1/1109 
f 1243/1/1243 1259/1/1259 1257/1/1257 
f 1259/1/1259 1260/1/1260 1258/1/1258 
f 1261/1/1261 1262/1/1262 1263/1/1263 
f 1264/1/1264 1111/1/1111 1258/1/1258 
f 1261/1/1261 1258/1/1258 1260/1/1260 
f 1262/1/1262 1261/1/1261 1265/1/1265 
f 1265/1/1265 1266/1/1266 1262/1/1262 
f 1260/1/1260 1259/1/1259 1267/1/1267 
f 1267/1/1267 1268/1/1268 1260/1/1260 
f 1269/1/1269 1267/1/1267 1259/1/1259 
f 1259/1/1259 1243/1/1243 1269/1/1269 
f 1270/1/1270 1271/1/1271 1267/1/1267 
f 1267/1/1267 1269/1/1269 1270/1/1270 
f 1268/1/1268 1267/1/1267 1271/1/1271 
f 1271/1/1271 1272/1/1272 1268/1/1268 
f 1272/1/1272 1273/1/1273 1274/1/1274 
f 1273/1/1273 1254/1/1254 1256/1/1256 
f 1256/1/1256 1102/1/1102 1275/1/1275 
f 1275/1/1275 1266/1/1266 1276/1/1276 
f 1102/1/1102 1101/1/1101 1277/1/1277 
f 1277/1/1277 1275/1/1275 1102/1/1102 
f 1101/1/1101 863/1/863 862/1/862 
f 861/1/861 1278/1/1278 1277/1/1277 
f 1277/1/1277 862/1/862 861/1/861 
f 1278/1/1278 1266/1/1266 1275/1/1275 
f 1272/1/1272 1276/1/1276 1279/1/1279 
f 1279/1/1279 1268/1/1268 1272/1/1272 
f 1265/1/1265 1279/1/1279 1276/1/1276 
f 1276/1/1276 1266/1/1266 1265/1/1265 
f 1260/1/1260 1268/1/1268 1279/1/1279 
f 1279/1/1279 1265/1/1265 1260/1/1260 
f 855/1/855 1280/1/1280 1281/1/1281 
f 1281/1/1281 860/1/860 855/1/855 
f 1262/1/1262 1281/1/1281 1280/1/1280 
f 1280/1/1280 1263/1/1263 1262/1/1262 
f 1266/1/1266 1278/1/1278 1281/1/1281 
f 1281/1/1281 1262/1/1262 1266/1/1266 
f 860/1/860 1281/1/1281 1278/1/1278 
f 1278/1/1278 861/1/861 860/1/860 
f 1282/1/1282 1271/1/1271 1270/1/1270 
f 1283/1/1283 1249/1/1249 1252/1/1252 
f 1254/1/1254 1273/1/1273 1282/1/1282 
f 1282/1/1282 1252/1/1252 1254/1/1254 
f 1273/1/1273 1272/1/1272 1271/1/1271 
f 1271/1/1271 1282/1/1282 1273/1/1273 
f 854/1/854 850/1/850 1284/1/1284 
f 1284/1/1284 1285/1/1285 854/1/854 
f 1043/1/1043 1284/1/1284 850/1/850 
f 850/1/850 849/1/849 1043/1/1043 
f 1027/1/1027 1025/1/1025 1284/1/1284 
f 1284/1/1284 1043/1/1043 1027/1/1027 
f 1285/1/1285 1284/1/1284 1025/1/1025 
f 1025/1/1025 1026/1/1026 1285/1/1285 
f 1001/1/1001 1000/1/1000 1286/1/1286 
f 1286/1/1286 1024/1/1024 1001/1/1001 
f 1287/1/1287 1286/1/1286 1000/1/1000 
f 1000/1/1000 999/1/999 1287/1/1287 
f 1288/1/1288 1286/1/1286 1287/1/1287 
f 1287/1/1287 1289/1/1289 1288/1/1288 
f 1026/1/1026 1024/1/1024 1286/1/1286 
f 1286/1/1286 1288/1/1288 1026/1/1026 
f 1290/1/1290 1291/1/1291 1263/1/1263 
f 853/1/853 1290/1/1290 1280/1/1280 
f 1280/1/1280 855/1/855 853/1/853 
f 854/1/854 1292/1/1292 1290/1/1290 
f 1290/1/1290 853/1/853 854/1/854 
f 1291/1/1291 1290/1/1290 1292/1/1292 
f 1292/1/1292 1293/1/1293 1291/1/1291 
f 1111/1/1111 1264/1/1264 1294/1/1294 
f 1294/1/1294 1112/1/1112 1111/1/1111 
f 1264/1/1264 1263/1/1263 1291/1/1291 
f 1293/1/1293 1295/1/1295 1294/1/1294 
f 1294/1/1294 1291/1/1291 1293/1/1293 
f 1112/1/1112 1294/1/1294 1295/1/1295 
f 1295/1/1295 1113/1/1113 1112/1/1112 
f 1296/1/1296 1297/1/1297 1298/1/1298 
f 1298/1/1298 1299/1/1299 1296/1/1296 
f 1293/1/1293 1292/1/1292 1297/1/1297 
f 1285/1/1285 1297/1/1297 1292/1/1292 
f 1292/1/1292 854/1/854 1285/1/1285 
f 1026/1/1026 1298/1/1298 1297/1/1297 
f 1297/1/1297 1285/1/1285 1026/1/1026 
f 1289/1/1289 1300/1/1300 1301/1/1301 
f 1301/1/1301 1288/1/1288 1289/1/1289 
f 1299/1/1299 1298/1/1298 1301/1/1301 
f 1301/1/1301 1300/1/1300 1299/1/1299 
f 1288/1/1288 1301/1/1301 1298/1/1298 
f 1298/1/1298 1026/1/1026 1288/1/1288 
f 1302/1/1302 1303/1/1303 1295/1/1295 
f 1295/1/1295 1293/1/1293 1302/1/1302 
f 1304/1/1304 1305/1/1305 1303/1/1303 
f 1303/1/1303 1302/1/1302 1304/1/1304 
f 1113/1/1113 1295/1/1295 1303/1/1303 
f 1303/1/1303 1305/1/1305 1113/1/1113 
f 1289/1/1289 1287/1/1287 1306/1/1306 
f 1306/1/1306 1307/1/1307 1289/1/1289 
f 999/1/999 1308/1/1308 1306/1/1306 
f 1306/1/1306 1287/1/1287 999/1/999 
f 1309/1/1309 1306/1/1306 1308/1/1308 
f 1308/1/1308 1310/1/1310 1309/1/1309 
f 1311/1/1311 1307/1/1307 1306/1/1306 
f 1306/1/1306 1309/1/1309 1311/1/1311 
f 1300/1/1300 1312/1/1312 1313/1/1313 
f 1313/1/1313 1299/1/1299 1300/1/1300 
f 1307/1/1307 1312/1/1312 1300/1/1300 
f 1300/1/1300 1289/1/1289 1307/1/1307 
f 1314/1/1314 1312/1/1312 1307/1/1307 
f 1307/1/1307 1311/1/1311 1314/1/1314 
f 1312/1/1312 1314/1/1314 1315/1/1315 
f 1304/1/1304 1302/1/1302 1316/1/1316 
f 1316/1/1316 1317/1/1317 1304/1/1304 
f 1296/1/1296 1316/1/1316 1302/1/1302 
f 1302/1/1302 1293/1/1293 1296/1/1296 
f 1299/1/1299 1313/1/1313 1316/1/1316 
f 1316/1/1316 1296/1/1296 1299/1/1299 
f 1317/1/1317 1316/1/1316 1313/1/1313 
f 1313/1/1313 1315/1/1315 1317/1/1317 
f 1318/1/1318 1311/1/1311 1309/1/1309 
f 1310/1/1310 1319/1/1319 1320/1/1320 
f 1320/1/1320 1309/1/1309 1310/1/1310 
f 1321/1/1321 1320/1/1320 1319/1/1319 
f 1319/1/1319 1322/1/1322 1321/1/1321 
f 1323/1/1323 1318/1/1318 1320/1/1320 
f 1320/1/1320 1321/1/1321 1323/1/1323 
f 1108/1/1108 1324/1/1324 1325/1/1325 
f 1325/1/1325 1105/1/1105 1108/1/1108 
f 1305/1/1305 1324/1/1324 1108/1/1108 
f 1108/1/1108 1113/1/1113 1305/1/1305 
f 1304/1/1304 1326/1/1326 1324/1/1324 
f 1324/1/1324 1305/1/1305 1304/1/1304 
f 1326/1/1326 1327/1/1327 1325/1/1325 
f 1325/1/1325 1324/1/1324 1326/1/1326 
f 1327/1/1327 1326/1/1326 1328/1/1328 
f 1328/1/1328 1329/1/1329 1327/1/1327 
f 1317/1/1317 1328/1/1328 1326/1/1326 
f 1326/1/1326 1304/1/1304 1317/1/1317 
f 1328/1/1328 1317/1/1317 1315/1/1315 
f 1329/1/1329 1328/1/1328 1330/1/1330 
f 1330/1/1330 1331/1/1331 1329/1/1329 
f 1331/1/1331 1330/1/1330 1332/1/1332 
f 1332/1/1332 1333/1/1333 1331/1/1331 
f 1330/1/1330 1315/1/1315 1314/1/1314 
f 1311/1/1311 1318/1/1318 1332/1/1332 
f 1332/1/1332 1314/1/1314 1311/1/1311 
f 1333/1/1333 1332/1/1332 1318/1/1318 
f 1318/1/1318 1323/1/1323 1333/1/1333 
f 1334/1/1334 1335/1/1335 1336/1/1336 
f 1336/1/1336 1337/1/1337 1334/1/1334 
f 1321/1/1321 1336/1/1336 1335/1/1335 
f 1335/1/1335 1323/1/1323 1321/1/1321 
f 1322/1/1322 1338/1/1338 1336/1/1336 
f 1336/1/1336 1321/1/1321 1322/1/1322 
f 1337/1/1337 1336/1/1336 1338/1/1338 
f 1338/1/1338 1339/1/1339 1337/1/1337 
f 1105/1/1105 1325/1/1325 1340/1/1340 
f 1340/1/1340 1117/1/1117 1105/1/1105 
f 1341/1/1341 1340/1/1340 1325/1/1325 
f 1325/1/1325 1327/1/1327 1341/1/1341 
f 1342/1/1342 1340/1/1340 1341/1/1341 
f 1341/1/1341 1343/1/1343 1342/1/1342 
f 1117/1/1117 1340/1/1340 1342/1/1342 
f 1342/1/1342 1114/1/1114 1117/1/1117 
f 1343/1/1343 1341/1/1341 1344/1/1344 
f 1344/1/1344 1345/1/1345 1343/1/1343 
f 1329/1/1329 1344/1/1344 1341/1/1341 
f 1341/1/1341 1327/1/1327 1329/1/1329 
f 1331/1/1331 1346/1/1346 1344/1/1344 
f 1344/1/1344 1329/1/1329 1331/1/1331 
f 1345/1/1345 1344/1/1344 1346/1/1346 
f 1346/1/1346 1347/1/1347 1345/1/1345 
f 1347/1/1347 1346/1/1346 1348/1/1348 
f 1348/1/1348 1349/1/1349 1347/1/1347 
f 1333/1/1333 1348/1/1348 1346/1/1346 
f 1346/1/1346 1331/1/1331 1333/1/1333 
f 1323/1/1323 1335/1/1335 1348/1/1348 
f 1348/1/1348 1333/1/1333 1323/1/1323 
f 1349/1/1349 1348/1/1348 1335/1/1335 
f 1335/1/1335 1334/1/1334 1349/1/1349 
f 1350/1/1350 1351/1/1351 1352/1/1352 
f 1352/1/1352 1353/1/1353 1350/1/1350 
f 1354/1/1354 1352/1/1352 1351/1/1351 
f 1351/1/1351 1355/1/1355 1354/1/1354 
f 1356/1/1356 1357/1/1357 1352/1/1352 
f 1352/1/1352 1354/1/1354 1356/1/1356 
f 1353/1/1353 1352/1/1352 1357/1/1357 
f 1357/1/1357 1358/1/1358 1353/1/1353 
f 1359/1/1359 1360/1/1360 1350/1/1350 
f 1361/1/1361 1359/1/1359 1353/1/1353 
f 1353/1/1353 1358/1/1358 1361/1/1361 
f 1362/1/1362 1363/1/1363 1359/1/1359 
f 1359/1/1359 1361/1/1361 1362/1/1362 
f 1360/1/1360 1359/1/1359 1363/1/1363 
f 1363/1/1363 1364/1/1364 1360/1/1360 
f 1365/1/1365 1366/1/1366 1367/1/1367 
f 1367/1/1367 1368/1/1368 1365/1/1365 
f 1367/1/1367 1369/1/1369 1370/1/1370 
f 1370/1/1370 1368/1/1368 1367/1/1367 
f 1371/1/1371 1372/1/1372 1368/1/1368 
f 1368/1/1368 1370/1/1370 1371/1/1371 
f 1372/1/1372 1373/1/1373 1365/1/1365 
f 1373/1/1373 1372/1/1372 1374/1/1374 
f 1374/1/1374 1375/1/1375 1373/1/1373 
f 1376/1/1376 1374/1/1374 1372/1/1372 
f 1372/1/1372 1371/1/1371 1376/1/1376 
f 1377/1/1377 1378/1/1378 1374/1/1374 
f 1374/1/1374 1376/1/1376 1377/1/1377 
f 1375/1/1375 1374/1/1374 1378/1/1378 
f 1378/1/1378 1379/1/1379 1375/1/1375 
f 1149/1/1149 1380/1/1380 1381/1/1381 
f 1381/1/1381 1147/1/1147 1149/1/1149 
f 1382/1/1382 1381/1/1381 1380/1/1380 
f 1380/1/1380 1383/1/1383 1382/1/1382 
f 1384/1/1384 1385/1/1385 1381/1/1381 
f 1381/1/1381 1382/1/1382 1384/1/1384 
f 1147/1/1147 1381/1/1381 1385/1/1385 
f 1385/1/1385 1150/1/1150 1147/1/1147 
f 1386/1/1386 1387/1/1387 1388/1/1388 
f 1388/1/1388 1389/1/1389 1386/1/1386 
f 1387/1/1387 1373/1/1373 1375/1/1375 
f 1379/1/1379 1390/1/1390 1388/1/1388 
f 1388/1/1388 1375/1/1375 1379/1/1379 
f 1390/1/1390 1391/1/1391 1389/1/1389 
f 1391/1/1391 1392/1/1392 1393/1/1393 
f 1393/1/1393 1389/1/1389 1391/1/1391 
f 1382/1/1382 1393/1/1393 1392/1/1392 
f 1392/1/1392 1384/1/1384 1382/1/1382 
f 1383/1/1383 1394/1/1394 1393/1/1393 
f 1393/1/1393 1382/1/1382 1383/1/1383 
f 1389/1/1389 1393/1/1393 1394/1/1394 
f 1394/1/1394 1386/1/1386 1389/1/1389 
f 1395/1/1395 1396/1/1396 1397/1/1397 
f 1397/1/1397 1398/1/1398 1395/1/1395 
f 1399/1/1399 1397/1/1397 1396/1/1396 
f 1396/1/1396 1400/1/1400 1399/1/1399 
f 1401/1/1401 1402/1/1402 1397/1/1397 
f 1397/1/1397 1399/1/1399 1401/1/1401 
f 1398/1/1398 1397/1/1397 1402/1/1402 
f 1402/1/1402 1403/1/1403 1398/1/1398 
f 1404/1/1404 1405/1/1405 1406/1/1406 
f 1406/1/1406 1407/1/1407 1404/1/1404 
f 1173/1/1173 1406/1/1406 1405/1/1405 
f 1405/1/1405 1174/1/1174 1173/1/1173 
f 1406/1/1406 1173/1/1173 1152/1/1152 
f 1407/1/1407 1406/1/1406 1151/1/1151 
f 1151/1/1151 1150/1/1150 1407/1/1407 
f 1407/1/1407 1408/1/1408 1409/1/1409 
f 1409/1/1409 1404/1/1404 1407/1/1407 
f 1408/1/1408 1407/1/1407 1150/1/1150 
f 1409/1/1409 1408/1/1408 1385/1/1385 
f 1385/1/1385 1384/1/1384 1409/1/1409 
f 1379/1/1379 1378/1/1378 1410/1/1410 
f 1410/1/1410 1411/1/1411 1379/1/1379 
f 1412/1/1412 1410/1/1410 1378/1/1378 
f 1378/1/1378 1377/1/1377 1412/1/1412 
f 1400/1/1400 1396/1/1396 1410/1/1410 
f 1410/1/1410 1412/1/1412 1400/1/1400 
f 1411/1/1411 1410/1/1410 1396/1/1396 
f 1396/1/1396 1395/1/1395 1411/1/1411 
f 1413/1/1413 1201/1/1201 1174/1/1174 
f 1414/1/1414 1413/1/1413 1405/1/1405 
f 1405/1/1405 1404/1/1404 1414/1/1414 
f 1413/1/1413 1414/1/1414 1415/1/1415 
f 1201/1/1201 1413/1/1413 1416/1/1416 
f 1416/1/1416 1194/1/1194 1201/1/1201 
f 1417/1/1417 1418/1/1418 1419/1/1419 
f 1414/1/1414 1417/1/1417 1420/1/1420 
f 1420/1/1420 1415/1/1415 1414/1/1414 
f 1404/1/1404 1418/1/1418 1417/1/1417 
f 1417/1/1417 1414/1/1414 1404/1/1404 
f 1421/1/1421 1422/1/1422 1423/1/1423 
f 1423/1/1423 1403/1/1403 1421/1/1421 
f 1421/1/1421 533/1/533 593/1/593 
f 593/1/593 594/1/594 1424/1/1424 
f 1422/1/1422 1424/1/1424 1415/1/1415 
f 1420/1/1420 1419/1/1419 1425/1/1425 
f 1398/1/1398 1426/1/1426 1425/1/1425 
f 1425/1/1425 1395/1/1395 1398/1/1398 
f 1426/1/1426 1398/1/1398 1403/1/1403 
f 1420/1/1420 1426/1/1426 1423/1/1423 
f 1423/1/1423 1415/1/1415 1420/1/1420 
f 1427/1/1427 1424/1/1424 594/1/594 
f 1192/1/1192 1427/1/1427 1183/1/1183 
f 1183/1/1183 1185/1/1185 1192/1/1192 
f 1427/1/1427 1192/1/1192 1194/1/1194 
f 1424/1/1424 1427/1/1427 1416/1/1416 
f 1416/1/1416 1415/1/1415 1424/1/1424 
f 1391/1/1391 1390/1/1390 1428/1/1428 
f 1428/1/1428 1429/1/1429 1391/1/1391 
f 1411/1/1411 1428/1/1428 1390/1/1390 
f 1390/1/1390 1379/1/1379 1411/1/1411 
f 1428/1/1428 1411/1/1411 1395/1/1395 
f 1429/1/1429 1428/1/1428 1425/1/1425 
f 1425/1/1425 1419/1/1419 1429/1/1429 
f 1418/1/1418 1404/1/1404 1409/1/1409 
f 1430/1/1430 1409/1/1409 1384/1/1384 
f 1392/1/1392 1391/1/1391 1429/1/1429 
f 1418/1/1418 1430/1/1430 1429/1/1429 
f 1429/1/1429 1419/1/1419 1418/1/1418 
f 1431/1/1431 1432/1/1432 1433/1/1433 
f 1433/1/1433 1434/1/1434 1431/1/1431 
f 1432/1/1432 1401/1/1401 1399/1/1399 
f 1400/1/1400 1412/1/1412 1433/1/1433 
f 1433/1/1433 1399/1/1399 1400/1/1400 
f 1434/1/1434 1433/1/1433 1412/1/1412 
f 1412/1/1412 1377/1/1377 1434/1/1434 
f 1434/1/1434 1435/1/1435 1436/1/1436 
f 1436/1/1436 1431/1/1431 1434/1/1434 
f 1376/1/1376 1435/1/1435 1434/1/1434 
f 1434/1/1434 1377/1/1377 1376/1/1376 
f 1435/1/1435 1376/1/1376 1371/1/1371 
f 1436/1/1436 1435/1/1435 1437/1/1437 
f 1437/1/1437 1438/1/1438 1436/1/1436 
f 1439/1/1439 1440/1/1440 1441/1/1441 
f 1441/1/1441 1442/1/1442 1439/1/1439 
f 1436/1/1436 1441/1/1441 1440/1/1440 
f 1440/1/1440 1431/1/1431 1436/1/1436 
f 1441/1/1441 1436/1/1436 1438/1/1438 
f 1442/1/1442 1441/1/1441 1443/1/1443 
f 1443/1/1443 1444/1/1444 1442/1/1442 
f 1370/1/1370 1445/1/1445 1437/1/1437 
f 1437/1/1437 1371/1/1371 1370/1/1370 
f 1369/1/1369 1446/1/1446 1445/1/1445 
f 1447/1/1447 1448/1/1448 1445/1/1445 
f 1445/1/1445 1446/1/1446 1447/1/1447 
f 1438/1/1438 1437/1/1437 1445/1/1445 
f 1445/1/1445 1448/1/1448 1438/1/1438 
f 1448/1/1448 1449/1/1449 1443/1/1443 
f 1443/1/1443 1438/1/1438 1448/1/1448 
f 1450/1/1450 1449/1/1449 1448/1/1448 
f 1448/1/1448 1447/1/1447 1450/1/1450 
f 1451/1/1451 1452/1/1452 1449/1/1449 
f 1449/1/1449 1450/1/1450 1451/1/1451 
f 1452/1/1452 1444/1/1444 1443/1/1443 
f 1443/1/1443 1449/1/1449 1452/1/1452 
f 1453/1/1453 1454/1/1454 1455/1/1455 
f 1455/1/1455 1456/1/1456 1453/1/1453 
f 1457/1/1457 1455/1/1455 1454/1/1454 
f 1454/1/1454 1458/1/1458 1457/1/1457 
f 1459/1/1459 1460/1/1460 1455/1/1455 
f 1455/1/1455 1457/1/1457 1459/1/1459 
f 1456/1/1456 1455/1/1455 1460/1/1460 
f 1460/1/1460 1461/1/1461 1456/1/1456 
f 1462/1/1462 1463/1/1463 1464/1/1464 
f 1464/1/1464 1465/1/1465 1462/1/1462 
f 1354/1/1354 1464/1/1464 1463/1/1463 
f 1463/1/1463 1356/1/1356 1354/1/1354 
f 1355/1/1355 1466/1/1466 1464/1/1464 
f 1464/1/1464 1354/1/1354 1355/1/1355 
f 1465/1/1465 1464/1/1464 1466/1/1466 
f 1466/1/1466 1467/1/1467 1465/1/1465 
f 1468/1/1468 1469/1/1469 1470/1/1470 
f 1470/1/1470 1471/1/1471 1468/1/1468 
f 1472/1/1472 1470/1/1470 1469/1/1469 
f 1469/1/1469 1473/1/1473 1472/1/1472 
f 1339/1/1339 1338/1/1338 1470/1/1470 
f 1470/1/1470 1472/1/1472 1339/1/1339 
f 1471/1/1471 1470/1/1470 1338/1/1338 
f 1338/1/1338 1322/1/1322 1471/1/1471 
f 1310/1/1310 1308/1/1308 1474/1/1474 
f 1474/1/1474 1475/1/1475 1310/1/1310 
f 997/1/997 1474/1/1474 1308/1/1308 
f 1308/1/1308 999/1/999 997/1/997 
f 998/1/998 1476/1/1476 1474/1/1474 
f 1474/1/1474 997/1/997 998/1/998 
f 1475/1/1475 1474/1/1474 1476/1/1476 
f 1476/1/1476 1477/1/1477 1475/1/1475 
f 1477/1/1477 1478/1/1478 1479/1/1479 
f 1479/1/1479 1475/1/1475 1477/1/1477 
f 1471/1/1471 1479/1/1479 1478/1/1478 
f 1478/1/1478 1468/1/1468 1471/1/1471 
f 1322/1/1322 1319/1/1319 1479/1/1479 
f 1479/1/1479 1471/1/1471 1322/1/1322 
f 1475/1/1475 1479/1/1479 1319/1/1319 
f 1319/1/1319 1310/1/1310 1475/1/1475 
f 1477/1/1477 1476/1/1476 1480/1/1480 
f 1480/1/1480 1481/1/1481 1477/1/1477 
f 1482/1/1482 1480/1/1480 1476/1/1476 
f 1476/1/1476 998/1/998 1482/1/1482 
f 1480/1/1480 1482/1/1482 1483/1/1483 
f 1484/1/1484 1485/1/1485 1481/1/1481 
f 998/1/998 994/1/994 1486/1/1486 
f 1486/1/1486 1482/1/1482 998/1/998 
f 847/1/847 1486/1/1486 994/1/994 
f 994/1/994 848/1/848 847/1/847 
f 846/1/846 1487/1/1487 1486/1/1486 
f 1486/1/1486 847/1/847 846/1/846 
f 1482/1/1482 1486/1/1486 1487/1/1487 
f 1487/1/1487 1483/1/1483 1482/1/1482 
f 1488/1/1488 1481/1/1481 1485/1/1485 
f 1489/1/1489 1490/1/1490 1491/1/1491 
f 1468/1/1468 1478/1/1478 1488/1/1488 
f 1488/1/1488 1491/1/1491 1468/1/1468 
f 1481/1/1481 1488/1/1488 1478/1/1478 
f 1478/1/1478 1477/1/1477 1481/1/1481 
f 1492/1/1492 1493/1/1493 1484/1/1484 
f 1484/1/1484 1483/1/1483 1492/1/1492 
f 1494/1/1494 1495/1/1495 1493/1/1493 
f 1493/1/1493 1492/1/1492 1494/1/1494 
f 1485/1/1485 1484/1/1484 1493/1/1493 
f 1493/1/1493 1495/1/1495 1485/1/1485 
f 1431/1/1431 1440/1/1440 1496/1/1496 
f 1496/1/1496 1497/1/1497 1431/1/1431 
f 1498/1/1498 1496/1/1496 1440/1/1440 
f 1440/1/1440 1439/1/1439 1498/1/1498 
f 1499/1/1499 1500/1/1500 1496/1/1496 
f 1496/1/1496 1498/1/1498 1499/1/1499 
f 1497/1/1497 1496/1/1496 1500/1/1500 
f 1500/1/1500 1501/1/1501 1497/1/1497 
f 1502/1/1502 1503/1/1503 1504/1/1504 
f 1504/1/1504 1505/1/1505 1502/1/1502 
f 1506/1/1506 1504/1/1504 1503/1/1503 
f 1503/1/1503 1507/1/1507 1506/1/1506 
f 1506/1/1506 1501/1/1501 1505/1/1505 
f 1508/1/1508 1509/1/1509 1401/1/1401 
f 1432/1/1432 1431/1/1431 1497/1/1497 
f 1501/1/1501 1506/1/1506 1508/1/1508 
f 1508/1/1508 1497/1/1497 1501/1/1501 
f 1509/1/1509 1508/1/1508 1506/1/1506 
f 1506/1/1506 1507/1/1507 1509/1/1509 
f 1510/1/1510 1511/1/1511 1512/1/1512 
f 1512/1/1512 1513/1/1513 1510/1/1510 
f 1514/1/1514 1511/1/1511 1510/1/1510 
f 1510/1/1510 1515/1/1515 1514/1/1514 
f 1516/1/1516 1517/1/1517 1511/1/1511 
f 1511/1/1511 1514/1/1514 1516/1/1516 
f 1518/1/1518 1512/1/1512 1511/1/1511 
f 1511/1/1511 1517/1/1517 1518/1/1518 
f 1519/1/1519 1520/1/1520 1521/1/1521 
f 1522/1/1522 1519/1/1519 1523/1/1523 
f 1523/1/1523 1524/1/1524 1522/1/1522 
f 1525/1/1525 1519/1/1519 1522/1/1522 
f 1522/1/1522 1526/1/1526 1525/1/1525 
f 1527/1/1527 1520/1/1520 1519/1/1519 
f 1519/1/1519 1525/1/1525 1527/1/1527 
f 1528/1/1528 1529/1/1529 1530/1/1530 
f 1530/1/1530 1531/1/1531 1528/1/1528 
f 1524/1/1524 1523/1/1523 1530/1/1530 
f 1530/1/1530 1529/1/1529 1524/1/1524 
f 1521/1/1521 1532/1/1532 1530/1/1530 
f 1530/1/1530 1523/1/1523 1521/1/1521 
f 1533/1/1533 1531/1/1531 1530/1/1530 
f 1530/1/1530 1532/1/1532 1533/1/1533 
f 1532/1/1532 1534/1/1534 1535/1/1535 
f 1535/1/1535 1533/1/1533 1532/1/1532 
f 1532/1/1532 1521/1/1521 1520/1/1520 
f 1520/1/1520 1534/1/1534 1532/1/1532 
f 1527/1/1527 1536/1/1536 1534/1/1534 
f 1534/1/1534 1520/1/1520 1527/1/1527 
f 1535/1/1535 1534/1/1534 1536/1/1536 
f 1536/1/1536 1537/1/1537 1535/1/1535 
f 1514/1/1514 1538/1/1538 1539/1/1539 
f 1539/1/1539 1516/1/1516 1514/1/1514 
f 1515/1/1515 1540/1/1540 1538/1/1538 
f 1538/1/1538 1514/1/1514 1515/1/1515 
f 1531/1/1531 1538/1/1538 1540/1/1540 
f 1540/1/1540 1528/1/1528 1531/1/1531 
f 1531/1/1531 1533/1/1533 1539/1/1539 
f 1539/1/1539 1538/1/1538 1531/1/1531 
f 1541/1/1541 1542/1/1542 1518/1/1518 
f 1539/1/1539 1541/1/1541 1517/1/1517 
f 1517/1/1517 1516/1/1516 1539/1/1539 
f 1533/1/1533 1535/1/1535 1541/1/1541 
f 1541/1/1541 1539/1/1539 1533/1/1533 
f 1535/1/1535 1537/1/1537 1542/1/1542 
f 1513/1/1513 1512/1/1512 1543/1/1543 
f 1543/1/1543 1544/1/1544 1513/1/1513 
f 1542/1/1542 1543/1/1543 1512/1/1512 
f 1512/1/1512 1518/1/1518 1542/1/1542 
f 1537/1/1537 1545/1/1545 1543/1/1543 
f 1543/1/1543 1542/1/1542 1537/1/1537 
f 1544/1/1544 1543/1/1543 1545/1/1545 
f 1545/1/1545 1546/1/1546 1544/1/1544 
f 1526/1/1526 1547/1/1547 1548/1/1548 
f 1548/1/1548 1525/1/1525 1526/1/1526 
f 1545/1/1545 1548/1/1548 1547/1/1547 
f 1547/1/1547 1546/1/1546 1545/1/1545 
f 1537/1/1537 1536/1/1536 1548/1/1548 
f 1548/1/1548 1545/1/1545 1537/1/1537 
f 1525/1/1525 1548/1/1548 1536/1/1536 
f 1536/1/1536 1527/1/1527 1525/1/1525 
f 1549/1/1549 1550/1/1550 1551/1/1551 
f 1551/1/1551 1552/1/1552 1549/1/1549 
f 1553/1/1553 1551/1/1551 1550/1/1550 
f 1550/1/1550 1554/1/1554 1553/1/1553 
f 1555/1/1555 1556/1/1556 1551/1/1551 
f 1551/1/1551 1553/1/1553 1555/1/1555 
f 1552/1/1552 1551/1/1551 1556/1/1556 
f 1556/1/1556 1557/1/1557 1552/1/1552 
f 1549/1/1549 1552/1/1552 1558/1/1558 
f 1558/1/1558 1559/1/1559 1549/1/1549 
f 1560/1/1560 1558/1/1558 1552/1/1552 
f 1552/1/1552 1557/1/1557 1560/1/1560 
f 1561/1/1561 1562/1/1562 1558/1/1558 
f 1558/1/1558 1560/1/1560 1561/1/1561 
f 1559/1/1559 1558/1/1558 1562/1/1562 
f 1562/1/1562 1563/1/1563 1559/1/1559 
f 1564/1/1564 1565/1/1565 1566/1/1566 
f 1566/1/1566 1567/1/1567 1564/1/1564 
f 1568/1/1568 1566/1/1566 1565/1/1565 
f 1565/1/1565 1569/1/1569 1568/1/1568 
f 1554/1/1554 1550/1/1550 1566/1/1566 
f 1566/1/1566 1568/1/1568 1554/1/1554 
f 1567/1/1567 1566/1/1566 1550/1/1550 
f 1550/1/1550 1549/1/1549 1567/1/1567 
f 1564/1/1564 1567/1/1567 1570/1/1570 
f 1570/1/1570 1571/1/1571 1564/1/1564 
f 1559/1/1559 1570/1/1570 1567/1/1567 
f 1567/1/1567 1549/1/1549 1559/1/1559 
f 1563/1/1563 1572/1/1572 1570/1/1570 
f 1570/1/1570 1559/1/1559 1563/1/1563 
f 1571/1/1571 1570/1/1570 1572/1/1572 
f 1572/1/1572 1573/1/1573 1571/1/1571 
f 1507/1/1507 1503/1/1503 1574/1/1574 
f 1574/1/1574 1575/1/1575 1507/1/1507 
f 1576/1/1576 1574/1/1574 1503/1/1503 
f 1503/1/1503 1502/1/1502 1576/1/1576 
f 1569/1/1569 1577/1/1577 1574/1/1574 
f 1574/1/1574 1576/1/1576 1569/1/1569 
f 1575/1/1575 1574/1/1574 1577/1/1577 
f 1577/1/1577 1578/1/1578 1575/1/1575 
f 1579/1/1579 1573/1/1573 1580/1/1580 
f 836/1/836 1581/1/1581 1580/1/1580 
f 1580/1/1580 837/1/837 836/1/836 
f 1581/1/1581 836/1/836 831/1/831 
f 1579/1/1579 1581/1/1581 1582/1/1582 
f 1582/1/1582 1583/1/1583 1579/1/1579 
f 1584/1/1584 1582/1/1582 831/1/831 
f 824/1/824 1584/1/1584 830/1/830 
f 830/1/830 817/1/817 824/1/824 
f 524/1/524 1585/1/1585 1584/1/1584 
f 1584/1/1584 824/1/824 524/1/524 
f 1585/1/1585 1583/1/1583 1582/1/1582 
f 1586/1/1586 1587/1/1587 1578/1/1578 
f 1588/1/1588 536/1/536 535/1/535 
f 1586/1/1586 535/1/535 533/1/533 
f 1421/1/1421 1403/1/1403 1587/1/1587 
f 1587/1/1587 1589/1/1589 1575/1/1575 
f 1575/1/1575 1578/1/1578 1587/1/1587 
f 1587/1/1587 1403/1/1403 1402/1/1402 
f 1509/1/1509 1589/1/1589 1402/1/1402 
f 1402/1/1402 1401/1/1401 1509/1/1509 
f 1575/1/1575 1589/1/1589 1509/1/1509 
f 1509/1/1509 1507/1/1507 1575/1/1575 
f 524/1/524 523/1/523 1590/1/1590 
f 1590/1/1590 1585/1/1585 524/1/524 
f 523/1/523 520/1/520 1591/1/1591 
f 1591/1/1591 1592/1/1592 1593/1/1593 
f 1585/1/1585 1590/1/1590 1593/1/1593 
f 1593/1/1593 1583/1/1583 1585/1/1585 
f 1594/1/1594 1577/1/1577 1569/1/1569 
f 1565/1/1565 1564/1/1564 1595/1/1595 
f 1596/1/1596 1597/1/1597 1594/1/1594 
f 1594/1/1594 1595/1/1595 1596/1/1596 
f 1597/1/1597 1578/1/1578 1577/1/1577 
f 512/1/512 528/1/528 1598/1/1598 
f 1598/1/1598 1599/1/1599 512/1/512 
f 534/1/534 1598/1/1598 528/1/528 
f 528/1/528 527/1/527 534/1/534 
f 1600/1/1600 1598/1/1598 534/1/534 
f 534/1/534 536/1/536 1600/1/1600 
f 1599/1/1599 1598/1/1598 1600/1/1600 
f 1600/1/1600 1592/1/1592 1599/1/1599 
f 1601/1/1601 519/1/519 506/1/506 
f 1599/1/1599 1601/1/1601 509/1/509 
f 509/1/509 512/1/512 1599/1/1599 
f 1599/1/1599 1592/1/1592 1591/1/1591 
f 1591/1/1591 1601/1/1601 1599/1/1599 
f 519/1/519 1601/1/1601 1591/1/1591 
f 1591/1/1591 520/1/520 519/1/519 
f 1602/1/1602 1603/1/1603 1593/1/1593 
f 1593/1/1593 1592/1/1592 1602/1/1602 
f 1596/1/1596 1604/1/1604 1603/1/1603 
f 1603/1/1603 1602/1/1602 1596/1/1596 
f 1603/1/1603 1604/1/1604 1583/1/1583 
f 536/1/536 1588/1/1588 1605/1/1605 
f 1605/1/1605 1600/1/1600 536/1/536 
f 1597/1/1597 1605/1/1605 1588/1/1588 
f 1588/1/1588 1578/1/1578 1597/1/1597 
f 1597/1/1597 1596/1/1596 1602/1/1602 
f 1600/1/1600 1605/1/1605 1602/1/1602 
f 1602/1/1602 1592/1/1592 1600/1/1600 
f 1564/1/1564 1571/1/1571 1606/1/1606 
f 1606/1/1606 1595/1/1595 1564/1/1564 
f 1579/1/1579 1606/1/1606 1571/1/1571 
f 1571/1/1571 1573/1/1573 1579/1/1579 
f 1583/1/1583 1604/1/1604 1606/1/1606 
f 1606/1/1606 1579/1/1579 1583/1/1583 
f 1595/1/1595 1606/1/1606 1604/1/1604 
f 1604/1/1604 1596/1/1596 1595/1/1595 
f 837/1/837 1580/1/1580 1607/1/1607 
f 1607/1/1607 838/1/838 837/1/837 
f 1580/1/1580 1573/1/1573 1608/1/1608 
f 1609/1/1609 1607/1/1607 1608/1/1608 
f 1608/1/1608 1610/1/1610 1609/1/1609 
f 1607/1/1607 1609/1/1609 839/1/839 
f 1611/1/1611 1612/1/1612 1613/1/1613 
f 1613/1/1613 1614/1/1614 1611/1/1611 
f 1487/1/1487 1612/1/1612 1611/1/1611 
f 1611/1/1611 1483/1/1483 1487/1/1487 
f 1612/1/1612 1487/1/1487 846/1/846 
f 1615/1/1615 1616/1/1616 1613/1/1613 
f 1617/1/1617 1618/1/1618 1613/1/1613 
f 1613/1/1613 1616/1/1616 1617/1/1617 
f 1618/1/1618 1617/1/1617 1619/1/1619 
f 1614/1/1614 1613/1/1613 1618/1/1618 
f 1618/1/1618 1620/1/1620 1614/1/1614 
f 1621/1/1621 1617/1/1617 1616/1/1616 
f 1609/1/1609 1621/1/1621 1622/1/1622 
f 1622/1/1622 839/1/839 1609/1/1609 
f 1621/1/1621 1609/1/1609 1610/1/1610 
f 1617/1/1617 1621/1/1621 1623/1/1623 
f 1623/1/1623 1619/1/1619 1617/1/1617 
f 1624/1/1624 1625/1/1625 1626/1/1626 
f 1492/1/1492 1627/1/1627 1626/1/1626 
f 1626/1/1626 1494/1/1494 1492/1/1492 
f 1627/1/1627 1492/1/1492 1483/1/1483 
f 1611/1/1611 1614/1/1614 1624/1/1624 
f 1610/1/1610 1608/1/1608 1628/1/1628 
f 1628/1/1628 1629/1/1629 1610/1/1610 
f 1572/1/1572 1628/1/1628 1608/1/1608 
f 1608/1/1608 1573/1/1573 1572/1/1572 
f 1563/1/1563 1630/1/1630 1628/1/1628 
f 1628/1/1628 1572/1/1572 1563/1/1563 
f 1629/1/1629 1628/1/1628 1630/1/1630 
f 1630/1/1630 1631/1/1631 1629/1/1629 
f 1619/1/1619 1623/1/1623 1632/1/1632 
f 1632/1/1632 1633/1/1633 1619/1/1619 
f 1629/1/1629 1632/1/1632 1623/1/1623 
f 1623/1/1623 1610/1/1610 1629/1/1629 
f 1631/1/1631 1634/1/1634 1632/1/1632 
f 1632/1/1632 1629/1/1629 1631/1/1631 
f 1633/1/1633 1632/1/1632 1634/1/1634 
f 1634/1/1634 1635/1/1635 1633/1/1633 
f 1625/1/1625 1624/1/1624 1636/1/1636 
f 1636/1/1636 1637/1/1637 1625/1/1625 
f 1624/1/1624 1614/1/1614 1620/1/1620 
f 1620/1/1620 1636/1/1636 1624/1/1624 
f 1633/1/1633 1636/1/1636 1620/1/1620 
f 1620/1/1620 1619/1/1619 1633/1/1633 
f 1637/1/1637 1636/1/1636 1633/1/1633 
f 1633/1/1633 1635/1/1635 1637/1/1637 
f 1631/1/1631 1630/1/1630 1638/1/1638 
f 1638/1/1638 1639/1/1639 1631/1/1631 
f 1562/1/1562 1638/1/1638 1630/1/1630 
f 1630/1/1630 1563/1/1563 1562/1/1562 
f 1561/1/1561 1640/1/1640 1638/1/1638 
f 1638/1/1638 1562/1/1562 1561/1/1561 
f 1639/1/1639 1638/1/1638 1640/1/1640 
f 1640/1/1640 1641/1/1641 1639/1/1639 
f 1642/1/1642 1643/1/1643 1644/1/1644 
f 1644/1/1644 1645/1/1645 1642/1/1642 
f 1637/1/1637 1644/1/1644 1643/1/1643 
f 1643/1/1643 1625/1/1625 1637/1/1637 
f 1635/1/1635 1646/1/1646 1644/1/1644 
f 1644/1/1644 1637/1/1637 1635/1/1635 
f 1645/1/1645 1644/1/1644 1646/1/1646 
f 1646/1/1646 1647/1/1647 1645/1/1645 
f 1634/1/1634 1648/1/1648 1646/1/1646 
f 1646/1/1646 1635/1/1635 1634/1/1634 
f 1639/1/1639 1648/1/1648 1634/1/1634 
f 1634/1/1634 1631/1/1631 1639/1/1639 
f 1641/1/1641 1649/1/1649 1648/1/1648 
f 1648/1/1648 1639/1/1639 1641/1/1641 
f 1647/1/1647 1646/1/1646 1648/1/1648 
f 1648/1/1648 1649/1/1649 1647/1/1647 
f 1641/1/1641 1640/1/1640 1650/1/1650 
f 1650/1/1650 1651/1/1651 1641/1/1641 
f 1652/1/1652 1650/1/1650 1640/1/1640 
f 1640/1/1640 1561/1/1561 1652/1/1652 
f 1653/1/1653 1654/1/1654 1650/1/1650 
f 1650/1/1650 1652/1/1652 1653/1/1653 
f 1655/1/1655 1651/1/1651 1650/1/1650 
f 1650/1/1650 1654/1/1654 1655/1/1655 
f 1656/1/1656 1657/1/1657 1658/1/1658 
f 1658/1/1658 1659/1/1659 1656/1/1656 
f 1645/1/1645 1658/1/1658 1657/1/1657 
f 1657/1/1657 1642/1/1642 1645/1/1645 
f 1647/1/1647 1660/1/1660 1658/1/1658 
f 1658/1/1658 1645/1/1645 1647/1/1647 
f 1659/1/1659 1658/1/1658 1660/1/1660 
f 1660/1/1660 1661/1/1661 1659/1/1659 
f 1661/1/1661 1660/1/1660 1662/1/1662 
f 1662/1/1662 1663/1/1663 1661/1/1661 
f 1649/1/1649 1662/1/1662 1660/1/1660 
f 1660/1/1660 1647/1/1647 1649/1/1649 
f 1641/1/1641 1651/1/1651 1662/1/1662 
f 1662/1/1662 1649/1/1649 1641/1/1641 
f 1663/1/1663 1662/1/1662 1651/1/1651 
f 1651/1/1651 1655/1/1655 1663/1/1663 
f 1664/1/1664 1665/1/1665 1666/1/1666 
f 1666/1/1666 1667/1/1667 1664/1/1664 
f 1668/1/1668 1666/1/1666 1665/1/1665 
f 1665/1/1665 1669/1/1669 1668/1/1668 
f 1670/1/1670 1671/1/1671 1666/1/1666 
f 1666/1/1666 1668/1/1668 1670/1/1670 
f 1667/1/1667 1666/1/1666 1671/1/1671 
f 1671/1/1671 1672/1/1672 1667/1/1667 
f 1673/1/1673 1674/1/1674 1675/1/1675 
f 1675/1/1675 1676/1/1676 1673/1/1673 
f 1669/1/1669 1665/1/1665 1674/1/1674 
f 1674/1/1674 1673/1/1673 1669/1/1669 
f 1677/1/1677 1674/1/1674 1665/1/1665 
f 1665/1/1665 1664/1/1664 1677/1/1677 
f 1678/1/1678 1675/1/1675 1674/1/1674 
f 1674/1/1674 1677/1/1677 1678/1/1678 
f 1679/1/1679 1680/1/1680 1681/1/1681 
f 1681/1/1681 1682/1/1682 1679/1/1679 
f 1683/1/1683 1681/1/1681 1680/1/1680 
f 1680/1/1680 1684/1/1684 1683/1/1683 
f 1676/1/1676 1675/1/1675 1681/1/1681 
f 1681/1/1681 1683/1/1683 1676/1/1676 
f 1682/1/1682 1681/1/1681 1675/1/1675 
f 1675/1/1675 1678/1/1678 1682/1/1682 
f 1685/1/1685 1686/1/1686 1687/1/1687 
f 1687/1/1687 1688/1/1688 1685/1/1685 
f 1689/1/1689 1687/1/1687 1686/1/1686 
f 1686/1/1686 1690/1/1690 1689/1/1689 
f 169/1/169 172/1/172 1687/1/1687 
f 1687/1/1687 1689/1/1689 169/1/169 
f 1688/1/1688 1687/1/1687 172/1/172 
f 172/1/172 177/1/177 1688/1/1688 
f 181/1/181 1691/1/1691 1692/1/1692 
f 1692/1/1692 178/1/178 181/1/181 
f 1689/1/1689 1691/1/1691 181/1/181 
f 181/1/181 169/1/169 1689/1/1689 
f 1691/1/1691 1689/1/1689 1690/1/1690 
f 1693/1/1693 1692/1/1692 1691/1/1691 
f 1691/1/1691 1694/1/1694 1693/1/1693 
f 178/1/178 1692/1/1692 1695/1/1695 
f 1695/1/1695 188/1/188 178/1/178 
f 1696/1/1696 1695/1/1695 1692/1/1692 
f 1692/1/1692 1693/1/1693 1696/1/1696 
f 1695/1/1695 1696/1/1696 1697/1/1697 
f 188/1/188 1695/1/1695 1698/1/1698 
f 1698/1/1698 189/1/189 188/1/188 
f 1699/1/1699 1700/1/1700 1701/1/1701 
f 1701/1/1701 1702/1/1702 1699/1/1699 
f 1129/1/1129 1703/1/1703 1700/1/1700 
f 1700/1/1700 1699/1/1699 1129/1/1129 
f 1704/1/1704 1700/1/1700 1703/1/1703 
f 1703/1/1703 1705/1/1705 1704/1/1704 
f 1706/1/1706 1701/1/1701 1700/1/1700 
f 1700/1/1700 1704/1/1704 1706/1/1706 
f 274/1/274 272/1/272 1707/1/1707 
f 1707/1/1707 1708/1/1708 274/1/274 
f 136/1/136 1707/1/1707 272/1/272 
f 272/1/272 137/1/137 136/1/136 
f 135/1/135 1709/1/1709 1707/1/1707 
f 1707/1/1707 136/1/136 135/1/135 
f 1708/1/1708 1707/1/1707 1709/1/1709 
f 1709/1/1709 1710/1/1710 1708/1/1708 
f 129/1/129 126/1/126 1711/1/1711 
f 1711/1/1711 1712/1/1712 129/1/129 
f 144/1/144 1711/1/1711 126/1/126 
f 126/1/126 125/1/125 144/1/144 
f 1713/1/1713 1711/1/1711 144/1/144 
f 144/1/144 142/1/142 1713/1/1713 
f 1714/1/1714 1712/1/1712 1711/1/1711 
f 1711/1/1711 1713/1/1713 1714/1/1714 
f 1715/1/1715 1716/1/1716 1717/1/1717 
f 1717/1/1717 1718/1/1718 1715/1/1715 
f 327/1/327 1717/1/1717 1716/1/1716 
f 1716/1/1716 328/1/328 327/1/327 
f 274/1/274 1708/1/1708 1717/1/1717 
f 1717/1/1717 327/1/327 274/1/274 
f 1718/1/1718 1717/1/1717 1708/1/1708 
f 1708/1/1708 1710/1/1710 1718/1/1718 
f 1230/1/1230 1227/1/1227 1719/1/1719 
f 1719/1/1719 1720/1/1720 1230/1/1230 
f 1216/1/1216 1215/1/1215 1719/1/1719 
f 1719/1/1719 1227/1/1227 1216/1/1216 
f 1214/1/1214 1721/1/1721 1719/1/1719 
f 1719/1/1719 1215/1/1215 1214/1/1214 
f 1721/1/1721 1722/1/1722 1720/1/1720 
f 1723/1/1723 1724/1/1724 1725/1/1725 
f 1725/1/1725 1726/1/1726 1723/1/1723 
f 1727/1/1727 1725/1/1725 1724/1/1724 
f 1724/1/1724 1728/1/1728 1727/1/1727 
f 1725/1/1725 1727/1/1727 1722/1/1722 
f 1726/1/1726 1725/1/1725 1721/1/1721 
f 1721/1/1721 1214/1/1214 1726/1/1726 
f 1241/1/1241 1239/1/1239 1729/1/1729 
f 1729/1/1729 1730/1/1730 1241/1/1241 
f 1229/1/1229 1729/1/1729 1239/1/1239 
f 1239/1/1239 1231/1/1231 1229/1/1229 
f 1230/1/1230 1720/1/1720 1729/1/1729 
f 1729/1/1729 1229/1/1229 1230/1/1230 
f 1730/1/1730 1729/1/1729 1720/1/1720 
f 1720/1/1720 1722/1/1722 1730/1/1730 
f 1236/1/1236 1238/1/1238 1731/1/1731 
f 1731/1/1731 1234/1/1234 1236/1/1236 
f 1238/1/1238 1242/1/1242 1732/1/1732 
f 1732/1/1732 1733/1/1733 1734/1/1734 
f 1234/1/1234 1731/1/1731 1734/1/1734 
f 1734/1/1734 1226/1/1226 1234/1/1234 
f 1735/1/1735 1736/1/1736 1737/1/1737 
f 1737/1/1737 1738/1/1738 1735/1/1735 
f 1739/1/1739 1736/1/1736 1735/1/1735 
f 1735/1/1735 1740/1/1740 1739/1/1739 
f 1526/1/1526 1522/1/1522 1736/1/1736 
f 1736/1/1736 1739/1/1739 1526/1/1526 
f 1524/1/1524 1737/1/1737 1736/1/1736 
f 1736/1/1736 1522/1/1522 1524/1/1524 
f 1741/1/1741 1529/1/1529 1528/1/1528 
f 1742/1/1742 1741/1/1741 1743/1/1743 
f 1743/1/1743 1744/1/1744 1742/1/1742 
f 1741/1/1741 1742/1/1742 1738/1/1738 
f 1529/1/1529 1741/1/1741 1737/1/1737 
f 1737/1/1737 1524/1/1524 1529/1/1529 
f 1745/1/1745 1746/1/1746 1747/1/1747 
f 1544/1/1544 1745/1/1745 1748/1/1748 
f 1748/1/1748 1513/1/1513 1544/1/1544 
f 1546/1/1546 1749/1/1749 1745/1/1745 
f 1745/1/1745 1544/1/1544 1546/1/1546 
f 1746/1/1746 1745/1/1745 1749/1/1749 
f 1749/1/1749 1750/1/1750 1746/1/1746 
f 1546/1/1546 1547/1/1547 1751/1/1751 
f 1751/1/1751 1749/1/1749 1546/1/1546 
f 1739/1/1739 1751/1/1751 1547/1/1547 
f 1547/1/1547 1526/1/1526 1739/1/1739 
f 1752/1/1752 1751/1/1751 1739/1/1739 
f 1739/1/1739 1740/1/1740 1752/1/1752 
f 1749/1/1749 1751/1/1751 1752/1/1752 
f 1752/1/1752 1750/1/1750 1749/1/1749 
f 1205/1/1205 1753/1/1753 1754/1/1754 
f 1754/1/1754 1202/1/1202 1205/1/1205 
f 1221/1/1221 1753/1/1753 1205/1/1205 
f 1205/1/1205 1210/1/1210 1221/1/1221 
f 1224/1/1224 1755/1/1755 1753/1/1753 
f 1753/1/1753 1221/1/1221 1224/1/1224 
f 1754/1/1754 1753/1/1753 1755/1/1755 
f 1755/1/1755 1756/1/1756 1754/1/1754 
f 1224/1/1224 1223/1/1223 1757/1/1757 
f 1757/1/1757 1755/1/1755 1224/1/1224 
f 1734/1/1734 1757/1/1757 1223/1/1223 
f 1223/1/1223 1226/1/1226 1734/1/1734 
f 1757/1/1757 1734/1/1734 1733/1/1733 
f 1755/1/1755 1757/1/1757 1758/1/1758 
f 1758/1/1758 1756/1/1756 1755/1/1755 
f 1127/1/1127 1759/1/1759 1760/1/1760 
f 1760/1/1760 1126/1/1126 1127/1/1127 
f 1761/1/1761 1760/1/1760 1759/1/1759 
f 1759/1/1759 1762/1/1762 1761/1/1761 
f 1763/1/1763 1764/1/1764 1760/1/1760 
f 1760/1/1760 1761/1/1761 1763/1/1763 
f 1126/1/1126 1760/1/1760 1764/1/1764 
f 1764/1/1764 1128/1/1128 1126/1/1126 
f 1762/1/1762 1765/1/1765 1766/1/1766 
f 1766/1/1766 1761/1/1761 1762/1/1762 
f 1765/1/1765 1364/1/1364 1363/1/1363 
f 1363/1/1363 1766/1/1766 1765/1/1765 
f 1363/1/1363 1362/1/1362 1767/1/1767 
f 1767/1/1767 1766/1/1766 1363/1/1363 
f 1761/1/1761 1766/1/1766 1767/1/1767 
f 1767/1/1767 1763/1/1763 1761/1/1761 
f 1768/1/1768 1769/1/1769 1770/1/1770 
f 1770/1/1770 1771/1/1771 1768/1/1768 
f 1772/1/1772 1770/1/1770 1769/1/1769 
f 1769/1/1769 1773/1/1773 1772/1/1772 
f 1774/1/1774 1775/1/1775 1770/1/1770 
f 1770/1/1770 1772/1/1772 1774/1/1774 
f 1771/1/1771 1770/1/1770 1775/1/1775 
f 1775/1/1775 1776/1/1776 1771/1/1771 
f 1777/1/1777 1778/1/1778 1779/1/1779 
f 1779/1/1779 1780/1/1780 1777/1/1777 
f 155/1/155 1780/1/1780 1779/1/1779 
f 1779/1/1779 158/1/158 155/1/155 
f 154/1/154 1781/1/1781 1780/1/1780 
f 1780/1/1780 155/1/155 154/1/154 
f 1781/1/1781 1782/1/1782 1777/1/1777 
f 1777/1/1777 1780/1/1780 1781/1/1781 
f 1783/1/1783 1784/1/1784 1785/1/1785 
f 1785/1/1785 1786/1/1786 1783/1/1783 
f 1787/1/1787 1785/1/1785 1784/1/1784 
f 1784/1/1784 1788/1/1788 1787/1/1787 
f 49/1/49 45/1/45 1785/1/1785 
f 1785/1/1785 1787/1/1787 49/1/49 
f 1786/1/1786 1785/1/1785 45/1/45 
f 45/1/45 44/1/44 1786/1/1786 
f 1787/1/1787 1789/1/1789 1790/1/1790 
f 1790/1/1790 49/1/49 1787/1/1787 
f 1788/1/1788 1791/1/1791 1789/1/1789 
f 1789/1/1789 1787/1/1787 1788/1/1788 
f 1792/1/1792 1793/1/1793 1789/1/1789 
f 1789/1/1789 1791/1/1791 1792/1/1792 
f 1794/1/1794 1790/1/1790 1789/1/1789 
f 1789/1/1789 1793/1/1793 1794/1/1794 
f 1792/1/1792 1795/1/1795 1796/1/1796 
f 1796/1/1796 1793/1/1793 1792/1/1792 
f 1713/1/1713 1796/1/1796 1795/1/1795 
f 1795/1/1795 1714/1/1714 1713/1/1713 
f 142/1/142 1797/1/1797 1796/1/1796 
f 1796/1/1796 1713/1/1713 142/1/142 
f 1793/1/1793 1796/1/1796 1797/1/1797 
f 1797/1/1797 1794/1/1794 1793/1/1793 
f 1798/1/1798 1799/1/1799 1794/1/1794 
f 141/1/141 1798/1/1798 1797/1/1797 
f 1797/1/1797 142/1/142 141/1/141 
f 1798/1/1798 141/1/141 147/1/147 
f 1799/1/1799 1798/1/1798 1800/1/1800 
f 1800/1/1800 1801/1/1801 1799/1/1799 
f 1802/1/1802 48/1/48 49/1/49 
f 1799/1/1799 1802/1/1802 1790/1/1790 
f 1790/1/1790 1794/1/1794 1799/1/1799 
f 1801/1/1801 1803/1/1803 1802/1/1802 
f 1802/1/1802 1799/1/1799 1801/1/1801 
f 1803/1/1803 50/1/50 48/1/48 
f 1804/1/1804 1805/1/1805 1806/1/1806 
f 1806/1/1806 1807/1/1807 1804/1/1804 
f 1688/1/1688 1806/1/1806 1805/1/1805 
f 1805/1/1805 1685/1/1685 1688/1/1688 
f 177/1/177 1808/1/1808 1806/1/1806 
f 1806/1/1806 1688/1/1688 177/1/177 
f 1807/1/1807 1806/1/1806 1808/1/1808 
f 1808/1/1808 1809/1/1809 1807/1/1807 
f 1809/1/1809 1810/1/1810 1811/1/1811 
f 1811/1/1811 1807/1/1807 1809/1/1809 
f 1771/1/1771 1811/1/1811 1810/1/1810 
f 1810/1/1810 1768/1/1768 1771/1/1771 
f 1776/1/1776 1812/1/1812 1811/1/1811 
f 1811/1/1811 1771/1/1771 1776/1/1776 
f 1807/1/1807 1811/1/1811 1812/1/1812 
f 1812/1/1812 1804/1/1804 1807/1/1807 
f 1728/1/1728 1724/1/1724 1813/1/1813 
f 1813/1/1813 1814/1/1814 1728/1/1728 
f 1815/1/1815 1813/1/1813 1724/1/1724 
f 1724/1/1724 1723/1/1723 1815/1/1815 
f 1072/1/1072 1816/1/1816 1813/1/1813 
f 1813/1/1813 1815/1/1815 1072/1/1072 
f 1816/1/1816 1817/1/1817 1814/1/1814 
f 1067/1/1067 1065/1/1065 1818/1/1818 
f 1818/1/1818 1819/1/1819 1067/1/1067 
f 1820/1/1820 1818/1/1818 1065/1/1065 
f 1065/1/1065 240/1/240 1820/1/1820 
f 1821/1/1821 1822/1/1822 1818/1/1818 
f 1818/1/1818 1820/1/1820 1821/1/1821 
f 1819/1/1819 1818/1/1818 1822/1/1822 
f 1822/1/1822 1823/1/1823 1819/1/1819 
f 1705/1/1705 1824/1/1824 1825/1/1825 
f 1825/1/1825 1704/1/1704 1705/1/1705 
f 1819/1/1819 1825/1/1825 1824/1/1824 
f 1824/1/1824 1067/1/1067 1819/1/1819 
f 1823/1/1823 1826/1/1826 1825/1/1825 
f 1825/1/1825 1819/1/1819 1823/1/1823 
f 1704/1/1704 1825/1/1825 1826/1/1826 
f 1826/1/1826 1706/1/1706 1704/1/1704 
f 1827/1/1827 1828/1/1828 1817/1/1817 
f 1816/1/1816 1072/1/1072 1071/1/1071 
f 228/1/228 1829/1/1829 1827/1/1827 
f 1827/1/1827 1071/1/1071 228/1/228 
f 1828/1/1828 1827/1/1827 1829/1/1829 
f 1829/1/1829 1830/1/1830 1828/1/1828 
f 1831/1/1831 1832/1/1832 1833/1/1833 
f 331/1/331 1831/1/1831 1834/1/1834 
f 1834/1/1834 234/1/234 331/1/331 
f 328/1/328 1716/1/1716 1831/1/1831 
f 1831/1/1831 331/1/331 328/1/328 
f 1832/1/1832 1831/1/1831 1716/1/1716 
f 1716/1/1716 1715/1/1715 1832/1/1832 
f 1835/1/1835 1836/1/1836 1830/1/1830 
f 227/1/227 1835/1/1835 1829/1/1829 
f 1829/1/1829 228/1/228 227/1/227 
f 234/1/234 1834/1/1834 1835/1/1835 
f 1835/1/1835 227/1/227 234/1/234 
f 1836/1/1836 1835/1/1835 1834/1/1834 
f 1834/1/1834 1833/1/1833 1836/1/1836 
f 1837/1/1837 1838/1/1838 1839/1/1839 
f 1839/1/1839 1840/1/1840 1837/1/1837 
f 1820/1/1820 1839/1/1839 1838/1/1838 
f 1838/1/1838 1821/1/1821 1820/1/1820 
f 240/1/240 236/1/236 1839/1/1839 
f 1839/1/1839 1820/1/1820 240/1/240 
f 1840/1/1840 1839/1/1839 236/1/236 
f 236/1/236 235/1/235 1840/1/1840 
f 1841/1/1841 1842/1/1842 1843/1/1843 
f 1843/1/1843 1844/1/1844 1841/1/1841 
f 1842/1/1842 1124/1/1124 1120/1/1120 
f 1123/1/1123 1845/1/1845 1843/1/1843 
f 1843/1/1843 1120/1/1120 1123/1/1123 
f 1844/1/1844 1843/1/1843 1845/1/1845 
f 1845/1/1845 1846/1/1846 1844/1/1844 
f 133/1/133 138/1/138 1847/1/1847 
f 1847/1/1847 1848/1/1848 133/1/133 
f 137/1/137 269/1/269 1847/1/1847 
f 1847/1/1847 138/1/138 137/1/137 
f 1849/1/1849 1847/1/1847 269/1/269 
f 269/1/269 268/1/268 1849/1/1849 
f 1848/1/1848 1847/1/1847 1849/1/1849 
f 1849/1/1849 1850/1/1850 1848/1/1848 
f 125/1/125 128/1/128 1851/1/1851 
f 1851/1/1851 143/1/143 125/1/125 
f 1848/1/1848 1851/1/1851 128/1/128 
f 128/1/128 133/1/133 1848/1/1848 
f 1848/1/1848 1850/1/1850 1852/1/1852 
f 1852/1/1852 1851/1/1851 1848/1/1848 
f 143/1/143 1851/1/1851 1852/1/1852 
f 1852/1/1852 145/1/145 143/1/143 
f 1710/1/1710 1709/1/1709 1853/1/1853 
f 1853/1/1853 1854/1/1854 1710/1/1710 
f 134/1/134 1853/1/1853 1709/1/1709 
f 1709/1/1709 135/1/135 134/1/134 
f 131/1/131 1855/1/1855 1853/1/1853 
f 1853/1/1853 134/1/134 131/1/131 
f 1854/1/1854 1853/1/1853 1855/1/1855 
f 1855/1/1855 1856/1/1856 1854/1/1854 
f 1856/1/1856 1855/1/1855 1857/1/1857 
f 1857/1/1857 1858/1/1858 1856/1/1856 
f 130/1/130 1857/1/1857 1855/1/1855 
f 1855/1/1855 131/1/131 130/1/130 
f 1712/1/1712 1857/1/1857 130/1/130 
f 130/1/130 129/1/129 1712/1/1712 
f 1858/1/1858 1857/1/1857 1712/1/1712 
f 1712/1/1712 1714/1/1714 1858/1/1858 
f 1859/1/1859 1860/1/1860 1861/1/1861 
f 1861/1/1861 1862/1/1862 1859/1/1859 
f 1840/1/1840 1861/1/1861 1860/1/1860 
f 1860/1/1860 1837/1/1837 1840/1/1840 
f 235/1/235 339/1/339 1861/1/1861 
f 1861/1/1861 1840/1/1840 235/1/235 
f 1862/1/1862 1861/1/1861 339/1/339 
f 339/1/339 335/1/335 1862/1/1862 
f 335/1/335 334/1/334 1863/1/1863 
f 1863/1/1863 1862/1/1862 335/1/335 
f 189/1/189 1698/1/1698 1863/1/1863 
f 1863/1/1863 334/1/334 189/1/189 
f 1698/1/1698 1697/1/1697 1864/1/1864 
f 1864/1/1864 1863/1/1863 1698/1/1698 
f 1862/1/1862 1863/1/1863 1864/1/1864 
f 1864/1/1864 1859/1/1859 1862/1/1862 
f 261/1/261 260/1/260 1865/1/1865 
f 1865/1/1865 1866/1/1866 261/1/261 
f 1867/1/1867 1865/1/1865 260/1/260 
f 260/1/260 259/1/259 1867/1/1867 
f 1868/1/1868 1869/1/1869 1865/1/1865 
f 1865/1/1865 1867/1/1867 1868/1/1868 
f 1870/1/1870 1866/1/1866 1865/1/1865 
f 1865/1/1865 1869/1/1869 1870/1/1870 
f 280/1/280 1871/1/1871 1872/1/1872 
f 1872/1/1872 279/1/279 280/1/280 
f 1869/1/1869 1872/1/1872 1871/1/1871 
f 1871/1/1871 1870/1/1870 1869/1/1869 
f 1868/1/1868 1873/1/1873 1872/1/1872 
f 1872/1/1872 1869/1/1869 1868/1/1868 
f 1873/1/1873 281/1/281 279/1/279 
f 279/1/279 1872/1/1872 1873/1/1873 
f 1515/1/1515 1510/1/1510 1874/1/1874 
f 1874/1/1874 1875/1/1875 1515/1/1515 
f 1513/1/1513 1748/1/1748 1874/1/1874 
f 1874/1/1874 1510/1/1510 1513/1/1513 
f 1876/1/1876 1874/1/1874 1748/1/1748 
f 1748/1/1748 1747/1/1747 1876/1/1876 
f 1875/1/1875 1874/1/1874 1876/1/1876 
f 1876/1/1876 1877/1/1877 1875/1/1875 
f 1878/1/1878 1875/1/1875 1877/1/1877 
f 1879/1/1879 1744/1/1744 1743/1/1743 
f 1528/1/1528 1540/1/1540 1878/1/1878 
f 1878/1/1878 1743/1/1743 1528/1/1528 
f 1875/1/1875 1878/1/1878 1540/1/1540 
f 1540/1/1540 1515/1/1515 1875/1/1875 
f 1880/1/1880 1881/1/1881 1882/1/1882 
f 1882/1/1882 1883/1/1883 1880/1/1880 
f 1884/1/1884 1882/1/1882 1881/1/1881 
f 1881/1/1881 1885/1/1885 1884/1/1884 
f 1886/1/1886 1887/1/1887 1882/1/1882 
f 1882/1/1882 1884/1/1884 1886/1/1886 
f 1883/1/1883 1882/1/1882 1887/1/1887 
f 1887/1/1887 1888/1/1888 1883/1/1883 
f 1453/1/1453 1889/1/1889 1890/1/1890 
f 1890/1/1890 1454/1/1454 1453/1/1453 
f 1883/1/1883 1890/1/1890 1889/1/1889 
f 1889/1/1889 1880/1/1880 1883/1/1883 
f 1888/1/1888 1891/1/1891 1890/1/1890 
f 1890/1/1890 1883/1/1883 1888/1/1888 
f 1454/1/1454 1890/1/1890 1891/1/1891 
f 1891/1/1891 1458/1/1458 1454/1/1454 
f 1892/1/1892 1893/1/1893 1894/1/1894 
f 1894/1/1894 1895/1/1895 1892/1/1892 
f 1896/1/1896 1894/1/1894 1893/1/1893 
f 1893/1/1893 1897/1/1897 1896/1/1896 
f 1898/1/1898 1899/1/1899 1894/1/1894 
f 1894/1/1894 1896/1/1896 1898/1/1898 
f 1895/1/1895 1894/1/1894 1899/1/1899 
f 1899/1/1899 1900/1/1900 1895/1/1895 
f 1901/1/1901 1902/1/1902 1903/1/1903 
f 1903/1/1903 1904/1/1904 1901/1/1901 
f 1905/1/1905 1903/1/1903 1902/1/1902 
f 1902/1/1902 1906/1/1906 1905/1/1905 
f 1900/1/1900 1899/1/1899 1903/1/1903 
f 1903/1/1903 1905/1/1905 1900/1/1900 
f 1904/1/1904 1903/1/1903 1899/1/1899 
f 1899/1/1899 1898/1/1898 1904/1/1904 
f 1723/1/1723 1726/1/1726 1907/1/1907 
f 1907/1/1907 1908/1/1908 1723/1/1723 
f 1213/1/1213 1907/1/1907 1726/1/1726 
f 1726/1/1726 1214/1/1214 1213/1/1213 
f 1207/1/1207 1909/1/1909 1907/1/1907 
f 1907/1/1907 1213/1/1213 1207/1/1207 
f 1908/1/1908 1907/1/1907 1909/1/1909 
f 1909/1/1909 1910/1/1910 1908/1/1908 
f 1074/1/1074 1073/1/1073 1911/1/1911 
f 1911/1/1911 1912/1/1912 1074/1/1074 
f 1815/1/1815 1911/1/1911 1073/1/1073 
f 1073/1/1073 1072/1/1072 1815/1/1815 
f 1815/1/1815 1723/1/1723 1908/1/1908 
f 1908/1/1908 1911/1/1911 1815/1/1815 
f 1910/1/1910 1912/1/1912 1911/1/1911 
f 1911/1/1911 1908/1/1908 1910/1/1910 
f 1080/1/1080 1076/1/1076 1913/1/1913 
f 1913/1/1913 1914/1/1914 1080/1/1080 
f 1915/1/1915 1913/1/1913 1076/1/1076 
f 1076/1/1076 1075/1/1075 1915/1/1915 
f 1916/1/1916 1917/1/1917 1913/1/1913 
f 1913/1/1913 1915/1/1915 1916/1/1916 
f 1914/1/1914 1913/1/1913 1917/1/1917 
f 1917/1/1917 1918/1/1918 1914/1/1914 
f 1919/1/1919 1920/1/1920 1921/1/1921 
f 1921/1/1921 1922/1/1922 1919/1/1919 
f 1923/1/1923 1924/1/1924 1921/1/1921 
f 1921/1/1921 1920/1/1920 1923/1/1923 
f 1918/1/1918 1917/1/1917 1921/1/1921 
f 1921/1/1921 1924/1/1924 1918/1/1918 
f 1922/1/1922 1921/1/1921 1917/1/1917 
f 1917/1/1917 1916/1/1916 1922/1/1922 
f 1925/1/1925 1926/1/1926 1927/1/1927 
f 1928/1/1928 1929/1/1929 1930/1/1930 
f 1931/1/1931 1932/1/1932 1925/1/1925 
f 1925/1/1925 1930/1/1930 1931/1/1931 
f 1926/1/1926 1925/1/1925 1932/1/1932 
f 1932/1/1932 1933/1/1933 1926/1/1926 
f 1933/1/1933 1934/1/1934 1935/1/1935 
f 1935/1/1935 1926/1/1926 1933/1/1933 
f 1934/1/1934 1756/1/1756 1758/1/1758 
f 1936/1/1936 1935/1/1935 1758/1/1758 
f 1758/1/1758 1733/1/1733 1936/1/1936 
f 1936/1/1936 1927/1/1927 1926/1/1926 
f 1897/1/1897 1893/1/1893 1937/1/1937 
f 1937/1/1937 1938/1/1938 1897/1/1897 
f 1939/1/1939 1937/1/1937 1893/1/1893 
f 1893/1/1893 1892/1/1892 1939/1/1939 
f 1134/1/1134 1940/1/1940 1937/1/1937 
f 1937/1/1937 1939/1/1939 1134/1/1134 
f 1938/1/1938 1937/1/1937 1940/1/1940 
f 1940/1/1940 1941/1/1941 1938/1/1938 
f 1134/1/1134 1130/1/1130 1942/1/1942 
f 1699/1/1699 1942/1/1942 1130/1/1130 
f 1130/1/1130 1129/1/1129 1699/1/1699 
f 1942/1/1942 1699/1/1699 1702/1/1702 
f 1940/1/1940 1942/1/1942 1943/1/1943 
f 1943/1/1943 1941/1/1941 1940/1/1940 
f 1944/1/1944 1945/1/1945 1946/1/1946 
f 1946/1/1946 1947/1/1947 1944/1/1944 
f 1844/1/1844 1946/1/1946 1945/1/1945 
f 1945/1/1945 1841/1/1841 1844/1/1844 
f 1846/1/1846 1948/1/1948 1946/1/1946 
f 1946/1/1946 1844/1/1844 1846/1/1846 
f 1947/1/1947 1946/1/1946 1948/1/1948 
f 1948/1/1948 1949/1/1949 1947/1/1947 
f 1949/1/1949 1950/1/1950 1951/1/1951 
f 1951/1/1951 1947/1/1947 1949/1/1949 
f 1920/1/1920 1951/1/1951 1950/1/1950 
f 1950/1/1950 1923/1/1923 1920/1/1920 
f 1919/1/1919 1952/1/1952 1951/1/1951 
f 1951/1/1951 1920/1/1920 1919/1/1919 
f 1952/1/1952 1944/1/1944 1947/1/1947 
f 1953/1/1953 1931/1/1931 1930/1/1930 
f 1929/1/1929 1954/1/1954 1955/1/1955 
f 1954/1/1954 1956/1/1956 1957/1/1957 
f 1957/1/1957 1955/1/1955 1954/1/1954 
f 1953/1/1953 1955/1/1955 1957/1/1957 
f 1957/1/1957 1958/1/1958 1953/1/1953 
f 1957/1/1957 1956/1/1956 1959/1/1959 
f 1746/1/1746 1960/1/1960 1959/1/1959 
f 1959/1/1959 1747/1/1747 1746/1/1746 
f 1961/1/1961 1960/1/1960 1746/1/1746 
f 1746/1/1746 1750/1/1750 1961/1/1961 
f 1961/1/1961 1958/1/1958 1957/1/1957 
f 1957/1/1957 1960/1/1960 1961/1/1961 
f 1906/1/1906 1902/1/1902 1962/1/1962 
f 1962/1/1962 1963/1/1963 1906/1/1906 
f 1964/1/1964 1962/1/1962 1902/1/1902 
f 1902/1/1902 1901/1/1901 1964/1/1964 
f 1965/1/1965 1962/1/1962 1964/1/1964 
f 1964/1/1964 1966/1/1966 1965/1/1965 
f 1967/1/1967 1963/1/1963 1962/1/1962 
f 1962/1/1962 1965/1/1965 1967/1/1967 
f 1966/1/1966 1968/1/1968 1969/1/1969 
f 1969/1/1969 1965/1/1965 1966/1/1966 
f 1968/1/1968 1886/1/1886 1884/1/1884 
f 1885/1/1885 1970/1/1970 1969/1/1969 
f 1969/1/1969 1884/1/1884 1885/1/1885 
f 1965/1/1965 1969/1/1969 1970/1/1970 
f 1970/1/1970 1967/1/1967 1965/1/1965 
f 1971/1/1971 1972/1/1972 1973/1/1973 
f 1742/1/1742 1971/1/1971 1974/1/1974 
f 1974/1/1974 1738/1/1738 1742/1/1742 
f 1744/1/1744 1975/1/1975 1971/1/1971 
f 1971/1/1971 1742/1/1742 1744/1/1744 
f 1975/1/1975 1976/1/1976 1972/1/1972 
f 1977/1/1977 1978/1/1978 1979/1/1979 
f 1979/1/1979 1980/1/1980 1977/1/1977 
f 1465/1/1465 1979/1/1979 1978/1/1978 
f 1978/1/1978 1462/1/1462 1465/1/1465 
f 1467/1/1467 1981/1/1981 1979/1/1979 
f 1979/1/1979 1465/1/1465 1467/1/1467 
f 1980/1/1980 1979/1/1979 1981/1/1981 
f 1981/1/1981 1982/1/1982 1980/1/1980 
f 1983/1/1983 1984/1/1984 1985/1/1985 
f 1985/1/1985 1986/1/1986 1983/1/1983 
f 1987/1/1987 1985/1/1985 1984/1/1984 
f 1984/1/1984 1988/1/1988 1987/1/1987 
f 1989/1/1989 1990/1/1990 1985/1/1985 
f 1985/1/1985 1987/1/1987 1989/1/1989 
f 1986/1/1986 1985/1/1985 1990/1/1990 
f 1990/1/1990 1991/1/1991 1986/1/1986 
f 1991/1/1991 1992/1/1992 1993/1/1993 
f 1993/1/1993 1986/1/1986 1991/1/1991 
f 1671/1/1671 1993/1/1993 1992/1/1992 
f 1992/1/1992 1672/1/1672 1671/1/1671 
f 1670/1/1670 1994/1/1994 1993/1/1993 
f 1993/1/1993 1671/1/1671 1670/1/1670 
f 1986/1/1986 1993/1/1993 1994/1/1994 
f 1994/1/1994 1983/1/1983 1986/1/1986 
f 1995/1/1995 1996/1/1996 1997/1/1997 
f 1997/1/1997 1998/1/1998 1995/1/1995 
f 1999/1/1999 1997/1/1997 1996/1/1996 
f 1996/1/1996 2000/1/2000 1999/1/1999 
f 1690/1/1690 1686/1/1686 1997/1/1997 
f 1997/1/1997 1999/1/1999 1690/1/1690 
f 1998/1/1998 1997/1/1997 1686/1/1686 
f 1686/1/1686 1685/1/1685 1998/1/1998 
f 2001/1/2001 2002/1/2002 2003/1/2003 
f 1696/1/1696 2001/1/2001 2004/1/2004 
f 2004/1/2004 1697/1/1697 1696/1/1696 
f 2001/1/2001 1696/1/1696 1693/1/1693 
f 2005/1/2005 2006/1/2006 2002/1/2002 
f 2007/1/2007 2008/1/2008 2009/1/2009 
f 2009/1/2009 2010/1/2010 2007/1/2007 
f 2011/1/2011 2009/1/2009 2008/1/2008 
f 2008/1/2008 2012/1/2012 2011/1/2011 
f 1823/1/1823 1822/1/1822 2009/1/2009 
f 2009/1/2009 2011/1/2011 1823/1/1823 
f 2010/1/2010 2009/1/2009 1822/1/1822 
f 1822/1/1822 1821/1/1821 2010/1/2010 
f 2013/1/2013 2014/1/2014 2015/1/2015 
f 2015/1/2015 2016/1/2016 2013/1/2013 
f 2017/1/2017 2015/1/2015 2014/1/2014 
f 2014/1/2014 2018/1/2018 2017/1/2017 
f 1941/1/1941 1943/1/1943 2015/1/2015 
f 2015/1/2015 2017/1/2017 1941/1/1941 
f 2016/1/2016 2015/1/2015 1943/1/1943 
f 1943/1/1943 1702/1/1702 2016/1/2016 
f 2019/1/2019 2020/1/2020 2021/1/2021 
f 2021/1/2021 2022/1/2022 2019/1/2019 
f 1718/1/1718 2021/1/2021 2020/1/2020 
f 2020/1/2020 1715/1/1715 1718/1/1718 
f 1710/1/1710 2023/1/2023 2021/1/2021 
f 2021/1/2021 1718/1/1718 1710/1/1710 
f 2022/1/2022 2021/1/2021 2023/1/2023 
f 2023/1/2023 2024/1/2024 2022/1/2022 
f 2025/1/2025 2026/1/2026 2027/1/2027 
f 2027/1/2027 2028/1/2028 2025/1/2025 
f 1730/1/1730 2027/1/2027 2026/1/2026 
f 2026/1/2026 1241/1/1241 1730/1/1730 
f 1722/1/1722 2029/1/2029 2027/1/2027 
f 2027/1/2027 1730/1/1730 1722/1/1722 
f 2028/1/2028 2027/1/2027 2029/1/2029 
f 2029/1/2029 2030/1/2030 2028/1/2028 
f 2031/1/2031 2032/1/2032 2033/1/2033 
f 2033/1/2033 2034/1/2034 2031/1/2031 
f 1828/1/1828 2033/1/2033 2032/1/2032 
f 2032/1/2032 1817/1/1817 1828/1/1828 
f 1830/1/1830 2035/1/2035 2033/1/2033 
f 2033/1/2033 1828/1/1828 1830/1/1830 
f 2034/1/2034 2033/1/2033 2035/1/2035 
f 2035/1/2035 2036/1/2036 2034/1/2034 
f 2037/1/2037 2038/1/2038 2039/1/2039 
f 2039/1/2039 2040/1/2040 2037/1/2037 
f 2041/1/2041 2038/1/2038 2037/1/2037 
f 2037/1/2037 2042/1/2042 2041/1/2041 
f 1740/1/1740 1735/1/1735 2038/1/2038 
f 2038/1/2038 2041/1/2041 1740/1/1740 
f 2039/1/2039 2038/1/2038 1735/1/1735 
f 1735/1/1735 1738/1/1738 2039/1/2039 
f 2043/1/2043 2044/1/2044 2045/1/2045 
f 2046/1/2046 2043/1/2043 2047/1/2047 
f 2047/1/2047 2018/1/2018 2046/1/2046 
f 1202/1/1202 1754/1/1754 2043/1/2043 
f 2043/1/2043 2046/1/2046 1202/1/1202 
f 2044/1/2044 2043/1/2043 1754/1/1754 
f 1754/1/1754 1756/1/1756 2044/1/2044 
f 2048/1/2048 2049/1/2049 2050/1/2050 
f 2050/1/2050 2051/1/2051 2048/1/2048 
f 2052/1/2052 2050/1/2050 2049/1/2049 
f 2049/1/2049 2053/1/2053 2052/1/2052 
f 1966/1/1966 1964/1/1964 2050/1/2050 
f 2050/1/2050 2052/1/2052 1966/1/1966 
f 1964/1/1964 1901/1/1901 2051/1/2051 
f 2054/1/2054 2055/1/2055 2056/1/2056 
f 2056/1/2056 2057/1/2057 2054/1/2054 
f 2058/1/2058 2056/1/2056 2055/1/2055 
f 2055/1/2055 2059/1/2059 2058/1/2058 
f 1776/1/1776 1775/1/1775 2056/1/2056 
f 2056/1/2056 2058/1/2058 1776/1/1776 
f 2057/1/2057 2056/1/2056 1775/1/1775 
f 1775/1/1775 1774/1/1774 2057/1/2057 
f 147/1/147 146/1/146 2060/1/2060 
f 2060/1/2060 2061/1/2061 147/1/147 
f 2062/1/2062 2060/1/2060 146/1/146 
f 146/1/146 145/1/145 2062/1/2062 
f 1995/1/1995 2063/1/2063 2060/1/2060 
f 2060/1/2060 2062/1/2062 1995/1/1995 
f 2061/1/2061 2060/1/2060 2063/1/2063 
f 2063/1/2063 2064/1/2064 2061/1/2061 
f 2062/1/2062 2065/1/2065 1996/1/1996 
f 1996/1/1996 1995/1/1995 2062/1/2062 
f 145/1/145 1852/1/1852 2065/1/2065 
f 2065/1/2065 2062/1/2062 145/1/145 
f 1850/1/1850 2066/1/2066 2065/1/2065 
f 2065/1/2065 1852/1/1852 1850/1/1850 
f 2000/1/2000 1996/1/1996 2065/1/2065 
f 2065/1/2065 2066/1/2066 2000/1/2000 
f 1685/1/1685 1805/1/1805 2067/1/2067 
f 2067/1/2067 1998/1/1998 1685/1/1685 
f 2068/1/2068 2067/1/2067 1805/1/1805 
f 1805/1/1805 1804/1/1804 2068/1/2068 
f 2064/1/2064 2063/1/2063 2067/1/2067 
f 2067/1/2067 2068/1/2068 2064/1/2064 
f 1998/1/1998 2067/1/2067 2063/1/2063 
f 2063/1/2063 1995/1/1995 1998/1/1998 
f 1850/1/1850 1849/1/1849 2069/1/2069 
f 2069/1/2069 2066/1/2066 1850/1/1850 
f 268/1/268 2070/1/2070 2069/1/2069 
f 2069/1/2069 1849/1/1849 268/1/268 
f 2071/1/2071 2069/1/2069 2070/1/2070 
f 2070/1/2070 2006/1/2006 2071/1/2071 
f 2066/1/2066 2069/1/2069 2071/1/2071 
f 2071/1/2071 2000/1/2000 2066/1/2066 
f 2006/1/2006 2070/1/2070 2072/1/2072 
f 2072/1/2072 2002/1/2002 2006/1/2006 
f 271/1/271 2072/1/2072 2070/1/2070 
f 2070/1/2070 268/1/268 271/1/271 
f 275/1/275 2073/1/2073 2072/1/2072 
f 2072/1/2072 271/1/271 275/1/275 
f 2002/1/2002 2072/1/2072 2073/1/2073 
f 2073/1/2073 2003/1/2003 2002/1/2002 
f 2005/1/2005 1693/1/1693 1694/1/1694 
f 1999/1/1999 2074/1/2074 1694/1/1694 
f 1694/1/1694 1690/1/1690 1999/1/1999 
f 2074/1/2074 1999/1/1999 2000/1/2000 
f 2006/1/2006 2005/1/2005 2074/1/2074 
f 2074/1/2074 2071/1/2071 2006/1/2006 
f 275/1/275 324/1/324 2075/1/2075 
f 2075/1/2075 2073/1/2073 275/1/275 
f 2076/1/2076 2075/1/2075 324/1/324 
f 324/1/324 323/1/323 2076/1/2076 
f 2077/1/2077 2078/1/2078 2075/1/2075 
f 2075/1/2075 2076/1/2076 2077/1/2077 
f 2003/1/2003 2073/1/2073 2075/1/2075 
f 2075/1/2075 2078/1/2078 2003/1/2003 
f 2078/1/2078 2079/1/2079 2004/1/2004 
f 2004/1/2004 2003/1/2003 2078/1/2078 
f 2080/1/2080 2079/1/2079 2078/1/2078 
f 2078/1/2078 2077/1/2077 2080/1/2080 
f 2079/1/2079 2080/1/2080 1859/1/1859 
f 1697/1/1697 2004/1/2004 2079/1/2079 
f 2079/1/2079 1864/1/1864 1697/1/1697 
f 233/1/233 231/1/231 2081/1/2081 
f 2081/1/2081 2082/1/2082 233/1/233 
f 2083/1/2083 2081/1/2081 231/1/231 
f 231/1/231 230/1/230 2083/1/2083 
f 2007/1/2007 2084/1/2084 2081/1/2081 
f 2081/1/2081 2083/1/2083 2007/1/2007 
f 2082/1/2082 2081/1/2081 2084/1/2084 
f 2084/1/2084 2085/1/2085 2082/1/2082 
f 230/1/230 1070/1/1070 2086/1/2086 
f 2086/1/2086 2083/1/2083 230/1/230 
f 2087/1/2087 2086/1/2086 1070/1/1070 
f 1070/1/1070 1074/1/1074 2087/1/2087 
f 2012/1/2012 2008/1/2008 2086/1/2086 
f 2086/1/2086 2087/1/2087 2012/1/2012 
f 2083/1/2083 2086/1/2086 2008/1/2008 
f 2008/1/2008 2007/1/2007 2083/1/2083 
f 1821/1/1821 1838/1/1838 2088/1/2088 
f 2088/1/2088 2010/1/2010 1821/1/1821 
f 2089/1/2089 2088/1/2088 1838/1/1838 
f 1838/1/1838 1837/1/1837 2089/1/2089 
f 2085/1/2085 2084/1/2084 2088/1/2088 
f 2088/1/2088 2089/1/2089 2085/1/2085 
f 2010/1/2010 2088/1/2088 2084/1/2084 
f 2084/1/2084 2007/1/2007 2010/1/2010 
f 1910/1/1910 1909/1/1909 2090/1/2090 
f 2090/1/2090 2091/1/2091 1910/1/1910 
f 2092/1/2092 2090/1/2090 1909/1/1909 
f 1909/1/1909 1207/1/1207 2092/1/2092 
f 2013/1/2013 2093/1/2093 2090/1/2090 
f 2090/1/2090 2092/1/2092 2013/1/2013 
f 2091/1/2091 2090/1/2090 2093/1/2093 
f 2093/1/2093 2094/1/2094 2091/1/2091 
f 1207/1/1207 1203/1/1203 2095/1/2095 
f 2095/1/2095 2092/1/2092 1207/1/1207 
f 2046/1/2046 2095/1/2095 1203/1/1203 
f 1203/1/1203 1202/1/1202 2046/1/2046 
f 2018/1/2018 2014/1/2014 2095/1/2095 
f 2095/1/2095 2046/1/2046 2018/1/2018 
f 2092/1/2092 2095/1/2095 2014/1/2014 
f 2014/1/2014 2013/1/2013 2092/1/2092 
f 1702/1/1702 1701/1/1701 2096/1/2096 
f 2096/1/2096 2016/1/2016 1702/1/1702 
f 2097/1/2097 2096/1/2096 1701/1/1701 
f 1701/1/1701 1706/1/1706 2097/1/2097 
f 2094/1/2094 2093/1/2093 2096/1/2096 
f 2096/1/2096 2097/1/2097 2094/1/2094 
f 2016/1/2016 2096/1/2096 2093/1/2093 
f 2093/1/2093 2013/1/2013 2016/1/2016 
f 2098/1/2098 2099/1/2099 2100/1/2100 
f 2100/1/2100 2101/1/2101 2098/1/2098 
f 157/1/157 2100/1/2100 2099/1/2099 
f 2099/1/2099 154/1/154 157/1/157 
f 162/1/162 2102/1/2102 2100/1/2100 
f 2100/1/2100 157/1/157 162/1/162 
f 2101/1/2101 2100/1/2100 2102/1/2102 
f 2102/1/2102 2103/1/2103 2101/1/2101 
f 2103/1/2103 2102/1/2102 2104/1/2104 
f 2104/1/2104 2105/1/2105 2103/1/2103 
f 164/1/164 2104/1/2104 2102/1/2102 
f 2102/1/2102 162/1/162 164/1/164 
f 168/1/168 2106/1/2106 2104/1/2104 
f 2104/1/2104 164/1/164 168/1/168 
f 2105/1/2105 2104/1/2104 2106/1/2106 
f 2106/1/2106 2107/1/2107 2105/1/2105 
f 2103/1/2103 2105/1/2105 2108/1/2108 
f 2108/1/2108 2109/1/2109 2103/1/2103 
f 2107/1/2107 2110/1/2110 2108/1/2108 
f 2108/1/2108 2105/1/2105 2107/1/2107 
f 2110/1/2110 1856/1/1856 1858/1/1858 
f 1858/1/1858 2108/1/2108 2110/1/2110 
f 2109/1/2109 2108/1/2108 1858/1/1858 
f 1858/1/1858 1714/1/1714 2109/1/2109 
f 1792/1/1792 2111/1/2111 2112/1/2112 
f 2112/1/2112 1795/1/1795 1792/1/1792 
f 2101/1/2101 2112/1/2112 2111/1/2111 
f 2111/1/2111 2098/1/2098 2101/1/2101 
f 2103/1/2103 2109/1/2109 2112/1/2112 
f 2112/1/2112 2101/1/2101 2103/1/2103 
f 1795/1/1795 2112/1/2112 2109/1/2109 
f 2109/1/2109 1714/1/1714 1795/1/1795 
f 2107/1/2107 2106/1/2106 2113/1/2113 
f 2113/1/2113 2114/1/2114 2107/1/2107 
f 277/1/277 2113/1/2113 2106/1/2106 
f 2106/1/2106 168/1/168 277/1/277 
f 281/1/281 2115/1/2115 2113/1/2113 
f 2113/1/2113 277/1/277 281/1/281 
f 2114/1/2114 2113/1/2113 2115/1/2115 
f 2115/1/2115 2024/1/2024 2114/1/2114 
f 2024/1/2024 2115/1/2115 2116/1/2116 
f 2116/1/2116 2022/1/2022 2024/1/2024 
f 1873/1/1873 2116/1/2116 2115/1/2115 
f 2115/1/2115 281/1/281 1873/1/1873 
f 1868/1/1868 2117/1/2117 2116/1/2116 
f 2116/1/2116 1873/1/1873 1868/1/1868 
f 2022/1/2022 2116/1/2116 2117/1/2117 
f 2117/1/2117 2019/1/2019 2022/1/2022 
f 1856/1/1856 2110/1/2110 2118/1/2118 
f 2118/1/2118 1854/1/1854 1856/1/1856 
f 2114/1/2114 2118/1/2118 2110/1/2110 
f 2110/1/2110 2107/1/2107 2114/1/2114 
f 2024/1/2024 2023/1/2023 2118/1/2118 
f 2118/1/2118 2114/1/2114 2024/1/2024 
f 1854/1/1854 2118/1/2118 2023/1/2023 
f 2023/1/2023 1710/1/1710 1854/1/1854 
f 2119/1/2119 2120/1/2120 2121/1/2121 
f 2121/1/2121 2122/1/2122 2119/1/2119 
f 1924/1/1924 2121/1/2121 2120/1/2120 
f 2120/1/2120 1918/1/1918 1924/1/1924 
f 1923/1/1923 2123/1/2123 2121/1/2121 
f 2121/1/2121 1924/1/1924 1923/1/1923 
f 2122/1/2122 2121/1/2121 2123/1/2123 
f 2123/1/2123 2030/1/2030 2122/1/2122 
f 2124/1/2124 2123/1/2123 1923/1/1923 
f 2125/1/2125 2124/1/2124 1950/1/1950 
f 1950/1/1950 1949/1/1949 2125/1/2125 
f 2125/1/2125 2025/1/2025 2028/1/2028 
f 2030/1/2030 2123/1/2123 2124/1/2124 
f 2124/1/2124 2028/1/2028 2030/1/2030 
f 1728/1/1728 2126/1/2126 2127/1/2127 
f 2127/1/2127 1727/1/1727 1728/1/1728 
f 2126/1/2126 2119/1/2119 2122/1/2122 
f 2030/1/2030 2029/1/2029 2127/1/2127 
f 2127/1/2127 2122/1/2122 2030/1/2030 
f 1727/1/1727 2127/1/2127 2029/1/2029 
f 2029/1/2029 1722/1/1722 1727/1/1727 
f 2128/1/2128 2129/1/2129 2130/1/2130 
f 2130/1/2130 2131/1/2131 2128/1/2128 
f 257/1/257 2130/1/2130 2129/1/2129 
f 2129/1/2129 259/1/259 257/1/257 
f 258/1/258 2132/1/2132 2130/1/2130 
f 2130/1/2130 257/1/257 258/1/258 
f 2131/1/2131 2130/1/2130 2132/1/2132 
f 2132/1/2132 2036/1/2036 2131/1/2131 
f 2036/1/2036 2132/1/2132 2133/1/2133 
f 2133/1/2133 2034/1/2034 2036/1/2036 
f 1079/1/1079 2133/1/2133 2132/1/2132 
f 2132/1/2132 258/1/258 1079/1/1079 
f 1080/1/1080 2134/1/2134 2133/1/2133 
f 2133/1/2133 1079/1/1079 1080/1/1080 
f 2034/1/2034 2133/1/2133 2134/1/2134 
f 2134/1/2134 2031/1/2031 2034/1/2034 
f 1833/1/1833 2135/1/2135 2136/1/2136 
f 2136/1/2136 1836/1/1836 1833/1/1833 
f 2131/1/2131 2136/1/2136 2135/1/2135 
f 2135/1/2135 2128/1/2128 2131/1/2131 
f 2036/1/2036 2035/1/2035 2136/1/2136 
f 2136/1/2136 2131/1/2131 2036/1/2036 
f 1836/1/1836 2136/1/2136 2035/1/2035 
f 2035/1/2035 1830/1/1830 1836/1/1836 
f 2137/1/2137 2138/1/2138 2139/1/2139 
f 2139/1/2139 2140/1/2140 2137/1/2137 
f 1845/1/1845 2139/1/2139 2138/1/2138 
f 2138/1/2138 1846/1/1846 1845/1/1845 
f 2139/1/2139 1845/1/1845 1123/1/1123 
f 2141/1/2141 2142/1/2142 2140/1/2140 
f 1122/1/1122 2143/1/2143 2141/1/2141 
f 2141/1/2141 1123/1/1123 1122/1/1122 
f 2144/1/2144 2143/1/2143 1122/1/1122 
f 1122/1/1122 1128/1/1128 2144/1/2144 
f 2145/1/2145 2146/1/2146 2143/1/2143 
f 2143/1/2143 2144/1/2144 2145/1/2145 
f 2143/1/2143 2146/1/2146 2142/1/2142 
f 2146/1/2146 2147/1/2147 2148/1/2148 
f 2148/1/2148 2142/1/2142 2146/1/2146 
f 2149/1/2149 2147/1/2147 2146/1/2146 
f 2146/1/2146 2145/1/2145 2149/1/2149 
f 1927/1/1927 1936/1/1936 2147/1/2147 
f 2147/1/2147 2149/1/2149 1927/1/1927 
f 1733/1/1733 2148/1/2148 2147/1/2147 
f 2147/1/2147 1936/1/1936 1733/1/1733 
f 1242/1/1242 2150/1/2150 2151/1/2151 
f 2151/1/2151 1732/1/1732 1242/1/1242 
f 2150/1/2150 2137/1/2137 2140/1/2140 
f 2142/1/2142 2148/1/2148 2151/1/2151 
f 2151/1/2151 2140/1/2140 2142/1/2142 
f 1732/1/1732 2151/1/2151 2148/1/2148 
f 2148/1/2148 1733/1/1733 1732/1/1732 
f 2152/1/2152 2153/1/2153 2154/1/2154 
f 2154/1/2154 2155/1/2155 2152/1/2152 
f 1361/1/1361 2154/1/2154 2153/1/2153 
f 2153/1/2153 1362/1/1362 1361/1/1361 
f 2154/1/2154 1361/1/1361 1358/1/1358 
f 2156/1/2156 2157/1/2157 2155/1/2155 
f 1358/1/1358 1357/1/1357 2158/1/2158 
f 2158/1/2158 2156/1/2156 1358/1/1358 
f 2159/1/2159 2158/1/2158 1357/1/1357 
f 1357/1/1357 1356/1/1356 2159/1/2159 
f 2160/1/2160 2161/1/2161 2158/1/2158 
f 2158/1/2158 2159/1/2159 2160/1/2160 
f 2161/1/2161 2157/1/2157 2156/1/2156 
f 2157/1/2157 2161/1/2161 2162/1/2162 
f 2162/1/2162 2163/1/2163 2157/1/2157 
f 2164/1/2164 2162/1/2162 2161/1/2161 
f 2161/1/2161 2160/1/2160 2164/1/2164 
f 1877/1/1877 1876/1/1876 2162/1/2162 
f 2162/1/2162 2164/1/2164 1877/1/1877 
f 2163/1/2163 2162/1/2162 1876/1/1876 
f 1876/1/1876 1747/1/1747 2163/1/2163 
f 1956/1/1956 2165/1/2165 2166/1/2166 
f 2166/1/2166 1959/1/1959 1956/1/1956 
f 2155/1/2155 2166/1/2166 2165/1/2165 
f 2165/1/2165 2152/1/2152 2155/1/2155 
f 2157/1/2157 2163/1/2163 2166/1/2166 
f 2166/1/2166 2155/1/2155 2157/1/2157 
f 1959/1/1959 2166/1/2166 2163/1/2163 
f 2163/1/2163 1747/1/1747 1959/1/1959 
f 1356/1/1356 1463/1/1463 2167/1/2167 
f 2167/1/2167 2159/1/2159 1356/1/1356 
f 1463/1/1463 1462/1/1462 2168/1/2168 
f 2169/1/2169 2170/1/2170 2167/1/2167 
f 2167/1/2167 2168/1/2168 2169/1/2169 
f 2159/1/2159 2167/1/2167 2170/1/2170 
f 2170/1/2170 2160/1/2160 2159/1/2159 
f 1462/1/1462 1978/1/1978 2171/1/2171 
f 2171/1/2171 2168/1/2168 1462/1/1462 
f 2172/1/2172 2171/1/2171 1978/1/1978 
f 1978/1/1978 1977/1/1977 2172/1/2172 
f 2173/1/2173 2174/1/2174 2171/1/2171 
f 2171/1/2171 2172/1/2172 2173/1/2173 
f 2168/1/2168 2171/1/2171 2174/1/2174 
f 2174/1/2174 2169/1/2169 2168/1/2168 
f 2169/1/2169 2174/1/2174 2175/1/2175 
f 2175/1/2175 2176/1/2176 2169/1/2169 
f 2177/1/2177 2175/1/2175 2174/1/2174 
f 2174/1/2174 2173/1/2173 2177/1/2177 
f 2175/1/2175 2177/1/2177 1976/1/1976 
f 2176/1/2176 2175/1/2175 1975/1/1975 
f 1975/1/1975 1744/1/1744 2176/1/2176 
f 1744/1/1744 1879/1/1879 2178/1/2178 
f 2178/1/2178 2176/1/2176 1744/1/1744 
f 2164/1/2164 2178/1/2178 1879/1/1879 
f 1879/1/1879 1877/1/1877 2164/1/2164 
f 2160/1/2160 2170/1/2170 2178/1/2178 
f 2178/1/2178 2164/1/2164 2160/1/2160 
f 2176/1/2176 2178/1/2178 2170/1/2170 
f 2170/1/2170 2169/1/2169 2176/1/2176 
f 1679/1/1679 1682/1/1682 2179/1/2179 
f 2179/1/2179 2180/1/2180 1679/1/1679 
f 2181/1/2181 2179/1/2179 1682/1/1682 
f 1682/1/1682 1678/1/1678 2181/1/2181 
f 2182/1/2182 2183/1/2183 2179/1/2179 
f 2179/1/2179 2181/1/2181 2182/1/2182 
f 2180/1/2180 2179/1/2179 2183/1/2183 
f 2183/1/2183 2184/1/2184 2180/1/2180 
f 2185/1/2185 2182/1/2182 2181/1/2181 
f 2181/1/2181 2186/1/2186 2185/1/2185 
f 1677/1/1677 2186/1/2186 2181/1/2181 
f 2181/1/2181 1678/1/1678 1677/1/1677 
f 1664/1/1664 2187/1/2187 2186/1/2186 
f 2186/1/2186 1677/1/1677 1664/1/1664 
f 2185/1/2185 2186/1/2186 2187/1/2187 
f 2187/1/2187 2188/1/2188 2185/1/2185 
f 2188/1/2188 2187/1/2187 2189/1/2189 
f 2189/1/2189 2190/1/2190 2188/1/2188 
f 1667/1/1667 2189/1/2189 2187/1/2187 
f 2187/1/2187 1664/1/1664 1667/1/1667 
f 1672/1/1672 2191/1/2191 2189/1/2189 
f 2189/1/2189 1667/1/1667 1672/1/1672 
f 2190/1/2190 2189/1/2189 2191/1/2191 
f 2191/1/2191 2192/1/2192 2190/1/2190 
f 1672/1/1672 1992/1/1992 2193/1/2193 
f 2193/1/2193 2191/1/2191 1672/1/1672 
f 2194/1/2194 2193/1/2193 1992/1/1992 
f 1992/1/1992 1991/1/1991 2194/1/2194 
f 2195/1/2195 2196/1/2196 2193/1/2193 
f 2193/1/2193 2194/1/2194 2195/1/2195 
f 2191/1/2191 2193/1/2193 2196/1/2196 
f 2196/1/2196 2192/1/2192 2191/1/2191 
f 1991/1/1991 1990/1/1990 2197/1/2197 
f 2197/1/2197 2194/1/2194 1991/1/1991 
f 1990/1/1990 1989/1/1989 2198/1/2198 
f 2199/1/2199 2200/1/2200 2197/1/2197 
f 2197/1/2197 2198/1/2198 2199/1/2199 
f 2194/1/2194 2197/1/2197 2200/1/2200 
f 2200/1/2200 2195/1/2195 2194/1/2194 
f 2201/1/2201 2202/1/2202 2203/1/2203 
f 2203/1/2203 2204/1/2204 2201/1/2201 
f 1457/1/1457 2203/1/2203 2202/1/2202 
f 2202/1/2202 1459/1/1459 1457/1/1457 
f 1458/1/1458 2205/1/2205 2203/1/2203 
f 2203/1/2203 1457/1/1457 1458/1/1458 
f 2204/1/2204 2203/1/2203 2205/1/2205 
f 2205/1/2205 2040/1/2040 2204/1/2204 
f 1458/1/1458 1891/1/1891 2206/1/2206 
f 2206/1/2206 2205/1/2205 1458/1/1458 
f 1891/1/1891 1888/1/1888 2207/1/2207 
f 2042/1/2042 2037/1/2037 2206/1/2206 
f 2206/1/2206 2207/1/2207 2042/1/2042 
f 2205/1/2205 2206/1/2206 2037/1/2037 
f 2037/1/2037 2040/1/2040 2205/1/2205 
f 1973/1/1973 2208/1/2208 2209/1/2209 
f 2209/1/2209 1974/1/1974 1973/1/1973 
f 2204/1/2204 2209/1/2209 2208/1/2208 
f 2208/1/2208 2201/1/2201 2204/1/2204 
f 2040/1/2040 2039/1/2039 2209/1/2209 
f 2209/1/2209 2204/1/2204 2040/1/2040 
f 1974/1/1974 2209/1/2209 2039/1/2039 
f 2039/1/2039 1738/1/1738 1974/1/1974 
f 1888/1/1888 1887/1/1887 2210/1/2210 
f 2210/1/2210 2207/1/2207 1888/1/1888 
f 2211/1/2211 2210/1/2210 1887/1/1887 
f 1887/1/1887 1886/1/1886 2211/1/2211 
f 2212/1/2212 2213/1/2213 2210/1/2210 
f 2210/1/2210 2211/1/2211 2212/1/2212 
f 2207/1/2207 2210/1/2210 2213/1/2213 
f 2213/1/2213 2042/1/2042 2207/1/2207 
f 1886/1/1886 1968/1/1968 2214/1/2214 
f 2214/1/2214 2211/1/2211 1886/1/1886 
f 1968/1/1968 1966/1/1966 2052/1/2052 
f 2053/1/2053 2215/1/2215 2214/1/2214 
f 2214/1/2214 2052/1/2052 2053/1/2053 
f 2215/1/2215 2212/1/2212 2211/1/2211 
f 2216/1/2216 2217/1/2217 2215/1/2215 
f 2215/1/2215 2053/1/2053 2216/1/2216 
f 1958/1/1958 1961/1/1961 2217/1/2217 
f 2217/1/2217 2216/1/2216 1958/1/1958 
f 1750/1/1750 2218/1/2218 2217/1/2217 
f 2217/1/2217 1961/1/1961 1750/1/1750 
f 2212/1/2212 2215/1/2215 2217/1/2217 
f 2217/1/2217 2218/1/2218 2212/1/2212 
f 1740/1/1740 2041/1/2041 2219/1/2219 
f 2219/1/2219 1752/1/1752 1740/1/1740 
f 2042/1/2042 2213/1/2213 2219/1/2219 
f 2219/1/2219 2041/1/2041 2042/1/2042 
f 2212/1/2212 2218/1/2218 2219/1/2219 
f 2219/1/2219 2213/1/2213 2212/1/2212 
f 1752/1/1752 2219/1/2219 2218/1/2218 
f 2218/1/2218 1750/1/1750 1752/1/1752 
f 2220/1/2220 2221/1/2221 2222/1/2222 
f 2222/1/2222 2223/1/2223 2220/1/2220 
f 2221/1/2221 1898/1/1898 1896/1/1896 
f 1897/1/1897 2224/1/2224 2222/1/2222 
f 2222/1/2222 1896/1/1896 1897/1/1897 
f 2223/1/2223 2222/1/2222 2224/1/2224 
f 2224/1/2224 2045/1/2045 2223/1/2223 
f 2224/1/2224 1897/1/1897 1938/1/1938 
f 1938/1/1938 1941/1/1941 2017/1/2017 
f 2018/1/2018 2047/1/2047 2225/1/2225 
f 2225/1/2225 2017/1/2017 2018/1/2018 
f 2224/1/2224 2225/1/2225 2047/1/2047 
f 2047/1/2047 2045/1/2045 2224/1/2224 
f 1933/1/1933 2226/1/2226 2227/1/2227 
f 2227/1/2227 1934/1/1934 1933/1/1933 
f 2226/1/2226 2220/1/2220 2223/1/2223 
f 2045/1/2045 2044/1/2044 2227/1/2227 
f 2227/1/2227 2223/1/2223 2045/1/2045 
f 1934/1/1934 2227/1/2227 2044/1/2044 
f 2044/1/2044 1756/1/1756 1934/1/1934 
f 1933/1/1933 1932/1/1932 2228/1/2228 
f 2228/1/2228 2226/1/2226 1933/1/1933 
f 2229/1/2229 2228/1/2228 1932/1/1932 
f 1932/1/1932 1931/1/1931 2229/1/2229 
f 2048/1/2048 2230/1/2230 2228/1/2228 
f 2228/1/2228 2229/1/2229 2048/1/2048 
f 2226/1/2226 2228/1/2228 2230/1/2230 
f 2230/1/2230 2220/1/2220 2226/1/2226 
f 1931/1/1931 1953/1/1953 2231/1/2231 
f 2231/1/2231 2229/1/2229 1931/1/1931 
f 1953/1/1953 1958/1/1958 2216/1/2216 
f 2216/1/2216 2231/1/2231 1953/1/1953 
f 2231/1/2231 2216/1/2216 2053/1/2053 
f 2229/1/2229 2231/1/2231 2049/1/2049 
f 2049/1/2049 2048/1/2048 2229/1/2229 
f 1901/1/1901 1904/1/1904 2232/1/2232 
f 2232/1/2232 2051/1/2051 1901/1/1901 
f 2232/1/2232 1904/1/1904 1898/1/1898 
f 2220/1/2220 2230/1/2230 2232/1/2232 
f 2232/1/2232 2221/1/2221 2220/1/2220 
f 2051/1/2051 2232/1/2232 2230/1/2230 
f 2230/1/2230 2048/1/2048 2051/1/2051 
f 1956/1/1956 1954/1/1954 2233/1/2233 
f 2233/1/2233 2165/1/2165 1956/1/1956 
f 2234/1/2234 2233/1/2233 1954/1/1954 
f 1954/1/1954 1929/1/1929 2234/1/2234 
f 2235/1/2235 2236/1/2236 2233/1/2233 
f 2233/1/2233 2234/1/2234 2235/1/2235 
f 2236/1/2236 2152/1/2152 2165/1/2165 
f 2165/1/2165 2233/1/2233 2236/1/2236 
f 2237/1/2237 2234/1/2234 1929/1/1929 
f 2149/1/2149 2237/1/2237 1928/1/1928 
f 1928/1/1928 1927/1/1927 2149/1/2149 
f 2145/1/2145 2238/1/2238 2237/1/2237 
f 2237/1/2237 2149/1/2149 2145/1/2145 
f 2238/1/2238 2235/1/2235 2234/1/2234 
f 2235/1/2235 2238/1/2238 2239/1/2239 
f 2239/1/2239 2240/1/2240 2235/1/2235 
f 2238/1/2238 2145/1/2145 2144/1/2144 
f 1128/1/1128 1764/1/1764 2239/1/2239 
f 2239/1/2239 2144/1/2144 1128/1/1128 
f 2240/1/2240 2239/1/2239 1764/1/1764 
f 1764/1/1764 1763/1/1763 2240/1/2240 
f 1763/1/1763 1767/1/1767 2241/1/2241 
f 2241/1/2241 2240/1/2240 1763/1/1763 
f 2153/1/2153 2241/1/2241 1767/1/1767 
f 1767/1/1767 1362/1/1362 2153/1/2153 
f 2152/1/2152 2236/1/2236 2241/1/2241 
f 2241/1/2241 2153/1/2153 2152/1/2152 
f 2240/1/2240 2241/1/2241 2236/1/2236 
f 2236/1/2236 2235/1/2235 2240/1/2240 
f 52/1/52 51/1/51 2242/1/2242 
f 2242/1/2242 2243/1/2243 52/1/52 
f 2244/1/2244 2242/1/2242 51/1/51 
f 51/1/51 50/1/50 2244/1/2244 
f 2054/1/2054 2245/1/2245 2242/1/2242 
f 2242/1/2242 2244/1/2244 2054/1/2054 
f 2243/1/2243 2242/1/2242 2245/1/2245 
f 2245/1/2245 2246/1/2246 2243/1/2243 
f 2247/1/2247 2244/1/2244 50/1/50 
f 2248/1/2248 2247/1/2247 1803/1/1803 
f 1803/1/1803 1801/1/1801 2248/1/2248 
f 2247/1/2247 2248/1/2248 2059/1/2059 
f 2244/1/2244 2247/1/2247 2055/1/2055 
f 2055/1/2055 2054/1/2054 2244/1/2244 
f 1774/1/1774 2249/1/2249 2250/1/2250 
f 2250/1/2250 2057/1/2057 1774/1/1774 
f 2251/1/2251 2250/1/2250 2249/1/2249 
f 2249/1/2249 2252/1/2252 2251/1/2251 
f 2246/1/2246 2245/1/2245 2250/1/2250 
f 2250/1/2250 2251/1/2251 2246/1/2246 
f 2057/1/2057 2250/1/2250 2245/1/2245 
f 2245/1/2245 2054/1/2054 2057/1/2057 
f 2098/1/2098 2111/1/2111 2253/1/2253 
f 2253/1/2253 2254/1/2254 2098/1/2098 
f 1791/1/1791 2253/1/2253 2111/1/2111 
f 2111/1/2111 1792/1/1792 1791/1/1791 
f 1788/1/1788 2255/1/2255 2253/1/2253 
f 2253/1/2253 1791/1/1791 1788/1/1788 
f 2254/1/2254 2253/1/2253 2255/1/2255 
f 2255/1/2255 2256/1/2256 2254/1/2254 
f 1781/1/1781 2257/1/2257 2258/1/2258 
f 2258/1/2258 1782/1/1782 1781/1/1781 
f 1781/1/1781 154/1/154 2099/1/2099 
f 2099/1/2099 2257/1/2257 1781/1/1781 
f 2254/1/2254 2257/1/2257 2099/1/2099 
f 2099/1/2099 2098/1/2098 2254/1/2254 
f 2256/1/2256 2258/1/2258 2257/1/2257 
f 2257/1/2257 2254/1/2254 2256/1/2256 
f 1804/1/1804 1812/1/1812 2259/1/2259 
f 2259/1/2259 2068/1/2068 1804/1/1804 
f 2058/1/2058 2259/1/2259 1812/1/1812 
f 1812/1/1812 1776/1/1776 2058/1/2058 
f 2059/1/2059 2260/1/2260 2259/1/2259 
f 2259/1/2259 2058/1/2058 2059/1/2059 
f 2068/1/2068 2259/1/2259 2260/1/2260 
f 2260/1/2260 2064/1/2064 2068/1/2068 
f 1801/1/1801 1800/1/1800 2261/1/2261 
f 2261/1/2261 2248/1/2248 1801/1/1801 
f 2061/1/2061 2261/1/2261 1800/1/1800 
f 1800/1/1800 147/1/147 2061/1/2061 
f 2064/1/2064 2260/1/2260 2261/1/2261 
f 2261/1/2261 2061/1/2061 2064/1/2064 
f 2248/1/2248 2261/1/2261 2260/1/2260 
f 2260/1/2260 2059/1/2059 2248/1/2248 
f 1074/1/1074 1912/1/1912 2262/1/2262 
f 2262/1/2262 2087/1/2087 1074/1/1074 
f 2091/1/2091 2262/1/2262 1912/1/1912 
f 1912/1/1912 1910/1/1910 2091/1/2091 
f 2094/1/2094 2263/1/2263 2262/1/2262 
f 2262/1/2262 2091/1/2091 2094/1/2094 
f 2087/1/2087 2262/1/2262 2263/1/2263 
f 2263/1/2263 2012/1/2012 2087/1/2087 
f 2012/1/2012 2263/1/2263 2264/1/2264 
f 2264/1/2264 2011/1/2011 2012/1/2012 
f 2097/1/2097 2264/1/2264 2263/1/2263 
f 2263/1/2263 2094/1/2094 2097/1/2097 
f 1706/1/1706 1826/1/1826 2264/1/2264 
f 2264/1/2264 2097/1/2097 1706/1/1706 
f 2011/1/2011 2264/1/2264 1826/1/1826 
f 1826/1/1826 1823/1/1823 2011/1/2011 
f 2031/1/2031 2134/1/2134 2265/1/2265 
f 2265/1/2265 2266/1/2266 2031/1/2031 
f 1914/1/1914 2265/1/2265 2134/1/2134 
f 2134/1/2134 1080/1/1080 1914/1/1914 
f 1918/1/1918 2120/1/2120 2265/1/2265 
f 2265/1/2265 1914/1/1914 1918/1/1918 
f 2266/1/2266 2265/1/2265 2120/1/2120 
f 2120/1/2120 2119/1/2119 2266/1/2266 
f 2119/1/2119 2126/1/2126 2267/1/2267 
f 2267/1/2267 2266/1/2266 2119/1/2119 
f 2126/1/2126 1728/1/1728 1814/1/1814 
f 1817/1/1817 2032/1/2032 2267/1/2267 
f 2267/1/2267 1814/1/1814 1817/1/1817 
f 2266/1/2266 2267/1/2267 2032/1/2032 
f 2032/1/2032 2031/1/2031 2266/1/2266 
f 2019/1/2019 2117/1/2117 2268/1/2268 
f 2268/1/2268 2269/1/2269 2019/1/2019 
f 1867/1/1867 2268/1/2268 2117/1/2117 
f 2117/1/2117 1868/1/1868 1867/1/1867 
f 259/1/259 2129/1/2129 2268/1/2268 
f 2268/1/2268 1867/1/1867 259/1/259 
f 2269/1/2269 2268/1/2268 2129/1/2129 
f 2129/1/2129 2128/1/2128 2269/1/2269 
f 2270/1/2270 1832/1/1832 1715/1/1715 
f 2269/1/2269 2270/1/2270 2020/1/2020 
f 2020/1/2020 2019/1/2019 2269/1/2269 
f 2128/1/2128 2135/1/2135 2270/1/2270 
f 2270/1/2270 2269/1/2269 2128/1/2128 
f 1832/1/1832 2270/1/2270 2135/1/2135 
f 2135/1/2135 1833/1/1833 1832/1/1832 
f 2271/1/2271 2076/1/2076 323/1/323 
f 329/1/329 233/1/233 2082/1/2082 
f 2271/1/2271 2082/1/2082 2085/1/2085 
f 2076/1/2076 2271/1/2271 2272/1/2272 
f 2272/1/2272 2077/1/2077 2076/1/2076 
f 1837/1/1837 1860/1/1860 2273/1/2273 
f 2273/1/2273 2089/1/2089 1837/1/1837 
f 1860/1/1860 1859/1/1859 2080/1/2080 
f 2077/1/2077 2272/1/2272 2273/1/2273 
f 2273/1/2273 2080/1/2080 2077/1/2077 
f 2089/1/2089 2273/1/2273 2272/1/2272 
f 2272/1/2272 2085/1/2085 2089/1/2089 
f 1240/1/1240 2274/1/2274 2150/1/2150 
f 2150/1/2150 1242/1/1242 1240/1/1240 
f 1241/1/1241 2026/1/2026 2274/1/2274 
f 2274/1/2274 1240/1/1240 1241/1/1241 
f 2275/1/2275 2274/1/2274 2026/1/2026 
f 2026/1/2026 2025/1/2025 2275/1/2275 
f 2274/1/2274 2275/1/2275 2137/1/2137 
f 2275/1/2275 2276/1/2276 2138/1/2138 
f 2138/1/2138 2137/1/2137 2275/1/2275 
f 2125/1/2125 2276/1/2276 2275/1/2275 
f 2275/1/2275 2025/1/2025 2125/1/2125 
f 1949/1/1949 1948/1/1948 2276/1/2276 
f 2276/1/2276 2125/1/2125 1949/1/1949 
f 1948/1/1948 1846/1/1846 2138/1/2138 
f 2138/1/2138 2276/1/2276 1948/1/1948 
f 1616/1/1616 1615/1/1615 2277/1/2277 
f 2277/1/2277 2278/1/2278 1616/1/1616 
f 844/1/844 2277/1/2277 1615/1/1615 
f 1615/1/1615 846/1/846 844/1/844 
f 2277/1/2277 844/1/844 845/1/845 
f 2279/1/2279 2280/1/2280 2278/1/2278 
f 1015/1/1015 1014/1/1014 2281/1/2281 
f 2281/1/2281 2282/1/2282 1015/1/1015 
f 1005/1/1005 1004/1/1004 2281/1/2281 
f 2281/1/2281 1014/1/1014 1005/1/1005 
f 828/1/828 2283/1/2283 2281/1/2281 
f 2281/1/2281 1004/1/1004 828/1/828 
f 2282/1/2282 2281/1/2281 2283/1/2283 
f 2283/1/2283 2284/1/2284 2282/1/2282 
f 2285/1/2285 2286/1/2286 2287/1/2287 
f 2287/1/2287 2288/1/2288 2285/1/2285 
f 1036/1/1036 2287/1/2287 2286/1/2286 
f 2286/1/2286 1038/1/1038 1036/1/1036 
f 1015/1/1015 2282/1/2282 2287/1/2287 
f 2287/1/2287 1036/1/1036 1015/1/1015 
f 2288/1/2288 2287/1/2287 2282/1/2282 
f 2282/1/2282 2284/1/2284 2288/1/2288 
f 2283/1/2283 2289/1/2289 2290/1/2290 
f 2290/1/2290 2284/1/2284 2283/1/2283 
f 827/1/827 2289/1/2289 2283/1/2283 
f 2283/1/2283 828/1/828 827/1/827 
f 833/1/833 2291/1/2291 2289/1/2289 
f 2289/1/2289 827/1/827 833/1/833 
f 2292/1/2292 2290/1/2290 2289/1/2289 
f 2289/1/2289 2291/1/2291 2292/1/2292 
f 2284/1/2284 2290/1/2290 2293/1/2293 
f 2293/1/2293 2288/1/2288 2284/1/2284 
f 2294/1/2294 2293/1/2293 2290/1/2290 
f 2290/1/2290 2292/1/2292 2294/1/2294 
f 2295/1/2295 2296/1/2296 2293/1/2293 
f 2293/1/2293 2294/1/2294 2295/1/2295 
f 2288/1/2288 2293/1/2293 2296/1/2296 
f 2296/1/2296 2285/1/2285 2288/1/2288 
f 2297/1/2297 2295/1/2295 2294/1/2294 
f 2292/1/2292 2291/1/2291 2298/1/2298 
f 2298/1/2298 2294/1/2294 2292/1/2292 
f 835/1/835 2298/1/2298 2291/1/2291 
f 2291/1/2291 833/1/833 835/1/835 
f 835/1/835 839/1/839 2297/1/2297 
f 2297/1/2297 839/1/839 1622/1/1622 
f 1622/1/1622 1616/1/1616 2278/1/2278 
f 2280/1/2280 2299/1/2299 2300/1/2300 
f 2300/1/2300 2278/1/2278 2280/1/2280 
f 2295/1/2295 2297/1/2297 2300/1/2300 
f 2300/1/2300 2299/1/2299 2295/1/2295 
f 2279/1/2279 2301/1/2301 2299/1/2299 
f 2299/1/2299 2280/1/2280 2279/1/2279 
f 2302/1/2302 2301/1/2301 2279/1/2279 
f 2279/1/2279 845/1/845 2302/1/2302 
f 2285/1/2285 2296/1/2296 2301/1/2301 
f 2301/1/2301 2302/1/2302 2285/1/2285 
f 2299/1/2299 2301/1/2301 2296/1/2296 
f 2296/1/2296 2295/1/2295 2299/1/2299 
f 845/1/845 841/1/841 2303/1/2303 
f 2303/1/2303 2302/1/2302 845/1/845 
f 1048/1/1048 2303/1/2303 841/1/841 
f 841/1/841 840/1/840 1048/1/1048 
f 1038/1/1038 2286/1/2286 2303/1/2303 
f 2303/1/2303 1048/1/1048 1038/1/1038 
f 2302/1/2302 2303/1/2303 2286/1/2286 
f 2286/1/2286 2285/1/2285 2302/1/2302 
f 1501/1/1501 1500/1/1500 2304/1/2304 
f 2304/1/2304 1505/1/1505 1501/1/1501 
f 2305/1/2305 2304/1/2304 1500/1/1500 
f 1500/1/1500 1499/1/1499 2305/1/2305 
f 2305/1/2305 2306/1/2306 2307/1/2307 
f 2307/1/2307 2304/1/2304 2305/1/2305 
f 1505/1/1505 2304/1/2304 2307/1/2307 
f 2307/1/2307 1502/1/1502 1505/1/1505 
f 1568/1/1568 2308/1/2308 2309/1/2309 
f 2309/1/2309 1554/1/1554 1568/1/1568 
f 1568/1/1568 1569/1/1569 1576/1/1576 
f 1502/1/1502 2307/1/2307 2308/1/2308 
f 2308/1/2308 1576/1/1576 1502/1/1502 
f 2309/1/2309 2308/1/2308 2307/1/2307 
f 2307/1/2307 2306/1/2306 2309/1/2309 
f 2310/1/2310 1555/1/1555 1553/1/1553 
f 1554/1/1554 2309/1/2309 2311/1/2311 
f 2311/1/2311 1553/1/1553 1554/1/1554 
f 2306/1/2306 2312/1/2312 2311/1/2311 
f 2311/1/2311 2309/1/2309 2306/1/2306 
f 2312/1/2312 2313/1/2313 2310/1/2310 
f 1499/1/1499 1498/1/1498 2314/1/2314 
f 2314/1/2314 2315/1/2315 1499/1/1499 
f 1439/1/1439 1442/1/1442 2314/1/2314 
f 2314/1/2314 1498/1/1498 1439/1/1439 
f 1444/1/1444 2316/1/2316 2314/1/2314 
f 2314/1/2314 1442/1/1442 1444/1/1444 
f 2315/1/2315 2314/1/2314 2316/1/2316 
f 2316/1/2316 2317/1/2317 2315/1/2315 
f 1499/1/1499 2315/1/2315 2318/1/2318 
f 2318/1/2318 2305/1/2305 1499/1/1499 
f 2319/1/2319 2318/1/2318 2315/1/2315 
f 2315/1/2315 2317/1/2317 2319/1/2319 
f 2320/1/2320 2321/1/2321 2318/1/2318 
f 2318/1/2318 2319/1/2319 2320/1/2320 
f 2306/1/2306 2305/1/2305 2318/1/2318 
f 2318/1/2318 2321/1/2321 2306/1/2306 
f 2320/1/2320 2322/1/2322 2323/1/2323 
f 2323/1/2323 2321/1/2321 2320/1/2320 
f 2313/1/2313 2312/1/2312 2323/1/2323 
f 2323/1/2323 2322/1/2322 2313/1/2313 
f 2321/1/2321 2323/1/2323 2312/1/2312 
f 2312/1/2312 2306/1/2306 2321/1/2321 
f 2324/1/2324 2325/1/2325 2326/1/2326 
f 2326/1/2326 2327/1/2327 2324/1/2324 
f 2328/1/2328 2326/1/2326 2325/1/2325 
f 2325/1/2325 2329/1/2329 2328/1/2328 
f 1461/1/1461 1460/1/1460 2326/1/2326 
f 2326/1/2326 2328/1/2328 1461/1/1461 
f 2327/1/2327 2326/1/2326 1460/1/1460 
f 1460/1/1460 1459/1/1459 2327/1/2327 
f 2330/1/2330 2331/1/2331 2332/1/2332 
f 2332/1/2332 2333/1/2333 2330/1/2330 
f 1987/1/1987 2332/1/2332 2331/1/2331 
f 2331/1/2331 1989/1/1989 1987/1/1987 
f 1988/1/1988 2334/1/2334 2332/1/2332 
f 2332/1/2332 1987/1/1987 1988/1/1988 
f 2333/1/2333 2332/1/2332 2334/1/2334 
f 2334/1/2334 2335/1/2335 2333/1/2333 
f 2329/1/2329 2325/1/2325 2336/1/2336 
f 2336/1/2336 2337/1/2337 2329/1/2329 
f 2338/1/2338 2336/1/2336 2325/1/2325 
f 2325/1/2325 2324/1/2324 2338/1/2338 
f 2339/1/2339 2340/1/2340 2336/1/2336 
f 2336/1/2336 2338/1/2338 2339/1/2339 
f 2337/1/2337 2336/1/2336 2340/1/2340 
f 2340/1/2340 2341/1/2341 2337/1/2337 
f 2333/1/2333 2342/1/2342 2343/1/2343 
f 2343/1/2343 2330/1/2330 2333/1/2333 
f 2333/1/2333 2335/1/2335 2344/1/2344 
f 2344/1/2344 2342/1/2342 2333/1/2333 
f 2341/1/2341 2340/1/2340 2342/1/2342 
f 2342/1/2342 2344/1/2344 2341/1/2341 
f 2339/1/2339 2343/1/2343 2342/1/2342 
f 2342/1/2342 2340/1/2340 2339/1/2339 
f 1459/1/1459 2202/1/2202 2345/1/2345 
f 2345/1/2345 2327/1/2327 1459/1/1459 
f 2346/1/2346 2345/1/2345 2202/1/2202 
f 2202/1/2202 2201/1/2201 2346/1/2346 
f 2347/1/2347 2348/1/2348 2345/1/2345 
f 2345/1/2345 2346/1/2346 2347/1/2347 
f 2327/1/2327 2345/1/2345 2348/1/2348 
f 2348/1/2348 2324/1/2324 2327/1/2327 
f 2349/1/2349 2350/1/2350 2351/1/2351 
f 2351/1/2351 2352/1/2352 2349/1/2349 
f 2198/1/2198 2351/1/2351 2350/1/2350 
f 2350/1/2350 2199/1/2199 2198/1/2198 
f 1989/1/1989 2331/1/2331 2351/1/2351 
f 2351/1/2351 2198/1/2198 1989/1/1989 
f 2352/1/2352 2351/1/2351 2331/1/2331 
f 2331/1/2331 2330/1/2330 2352/1/2352 
f 2353/1/2353 2354/1/2354 2355/1/2355 
f 2355/1/2355 2356/1/2356 2353/1/2353 
f 2352/1/2352 2355/1/2355 2354/1/2354 
f 2354/1/2354 2349/1/2349 2352/1/2352 
f 2330/1/2330 2343/1/2343 2355/1/2355 
f 2355/1/2355 2352/1/2352 2330/1/2330 
f 2356/1/2356 2355/1/2355 2343/1/2343 
f 2343/1/2343 2339/1/2339 2356/1/2356 
f 2339/1/2339 2338/1/2338 2357/1/2357 
f 2357/1/2357 2356/1/2356 2339/1/2339 
f 2324/1/2324 2348/1/2348 2357/1/2357 
f 2357/1/2357 2338/1/2338 2324/1/2324 
f 2358/1/2358 2357/1/2357 2348/1/2348 
f 2348/1/2348 2347/1/2347 2358/1/2358 
f 2356/1/2356 2357/1/2357 2358/1/2358 
f 2358/1/2358 2353/1/2353 2356/1/2356 
f 2359/1/2359 2360/1/2360 2361/1/2361 
f 2361/1/2361 2362/1/2362 2359/1/2359 
f 2346/1/2346 2360/1/2360 2359/1/2359 
f 2359/1/2359 2347/1/2347 2346/1/2346 
f 2201/1/2201 2208/1/2208 2360/1/2360 
f 2360/1/2360 2346/1/2346 2201/1/2201 
f 2361/1/2361 2360/1/2360 2208/1/2208 
f 2208/1/2208 1973/1/1973 2361/1/2361 
f 2353/1/2353 2358/1/2358 2363/1/2363 
f 2363/1/2363 2364/1/2364 2353/1/2353 
f 2359/1/2359 2363/1/2363 2358/1/2358 
f 2358/1/2358 2347/1/2347 2359/1/2359 
f 2362/1/2362 2365/1/2365 2363/1/2363 
f 2363/1/2363 2359/1/2359 2362/1/2362 
f 2364/1/2364 2363/1/2363 2365/1/2365 
f 2365/1/2365 2366/1/2366 2364/1/2364 
f 2362/1/2362 2361/1/2361 2367/1/2367 
f 2367/1/2367 2368/1/2368 2362/1/2362 
f 1972/1/1972 2367/1/2367 2361/1/2361 
f 2361/1/2361 1973/1/1973 1972/1/1972 
f 1976/1/1976 2369/1/2369 2367/1/2367 
f 2367/1/2367 1972/1/1972 1976/1/1976 
f 2368/1/2368 2367/1/2367 2369/1/2369 
f 2369/1/2369 2370/1/2370 2368/1/2368 
f 2366/1/2366 2365/1/2365 2371/1/2371 
f 2371/1/2371 2372/1/2372 2366/1/2366 
f 2365/1/2365 2362/1/2362 2368/1/2368 
f 2370/1/2370 2373/1/2373 2371/1/2371 
f 2371/1/2371 2368/1/2368 2370/1/2370 
f 2372/1/2372 2371/1/2371 2373/1/2373 
f 2373/1/2373 2374/1/2374 2372/1/2372 
f 2375/1/2375 2376/1/2376 2370/1/2370 
f 2177/1/2177 2375/1/2375 2369/1/2369 
f 2369/1/2369 1976/1/1976 2177/1/2177 
f 2173/1/2173 2377/1/2377 2375/1/2375 
f 2375/1/2375 2177/1/2177 2173/1/2173 
f 2376/1/2376 2375/1/2375 2377/1/2377 
f 2377/1/2377 2378/1/2378 2376/1/2376 
f 2379/1/2379 2380/1/2380 2381/1/2381 
f 2381/1/2381 2382/1/2382 2379/1/2379 
f 2380/1/2380 2374/1/2374 2373/1/2373 
f 2376/1/2376 2381/1/2381 2373/1/2373 
f 2373/1/2373 2370/1/2370 2376/1/2376 
f 2378/1/2378 2382/1/2382 2381/1/2381 
f 2381/1/2381 2376/1/2376 2378/1/2378 
f 2383/1/2383 2384/1/2384 2385/1/2385 
f 2385/1/2385 2386/1/2386 2383/1/2383 
f 2180/1/2180 2384/1/2384 2383/1/2383 
f 2383/1/2383 1679/1/1679 2180/1/2180 
f 2184/1/2184 2387/1/2387 2384/1/2384 
f 2384/1/2384 2180/1/2180 2184/1/2184 
f 2388/1/2388 2385/1/2385 2384/1/2384 
f 2384/1/2384 2387/1/2387 2388/1/2388 
f 2378/1/2378 2377/1/2377 2389/1/2389 
f 2389/1/2389 2390/1/2390 2378/1/2378 
f 2172/1/2172 2389/1/2389 2377/1/2377 
f 2377/1/2377 2173/1/2173 2172/1/2172 
f 1977/1/1977 2391/1/2391 2389/1/2389 
f 2389/1/2389 2172/1/2172 1977/1/1977 
f 2390/1/2390 2389/1/2389 2391/1/2391 
f 2391/1/2391 2392/1/2392 2390/1/2390 
f 2390/1/2390 2393/1/2393 2382/1/2382 
f 2382/1/2382 2378/1/2378 2390/1/2390 
f 2392/1/2392 2394/1/2394 2393/1/2393 
f 2393/1/2393 2390/1/2390 2392/1/2392 
f 2395/1/2395 2396/1/2396 2393/1/2393 
f 2393/1/2393 2394/1/2394 2395/1/2395 
f 2382/1/2382 2393/1/2393 2396/1/2396 
f 2396/1/2396 2379/1/2379 2382/1/2382 
f 2386/1/2386 2385/1/2385 2397/1/2397 
f 2397/1/2397 2398/1/2398 2386/1/2386 
f 2399/1/2399 2397/1/2397 2385/1/2385 
f 2385/1/2385 2388/1/2388 2399/1/2399 
f 2379/1/2379 2396/1/2396 2397/1/2397 
f 2397/1/2397 2399/1/2399 2379/1/2379 
f 2398/1/2398 2397/1/2397 2396/1/2396 
f 2396/1/2396 2395/1/2395 2398/1/2398 
f 1684/1/1684 1680/1/1680 2400/1/2400 
f 2400/1/2400 2401/1/2401 1684/1/1684 
f 2383/1/2383 2400/1/2400 1680/1/1680 
f 1680/1/1680 1679/1/1679 2383/1/2383 
f 2386/1/2386 2402/1/2402 2400/1/2400 
f 2400/1/2400 2383/1/2383 2386/1/2386 
f 2401/1/2401 2400/1/2400 2402/1/2402 
f 2402/1/2402 2403/1/2403 2401/1/2401 
f 2392/1/2392 2391/1/2391 2404/1/2404 
f 2404/1/2404 2405/1/2405 2392/1/2392 
f 1980/1/1980 2404/1/2404 2391/1/2391 
f 2391/1/2391 1977/1/1977 1980/1/1980 
f 1982/1/1982 2406/1/2406 2404/1/2404 
f 2404/1/2404 1980/1/1980 1982/1/1982 
f 2405/1/2405 2404/1/2404 2406/1/2406 
f 2406/1/2406 2407/1/2407 2405/1/2405 
f 2405/1/2405 2408/1/2408 2394/1/2394 
f 2394/1/2394 2392/1/2392 2405/1/2405 
f 2407/1/2407 2409/1/2409 2408/1/2408 
f 2408/1/2408 2405/1/2405 2407/1/2407 
f 2410/1/2410 2411/1/2411 2408/1/2408 
f 2408/1/2408 2409/1/2409 2410/1/2410 
f 2394/1/2394 2408/1/2408 2411/1/2411 
f 2411/1/2411 2395/1/2395 2394/1/2394 
f 2403/1/2403 2402/1/2402 2412/1/2412 
f 2412/1/2412 2413/1/2413 2403/1/2403 
f 2398/1/2398 2412/1/2412 2402/1/2402 
f 2402/1/2402 2386/1/2386 2398/1/2398 
f 2395/1/2395 2411/1/2411 2412/1/2412 
f 2412/1/2412 2398/1/2398 2395/1/2395 
f 2413/1/2413 2412/1/2412 2411/1/2411 
f 2411/1/2411 2410/1/2410 2413/1/2413 
f 2414/1/2414 2415/1/2415 2416/1/2416 
f 2416/1/2416 2417/1/2417 2414/1/2414 
f 2415/1/2415 2407/1/2407 2406/1/2406 
f 2406/1/2406 2416/1/2416 2415/1/2415 
f 2418/1/2418 2416/1/2416 2406/1/2406 
f 2406/1/2406 1982/1/1982 2418/1/2418 
f 2419/1/2419 2417/1/2417 2416/1/2416 
f 2416/1/2416 2418/1/2418 2419/1/2419 
f 2407/1/2407 2415/1/2415 2420/1/2420 
f 2420/1/2420 2409/1/2409 2407/1/2407 
f 2421/1/2421 2420/1/2420 2415/1/2415 
f 2415/1/2415 2414/1/2414 2421/1/2421 
f 2422/1/2422 2423/1/2423 2420/1/2420 
f 2420/1/2420 2421/1/2421 2422/1/2422 
f 2409/1/2409 2420/1/2420 2423/1/2423 
f 2423/1/2423 2410/1/2410 2409/1/2409 
f 1642/1/1642 1657/1/1657 2424/1/2424 
f 2424/1/2424 2425/1/2425 1642/1/1642 
f 2426/1/2426 2424/1/2424 1657/1/1657 
f 1657/1/1657 1656/1/1656 2426/1/2426 
f 2427/1/2427 2428/1/2428 2424/1/2424 
f 2424/1/2424 2426/1/2426 2427/1/2427 
f 2428/1/2428 2429/1/2429 2425/1/2425 
f 2425/1/2425 2424/1/2424 2428/1/2428 
f 2429/1/2429 2430/1/2430 2431/1/2431 
f 2431/1/2431 2432/1/2432 2429/1/2429 
f 2433/1/2433 2431/1/2431 2430/1/2430 
f 2430/1/2430 2434/1/2434 2433/1/2433 
f 2435/1/2435 2436/1/2436 2431/1/2431 
f 2431/1/2431 2433/1/2433 2435/1/2435 
f 2432/1/2432 2431/1/2431 2436/1/2436 
f 2436/1/2436 1494/1/1494 2432/1/2432 
f 1489/1/1489 1485/1/1485 1495/1/1495 
f 1494/1/1494 2436/1/2436 2437/1/2437 
f 2437/1/2437 1495/1/1495 1494/1/1494 
f 2438/1/2438 2437/1/2437 2436/1/2436 
f 2436/1/2436 2435/1/2435 2438/1/2438 
f 2438/1/2438 1490/1/1490 1489/1/1489 
f 1489/1/1489 2437/1/2437 2438/1/2438 
f 2432/1/2432 2439/1/2439 2425/1/2425 
f 2425/1/2425 2429/1/2429 2432/1/2432 
f 2439/1/2439 2432/1/2432 1494/1/1494 
f 2439/1/2439 1626/1/1626 1625/1/1625 
f 2425/1/2425 2439/1/2439 1643/1/1643 
f 1643/1/1643 1642/1/1642 2425/1/2425 
f 2440/1/2440 2441/1/2441 2442/1/2442 
f 2442/1/2442 2443/1/2443 2440/1/2440 
f 2441/1/2441 2440/1/2440 2444/1/2444 
f 2445/1/2445 2446/1/2446 2441/1/2441 
f 2441/1/2441 2447/1/2447 2445/1/2445 
f 2442/1/2442 2441/1/2441 2446/1/2446 
f 2446/1/2446 2448/1/2448 2442/1/2442 
f 2449/1/2449 2450/1/2450 2451/1/2451 
f 2450/1/2450 2452/1/2452 2453/1/2453 
f 2454/1/2454 2455/1/2455 2451/1/2451 
f 2451/1/2451 2453/1/2453 2454/1/2454 
f 2456/1/2456 2451/1/2451 2455/1/2455 
f 2455/1/2455 2457/1/2457 2456/1/2456 
f 2458/1/2458 2459/1/2459 2449/1/2449 
f 2458/1/2458 2456/1/2456 2457/1/2457 
f 2460/1/2460 2461/1/2461 2462/1/2462 
f 2462/1/2462 2463/1/2463 2460/1/2460 
f 2464/1/2464 2462/1/2462 2461/1/2461 
f 2461/1/2461 2457/1/2457 2464/1/2464 
f 2465/1/2465 2466/1/2466 2462/1/2462 
f 2462/1/2462 2464/1/2464 2465/1/2465 
f 2462/1/2462 2466/1/2466 2467/1/2467 
f 2465/1/2465 2468/1/2468 2469/1/2469 
f 2469/1/2469 2466/1/2466 2465/1/2465 
f 2470/1/2470 2469/1/2469 2468/1/2468 
f 2468/1/2468 2471/1/2471 2470/1/2470 
f 2472/1/2472 2473/1/2473 2469/1/2469 
f 2469/1/2469 2470/1/2470 2472/1/2472 
f 2466/1/2466 2469/1/2469 2473/1/2473 
f 2473/1/2473 2467/1/2467 2466/1/2466 
f 698/1/698 714/1/714 2474/1/2474 
f 2474/1/2474 695/1/695 698/1/698 
f 2475/1/2475 2474/1/2474 714/1/714 
f 714/1/714 713/1/713 2475/1/2475 
f 2474/1/2474 2475/1/2475 2476/1/2476 
f 695/1/695 2474/1/2474 2477/1/2477 
f 2477/1/2477 700/1/700 695/1/695 
f 713/1/713 721/1/721 2478/1/2478 
f 2478/1/2478 2475/1/2475 713/1/713 
f 5/1/5 2478/1/2478 721/1/721 
f 721/1/721 7/1/7 5/1/5 
f 6/1/6 2479/1/2479 2478/1/2478 
f 2478/1/2478 5/1/5 6/1/6 
f 2475/1/2475 2478/1/2478 2479/1/2479 
f 2479/1/2479 2476/1/2476 2475/1/2475 
f 2480/1/2480 2481/1/2481 2482/1/2482 
f 2482/1/2482 2483/1/2483 2480/1/2480 
f 2480/1/2480 2484/1/2484 2485/1/2485 
f 700/1/700 2477/1/2477 2486/1/2486 
f 2486/1/2486 2487/1/2487 700/1/700 
f 2476/1/2476 2488/1/2488 2486/1/2486 
f 2486/1/2486 2477/1/2477 2476/1/2476 
f 2488/1/2488 2489/1/2489 2490/1/2490 
f 2490/1/2490 2486/1/2486 2488/1/2488 
f 2487/1/2487 2486/1/2486 2490/1/2490 
f 2490/1/2490 2491/1/2491 2487/1/2487 
f 2492/1/2492 2493/1/2493 2494/1/2494 
f 165/1/165 2492/1/2492 2495/1/2495 
f 2495/1/2495 166/1/166 165/1/165 
f 161/1/161 2496/1/2496 2492/1/2492 
f 2492/1/2492 165/1/165 161/1/161 
f 2493/1/2493 2492/1/2492 2496/1/2496 
f 2496/1/2496 2497/1/2497 2493/1/2493 
f 166/1/166 2495/1/2495 2498/1/2498 
f 2498/1/2498 278/1/278 166/1/166 
f 2499/1/2499 2498/1/2498 2495/1/2495 
f 2495/1/2495 2494/1/2494 2499/1/2499 
f 2500/1/2500 2501/1/2501 2498/1/2498 
f 2498/1/2498 2499/1/2499 2500/1/2500 
f 278/1/278 2498/1/2498 2501/1/2501 
f 2501/1/2501 280/1/280 278/1/278 
f 2502/1/2502 2503/1/2503 2504/1/2504 
f 2504/1/2504 2505/1/2505 2502/1/2502 
f 2503/1/2503 151/1/151 150/1/150 
f 66/1/66 63/1/63 2504/1/2504 
f 2504/1/2504 150/1/150 66/1/66 
f 2505/1/2505 2504/1/2504 63/1/63 
f 63/1/63 62/1/62 2505/1/2505 
f 2506/1/2506 2507/1/2507 2508/1/2508 
f 2508/1/2508 2509/1/2509 2506/1/2506 
f 1944/1/1944 1952/1/1952 2507/1/2507 
f 2507/1/2507 2506/1/2506 1944/1/1944 
f 1919/1/1919 2510/1/2510 2507/1/2507 
f 2507/1/2507 1952/1/1952 1919/1/1919 
f 2508/1/2508 2507/1/2507 2510/1/2510 
f 2510/1/2510 2511/1/2511 2508/1/2508 
f 2512/1/2512 2513/1/2513 2511/1/2511 
f 1922/1/1922 2512/1/2512 2510/1/2510 
f 2510/1/2510 1919/1/1919 1922/1/1922 
f 1916/1/1916 2514/1/2514 2512/1/2512 
f 2512/1/2512 1922/1/1922 1916/1/1916 
f 2513/1/2513 2512/1/2512 2514/1/2514 
f 2514/1/2514 2515/1/2515 2513/1/2513 
f 2516/1/2516 2517/1/2517 2518/1/2518 
f 2518/1/2518 2519/1/2519 2516/1/2516 
f 1140/1/1140 2519/1/2519 2518/1/2518 
f 2518/1/2518 1141/1/1141 1140/1/1140 
f 1060/1/1060 2520/1/2520 2519/1/2519 
f 2519/1/2519 1140/1/1140 1060/1/1060 
f 2516/1/2516 2519/1/2519 2520/1/2520 
f 2520/1/2520 2521/1/2521 2516/1/2516 
f 287/1/287 286/1/286 2522/1/2522 
f 2522/1/2522 2523/1/2523 287/1/287 
f 2524/1/2524 2522/1/2522 286/1/286 
f 286/1/286 196/1/196 2524/1/2524 
f 2525/1/2525 2526/1/2526 2522/1/2522 
f 2522/1/2522 2524/1/2524 2525/1/2525 
f 2523/1/2523 2522/1/2522 2526/1/2526 
f 2526/1/2526 2527/1/2527 2523/1/2523 
f 2528/1/2528 2529/1/2529 2530/1/2530 
f 2530/1/2530 2531/1/2531 2528/1/2528 
f 2418/1/2418 2530/1/2530 2529/1/2529 
f 2529/1/2529 2419/1/2419 2418/1/2418 
f 1982/1/1982 1981/1/1981 2530/1/2530 
f 2530/1/2530 2418/1/2418 1982/1/1982 
f 2531/1/2531 2530/1/2530 1981/1/1981 
f 1981/1/1981 1467/1/1467 2531/1/2531 
f 1669/1/1669 2532/1/2532 2533/1/2533 
f 2533/1/2533 1668/1/1668 1669/1/1669 
f 2534/1/2534 2533/1/2533 2532/1/2532 
f 2532/1/2532 2535/1/2535 2534/1/2534 
f 2536/1/2536 2537/1/2537 2533/1/2533 
f 2533/1/2533 2534/1/2534 2536/1/2536 
f 1668/1/1668 2533/1/2533 2537/1/2537 
f 2537/1/2537 1670/1/1670 1668/1/1668 
f 2536/1/2536 2538/1/2538 2539/1/2539 
f 2539/1/2539 2537/1/2537 2536/1/2536 
f 2540/1/2540 2539/1/2539 2538/1/2538 
f 2538/1/2538 2541/1/2541 2540/1/2540 
f 1983/1/1983 1994/1/1994 2539/1/2539 
f 2539/1/2539 2540/1/2540 1983/1/1983 
f 2537/1/2537 2539/1/2539 1994/1/1994 
f 1994/1/1994 1670/1/1670 2537/1/2537 
f 1988/1/1988 1984/1/1984 2542/1/2542 
f 2542/1/2542 2543/1/2543 1988/1/1988 
f 2540/1/2540 2542/1/2542 1984/1/1984 
f 1984/1/1984 1983/1/1983 2540/1/2540 
f 2541/1/2541 2544/1/2544 2542/1/2542 
f 2542/1/2542 2540/1/2540 2541/1/2541 
f 2543/1/2543 2542/1/2542 2544/1/2544 
f 2544/1/2544 2545/1/2545 2543/1/2543 
f 2545/1/2545 2546/1/2546 2547/1/2547 
f 2547/1/2547 2543/1/2543 2545/1/2545 
f 2548/1/2548 2547/1/2547 2546/1/2546 
f 2546/1/2546 2549/1/2549 2548/1/2548 
f 2335/1/2335 2334/1/2334 2547/1/2547 
f 2547/1/2547 2548/1/2548 2335/1/2335 
f 2543/1/2543 2547/1/2547 2334/1/2334 
f 2334/1/2334 1988/1/1988 2543/1/2543 
f 2550/1/2550 2551/1/2551 2552/1/2552 
f 2552/1/2552 2553/1/2553 2550/1/2550 
f 2554/1/2554 2552/1/2552 2551/1/2551 
f 2551/1/2551 2555/1/2555 2554/1/2554 
f 1967/1/1967 1970/1/1970 2552/1/2552 
f 2552/1/2552 2554/1/2554 1967/1/1967 
f 2553/1/2553 2552/1/2552 1970/1/1970 
f 1970/1/1970 1885/1/1885 2553/1/2553 
f 2556/1/2556 2557/1/2557 2558/1/2558 
f 2558/1/2558 2559/1/2559 2556/1/2556 
f 1895/1/1895 2558/1/2558 2557/1/2557 
f 2557/1/2557 1892/1/1892 1895/1/1895 
f 1900/1/1900 2560/1/2560 2558/1/2558 
f 2558/1/2558 1895/1/1895 1900/1/1900 
f 2559/1/2559 2558/1/2558 2560/1/2560 
f 2560/1/2560 2561/1/2561 2559/1/2559 
f 1135/1/1135 1133/1/1133 2562/1/2562 
f 2562/1/2562 2563/1/2563 1135/1/1135 
f 1939/1/1939 2562/1/2562 1133/1/1133 
f 1133/1/1133 1134/1/1134 1939/1/1939 
f 1892/1/1892 2557/1/2557 2562/1/2562 
f 2562/1/2562 1939/1/1939 1892/1/1892 
f 2563/1/2563 2562/1/2562 2557/1/2557 
f 2557/1/2557 2556/1/2556 2563/1/2563 
f 2564/1/2564 2565/1/2565 2566/1/2566 
f 2566/1/2566 2567/1/2567 2564/1/2564 
f 2319/1/2319 2566/1/2566 2565/1/2565 
f 2565/1/2565 2320/1/2320 2319/1/2319 
f 2317/1/2317 2568/1/2568 2566/1/2566 
f 2566/1/2566 2319/1/2319 2317/1/2317 
f 2567/1/2567 2566/1/2566 2568/1/2568 
f 2568/1/2568 2569/1/2569 2567/1/2567 
f 2569/1/2569 2568/1/2568 2570/1/2570 
f 2570/1/2570 2571/1/2571 2569/1/2569 
f 2316/1/2316 2570/1/2570 2568/1/2568 
f 2568/1/2568 2317/1/2317 2316/1/2316 
f 1444/1/1444 1452/1/1452 2570/1/2570 
f 2570/1/2570 2316/1/2316 1444/1/1444 
f 2571/1/2571 2570/1/2570 1452/1/1452 
f 1452/1/1452 1451/1/1451 2571/1/2571 
f 2572/1/2572 2573/1/2573 2574/1/2574 
f 2574/1/2574 2575/1/2575 2572/1/2572 
f 1963/1/1963 2574/1/2574 2573/1/2573 
f 2573/1/2573 1906/1/1906 1963/1/1963 
f 2554/1/2554 2574/1/2574 1963/1/1963 
f 1963/1/1963 1967/1/1967 2554/1/2554 
f 2555/1/2555 2575/1/2575 2574/1/2574 
f 2574/1/2574 2554/1/2554 2555/1/2555 
f 2561/1/2561 2560/1/2560 2576/1/2576 
f 2576/1/2576 2577/1/2577 2561/1/2561 
f 1905/1/1905 2576/1/2576 2560/1/2560 
f 2560/1/2560 1900/1/1900 1905/1/1905 
f 1906/1/1906 2573/1/2573 2576/1/2576 
f 2576/1/2576 1905/1/1905 1906/1/1906 
f 2577/1/2577 2576/1/2576 2573/1/2573 
f 2573/1/2573 2572/1/2572 2577/1/2577 
f 69/1/69 68/1/68 2578/1/2578 
f 2578/1/2578 2579/1/2579 69/1/69 
f 54/1/54 2578/1/2578 68/1/68 
f 68/1/68 58/1/58 54/1/54 
f 53/1/53 2580/1/2580 2578/1/2578 
f 2578/1/2578 54/1/54 53/1/53 
f 2579/1/2579 2578/1/2578 2580/1/2580 
f 2580/1/2580 2581/1/2581 2579/1/2579 
f 2497/1/2497 2496/1/2496 2582/1/2582 
f 2582/1/2582 2583/1/2583 2497/1/2497 
f 2496/1/2496 161/1/161 159/1/159 
f 159/1/159 2582/1/2582 2496/1/2496 
f 2584/1/2584 2582/1/2582 159/1/159 
f 159/1/159 158/1/158 2584/1/2584 
f 2583/1/2583 2582/1/2582 2584/1/2584 
f 2584/1/2584 2585/1/2585 2583/1/2583 
f 2586/1/2586 2587/1/2587 2588/1/2588 
f 2588/1/2588 2589/1/2589 2586/1/2586 
f 2590/1/2590 2591/1/2591 2587/1/2587 
f 2587/1/2587 2586/1/2586 2590/1/2590 
f 2592/1/2592 2587/1/2587 2591/1/2591 
f 2591/1/2591 2585/1/2585 2592/1/2592 
f 2592/1/2592 2593/1/2593 2588/1/2588 
f 2588/1/2588 2587/1/2587 2592/1/2592 
f 2594/1/2594 2595/1/2595 2596/1/2596 
f 2596/1/2596 2597/1/2597 2594/1/2594 
f 2583/1/2583 2596/1/2596 2595/1/2595 
f 2595/1/2595 2497/1/2497 2583/1/2583 
f 2585/1/2585 2591/1/2591 2596/1/2596 
f 2596/1/2596 2583/1/2583 2585/1/2585 
f 2597/1/2597 2596/1/2596 2591/1/2591 
f 2591/1/2591 2590/1/2590 2597/1/2597 
f 2590/1/2590 2598/1/2598 2599/1/2599 
f 2599/1/2599 2597/1/2597 2590/1/2590 
f 124/1/124 2599/1/2599 2598/1/2598 
f 2598/1/2598 35/1/35 124/1/124 
f 123/1/123 2600/1/2600 2599/1/2599 
f 2599/1/2599 124/1/124 123/1/123 
f 2597/1/2597 2599/1/2599 2600/1/2600 
f 2600/1/2600 2594/1/2594 2597/1/2597 
f 2593/1/2593 2592/1/2592 2601/1/2601 
f 2601/1/2601 2602/1/2602 2593/1/2593 
f 2585/1/2585 2584/1/2584 2601/1/2601 
f 2601/1/2601 2592/1/2592 2585/1/2585 
f 158/1/158 1779/1/1779 2601/1/2601 
f 2601/1/2601 2584/1/2584 158/1/158 
f 1779/1/1779 1778/1/1778 2602/1/2602 
f 2602/1/2602 2601/1/2601 1779/1/1779 
f 26/1/26 36/1/36 2603/1/2603 
f 2603/1/2603 2604/1/2604 26/1/26 
f 2598/1/2598 2603/1/2603 36/1/36 
f 36/1/36 35/1/35 2598/1/2598 
f 2586/1/2586 2603/1/2603 2598/1/2598 
f 2598/1/2598 2590/1/2590 2586/1/2586 
f 2589/1/2589 2604/1/2604 2603/1/2603 
f 2603/1/2603 2586/1/2586 2589/1/2589 
f 2605/1/2605 2606/1/2606 2607/1/2607 
f 2607/1/2607 2608/1/2608 2605/1/2605 
f 31/1/31 27/1/27 2608/1/2608 
f 2608/1/2608 2607/1/2607 31/1/31 
f 2604/1/2604 2608/1/2608 27/1/27 
f 27/1/27 26/1/26 2604/1/2604 
f 2605/1/2605 2608/1/2608 2604/1/2604 
f 2604/1/2604 2589/1/2589 2605/1/2605 
f 2609/1/2609 2610/1/2610 2611/1/2611 
f 2611/1/2611 2612/1/2612 2609/1/2609 
f 2613/1/2613 2611/1/2611 2610/1/2610 
f 2610/1/2610 2614/1/2614 2613/1/2613 
f 2611/1/2611 2613/1/2613 2615/1/2615 
f 2616/1/2616 2617/1/2617 2618/1/2618 
f 2618/1/2618 2619/1/2619 2616/1/2616 
f 1769/1/1769 2618/1/2618 2617/1/2617 
f 2617/1/2617 1773/1/1773 1769/1/1769 
f 1769/1/1769 1768/1/1768 2620/1/2620 
f 2620/1/2620 2618/1/2618 1769/1/1769 
f 2619/1/2619 2618/1/2618 2620/1/2620 
f 2620/1/2620 2621/1/2621 2619/1/2619 
f 2622/1/2622 2623/1/2623 2624/1/2624 
f 2624/1/2624 2625/1/2625 2622/1/2622 
f 2619/1/2619 2624/1/2624 2623/1/2623 
f 2623/1/2623 2616/1/2616 2619/1/2619 
f 2621/1/2621 2626/1/2626 2624/1/2624 
f 2624/1/2624 2619/1/2619 2621/1/2621 
f 2625/1/2625 2624/1/2624 2626/1/2626 
f 2626/1/2626 2627/1/2627 2625/1/2625 
f 2627/1/2627 2628/1/2628 2629/1/2629 
f 2629/1/2629 2625/1/2625 2627/1/2627 
f 2579/1/2579 2629/1/2629 2628/1/2628 
f 2628/1/2628 69/1/69 2579/1/2579 
f 2581/1/2581 2630/1/2630 2629/1/2629 
f 2629/1/2629 2579/1/2579 2581/1/2581 
f 2625/1/2625 2629/1/2629 2630/1/2630 
f 2630/1/2630 2622/1/2622 2625/1/2625 
f 2627/1/2627 2626/1/2626 2631/1/2631 
f 2631/1/2631 2632/1/2632 2627/1/2627 
f 2633/1/2633 2631/1/2631 2626/1/2626 
f 2626/1/2626 2621/1/2621 2633/1/2633 
f 2634/1/2634 2635/1/2635 2631/1/2631 
f 2631/1/2631 2633/1/2633 2634/1/2634 
f 2632/1/2632 2631/1/2631 2635/1/2635 
f 2635/1/2635 2636/1/2636 2632/1/2632 
f 2636/1/2636 2637/1/2637 2638/1/2638 
f 2638/1/2638 2632/1/2632 2636/1/2636 
f 65/1/65 2638/1/2638 2637/1/2637 
f 2637/1/2637 62/1/62 65/1/65 
f 69/1/69 2628/1/2628 2638/1/2638 
f 2638/1/2638 65/1/65 69/1/69 
f 2632/1/2632 2638/1/2638 2628/1/2628 
f 2628/1/2628 2627/1/2627 2632/1/2632 
f 176/1/176 2639/1/2639 1808/1/1808 
f 1808/1/1808 177/1/177 176/1/176 
f 176/1/176 175/1/175 2640/1/2640 
f 2634/1/2634 2641/1/2641 2639/1/2639 
f 2639/1/2639 2640/1/2640 2634/1/2634 
f 1809/1/1809 1808/1/1808 2639/1/2639 
f 2639/1/2639 2641/1/2641 1809/1/1809 
f 2634/1/2634 2640/1/2640 2642/1/2642 
f 2642/1/2642 2635/1/2635 2634/1/2634 
f 2640/1/2640 175/1/175 2643/1/2643 
f 2643/1/2643 2642/1/2642 2640/1/2640 
f 2642/1/2642 2643/1/2643 2644/1/2644 
f 2635/1/2635 2642/1/2642 2645/1/2645 
f 2645/1/2645 2636/1/2636 2635/1/2635 
f 2621/1/2621 2620/1/2620 2646/1/2646 
f 2646/1/2646 2633/1/2633 2621/1/2621 
f 1768/1/1768 1810/1/1810 2646/1/2646 
f 2646/1/2646 2620/1/2620 1768/1/1768 
f 2641/1/2641 2646/1/2646 1810/1/1810 
f 1810/1/1810 1809/1/1809 2641/1/2641 
f 2633/1/2633 2646/1/2646 2641/1/2641 
f 2641/1/2641 2634/1/2634 2633/1/2633 
f 2515/1/2515 2514/1/2514 2647/1/2647 
f 2647/1/2647 2648/1/2648 2515/1/2515 
f 1915/1/1915 2647/1/2647 2514/1/2514 
f 2514/1/2514 1916/1/1916 1915/1/1915 
f 1075/1/1075 2649/1/2649 2647/1/2647 
f 2647/1/2647 1915/1/1915 1075/1/1075 
f 2648/1/2648 2647/1/2647 2649/1/2649 
f 2649/1/2649 2650/1/2650 2648/1/2648 
f 2505/1/2505 2651/1/2651 2652/1/2652 
f 2652/1/2652 2502/1/2502 2505/1/2505 
f 62/1/62 2637/1/2637 2651/1/2651 
f 2651/1/2651 2505/1/2505 62/1/62 
f 2637/1/2637 2636/1/2636 2645/1/2645 
f 2645/1/2645 2651/1/2651 2637/1/2637 
f 2652/1/2652 2651/1/2651 2645/1/2645 
f 2645/1/2645 2644/1/2644 2652/1/2652 
f 1078/1/1078 2653/1/2653 2649/1/2649 
f 2649/1/2649 1075/1/1075 1078/1/1078 
f 253/1/253 2654/1/2654 2653/1/2653 
f 2653/1/2653 1078/1/1078 253/1/253 
f 2655/1/2655 2656/1/2656 2653/1/2653 
f 2653/1/2653 2654/1/2654 2655/1/2655 
f 2649/1/2649 2653/1/2653 2656/1/2656 
f 2656/1/2656 2650/1/2650 2649/1/2649 
f 2650/1/2650 2656/1/2656 2657/1/2657 
f 2657/1/2657 2658/1/2658 2650/1/2650 
f 2659/1/2659 2657/1/2657 2656/1/2656 
f 2656/1/2656 2655/1/2655 2659/1/2659 
f 2660/1/2660 2661/1/2661 2657/1/2657 
f 2657/1/2657 2659/1/2659 2660/1/2660 
f 2658/1/2658 2657/1/2657 2661/1/2661 
f 2661/1/2661 2662/1/2662 2658/1/2658 
f 2520/1/2520 2663/1/2663 2664/1/2664 
f 2664/1/2664 2521/1/2521 2520/1/2520 
f 1059/1/1059 2663/1/2663 2520/1/2520 
f 2520/1/2520 1060/1/1060 1059/1/1059 
f 1055/1/1055 2665/1/2665 2663/1/2663 
f 2663/1/2663 1059/1/1059 1055/1/1055 
f 2665/1/2665 2666/1/2666 2664/1/2664 
f 2664/1/2664 2663/1/2663 2665/1/2665 
f 223/1/223 1082/1/1082 2667/1/2667 
f 2667/1/2667 2668/1/2668 223/1/223 
f 2669/1/2669 2667/1/2667 1082/1/1082 
f 1082/1/1082 1081/1/1081 2669/1/2669 
f 2662/1/2662 2661/1/2661 2667/1/2667 
f 2667/1/2667 2669/1/2669 2662/1/2662 
f 2668/1/2668 2667/1/2667 2661/1/2661 
f 2661/1/2661 2660/1/2660 2668/1/2668 
f 2666/1/2666 2665/1/2665 2670/1/2670 
f 2670/1/2670 2671/1/2671 2666/1/2666 
f 1054/1/1054 2670/1/2670 2665/1/2665 
f 2665/1/2665 1055/1/1055 1054/1/1054 
f 250/1/250 2672/1/2672 2670/1/2670 
f 2670/1/2670 1054/1/1054 250/1/250 
f 2671/1/2671 2670/1/2670 2672/1/2672 
f 2672/1/2672 2673/1/2673 2671/1/2671 
f 2666/1/2666 2671/1/2671 2674/1/2674 
f 2674/1/2674 2675/1/2675 2666/1/2666 
f 2676/1/2676 2674/1/2674 2671/1/2671 
f 2671/1/2671 2673/1/2673 2676/1/2676 
f 2677/1/2677 2678/1/2678 2674/1/2674 
f 2674/1/2674 2676/1/2676 2677/1/2677 
f 2675/1/2675 2674/1/2674 2678/1/2678 
f 2678/1/2678 2679/1/2679 2675/1/2675 
f 241/1/241 1064/1/1064 2680/1/2680 
f 2680/1/2680 2681/1/2681 241/1/241 
f 2682/1/2682 2680/1/2680 1064/1/1064 
f 1064/1/1064 1068/1/1068 2682/1/2682 
f 2679/1/2679 2678/1/2678 2680/1/2680 
f 2680/1/2680 2682/1/2682 2679/1/2679 
f 2681/1/2681 2680/1/2680 2678/1/2678 
f 2678/1/2678 2677/1/2677 2681/1/2681 
f 2655/1/2655 2654/1/2654 2683/1/2683 
f 2683/1/2683 2684/1/2684 2655/1/2655 
f 256/1/256 2683/1/2683 2654/1/2654 
f 2654/1/2654 253/1/253 256/1/256 
f 261/1/261 2685/1/2685 2683/1/2683 
f 2683/1/2683 256/1/256 261/1/261 
f 2685/1/2685 2686/1/2686 2684/1/2684 
f 2684/1/2684 2683/1/2683 2685/1/2685 
f 2687/1/2687 2660/1/2660 2659/1/2659 
f 2659/1/2659 2688/1/2688 2687/1/2687 
f 2659/1/2659 2655/1/2655 2684/1/2684 
f 2684/1/2684 2688/1/2688 2659/1/2659 
f 2689/1/2689 2688/1/2688 2684/1/2684 
f 2684/1/2684 2686/1/2686 2689/1/2689 
f 2690/1/2690 2687/1/2687 2688/1/2688 
f 2688/1/2688 2689/1/2689 2690/1/2690 
f 2691/1/2691 2692/1/2692 2687/1/2687 
f 2687/1/2687 2690/1/2690 2691/1/2691 
f 2691/1/2691 225/1/225 224/1/224 
f 224/1/224 2692/1/2692 2691/1/2691 
f 2668/1/2668 2692/1/2692 224/1/224 
f 224/1/224 223/1/223 2668/1/2668 
f 2660/1/2660 2687/1/2687 2692/1/2692 
f 2692/1/2692 2668/1/2668 2660/1/2660 
f 248/1/248 2693/1/2693 2672/1/2672 
f 2672/1/2672 250/1/250 248/1/248 
f 2694/1/2694 2693/1/2693 248/1/248 
f 248/1/248 249/1/249 2694/1/2694 
f 2695/1/2695 2696/1/2696 2693/1/2693 
f 2693/1/2693 2694/1/2694 2695/1/2695 
f 2672/1/2672 2693/1/2693 2696/1/2696 
f 2696/1/2696 2673/1/2673 2672/1/2672 
f 2697/1/2697 2698/1/2698 2699/1/2699 
f 2699/1/2699 2700/1/2700 2697/1/2697 
f 2676/1/2676 2699/1/2699 2698/1/2698 
f 2698/1/2698 2677/1/2677 2676/1/2676 
f 2673/1/2673 2696/1/2696 2699/1/2699 
f 2699/1/2699 2676/1/2676 2673/1/2673 
f 2700/1/2700 2699/1/2699 2696/1/2696 
f 2696/1/2696 2695/1/2695 2700/1/2700 
f 1841/1/1841 1945/1/1945 2701/1/2701 
f 2701/1/2701 2702/1/2702 1841/1/1841 
f 2506/1/2506 2701/1/2701 1945/1/1945 
f 1945/1/1945 1944/1/1944 2506/1/2506 
f 2509/1/2509 2703/1/2703 2701/1/2701 
f 2701/1/2701 2506/1/2506 2509/1/2509 
f 2702/1/2702 2701/1/2701 2703/1/2703 
f 2703/1/2703 2704/1/2704 2702/1/2702 
f 243/1/243 242/1/242 2705/1/2705 
f 2705/1/2705 2706/1/2706 243/1/243 
f 2681/1/2681 2705/1/2705 242/1/242 
f 242/1/242 241/1/241 2681/1/2681 
f 2677/1/2677 2698/1/2698 2705/1/2705 
f 2705/1/2705 2681/1/2681 2677/1/2677 
f 2706/1/2706 2705/1/2705 2698/1/2698 
f 2698/1/2698 2697/1/2697 2706/1/2706 
f 1124/1/1124 1842/1/1842 2707/1/2707 
f 2707/1/2707 2708/1/2708 1124/1/1124 
f 2702/1/2702 2707/1/2707 1842/1/1842 
f 1842/1/1842 1841/1/1841 2702/1/2702 
f 2704/1/2704 2709/1/2709 2707/1/2707 
f 2707/1/2707 2702/1/2702 2704/1/2704 
f 2709/1/2709 2710/1/2710 2708/1/2708 
f 2711/1/2711 2712/1/2712 2713/1/2713 
f 2713/1/2713 2714/1/2714 2711/1/2711 
f 2715/1/2715 2713/1/2713 2712/1/2712 
f 2712/1/2712 2716/1/2716 2715/1/2715 
f 2713/1/2713 2715/1/2715 2710/1/2710 
f 2714/1/2714 2713/1/2713 2709/1/2709 
f 2709/1/2709 2704/1/2704 2714/1/2714 
f 196/1/196 199/1/199 2717/1/2717 
f 2717/1/2717 2524/1/2524 196/1/196 
f 193/1/193 2718/1/2718 2717/1/2717 
f 2717/1/2717 199/1/199 193/1/193 
f 2719/1/2719 2720/1/2720 2717/1/2717 
f 2717/1/2717 2718/1/2718 2719/1/2719 
f 2524/1/2524 2717/1/2717 2720/1/2720 
f 2720/1/2720 2525/1/2525 2524/1/2524 
f 2721/1/2721 2722/1/2722 2712/1/2712 
f 2712/1/2712 2711/1/2711 2721/1/2721 
f 1247/1/1247 2722/1/2722 2721/1/2721 
f 2721/1/2721 1248/1/1248 1247/1/1247 
f 1119/1/1119 2723/1/2723 2722/1/2722 
f 2722/1/2722 1247/1/1247 1119/1/1119 
f 2722/1/2722 2723/1/2723 2716/1/2716 
f 2594/1/2594 2600/1/2600 2724/1/2724 
f 2724/1/2724 2725/1/2725 2594/1/2594 
f 2600/1/2600 123/1/123 2726/1/2726 
f 2726/1/2726 2724/1/2724 2600/1/2600 
f 2727/1/2727 2724/1/2724 2726/1/2726 
f 2726/1/2726 2728/1/2728 2727/1/2727 
f 2725/1/2725 2724/1/2724 2727/1/2727 
f 2727/1/2727 2729/1/2729 2725/1/2725 
f 2719/1/2719 2718/1/2718 2730/1/2730 
f 2730/1/2730 2731/1/2731 2719/1/2719 
f 192/1/192 2730/1/2730 2718/1/2718 
f 2718/1/2718 193/1/193 192/1/192 
f 2730/1/2730 192/1/192 151/1/151 
f 2731/1/2731 2730/1/2730 2503/1/2503 
f 2503/1/2503 2502/1/2502 2731/1/2731 
f 2729/1/2729 2732/1/2732 2733/1/2733 
f 2733/1/2733 2725/1/2725 2729/1/2729 
f 2732/1/2732 2494/1/2494 2493/1/2493 
f 2497/1/2497 2595/1/2595 2733/1/2733 
f 2733/1/2733 2493/1/2493 2497/1/2497 
f 2725/1/2725 2733/1/2733 2595/1/2595 
f 2595/1/2595 2594/1/2594 2725/1/2725 
f 115/1/115 120/1/120 2734/1/2734 
f 2734/1/2734 2735/1/2735 115/1/115 
f 319/1/319 2734/1/2734 120/1/120 
f 120/1/120 119/1/119 319/1/319 
f 320/1/320 2736/1/2736 2734/1/2734 
f 2734/1/2734 319/1/319 320/1/320 
f 2735/1/2735 2734/1/2734 2736/1/2736 
f 2736/1/2736 2728/1/2728 2735/1/2735 
f 2728/1/2728 2736/1/2736 2737/1/2737 
f 2737/1/2737 2727/1/2727 2728/1/2728 
f 2738/1/2738 2737/1/2737 2736/1/2736 
f 2736/1/2736 320/1/320 2738/1/2738 
f 2739/1/2739 2737/1/2737 2738/1/2738 
f 2738/1/2738 2740/1/2740 2739/1/2739 
f 2729/1/2729 2727/1/2727 2737/1/2737 
f 2737/1/2737 2739/1/2739 2729/1/2729 
f 111/1/111 116/1/116 2741/1/2741 
f 2741/1/2741 122/1/122 111/1/111 
f 2735/1/2735 2741/1/2741 116/1/116 
f 116/1/116 115/1/115 2735/1/2735 
f 2741/1/2741 2735/1/2735 2728/1/2728 
f 122/1/122 2741/1/2741 2726/1/2726 
f 2726/1/2726 123/1/123 122/1/122 
f 2742/1/2742 2743/1/2743 2744/1/2744 
f 2744/1/2744 2745/1/2745 2742/1/2742 
f 2689/1/2689 2744/1/2744 2743/1/2743 
f 2743/1/2743 2690/1/2690 2689/1/2689 
f 2686/1/2686 2746/1/2746 2744/1/2744 
f 2744/1/2744 2689/1/2689 2686/1/2686 
f 2745/1/2745 2744/1/2744 2746/1/2746 
f 2746/1/2746 2747/1/2747 2745/1/2745 
f 2740/1/2740 2748/1/2748 2749/1/2749 
f 2749/1/2749 2739/1/2739 2740/1/2740 
f 2499/1/2499 2749/1/2749 2748/1/2748 
f 2748/1/2748 2500/1/2500 2499/1/2499 
f 2749/1/2749 2499/1/2499 2494/1/2494 
f 2732/1/2732 2729/1/2729 2739/1/2739 
f 315/1/315 321/1/321 2750/1/2750 
f 2750/1/2750 2751/1/2751 315/1/315 
f 2691/1/2691 2750/1/2750 321/1/321 
f 321/1/321 225/1/225 2691/1/2691 
f 2690/1/2690 2743/1/2743 2750/1/2750 
f 2750/1/2750 2691/1/2691 2690/1/2690 
f 2751/1/2751 2750/1/2750 2743/1/2743 
f 2743/1/2743 2742/1/2742 2751/1/2751 
f 1870/1/1870 1871/1/1871 2752/1/2752 
f 2752/1/2752 2753/1/2753 1870/1/1870 
f 2501/1/2501 2752/1/2752 1871/1/1871 
f 1871/1/1871 280/1/280 2501/1/2501 
f 2500/1/2500 2754/1/2754 2752/1/2752 
f 2752/1/2752 2501/1/2501 2500/1/2500 
f 2753/1/2753 2752/1/2752 2754/1/2754 
f 2754/1/2754 2747/1/2747 2753/1/2753 
f 2747/1/2747 2754/1/2754 2755/1/2755 
f 2755/1/2755 2745/1/2745 2747/1/2747 
f 2754/1/2754 2500/1/2500 2748/1/2748 
f 2755/1/2755 2748/1/2748 2740/1/2740 
f 2745/1/2745 2755/1/2755 2756/1/2756 
f 2756/1/2756 2742/1/2742 2745/1/2745 
f 261/1/261 1866/1/1866 2757/1/2757 
f 2757/1/2757 2685/1/2685 261/1/261 
f 1866/1/1866 1870/1/1870 2753/1/2753 
f 2747/1/2747 2746/1/2746 2757/1/2757 
f 2757/1/2757 2753/1/2753 2747/1/2747 
f 2685/1/2685 2757/1/2757 2746/1/2746 
f 2746/1/2746 2686/1/2686 2685/1/2685 
f 320/1/320 316/1/316 2758/1/2758 
f 2758/1/2758 2738/1/2738 320/1/320 
f 2751/1/2751 2758/1/2758 316/1/316 
f 316/1/316 315/1/315 2751/1/2751 
f 2742/1/2742 2756/1/2756 2758/1/2758 
f 2758/1/2758 2751/1/2751 2742/1/2742 
f 2738/1/2738 2758/1/2758 2756/1/2756 
f 2756/1/2756 2740/1/2740 2738/1/2738 
f 287/1/287 2523/1/2523 2759/1/2759 
f 2759/1/2759 343/1/343 287/1/287 
f 2527/1/2527 2760/1/2760 2759/1/2759 
f 2759/1/2759 2523/1/2523 2527/1/2527 
f 2760/1/2760 2761/1/2761 2762/1/2762 
f 2762/1/2762 2759/1/2759 2760/1/2760 
f 343/1/343 2759/1/2759 2762/1/2762 
f 2762/1/2762 293/1/293 343/1/343 
f 2694/1/2694 2763/1/2763 2764/1/2764 
f 2764/1/2764 2695/1/2695 2694/1/2694 
f 292/1/292 2763/1/2763 2694/1/2694 
f 2694/1/2694 249/1/249 292/1/292 
f 293/1/293 2762/1/2762 2763/1/2763 
f 2763/1/2763 292/1/292 293/1/293 
f 2761/1/2761 2764/1/2764 2763/1/2763 
f 2763/1/2763 2762/1/2762 2761/1/2761 
f 2765/1/2765 2766/1/2766 2767/1/2767 
f 2767/1/2767 2768/1/2768 2765/1/2765 
f 2769/1/2769 2767/1/2767 2766/1/2766 
f 2766/1/2766 2770/1/2770 2769/1/2769 
f 2528/1/2528 2771/1/2771 2767/1/2767 
f 2767/1/2767 2769/1/2769 2528/1/2528 
f 2768/1/2768 2767/1/2767 2771/1/2771 
f 2771/1/2771 2772/1/2772 2768/1/2768 
f 2773/1/2773 2774/1/2774 2775/1/2775 
f 2775/1/2775 2776/1/2776 2773/1/2773 
f 2774/1/2774 1334/1/1334 1337/1/1337 
f 1339/1/1339 2777/1/2777 2775/1/2775 
f 2775/1/2775 1337/1/1337 1339/1/1339 
f 2776/1/2776 2775/1/2775 2777/1/2777 
f 2777/1/2777 2765/1/2765 2776/1/2776 
f 1355/1/1355 1351/1/1351 2778/1/2778 
f 2778/1/2778 2779/1/2779 1355/1/1355 
f 2780/1/2780 2778/1/2778 1351/1/1351 
f 1351/1/1351 1350/1/1350 2780/1/2780 
f 2781/1/2781 2782/1/2782 2778/1/2778 
f 2778/1/2778 2780/1/2780 2781/1/2781 
f 2779/1/2779 2778/1/2778 2782/1/2782 
f 2782/1/2782 2772/1/2772 2779/1/2779 
f 2783/1/2783 2784/1/2784 2782/1/2782 
f 2782/1/2782 2781/1/2781 2783/1/2783 
f 2776/1/2776 2784/1/2784 2783/1/2783 
f 2783/1/2783 2773/1/2773 2776/1/2776 
f 2765/1/2765 2768/1/2768 2784/1/2784 
f 2784/1/2784 2776/1/2776 2765/1/2765 
f 2772/1/2772 2782/1/2782 2784/1/2784 
f 2784/1/2784 2768/1/2768 2772/1/2772 
f 1467/1/1467 1466/1/1466 2785/1/2785 
f 2785/1/2785 2531/1/2531 1467/1/1467 
f 2779/1/2779 2785/1/2785 1466/1/1466 
f 1466/1/1466 1355/1/1355 2779/1/2779 
f 2772/1/2772 2771/1/2771 2785/1/2785 
f 2785/1/2785 2779/1/2779 2772/1/2772 
f 2531/1/2531 2785/1/2785 2771/1/2771 
f 2771/1/2771 2528/1/2528 2531/1/2531 
f 1472/1/1472 2786/1/2786 2777/1/2777 
f 2777/1/2777 1339/1/1339 1472/1/1472 
f 1472/1/1472 1473/1/1473 2787/1/2787 
f 2770/1/2770 2766/1/2766 2786/1/2786 
f 2786/1/2786 2787/1/2787 2770/1/2770 
f 2777/1/2777 2786/1/2786 2766/1/2766 
f 2766/1/2766 2765/1/2765 2777/1/2777 
f 2788/1/2788 2789/1/2789 1880/1/1880 
f 1453/1/1453 2790/1/2790 2788/1/2788 
f 2788/1/2788 1889/1/1889 1453/1/1453 
f 2791/1/2791 2792/1/2792 2788/1/2788 
f 2788/1/2788 2790/1/2790 2791/1/2791 
f 2789/1/2789 2788/1/2788 2792/1/2792 
f 2792/1/2792 2793/1/2793 2789/1/2789 
f 1885/1/1885 1881/1/1881 2794/1/2794 
f 2794/1/2794 2553/1/2553 1885/1/1885 
f 2789/1/2789 2794/1/2794 1881/1/1881 
f 1881/1/1881 1880/1/1880 2789/1/2789 
f 2793/1/2793 2795/1/2795 2794/1/2794 
f 2794/1/2794 2789/1/2789 2793/1/2793 
f 2553/1/2553 2794/1/2794 2795/1/2795 
f 2795/1/2795 2550/1/2550 2553/1/2553 
f 2796/1/2796 2797/1/2797 2798/1/2798 
f 2798/1/2798 2799/1/2799 2796/1/2796 
f 2800/1/2800 2798/1/2798 2797/1/2797 
f 2797/1/2797 2801/1/2801 2800/1/2800 
f 1383/1/1383 1380/1/1380 2798/1/2798 
f 2798/1/2798 2800/1/2800 1383/1/1383 
f 2799/1/2799 2798/1/2798 1380/1/1380 
f 1380/1/1380 1149/1/1149 2799/1/2799 
f 1145/1/1145 2802/1/2802 2803/1/2803 
f 2803/1/2803 1146/1/1146 1145/1/1145 
f 2804/1/2804 2803/1/2803 2802/1/2802 
f 2802/1/2802 2805/1/2805 2804/1/2804 
f 2796/1/2796 2799/1/2799 2803/1/2803 
f 2803/1/2803 2804/1/2804 2796/1/2796 
f 1146/1/1146 2803/1/2803 2799/1/2799 
f 2799/1/2799 1149/1/1149 1146/1/1146 
f 2806/1/2806 2807/1/2807 2808/1/2808 
f 2808/1/2808 2809/1/2809 2806/1/2806 
f 2807/1/2807 2556/1/2556 2559/1/2559 
f 2561/1/2561 2810/1/2810 2808/1/2808 
f 2808/1/2808 2559/1/2559 2561/1/2561 
f 2809/1/2809 2808/1/2808 2810/1/2810 
f 2810/1/2810 2811/1/2811 2809/1/2809 
f 2811/1/2811 2812/1/2812 2813/1/2813 
f 2813/1/2813 2814/1/2814 2811/1/2811 
f 2815/1/2815 2813/1/2813 2812/1/2812 
f 2812/1/2812 2816/1/2816 2815/1/2815 
f 2801/1/2801 2797/1/2797 2813/1/2813 
f 2813/1/2813 2815/1/2815 2801/1/2801 
f 2814/1/2814 2813/1/2813 2797/1/2797 
f 2797/1/2797 2796/1/2796 2814/1/2814 
f 2817/1/2817 2804/1/2804 2805/1/2805 
f 2818/1/2818 2806/1/2806 2809/1/2809 
f 2811/1/2811 2814/1/2814 2817/1/2817 
f 2817/1/2817 2809/1/2809 2811/1/2811 
f 2804/1/2804 2817/1/2817 2814/1/2814 
f 2814/1/2814 2796/1/2796 2804/1/2804 
f 2819/1/2819 2820/1/2820 2821/1/2821 
f 2821/1/2821 2822/1/2822 2819/1/2819 
f 1066/1/1066 2821/1/2821 2820/1/2820 
f 2820/1/2820 1068/1/1068 1066/1/1066 
f 1067/1/1067 1824/1/1824 2821/1/2821 
f 2821/1/2821 1066/1/1066 1067/1/1067 
f 2822/1/2822 2821/1/2821 1824/1/1824 
f 1824/1/1824 1705/1/1705 2822/1/2822 
f 2577/1/2577 2823/1/2823 2810/1/2810 
f 2810/1/2810 2561/1/2561 2577/1/2577 
f 2577/1/2577 2572/1/2572 2824/1/2824 
f 2824/1/2824 2823/1/2823 2577/1/2577 
f 2816/1/2816 2812/1/2812 2823/1/2823 
f 2823/1/2823 2824/1/2824 2816/1/2816 
f 2810/1/2810 2823/1/2823 2812/1/2812 
f 2812/1/2812 2811/1/2811 2810/1/2810 
f 2521/1/2521 2664/1/2664 2825/1/2825 
f 2825/1/2825 2826/1/2826 2521/1/2521 
f 2675/1/2675 2825/1/2825 2664/1/2664 
f 2664/1/2664 2666/1/2666 2675/1/2675 
f 2679/1/2679 2827/1/2827 2825/1/2825 
f 2825/1/2825 2675/1/2675 2679/1/2679 
f 2826/1/2826 2825/1/2825 2827/1/2827 
f 2827/1/2827 2828/1/2828 2826/1/2826 
f 1705/1/1705 1703/1/1703 2829/1/2829 
f 2829/1/2829 2822/1/2822 1705/1/1705 
f 1132/1/1132 2829/1/2829 1703/1/1703 
f 1703/1/1703 1129/1/1129 1132/1/1132 
f 2829/1/2829 1132/1/1132 1137/1/1137 
f 2822/1/2822 2829/1/2829 2830/1/2830 
f 2830/1/2830 2819/1/2819 2822/1/2822 
f 2819/1/2819 2830/1/2830 2831/1/2831 
f 2831/1/2831 2832/1/2832 2819/1/2819 
f 2833/1/2833 2831/1/2831 2830/1/2830 
f 2830/1/2830 1137/1/1137 2833/1/2833 
f 2834/1/2834 2835/1/2835 2831/1/2831 
f 2831/1/2831 2833/1/2833 2834/1/2834 
f 2832/1/2832 2831/1/2831 2835/1/2835 
f 2835/1/2835 2828/1/2828 2832/1/2832 
f 2828/1/2828 2827/1/2827 2836/1/2836 
f 2836/1/2836 2832/1/2832 2828/1/2828 
f 2682/1/2682 2836/1/2836 2827/1/2827 
f 2827/1/2827 2679/1/2679 2682/1/2682 
f 1068/1/1068 2820/1/2820 2836/1/2836 
f 2836/1/2836 2682/1/2682 1068/1/1068 
f 2832/1/2832 2836/1/2836 2820/1/2820 
f 2820/1/2820 2819/1/2819 2832/1/2832 
f 2837/1/2837 2838/1/2838 2839/1/2839 
f 2839/1/2839 2840/1/2840 2837/1/2837 
f 1084/1/1084 2839/1/2839 2838/1/2838 
f 2838/1/2838 1081/1/1081 1084/1/1084 
f 1086/1/1086 1094/1/1094 2839/1/2839 
f 2839/1/2839 1084/1/1084 1086/1/1086 
f 2840/1/2840 2839/1/2839 1094/1/1094 
f 1094/1/1094 1093/1/1093 2840/1/2840 
f 2517/1/2517 2516/1/2516 2841/1/2841 
f 2841/1/2841 2842/1/2842 2517/1/2517 
f 2826/1/2826 2841/1/2841 2516/1/2516 
f 2516/1/2516 2521/1/2521 2826/1/2826 
f 2828/1/2828 2835/1/2835 2841/1/2841 
f 2841/1/2841 2826/1/2826 2828/1/2828 
f 2835/1/2835 2834/1/2834 2842/1/2842 
f 2515/1/2515 2648/1/2648 2843/1/2843 
f 2843/1/2843 2844/1/2844 2515/1/2515 
f 2658/1/2658 2843/1/2843 2648/1/2648 
f 2648/1/2648 2650/1/2650 2658/1/2658 
f 2662/1/2662 2845/1/2845 2843/1/2843 
f 2843/1/2843 2658/1/2658 2662/1/2662 
f 2844/1/2844 2843/1/2843 2845/1/2845 
f 2845/1/2845 2846/1/2846 2844/1/2844 
f 1093/1/1093 1250/1/1250 2847/1/2847 
f 2847/1/2847 2840/1/2840 1093/1/1093 
f 2848/1/2848 2847/1/2847 1250/1/1250 
f 1250/1/1250 1249/1/1249 2848/1/2848 
f 2849/1/2849 2850/1/2850 2847/1/2847 
f 2847/1/2847 2848/1/2848 2849/1/2849 
f 2840/1/2840 2847/1/2847 2850/1/2850 
f 2850/1/2850 2837/1/2837 2840/1/2840 
f 2851/1/2851 2852/1/2852 2850/1/2850 
f 2850/1/2850 2849/1/2849 2851/1/2851 
f 2853/1/2853 2852/1/2852 2851/1/2851 
f 2851/1/2851 2854/1/2854 2853/1/2853 
f 2855/1/2855 2852/1/2852 2853/1/2853 
f 2853/1/2853 2846/1/2846 2855/1/2855 
f 2837/1/2837 2850/1/2850 2852/1/2852 
f 2852/1/2852 2855/1/2855 2837/1/2837 
f 2846/1/2846 2845/1/2845 2856/1/2856 
f 2856/1/2856 2855/1/2855 2846/1/2846 
f 2669/1/2669 2856/1/2856 2845/1/2845 
f 2845/1/2845 2662/1/2662 2669/1/2669 
f 1081/1/1081 2838/1/2838 2856/1/2856 
f 2856/1/2856 2669/1/2669 1081/1/1081 
f 2855/1/2855 2856/1/2856 2838/1/2838 
f 2838/1/2838 2837/1/2837 2855/1/2855 
f 2857/1/2857 2858/1/2858 2859/1/2859 
f 2859/1/2859 2860/1/2860 2857/1/2857 
f 2861/1/2861 2862/1/2862 2859/1/2859 
f 2859/1/2859 2858/1/2858 2861/1/2861 
f 2863/1/2863 2864/1/2864 2859/1/2859 
f 2859/1/2859 2862/1/2862 2863/1/2863 
f 2860/1/2860 2859/1/2859 2864/1/2864 
f 2864/1/2864 2865/1/2865 2860/1/2860 
f 2854/1/2854 2866/1/2866 2867/1/2867 
f 2867/1/2867 2853/1/2853 2854/1/2854 
f 2866/1/2866 2511/1/2511 2513/1/2513 
f 2515/1/2515 2844/1/2844 2867/1/2867 
f 2867/1/2867 2513/1/2513 2515/1/2515 
f 2853/1/2853 2867/1/2867 2844/1/2844 
f 2844/1/2844 2846/1/2846 2853/1/2853 
f 1114/1/1114 1342/1/1342 2868/1/2868 
f 2868/1/2868 2869/1/2869 1114/1/1114 
f 1343/1/1343 2870/1/2870 2868/1/2868 
f 2868/1/2868 1342/1/1342 1343/1/1343 
f 2858/1/2858 2868/1/2868 2870/1/2870 
f 2870/1/2870 2861/1/2861 2858/1/2858 
f 2869/1/2869 2868/1/2868 2858/1/2858 
f 2858/1/2858 2857/1/2857 2869/1/2869 
f 1127/1/1127 1125/1/1125 2871/1/2871 
f 2871/1/2871 2872/1/2872 1127/1/1127 
f 2708/1/2708 2871/1/2871 1125/1/1125 
f 1125/1/1125 1124/1/1124 2708/1/2708 
f 2710/1/2710 2873/1/2873 2871/1/2871 
f 2871/1/2871 2708/1/2708 2710/1/2710 
f 2872/1/2872 2871/1/2871 2873/1/2873 
f 2873/1/2873 2865/1/2865 2872/1/2872 
f 2865/1/2865 2873/1/2873 2874/1/2874 
f 2874/1/2874 2860/1/2860 2865/1/2865 
f 2715/1/2715 2874/1/2874 2873/1/2873 
f 2873/1/2873 2710/1/2710 2715/1/2715 
f 2716/1/2716 2875/1/2875 2874/1/2874 
f 2874/1/2874 2715/1/2715 2716/1/2716 
f 2860/1/2860 2874/1/2874 2875/1/2875 
f 2875/1/2875 2857/1/2857 2860/1/2860 
f 2865/1/2865 2864/1/2864 2876/1/2876 
f 2876/1/2876 2872/1/2872 2865/1/2865 
f 2877/1/2877 2876/1/2876 2864/1/2864 
f 2864/1/2864 2863/1/2863 2877/1/2877 
f 1762/1/1762 1759/1/1759 2876/1/2876 
f 2876/1/2876 2877/1/2877 1762/1/1762 
f 2872/1/2872 2876/1/2876 1759/1/1759 
f 1759/1/1759 1127/1/1127 2872/1/2872 
f 2805/1/2805 2802/1/2802 2878/1/2878 
f 2878/1/2878 2879/1/2879 2805/1/2805 
f 1161/1/1161 2878/1/2878 2802/1/2802 
f 2802/1/2802 1145/1/1145 1161/1/1161 
f 1156/1/1156 2880/1/2880 2878/1/2878 
f 2878/1/2878 1161/1/1161 1156/1/1156 
f 2879/1/2879 2878/1/2878 2880/1/2880 
f 2880/1/2880 2881/1/2881 2879/1/2879 
f 1115/1/1115 2882/1/2882 2723/1/2723 
f 2723/1/2723 1119/1/1119 1115/1/1115 
f 2869/1/2869 2882/1/2882 1115/1/1115 
f 1115/1/1115 1114/1/1114 2869/1/2869 
f 2857/1/2857 2875/1/2875 2882/1/2882 
f 2882/1/2882 2869/1/2869 2857/1/2857 
f 2723/1/2723 2882/1/2882 2875/1/2875 
f 2875/1/2875 2716/1/2716 2723/1/2723 
f 1137/1/1137 1136/1/1136 2883/1/2883 
f 2883/1/2883 2833/1/2833 1137/1/1137 
f 2884/1/2884 2883/1/2883 1136/1/1136 
f 1136/1/1136 1135/1/1135 2884/1/2884 
f 2885/1/2885 2886/1/2886 2883/1/2883 
f 2883/1/2883 2884/1/2884 2885/1/2885 
f 2833/1/2833 2883/1/2883 2886/1/2886 
f 2886/1/2886 2834/1/2834 2833/1/2833 
f 1155/1/1155 2887/1/2887 2880/1/2880 
f 2880/1/2880 1156/1/1156 1155/1/1155 
f 1141/1/1141 2518/1/2518 2887/1/2887 
f 2887/1/2887 1155/1/1155 1141/1/1141 
f 2517/1/2517 2888/1/2888 2887/1/2887 
f 2887/1/2887 2518/1/2518 2517/1/2517 
f 2888/1/2888 2881/1/2881 2880/1/2880 
f 2880/1/2880 2887/1/2887 2888/1/2888 
f 2881/1/2881 2888/1/2888 2889/1/2889 
f 2889/1/2889 2890/1/2890 2881/1/2881 
f 2842/1/2842 2889/1/2889 2888/1/2888 
f 2888/1/2888 2517/1/2517 2842/1/2842 
f 2834/1/2834 2886/1/2886 2889/1/2889 
f 2889/1/2889 2842/1/2842 2834/1/2834 
f 2890/1/2890 2889/1/2889 2886/1/2886 
f 2886/1/2886 2885/1/2885 2890/1/2890 
f 2806/1/2806 2818/1/2818 2891/1/2891 
f 2891/1/2891 2892/1/2892 2806/1/2806 
f 2879/1/2879 2891/1/2891 2818/1/2818 
f 2818/1/2818 2805/1/2805 2879/1/2879 
f 2881/1/2881 2890/1/2890 2891/1/2891 
f 2891/1/2891 2879/1/2879 2881/1/2881 
f 2891/1/2891 2890/1/2890 2885/1/2885 
f 2893/1/2893 1269/1/1269 1243/1/1243 
f 2894/1/2894 2893/1/2893 1246/1/1246 
f 1246/1/1246 1248/1/1248 2894/1/2894 
f 2895/1/2895 2893/1/2893 2894/1/2894 
f 2894/1/2894 2896/1/2896 2895/1/2895 
f 2895/1/2895 1270/1/1270 1269/1/1269 
f 2884/1/2884 2897/1/2897 2892/1/2892 
f 2892/1/2892 2885/1/2885 2884/1/2884 
f 1135/1/1135 2563/1/2563 2897/1/2897 
f 2897/1/2897 2884/1/2884 1135/1/1135 
f 2897/1/2897 2563/1/2563 2556/1/2556 
f 2892/1/2892 2897/1/2897 2807/1/2807 
f 2807/1/2807 2806/1/2806 2892/1/2892 
f 2704/1/2704 2703/1/2703 2898/1/2898 
f 2898/1/2898 2714/1/2714 2704/1/2704 
f 2899/1/2899 2898/1/2898 2703/1/2703 
f 2703/1/2703 2509/1/2509 2899/1/2899 
f 2900/1/2900 2901/1/2901 2898/1/2898 
f 2898/1/2898 2899/1/2899 2900/1/2900 
f 2714/1/2714 2898/1/2898 2901/1/2901 
f 2901/1/2901 2711/1/2711 2714/1/2714 
f 2896/1/2896 2902/1/2902 2903/1/2903 
f 2903/1/2903 2895/1/2895 2896/1/2896 
f 2902/1/2902 2849/1/2849 2848/1/2848 
f 2903/1/2903 2848/1/2848 1249/1/1249 
f 2895/1/2895 2903/1/2903 1283/1/1283 
f 1283/1/1283 1270/1/1270 2895/1/2895 
f 2900/1/2900 2904/1/2904 2905/1/2905 
f 2905/1/2905 2906/1/2906 2900/1/2900 
f 2851/1/2851 2905/1/2905 2904/1/2904 
f 2904/1/2904 2854/1/2854 2851/1/2851 
f 2905/1/2905 2851/1/2851 2849/1/2849 
f 2906/1/2906 2905/1/2905 2902/1/2902 
f 2902/1/2902 2896/1/2896 2906/1/2906 
f 2896/1/2896 2894/1/2894 2907/1/2907 
f 2907/1/2907 2906/1/2906 2896/1/2896 
f 2721/1/2721 2907/1/2907 2894/1/2894 
f 2894/1/2894 1248/1/1248 2721/1/2721 
f 2711/1/2711 2901/1/2901 2907/1/2907 
f 2907/1/2907 2721/1/2721 2711/1/2711 
f 2906/1/2906 2907/1/2907 2901/1/2901 
f 2901/1/2901 2900/1/2900 2906/1/2906 
f 2908/1/2908 2773/1/2773 2783/1/2783 
f 2783/1/2783 2909/1/2909 2908/1/2908 
f 2781/1/2781 2910/1/2910 2909/1/2909 
f 2909/1/2909 2783/1/2783 2781/1/2781 
f 2911/1/2911 2912/1/2912 2909/1/2909 
f 2909/1/2909 2910/1/2910 2911/1/2911 
f 2908/1/2908 2909/1/2909 2912/1/2912 
f 2912/1/2912 2913/1/2913 2908/1/2908 
f 2509/1/2509 2508/1/2508 2914/1/2914 
f 2914/1/2914 2899/1/2899 2509/1/2509 
f 2866/1/2866 2914/1/2914 2508/1/2508 
f 2508/1/2508 2511/1/2511 2866/1/2866 
f 2854/1/2854 2904/1/2904 2914/1/2914 
f 2914/1/2914 2866/1/2866 2854/1/2854 
f 2899/1/2899 2914/1/2914 2904/1/2904 
f 2904/1/2904 2900/1/2900 2899/1/2899 
f 1349/1/1349 2915/1/2915 2916/1/2916 
f 2916/1/2916 1347/1/1347 1349/1/1349 
f 1349/1/1349 1334/1/1334 2774/1/2774 
f 2774/1/2774 2915/1/2915 1349/1/1349 
f 2908/1/2908 2915/1/2915 2774/1/2774 
f 2774/1/2774 2773/1/2773 2908/1/2908 
f 2913/1/2913 2916/1/2916 2915/1/2915 
f 2915/1/2915 2908/1/2908 2913/1/2913 
f 2917/1/2917 1364/1/1364 1765/1/1765 
f 1765/1/1765 2918/1/2918 2917/1/2917 
f 2877/1/2877 2918/1/2918 1765/1/1765 
f 1765/1/1765 1762/1/1762 2877/1/2877 
f 2863/1/2863 2919/1/2919 2918/1/2918 
f 2918/1/2918 2877/1/2877 2863/1/2863 
f 2911/1/2911 2917/1/2917 2918/1/2918 
f 2918/1/2918 2919/1/2919 2911/1/2911 
f 2863/1/2863 2862/1/2862 2920/1/2920 
f 2920/1/2920 2919/1/2919 2863/1/2863 
f 2921/1/2921 2920/1/2920 2862/1/2862 
f 2862/1/2862 2861/1/2861 2921/1/2921 
f 2913/1/2913 2912/1/2912 2920/1/2920 
f 2920/1/2920 2921/1/2921 2913/1/2913 
f 2919/1/2919 2920/1/2920 2912/1/2912 
f 2912/1/2912 2911/1/2911 2919/1/2919 
f 2780/1/2780 2922/1/2922 2910/1/2910 
f 2910/1/2910 2781/1/2781 2780/1/2780 
f 1360/1/1360 2922/1/2922 2780/1/2780 
f 2780/1/2780 1350/1/1350 1360/1/1360 
f 1364/1/1364 2917/1/2917 2922/1/2922 
f 2922/1/2922 1360/1/1360 1364/1/1364 
f 2910/1/2910 2922/1/2922 2917/1/2917 
f 2917/1/2917 2911/1/2911 2910/1/2910 
f 2923/1/2923 2924/1/2924 2925/1/2925 
f 2925/1/2925 2926/1/2926 2923/1/2923 
f 1365/1/1365 2925/1/2925 2924/1/2924 
f 2924/1/2924 1366/1/1366 1365/1/1365 
f 1373/1/1373 1387/1/1387 2925/1/2925 
f 2925/1/2925 1365/1/1365 1373/1/1373 
f 2926/1/2926 2925/1/2925 1387/1/1387 
f 1387/1/1387 1386/1/1386 2926/1/2926 
f 1386/1/1386 1394/1/1394 2927/1/2927 
f 2927/1/2927 2926/1/2926 1386/1/1386 
f 2800/1/2800 2927/1/2927 1394/1/1394 
f 1394/1/1394 1383/1/1383 2800/1/2800 
f 2801/1/2801 2928/1/2928 2927/1/2927 
f 2927/1/2927 2800/1/2800 2801/1/2801 
f 2926/1/2926 2927/1/2927 2928/1/2928 
f 2928/1/2928 2923/1/2923 2926/1/2926 
f 2861/1/2861 2870/1/2870 2929/1/2929 
f 2929/1/2929 2921/1/2921 2861/1/2861 
f 1345/1/1345 2929/1/2929 2870/1/2870 
f 2870/1/2870 1343/1/1343 1345/1/1345 
f 1347/1/1347 2916/1/2916 2929/1/2929 
f 2929/1/2929 1345/1/1345 1347/1/1347 
f 2921/1/2921 2929/1/2929 2916/1/2916 
f 2916/1/2916 2913/1/2913 2921/1/2921 
f 2572/1/2572 2575/1/2575 2930/1/2930 
f 2930/1/2930 2824/1/2824 2572/1/2572 
f 2931/1/2931 2930/1/2930 2575/1/2575 
f 2575/1/2575 2555/1/2555 2931/1/2931 
f 2932/1/2932 2933/1/2933 2930/1/2930 
f 2930/1/2930 2931/1/2931 2932/1/2932 
f 2824/1/2824 2930/1/2930 2933/1/2933 
f 2933/1/2933 2816/1/2816 2824/1/2824 
f 2932/1/2932 2934/1/2934 2935/1/2935 
f 2935/1/2935 2936/1/2936 2932/1/2932 
f 2937/1/2937 2935/1/2935 2934/1/2934 
f 2934/1/2934 2938/1/2938 2937/1/2937 
f 1366/1/1366 2924/1/2924 2935/1/2935 
f 2935/1/2935 2937/1/2937 1366/1/1366 
f 2936/1/2936 2935/1/2935 2924/1/2924 
f 2924/1/2924 2923/1/2923 2936/1/2936 
f 2923/1/2923 2928/1/2928 2939/1/2939 
f 2939/1/2939 2936/1/2936 2923/1/2923 
f 2815/1/2815 2939/1/2939 2928/1/2928 
f 2928/1/2928 2801/1/2801 2815/1/2815 
f 2816/1/2816 2933/1/2933 2939/1/2939 
f 2939/1/2939 2815/1/2815 2816/1/2816 
f 2936/1/2936 2939/1/2939 2933/1/2933 
f 2933/1/2933 2932/1/2932 2936/1/2936 
f 2940/1/2940 2941/1/2941 2942/1/2942 
f 2942/1/2942 2943/1/2943 2940/1/2940 
f 2944/1/2944 2942/1/2942 2941/1/2941 
f 2941/1/2941 2945/1/2945 2944/1/2944 
f 2946/1/2946 2947/1/2947 2942/1/2942 
f 2942/1/2942 2944/1/2944 2946/1/2946 
f 2943/1/2943 2942/1/2942 2947/1/2947 
f 2947/1/2947 2948/1/2948 2943/1/2943 
f 2555/1/2555 2551/1/2551 2949/1/2949 
f 2949/1/2949 2931/1/2931 2555/1/2555 
f 2950/1/2950 2949/1/2949 2551/1/2551 
f 2551/1/2551 2550/1/2550 2950/1/2950 
f 2938/1/2938 2934/1/2934 2949/1/2949 
f 2949/1/2949 2950/1/2950 2938/1/2938 
f 2931/1/2931 2949/1/2949 2934/1/2934 
f 2934/1/2934 2932/1/2932 2931/1/2931 
f 2945/1/2945 2951/1/2951 2952/1/2952 
f 2952/1/2952 2944/1/2944 2945/1/2945 
f 2571/1/2571 2952/1/2952 2951/1/2951 
f 2951/1/2951 2569/1/2569 2571/1/2571 
f 1451/1/1451 2953/1/2953 2952/1/2952 
f 2952/1/2952 2571/1/2571 1451/1/1451 
f 2944/1/2944 2952/1/2952 2953/1/2953 
f 2953/1/2953 2946/1/2946 2944/1/2944 
f 2791/1/2791 2790/1/2790 2954/1/2954 
f 2954/1/2954 2955/1/2955 2791/1/2791 
f 1456/1/1456 2954/1/2954 2790/1/2790 
f 2790/1/2790 1453/1/1453 1456/1/1456 
f 1461/1/1461 2956/1/2956 2954/1/2954 
f 2954/1/2954 1456/1/1456 1461/1/1461 
f 2955/1/2955 2954/1/2954 2956/1/2956 
f 2956/1/2956 2948/1/2948 2955/1/2955 
f 2329/1/2329 2957/1/2957 2958/1/2958 
f 2958/1/2958 2328/1/2328 2329/1/2329 
f 2943/1/2943 2958/1/2958 2957/1/2957 
f 2957/1/2957 2940/1/2940 2943/1/2943 
f 2948/1/2948 2956/1/2956 2958/1/2958 
f 2958/1/2958 2943/1/2943 2948/1/2948 
f 2328/1/2328 2958/1/2958 2956/1/2956 
f 2956/1/2956 1461/1/1461 2328/1/2328 
f 1473/1/1473 1469/1/1469 2959/1/2959 
f 2959/1/2959 2960/1/2960 1473/1/1473 
f 1469/1/1469 1468/1/1468 1491/1/1491 
f 1490/1/1490 2961/1/2961 2959/1/2959 
f 2959/1/2959 1491/1/1491 1490/1/1490 
f 2960/1/2960 2959/1/2959 2961/1/2961 
f 2961/1/2961 2962/1/2962 2960/1/2960 
f 2963/1/2963 2964/1/2964 2965/1/2965 
f 2965/1/2965 2966/1/2966 2963/1/2963 
f 2417/1/2417 2965/1/2965 2964/1/2964 
f 2964/1/2964 2414/1/2414 2417/1/2417 
f 2419/1/2419 2967/1/2967 2965/1/2965 
f 2965/1/2965 2417/1/2417 2419/1/2419 
f 2966/1/2966 2965/1/2965 2967/1/2967 
f 2967/1/2967 2968/1/2968 2966/1/2966 
f 2969/1/2969 2770/1/2770 2787/1/2787 
f 2787/1/2787 2970/1/2970 2969/1/2969 
f 2787/1/2787 1473/1/1473 2960/1/2960 
f 2962/1/2962 2971/1/2971 2970/1/2970 
f 2970/1/2970 2960/1/2960 2962/1/2962 
f 2969/1/2969 2970/1/2970 2971/1/2971 
f 2971/1/2971 2968/1/2968 2969/1/2969 
f 2435/1/2435 2972/1/2972 2973/1/2973 
f 2973/1/2973 2438/1/2438 2435/1/2435 
f 2974/1/2974 2973/1/2973 2972/1/2972 
f 2972/1/2972 2975/1/2975 2974/1/2974 
f 2962/1/2962 2961/1/2961 2973/1/2973 
f 2973/1/2973 2974/1/2974 2962/1/2962 
f 2438/1/2438 2973/1/2973 2961/1/2961 
f 2961/1/2961 1490/1/1490 2438/1/2438 
f 2975/1/2975 2976/1/2976 2977/1/2977 
f 2977/1/2977 2974/1/2974 2975/1/2975 
f 2966/1/2966 2977/1/2977 2976/1/2976 
f 2976/1/2976 2963/1/2963 2966/1/2966 
f 2968/1/2968 2971/1/2971 2977/1/2977 
f 2977/1/2977 2966/1/2966 2968/1/2968 
f 2974/1/2974 2977/1/2977 2971/1/2971 
f 2971/1/2971 2962/1/2962 2974/1/2974 
f 2419/1/2419 2529/1/2529 2978/1/2978 
f 2978/1/2978 2967/1/2967 2419/1/2419 
f 2529/1/2529 2528/1/2528 2769/1/2769 
f 2978/1/2978 2769/1/2769 2770/1/2770 
f 2968/1/2968 2967/1/2967 2978/1/2978 
f 2978/1/2978 2969/1/2969 2968/1/2968 
f 2979/1/2979 2980/1/2980 2981/1/2981 
f 2981/1/2981 2982/1/2982 2979/1/2979 
f 2401/1/2401 2981/1/2981 2980/1/2980 
f 2980/1/2980 1684/1/1684 2401/1/2401 
f 2403/1/2403 2983/1/2983 2981/1/2981 
f 2981/1/2981 2401/1/2401 2403/1/2403 
f 2982/1/2982 2981/1/2981 2983/1/2983 
f 2983/1/2983 2984/1/2984 2982/1/2982 
f 2985/1/2985 2986/1/2986 2987/1/2987 
f 2987/1/2987 2988/1/2988 2985/1/2985 
f 2982/1/2982 2987/1/2987 2986/1/2986 
f 2986/1/2986 2979/1/2979 2982/1/2982 
f 2987/1/2987 2982/1/2982 2984/1/2984 
f 2988/1/2988 2987/1/2987 2989/1/2989 
f 2989/1/2989 2990/1/2990 2988/1/2988 
f 2984/1/2984 2983/1/2983 2991/1/2991 
f 2991/1/2991 2992/1/2992 2984/1/2984 
f 2413/1/2413 2991/1/2991 2983/1/2983 
f 2983/1/2983 2403/1/2403 2413/1/2413 
f 2410/1/2410 2423/1/2423 2991/1/2991 
f 2991/1/2991 2413/1/2413 2410/1/2410 
f 2992/1/2992 2991/1/2991 2423/1/2423 
f 2423/1/2423 2422/1/2422 2992/1/2992 
f 2993/1/2993 2994/1/2994 2995/1/2995 
f 2995/1/2995 2996/1/2996 2993/1/2993 
f 2997/1/2997 2995/1/2995 2994/1/2994 
f 2994/1/2994 2998/1/2998 2997/1/2997 
f 2995/1/2995 2997/1/2997 1555/1/1555 
f 2313/1/2313 2996/1/2996 2995/1/2995 
f 2995/1/2995 2310/1/2310 2313/1/2313 
f 2990/1/2990 2999/1/2999 3000/1/3000 
f 3000/1/3000 2988/1/2988 2990/1/2990 
f 2999/1/2999 2427/1/2427 2426/1/2426 
f 1656/1/1656 3001/1/3001 3000/1/3000 
f 3000/1/3000 2426/1/2426 1656/1/1656 
f 2988/1/2988 3000/1/3000 3001/1/3001 
f 3001/1/3001 2985/1/2985 2988/1/2988 
f 3002/1/3002 3003/1/3003 3004/1/3004 
f 3004/1/3004 3005/1/3005 3002/1/3002 
f 3006/1/3006 3004/1/3004 3003/1/3003 
f 3003/1/3003 3007/1/3007 3006/1/3006 
f 2998/1/2998 2994/1/2994 3004/1/3004 
f 3004/1/3004 3006/1/3006 2998/1/2998 
f 3005/1/3005 3004/1/3004 2994/1/2994 
f 2994/1/2994 2993/1/2993 3005/1/3005 
f 2996/1/2996 3008/1/3008 3009/1/3009 
f 3009/1/3009 2993/1/2993 2996/1/2996 
f 2322/1/2322 3008/1/3008 2996/1/2996 
f 2996/1/2996 2313/1/2313 2322/1/2322 
f 2565/1/2565 3008/1/3008 2322/1/2322 
f 2322/1/2322 2320/1/2320 2565/1/2565 
f 3009/1/3009 3008/1/3008 2565/1/2565 
f 2565/1/2565 2564/1/2564 3009/1/3009 
f 3010/1/3010 3011/1/3011 3012/1/3012 
f 3012/1/3012 3013/1/3013 3010/1/3010 
f 1652/1/1652 3012/1/3012 3011/1/3011 
f 3011/1/3011 1653/1/1653 1652/1/1652 
f 1560/1/1560 3012/1/3012 1652/1/1652 
f 1652/1/1652 1561/1/1561 1560/1/1560 
f 3013/1/3013 3012/1/3012 1560/1/1560 
f 1560/1/1560 1557/1/1557 3013/1/3013 
f 1557/1/1557 1556/1/1556 3014/1/3014 
f 3014/1/3014 3013/1/3013 1557/1/1557 
f 1556/1/1556 1555/1/1555 2997/1/2997 
f 3014/1/3014 2997/1/2997 2998/1/2998 
f 3015/1/3015 3010/1/3010 3013/1/3013 
f 3016/1/3016 3017/1/3017 3003/1/3003 
f 3003/1/3003 3002/1/3002 3016/1/3016 
f 2549/1/2549 2546/1/2546 3017/1/3017 
f 3017/1/3017 3016/1/3016 2549/1/2549 
f 2546/1/2546 2545/1/2545 3018/1/3018 
f 3007/1/3007 3003/1/3003 3017/1/3017 
f 3017/1/3017 3018/1/3018 3007/1/3007 
f 3019/1/3019 3020/1/3020 3021/1/3021 
f 3021/1/3021 3022/1/3022 3019/1/3019 
f 3023/1/3023 3021/1/3021 3020/1/3020 
f 3020/1/3020 2535/1/2535 3023/1/3023 
f 3024/1/3024 3025/1/3025 3021/1/3021 
f 3021/1/3021 3023/1/3023 3024/1/3024 
f 3022/1/3022 3021/1/3021 3025/1/3025 
f 3025/1/3025 3026/1/3026 3022/1/3022 
f 3026/1/3026 3027/1/3027 3028/1/3028 
f 3028/1/3028 3022/1/3022 3026/1/3026 
f 1663/1/1663 3028/1/3028 3027/1/3027 
f 3027/1/3027 1661/1/1661 1663/1/1663 
f 1655/1/1655 3029/1/3029 3028/1/3028 
f 3028/1/3028 1663/1/1663 1655/1/1655 
f 3022/1/3022 3028/1/3028 3029/1/3029 
f 3029/1/3029 3019/1/3019 3022/1/3022 
f 1684/1/1684 2980/1/2980 3030/1/3030 
f 3030/1/3030 1683/1/1683 1684/1/1684 
f 2980/1/2980 2979/1/2979 3031/1/3031 
f 3024/1/3024 3032/1/3032 3030/1/3030 
f 3030/1/3030 3031/1/3031 3024/1/3024 
f 1683/1/1683 3030/1/3030 3032/1/3032 
f 3032/1/3032 1676/1/1676 1683/1/1683 
f 2979/1/2979 2986/1/2986 3033/1/3033 
f 3033/1/3033 3031/1/3031 2979/1/2979 
f 3034/1/3034 3033/1/3033 2986/1/2986 
f 2986/1/2986 2985/1/2985 3034/1/3034 
f 3026/1/3026 3025/1/3025 3033/1/3033 
f 3033/1/3033 3034/1/3034 3026/1/3026 
f 3031/1/3031 3033/1/3033 3025/1/3025 
f 3025/1/3025 3024/1/3024 3031/1/3031 
f 3032/1/3032 3024/1/3024 3023/1/3023 
f 3023/1/3023 3035/1/3035 3032/1/3032 
f 2535/1/2535 2532/1/2532 3035/1/3035 
f 3035/1/3035 3023/1/3023 2535/1/2535 
f 1669/1/1669 1673/1/1673 3035/1/3035 
f 3035/1/3035 2532/1/2532 1669/1/1669 
f 3032/1/3032 3035/1/3035 1673/1/1673 
f 1673/1/1673 1676/1/1676 3032/1/3032 
f 3036/1/3036 3037/1/3037 3038/1/3038 
f 3038/1/3038 3039/1/3039 3036/1/3036 
f 3016/1/3016 3037/1/3037 3036/1/3036 
f 3036/1/3036 2549/1/2549 3016/1/3016 
f 3002/1/3002 3040/1/3040 3037/1/3037 
f 3037/1/3037 3016/1/3016 3002/1/3002 
f 3041/1/3041 3038/1/3038 3037/1/3037 
f 3037/1/3037 3040/1/3040 3041/1/3041 
f 2985/1/2985 3001/1/3001 3042/1/3042 
f 3042/1/3042 3034/1/3034 2985/1/2985 
f 1659/1/1659 3042/1/3042 3001/1/3001 
f 3001/1/3001 1656/1/1656 1659/1/1659 
f 1661/1/1661 3027/1/3027 3042/1/3042 
f 3042/1/3042 1659/1/1659 1661/1/1661 
f 3034/1/3034 3042/1/3042 3027/1/3027 
f 3027/1/3027 3026/1/3026 3034/1/3034 
f 3005/1/3005 3043/1/3043 3040/1/3040 
f 3040/1/3040 3002/1/3002 3005/1/3005 
f 2993/1/2993 3009/1/3009 3043/1/3043 
f 3043/1/3043 3005/1/3005 2993/1/2993 
f 2564/1/2564 3044/1/3044 3043/1/3043 
f 3043/1/3043 3009/1/3009 2564/1/2564 
f 3040/1/3040 3043/1/3043 3044/1/3044 
f 3044/1/3044 3041/1/3041 3040/1/3040 
f 2940/1/2940 2957/1/2957 3045/1/3045 
f 3045/1/3045 3046/1/3046 2940/1/2940 
f 2337/1/2337 3045/1/3045 2957/1/2957 
f 2957/1/2957 2329/1/2329 2337/1/2337 
f 2341/1/2341 3047/1/3047 3045/1/3045 
f 3045/1/3045 2337/1/2337 2341/1/2341 
f 3046/1/3046 3045/1/3045 3047/1/3047 
f 3047/1/3047 3039/1/3039 3046/1/3046 
f 2945/1/2945 2941/1/2941 3048/1/3048 
f 3048/1/3048 3049/1/3049 2945/1/2945 
f 3046/1/3046 3048/1/3048 2941/1/2941 
f 2941/1/2941 2940/1/2940 3046/1/3046 
f 3039/1/3039 3038/1/3038 3048/1/3048 
f 3048/1/3048 3046/1/3046 3039/1/3039 
f 3049/1/3049 3048/1/3048 3038/1/3038 
f 3038/1/3038 3041/1/3041 3049/1/3049 
f 2335/1/2335 2548/1/2548 3050/1/3050 
f 3050/1/3050 2344/1/2344 2335/1/2335 
f 2548/1/2548 2549/1/2549 3036/1/3036 
f 3036/1/3036 3050/1/3050 2548/1/2548 
f 3039/1/3039 3047/1/3047 3050/1/3050 
f 3050/1/3050 3036/1/3036 3039/1/3039 
f 2344/1/2344 3050/1/3050 3047/1/3047 
f 3047/1/3047 2341/1/2341 2344/1/2344 
f 2427/1/2427 2999/1/2999 3051/1/3051 
f 3051/1/3051 3052/1/3052 2427/1/2427 
f 3053/1/3053 3051/1/3051 2999/1/2999 
f 2999/1/2999 2990/1/2990 3053/1/3053 
f 3054/1/3054 3055/1/3055 3051/1/3051 
f 3051/1/3051 3053/1/3053 3054/1/3054 
f 3052/1/3052 3051/1/3051 3055/1/3055 
f 3055/1/3055 3056/1/3056 3052/1/3052 
f 3041/1/3041 3044/1/3044 3057/1/3057 
f 3057/1/3057 3049/1/3049 3041/1/3041 
f 2567/1/2567 3057/1/3057 3044/1/3044 
f 3044/1/3044 2564/1/2564 2567/1/2567 
f 2569/1/2569 2951/1/2951 3057/1/3057 
f 3057/1/3057 2567/1/2567 2569/1/2569 
f 3049/1/3049 3057/1/3057 2951/1/2951 
f 2951/1/2951 2945/1/2945 3049/1/3049 
f 2990/1/2990 2989/1/2989 3058/1/3058 
f 3058/1/3058 3053/1/3053 2990/1/2990 
f 2992/1/2992 3058/1/3058 2989/1/2989 
f 2989/1/2989 2984/1/2984 2992/1/2992 
f 2422/1/2422 3059/1/3059 3058/1/3058 
f 3058/1/3058 2992/1/2992 2422/1/2422 
f 3053/1/3053 3058/1/3058 3059/1/3059 
f 3059/1/3059 3054/1/3054 3053/1/3053 
f 2975/1/2975 2972/1/2972 3060/1/3060 
f 3060/1/3060 3061/1/3061 2975/1/2975 
f 2433/1/2433 3060/1/3060 2972/1/2972 
f 2972/1/2972 2435/1/2435 2433/1/2433 
f 2434/1/2434 3062/1/3062 3060/1/3060 
f 3060/1/3060 2433/1/2433 2434/1/2434 
f 3061/1/3061 3060/1/3060 3062/1/3062 
f 3062/1/3062 3056/1/3056 3061/1/3061 
f 2963/1/2963 2976/1/2976 3063/1/3063 
f 3063/1/3063 3064/1/3064 2963/1/2963 
f 3061/1/3061 3063/1/3063 2976/1/2976 
f 2976/1/2976 2975/1/2975 3061/1/3061 
f 3056/1/3056 3055/1/3055 3063/1/3063 
f 3063/1/3063 3061/1/3061 3056/1/3056 
f 3064/1/3064 3063/1/3063 3055/1/3055 
f 3055/1/3055 3054/1/3054 3064/1/3064 
f 2434/1/2434 2430/1/2430 3065/1/3065 
f 3065/1/3065 3062/1/3062 2434/1/2434 
f 2428/1/2428 3065/1/3065 2430/1/2430 
f 2430/1/2430 2429/1/2429 2428/1/2428 
f 3052/1/3052 3065/1/3065 2428/1/2428 
f 2428/1/2428 2427/1/2427 3052/1/3052 
f 3056/1/3056 3062/1/3062 3065/1/3065 
f 3065/1/3065 3052/1/3052 3056/1/3056 
f 3054/1/3054 3059/1/3059 3066/1/3066 
f 3066/1/3066 3064/1/3064 3054/1/3054 
f 2421/1/2421 3066/1/3066 3059/1/3059 
f 3059/1/3059 2422/1/2422 2421/1/2421 
f 2414/1/2414 2964/1/2964 3066/1/3066 
f 3066/1/3066 2421/1/2421 2414/1/2414 
f 3064/1/3064 3066/1/3066 2964/1/2964 
f 2964/1/2964 2963/1/2963 3064/1/3064 
f 3067/1/3067 3068/1/3068 3069/1/3069 
f 3070/1/3070 2454/1/2454 2453/1/2453 
f 3067/1/3067 2453/1/2453 2452/1/2452 
f 3071/1/3071 3072/1/3072 3068/1/3068 
f 3073/1/3073 3074/1/3074 3075/1/3075 
f 3068/1/3068 3073/1/3073 3076/1/3076 
f 3076/1/3076 3069/1/3069 3068/1/3068 
f 3072/1/3072 3077/1/3077 3073/1/3073 
f 3073/1/3073 3068/1/3068 3072/1/3072 
f 3077/1/3077 3078/1/3078 3074/1/3074 
f 3079/1/3079 3080/1/3080 2443/1/2443 
f 3079/1/3079 2442/1/2442 2448/1/2448 
f 3081/1/3081 3075/1/3075 3074/1/3074 
f 3079/1/3079 3074/1/3074 3078/1/3078 
f 3082/1/3082 3083/1/3083 3084/1/3084 
f 3084/1/3084 3085/1/3085 3082/1/3082 
f 182/1/182 3084/1/3084 3083/1/3083 
f 3083/1/3083 174/1/174 182/1/182 
f 183/1/183 3086/1/3086 3084/1/3084 
f 3084/1/3084 182/1/182 183/1/183 
f 3085/1/3085 3084/1/3084 3086/1/3086 
f 3086/1/3086 3087/1/3087 3085/1/3085 
f 3087/1/3087 3088/1/3088 3089/1/3089 
f 3089/1/3089 3085/1/3085 3087/1/3087 
f 3088/1/3088 2525/1/2525 2720/1/2720 
f 2720/1/2720 3089/1/3089 3088/1/3088 
f 3090/1/3090 3089/1/3089 2720/1/2720 
f 2720/1/2720 2719/1/2719 3090/1/3090 
f 3085/1/3085 3089/1/3089 3090/1/3090 
f 3090/1/3090 3082/1/3082 3085/1/3085 
f 2644/1/2644 2643/1/2643 3091/1/3091 
f 3091/1/3091 3092/1/3092 2644/1/2644 
f 173/1/173 3091/1/3091 2643/1/2643 
f 2643/1/2643 175/1/175 173/1/173 
f 174/1/174 3083/1/3083 3091/1/3091 
f 3091/1/3091 173/1/173 174/1/174 
f 3092/1/3092 3091/1/3091 3083/1/3083 
f 3083/1/3083 3082/1/3082 3092/1/3092 
f 3090/1/3090 2719/1/2719 2731/1/2731 
f 2731/1/2731 3093/1/3093 3090/1/3090 
f 2502/1/2502 2652/1/2652 3093/1/3093 
f 3093/1/3093 2731/1/2731 2502/1/2502 
f 2652/1/2652 2644/1/2644 3092/1/3092 
f 3082/1/3082 3090/1/3090 3093/1/3093 
f 3093/1/3093 3092/1/3092 3082/1/3082 
f 2525/1/2525 3088/1/3088 3094/1/3094 
f 3094/1/3094 2526/1/2526 2525/1/2525 
f 3095/1/3095 3094/1/3094 3088/1/3088 
f 3088/1/3088 3087/1/3087 3095/1/3095 
f 3096/1/3096 3097/1/3097 3094/1/3094 
f 3094/1/3094 3095/1/3095 3096/1/3096 
f 3097/1/3097 2527/1/2527 2526/1/2526 
f 3098/1/3098 3099/1/3099 3100/1/3100 
f 3100/1/3100 3101/1/3101 3098/1/3098 
f 2700/1/2700 3100/1/3100 3099/1/3099 
f 3099/1/3099 2697/1/2697 2700/1/2700 
f 2695/1/2695 2764/1/2764 3100/1/3100 
f 3100/1/3100 2700/1/2700 2695/1/2695 
f 3101/1/3101 3100/1/3100 2764/1/2764 
f 2764/1/2764 2761/1/2761 3101/1/3101 
f 333/1/333 3102/1/3102 3103/1/3103 
f 3103/1/3103 185/1/185 333/1/333 
f 337/1/337 3104/1/3104 3102/1/3102 
f 3102/1/3102 333/1/333 337/1/337 
f 3098/1/3098 3105/1/3105 3102/1/3102 
f 3102/1/3102 3104/1/3104 3098/1/3098 
f 3103/1/3103 3102/1/3102 3105/1/3105 
f 3105/1/3105 3096/1/3096 3103/1/3103 
f 3087/1/3087 3086/1/3086 3106/1/3106 
f 3106/1/3106 3095/1/3095 3087/1/3087 
f 186/1/186 3106/1/3106 3086/1/3086 
f 3086/1/3086 183/1/183 186/1/186 
f 185/1/185 3103/1/3103 3106/1/3106 
f 3106/1/3106 186/1/186 185/1/185 
f 3095/1/3095 3106/1/3106 3103/1/3103 
f 3103/1/3103 3096/1/3096 3095/1/3095 
f 2761/1/2761 2760/1/2760 3107/1/3107 
f 3107/1/3107 3101/1/3101 2761/1/2761 
f 3097/1/3097 3107/1/3107 2760/1/2760 
f 2760/1/2760 2527/1/2527 3097/1/3097 
f 3107/1/3107 3097/1/3097 3096/1/3096 
f 3101/1/3101 3107/1/3107 3105/1/3105 
f 3105/1/3105 3098/1/3098 3101/1/3101 
f 340/1/340 3108/1/3108 3104/1/3104 
f 3104/1/3104 337/1/337 340/1/340 
f 340/1/340 243/1/243 2706/1/2706 
f 2706/1/2706 3108/1/3108 340/1/340 
f 2697/1/2697 3099/1/3099 3108/1/3108 
f 3108/1/3108 2706/1/2706 2697/1/2697 
f 3104/1/3104 3108/1/3108 3099/1/3099 
f 3099/1/3099 3098/1/3098 3104/1/3104 
f 2948/1/2948 2947/1/2947 3109/1/3109 
f 3109/1/3109 2955/1/2955 2948/1/2948 
f 3110/1/3110 3109/1/3109 2947/1/2947 
f 2947/1/2947 2946/1/2946 3110/1/3110 
f 3111/1/3111 3109/1/3109 3110/1/3110 
f 3110/1/3110 3112/1/3112 3111/1/3111 
f 2791/1/2791 2955/1/2955 3109/1/3109 
f 3109/1/3109 3111/1/3111 2791/1/2791 
f 2938/1/2938 2950/1/2950 3113/1/3113 
f 3113/1/3113 3114/1/3114 2938/1/2938 
f 2550/1/2550 2795/1/2795 3113/1/3113 
f 3113/1/3113 2950/1/2950 2550/1/2550 
f 3115/1/3115 3113/1/3113 2795/1/2795 
f 2795/1/2795 2793/1/2793 3115/1/3115 
f 3116/1/3116 3114/1/3114 3113/1/3113 
f 3113/1/3113 3115/1/3115 3116/1/3116 
f 1446/1/1446 3117/1/3117 3118/1/3118 
f 3118/1/3118 1447/1/1447 1446/1/1446 
f 3119/1/3119 3117/1/3117 1446/1/1446 
f 1446/1/1446 1369/1/1369 3119/1/3119 
f 3116/1/3116 3120/1/3120 3117/1/3117 
f 3117/1/3117 3119/1/3119 3116/1/3116 
f 3118/1/3118 3117/1/3117 3120/1/3120 
f 3120/1/3120 3112/1/3112 3118/1/3118 
f 2946/1/2946 2953/1/2953 3121/1/3121 
f 3121/1/3121 3110/1/3110 2946/1/2946 
f 2953/1/2953 1451/1/1451 1450/1/1450 
f 3121/1/3121 1450/1/1450 1447/1/1447 
f 3112/1/3112 3110/1/3110 3121/1/3121 
f 3121/1/3121 3118/1/3118 3112/1/3112 
f 2793/1/2793 2792/1/2792 3122/1/3122 
f 3122/1/3122 3115/1/3115 2793/1/2793 
f 3111/1/3111 3122/1/3122 2792/1/2792 
f 2792/1/2792 2791/1/2791 3111/1/3111 
f 3112/1/3112 3120/1/3120 3122/1/3122 
f 3122/1/3122 3111/1/3111 3112/1/3112 
f 3115/1/3115 3122/1/3122 3120/1/3120 
f 3120/1/3120 3116/1/3116 3115/1/3115 
f 3116/1/3116 3119/1/3119 3123/1/3123 
f 3123/1/3123 3114/1/3114 3116/1/3116 
f 3119/1/3119 1369/1/1369 1367/1/1367 
f 1367/1/1367 3123/1/3123 3119/1/3119 
f 3123/1/3123 1367/1/1367 1366/1/1366 
f 3114/1/3114 3123/1/3123 2937/1/2937 
f 2937/1/2937 2938/1/2938 3114/1/3114 
f 2535/1/2535 3020/1/3020 3124/1/3124 
f 3124/1/3124 2534/1/2534 2535/1/2535 
f 3125/1/3125 3124/1/3124 3020/1/3020 
f 3020/1/3020 3019/1/3019 3125/1/3125 
f 3126/1/3126 3127/1/3127 3124/1/3124 
f 3124/1/3124 3125/1/3125 3126/1/3126 
f 2534/1/2534 3124/1/3124 3127/1/3127 
f 3127/1/3127 2536/1/2536 2534/1/2534 
f 3019/1/3019 3029/1/3029 3128/1/3128 
f 3128/1/3128 3125/1/3125 3019/1/3019 
f 1654/1/1654 3128/1/3128 3029/1/3029 
f 3029/1/3029 1655/1/1655 1654/1/1654 
f 3129/1/3129 3128/1/3128 1654/1/1654 
f 1654/1/1654 1653/1/1653 3129/1/3129 
f 3125/1/3125 3128/1/3128 3129/1/3129 
f 3129/1/3129 3126/1/3126 3125/1/3125 
f 1653/1/1653 3011/1/3011 3130/1/3130 
f 3130/1/3130 3129/1/3129 1653/1/1653 
f 3131/1/3131 3130/1/3130 3011/1/3011 
f 3011/1/3011 3010/1/3010 3131/1/3131 
f 3132/1/3132 3133/1/3133 3130/1/3130 
f 3130/1/3130 3131/1/3131 3132/1/3132 
f 3129/1/3129 3130/1/3130 3133/1/3133 
f 3133/1/3133 3126/1/3126 3129/1/3129 
f 2541/1/2541 2538/1/2538 3134/1/3134 
f 3134/1/3134 3135/1/3135 2541/1/2541 
f 3127/1/3127 3134/1/3134 2538/1/2538 
f 2538/1/2538 2536/1/2536 3127/1/3127 
f 3126/1/3126 3133/1/3133 3134/1/3134 
f 3134/1/3134 3127/1/3127 3126/1/3126 
f 3135/1/3135 3134/1/3134 3133/1/3133 
f 3133/1/3133 3132/1/3132 3135/1/3135 
f 2545/1/2545 2544/1/2544 3136/1/3136 
f 3136/1/3136 3018/1/3018 2545/1/2545 
f 3135/1/3135 3136/1/3136 2544/1/2544 
f 2544/1/2544 2541/1/2541 3135/1/3135 
f 3132/1/3132 3137/1/3137 3136/1/3136 
f 3136/1/3136 3135/1/3135 3132/1/3132 
f 3018/1/3018 3136/1/3136 3137/1/3137 
f 3137/1/3137 3007/1/3007 3018/1/3018 
f 3010/1/3010 3015/1/3015 3138/1/3138 
f 3138/1/3138 3131/1/3131 3010/1/3010 
f 3006/1/3006 3138/1/3138 3015/1/3015 
f 3015/1/3015 2998/1/2998 3006/1/3006 
f 3007/1/3007 3137/1/3137 3138/1/3138 
f 3138/1/3138 3006/1/3006 3007/1/3007 
f 3131/1/3131 3138/1/3138 3137/1/3137 
f 3137/1/3137 3132/1/3132 3131/1/3131 
f 2374/1/2374 2380/1/2380 3139/1/3139 
f 3139/1/3139 3140/1/3140 2374/1/2374 
f 2399/1/2399 3139/1/3139 2380/1/2380 
f 2380/1/2380 2379/1/2379 2399/1/2399 
f 2388/1/2388 3141/1/3141 3139/1/3139 
f 3139/1/3139 2399/1/2399 2388/1/2388 
f 3141/1/3141 3142/1/3142 3140/1/3140 
f 3143/1/3143 3144/1/3144 3145/1/3145 
f 3145/1/3145 3146/1/3146 3143/1/3143 
f 3142/1/3142 3141/1/3141 3145/1/3145 
f 3145/1/3145 3144/1/3144 3142/1/3142 
f 2387/1/2387 3145/1/3145 3141/1/3141 
f 3141/1/3141 2388/1/2388 2387/1/2387 
f 3146/1/3146 3145/1/3145 2387/1/2387 
f 2387/1/2387 2184/1/2184 3146/1/3146 
f 3147/1/3147 3148/1/3148 3149/1/3149 
f 3149/1/3149 3150/1/3150 3147/1/3147 
f 3146/1/3146 3149/1/3149 3148/1/3148 
f 3148/1/3148 3143/1/3143 3146/1/3146 
f 2184/1/2184 2183/1/2183 3149/1/3149 
f 3149/1/3149 3146/1/3146 2184/1/2184 
f 3150/1/3150 3149/1/3149 2183/1/2183 
f 2183/1/2183 2182/1/2182 3150/1/3150 
f 3151/1/3151 3147/1/3147 3150/1/3150 
f 3150/1/3150 3152/1/3152 3151/1/3151 
f 3150/1/3150 2182/1/2182 2185/1/2185 
f 2185/1/2185 3152/1/3152 3150/1/3150 
f 2188/1/2188 3153/1/3153 3152/1/3152 
f 3152/1/3152 2185/1/2185 2188/1/2188 
f 3151/1/3151 3152/1/3152 3153/1/3153 
f 3153/1/3153 3154/1/3154 3151/1/3151 
f 3154/1/3154 3153/1/3153 3155/1/3155 
f 3155/1/3155 3156/1/3156 3154/1/3154 
f 2190/1/2190 3155/1/3155 3153/1/3153 
f 3153/1/3153 2188/1/2188 2190/1/2190 
f 2192/1/2192 3157/1/3157 3155/1/3155 
f 3155/1/3155 2190/1/2190 2192/1/2192 
f 3156/1/3156 3155/1/3155 3157/1/3157 
f 3157/1/3157 3158/1/3158 3156/1/3156 
f 3159/1/3159 3160/1/3160 3161/1/3161 
f 3161/1/3161 3162/1/3162 3159/1/3159 
f 3157/1/3157 3161/1/3161 3160/1/3160 
f 3160/1/3160 3158/1/3158 3157/1/3157 
f 2192/1/2192 2196/1/2196 3161/1/3161 
f 3161/1/3161 3157/1/3157 2192/1/2192 
f 3162/1/3162 3161/1/3161 2196/1/2196 
f 2196/1/2196 2195/1/2195 3162/1/3162 
f 3162/1/3162 3163/1/3163 3164/1/3164 
f 3164/1/3164 3159/1/3159 3162/1/3162 
f 2195/1/2195 2200/1/2200 3163/1/3163 
f 3163/1/3163 3162/1/3162 2195/1/2195 
f 2200/1/2200 2199/1/2199 3165/1/3165 
f 3165/1/3165 3163/1/3163 2200/1/2200 
f 3164/1/3164 3163/1/3163 3165/1/3165 
f 3165/1/3165 3166/1/3166 3164/1/3164 
f 2349/1/2349 2354/1/2354 3167/1/3167 
f 3167/1/3167 3168/1/3168 2349/1/2349 
f 2364/1/2364 3167/1/3167 2354/1/2354 
f 2354/1/2354 2353/1/2353 2364/1/2364 
f 2366/1/2366 3169/1/3169 3167/1/3167 
f 3167/1/3167 2364/1/2364 2366/1/2366 
f 3168/1/3168 3167/1/3167 3169/1/3169 
f 3169/1/3169 3170/1/3170 3168/1/3168 
f 3166/1/3166 3165/1/3165 3171/1/3171 
f 3171/1/3171 3172/1/3172 3166/1/3166 
f 2350/1/2350 3171/1/3171 3165/1/3165 
f 3165/1/3165 2199/1/2199 2350/1/2350 
f 3168/1/3168 3171/1/3171 2350/1/2350 
f 2350/1/2350 2349/1/2349 3168/1/3168 
f 3172/1/3172 3171/1/3171 3168/1/3168 
f 3168/1/3168 3170/1/3170 3172/1/3172 
f 2374/1/2374 3140/1/3140 3173/1/3173 
f 3173/1/3173 2372/1/2372 2374/1/2374 
f 3140/1/3140 3142/1/3142 3174/1/3174 
f 3173/1/3173 3174/1/3174 3170/1/3170 
f 3169/1/3169 2366/1/2366 2372/1/2372 
f 3175/1/3175 3176/1/3176 3177/1/3177 
f 3177/1/3177 3178/1/3178 3175/1/3175 
f 3179/1/3179 3180/1/3180 3177/1/3177 
f 3177/1/3177 3176/1/3176 3179/1/3179 
f 3180/1/3180 3142/1/3142 3144/1/3144 
f 3178/1/3178 3177/1/3177 3144/1/3144 
f 3144/1/3144 3143/1/3143 3178/1/3178 
f 3175/1/3175 3178/1/3178 3181/1/3181 
f 3181/1/3181 3182/1/3182 3175/1/3175 
f 3143/1/3143 3148/1/3148 3181/1/3181 
f 3181/1/3181 3178/1/3178 3143/1/3143 
f 3147/1/3147 3183/1/3183 3181/1/3181 
f 3181/1/3181 3148/1/3148 3147/1/3147 
f 3182/1/3182 3181/1/3181 3183/1/3183 
f 3183/1/3183 3184/1/3184 3182/1/3182 
f 3184/1/3184 3183/1/3183 3185/1/3185 
f 3185/1/3185 3186/1/3186 3184/1/3184 
f 3151/1/3151 3185/1/3185 3183/1/3183 
f 3183/1/3183 3147/1/3147 3151/1/3151 
f 3154/1/3154 3187/1/3187 3185/1/3185 
f 3185/1/3185 3151/1/3151 3154/1/3154 
f 3186/1/3186 3185/1/3185 3187/1/3187 
f 3187/1/3187 3188/1/3188 3186/1/3186 
f 3188/1/3188 3187/1/3187 3189/1/3189 
f 3189/1/3189 3190/1/3190 3188/1/3188 
f 3156/1/3156 3189/1/3189 3187/1/3187 
f 3187/1/3187 3154/1/3154 3156/1/3156 
f 3191/1/3191 3189/1/3189 3156/1/3156 
f 3156/1/3156 3158/1/3158 3191/1/3191 
f 3191/1/3191 3192/1/3192 3190/1/3190 
f 3190/1/3190 3189/1/3189 3191/1/3191 
f 3193/1/3193 3194/1/3194 3195/1/3195 
f 3195/1/3195 3196/1/3196 3193/1/3193 
f 3191/1/3191 3195/1/3195 3194/1/3194 
f 3194/1/3194 3192/1/3192 3191/1/3191 
f 3158/1/3158 3160/1/3160 3195/1/3195 
f 3195/1/3195 3191/1/3191 3158/1/3158 
f 3196/1/3196 3195/1/3195 3160/1/3160 
f 3160/1/3160 3159/1/3159 3196/1/3196 
f 3175/1/3175 3182/1/3182 3197/1/3197 
f 3197/1/3197 3198/1/3198 3175/1/3175 
f 3182/1/3182 3184/1/3184 3199/1/3199 
f 3199/1/3199 3197/1/3197 3182/1/3182 
f 3200/1/3200 3201/1/3201 3197/1/3197 
f 3197/1/3197 3199/1/3199 3200/1/3200 
f 3198/1/3198 3197/1/3197 3201/1/3201 
f 3201/1/3201 3202/1/3202 3198/1/3198 
f 3200/1/3200 3199/1/3199 3203/1/3203 
f 3203/1/3203 3204/1/3204 3200/1/3200 
f 3186/1/3186 3203/1/3203 3199/1/3199 
f 3199/1/3199 3184/1/3184 3186/1/3186 
f 3188/1/3188 3205/1/3205 3203/1/3203 
f 3203/1/3203 3186/1/3186 3188/1/3188 
f 3206/1/3206 3204/1/3204 3203/1/3203 
f 3203/1/3203 3205/1/3205 3206/1/3206 
f 3207/1/3207 3208/1/3208 3209/1/3209 
f 3209/1/3209 3210/1/3210 3207/1/3207 
f 3196/1/3196 3209/1/3209 3208/1/3208 
f 3208/1/3208 3193/1/3193 3196/1/3196 
f 3159/1/3159 3164/1/3164 3209/1/3209 
f 3209/1/3209 3196/1/3196 3159/1/3159 
f 3210/1/3210 3209/1/3209 3164/1/3164 
f 3164/1/3164 3166/1/3166 3210/1/3210 
f 3206/1/3206 3205/1/3205 3211/1/3211 
f 3211/1/3211 3212/1/3212 3206/1/3206 
f 3190/1/3190 3211/1/3211 3205/1/3205 
f 3205/1/3205 3188/1/3188 3190/1/3190 
f 3192/1/3192 3213/1/3213 3211/1/3211 
f 3211/1/3211 3190/1/3190 3192/1/3192 
f 3214/1/3214 3212/1/3212 3211/1/3211 
f 3211/1/3211 3213/1/3213 3214/1/3214 
f 3202/1/3202 3201/1/3201 3215/1/3215 
f 3215/1/3215 3216/1/3216 3202/1/3202 
f 3204/1/3204 3215/1/3215 3201/1/3201 
f 3201/1/3201 3200/1/3200 3204/1/3204 
f 3206/1/3206 3212/1/3212 3215/1/3215 
f 3215/1/3215 3204/1/3204 3206/1/3206 
f 3216/1/3216 3215/1/3215 3212/1/3212 
f 3212/1/3212 3214/1/3214 3216/1/3216 
f 3217/1/3217 3218/1/3218 3219/1/3219 
f 3219/1/3219 3220/1/3220 3217/1/3217 
f 3216/1/3216 3219/1/3219 3218/1/3218 
f 3218/1/3218 3202/1/3202 3216/1/3216 
f 3214/1/3214 3221/1/3221 3219/1/3219 
f 3219/1/3219 3216/1/3216 3214/1/3214 
f 3220/1/3220 3219/1/3219 3221/1/3221 
f 3221/1/3221 3222/1/3222 3220/1/3220 
f 3192/1/3192 3194/1/3194 3223/1/3223 
f 3223/1/3223 3213/1/3213 3192/1/3192 
f 3224/1/3224 3223/1/3223 3194/1/3194 
f 3194/1/3194 3193/1/3193 3224/1/3224 
f 3222/1/3222 3221/1/3221 3223/1/3223 
f 3223/1/3223 3224/1/3224 3222/1/3222 
f 3213/1/3213 3223/1/3223 3221/1/3221 
f 3221/1/3221 3214/1/3214 3213/1/3213 
f 3225/1/3225 3226/1/3226 3227/1/3227 
f 3227/1/3227 3228/1/3228 3225/1/3225 
f 3174/1/3174 3227/1/3227 3226/1/3226 
f 3226/1/3226 3170/1/3170 3174/1/3174 
f 3227/1/3227 3174/1/3174 3142/1/3142 
f 3180/1/3180 3179/1/3179 3228/1/3228 
f 3176/1/3176 3229/1/3229 3230/1/3230 
f 3230/1/3230 3179/1/3179 3176/1/3176 
f 3198/1/3198 3229/1/3229 3176/1/3176 
f 3176/1/3176 3175/1/3175 3198/1/3198 
f 3202/1/3202 3218/1/3218 3229/1/3229 
f 3229/1/3229 3198/1/3198 3202/1/3202 
f 3230/1/3230 3229/1/3229 3218/1/3218 
f 3218/1/3218 3217/1/3217 3230/1/3230 
f 3226/1/3226 3225/1/3225 3231/1/3231 
f 3231/1/3231 3207/1/3207 3210/1/3210 
f 3210/1/3210 3166/1/3166 3172/1/3172 
f 3172/1/3172 3170/1/3170 3226/1/3226 
f 3232/1/3232 3233/1/3233 3234/1/3234 
f 3234/1/3234 3235/1/3235 3232/1/3232 
f 3231/1/3231 3234/1/3234 3233/1/3233 
f 3233/1/3233 3207/1/3207 3231/1/3231 
f 3225/1/3225 3236/1/3236 3234/1/3234 
f 3234/1/3234 3231/1/3231 3225/1/3225 
f 3235/1/3235 3234/1/3234 3236/1/3236 
f 3236/1/3236 3217/1/3217 3235/1/3235 
f 3230/1/3230 3217/1/3217 3236/1/3236 
f 3228/1/3228 3237/1/3237 3236/1/3236 
f 3236/1/3236 3225/1/3225 3228/1/3228 
f 3179/1/3179 3230/1/3230 3237/1/3237 
f 3237/1/3237 3228/1/3228 3179/1/3179 
f 3222/1/3222 3238/1/3238 3239/1/3239 
f 3239/1/3239 3220/1/3220 3222/1/3222 
f 3235/1/3235 3239/1/3239 3238/1/3238 
f 3238/1/3238 3232/1/3232 3235/1/3235 
f 3220/1/3220 3239/1/3239 3235/1/3235 
f 3235/1/3235 3217/1/3217 3220/1/3220 
f 3193/1/3193 3208/1/3208 3240/1/3240 
f 3240/1/3240 3224/1/3224 3193/1/3193 
f 3233/1/3233 3240/1/3240 3208/1/3208 
f 3208/1/3208 3207/1/3207 3233/1/3233 
f 3232/1/3232 3238/1/3238 3240/1/3240 
f 3240/1/3240 3233/1/3233 3232/1/3232 
f 3224/1/3224 3240/1/3240 3238/1/3238 
f 3238/1/3238 3222/1/3222 3224/1/3224 
f 3241/1/3241 3242/1/3242 3243/1/3243 
f 3243/1/3243 3244/1/3244 3241/1/3241 
f 3245/1/3245 3242/1/3242 3241/1/3241 
f 3241/1/3241 3246/1/3246 3245/1/3245 
f 1/1/1 22/1/22 3242/1/3242 
f 3242/1/3242 3245/1/3245 1/1/1 
f 3242/1/3242 22/1/22 25/1/25 
f 3244/1/3244 3243/1/3243 3247/1/3247 
f 3247/1/3247 3248/1/3248 3244/1/3244 
f 42/1/42 3247/1/3247 3243/1/3243 
f 3243/1/3243 25/1/25 42/1/42 
f 34/1/34 33/1/33 3247/1/3247 
f 3247/1/3247 42/1/42 34/1/34 
f 3248/1/3248 3247/1/3247 33/1/33 
f 33/1/33 32/1/32 3248/1/3248 
f 3249/1/3249 3250/1/3250 3251/1/3251 
f 3251/1/3251 3252/1/3252 3249/1/3249 
f 3253/1/3253 3250/1/3250 3249/1/3249 
f 3249/1/3249 3254/1/3254 3253/1/3253 
f 3249/1/3249 3255/1/3255 3256/1/3256 
f 3256/1/3256 3254/1/3254 3249/1/3249 
f 3252/1/3252 3257/1/3257 3255/1/3255 
f 3255/1/3255 3249/1/3249 3252/1/3252 
f 3258/1/3258 3255/1/3255 3257/1/3257 
f 3257/1/3257 3259/1/3259 3258/1/3258 
f 3260/1/3260 3256/1/3256 3255/1/3255 
f 3255/1/3255 3258/1/3258 3260/1/3260 
f 3259/1/3259 3261/1/3261 3262/1/3262 
f 3262/1/3262 3258/1/3258 3259/1/3259 
f 30/1/30 3262/1/3262 3261/1/3261 
f 3261/1/3261 32/1/32 30/1/30 
f 31/1/31 3263/1/3263 3262/1/3262 
f 3262/1/3262 30/1/30 31/1/31 
f 3258/1/3258 3262/1/3262 3263/1/3263 
f 3263/1/3263 3260/1/3260 3258/1/3258 
f 1778/1/1778 1777/1/1777 3264/1/3264 
f 3264/1/3264 3265/1/3265 1778/1/1778 
f 3266/1/3266 3264/1/3264 1777/1/1777 
f 1777/1/1777 1782/1/1782 3266/1/3266 
f 3267/1/3267 3268/1/3268 3264/1/3264 
f 3264/1/3264 3266/1/3266 3267/1/3267 
f 3269/1/3269 3265/1/3265 3264/1/3264 
f 3264/1/3264 3268/1/3268 3269/1/3269 
f 3270/1/3270 3271/1/3271 3272/1/3272 
f 3272/1/3272 3273/1/3273 3270/1/3270 
f 3271/1/3271 2615/1/2615 2613/1/2613 
f 2614/1/2614 3274/1/3274 3272/1/3272 
f 3272/1/3272 2613/1/2613 2614/1/2614 
f 3273/1/3273 3272/1/3272 3274/1/3274 
f 3274/1/3274 3275/1/3275 3273/1/3273 
f 3275/1/3275 3274/1/3274 3276/1/3276 
f 3276/1/3276 3277/1/3277 3275/1/3275 
f 3278/1/3278 3276/1/3276 3274/1/3274 
f 3274/1/3274 2614/1/2614 3278/1/3278 
f 3279/1/3279 3276/1/3276 3278/1/3278 
f 3278/1/3278 3280/1/3280 3279/1/3279 
f 3281/1/3281 3277/1/3277 3276/1/3276 
f 3276/1/3276 3279/1/3279 3281/1/3281 
f 3266/1/3266 3282/1/3282 3283/1/3283 
f 3283/1/3283 3267/1/3267 3266/1/3266 
f 1782/1/1782 2258/1/2258 3282/1/3282 
f 3282/1/3282 3266/1/3266 1782/1/1782 
f 3284/1/3284 3282/1/3282 2258/1/2258 
f 2258/1/2258 2256/1/2256 3284/1/3284 
f 3285/1/3285 3283/1/3283 3282/1/3282 
f 3282/1/3282 3284/1/3284 3285/1/3285 
f 3280/1/3280 3286/1/3286 3287/1/3287 
f 3287/1/3287 3279/1/3279 3280/1/3280 
f 3268/1/3268 3287/1/3287 3286/1/3286 
f 3286/1/3286 3269/1/3269 3268/1/3268 
f 3267/1/3267 3288/1/3288 3287/1/3287 
f 3287/1/3287 3268/1/3268 3267/1/3267 
f 3279/1/3279 3287/1/3287 3288/1/3288 
f 3288/1/3288 3281/1/3281 3279/1/3279 
f 2256/1/2256 2255/1/2255 3289/1/3289 
f 3289/1/3289 3284/1/3284 2256/1/2256 
f 1788/1/1788 1784/1/1784 3289/1/3289 
f 3289/1/3289 2255/1/2255 1788/1/1788 
f 1783/1/1783 3290/1/3290 3289/1/3289 
f 3289/1/3289 1784/1/1784 1783/1/1783 
f 3284/1/3284 3289/1/3289 3290/1/3290 
f 3290/1/3290 3285/1/3285 3284/1/3284 
f 3291/1/3291 3292/1/3292 3293/1/3293 
f 3293/1/3293 3294/1/3294 3291/1/3291 
f 1786/1/1786 3292/1/3292 3291/1/3291 
f 3291/1/3291 1783/1/1783 1786/1/1786 
f 44/1/44 3295/1/3295 3292/1/3292 
f 3292/1/3292 1786/1/1786 44/1/44 
f 3293/1/3293 3292/1/3292 3295/1/3295 
f 3295/1/3295 3296/1/3296 3293/1/3293 
f 3297/1/3297 3298/1/3298 3299/1/3299 
f 3299/1/3299 3300/1/3300 3297/1/3297 
f 3299/1/3299 3301/1/3301 3302/1/3302 
f 3302/1/3302 3300/1/3300 3299/1/3299 
f 3303/1/3303 3301/1/3301 3299/1/3299 
f 3299/1/3299 3304/1/3304 3303/1/3303 
f 3294/1/3294 3293/1/3293 3301/1/3301 
f 3301/1/3301 3303/1/3303 3294/1/3294 
f 3296/1/3296 3302/1/3302 3301/1/3301 
f 3301/1/3301 3293/1/3293 3296/1/3296 
f 3296/1/3296 3295/1/3295 3305/1/3305 
f 3305/1/3305 3306/1/3306 3296/1/3296 
f 47/1/47 3305/1/3305 3295/1/3295 
f 3295/1/3295 44/1/44 47/1/47 
f 52/1/52 3307/1/3307 3305/1/3305 
f 3305/1/3305 47/1/47 52/1/52 
f 3307/1/3307 3308/1/3308 3306/1/3306 
f 3300/1/3300 3309/1/3309 3310/1/3310 
f 3310/1/3310 3297/1/3297 3300/1/3300 
f 3310/1/3310 3309/1/3309 3311/1/3311 
f 3309/1/3309 3312/1/3312 3313/1/3313 
f 3313/1/3313 3311/1/3311 3309/1/3309 
f 3300/1/3300 3302/1/3302 3312/1/3312 
f 3312/1/3312 3309/1/3309 3300/1/3300 
f 3306/1/3306 3312/1/3312 3302/1/3302 
f 3302/1/3302 3296/1/3296 3306/1/3306 
f 3312/1/3312 3306/1/3306 3308/1/3308 
f 3308/1/3308 3307/1/3307 3314/1/3314 
f 3314/1/3314 3315/1/3315 3308/1/3308 
f 2243/1/2243 3314/1/3314 3307/1/3307 
f 3307/1/3307 52/1/52 2243/1/2243 
f 2246/1/2246 3316/1/3316 3314/1/3314 
f 3314/1/3314 2243/1/2243 2246/1/2246 
f 3315/1/3315 3314/1/3314 3316/1/3316 
f 3316/1/3316 3317/1/3317 3315/1/3315 
f 3318/1/3318 3319/1/3319 3320/1/3320 
f 3320/1/3320 3321/1/3321 3318/1/3318 
f 3322/1/3322 3311/1/3311 3323/1/3323 
f 3324/1/3324 3320/1/3320 3319/1/3319 
f 3319/1/3319 3323/1/3323 3324/1/3324 
f 3323/1/3323 3325/1/3325 3326/1/3326 
f 3326/1/3326 3324/1/3324 3323/1/3323 
f 3311/1/3311 3313/1/3313 3325/1/3325 
f 3325/1/3325 3323/1/3323 3311/1/3311 
f 3315/1/3315 3325/1/3325 3313/1/3313 
f 3313/1/3313 3308/1/3308 3315/1/3315 
f 3317/1/3317 3326/1/3326 3325/1/3325 
f 3325/1/3325 3315/1/3315 3317/1/3317 
f 3317/1/3317 3316/1/3316 3327/1/3327 
f 3327/1/3327 3328/1/3328 3317/1/3317 
f 2251/1/2251 3327/1/3327 3316/1/3316 
f 3316/1/3316 2246/1/2246 2251/1/2251 
f 2252/1/2252 3329/1/3329 3327/1/3327 
f 3327/1/3327 2251/1/2251 2252/1/2252 
f 3328/1/3328 3327/1/3327 3329/1/3329 
f 3329/1/3329 3330/1/3330 3328/1/3328 
f 2252/1/2252 2249/1/2249 3331/1/3331 
f 3331/1/3331 3332/1/3332 2252/1/2252 
f 1772/1/1772 3331/1/3331 2249/1/2249 
f 2249/1/2249 1774/1/1774 1772/1/1772 
f 1773/1/1773 3333/1/3333 3331/1/3331 
f 3331/1/3331 1772/1/1772 1773/1/1773 
f 3334/1/3334 3332/1/3332 3331/1/3331 
f 3331/1/3331 3333/1/3333 3334/1/3334 
f 3335/1/3335 3336/1/3336 3337/1/3337 
f 3338/1/3338 3337/1/3337 3321/1/3321 
f 3339/1/3339 3338/1/3338 3320/1/3320 
f 3320/1/3320 3324/1/3324 3339/1/3339 
f 3340/1/3340 3335/1/3335 3338/1/3338 
f 3338/1/3338 3339/1/3339 3340/1/3340 
f 3339/1/3339 3341/1/3341 3342/1/3342 
f 3342/1/3342 3340/1/3340 3339/1/3339 
f 3324/1/3324 3326/1/3326 3341/1/3341 
f 3341/1/3341 3339/1/3339 3324/1/3324 
f 3328/1/3328 3341/1/3341 3326/1/3326 
f 3326/1/3326 3317/1/3317 3328/1/3328 
f 3330/1/3330 3342/1/3342 3341/1/3341 
f 3341/1/3341 3328/1/3328 3330/1/3330 
f 3340/1/3340 3343/1/3343 3344/1/3344 
f 3344/1/3344 3335/1/3335 3340/1/3340 
f 2447/1/2447 3344/1/3344 3343/1/3343 
f 3343/1/3343 2445/1/2445 2447/1/2447 
f 3344/1/3344 2447/1/2447 2444/1/2444 
f 3335/1/3335 3344/1/3344 3345/1/3345 
f 3345/1/3345 3336/1/3336 3335/1/3335 
f 3346/1/3346 3347/1/3347 3348/1/3348 
f 3348/1/3348 3349/1/3349 3346/1/3346 
f 3330/1/3330 3329/1/3329 3348/1/3348 
f 3348/1/3348 3347/1/3347 3330/1/3330 
f 3332/1/3332 3348/1/3348 3329/1/3329 
f 3329/1/3329 2252/1/2252 3332/1/3332 
f 3349/1/3349 3348/1/3348 3332/1/3332 
f 3332/1/3332 3334/1/3334 3349/1/3349 
f 3350/1/3350 3351/1/3351 3347/1/3347 
f 3347/1/3347 3346/1/3346 3350/1/3350 
f 2445/1/2445 3343/1/3343 3351/1/3351 
f 3351/1/3351 3350/1/3350 2445/1/2445 
f 3340/1/3340 3342/1/3342 3351/1/3351 
f 3351/1/3351 3343/1/3343 3340/1/3340 
f 3347/1/3347 3351/1/3351 3342/1/3342 
f 3342/1/3342 3330/1/3330 3347/1/3347 
f 3333/1/3333 3352/1/3352 3353/1/3353 
f 3353/1/3353 3334/1/3334 3333/1/3333 
f 1773/1/1773 2617/1/2617 3352/1/3352 
f 3352/1/3352 3333/1/3333 1773/1/1773 
f 3354/1/3354 3352/1/3352 2617/1/2617 
f 2617/1/2617 2616/1/2616 3354/1/3354 
f 3355/1/3355 3353/1/3353 3352/1/3352 
f 3352/1/3352 3354/1/3354 3355/1/3355 
f 3356/1/3356 3357/1/3357 3358/1/3358 
f 3358/1/3358 3359/1/3359 3356/1/3356 
f 3349/1/3349 3358/1/3358 3357/1/3357 
f 3357/1/3357 3346/1/3346 3349/1/3349 
f 3334/1/3334 3353/1/3353 3358/1/3358 
f 3358/1/3358 3349/1/3349 3334/1/3334 
f 3359/1/3359 3358/1/3358 3353/1/3353 
f 3353/1/3353 3355/1/3355 3359/1/3359 
f 3360/1/3360 3361/1/3361 3357/1/3357 
f 3357/1/3357 3356/1/3356 3360/1/3360 
f 2448/1/2448 2446/1/2446 3361/1/3361 
f 3361/1/3361 3360/1/3360 2448/1/2448 
f 3350/1/3350 3361/1/3361 2446/1/2446 
f 2446/1/2446 2445/1/2445 3350/1/3350 
f 3346/1/3346 3357/1/3357 3361/1/3361 
f 3361/1/3361 3350/1/3350 3346/1/3346 
f 3362/1/3362 3363/1/3363 3364/1/3364 
f 3364/1/3364 3365/1/3365 3362/1/3362 
f 53/1/53 56/1/56 3363/1/3363 
f 3363/1/3363 3362/1/3362 53/1/53 
f 61/1/61 3366/1/3366 3363/1/3363 
f 3363/1/3363 56/1/56 61/1/61 
f 3364/1/3364 3363/1/3363 3366/1/3366 
f 3366/1/3366 3367/1/3367 3364/1/3364 
f 3368/1/3368 3369/1/3369 3370/1/3370 
f 3370/1/3370 3371/1/3371 3368/1/3368 
f 3372/1/3372 3370/1/3370 3369/1/3369 
f 3369/1/3369 3373/1/3373 3372/1/3372 
f 3365/1/3365 3364/1/3364 3370/1/3370 
f 3370/1/3370 3372/1/3372 3365/1/3365 
f 3371/1/3371 3370/1/3370 3364/1/3364 
f 3364/1/3364 3367/1/3367 3371/1/3371 
f 3374/1/3374 3375/1/3375 3369/1/3369 
f 3369/1/3369 3368/1/3368 3374/1/3374 
f 2457/1/2457 2455/1/2455 3375/1/3375 
f 3375/1/3375 3374/1/3374 2457/1/2457 
f 3376/1/3376 3375/1/3375 2455/1/2455 
f 2455/1/2455 2454/1/2454 3376/1/3376 
f 3373/1/3373 3369/1/3369 3375/1/3375 
f 3375/1/3375 3376/1/3376 3373/1/3373 
f 3367/1/3367 3366/1/3366 3377/1/3377 
f 3377/1/3377 3378/1/3378 3367/1/3367 
f 78/1/78 3377/1/3377 3366/1/3366 
f 3366/1/3366 61/1/61 78/1/78 
f 79/1/79 3379/1/3379 3377/1/3377 
f 3377/1/3377 78/1/78 79/1/79 
f 3378/1/3378 3377/1/3377 3379/1/3379 
f 3379/1/3379 3380/1/3380 3378/1/3378 
f 3381/1/3381 3382/1/3382 3383/1/3383 
f 3383/1/3383 3384/1/3384 3381/1/3381 
f 3371/1/3371 3383/1/3383 3382/1/3382 
f 3382/1/3382 3368/1/3368 3371/1/3371 
f 3367/1/3367 3378/1/3378 3383/1/3383 
f 3383/1/3383 3371/1/3371 3367/1/3367 
f 3378/1/3378 3380/1/3380 3384/1/3384 
f 3385/1/3385 3386/1/3386 3387/1/3387 
f 3387/1/3387 3388/1/3388 3385/1/3385 
f 3386/1/3386 694/1/694 699/1/699 
f 700/1/700 2487/1/2487 3387/1/3387 
f 3387/1/3387 699/1/699 700/1/700 
f 2491/1/2491 3388/1/3388 3387/1/3387 
f 3387/1/3387 2487/1/2487 2491/1/2491 
f 3389/1/3389 3390/1/3390 3382/1/3382 
f 3382/1/3382 3381/1/3381 3389/1/3389 
f 2465/1/2465 2464/1/2464 3390/1/3390 
f 3390/1/3390 3389/1/3389 2465/1/2465 
f 3374/1/3374 3390/1/3390 2464/1/2464 
f 2464/1/2464 2457/1/2457 3374/1/3374 
f 3368/1/3368 3382/1/3382 3390/1/3390 
f 3390/1/3390 3374/1/3374 3368/1/3368 
f 3385/1/3385 3391/1/3391 3392/1/3392 
f 3392/1/3392 3386/1/3386 3385/1/3385 
f 3391/1/3391 3380/1/3380 3379/1/3379 
f 3379/1/3379 3392/1/3392 3391/1/3391 
f 693/1/693 3392/1/3392 3379/1/3379 
f 3379/1/3379 79/1/79 693/1/693 
f 694/1/694 3386/1/3386 3392/1/3392 
f 3392/1/3392 693/1/693 694/1/694 
f 3393/1/3393 3394/1/3394 3395/1/3395 
f 3395/1/3395 3396/1/3396 3393/1/3393 
f 3384/1/3384 3395/1/3395 3394/1/3394 
f 3394/1/3394 3381/1/3381 3384/1/3384 
f 3395/1/3395 3384/1/3384 3380/1/3380 
f 3396/1/3396 3395/1/3395 3391/1/3391 
f 3391/1/3391 3385/1/3385 3396/1/3396 
f 3397/1/3397 3398/1/3398 3394/1/3394 
f 3394/1/3394 3393/1/3393 3397/1/3397 
f 2471/1/2471 2468/1/2468 3398/1/3398 
f 3398/1/3398 3397/1/3397 2471/1/2471 
f 3389/1/3389 3398/1/3398 2468/1/2468 
f 2468/1/2468 2465/1/2465 3389/1/3389 
f 3381/1/3381 3394/1/3394 3398/1/3398 
f 3398/1/3398 3389/1/3389 3381/1/3381 
f 2470/1/2470 2471/1/2471 3399/1/3399 
f 3400/1/3400 3399/1/3399 3401/1/3401 
f 3397/1/3397 3401/1/3401 3399/1/3399 
f 3399/1/3399 2471/1/2471 3397/1/3397 
f 3393/1/3393 3402/1/3402 3401/1/3401 
f 3401/1/3401 3397/1/3397 3393/1/3393 
f 3403/1/3403 3404/1/3404 3401/1/3401 
f 3401/1/3401 3402/1/3402 3403/1/3403 
f 3396/1/3396 3405/1/3405 3402/1/3402 
f 3402/1/3402 3393/1/3393 3396/1/3396 
f 3385/1/3385 3388/1/3388 3405/1/3405 
f 3405/1/3405 3396/1/3396 3385/1/3385 
f 3406/1/3406 3405/1/3405 3388/1/3388 
f 3388/1/3388 2491/1/2491 3406/1/3406 
f 3406/1/3406 3403/1/3403 3402/1/3402 
f 3402/1/3402 3405/1/3405 3406/1/3406 
f 3254/1/3254 3407/1/3407 3408/1/3408 
f 3408/1/3408 3253/1/3253 3254/1/3254 
f 3409/1/3409 3408/1/3408 3407/1/3407 
f 3407/1/3407 3410/1/3410 3409/1/3409 
f 3407/1/3407 3411/1/3411 3412/1/3412 
f 3412/1/3412 3410/1/3410 3407/1/3407 
f 3254/1/3254 3256/1/3256 3411/1/3411 
f 3411/1/3411 3407/1/3407 3254/1/3254 
f 3413/1/3413 3411/1/3411 3256/1/3256 
f 3256/1/3256 3260/1/3260 3413/1/3413 
f 3414/1/3414 3412/1/3412 3411/1/3411 
f 3411/1/3411 3413/1/3413 3414/1/3414 
f 3410/1/3410 3415/1/3415 3416/1/3416 
f 3416/1/3416 3409/1/3409 3410/1/3410 
f 2612/1/2612 3416/1/3416 3415/1/3415 
f 3415/1/3415 2609/1/2609 2612/1/2612 
f 3417/1/3417 3418/1/3418 3419/1/3419 
f 3419/1/3419 3420/1/3420 3417/1/3417 
f 2605/1/2605 3420/1/3420 3419/1/3419 
f 3419/1/3419 2606/1/2606 2605/1/2605 
f 2589/1/2589 2588/1/2588 3420/1/3420 
f 3420/1/3420 2605/1/2605 2589/1/2589 
f 3417/1/3417 3420/1/3420 2588/1/2588 
f 2588/1/2588 2593/1/2593 3417/1/3417 
f 3260/1/3260 3263/1/3263 3421/1/3421 
f 3421/1/3421 3413/1/3413 3260/1/3260 
f 2607/1/2607 3421/1/3421 3263/1/3263 
f 3263/1/3263 31/1/31 2607/1/2607 
f 2606/1/2606 3422/1/3422 3421/1/3421 
f 3421/1/3421 2607/1/2607 2606/1/2606 
f 3413/1/3413 3421/1/3421 3422/1/3422 
f 3422/1/3422 3414/1/3414 3413/1/3413 
f 3417/1/3417 2593/1/2593 2602/1/2602 
f 2602/1/2602 3423/1/3423 3417/1/3417 
f 3265/1/3265 3423/1/3423 2602/1/2602 
f 2602/1/2602 1778/1/1778 3265/1/3265 
f 3265/1/3265 3269/1/3269 3424/1/3424 
f 3424/1/3424 3423/1/3423 3265/1/3265 
f 3418/1/3418 3417/1/3417 3423/1/3423 
f 3423/1/3423 3424/1/3424 3418/1/3418 
f 3424/1/3424 3425/1/3425 3426/1/3426 
f 3426/1/3426 3418/1/3418 3424/1/3424 
f 3269/1/3269 3286/1/3286 3425/1/3425 
f 3425/1/3425 3424/1/3424 3269/1/3269 
f 3427/1/3427 3425/1/3425 3286/1/3286 
f 3286/1/3286 3280/1/3280 3427/1/3427 
f 3428/1/3428 3426/1/3426 3425/1/3425 
f 3425/1/3425 3427/1/3427 3428/1/3428 
f 3429/1/3429 3430/1/3430 3426/1/3426 
f 3426/1/3426 3428/1/3428 3429/1/3429 
f 3414/1/3414 3422/1/3422 3430/1/3430 
f 3430/1/3430 3429/1/3429 3414/1/3414 
f 3419/1/3419 3430/1/3430 3422/1/3422 
f 3422/1/3422 2606/1/2606 3419/1/3419 
f 3418/1/3418 3426/1/3426 3430/1/3430 
f 3430/1/3430 3419/1/3419 3418/1/3418 
f 3431/1/3431 3432/1/3432 3433/1/3433 
f 3433/1/3433 3434/1/3434 3431/1/3431 
f 3354/1/3354 3433/1/3433 3432/1/3432 
f 3432/1/3432 3355/1/3355 3354/1/3354 
f 2616/1/2616 2623/1/2623 3433/1/3433 
f 3433/1/3433 3354/1/3354 2616/1/2616 
f 3434/1/3434 3433/1/3433 2623/1/2623 
f 2623/1/2623 2622/1/2622 3434/1/3434 
f 3280/1/3280 3278/1/3278 3435/1/3435 
f 3435/1/3435 3427/1/3427 3280/1/3280 
f 2614/1/2614 2610/1/2610 3435/1/3435 
f 3435/1/3435 3278/1/3278 2614/1/2614 
f 3436/1/3436 3435/1/3435 2610/1/2610 
f 2610/1/2610 2609/1/2609 3436/1/3436 
f 3436/1/3436 3428/1/3428 3427/1/3427 
f 3427/1/3427 3435/1/3435 3436/1/3436 
f 3429/1/3429 3428/1/3428 3436/1/3436 
f 3436/1/3436 3437/1/3437 3429/1/3429 
f 2609/1/2609 3415/1/3415 3437/1/3437 
f 3437/1/3437 3436/1/3436 2609/1/2609 
f 3415/1/3415 3410/1/3410 3412/1/3412 
f 3412/1/3412 3437/1/3437 3415/1/3415 
f 3429/1/3429 3437/1/3437 3412/1/3412 
f 3412/1/3412 3414/1/3414 3429/1/3429 
f 3438/1/3438 3439/1/3439 3440/1/3440 
f 3440/1/3440 3441/1/3441 3438/1/3438 
f 3359/1/3359 3440/1/3440 3439/1/3439 
f 3439/1/3439 3356/1/3356 3359/1/3359 
f 3355/1/3355 3432/1/3432 3440/1/3440 
f 3440/1/3440 3359/1/3359 3355/1/3355 
f 3441/1/3441 3440/1/3440 3432/1/3432 
f 3432/1/3432 3431/1/3431 3441/1/3441 
f 3442/1/3442 3443/1/3443 3444/1/3444 
f 3444/1/3444 3445/1/3445 3442/1/3442 
f 3069/1/3069 3076/1/3076 3443/1/3443 
f 3443/1/3443 3442/1/3442 3069/1/3069 
f 3076/1/3076 3075/1/3075 3446/1/3446 
f 3438/1/3438 3444/1/3444 3443/1/3443 
f 3443/1/3443 3446/1/3446 3438/1/3438 
f 3446/1/3446 3447/1/3447 3439/1/3439 
f 3439/1/3439 3438/1/3438 3446/1/3446 
f 3447/1/3447 3446/1/3446 3075/1/3075 
f 3360/1/3360 3447/1/3447 3081/1/3081 
f 3081/1/3081 2448/1/2448 3360/1/3360 
f 3356/1/3356 3439/1/3439 3447/1/3447 
f 3447/1/3447 3360/1/3360 3356/1/3356 
f 3448/1/3448 3449/1/3449 3450/1/3450 
f 3450/1/3450 3451/1/3451 3448/1/3448 
f 3434/1/3434 3450/1/3450 3449/1/3449 
f 3449/1/3449 3431/1/3431 3434/1/3434 
f 2622/1/2622 2630/1/2630 3450/1/3450 
f 3450/1/3450 3434/1/3434 2622/1/2622 
f 3451/1/3451 3450/1/3450 2630/1/2630 
f 2630/1/2630 2581/1/2581 3451/1/3451 
f 3445/1/3445 3444/1/3444 3452/1/3452 
f 3452/1/3452 3453/1/3453 3445/1/3445 
f 3441/1/3441 3452/1/3452 3444/1/3444 
f 3444/1/3444 3438/1/3438 3441/1/3441 
f 3431/1/3431 3449/1/3449 3452/1/3452 
f 3452/1/3452 3441/1/3441 3431/1/3431 
f 3453/1/3453 3452/1/3452 3449/1/3449 
f 3449/1/3449 3448/1/3448 3453/1/3453 
f 2581/1/2581 2580/1/2580 3454/1/3454 
f 3454/1/3454 3451/1/3451 2581/1/2581 
f 3362/1/3362 3454/1/3454 2580/1/2580 
f 2580/1/2580 53/1/53 3362/1/3362 
f 3365/1/3365 3455/1/3455 3454/1/3454 
f 3454/1/3454 3362/1/3362 3365/1/3365 
f 3451/1/3451 3454/1/3454 3455/1/3455 
f 3455/1/3455 3448/1/3448 3451/1/3451 
f 3448/1/3448 3455/1/3455 3456/1/3456 
f 3456/1/3456 3453/1/3453 3448/1/3448 
f 3372/1/3372 3456/1/3456 3455/1/3455 
f 3455/1/3455 3365/1/3365 3372/1/3372 
f 3373/1/3373 3457/1/3457 3456/1/3456 
f 3456/1/3456 3372/1/3372 3373/1/3373 
f 3453/1/3453 3456/1/3456 3457/1/3457 
f 3457/1/3457 3445/1/3445 3453/1/3453 
f 3376/1/3376 3458/1/3458 3457/1/3457 
f 3457/1/3457 3373/1/3373 3376/1/3376 
f 2454/1/2454 3070/1/3070 3458/1/3458 
f 3458/1/3458 3376/1/3376 2454/1/2454 
f 3442/1/3442 3458/1/3458 3070/1/3070 
f 3070/1/3070 3069/1/3069 3442/1/3442 
f 3445/1/3445 3457/1/3457 3458/1/3458 
f 3458/1/3458 3442/1/3442 3445/1/3445 
f 3459/1/3459 3460/1/3460 3461/1/3461 
f 3252/1/3252 3251/1/3251 3462/1/3462 
f 3462/1/3462 3461/1/3461 3252/1/3252 
f 3248/1/3248 3463/1/3463 3464/1/3464 
f 3464/1/3464 3244/1/3244 3248/1/3248 
f 32/1/32 3261/1/3261 3463/1/3463 
f 3463/1/3463 3248/1/3248 32/1/32 
f 3465/1/3465 3463/1/3463 3261/1/3261 
f 3261/1/3261 3259/1/3259 3465/1/3465 
f 3466/1/3466 3464/1/3464 3463/1/3463 
f 3463/1/3463 3465/1/3465 3466/1/3466 
f 3467/1/3467 3460/1/3460 3459/1/3459 
f 3465/1/3465 3468/1/3468 3469/1/3469 
f 3469/1/3469 3466/1/3466 3465/1/3465 
f 3259/1/3259 3257/1/3257 3468/1/3468 
f 3468/1/3468 3465/1/3465 3259/1/3259 
f 3461/1/3461 3468/1/3468 3257/1/3257 
f 3257/1/3257 3252/1/3252 3461/1/3461 
f 3460/1/3460 3469/1/3469 3468/1/3468 
f 3468/1/3468 3461/1/3461 3460/1/3460 
f 3470/1/3470 3471/1/3471 3472/1/3472 
f 3466/1/3466 3469/1/3469 3470/1/3470 
f 3470/1/3470 3473/1/3473 3466/1/3466 
f 3467/1/3467 3470/1/3470 3469/1/3469 
f 3469/1/3469 3460/1/3460 3467/1/3467 
f 3467/1/3467 3474/1/3474 3471/1/3471 
f 3475/1/3475 3476/1/3476 3477/1/3477 
f 3477/1/3477 3478/1/3478 3475/1/3475 
f 3477/1/3477 3476/1/3476 2476/1/2476 
f 3479/1/3479 3477/1/3477 2479/1/2479 
f 2479/1/2479 6/1/6 3479/1/3479 
f 3478/1/3478 3477/1/3477 3479/1/3479 
f 3479/1/3479 3480/1/3480 3478/1/3478 
f 3473/1/3473 3472/1/3472 3481/1/3481 
f 3482/1/3482 3481/1/3481 3246/1/3246 
f 3244/1/3244 3464/1/3464 3482/1/3482 
f 3482/1/3482 3241/1/3241 3244/1/3244 
f 3473/1/3473 3482/1/3482 3464/1/3464 
f 3464/1/3464 3466/1/3466 3473/1/3473 
f 6/1/6 2/1/2 3483/1/3483 
f 3483/1/3483 3479/1/3479 6/1/6 
f 2/1/2 1/1/1 3245/1/3245 
f 3483/1/3483 3245/1/3245 3246/1/3246 
f 3480/1/3480 3479/1/3479 3483/1/3483 
f 3483/1/3483 3484/1/3484 3480/1/3480 
f 3485/1/3485 3486/1/3486 3487/1/3487 
f 3487/1/3487 3488/1/3488 3485/1/3485 
f 3472/1/3472 3471/1/3471 3486/1/3486 
f 3486/1/3486 3485/1/3485 3472/1/3472 
f 3471/1/3471 3474/1/3474 3489/1/3489 
f 3490/1/3490 3487/1/3487 3486/1/3486 
f 3486/1/3486 3489/1/3489 3490/1/3490 
f 3488/1/3488 3487/1/3487 3491/1/3491 
f 3491/1/3491 3492/1/3492 3488/1/3488 
f 3493/1/3493 3491/1/3491 3487/1/3487 
f 3487/1/3487 3490/1/3490 3493/1/3493 
f 2484/1/2484 3494/1/3494 3491/1/3491 
f 3491/1/3491 3493/1/3493 2484/1/2484 
f 3492/1/3492 3491/1/3491 3494/1/3494 
f 3494/1/3494 3495/1/3495 3492/1/3492 
f 3495/1/3495 3496/1/3496 3497/1/3497 
f 3497/1/3497 3492/1/3492 3495/1/3495 
f 3478/1/3478 3497/1/3497 3496/1/3496 
f 3496/1/3496 3475/1/3475 3478/1/3478 
f 3480/1/3480 3498/1/3498 3497/1/3497 
f 3497/1/3497 3478/1/3478 3480/1/3480 
f 3492/1/3492 3497/1/3497 3498/1/3498 
f 3498/1/3498 3488/1/3488 3492/1/3492 
f 3484/1/3484 3499/1/3499 3498/1/3498 
f 3498/1/3498 3480/1/3480 3484/1/3484 
f 3246/1/3246 3481/1/3481 3499/1/3499 
f 3499/1/3499 3484/1/3484 3246/1/3246 
f 3485/1/3485 3499/1/3499 3481/1/3481 
f 3481/1/3481 3472/1/3472 3485/1/3485 
f 3488/1/3488 3498/1/3498 3499/1/3499 
f 3499/1/3499 3485/1/3485 3488/1/3488 
f 3500/1/3500 3304/1/3304 3501/1/3501 
f 3502/1/3502 3503/1/3503 3504/1/3504 
f 3504/1/3504 3501/1/3501 3502/1/3502 
f 3503/1/3503 3505/1/3505 3506/1/3506 
f 3507/1/3507 3500/1/3500 3504/1/3504 
f 3504/1/3504 3506/1/3506 3507/1/3507 
f 3285/1/3285 3290/1/3290 3508/1/3508 
f 3508/1/3508 3509/1/3509 3285/1/3285 
f 3291/1/3291 3508/1/3508 3290/1/3290 
f 3290/1/3290 1783/1/1783 3291/1/3291 
f 3294/1/3294 3510/1/3510 3508/1/3508 
f 3508/1/3508 3291/1/3291 3294/1/3294 
f 3509/1/3509 3508/1/3508 3510/1/3510 
f 3510/1/3510 3511/1/3511 3509/1/3509 
f 3512/1/3512 3506/1/3506 3505/1/3505 
f 3513/1/3513 3270/1/3270 3273/1/3273 
f 3275/1/3275 3514/1/3514 3512/1/3512 
f 3512/1/3512 3273/1/3273 3275/1/3275 
f 3506/1/3506 3512/1/3512 3514/1/3514 
f 3514/1/3514 3507/1/3507 3506/1/3506 
f 3507/1/3507 3514/1/3514 3515/1/3515 
f 3515/1/3515 3516/1/3516 3507/1/3507 
f 3277/1/3277 3515/1/3515 3514/1/3514 
f 3514/1/3514 3275/1/3275 3277/1/3277 
f 3281/1/3281 3517/1/3517 3515/1/3515 
f 3515/1/3515 3277/1/3277 3281/1/3281 
f 3516/1/3516 3515/1/3515 3517/1/3517 
f 3517/1/3517 3511/1/3511 3516/1/3516 
f 3511/1/3511 3510/1/3510 3518/1/3518 
f 3518/1/3518 3516/1/3516 3511/1/3511 
f 3303/1/3303 3518/1/3518 3510/1/3510 
f 3510/1/3510 3294/1/3294 3303/1/3303 
f 3304/1/3304 3500/1/3500 3518/1/3518 
f 3518/1/3518 3303/1/3303 3304/1/3304 
f 3516/1/3516 3518/1/3518 3500/1/3500 
f 3500/1/3500 3507/1/3507 3516/1/3516 
f 3511/1/3511 3517/1/3517 3519/1/3519 
f 3519/1/3519 3509/1/3509 3511/1/3511 
f 3281/1/3281 3288/1/3288 3519/1/3519 
f 3519/1/3519 3517/1/3517 3281/1/3281 
f 3267/1/3267 3283/1/3283 3519/1/3519 
f 3519/1/3519 3288/1/3288 3267/1/3267 
f 3509/1/3509 3519/1/3519 3283/1/3283 
f 3283/1/3283 3285/1/3285 3509/1/3509 
f 2483/1/2483 2482/1/2482 3520/1/3520 
f 3520/1/3520 3521/1/3521 2483/1/2483 
f 3522/1/3522 3521/1/3521 3520/1/3520 
f 3520/1/3520 3523/1/3523 3522/1/3522 
f 3406/1/3406 3524/1/3524 3525/1/3525 
f 3525/1/3525 3403/1/3403 3406/1/3406 
f 2491/1/2491 2490/1/2490 3524/1/3524 
f 3524/1/3524 3406/1/3406 2491/1/2491 
f 2489/1/2489 3526/1/3526 3524/1/3524 
f 3524/1/3524 2490/1/2490 2489/1/2489 
f 3525/1/3525 3524/1/3524 3526/1/3526 
f 3526/1/3526 3527/1/3527 3525/1/3525 
f 3495/1/3495 3494/1/3494 3528/1/3528 
f 3528/1/3528 3529/1/3529 3495/1/3495 
f 2480/1/2480 3528/1/3528 3494/1/3494 
f 3494/1/3494 2484/1/2484 2480/1/2480 
f 2483/1/2483 3530/1/3530 3528/1/3528 
f 3528/1/3528 2480/1/2480 2483/1/2483 
f 3529/1/3529 3528/1/3528 3530/1/3530 
f 3530/1/3530 3531/1/3531 3529/1/3529 
f 3532/1/3532 3533/1/3533 3534/1/3534 
f 3475/1/3475 3496/1/3496 3535/1/3535 
f 3535/1/3535 3534/1/3534 3475/1/3475 
f 3529/1/3529 3535/1/3535 3496/1/3496 
f 3496/1/3496 3495/1/3495 3529/1/3529 
f 3531/1/3531 3532/1/3532 3535/1/3535 
f 3535/1/3535 3529/1/3529 3531/1/3531 
f 2489/1/2489 2488/1/2488 3536/1/3536 
f 3536/1/3536 3537/1/3537 2489/1/2489 
f 2488/1/2488 2476/1/2476 3476/1/3476 
f 3536/1/3536 3476/1/3476 3475/1/3475 
f 3537/1/3537 3536/1/3536 3534/1/3534 
f 3534/1/3534 3533/1/3533 3537/1/3537 
f 3538/1/3538 3539/1/3539 3540/1/3540 
f 3540/1/3540 3541/1/3541 3538/1/3538 
f 3538/1/3538 3400/1/3400 3404/1/3404 
f 3525/1/3525 3539/1/3539 3404/1/3404 
f 3404/1/3404 3403/1/3403 3525/1/3525 
f 3527/1/3527 3540/1/3540 3539/1/3539 
f 3539/1/3539 3525/1/3525 3527/1/3527 
f 3542/1/3542 3543/1/3543 3522/1/3522 
f 3544/1/3544 3545/1/3545 3546/1/3546 
f 3546/1/3546 3547/1/3547 3544/1/3544 
f 3531/1/3531 3530/1/3530 3545/1/3545 
f 3545/1/3545 3544/1/3544 3531/1/3531 
f 3521/1/3521 3545/1/3545 3530/1/3530 
f 3530/1/3530 2483/1/2483 3521/1/3521 
f 3522/1/3522 3546/1/3546 3545/1/3545 
f 3545/1/3545 3521/1/3521 3522/1/3522 
f 3522/1/3522 3543/1/3543 3548/1/3548 
f 3548/1/3548 3546/1/3546 3522/1/3522 
f 3540/1/3540 3548/1/3548 3543/1/3543 
f 3543/1/3543 3541/1/3541 3540/1/3540 
f 3540/1/3540 3527/1/3527 3549/1/3549 
f 3549/1/3549 3548/1/3548 3540/1/3540 
f 3547/1/3547 3546/1/3546 3548/1/3548 
f 3548/1/3548 3549/1/3549 3547/1/3547 
f 3532/1/3532 3550/1/3550 3551/1/3551 
f 3551/1/3551 3533/1/3533 3532/1/3532 
f 3544/1/3544 3550/1/3550 3532/1/3532 
f 3532/1/3532 3531/1/3531 3544/1/3544 
f 3547/1/3547 3551/1/3551 3550/1/3550 
f 3550/1/3550 3544/1/3544 3547/1/3547 
f 3527/1/3527 3526/1/3526 3552/1/3552 
f 3552/1/3552 3549/1/3549 3527/1/3527 
f 3537/1/3537 3552/1/3552 3526/1/3526 
f 3526/1/3526 2489/1/2489 3537/1/3537 
f 3533/1/3533 3551/1/3551 3552/1/3552 
f 3552/1/3552 3537/1/3537 3533/1/3533 
f 3549/1/3549 3552/1/3552 3551/1/3551 
f 3551/1/3551 3547/1/3547 3549/1/3549 
f 21/1/21 19/1/19 18/1/18 
f 50/1/50 51/1/51 46/1/46 
f 98/1/98 97/1/97 99/1/99 
f 100/1/100 99/1/99 105/1/105 
f 110/1/110 109/1/109 19/1/19 
f 94/1/94 96/1/96 117/1/117 
f 118/1/118 117/1/117 96/1/96 
f 136/1/136 139/1/139 134/1/134 
f 142/1/142 144/1/144 140/1/140 
f 151/1/151 152/1/152 148/1/148 
f 149/1/149 148/1/148 152/1/152 
f 228/1/228 229/1/229 226/1/226 
f 231/1/231 226/1/226 229/1/229 
f 226/1/226 232/1/232 234/1/234 
f 197/1/197 284/1/284 283/1/283 
f 196/1/196 286/1/286 284/1/284 
f 311/1/311 312/1/312 309/1/309 
f 232/1/232 330/1/330 331/1/331 
f 282/1/282 285/1/285 341/1/341 
f 363/1/363 386/1/386 384/1/384 
f 388/1/388 391/1/391 389/1/389 
f 403/1/403 402/1/402 401/1/401 
f 400/1/400 423/1/423 426/1/426 
f 439/1/439 441/1/441 437/1/437 
f 447/1/447 449/1/449 450/1/450 
f 465/1/465 466/1/466 463/1/463 
f 468/1/468 440/1/440 442/1/442 
f 497/1/497 498/1/498 494/1/494 
f 510/1/510 508/1/508 507/1/507 
f 503/1/503 511/1/511 508/1/508 
f 509/1/509 508/1/508 511/1/511 
f 504/1/504 526/1/526 525/1/525 
f 499/1/499 498/1/498 526/1/526 
f 525/1/525 526/1/526 498/1/498 
f 533/1/533 535/1/535 531/1/531 
f 532/1/532 531/1/531 537/1/537 
f 538/1/538 537/1/537 539/1/539 
f 540/1/540 539/1/539 466/1/466 
f 469/1/469 541/1/541 540/1/540 
f 542/1/542 541/1/541 543/1/543 
f 501/1/501 545/1/545 441/1/441 
f 544/1/544 546/1/546 547/1/547 
f 561/1/561 562/1/562 559/1/559 
f 563/1/563 565/1/565 559/1/559 
f 574/1/574 571/1/571 570/1/570 
f 575/1/575 576/1/576 571/1/571 
f 582/1/582 579/1/579 578/1/578 
f 592/1/592 591/1/591 532/1/532 
f 597/1/597 598/1/598 595/1/595 
f 597/1/597 596/1/596 603/1/603 
f 564/1/564 565/1/565 605/1/605 
f 606/1/606 605/1/605 565/1/565 
f 608/1/608 605/1/605 606/1/606 
f 627/1/627 625/1/625 624/1/624 
f 616/1/616 615/1/615 631/1/631 
f 588/1/588 624/1/624 631/1/631 
f 632/1/632 640/1/640 621/1/621 
f 637/1/637 643/1/643 644/1/644 
f 620/1/620 644/1/644 643/1/643 
f 638/1/638 641/1/641 646/1/646 
f 626/1/626 646/1/646 641/1/641 
f 630/1/630 634/1/634 646/1/646 
f 645/1/645 646/1/646 634/1/634 
f 671/1/671 669/1/669 200/1/200 
f 672/1/672 670/1/670 669/1/669 
f 282/1/282 342/1/342 679/1/679 
f 677/1/677 682/1/682 681/1/681 
f 671/1/671 681/1/681 682/1/682 
f 201/1/201 283/1/283 681/1/681 
f 678/1/678 681/1/681 283/1/283 
f 690/1/690 704/1/704 705/1/705 
f 769/1/769 775/1/775 774/1/774 
f 493/1/493 814/1/814 496/1/496 
f 490/1/490 816/1/816 814/1/814 
f 490/1/490 489/1/489 823/1/823 
f 828/1/828 829/1/829 826/1/826 
f 830/1/830 826/1/826 829/1/829 
f 831/1/831 832/1/832 826/1/826 
f 827/1/827 826/1/826 832/1/832 
f 835/1/835 834/1/834 838/1/838 
f 872/1/872 873/1/873 870/1/870 
f 869/1/869 874/1/874 870/1/870 
f 798/1/798 896/1/896 895/1/895 
f 900/1/900 904/1/904 903/1/903 
f 898/1/898 897/1/897 903/1/903 
f 879/1/879 881/1/881 906/1/906 
f 907/1/907 906/1/906 908/1/908 
f 875/1/875 874/1/874 910/1/910 
f 877/1/877 910/1/910 874/1/874 
f 911/1/911 910/1/910 907/1/907 
f 913/1/913 912/1/912 911/1/911 
f 916/1/916 919/1/919 914/1/914 
f 918/1/918 919/1/919 916/1/916 
f 909/1/909 914/1/914 919/1/919 
f 923/1/923 924/1/924 920/1/920 
f 908/1/908 929/1/929 922/1/922 
f 943/1/943 951/1/951 950/1/950 
f 436/1/436 953/1/953 952/1/952 
f 948/1/948 951/1/951 952/1/952 
f 954/1/954 953/1/953 436/1/436 
f 375/1/375 956/1/956 959/1/959 
f 975/1/975 974/1/974 916/1/916 
f 984/1/984 985/1/985 983/1/983 
f 915/1/915 921/1/921 985/1/985 
f 980/1/980 990/1/990 570/1/570 
f 561/1/561 568/1/568 991/1/991 
f 981/1/981 991/1/991 989/1/989 
f 1007/1/1007 1006/1/1006 1008/1/1008 
f 1009/1/1009 1011/1/1011 1010/1/1010 
f 965/1/965 1010/1/1010 1011/1/1011 
f 964/1/964 978/1/978 1010/1/1010 
f 1007/1/1007 1010/1/1010 978/1/978 
f 1014/1/1014 1012/1/1012 1008/1/1008 
f 230/1/230 229/1/229 1069/1/1069 
f 1071/1/1071 1069/1/1069 229/1/229 
f 1070/1/1070 1069/1/1069 1073/1/1073 
f 1100/1/1100 1099/1/1099 1101/1/1101 
f 1110/1/1110 1107/1/1107 1106/1/1106 
f 1111/1/1111 1112/1/1112 1107/1/1107 
f 1108/1/1108 1107/1/1107 1112/1/1112 
f 1141/1/1141 1142/1/1142 1138/1/1138 
f 1146/1/1146 1148/1/1148 1144/1/1144 
f 1150/1/1150 1151/1/1151 1148/1/1148 
f 1143/1/1143 1142/1/1142 1153/1/1153 
f 1156/1/1156 1158/1/1158 1153/1/1153 
f 1157/1/1157 1158/1/1158 1159/1/1159 
f 1161/1/1161 1159/1/1159 1158/1/1158 
f 1152/1/1152 1160/1/1160 1159/1/1159 
f 1164/1/1164 1167/1/1167 1166/1/1166 
f 1165/1/1165 1166/1/1166 1170/1/1170 
f 1154/1/1154 1170/1/1170 1166/1/1166 
f 1171/1/1171 1170/1/1170 1154/1/1154 
f 1157/1/1157 1160/1/1160 1172/1/1172 
f 1173/1/1173 1172/1/1172 1160/1/1160 
f 1171/1/1171 1172/1/1172 1175/1/1175 
f 602/1/602 1182/1/1182 590/1/590 
f 1198/1/1198 1197/1/1197 1196/1/1196 
f 1198/1/1198 1199/1/1199 635/1/635 
f 1184/1/1184 1199/1/1199 1198/1/1198 
f 1168/1/1168 1175/1/1175 1200/1/1200 
f 1213/1/1213 1211/1/1211 1206/1/1206 
f 1254/1/1254 1253/1/1253 1255/1/1255 
f 1257/1/1257 1244/1/1244 1243/1/1243 
f 1258/1/1258 1257/1/1257 1259/1/1259 
f 1263/1/1263 1264/1/1264 1261/1/1261 
f 1258/1/1258 1261/1/1261 1264/1/1264 
f 1260/1/1260 1265/1/1265 1261/1/1261 
f 1274/1/1274 1276/1/1276 1272/1/1272 
f 1256/1/1256 1274/1/1274 1273/1/1273 
f 1275/1/1275 1274/1/1274 1256/1/1256 
f 1276/1/1276 1274/1/1274 1275/1/1275 
f 862/1/862 1277/1/1277 1101/1/1101 
f 1275/1/1275 1277/1/1277 1278/1/1278 
f 1270/1/1270 1283/1/1283 1282/1/1282 
f 1252/1/1252 1282/1/1282 1283/1/1283 
f 1263/1/1263 1280/1/1280 1290/1/1290 
f 1291/1/1291 1294/1/1294 1264/1/1264 
f 1297/1/1297 1296/1/1296 1293/1/1293 
f 1315/1/1315 1313/1/1313 1312/1/1312 
f 1309/1/1309 1320/1/1320 1318/1/1318 
f 1315/1/1315 1330/1/1330 1328/1/1328 
f 1314/1/1314 1332/1/1332 1330/1/1330 
f 1350/1/1350 1353/1/1353 1359/1/1359 
f 1365/1/1365 1368/1/1368 1372/1/1372 
f 1375/1/1375 1388/1/1388 1387/1/1387 
f 1389/1/1389 1388/1/1388 1390/1/1390 
f 1152/1/1152 1151/1/1151 1406/1/1406 
f 1150/1/1150 1385/1/1385 1408/1/1408 
f 1174/1/1174 1405/1/1405 1413/1/1413 
f 1415/1/1415 1416/1/1416 1413/1/1413 
f 1419/1/1419 1420/1/1420 1417/1/1417 
f 593/1/593 1422/1/1422 1421/1/1421 
f 1424/1/1424 1422/1/1422 593/1/593 
f 1415/1/1415 1423/1/1423 1422/1/1422 
f 1425/1/1425 1426/1/1426 1420/1/1420 
f 1403/1/1403 1423/1/1423 1426/1/1426 
f 594/1/594 1183/1/1183 1427/1/1427 
f 1194/1/1194 1416/1/1416 1427/1/1427 
f 1395/1/1395 1425/1/1425 1428/1/1428 
f 1409/1/1409 1430/1/1430 1418/1/1418 
f 1384/1/1384 1392/1/1392 1430/1/1430 
f 1429/1/1429 1430/1/1430 1392/1/1392 
f 1399/1/1399 1433/1/1433 1432/1/1432 
f 1371/1/1371 1437/1/1437 1435/1/1435 
f 1438/1/1438 1443/1/1443 1441/1/1441 
f 1445/1/1445 1370/1/1370 1369/1/1369 
f 1483/1/1483 1484/1/1484 1480/1/1480 
f 1481/1/1481 1480/1/1480 1484/1/1484 
f 1485/1/1485 1489/1/1489 1488/1/1488 
f 1491/1/1491 1488/1/1488 1489/1/1489 
f 1505/1/1505 1504/1/1504 1506/1/1506 
f 1401/1/1401 1432/1/1432 1508/1/1508 
f 1497/1/1497 1508/1/1508 1432/1/1432 
f 1521/1/1521 1523/1/1523 1519/1/1519 
f 1518/1/1518 1517/1/1517 1541/1/1541 
f 1542/1/1542 1541/1/1541 1535/1/1535 
f 1580/1/1580 1581/1/1581 1579/1/1579 
f 831/1/831 1582/1/1582 1581/1/1581 
f 831/1/831 830/1/830 1584/1/1584 
f 1582/1/1582 1584/1/1584 1585/1/1585 
f 1578/1/1578 1588/1/1588 1586/1/1586 
f 535/1/535 1586/1/1586 1588/1/1588 
f 533/1/533 1421/1/1421 1586/1/1586 
f 1587/1/1587 1586/1/1586 1421/1/1421 
f 1402/1/1402 1589/1/1589 1587/1/1587 
f 1591/1/1591 1590/1/1590 523/1/523 
f 1593/1/1593 1590/1/1590 1591/1/1591 
f 1569/1/1569 1565/1/1565 1594/1/1594 
f 1595/1/1595 1594/1/1594 1565/1/1565 
f 1577/1/1577 1594/1/1594 1597/1/1597 
f 506/1/506 509/1/509 1601/1/1601 
f 1583/1/1583 1593/1/1593 1603/1/1603 
f 1602/1/1602 1605/1/1605 1597/1/1597 
f 1608/1/1608 1607/1/1607 1580/1/1580 
f 839/1/839 838/1/838 1607/1/1607 
f 846/1/846 1615/1/1615 1612/1/1612 
f 1613/1/1613 1612/1/1612 1615/1/1615 
f 1619/1/1619 1620/1/1620 1618/1/1618 
f 1616/1/1616 1622/1/1622 1621/1/1621 
f 1610/1/1610 1623/1/1623 1621/1/1621 
f 1626/1/1626 1627/1/1627 1624/1/1624 
f 1483/1/1483 1611/1/1611 1627/1/1627 
f 1624/1/1624 1627/1/1627 1611/1/1611 
f 1690/1/1690 1694/1/1694 1691/1/1691 
f 1697/1/1697 1698/1/1698 1695/1/1695 
f 1720/1/1720 1719/1/1719 1721/1/1721 
f 1722/1/1722 1721/1/1721 1725/1/1725 
f 1732/1/1732 1731/1/1731 1238/1/1238 
f 1734/1/1734 1731/1/1731 1732/1/1732 
f 1528/1/1528 1743/1/1743 1741/1/1741 
f 1738/1/1738 1737/1/1737 1741/1/1741 
f 1747/1/1747 1748/1/1748 1745/1/1745 
f 1733/1/1733 1758/1/1758 1757/1/1757 
f 1794/1/1794 1797/1/1797 1798/1/1798 
f 147/1/147 1800/1/1800 1798/1/1798 
f 49/1/49 1790/1/1790 1802/1/1802 
f 48/1/48 1802/1/1802 1803/1/1803 
f 1814/1/1814 1813/1/1813 1816/1/1816 
f 1817/1/1817 1816/1/1816 1827/1/1827 
f 1071/1/1071 1827/1/1827 1816/1/1816 
f 1833/1/1833 1834/1/1834 1831/1/1831 
f 1830/1/1830 1829/1/1829 1835/1/1835 
f 1120/1/1120 1843/1/1843 1842/1/1842 
f 1877/1/1877 1879/1/1879 1878/1/1878 
f 1743/1/1743 1878/1/1878 1879/1/1879 
f 1927/1/1927 1928/1/1928 1925/1/1925 
f 1930/1/1930 1925/1/1925 1928/1/1928 
f 1758/1/1758 1935/1/1935 1934/1/1934 
f 1926/1/1926 1935/1/1935 1936/1/1936 
f 1942/1/1942 1940/1/1940 1134/1/1134 
f 1702/1/1702 1943/1/1943 1942/1/1942 
f 1947/1/1947 1951/1/1951 1952/1/1952 
f 1930/1/1930 1955/1/1955 1953/1/1953 
f 1955/1/1955 1930/1/1930 1929/1/1929 
f 1959/1/1959 1960/1/1960 1957/1/1957 
f 1884/1/1884 1969/1/1969 1968/1/1968 
f 1973/1/1973 1974/1/1974 1971/1/1971 
f 1972/1/1972 1971/1/1971 1975/1/1975 
f 2003/1/2003 2004/1/2004 2001/1/2001 
f 1693/1/1693 2005/1/2005 2001/1/2001 
f 2002/1/2002 2001/1/2001 2005/1/2005 
f 2045/1/2045 2047/1/2047 2043/1/2043 
f 2051/1/2051 2050/1/2050 1964/1/1964 
f 1694/1/1694 2074/1/2074 2005/1/2005 
f 2000/1/2000 2071/1/2071 2074/1/2074 
f 1859/1/1859 1864/1/1864 2079/1/2079 
f 1923/1/1923 1950/1/1950 2124/1/2124 
f 2028/1/2028 2124/1/2124 2125/1/2125 
f 2122/1/2122 2127/1/2127 2126/1/2126 
f 1123/1/1123 2141/1/2141 2139/1/2139 
f 2140/1/2140 2139/1/2139 2141/1/2141 
f 2142/1/2142 2141/1/2141 2143/1/2143 
f 2140/1/2140 2151/1/2151 2150/1/2150 
f 1358/1/1358 2156/1/2156 2154/1/2154 
f 2155/1/2155 2154/1/2154 2156/1/2156 
f 2156/1/2156 2158/1/2158 2161/1/2161 
f 2168/1/2168 2167/1/2167 1463/1/1463 
f 1976/1/1976 1975/1/1975 2175/1/2175 
f 2198/1/2198 2197/1/2197 1990/1/1990 
f 2207/1/2207 2206/1/2206 1891/1/1891 
f 2052/1/2052 2214/1/2214 1968/1/1968 
f 2211/1/2211 2214/1/2214 2215/1/2215 
f 1896/1/1896 2222/1/2222 2221/1/2221 
f 1938/1/1938 2225/1/2225 2224/1/2224 
f 2017/1/2017 2225/1/2225 1938/1/1938 
f 2223/1/2223 2227/1/2227 2226/1/2226 
f 2053/1/2053 2049/1/2049 2231/1/2231 
f 1898/1/1898 2221/1/2221 2232/1/2232 
f 1929/1/1929 1928/1/1928 2237/1/2237 
f 2234/1/2234 2237/1/2237 2238/1/2238 
f 2144/1/2144 2239/1/2239 2238/1/2238 
f 50/1/50 1803/1/1803 2247/1/2247 
f 2059/1/2059 2055/1/2055 2247/1/2247 
f 1814/1/1814 2267/1/2267 2126/1/2126 
f 1715/1/1715 2020/1/2020 2270/1/2270 
f 323/1/323 329/1/329 2271/1/2271 
f 2082/1/2082 2271/1/2271 329/1/329 
f 2085/1/2085 2272/1/2272 2271/1/2271 
f 2080/1/2080 2273/1/2273 1860/1/1860 
f 2137/1/2137 2150/1/2150 2274/1/2274 
f 845/1/845 2279/1/2279 2277/1/2277 
f 2278/1/2278 2277/1/2277 2279/1/2279 
f 2294/1/2294 2298/1/2298 2297/1/2297 
f 2297/1/2297 2298/1/2298 835/1/835 
f 1622/1/1622 2300/1/2300 2297/1/2297 
f 2278/1/2278 2300/1/2300 1622/1/1622 
f 1576/1/1576 2308/1/2308 1568/1/1568 
f 1553/1/1553 2311/1/2311 2310/1/2310 
f 2310/1/2310 2311/1/2311 2312/1/2312 
f 2368/1/2368 2371/1/2371 2365/1/2365 
f 2370/1/2370 2369/1/2369 2375/1/2375 
f 2373/1/2373 2381/1/2381 2380/1/2380 
f 1495/1/1495 2437/1/2437 1489/1/1489 
f 1494/1/1494 1626/1/1626 2439/1/2439 
f 1625/1/1625 1643/1/1643 2439/1/2439 
f 2444/1/2444 2447/1/2447 2441/1/2441 
f 2451/1/2451 2456/1/2456 2449/1/2449 
f 2453/1/2453 2451/1/2451 2450/1/2450 
f 2449/1/2449 2456/1/2456 2458/1/2458 
f 2457/1/2457 2461/1/2461 2458/1/2458 
f 2467/1/2467 2463/1/2463 2462/1/2462 
f 2476/1/2476 2477/1/2477 2474/1/2474 
f 2485/1/2485 2481/1/2481 2480/1/2480 
f 2494/1/2494 2495/1/2495 2492/1/2492 
f 150/1/150 2504/1/2504 2503/1/2503 
f 2511/1/2511 2510/1/2510 2512/1/2512 
f 2615/1/2615 3553/1/3553 2611/1/2611 
f 2640/1/2640 2639/1/2639 176/1/176 
f 2644/1/2644 2645/1/2645 2642/1/2642 
f 2708/1/2708 2707/1/2707 2709/1/2709 
f 2710/1/2710 2709/1/2709 2713/1/2713 
f 2716/1/2716 2712/1/2712 2722/1/2722 
f 151/1/151 2503/1/2503 2730/1/2730 
f 2493/1/2493 2733/1/2733 2732/1/2732 
f 2728/1/2728 2726/1/2726 2741/1/2741 
f 2494/1/2494 2732/1/2732 2749/1/2749 
f 2739/1/2739 2749/1/2749 2732/1/2732 
f 2748/1/2748 2755/1/2755 2754/1/2754 
f 2740/1/2740 2756/1/2756 2755/1/2755 
f 2753/1/2753 2757/1/2757 1866/1/1866 
f 1337/1/1337 2775/1/2775 2774/1/2774 
f 2787/1/2787 2786/1/2786 1472/1/1472 
f 1880/1/1880 1889/1/1889 2788/1/2788 
f 2559/1/2559 2808/1/2808 2807/1/2807 
f 2805/1/2805 2818/1/2818 2817/1/2817 
f 2809/1/2809 2817/1/2817 2818/1/2818 
f 1137/1/1137 2830/1/2830 2829/1/2829 
f 2842/1/2842 2841/1/2841 2835/1/2835 
f 2513/1/2513 2867/1/2867 2866/1/2866 
f 2885/1/2885 2892/1/2892 2891/1/2891 
f 1243/1/1243 1246/1/1246 2893/1/2893 
f 1269/1/1269 2893/1/2893 2895/1/2895 
f 2556/1/2556 2807/1/2807 2897/1/2897 
f 2848/1/2848 2903/1/2903 2902/1/2902 
f 1249/1/1249 1283/1/1283 2903/1/2903 
f 2849/1/2849 2902/1/2902 2905/1/2905 
f 1491/1/1491 2959/1/2959 1469/1/1469 
f 2960/1/2960 2970/1/2970 2787/1/2787 
f 2769/1/2769 2978/1/2978 2529/1/2529 
f 2770/1/2770 2969/1/2969 2978/1/2978 
f 2984/1/2984 2989/1/2989 2987/1/2987 
f 1555/1/1555 2310/1/2310 2995/1/2995 
f 2426/1/2426 3000/1/3000 2999/1/2999 
f 2997/1/2997 3014/1/3014 1556/1/1556 
f 2998/1/2998 3015/1/3015 3014/1/3014 
f 3013/1/3013 3014/1/3014 3015/1/3015 
f 3018/1/3018 3017/1/3017 2546/1/2546 
f 3031/1/3031 3030/1/3030 2980/1/2980 
f 3069/1/3069 3070/1/3070 3067/1/3067 
f 2453/1/2453 3067/1/3067 3070/1/3070 
f 2452/1/2452 3071/1/3071 3067/1/3067 
f 3068/1/3068 3067/1/3067 3071/1/3071 
f 3075/1/3075 3076/1/3076 3073/1/3073 
f 3074/1/3074 3073/1/3073 3077/1/3077 
f 2443/1/2443 2442/1/2442 3079/1/3079 
f 2448/1/2448 3081/1/3081 3079/1/3079 
f 3074/1/3074 3079/1/3079 3081/1/3081 
f 3078/1/3078 3080/1/3080 3079/1/3079 
f 3092/1/3092 3093/1/3093 2652/1/2652 
f 2526/1/2526 3094/1/3094 3097/1/3097 
f 3096/1/3096 3105/1/3105 3107/1/3107 
f 1450/1/1450 3121/1/3121 2953/1/2953 
f 1447/1/1447 3118/1/3118 3121/1/3121 
f 1366/1/1366 2937/1/2937 3123/1/3123 
f 3140/1/3140 3139/1/3139 3141/1/3141 
f 3174/1/3174 3173/1/3173 3140/1/3140 
f 3170/1/3170 3169/1/3169 3173/1/3173 
f 2372/1/2372 3173/1/3173 3169/1/3169 
f 3144/1/3144 3177/1/3177 3180/1/3180 
f 3142/1/3142 3180/1/3180 3227/1/3227 
f 3228/1/3228 3227/1/3227 3180/1/3180 
f 3231/1/3231 3554/1/3554 3226/1/3226 
f 3210/1/3210 3554/1/3554 3231/1/3231 
f 3172/1/3172 3554/1/3554 3210/1/3210 
f 3226/1/3226 3554/1/3554 3172/1/3172 
f 3236/1/3236 3237/1/3237 3230/1/3230 
f 25/1/25 3243/1/3243 3242/1/3242 
f 2613/1/2613 3272/1/3272 3271/1/3271 
f 3304/1/3304 3299/1/3299 3298/1/3298 
f 3306/1/3306 3305/1/3305 3307/1/3307 
f 3311/1/3311 3322/1/3322 3310/1/3310 
f 3308/1/3308 3313/1/3313 3312/1/3312 
f 3323/1/3323 3319/1/3319 3322/1/3322 
f 3337/1/3337 3338/1/3338 3335/1/3335 
f 3321/1/3321 3320/1/3320 3338/1/3338 
f 2444/1/2444 3345/1/3345 3344/1/3344 
f 3384/1/3384 3383/1/3383 3378/1/3378 
f 699/1/699 3387/1/3387 3386/1/3386 
f 3380/1/3380 3391/1/3391 3395/1/3395 
f 3401/1/3401 3404/1/3404 3400/1/3400 
f 3446/1/3446 3443/1/3443 3076/1/3076 
f 3075/1/3075 3081/1/3081 3447/1/3447 
f 3461/1/3461 3462/1/3462 3459/1/3459 
f 3472/1/3472 3473/1/3473 3470/1/3470 
f 3471/1/3471 3470/1/3470 3467/1/3467 
f 2476/1/2476 2479/1/2479 3477/1/3477 
f 3481/1/3481 3482/1/3482 3473/1/3473 
f 3246/1/3246 3241/1/3241 3482/1/3482 
f 3245/1/3245 3483/1/3483 2/1/2 
f 3246/1/3246 3484/1/3484 3483/1/3483 
f 3489/1/3489 3486/1/3486 3471/1/3471 
f 3501/1/3501 3504/1/3504 3500/1/3500 
f 3506/1/3506 3504/1/3504 3503/1/3503 
f 3505/1/3505 3513/1/3513 3512/1/3512 
f 3273/1/3273 3512/1/3512 3513/1/3513 
f 3534/1/3534 3535/1/3535 3532/1/3532 
f 3476/1/3476 3536/1/3536 2488/1/2488 
f 3475/1/3475 3534/1/3534 3536/1/3536 
f 3404/1/3404 3539/1/3539 3538/1/3538 
f 3522/1/3522 3523/1/3523 3542/1/3542 
f 3543/1/3543 3542/1/3542 3555/1/3555 
# 7040 faces

