# 3ds Max Wavefront OBJ Exporter v0.99 - (c)2007 guruware
# File Created: 26.04.2025 15:50:14

mtllib cabeza_supIzq.mtl

#
# object cabeza_supIzq
#

v  -1.2960 1.7868 1.0164
v  -1.2876 1.7784 1.0323
v  -1.2668 1.7792 1.0203
v  -1.2749 1.7898 1.0064
v  -1.2769 1.7683 1.0474
v  -1.2571 1.7662 1.0338
v  -1.2390 1.7666 1.0159
v  -1.2486 1.7779 1.0048
v  -1.2572 1.7886 0.9931
v  -1.2324 1.7806 0.9668
v  -1.2425 1.7846 0.9784
v  -1.2335 1.7748 0.9870
v  -1.2243 1.7708 0.9669
v  -1.2240 1.7648 0.9936
v  -1.2151 1.7565 0.9683
v  -1.2644 1.8012 0.9821
v  -1.2816 1.8038 0.9942
v  -1.2665 1.8161 0.9745
v  -1.2834 1.8211 0.9882
v  -1.3015 1.8210 0.9982
v  -1.3010 1.8019 1.0029
v  -1.2494 1.8060 0.9579
v  -1.2479 1.7949 0.9679
v  -1.2323 1.7851 0.9550
v  -1.2327 1.7915 0.9412
v  -1.2194 1.7709 0.9462
v  -1.2169 1.7739 0.9279
v  -1.2111 1.7516 0.9406
v  -1.2063 1.7539 0.9160
v  -1.2974 1.7681 1.0569
v  -1.2874 1.7790 1.0749
v  -1.2631 1.7782 1.0650
v  -1.3122 1.7767 1.0773
v  -1.3130 1.7702 1.0619
v  -1.3088 1.7884 1.1047
v  -1.2748 1.7938 1.0946
v  -1.2456 1.7935 1.0843
v  -1.2403 1.7753 1.0503
v  -1.2208 1.7722 1.0296
v  -1.2193 1.7880 1.0689
v  -1.1971 1.7810 1.0462
v  -1.2056 1.7648 1.0035
v  -1.1799 1.7698 1.0165
v  -1.1694 1.7536 0.9832
v  -1.1960 1.7530 0.9740
v  -1.1649 1.7404 0.9469
v  -1.1932 1.7415 0.9415
v  -1.1936 1.7364 0.9113
v  -1.1653 1.7268 0.9069
v  -1.2314 1.8324 0.9524
v  -1.2499 1.8465 0.9746
v  -1.2608 1.8323 0.9722
v  -1.2442 1.8203 0.9513
v  -1.2279 1.8027 0.9315
v  -1.2145 1.8136 0.9300
v  -1.2118 1.7819 0.9152
v  -1.1999 1.7929 0.9090
v  -1.1991 1.7619 0.9011
v  -1.1913 1.7732 0.8903
v  -1.1905 1.7446 0.8917
v  -1.1851 1.7581 0.8778
v  -1.1802 1.7295 0.8826
v  -1.1784 1.7448 0.8661
v  -1.1678 1.7137 0.8659
v  -1.1703 1.7301 0.8496
v  -1.1442 1.7092 0.8798
v  -1.1553 1.7001 0.8422
v  -1.1297 1.6954 0.8513
v  -1.1626 1.7147 0.8284
v  -1.1517 1.6808 0.8138
v  -1.1610 1.6964 0.8030
v  -1.1240 1.6757 0.8194
v  -1.1248 1.6526 0.7854
v  -1.1571 1.6575 0.7838
v  -1.1678 1.6778 0.7750
v  -1.1763 1.6599 0.7043
v  -1.1766 1.6653 0.7422
v  -1.1663 1.6376 0.7484
v  -1.1684 1.6283 0.7070
v  -1.1292 1.6321 0.7478
v  -1.1292 1.6229 0.7071
v  -1.3419 1.8126 1.1609
v  -1.3259 1.8218 1.1708
v  -1.3048 1.8176 1.1483
v  -1.3255 1.8011 1.1338
v  -1.3137 1.8253 1.1835
v  -1.2889 1.8273 1.1668
v  -1.2818 1.8106 1.1304
v  -1.2624 1.8249 1.1532
v  -1.2531 1.8101 1.1192
v  -1.2218 1.8089 1.1083
v  -1.2325 1.8224 1.1448
v  -1.2006 1.8148 1.1354
v  -1.1929 1.7973 1.0930
v  -1.1687 1.7810 1.0698
v  -1.1697 1.7983 1.1193
v  -1.1429 1.7773 1.0940
v  -1.1501 1.7624 1.0372
v  -1.1226 1.7534 1.0575
v  -1.1053 1.7334 1.0170
v  -1.1358 1.7460 0.9994
v  -1.1250 1.7356 0.9609
v  -1.0897 1.7203 0.9793
v  -1.0740 1.7098 0.9438
v  -1.1145 1.7247 0.9250
v  -1.0988 1.7099 0.8934
v  -1.0823 1.6960 0.8607
v  -1.0551 1.6980 0.9099
v  -1.0359 1.6861 0.8741
v  -1.0724 1.6789 0.8237
v  -1.0682 1.6592 0.7851
v  -1.0211 1.6720 0.8335
v  -1.0116 1.6556 0.7908
v  -1.0679 1.6435 0.7443
v  -1.0066 1.6413 0.7471
v  -1.0654 1.6374 0.7018
v  -1.0007 1.6313 0.7026
v  -1.3082 1.8248 1.1962
v  -1.2814 1.8251 1.1850
v  -1.2839 1.8138 1.1981
v  -1.3090 1.8171 1.2060
v  -1.2589 1.8069 1.1907
v  -1.2541 1.8222 1.1755
v  -1.2247 1.8164 1.1687
v  -1.2332 1.7968 1.1840
v  -1.2001 1.7832 1.1777
v  -1.1926 1.8071 1.1600
v  -1.1327 1.7423 1.1353
v  -1.1268 1.7659 1.1162
v  -1.1579 1.7899 1.1436
v  -1.1604 1.7720 1.1595
v  -1.1648 1.7603 1.1677
v  -1.1563 1.7418 1.1633
v  -1.1873 1.7581 1.1787
v  -1.1751 1.7418 1.1779
v  -1.1046 1.7395 1.0755
v  -1.1068 1.7168 1.0874
v  -1.0867 1.6950 1.0421
v  -1.0872 1.7165 1.0317
v  -1.0722 1.7001 0.9926
v  -1.0548 1.6887 0.9571
v  -1.0712 1.6789 1.0013
v  -1.0531 1.6666 0.9651
v  -1.0335 1.6786 0.9228
v  -1.0109 1.6692 0.8866
v  -1.0313 1.6563 0.9308
v  -1.0080 1.6459 0.8954
v  -0.9754 1.6196 0.8098
v  -0.9794 1.6437 0.7999
v  -0.9913 1.6581 0.8450
v  -0.9880 1.6335 0.8544
v  -1.2128 1.8327 0.9038
v  -1.2106 1.8248 0.9189
v  -1.2010 1.8034 0.8943
v  -1.2033 1.8125 0.8800
v  -1.1965 1.7837 0.8734
v  -1.2002 1.7961 0.8577
v  -1.1895 1.8430 0.8806
v  -1.2022 1.8393 0.8898
v  -1.1929 1.8227 0.8704
v  -1.1790 1.8346 0.8654
v  -1.1855 1.8097 0.8507
v  -1.1683 1.8259 0.8464
v  -1.1933 1.7695 0.8585
v  -1.1995 1.7844 0.8400
v  -1.1881 1.7578 0.8454
v  -1.1957 1.7739 0.8250
v  -1.1799 1.8005 0.8341
v  -1.1582 1.8183 0.8308
v  -1.1737 1.7925 0.8188
v  -1.1473 1.8111 0.8169
v  -1.1467 1.8674 0.8341
v  -1.1569 1.8452 0.8408
v  -1.1440 1.8393 0.8233
v  -1.1312 1.8632 0.8139
v  -1.1322 1.8341 0.8073
v  -1.1196 1.8598 0.7945
v  -1.1797 1.7449 0.8303
v  -1.1865 1.7621 0.8109
v  -1.1721 1.7309 0.8121
v  -1.1770 1.7509 0.7958
v  -1.1242 1.7985 0.7830
v  -1.1059 1.8261 0.7711
v  -1.1194 1.8295 0.7899
v  -1.1359 1.8042 0.8011
v  -1.1069 1.8573 0.7751
v  -1.0934 1.8557 0.7548
v  -1.1650 1.7839 0.8031
v  -1.1551 1.7753 0.7872
v  -1.1700 1.7158 0.7901
v  -1.1709 1.7401 0.7769
v  -1.1744 1.7030 0.7645
v  -1.1677 1.7332 0.7542
v  -1.1779 1.6973 0.7347
v  -1.1597 1.7306 0.7296
v  -1.1739 1.6964 0.7001
v  -1.1489 1.7313 0.7003
v  -1.1449 1.7670 0.7697
v  -1.1122 1.7945 0.7634
v  -1.1354 1.7616 0.7495
v  -1.1004 1.7926 0.7431
v  -1.0916 1.8244 0.7508
v  -1.0788 1.8551 0.7332
v  -1.0780 1.8243 0.7299
v  -1.0642 1.8557 0.7118
v  -1.1233 1.7594 0.7288
v  -1.0868 1.7911 0.7242
v  -1.1099 1.7592 0.7038
v  -1.0727 1.7899 0.7027
v  -1.0646 1.8245 0.7105
v  -1.0498 1.8567 0.6924
v  -1.0509 1.8241 0.6896
v  -1.0356 1.8571 0.6716
v  -1.0965 1.7606 0.6715
v  -1.0584 1.7887 0.6753
v  -1.1362 1.7339 0.6635
v  -1.1168 1.7337 0.6239
v  -1.0782 1.7596 0.6350
v  -1.0393 1.7853 0.6430
v  -1.0357 1.8223 0.6648
v  -1.0204 1.8554 0.6467
v  -1.0145 1.8174 0.6353
v  -0.9985 1.8506 0.6173
v  -0.9853 1.8091 0.5981
v  -0.9681 1.8426 0.5799
v  -1.0109 1.7769 0.6059
v  -0.9821 1.7695 0.5655
v  -0.9578 1.8019 0.5544
v  -0.9413 1.8355 0.5342
v  -0.9333 1.7611 0.4863
v  -0.9071 1.7958 0.4673
v  -0.9324 1.7974 0.5126
v  -0.9577 1.7644 0.5273
v  -0.9138 1.8317 0.4907
v  -0.8874 1.8312 0.4429
v  -0.8774 1.7961 0.4146
v  -0.8532 1.8330 0.3898
v  -0.9053 1.7599 0.4359
v  -0.8781 1.7590 0.3805
v  -0.8509 1.7981 0.3562
v  -0.8268 1.8362 0.3301
v  -1.1885 1.7228 1.1834
v  -1.1652 1.7183 1.1624
v  -1.1841 1.6930 1.1601
v  -1.2106 1.6956 1.1838
v  -1.1618 1.6923 1.1273
v  -1.1444 1.7142 1.1299
v  -1.1227 1.6992 1.0887
v  -1.1406 1.6833 1.0873
v  -1.1151 1.6646 1.0500
v  -1.0980 1.6784 1.0474
v  -1.0786 1.6630 1.0078
v  -1.0925 1.6493 1.0128
v  -1.0720 1.6364 0.9755
v  -1.0600 1.6502 0.9706
v  -1.0393 1.6387 0.9351
v  -1.0524 1.6243 0.9385
v  -1.0343 1.6111 0.9006
v  -1.0187 1.6264 0.8986
v  -1.0898 1.6248 0.9783
v  -1.0698 1.6129 0.9407
v  -1.0804 1.5957 0.9493
v  -1.1044 1.6083 0.9850
v  -1.0569 1.5815 0.9122
v  -1.0514 1.5993 0.9022
v  -1.1228 1.9266 0.8100
v  -1.1323 1.8936 0.8273
v  -1.1124 1.8914 0.8051
v  -1.0985 1.9282 0.7861
v  -1.1022 1.8898 0.7810
v  -1.0883 1.9255 0.7584
v  -1.0895 1.8882 0.7602
v  -1.0736 1.9242 0.7378
v  -1.0751 1.8870 0.7403
v  -1.0574 1.9229 0.7192
v  -1.0625 1.8862 0.7169
v  -1.0480 1.9197 0.6942
v  -1.0480 1.8861 0.6950
v  -1.0341 1.9185 0.6726
v  -1.0322 1.8873 0.6769
v  -1.0174 1.9206 0.6555
v  -1.0178 1.8879 0.6558
v  -1.0024 1.9207 0.6337
v  -1.0037 1.8864 0.6287
v  -0.9903 1.9174 0.6030
v  -0.9817 1.8823 0.5968
v  -0.9668 1.9146 0.5691
v  -0.9522 1.8757 0.5567
v  -0.9402 1.9093 0.5248
v  -0.9229 1.8694 0.5101
v  -0.9086 1.9056 0.4776
v  -0.8934 1.8665 0.4650
v  -0.8831 1.9031 0.4281
v  -0.8704 1.8661 0.4132
v  -0.8616 1.9017 0.3747
v  -0.8402 1.8683 0.3573
v  -0.8384 1.9015 0.3169
v  -0.8142 1.8714 0.2993
v  -0.8152 1.9041 0.2618
v  -1.1875 2.0157 0.8200
v  -1.1671 1.9806 0.8606
v  -1.1431 1.9733 0.8149
v  -1.1602 2.0070 0.7704
v  -1.1433 1.9295 0.8441
v  -1.1664 1.9349 0.8839
v  -1.1232 1.9675 0.7754
v  -1.1387 1.9972 0.7276
v  -1.0981 1.9729 0.7481
v  -1.1163 2.0008 0.6955
v  -1.0844 1.9684 0.7200
v  -1.0974 1.9973 0.6689
v  -1.0681 1.9662 0.6988
v  -1.0778 1.9962 0.6483
v  -1.0500 1.9656 0.6808
v  -1.0581 1.9983 0.6303
v  -1.0416 1.9576 0.6567
v  -1.0457 1.9895 0.6099
v  -1.0295 1.9548 0.6355
v  -1.0354 1.9842 0.5897
v  -1.0141 1.9571 0.6169
v  -1.0225 1.9840 0.5691
v  -0.9973 1.9584 0.5944
v  -1.0059 1.9861 0.5446
v  -0.9858 1.9509 0.5615
v  -0.9925 1.9754 0.5120
v  -0.9622 1.9498 0.5253
v  -0.9732 1.9725 0.4730
v  -0.9387 1.9443 0.4786
v  -0.9513 1.9674 0.4256
v  -0.9083 1.9442 0.4295
v  -0.9264 1.9668 0.3743
v  -0.8874 1.9390 0.3766
v  -0.9047 1.9609 0.3216
v  -0.8627 1.9401 0.3251
v  -0.8806 1.9649 0.2712
v  -1.3353 2.0092 0.8150
v  -1.2987 2.0326 0.8729
v  -1.2586 2.0336 0.8201
v  -1.2954 2.0051 0.7660
v  -1.2182 2.0299 0.8753
v  -1.2587 2.0277 0.9269
v  -1.2224 2.0183 0.7670
v  -1.2556 1.9906 0.7182
v  -1.1928 2.0094 0.7172
v  -1.2236 1.9803 0.6722
v  -1.1674 1.9979 0.6756
v  -1.1949 1.9712 0.6332
v  -1.1452 2.0000 0.6428
v  -1.1713 1.9726 0.6014
v  -1.1237 1.9994 0.6173
v  -1.1496 1.9744 0.5761
v  -1.1037 1.9999 0.5956
v  -1.1312 1.9752 0.5530
v  -1.0857 2.0021 0.5751
v  -1.1150 1.9745 0.5318
v  -1.0710 1.9977 0.5557
v  -1.1000 1.9708 0.5128
v  -1.0595 1.9911 0.5372
v  -1.0861 1.9667 0.4940
v  -1.0460 1.9873 0.5169
v  -1.0719 1.9646 0.4732
v  -1.0305 1.9861 0.4919
v  -1.0560 1.9609 0.4494
v  -1.0141 1.9768 0.4620
v  -1.0389 1.9548 0.4209
v  -0.9968 1.9725 0.4235
v  -1.0232 1.9518 0.3838
v  -0.9769 1.9700 0.3764
v  -1.0059 1.9486 0.3377
v  -0.9554 1.9698 0.3247
v  -0.9869 1.9474 0.2871
v  -0.9330 1.9686 0.2736
v  -0.9664 1.9501 0.2369
v  -0.9116 1.9730 0.2242
v  -0.9459 1.9571 0.1886
v  -1.3613 1.8033 1.1542
v  -1.3499 1.7919 1.1220
v  -1.3735 1.7942 1.1164
v  -1.3807 1.8031 1.1505
v  -1.3425 1.7816 1.0915
v  -1.3687 1.7868 1.0781
v  -1.3099 1.7718 1.0392
v  -1.3284 1.7684 1.0499
v  -1.3204 1.7779 1.0215
v  -1.3477 1.7747 1.0313
v  -1.3240 1.7950 1.0063
v  -1.3218 1.8164 1.0055
v  -1.3363 1.8120 1.0118
v  -1.3459 1.7947 1.0124
v  -1.3376 1.8226 1.0202
v  -1.3508 1.8074 1.0270
v  -1.3499 1.8227 1.0396
v  -1.3383 1.8365 1.0312
v  -1.3609 1.8100 1.0466
v  -1.3591 1.7930 1.0355
v  -1.3370 1.7744 1.0676
v  -1.3560 1.7778 1.0541
v  -1.3631 1.7865 1.0475
v  -1.3691 1.7990 1.0589
v  -1.5669 1.8418 1.2220
v  -1.5512 1.8486 1.2320
v  -1.5376 1.8462 1.2136
v  -1.5530 1.8364 1.2011
v  -1.5262 1.8497 1.2262
v  -1.5399 1.8498 1.2433
v  -1.5135 1.8519 1.2084
v  -1.5258 1.8472 1.1943
v  -1.5414 1.8355 1.1789
v  -1.5139 1.8502 1.1764
v  -1.5303 1.8367 1.1582
v  -1.5005 1.8551 1.1914
v  -1.4871 1.8592 1.1747
v  -1.5008 1.8541 1.1594
v  -1.5178 1.8408 1.1386
v  -1.4866 1.8611 1.1432
v  -1.5031 1.8497 1.1202
v  -1.4735 1.8655 1.1580
v  -1.4608 1.8738 1.1420
v  -1.4737 1.8714 1.1279
v  -1.4893 1.8626 1.1039
v  -1.4627 1.8812 1.1139
v  -1.4776 1.8749 1.0899
v  -1.4497 1.8819 1.1275
v  -1.4392 1.8864 1.1122
v  -1.4514 1.8859 1.0991
v  -1.4654 1.8816 1.0760
v  -1.5049 1.8633 0.9855
v  -1.4853 1.8725 1.0368
v  -1.4748 1.8793 1.0214
v  -1.4923 1.8690 0.9711
v  -1.4547 1.8864 1.0615
v  -1.4485 1.8979 1.0516
v  -1.4720 1.8930 1.0105
v  -1.4881 1.8816 0.9603
v  -1.4218 1.8949 1.0806
v  -1.4329 1.8957 1.0712
v  -1.4409 1.8885 1.0836
v  -1.4293 1.8890 1.0957
v  -1.3857 1.8150 1.2130
v  -1.3629 1.8149 1.1882
v  -1.3779 1.8097 1.1843
v  -1.3980 1.8140 1.2115
v  -1.3921 1.8131 1.1815
v  -1.4086 1.8190 1.2098
v  -1.3581 1.8216 1.2115
v  -1.3395 1.8225 1.2001
v  -1.3494 1.8202 1.1933
v  -1.3716 1.8190 1.2130
v  -1.3162 1.8018 1.2088
v  -1.2973 1.7938 1.2013
v  -1.3127 1.7731 1.2042
v  -1.3292 1.7850 1.2104
v  -1.2977 1.7596 1.1982
v  -1.2776 1.7829 1.1935
v  -1.2579 1.7688 1.1881
v  -1.2843 1.7436 1.1945
v  -1.2369 1.7530 1.1860
v  -1.2728 1.7197 1.1941
v  -1.2138 1.7366 1.1866
v  -1.2405 1.7065 1.1924
v  -1.3356 1.8228 1.2089
v  -1.3349 1.8164 1.2142
v  -1.3622 1.8217 1.2217
v  -1.3643 1.8102 1.2267
v  -1.4198 1.8153 1.2361
v  -1.4426 1.8130 1.2597
v  -1.4300 1.8082 1.2579
v  -1.4068 1.8148 1.2353
v  -1.4293 1.8198 1.2344
v  -1.4515 1.8188 1.2581
v  -1.3866 1.8182 1.2307
v  -1.3975 1.8086 1.2414
v  -1.3335 1.8072 1.2142
v  -1.3471 1.7970 1.2166
v  -1.3415 1.7681 1.2107
v  -1.3254 1.7569 1.2063
v  -1.3302 1.7479 1.2188
v  -1.3460 1.7562 1.2230
v  -1.3187 1.7379 1.2171
v  -1.3128 1.7445 1.2031
v  -1.3801 1.7898 1.2317
v  -1.3600 1.7800 1.2182
v  -1.3653 1.7640 1.2304
v  -1.3851 1.7734 1.2423
v  -1.4053 1.7955 1.2482
v  -1.4057 1.7841 1.2589
v  -1.4304 1.7989 1.2650
v  -1.4272 1.7944 1.2776
v  -1.4485 1.8021 1.2818
v  -1.4467 1.8059 1.2971
v  -1.4570 1.8066 1.2850
v  -1.4694 1.8185 1.3157
v  -1.4649 1.8113 1.2861
v  -1.4833 1.8198 1.3129
v  -1.4730 1.8189 1.2838
v  -1.4921 1.8227 1.3085
v  -1.3996 1.8079 1.3161
v  -1.4142 1.8014 1.2951
v  -1.4371 1.8132 1.3138
v  -1.4255 1.8153 1.3340
v  -1.4631 1.8221 1.3357
v  -1.4566 1.8169 1.3546
v  -1.3607 1.7840 1.2888
v  -1.3745 1.7768 1.2651
v  -1.3933 1.7890 1.2788
v  -1.3785 1.7968 1.3011
v  -1.3309 1.7611 1.2714
v  -1.3396 1.7581 1.2463
v  -1.3565 1.7667 1.2542
v  -1.3454 1.7716 1.2791
v  -1.3140 1.7390 1.2398
v  -1.3257 1.7485 1.2415
v  -1.3170 1.7526 1.2651
v  -1.3039 1.7448 1.2612
v  -1.5029 1.8294 1.2915
v  -1.4983 1.8270 1.3004
v  -1.4801 1.8254 1.2778
v  -1.4863 1.8288 1.2706
v  -1.4601 1.8247 1.2535
v  -1.4680 1.8281 1.2476
v  -1.5279 1.8474 1.2563
v  -1.5142 1.8464 1.2389
v  -1.5040 1.8421 1.2496
v  -1.5175 1.8440 1.2684
v  -1.4897 1.8424 1.2302
v  -1.5007 1.8475 1.2206
v  -1.5084 1.8343 1.2811
v  -1.5052 1.8315 1.2848
v  -1.4905 1.8312 1.2651
v  -1.4938 1.8342 1.2607
v  -1.4738 1.8306 1.2429
v  -1.4779 1.8345 1.2394
v  -1.5117 1.8390 1.2761
v  -1.4977 1.8381 1.2563
v  -1.4826 1.8386 1.2358
v  -1.4391 1.8254 1.2310
v  -1.4193 1.8255 1.2078
v  -1.4300 1.8314 1.2053
v  -1.4486 1.8297 1.2266
v  -1.4869 1.8501 1.2033
v  -1.4753 1.8446 1.2120
v  -1.4612 1.8485 1.1939
v  -1.4731 1.8541 1.1858
v  -1.4561 1.8326 1.2226
v  -1.4391 1.8356 1.2024
v  -1.4471 1.8383 1.1993
v  -1.4622 1.8358 1.2193
v  -1.4677 1.8400 1.2166
v  -1.4536 1.8429 1.1973
v  -1.4029 1.8227 1.1820
v  -1.3916 1.8174 1.1532
v  -1.3996 1.8337 1.1583
v  -1.4134 1.8329 1.1824
v  -1.4596 1.8603 1.1681
v  -1.4477 1.8548 1.1752
v  -1.4348 1.8630 1.1579
v  -1.4469 1.8684 1.1513
v  -1.4227 1.8408 1.1819
v  -1.4074 1.8460 1.1615
v  -1.4183 1.8514 1.1601
v  -1.4322 1.8447 1.1795
v  -1.4397 1.8492 1.1780
v  -1.4264 1.8570 1.1596
v  -1.4228 1.8713 1.1428
v  -1.4355 1.8770 1.1370
v  -1.4250 1.8835 1.1219
v  -1.4115 1.8780 1.1273
v  -1.3836 1.8142 1.1230
v  -1.3783 1.8149 1.0954
v  -1.3776 1.8383 1.1121
v  -1.3878 1.8354 1.1345
v  -1.3947 1.8499 1.1411
v  -1.3841 1.8538 1.1208
v  -1.3957 1.8616 1.1233
v  -1.4063 1.8569 1.1416
v  -1.4144 1.8638 1.1430
v  -1.4032 1.8696 1.1264
v  -1.4149 1.8875 1.1051
v  -1.4071 1.8912 1.0892
v  -1.4011 1.8819 1.1098
v  -1.3938 1.8827 1.0922
v  -1.3713 1.8206 1.0753
v  -1.3613 1.8289 1.0611
v  -1.3654 1.8464 1.0735
v  -1.3711 1.8418 1.0913
v  -1.3938 1.8724 1.1075
v  -1.3879 1.8734 1.0886
v  -1.3894 1.8628 1.1022
v  -1.3843 1.8640 1.0823
v  -1.3799 1.8545 1.0985
v  -1.3753 1.8562 1.0787
v  -1.1920 1.9916 0.9135
v  -1.1872 1.9443 0.9318
v  -1.2271 1.9954 0.9628
v  -1.2153 1.9509 0.9770
v  -1.2244 1.8452 0.9458
v  -1.2234 1.8540 0.9295
v  -1.2377 1.8762 0.9610
v  -1.2436 1.8606 0.9712
v  -1.1965 1.9126 0.9364
v  -1.1758 1.9025 0.8927
v  -1.2191 1.9213 0.9789
v  -1.2084 1.8944 0.9384
v  -1.2269 1.9029 0.9766
v  -1.1897 1.8771 0.8975
v  -1.1650 1.8717 0.8608
v  -1.1715 1.8512 0.8629
v  -1.1891 1.8560 0.8863
v  -1.2147 1.8748 0.9272
v  -1.2093 1.8577 0.9087
v  -1.2343 1.8906 0.9734
v  -1.2189 1.8865 0.9453
v  -1.1534 1.8967 0.8568
v  -1.3029 1.7318 1.2027
v  -1.3094 1.7298 1.2187
v  -1.3073 1.7180 1.2192
v  -1.2987 1.7165 1.2036
v  -1.3031 1.7318 1.2408
v  -1.3010 1.7198 1.2399
v  -1.2917 1.7359 1.2602
v  -1.2901 1.7203 1.2584
v  -1.2938 1.7202 1.2723
v  -1.2984 1.7411 1.2787
v  -1.2883 1.7351 1.2734
v  -1.3052 1.7237 1.2827
v  -1.3264 1.7542 1.2913
v  -1.3116 1.7469 1.2839
v  -1.3293 1.7389 1.3050
v  -1.3166 1.7303 1.2936
v  -1.3561 1.7752 1.3109
v  -1.3409 1.7639 1.3004
v  -1.3435 1.7491 1.3168
v  -1.3590 1.7602 1.3291
v  -1.3733 1.7868 1.3233
v  -1.3765 1.7716 1.3424
v  -1.3938 1.7971 1.3377
v  -1.3960 1.7817 1.3564
v  -1.4192 1.8040 1.3547
v  -1.4186 1.7882 1.3699
v  -1.4515 1.8044 1.3740
v  -1.4500 1.7855 1.3849
v  -1.4162 1.7625 1.3600
v  -1.4271 1.7724 1.3707
v  -1.4537 1.7657 1.3791
v  -1.4563 1.7402 1.3642
v  -1.4159 1.7127 1.3236
v  -1.3822 1.7396 1.3302
v  -1.4005 1.7517 1.3450
v  -1.4354 1.7257 1.3412
v  -1.3824 1.6893 1.2901
v  -1.3504 1.7165 1.3032
v  -1.3653 1.7275 1.3169
v  -1.3978 1.6999 1.3073
v  -1.3377 1.7071 1.2892
v  -1.3266 1.7005 1.2752
v  -1.3704 1.6809 1.2720
v  -1.3602 1.6753 1.2548
v  -1.3495 1.6718 1.2398
v  -1.3411 1.6701 1.2261
v  -1.3102 1.6992 1.2480
v  -1.3154 1.6979 1.2622
v  -1.3151 1.7004 1.2320
v  -1.3165 1.6980 1.2148
v  -1.3370 1.6689 1.2124
v  -1.3328 1.6666 1.1997
v  -1.3070 1.6943 1.2005
v  -1.3259 1.6649 1.1876
v  -1.3139 1.6637 1.1740
v  -1.2900 1.6888 1.1912
v  -1.2655 1.6807 1.1830
v  -1.2948 1.6616 1.1588
v  -1.2703 1.6582 1.1430
v  -1.2378 1.6755 1.1683
v  -1.2101 1.6743 1.1469
v  -1.2430 1.6569 1.1251
v  -1.2152 1.6543 1.1037
v  -1.1846 1.6736 1.1191
v  -1.1619 1.6679 1.0832
v  -1.1899 1.6468 1.0765
v  -1.1588 1.6268 1.0571
v  -1.1358 1.6513 1.0506
v  -1.1116 1.6373 1.0154
v  -1.1261 1.6194 1.0228
v  -1.1491 1.5422 1.1068
v  -1.1600 1.5670 1.0918
v  -1.1869 1.5516 1.1371
v  -1.1708 1.5274 1.1610
v  -1.1669 1.5423 1.1358
v  -1.2085 1.5349 1.1857
v  -1.1343 1.5203 1.1274
v  -1.1591 1.5949 1.0666
v  -1.1275 1.5939 1.0394
v  -1.1299 1.5652 1.0548
v  -1.1124 1.5552 1.0156
v  -1.1046 1.5840 1.0021
v  -1.0810 1.5722 0.9650
v  -1.0893 1.5440 0.9765
v  -1.0583 1.5328 0.9388
v  -1.0557 1.5590 0.9267
v  -1.0314 1.5444 0.8848
v  -1.0344 1.5658 0.8720
v  -1.0292 1.5202 0.8965
v  -1.0030 1.5090 0.8533
v  -1.0102 1.5313 0.8434
v  -1.0175 1.5508 0.8323
v  -0.9972 1.5222 0.8044
v  -1.0111 1.5393 0.7968
v  -0.9981 1.5086 0.7680
v  -0.9826 1.5021 0.8102
v  -0.9802 1.4867 0.7698
v  -1.0140 1.5282 0.7644
v  -1.0021 1.6123 0.8576
v  -1.0200 1.5958 0.8591
v  -1.0105 1.5814 0.8184
v  -0.9908 1.5981 0.8151
v  -1.0360 1.5830 0.8612
v  -1.0255 1.5674 0.8223
v  -1.0208 1.5559 0.7891
v  -1.0055 1.5697 0.7829
v  -1.0207 1.5467 0.7589
v  -1.0050 1.5600 0.7525
v  -0.9739 1.6278 0.7547
v  -0.9702 1.6049 0.7650
v  -0.9651 1.5863 0.7183
v  -0.9687 1.6136 0.7090
v  -0.9846 1.5847 0.7751
v  -0.9844 1.5722 0.7432
v  -1.0086 1.5515 0.7275
v  -0.9914 1.5613 0.7254
v  -1.0054 1.5451 0.6986
v  -0.9826 1.5603 0.7035
v  -1.0154 1.5168 0.7330
v  -1.0216 1.5376 0.7296
v  -1.0192 1.5274 0.6956
v  -1.0113 1.5042 0.6979
v  -1.1348 1.5379 1.0710
v  -1.1316 1.5187 1.0826
v  -1.1233 1.5076 1.0414
v  -1.1222 1.5288 1.0291
v  -1.0582 1.4931 1.1198
v  -1.0347 1.4922 1.0966
v  -1.0700 1.5071 1.0931
v  -1.0881 1.5047 1.1254
v  -1.0472 1.4959 1.0569
v  -1.0112 1.4835 1.0624
v  -1.0843 1.5018 1.0543
v  -1.1053 1.5131 1.0903
v  -1.1187 1.5139 1.0795
v  -1.1058 1.5035 1.0486
v  -1.1045 1.5171 0.9838
v  -1.1064 1.4904 0.9951
v  -1.0639 1.4895 0.9554
v  -1.0658 1.5084 0.9463
v  -1.0818 1.4919 1.0088
v  -1.0474 1.4909 0.9638
v  -1.0569 1.4933 1.0137
v  -1.0243 1.4934 0.9696
v  -1.0201 1.4910 1.0183
v  -0.9896 1.4923 0.9773
v  -0.9863 1.4781 1.0255
v  -0.9584 1.4778 0.9874
v  -1.0287 1.4987 0.9045
v  -1.0240 1.4849 0.9108
v  -0.9960 1.4893 0.8587
v  -0.9896 1.4736 0.8615
v  -1.0108 1.4845 0.9168
v  -0.9750 1.4718 0.8678
v  -0.9894 1.4903 0.9235
v  -0.9557 1.4787 0.8752
v  -0.9587 1.4915 0.9340
v  -0.9306 1.4805 0.8859
v  -0.9308 1.4769 0.9470
v  -0.9091 1.4659 0.8992
v  -1.0225 1.4671 1.1079
v  -1.0576 1.4737 1.1319
v  -1.0217 1.4423 1.1254
v  -1.0612 1.4502 1.1463
v  -0.9965 1.4312 1.0879
v  -0.9986 1.4577 1.0727
v  -0.9753 1.4525 1.0348
v  -0.9763 1.4240 1.0472
v  -0.9482 1.4199 1.0095
v  -0.9469 1.4515 0.9980
v  -0.9197 1.4493 0.9590
v  -0.9179 1.4169 0.9711
v  -0.8918 1.4130 0.9243
v  -0.8983 1.4417 0.9116
v  -0.8768 1.4299 0.8547
v  -0.8881 1.4496 0.8433
v  -0.8693 1.4059 0.8665
v  -0.8476 1.3980 0.8117
v  -0.8552 1.4188 0.8013
v  -0.8670 1.4354 0.7916
v  -0.9015 1.3770 0.9308
v  -0.8750 1.3752 0.8742
v  -0.8905 1.3462 0.8744
v  -0.9194 1.3438 0.9282
v  -0.8636 1.3477 0.8235
v  -0.8513 1.3723 0.8202
v  -1.2054 1.5106 1.2097
v  -1.2485 1.5136 1.2273
v  -1.2747 1.5048 1.2753
v  -1.2389 1.4995 1.2544
v  -1.2085 1.4898 1.2308
v  -1.2321 1.5107 1.2319
v  -1.1761 1.4999 1.1836
v  -1.1783 1.4747 1.2063
v  -1.1433 1.4531 1.1807
v  -1.1418 1.4870 1.1597
v  -1.0997 1.4792 1.1455
v  -1.1020 1.4534 1.1594
v  -1.0989 1.4376 1.1641
v  -1.0692 1.4313 1.1538
v  -1.1136 1.4317 1.1755
v  -1.0806 1.4197 1.1634
v  -1.0328 1.4203 1.1350
v  -1.0427 1.4071 1.1434
v  -1.0129 1.3867 1.1123
v  -1.0040 1.4053 1.1009
v  -0.9843 1.3922 1.0603
v  -0.9968 1.3634 1.0727
v  -0.9784 1.3392 1.0248
v  -0.9611 1.3825 1.0190
v  -0.9315 1.3783 0.9777
v  -0.9470 1.3417 0.9758
v  -1.2611 1.5097 1.3084
v  -1.2320 1.4981 1.2791
v  -1.2202 1.4972 1.3018
v  -1.2474 1.5114 1.3319
v  -1.1924 1.4819 1.2760
v  -1.2010 1.4854 1.2548
v  -1.1720 1.4678 1.2315
v  -1.1653 1.4648 1.2528
v  -1.1379 1.4467 1.2330
v  -1.1451 1.4460 1.2111
v  -1.1859 1.4751 1.2911
v  -1.1794 1.4648 1.3035
v  -1.1542 1.4512 1.2790
v  -1.1600 1.4589 1.2673
v  -1.1313 1.4458 1.2471
v  -1.1256 1.4397 1.2592
v  -1.1133 1.4313 1.1972
v  -1.1059 1.4357 1.2170
v  -1.0700 1.4264 1.1991
v  -1.0782 1.4199 1.1818
v  -1.0991 1.4374 1.2309
v  -1.0631 1.4275 1.2132
v  -1.0942 1.4306 1.2431
v  -1.0595 1.4188 1.2258
v  -1.0404 1.4044 1.1584
v  -1.0308 1.4096 1.1744
v  -0.9952 1.3813 1.1453
v  -1.0077 1.3797 1.1290
v  -0.9846 1.3714 1.1736
v  -0.9874 1.3795 1.1592
v  -1.0233 1.4095 1.1887
v  -1.0212 1.3999 1.2023
v  -0.9900 1.3447 1.0945
v  -0.9716 1.3406 1.1140
v  -0.9484 1.2993 1.0779
v  -0.9709 1.3120 1.0567
v  -0.9219 1.2905 1.1050
v  -0.9328 1.2945 1.0927
v  -0.9598 1.3384 1.1282
v  -0.9530 1.3334 1.1418
v  -1.5942 1.4416 1.6533
v  -1.5888 1.4187 1.6839
v  -1.5714 1.4250 1.6814
v  -1.5794 1.4492 1.6540
v  -1.5592 1.3915 1.7095
v  -1.5764 1.3851 1.7134
v  -1.5349 1.4044 1.6979
v  -1.5471 1.4362 1.6716
v  -1.5557 1.4599 1.6474
v  -1.5545 1.4701 1.5987
v  -1.5558 1.4813 1.5915
v  -1.5775 1.4740 1.5987
v  -1.5760 1.4641 1.6067
v  -1.5775 1.4814 1.5843
v  -1.5568 1.4882 1.5778
v  -1.5926 1.4730 1.5830
v  -1.5926 1.4662 1.5975
v  -1.5898 1.4577 1.6062
v  -1.5549 1.4635 1.6139
v  -1.5541 1.4638 1.6049
v  -1.5759 1.4592 1.6127
v  -1.5774 1.4579 1.6209
v  -1.5886 1.4529 1.6121
v  -1.5900 1.4511 1.6199
v  -1.5930 1.4497 1.6325
v  -1.5799 1.4573 1.6339
v  -1.5570 1.4652 1.6273
v  -1.5233 1.4889 1.5737
v  -1.5277 1.4943 1.5607
v  -1.5198 1.4777 1.5809
v  -1.4791 1.4893 1.5582
v  -1.4852 1.4982 1.5496
v  -1.4932 1.5030 1.5371
v  -1.4725 1.4821 1.5732
v  -1.4753 1.4834 1.5647
v  -1.5173 1.4701 1.5873
v  -1.5159 1.4695 1.5971
v  -1.5162 1.4731 1.6099
v  -1.5139 1.4738 1.6293
v  -1.4662 1.4865 1.6015
v  -1.4704 1.4844 1.5848
v  -1.4466 1.5082 1.5215
v  -1.4555 1.5116 1.5092
v  -1.4409 1.4989 1.5299
v  -1.4069 1.5084 1.5020
v  -1.4109 1.5162 1.4927
v  -1.4191 1.5175 1.4806
v  -1.2868 1.5204 1.3469
v  -1.2759 1.5187 1.3680
v  -1.3031 1.5101 1.3267
v  -1.3217 1.5151 1.3712
v  -1.3100 1.5246 1.3862
v  -1.3027 1.5223 1.4033
v  -1.3813 1.5210 1.4665
v  -1.3894 1.5196 1.4542
v  -1.3795 1.5156 1.4782
v  -1.3540 1.5185 1.4577
v  -1.3558 1.5225 1.4416
v  -1.3642 1.5183 1.4293
v  -1.4015 1.5020 1.5149
v  -1.4057 1.5029 1.5100
v  -1.4371 1.4931 1.5366
v  -1.4340 1.4924 1.5446
v  -1.3839 1.5100 1.4896
v  -1.3760 1.5095 1.4867
v  -1.4308 1.4944 1.5543
v  -1.4254 1.4942 1.5666
v  -1.3916 1.4989 1.5291
v  -1.3973 1.5022 1.5218
v  -1.3712 1.5068 1.4898
v  -1.3657 1.5017 1.4929
v  -1.3489 1.5047 1.4695
v  -1.3483 1.5113 1.4622
v  -1.3325 1.5233 1.4164
v  -1.3266 1.5235 1.4306
v  -1.3415 1.5162 1.4038
v  -1.5052 1.4548 1.6518
v  -1.4953 1.4254 1.6758
v  -1.4455 1.4466 1.6386
v  -1.4576 1.4721 1.6201
v  -1.4171 1.4830 1.5797
v  -1.4097 1.4652 1.5849
v  -1.3798 1.4734 1.5351
v  -1.3848 1.4887 1.5340
v  -1.4041 1.4463 1.5775
v  -1.3789 1.4550 1.5313
v  -1.4156 1.4346 1.6198
v  -1.4047 1.4218 1.6032
v  -1.3999 1.4250 1.5707
v  -1.3759 1.4322 1.5311
v  -1.3124 1.4904 1.4342
v  -1.3032 1.5079 1.4150
v  -1.3259 1.5118 1.4404
v  -1.3349 1.5002 1.4560
v  -1.3568 1.4930 1.4893
v  -1.3499 1.4804 1.4833
v  -1.2384 1.5033 1.3502
v  -1.2103 1.4920 1.3191
v  -1.2023 1.4787 1.3330
v  -1.2337 1.4880 1.3703
v  -1.2970 1.4570 1.4462
v  -1.3076 1.4739 1.4409
v  -1.3454 1.4640 1.4820
v  -1.3377 1.4437 1.4888
v  -1.2723 1.5059 1.3832
v  -1.2727 1.4929 1.3971
v  -1.2783 1.4817 1.4116
v  -1.2623 1.4717 1.4092
v  -1.3666 1.9075 0.7388
v  -1.3570 1.9624 0.7672
v  -1.3172 1.9567 0.7261
v  -1.3272 1.9039 0.7053
v  -1.2760 1.9467 0.6853
v  -1.2860 1.8999 0.6703
v  -1.2423 1.9403 0.6449
v  -1.2531 1.9000 0.6326
v  -1.2134 1.9372 0.6083
v  -1.2247 1.9017 0.5975
v  -1.1782 1.9046 0.5412
v  -1.2001 1.9038 0.5668
v  -1.1894 1.9391 0.5772
v  -1.1679 1.9410 0.5516
v  -1.1499 1.9409 0.5288
v  -1.1599 1.9037 0.5192
v  -1.1339 1.9392 0.5080
v  -1.1442 1.9017 0.4992
v  -1.1188 1.9362 0.4890
v  -1.1292 1.8991 0.4799
v  -1.1042 1.9329 0.4696
v  -1.1139 1.8957 0.4606
v  -1.0898 1.9302 0.4482
v  -1.0984 1.8920 0.4394
v  -1.0740 1.9259 0.4245
v  -1.0828 1.8873 0.4154
v  -1.0588 1.9211 0.3956
v  -1.0680 1.8808 0.3868
v  -1.0438 1.9149 0.3600
v  -1.0519 1.8707 0.3541
v  -1.0277 1.9062 0.3166
v  -1.0365 1.8569 0.3147
v  -1.0093 1.9008 0.2686
v  -1.0211 1.8374 0.2649
v  -0.9808 1.8682 0.1605
v  -0.9992 1.8526 0.2102
v  -0.9900 1.9057 0.2189
v  -0.9708 1.9177 0.1699
v  -1.0295 1.7957 0.2357
v  -1.0117 1.8126 0.1947
v  -1.0197 1.7761 0.1802
v  -1.0345 1.7605 0.2187
v  -0.9933 1.8294 0.1477
v  -1.0011 1.7927 0.1362
v  -1.3081 1.8432 0.6693
v  -1.3437 1.8397 0.7031
v  -1.3340 1.8660 0.7029
v  -1.2925 1.8661 0.6709
v  -1.3742 1.8662 0.7305
v  -1.3798 1.8367 0.7298
v  -1.2454 1.8476 0.5951
v  -1.2751 1.8457 0.6320
v  -1.2585 1.8685 0.6341
v  -1.2293 1.8714 0.5983
v  -1.1993 1.8498 0.5329
v  -1.2203 1.8494 0.5615
v  -1.2044 1.8739 0.5662
v  -1.1823 1.8742 0.5396
v  -1.1688 1.8460 0.4911
v  -1.1831 1.8484 0.5102
v  -1.1652 1.8731 0.5174
v  -1.1509 1.8713 0.4973
v  -1.1371 1.8397 0.4547
v  -1.1534 1.8431 0.4731
v  -1.1361 1.8690 0.4783
v  -1.1204 1.8656 0.4591
v  -1.1055 1.8300 0.4112
v  -1.1206 1.8355 0.4341
v  -1.1040 1.8616 0.4382
v  -1.0881 1.8560 0.4146
v  -1.0726 1.8475 0.3886
v  -1.0932 1.8222 0.3857
v  -1.0570 1.8353 0.3599
v  -1.0834 1.8119 0.3579
v  -1.0388 1.8003 0.2928
v  -1.0639 1.7740 0.3051
v  -1.0731 1.7962 0.3299
v  -1.0444 1.8204 0.3266
v  -1.0392 1.7720 0.2679
v  -1.0586 1.7453 0.2860
v  -1.0373 1.7396 0.2531
v  -1.0523 1.7137 0.2735
v  -1.3560 1.8203 0.6981
v  -1.3858 1.8190 0.7216
v  -1.3256 1.8212 0.6662
v  -1.3453 1.8014 0.6620
v  -1.3701 1.8052 0.6933
v  -1.3873 1.8089 0.7115
v  -1.2963 1.8217 0.6283
v  -1.2693 1.8219 0.5894
v  -1.2977 1.7975 0.5818
v  -1.3205 1.7986 0.6230
v  -1.2457 1.8217 0.5541
v  -1.2254 1.8200 0.5247
v  -1.2585 1.7920 0.5135
v  -1.2769 1.7955 0.5444
v  -1.2096 1.8168 0.5024
v  -1.1952 1.8131 0.4845
v  -1.2304 1.7857 0.4719
v  -1.2444 1.7888 0.4902
v  -1.3938 1.7830 0.6467
v  -1.4115 1.7937 0.6841
v  -1.3898 1.7949 0.6895
v  -1.3691 1.7866 0.6556
v  -1.4057 1.8053 0.7159
v  -1.4269 1.8048 0.7156
v  -1.3769 1.7776 0.6032
v  -1.3489 1.7822 0.6142
v  -1.3302 1.7814 0.5708
v  -1.3603 1.7768 0.5584
v  -1.3438 1.7742 0.5167
v  -1.3122 1.7791 0.5312
v  -1.2953 1.7737 0.4986
v  -1.3282 1.7660 0.4824
v  -1.5443 1.8142 0.7266
v  -1.5615 1.8226 0.7639
v  -1.5520 1.8267 0.7671
v  -1.5363 1.8183 0.7295
v  -1.5387 1.8274 0.7697
v  -1.5245 1.8205 0.7326
v  -1.5193 1.8112 0.6923
v  -1.5080 1.8158 0.6968
v  -1.5270 1.8058 0.6891
v  -1.5001 1.8079 0.6478
v  -1.5095 1.8011 0.6435
v  -1.4876 1.8131 0.6542
v  -1.4672 1.8134 0.6067
v  -1.4819 1.8097 0.5976
v  -1.4936 1.8017 0.5920
v  -1.4668 1.8146 0.5441
v  -1.4793 1.8063 0.5369
v  -1.4509 1.8168 0.5558
v  -1.4360 1.8186 0.5049
v  -1.4528 1.8203 0.4914
v  -1.4672 1.8137 0.4830
v  -1.4363 1.8165 0.4441
v  -1.4510 1.8120 0.4358
v  -1.4203 1.8139 0.4571
v  -1.4048 1.8000 0.4169
v  -1.4187 1.8025 0.4052
v  -1.4307 1.7992 0.3982
v  -1.4000 1.7839 0.3760
v  -1.4098 1.7806 0.3700
v  -1.3881 1.7824 0.3872
v  -1.3699 1.7647 0.3641
v  -1.3810 1.7642 0.3532
v  -1.3897 1.7606 0.3479
v  -1.3627 1.7454 0.3346
v  -1.3713 1.7409 0.3301
v  -1.3513 1.7477 0.3448
v  -1.3330 1.7317 0.3275
v  -1.3451 1.7284 0.3175
v  -1.3545 1.7234 0.3131
v  -1.3136 1.6995 0.2827
v  -1.3243 1.6949 0.2774
v  -1.3390 1.7083 0.2956
v  -1.3288 1.7133 0.3004
v  -1.3161 1.7167 0.3109
v  -1.3007 1.7023 0.2938
v  -1.2994 1.6868 0.2635
v  -1.3100 1.6827 0.2582
v  -1.2867 1.6891 0.2744
v  -1.2711 1.6766 0.2531
v  -1.2840 1.6738 0.2427
v  -1.2946 1.6698 0.2374
v  -1.2557 1.6333 0.1949
v  -1.2764 1.6537 0.2152
v  -1.2650 1.6583 0.2209
v  -1.2441 1.6383 0.2013
v  -1.2516 1.6616 0.2315
v  -1.2313 1.6414 0.2125
v  -1.2228 1.6144 0.1861
v  -1.2335 1.6089 0.1792
v  -1.2116 1.6182 0.1976
v  -1.1911 1.5936 0.1839
v  -1.2009 1.5889 0.1721
v  -1.2105 1.5827 0.1664
v  -1.4663 1.8129 0.7078
v  -1.4474 1.8056 0.6709
v  -1.4682 1.8110 0.6625
v  -1.4885 1.8160 0.7023
v  -1.4285 1.7998 0.6286
v  -1.4481 1.8081 0.6176
v  -1.4113 1.7922 0.6380
v  -1.3950 1.7894 0.5931
v  -1.4118 1.7996 0.5821
v  -1.3790 1.7887 0.5470
v  -1.3958 1.8004 0.5348
v  -1.4160 1.8113 0.5200
v  -1.4313 1.8101 0.5691
v  -1.3635 1.7834 0.5033
v  -1.3795 1.7966 0.4893
v  -1.3494 1.7726 0.4667
v  -1.3655 1.7851 0.4508
v  -1.3858 1.7940 0.4330
v  -1.4001 1.8072 0.4729
v  -1.3342 1.7583 0.4034
v  -1.3530 1.7625 0.3823
v  -1.3705 1.7780 0.4043
v  -1.3507 1.7716 0.4237
v  -1.3344 1.7476 0.3636
v  -1.3163 1.7321 0.3470
v  -1.3167 1.7441 0.3859
v  -1.2995 1.7290 0.3703
v  -1.2690 1.6979 0.3393
v  -1.2846 1.7017 0.3146
v  -1.2999 1.7162 0.3314
v  -1.2837 1.7132 0.3554
v  -1.2406 1.6703 0.2979
v  -1.2545 1.6773 0.2729
v  -1.2701 1.6894 0.2947
v  -1.2554 1.6838 0.3198
v  -1.2046 1.6397 0.2541
v  -1.2167 1.6427 0.2313
v  -1.2357 1.6625 0.2506
v  -1.2229 1.6563 0.2746
v  -1.4598 1.8162 0.7410
v  -1.4724 1.8219 0.7681
v  -1.4463 1.8307 0.7706
v  -1.4462 1.8094 0.7123
v  -1.4365 1.8142 0.7411
v  -1.4826 1.8184 0.7386
v  -1.4965 1.8232 0.7702
v  -1.5054 1.8202 0.7358
v  -1.5194 1.8254 0.7707
v  -1.4290 1.8005 0.6778
v  -1.3197 1.8329 1.0116
v  -1.3210 1.8484 1.0204
v  -1.2991 1.8381 1.0015
v  -1.2958 1.8564 1.0108
v  -1.2790 1.8379 0.9890
v  -1.2710 1.8528 0.9937
v  -1.3585 1.8530 1.0591
v  -1.3512 1.8382 1.0516
v  -1.3402 1.8487 1.0424
v  -1.3458 1.8607 1.0500
v  -1.2591 1.8808 0.9969
v  -1.2763 1.8808 1.0219
v  -1.2835 1.8709 1.0139
v  -1.2652 1.8677 0.9944
v  -1.3048 1.8738 1.0445
v  -1.3253 1.8671 1.0476
v  -1.3224 1.8590 1.0340
v  -1.3034 1.8662 1.0301
v  -1.2921 1.8722 1.0283
v  -1.2897 1.8790 1.0376
v  -1.3674 1.8619 1.0631
v  -1.3515 1.8693 1.0564
v  -1.3565 1.8772 1.0637
v  -1.3744 1.8700 1.0681
v  -1.2526 1.8919 1.0028
v  -1.2716 1.8908 1.0283
v  -1.2477 1.9047 1.0088
v  -1.2695 1.9028 1.0333
v  -1.3096 1.8925 1.0598
v  -1.3334 1.8842 1.0638
v  -1.3294 1.8754 1.0561
v  -1.3069 1.8823 1.0534
v  -1.2889 1.8879 1.0442
v  -1.2896 1.8989 1.0494
v  -1.2441 1.9225 1.0126
v  -1.2479 1.9493 1.0110
v  -1.2696 1.9190 1.0373
v  -1.2785 1.9428 1.0358
v  -1.3696 1.9017 1.0787
v  -1.3841 1.8904 1.0822
v  -1.3778 1.8795 1.0761
v  -1.3608 1.8875 1.0714
v  -1.3380 1.8965 1.0702
v  -1.3141 1.9061 1.0642
v  -1.3248 1.9258 1.0662
v  -1.3486 1.9141 1.0749
v  -1.2924 1.9136 1.0535
v  -1.3029 1.9350 1.0535
v  -1.4008 1.9056 1.0826
v  -1.4201 1.9123 1.0740
v  -1.3915 1.9241 1.0792
v  -1.4266 1.9352 1.0578
v  -1.4453 1.9160 1.0509
v  -1.4309 1.9097 1.0677
v  -1.2691 1.9848 0.9963
v  -1.3028 1.9762 1.0249
v  -1.3012 2.0109 0.9650
v  -1.3378 2.0036 0.9969
v  -1.3839 1.9682 1.0239
v  -1.4078 1.9595 1.0426
v  -1.3736 1.9417 1.0714
v  -1.3506 1.9551 1.0580
v  -1.3286 1.9657 1.0438
v  -1.3637 1.9859 1.0130
v  -1.4717 1.9141 1.0092
v  -1.4631 1.9408 1.0060
v  -1.4854 1.9279 0.9510
v  -1.4889 1.9035 0.9587
v  -1.4080 1.9934 0.8883
v  -1.3767 2.0106 0.9480
v  -1.3389 2.0192 0.9158
v  -1.3732 2.0022 0.8573
v  -1.4430 1.9620 0.9934
v  -1.4695 1.9476 0.9373
v  -1.4159 1.9670 0.9765
v  -1.4444 1.9556 0.9225
v  -1.3995 1.9889 0.9656
v  -1.4276 1.9734 0.9086
v  -1.5117 1.8459 0.9268
v  -1.4990 1.8588 0.9193
v  -1.4983 1.8562 0.8700
v  -1.5118 1.8396 0.8579
v  -1.4949 1.8737 0.9173
v  -1.4956 1.8771 0.8821
v  -1.4281 1.9100 0.7874
v  -1.4246 1.9584 0.8292
v  -1.3947 1.9641 0.8009
v  -1.4021 1.9107 0.7639
v  -1.4939 1.8918 0.9246
v  -1.4941 1.9044 0.9080
v  -1.4820 1.8581 0.8281
v  -1.4815 1.8358 0.8135
v  -1.4859 1.8878 0.8492
v  -1.4669 1.8988 0.8241
v  -1.4604 1.8643 0.7993
v  -1.5086 1.8298 0.8093
v  -1.4864 1.8269 0.7976
v  -1.4069 1.8658 0.7531
v  -1.4313 1.8678 0.7721
v  -1.4104 1.8332 0.7497
v  -1.4474 1.9073 0.8074
v  -1.4459 1.8758 0.7881
v  -1.4117 1.8156 0.7359
v  -1.4446 1.9455 0.8509
v  -1.4635 1.9331 0.8682
v  -1.4837 1.9213 0.8871
v  -1.5316 1.8314 0.8154
v  -1.5370 1.8318 0.8706
v  -1.5523 1.8315 0.8167
v  -1.5633 1.8254 0.8776
v  -1.5664 1.8304 0.8137
v  -1.5775 1.8253 0.8093
v  -1.5885 1.8197 0.8553
v  -1.5784 1.8243 0.8604
v  -1.5930 1.8313 1.2118
v  -1.5786 1.8250 1.1866
v  -1.6052 1.8208 1.1726
v  -1.6195 1.8240 1.2012
v  -1.5673 1.8232 1.1605
v  -1.5948 1.8195 1.1437
v  -1.5584 1.8235 1.1348
v  -1.5893 1.8193 1.1147
v  -1.5475 1.8271 1.1093
v  -1.5868 1.8227 1.0787
v  -1.5147 1.8517 1.0643
v  -1.5317 1.8378 1.0848
v  -1.5649 1.8338 1.0475
v  -1.5482 1.8462 1.0085
v  -1.4994 1.8643 1.0498
v  -1.5228 1.8564 0.9971
v  -1.5317 1.8359 0.9352
v  -1.5527 1.8279 0.9418
v  -1.6204 1.8300 1.0246
v  -1.6054 1.8272 1.0451
v  -1.5892 1.8314 1.0150
v  -1.6074 1.8367 0.9904
v  -1.5748 1.8298 0.9784
v  -1.5943 1.8329 0.9498
v  -1.5692 1.8242 0.9438
v  -1.5818 1.8255 0.9143
v  -1.6267 1.8457 0.9229
v  -1.6099 1.8431 0.9323
v  -1.5945 1.8308 0.8971
v  -1.6066 1.8310 0.8897
v  -1.6223 1.8406 0.9753
v  -1.6363 1.8378 0.9680
v  -1.6422 1.8276 1.0093
v  -1.6334 1.8304 1.0134
v  -1.5090 1.3526 1.7561
v  -1.5218 1.3748 1.7280
v  -1.5475 1.3628 1.7421
v  -1.5365 1.3433 1.7731
v  -1.5683 1.3559 1.7479
v  -1.5622 1.3316 1.7784
v  -1.4437 1.3703 1.7065
v  -1.4459 1.4080 1.6822
v  -1.4854 1.3931 1.7071
v  -1.4770 1.3630 1.7346
v  -1.4149 1.4084 1.6536
v  -1.4179 1.3724 1.6690
v  -1.4037 1.3740 1.6264
v  -1.4004 1.4031 1.6183
v  -1.3915 1.4005 1.5793
v  -1.3878 1.3752 1.5870
v  -1.3563 1.3795 1.5538
v  -1.3657 1.4064 1.5427
v  -1.3258 1.4183 1.5026
v  -1.3133 1.3922 1.5177
v  -1.2678 1.4081 1.4787
v  -1.2835 1.4327 1.4600
v  -1.2460 1.4503 1.4208
v  -1.2331 1.4217 1.4352
v  -1.2095 1.4299 1.3910
v  -1.2151 1.4610 1.3824
v  -1.1947 1.4570 1.3451
v  -1.1910 1.4309 1.3532
v  -1.1685 1.4279 1.3255
v  -1.1729 1.4486 1.3157
v  -1.1423 1.4229 1.3061
v  -1.1469 1.4401 1.2935
v  -1.1187 1.4305 1.2752
v  -1.1147 1.4151 1.2898
v  -1.0884 1.4205 1.2591
v  -1.0551 1.4071 1.2415
v  -1.0856 1.4044 1.2739
v  -1.0534 1.3901 1.2565
v  -1.0183 1.3877 1.2187
v  -1.0175 1.3711 1.2349
v  -0.9810 1.3609 1.1906
v  -0.9784 1.3459 1.2087
v  -0.9460 1.3254 1.1575
v  -0.9121 1.2839 1.1172
v  -0.9390 1.3126 1.1755
v  -0.9032 1.2745 1.1304
v  -1.3548 1.3500 1.5521
v  -1.3100 1.3613 1.5191
v  -1.3229 1.3326 1.5018
v  -1.3661 1.3221 1.5350
v  -1.2821 1.3487 1.4663
v  -1.2681 1.3775 1.4792
v  -1.2379 1.3910 1.4348
v  -1.2510 1.3608 1.4269
v  -1.2257 1.3684 1.3883
v  -1.2145 1.4001 1.3923
v  -1.1935 1.4037 1.3563
v  -1.2027 1.3720 1.3540
v  -1.1794 1.3714 1.3262
v  -1.1708 1.4024 1.3287
v  -1.1466 1.3984 1.3083
v  -1.1560 1.3679 1.3050
v  -1.1207 1.3908 1.2916
v  -1.1320 1.3606 1.2880
v  -1.0930 1.3789 1.2769
v  -1.0631 1.3633 1.2599
v  -1.1069 1.3481 1.2735
v  -1.0810 1.3330 1.2550
v  -1.0295 1.3438 1.2397
v  -0.9931 1.3182 1.2143
v  -1.0527 1.3160 1.2307
v  -1.0215 1.2951 1.1999
v  -0.9542 1.2851 1.1817
v  -0.9131 1.2503 1.1398
v  -0.9852 1.2663 1.1639
v  -0.9419 1.2328 1.1242
v  -0.9062 1.4615 0.8323
v  -0.8836 1.4459 0.7826
v  -0.9024 1.4480 0.7752
v  -0.9272 1.4610 0.8234
v  -0.8343 1.3694 0.7782
v  -0.8311 1.3909 0.7700
v  -0.8443 1.3499 0.7824
v  -0.8341 1.3513 0.7591
v  -0.8249 1.3648 0.7476
v  -0.8228 1.3845 0.7389
v  -0.8412 1.4176 0.7364
v  -0.8501 1.4250 0.7551
v  -0.8377 1.4103 0.7625
v  -0.8299 1.4038 0.7342
v  -0.9576 1.4667 0.8097
v  -0.9441 1.4577 0.8159
v  -0.9180 1.4485 0.7687
v  -0.9360 1.4502 0.7576
v  -0.8670 1.4188 0.7140
v  -0.8824 1.4379 0.7375
v  -0.8645 1.4341 0.7464
v  -0.8493 1.4194 0.7233
v  -0.8449 1.3716 0.7054
v  -0.8530 1.3957 0.7032
v  -0.8347 1.4008 0.7128
v  -0.8240 1.3781 0.7137
v  -0.8263 1.3560 0.7265
v  -0.8413 1.3437 0.7479
v  -0.8473 1.3512 0.7222
v  -0.8551 1.3418 0.7433
v  -0.9582 1.3128 0.9591
v  -0.9389 1.3189 0.9140
v  -0.9702 1.3018 0.9958
v  -0.9675 1.2751 0.9741
v  -0.9740 1.2924 0.9407
v  -0.9613 1.3018 0.8976
v  -0.9478 1.2827 1.0200
v  -0.9346 1.2527 0.9901
v  -0.9178 1.2665 1.0352
v  -0.8936 1.2380 0.9953
v  -0.8973 1.2579 1.0477
v  -0.8641 1.2325 1.0016
v  -0.8838 1.2498 1.0591
v  -0.8444 1.2250 1.0116
v  -0.8737 1.2414 1.0687
v  -0.8311 1.2131 1.0234
v  -0.8664 1.2338 1.0765
v  -0.8225 1.2006 1.0354
v  -0.8672 1.2156 1.0888
v  -0.8898 1.1981 1.0821
v  -0.8445 1.1672 1.0465
v  -0.8246 1.1824 1.0475
v  -0.8019 1.1578 1.0176
v  -0.7929 1.1777 1.0046
v  -0.8236 1.1466 1.0214
v  -0.8258 1.1348 1.0008
v  -0.8022 1.1450 0.9899
v  -0.7882 1.1618 0.9845
v  -0.8026 1.1940 0.9875
v  -0.8211 1.2062 0.9716
v  -0.8000 1.1676 0.9661
v  -0.8221 1.1763 0.9512
v  -0.8158 1.1462 0.9699
v  -0.8356 1.1523 0.9582
v  -0.8373 1.1346 0.9821
v  -0.8475 1.1405 0.9699
v  -0.8465 1.2130 0.9628
v  -0.8482 1.1841 0.9445
v  -0.8848 1.1935 0.9511
v  -0.8822 1.2179 0.9627
v  -0.8439 1.1410 1.0242
v  -0.8526 1.1319 1.0123
v  -0.8689 1.1530 1.0431
v  -0.8897 1.1376 1.0319
v  -0.8599 1.1583 0.9542
v  -0.8952 1.1685 0.9574
v  -0.8684 1.1412 0.9731
v  -0.9041 1.1484 0.9794
v  -0.8637 1.1316 0.9931
v  -0.9025 1.1363 1.0063
v  -1.1623 1.6979 0.6612
v  -1.1650 1.6602 0.6649
v  -1.1432 1.6631 0.6271
v  -1.1416 1.6984 0.6210
v  -1.0514 1.7534 0.5974
v  -1.0880 1.7270 0.5886
v  -1.0598 1.7200 0.5566
v  -1.0225 1.7448 0.5620
v  -1.0159 1.7105 0.4981
v  -0.9769 1.7360 0.4938
v  -0.9999 1.7398 0.5293
v  -1.0385 1.7152 0.5288
v  -1.1187 1.6236 0.6681
v  -1.1577 1.6296 0.6657
v  -1.1350 1.6372 0.6290
v  -1.0990 1.6319 0.6332
v  -1.1089 1.6950 0.5890
v  -1.1128 1.6659 0.5950
v  -1.0852 1.6662 0.5641
v  -1.0801 1.6915 0.5588
v  -1.0584 1.6876 0.5322
v  -1.0638 1.6629 0.5360
v  -1.0413 1.6569 0.5059
v  -1.0373 1.6827 0.5014
v  -1.0724 1.6416 0.6036
v  -1.1046 1.6461 0.5990
v  -1.0742 1.6515 0.5710
v  -1.0456 1.6444 0.5741
v  -1.0539 1.6379 0.6630
v  -1.0362 1.6395 0.6266
v  -0.9894 1.6249 0.6588
v  -0.9755 1.6197 0.6184
v  -1.0495 1.6499 0.5434
v  -1.0292 1.6408 0.5115
v  -1.0211 1.6437 0.5453
v  -1.0027 1.6325 0.5127
v  -0.9525 1.5777 0.6675
v  -0.9591 1.6026 0.6625
v  -0.9474 1.5940 0.6197
v  -0.9385 1.5693 0.6246
v  -1.0156 1.6377 0.5963
v  -0.9967 1.6326 0.5667
v  -0.9626 1.6130 0.5859
v  -0.9515 1.6068 0.5567
v  -0.9800 1.6273 0.5369
v  -0.9679 1.6179 0.5050
v  -0.9422 1.6016 0.5276
v  -0.9372 1.5948 0.4966
v  -0.9947 1.5363 0.6584
v  -0.9699 1.5536 0.6656
v  -0.9734 1.5258 0.6183
v  -0.9523 1.5441 0.6245
v  -0.9363 1.5866 0.5856
v  -0.9265 1.5810 0.5558
v  -0.9249 1.5626 0.5898
v  -0.9121 1.5578 0.5590
v  -0.9055 1.5551 0.5263
v  -0.9198 1.5771 0.5256
v  -0.9191 1.5719 0.4939
v  -0.9085 1.5515 0.4923
v  -1.0067 1.5147 0.6529
v  -0.9746 1.5042 0.6157
v  -0.9948 1.4893 0.6550
v  -0.9626 1.4787 0.6161
v  -0.9315 1.5380 0.5912
v  -0.9466 1.5199 0.5859
v  -0.9243 1.5177 0.5539
v  -0.9128 1.5350 0.5594
v  -0.9043 1.5349 0.5243
v  -0.9078 1.5335 0.4880
v  -0.9100 1.5171 0.5196
v  -0.9054 1.5152 0.4820
v  -0.9418 1.4992 0.5847
v  -0.9172 1.4963 0.5513
v  -0.9297 1.4726 0.5835
v  -0.9027 1.4682 0.5505
v  -0.9004 1.4953 0.5159
v  -0.8875 1.4949 0.4765
v  -0.8832 1.4656 0.5145
v  -0.8664 1.4646 0.4728
v  -1.4937 1.8234 1.3598
v  -1.4935 1.8132 1.3777
v  -1.4953 1.8283 1.3442
v  -1.5163 1.8298 1.3625
v  -1.5205 1.8215 1.3785
v  -1.5334 1.8039 1.4022
v  -1.5164 1.8351 1.3518
v  -1.5014 1.8286 1.3350
v  -1.5082 1.8285 1.3283
v  -1.5189 1.8377 1.3429
v  -1.5210 1.8441 1.3623
v  -1.5231 1.8377 1.3750
v  -1.5219 1.8480 1.3515
v  -1.5281 1.8556 1.3580
v  -1.5275 1.8520 1.3692
v  -1.5296 1.8461 1.3827
v  -1.5130 1.8305 1.3184
v  -1.5160 1.8313 1.3075
v  -1.5280 1.8358 1.3175
v  -1.5227 1.8380 1.3317
v  -1.5155 1.8315 1.2984
v  -1.5209 1.8331 1.2983
v  -1.5251 1.8490 1.3400
v  -1.5301 1.8495 1.3287
v  -1.5351 1.8591 1.3375
v  -1.5306 1.8575 1.3476
v  -1.5421 1.8472 1.2968
v  -1.5345 1.8412 1.3078
v  -1.5248 1.8383 1.2933
v  -1.5306 1.8456 1.2841
v  -1.5372 1.8519 1.3178
v  -1.5477 1.8562 1.3063
v  -1.5541 1.8639 1.3163
v  -1.5427 1.8609 1.3270
v  -1.5423 1.8501 1.2713
v  -1.5555 1.8528 1.2838
v  -1.5558 1.8523 1.2583
v  -1.5706 1.8564 1.2715
v  -1.5550 1.8575 1.3943
v  -1.5621 1.8493 1.4099
v  -1.5484 1.8443 1.4064
v  -1.5417 1.8529 1.3896
v  -1.5601 1.8323 1.4251
v  -1.5729 1.8380 1.4264
v  -1.5479 1.8243 1.4212
v  -1.5359 1.8370 1.4001
v  -1.5513 1.8652 1.3714
v  -1.5517 1.8625 1.3816
v  -1.5392 1.8581 1.3760
v  -1.5393 1.8612 1.3651
v  -1.5565 1.8682 1.3558
v  -1.5528 1.8669 1.3632
v  -1.5412 1.8632 1.3560
v  -1.5453 1.8650 1.3473
v  -1.5631 1.8696 1.3480
v  -1.5524 1.8672 1.3380
v  -1.5635 1.8691 1.3289
v  -1.5731 1.8708 1.3409
v  -1.5664 1.8562 1.3938
v  -1.5735 1.8489 1.4079
v  -1.5755 1.8513 1.3915
v  -1.5825 1.8448 1.4035
v  -1.5836 1.8391 1.4230
v  -1.5922 1.8368 1.4170
v  -1.5630 1.8613 1.3829
v  -1.5623 1.8642 1.3743
v  -1.5712 1.8584 1.3749
v  -1.5721 1.8559 1.3820
v  -1.5633 1.8657 1.3675
v  -1.5663 1.8663 1.3615
v  -1.5745 1.8595 1.3643
v  -1.5720 1.8595 1.3694
v  -1.5802 1.8668 1.3486
v  -1.5718 1.8666 1.3549
v  -1.5860 1.8586 1.3523
v  -1.5789 1.8589 1.3583
v  -1.5924 1.8678 1.3441
v  -1.5963 1.8588 1.3475
v  -1.5871 1.8722 1.3354
v  -1.6035 1.8748 1.3347
v  -1.6067 1.8690 1.3432
v  -1.6092 1.8593 1.3446
v  -1.6224 1.8696 1.3464
v  -1.6243 1.8601 1.3453
v  -1.6212 1.8774 1.3412
v  -1.6391 1.8780 1.3530
v  -1.6388 1.8690 1.3546
v  -1.6402 1.8597 1.3516
v  -1.6697 1.8682 1.3884
v  -1.6671 1.8578 1.3863
v  -1.6543 1.8656 1.3688
v  -1.6555 1.8753 1.3694
v  -1.6685 1.8485 1.3802
v  -1.6555 1.8562 1.3643
v  -1.6779 1.8447 1.4031
v  -1.6787 1.8358 1.3956
v  -1.6822 1.8547 1.4066
v  -1.6926 1.8373 1.4229
v  -1.6883 1.8287 1.4173
v  -1.6877 1.8211 1.4095
v  -1.6953 1.8113 1.4301
v  -1.6952 1.7958 1.4426
v  -1.6910 1.7920 1.4350
v  -1.6934 1.8055 1.4225
v  -1.7001 1.8187 1.4372
v  -1.7023 1.8007 1.4501
v  -1.6873 1.7857 1.4545
v  -1.6750 1.7815 1.4639
v  -1.6955 1.7857 1.4626
v  -1.6812 1.7791 1.4739
v  -1.6712 1.7823 1.4541
v  -1.6825 1.7847 1.4458
v  -1.6637 1.7805 1.4807
v  -1.6606 1.7840 1.4697
v  -1.6445 1.7901 1.4823
v  -1.6453 1.7932 1.4704
v  -1.6589 1.7848 1.4591
v  -1.6458 1.7929 1.4592
v  -1.6283 1.8055 1.4637
v  -1.6312 1.8042 1.4527
v  -1.6237 1.8024 1.4752
v  -1.6034 1.8144 1.4608
v  -1.6110 1.8180 1.4520
v  -1.6167 1.8168 1.4423
v  -1.5867 1.8258 1.4435
v  -1.5959 1.8285 1.4378
v  -1.6035 1.8272 1.4300
v  -1.6260 1.8490 1.3411
v  -1.6273 1.8364 1.3351
v  -1.6129 1.8347 1.3405
v  -1.6113 1.8476 1.3433
v  -1.6422 1.8489 1.3458
v  -1.6444 1.8368 1.3385
v  -1.6573 1.8456 1.3575
v  -1.6703 1.8385 1.3722
v  -1.6721 1.8274 1.3632
v  -1.6596 1.8339 1.3494
v  -1.6802 1.8266 1.3865
v  -1.6818 1.8165 1.3766
v  -1.6881 1.8130 1.4000
v  -1.6890 1.8041 1.3895
v  -1.6926 1.7992 1.4129
v  -1.6886 1.7879 1.4249
v  -1.6868 1.7822 1.4136
v  -1.6917 1.7918 1.4022
v  -1.6796 1.7822 1.4345
v  -1.6687 1.7808 1.4417
v  -1.6663 1.7771 1.4283
v  -1.6774 1.7774 1.4222
v  -1.6575 1.7835 1.4462
v  -1.6458 1.7907 1.4464
v  -1.6453 1.7876 1.4324
v  -1.6557 1.7807 1.4322
v  -1.6097 1.8222 1.4204
v  -1.6210 1.8123 1.4311
v  -1.5994 1.8308 1.4092
v  -1.6056 1.8225 1.4003
v  -1.6149 1.8150 1.4094
v  -1.6245 1.8063 1.4188
v  -1.6332 1.8009 1.4405
v  -1.6347 1.7965 1.4272
v  -1.6621 1.8209 1.3408
v  -1.6464 1.8231 1.3308
v  -1.6741 1.8152 1.3538
v  -1.6637 1.8061 1.3345
v  -1.6750 1.8010 1.3459
v  -1.6478 1.8059 1.3280
v  -1.6832 1.8054 1.3666
v  -1.6827 1.7932 1.3578
v  -1.6893 1.7937 1.3791
v  -1.6850 1.7827 1.3695
v  -1.6893 1.7826 1.3915
v  -1.6831 1.7749 1.4023
v  -1.6769 1.7682 1.3899
v  -1.6838 1.7741 1.3811
v  -1.6736 1.7715 1.4097
v  -1.6629 1.7725 1.4146
v  -1.6590 1.7683 1.3996
v  -1.6687 1.7664 1.3967
v  -1.6530 1.7772 1.4179
v  -1.6439 1.7842 1.4179
v  -1.6433 1.7800 1.4019
v  -1.6507 1.7736 1.4029
v  -1.6353 1.7920 1.4132
v  -1.6366 1.7866 1.3989
v  -1.6272 1.7997 1.4058
v  -1.6306 1.7914 1.3922
v  -1.5833 1.8441 1.3891
v  -1.5798 1.8485 1.3816
v  -1.5788 1.8507 1.3755
v  -1.5841 1.8445 1.3757
v  -1.5865 1.8409 1.3795
v  -1.5905 1.8358 1.3853
v  -1.6399 1.7795 1.3848
v  -1.6372 1.7806 1.3775
v  -1.6504 1.7693 1.3588
v  -1.6453 1.7741 1.3834
v  -1.6747 1.7682 1.3712
v  -1.6672 1.7646 1.3754
v  -1.6737 1.7723 1.3612
v  -1.5798 1.8509 1.3705
v  -1.5867 1.8420 1.3718
v  -1.5824 1.8499 1.3655
v  -1.5900 1.8395 1.3662
v  -1.6486 1.7871 1.3363
v  -1.6610 1.7904 1.3373
v  -1.6679 1.7835 1.3453
v  -1.6754 1.7811 1.3532
v  -1.6630 1.7644 1.3832
v  -1.6555 1.7664 1.3820
v  -1.6500 1.7707 1.3875
v  -1.6191 1.8067 1.3981
v  -1.6241 1.7972 1.3868
v  -1.6112 1.8132 1.3905
v  -1.6183 1.8020 1.3801
v  -1.6312 1.7863 1.3765
v  -1.6289 1.7875 1.3689
v  -1.6295 1.8050 1.3298
v  -1.6343 1.7896 1.3361
v  -1.6269 1.7874 1.3489
v  -1.6145 1.8078 1.3450
v  -1.5901 1.8380 1.3986
v  -1.5971 1.8295 1.3922
v  -1.5919 1.8344 1.3746
v  -1.5971 1.8276 1.3786
v  -1.5965 1.8292 1.3673
v  -1.6031 1.8194 1.3697
v  -1.6107 1.8097 1.3741
v  -1.6036 1.8203 1.3840
v  -1.5864 1.8488 1.3597
v  -1.5941 1.8372 1.3598
v  -1.5924 1.8480 1.3538
v  -1.5989 1.8359 1.3532
v  -1.6044 1.8356 1.3472
v  -1.6006 1.8475 1.3483
v  -1.6012 1.8250 1.3587
v  -1.6092 1.8118 1.3588
v  -1.6051 1.8233 1.3510
v  -1.6072 1.8254 1.3460
v  -1.6137 1.8214 1.3392
v  -1.6275 1.8219 1.3293
v  -1.6193 1.7970 1.3625
v  -1.5290 1.8284 1.3922
v  -1.5407 1.8148 1.4149
v  -1.5757 1.8183 1.4467
v  -1.5943 1.8052 1.4693
v  -1.5650 1.8083 1.4480
v  -1.5849 1.7924 1.4768
v  -1.6173 1.7923 1.4874
v  -1.6105 1.7774 1.4983
v  -1.6429 1.7804 1.4964
v  -1.6405 1.7653 1.5095
v  -1.6684 1.7724 1.4947
v  -1.6731 1.7585 1.5092
v  -1.6912 1.7733 1.4866
v  -1.7064 1.7594 1.5016
v  -1.7088 1.7845 1.4720
v  -1.7243 1.7809 1.4793
v  -1.7154 1.8072 1.4587
v  -1.7368 1.8139 1.4671
v  -1.7526 1.7676 1.4838
v  -1.7394 1.7750 1.4838
v  -1.7530 1.8011 1.4777
v  -1.7681 1.7933 1.4792
v  -1.7291 1.7535 1.5022
v  -1.7439 1.7451 1.5020
v  -1.7122 1.8277 1.4424
v  -1.7286 1.8368 1.4441
v  -1.7041 1.8460 1.4228
v  -1.7182 1.8536 1.4195
v  -1.6931 1.8634 1.4024
v  -1.7055 1.8706 1.3958
v  -1.6790 1.8774 1.3822
v  -1.6902 1.8846 1.3733
v  -1.6621 1.8843 1.3625
v  -1.6716 1.8912 1.3522
v  -1.6427 1.8849 1.3441
v  -1.6493 1.8890 1.3322
v  -1.5795 1.8711 1.3211
v  -1.5709 1.8676 1.3057
v  -1.5937 1.8727 1.2978
v  -1.5988 1.8750 1.3192
v  -1.5807 1.8639 1.2830
v  -1.5633 1.8613 1.2940
v  -1.6207 1.8809 1.3283
v  -1.6234 1.8818 1.3141
v  -1.5838 1.8486 1.2404
v  -1.5676 1.8528 1.2481
v  -1.5833 1.8578 1.2621
v  -1.5999 1.8556 1.2569
v  -1.5947 1.8635 1.2749
v  -1.6087 1.8707 1.2879
v  -1.6114 1.8627 1.2717
v  -1.6196 1.8689 1.2834
v  -1.6099 1.8404 1.2352
v  -1.6258 1.8524 1.2560
v  -1.6365 1.8341 1.2292
v  -1.6520 1.8496 1.2548
v  -1.6368 1.8636 1.2753
v  -1.6401 1.8727 1.2916
v  -1.6626 1.8632 1.2794
v  -1.6714 1.8766 1.3066
v  -1.6328 1.8783 1.3033
v  -1.6597 1.8859 1.3206
v  -1.6823 1.8906 1.3408
v  -1.6931 1.8852 1.3310
v  -1.7110 1.8830 1.3543
v  -1.7009 1.8844 1.3637
v  -1.7170 1.8711 1.3875
v  -1.7278 1.8738 1.3795
v  -1.7439 1.8638 1.4066
v  -1.7321 1.8574 1.4132
v  -1.7465 1.8451 1.4414
v  -1.7585 1.8294 1.4623
v  -1.7792 1.8129 1.4732
v  -1.7649 1.8170 1.4737
v  -1.7826 1.8295 1.4505
v  -1.7689 1.8692 1.3887
v  -1.7682 1.8582 1.4128
v  -1.7521 1.8708 1.3963
v  -1.7563 1.8764 1.3839
v  -1.7835 1.8611 1.3883
v  -1.7836 1.8474 1.4170
v  -1.7364 1.8823 1.3718
v  -1.7474 1.8867 1.3638
v  -1.7205 1.8902 1.3456
v  -1.7329 1.9004 1.3299
v  -1.7639 1.8834 1.3582
v  -1.7577 1.8970 1.3234
v  -1.7791 1.8887 1.3168
v  -1.7821 1.8755 1.3539
v  -1.6925 1.8711 1.3017
v  -1.7050 1.8752 1.2892
v  -1.7130 1.8945 1.3079
v  -1.7050 1.8859 1.3222
v  -1.7552 1.9078 1.2874
v  -1.7756 1.9004 1.2808
v  -1.7347 1.9111 1.2910
v  -1.7397 1.9189 1.2578
v  -1.7572 1.9165 1.2550
v  -1.7730 1.9128 1.2461
v  -1.7499 1.9259 1.2290
v  -1.7637 1.9248 1.2319
v  -1.7724 1.9254 1.2110
v  -1.7711 1.9288 1.2202
v  -1.7712 1.9247 1.2274
v  -1.7708 1.9235 1.2297
v  -1.7240 1.9053 1.2527
v  -1.7389 1.9151 1.2242
v  -1.7381 1.8973 1.2237
v  -1.7249 1.8796 1.2467
v  -1.7535 1.9000 1.2091
v  -1.7598 1.9125 1.2041
v  -1.7166 1.9009 1.2822
v  -1.7137 1.8782 1.2696
v  -1.7328 1.8730 1.2352
v  -1.7412 1.8888 1.2223
v  -1.7399 1.8706 1.2304
v  -1.7452 1.8883 1.2192
v  -1.7444 1.8903 1.2189
v  -1.7497 1.8988 1.2116
v  -1.7251 1.8586 1.2345
v  -1.7308 1.8558 1.2313
v  -1.7178 1.8600 1.2413
v  -1.7076 1.8548 1.2212
v  -1.7163 1.8552 1.2165
v  -1.7233 1.8530 1.2140
v  -1.6396 1.8516 1.0510
v  -1.6346 1.8342 1.0464
v  -1.6497 1.8349 1.0397
v  -1.6544 1.8585 1.0469
v  -1.6575 1.8351 1.0392
v  -1.6786 1.8667 1.0438
v  -1.6761 1.8801 1.0597
v  -1.6627 1.8764 1.0674
v  -1.6576 1.8769 1.0626
v  -1.6664 1.8781 1.0529
v  -1.6925 1.8767 1.0678
v  -1.6803 1.8784 1.0718
v  -1.6884 1.8772 1.0535
v  -1.6665 1.8748 1.0770
v  -1.6471 1.8721 1.0541
v  -1.6291 1.8584 1.0599
v  -1.6436 1.8723 1.0678
v  -1.6225 1.8618 1.0799
v  -1.6194 1.8383 1.0600
v  -1.6092 1.8397 1.0808
v  -1.6468 1.8705 1.0756
v  -1.6513 1.8689 1.0840
v  -1.6404 1.8643 1.0912
v  -1.6331 1.8640 1.0874
v  -1.6184 1.8477 1.1315
v  -1.6091 1.8339 1.1356
v  -1.6060 1.8374 1.1070
v  -1.6166 1.8536 1.1056
v  -1.6697 1.8716 1.0920
v  -1.6841 1.8757 1.0890
v  -1.6882 1.8709 1.1102
v  -1.6733 1.8669 1.1115
v  -1.6967 1.8740 1.0864
v  -1.7007 1.8693 1.1088
v  -1.6403 1.8553 1.1226
v  -1.6290 1.8519 1.1271
v  -1.6276 1.8578 1.1050
v  -1.6384 1.8604 1.1035
v  -1.6536 1.8655 1.0980
v  -1.6564 1.8608 1.1165
v  -1.6864 1.8562 1.1612
v  -1.6787 1.8613 1.1344
v  -1.6929 1.8650 1.1340
v  -1.6991 1.8592 1.1605
v  -1.7045 1.8633 1.1333
v  -1.7094 1.8580 1.1598
v  -1.6416 1.8352 1.1841
v  -1.6344 1.8272 1.1919
v  -1.6189 1.8302 1.1638
v  -1.6270 1.8411 1.1579
v  -1.7164 1.8545 1.1887
v  -1.7075 1.8561 1.1902
v  -1.6968 1.8535 1.1924
v  -1.6811 1.8599 1.2766
v  -1.6954 1.8584 1.2672
v  -1.6694 1.8464 1.2497
v  -1.6813 1.8459 1.2363
v  -1.6581 1.8450 1.1718
v  -1.6475 1.8408 1.1760
v  -1.6363 1.8458 1.1516
v  -1.6473 1.8498 1.1455
v  -1.6599 1.8357 1.2111
v  -1.6528 1.8320 1.2217
v  -1.6602 1.8393 1.1982
v  -1.6713 1.8434 1.2019
v  -1.7073 1.8603 1.2534
v  -1.6963 1.8522 1.2294
v  -1.6720 1.8506 1.1659
v  -1.6841 1.8487 1.1982
v  -1.6626 1.8554 1.1389
v  -1.4926 1.7963 1.3946
v  -1.4927 1.7750 1.4014
v  -1.5338 1.7806 1.4135
v  -1.5333 1.7602 1.4210
v  -1.4933 1.7554 1.3961
v  -1.5014 1.7319 1.3894
v  -1.5314 1.7409 1.4170
v  -1.5276 1.7276 1.4067
v  -1.5631 1.7799 1.4371
v  -1.5592 1.7954 1.4446
v  -1.5807 1.7748 1.4762
v  -1.5816 1.7569 1.4701
v  -1.6062 1.7571 1.5001
v  -1.6041 1.7367 1.4953
v  -1.6373 1.7439 1.5162
v  -1.6336 1.7206 1.5137
v  -1.6755 1.7368 1.5210
v  -1.6733 1.7105 1.5223
v  -1.7083 1.7344 1.5176
v  -1.7220 1.7033 1.5192
v  -1.7256 1.7362 1.5140
v  -1.7358 1.7268 1.5141
v  -1.5615 1.7620 1.4391
v  -1.5596 1.7428 1.4401
v  -1.5818 1.7406 1.4647
v  -1.5808 1.7242 1.4552
v  -1.5575 1.7239 1.4303
v  -1.5498 1.7108 1.4106
v  -1.5795 1.7076 1.4367
v  -1.5746 1.6924 1.4107
v  -1.6039 1.7203 1.4843
v  -1.6032 1.7058 1.4667
v  -1.6302 1.7014 1.5000
v  -1.6279 1.6886 1.4751
v  -1.6809 1.6590 1.4809
v  -1.6548 1.6733 1.4819
v  -1.6640 1.6862 1.5112
v  -1.6976 1.6712 1.5097
v  -1.5281 1.7036 1.3849
v  -1.5618 1.6777 1.3803
v  -1.5436 1.6629 1.3491
v  -1.5009 1.6966 1.3582
v  -1.4787 1.6867 1.3328
v  -1.5238 1.6506 1.3188
v  -1.5040 1.6415 1.2887
v  -1.4597 1.6770 1.3077
v  -1.4412 1.6677 1.2844
v  -1.4248 1.6598 1.2624
v  -1.4852 1.6350 1.2592
v  -1.4687 1.6311 1.2312
v  -1.3782 1.6419 1.1734
v  -1.3711 1.6418 1.1617
v  -1.3847 1.6428 1.1866
v  -1.4307 1.6206 1.1422
v  -1.4241 1.6211 1.1278
v  -1.4154 1.6224 1.1159
v  -1.3616 1.6425 1.1495
v  -1.3489 1.6432 1.1363
v  -1.4035 1.6232 1.1037
v  -1.3889 1.6207 1.0922
v  -1.4829 1.5660 1.0441
v  -1.4728 1.5545 1.0358
v  -1.4287 1.5874 1.0590
v  -1.4419 1.5951 1.0677
v  -1.4532 1.5987 1.0790
v  -1.4914 1.5733 1.0560
v  -1.3318 1.6412 1.1224
v  -1.3731 1.6137 1.0830
v  -1.3539 1.6044 1.0756
v  -1.3099 1.6351 1.1102
v  -1.4155 1.5772 1.0523
v  -1.4002 1.5659 1.0457
v  -1.4626 1.5421 1.0288
v  -1.4512 1.5287 1.0208
v  -1.2827 1.6298 1.0985
v  -1.3291 1.5956 1.0684
v  -1.3030 1.5867 1.0596
v  -1.2548 1.6250 1.0837
v  -1.3803 1.5537 1.0384
v  -1.4377 1.5125 1.0111
v  -1.4231 1.4944 1.0021
v  -1.3592 1.5408 1.0301
v  -1.2291 1.6143 1.0674
v  -1.2803 1.5746 1.0497
v  -1.2628 1.5588 1.0448
v  -1.2101 1.5967 1.0629
v  -1.4117 1.6538 1.2410
v  -1.4011 1.6492 1.2210
v  -1.4547 1.6277 1.2064
v  -1.4438 1.6247 1.1836
v  -1.3922 1.6452 1.2028
v  -1.4365 1.6220 1.1616
v  -1.4613 1.5988 1.0916
v  -1.4674 1.5981 1.1072
v  -1.5019 1.5750 1.0860
v  -1.4969 1.5752 1.0696
v  -1.5662 1.5860 1.2673
v  -1.5504 1.5800 1.2293
v  -1.5189 1.6052 1.2418
v  -1.5364 1.6106 1.2768
v  -1.5042 1.6037 1.2081
v  -1.5379 1.5787 1.1926
v  -1.4910 1.6012 1.1796
v  -1.4805 1.5992 1.1539
v  -1.5265 1.5761 1.1619
v  -1.5166 1.5742 1.1347
v  -1.4732 1.5981 1.1288
v  -1.5085 1.5742 1.1085
v  -1.5888 1.6583 1.3751
v  -1.5756 1.6380 1.3419
v  -1.5966 1.6770 1.4091
v  -1.6159 1.6642 1.4081
v  -1.6096 1.6467 1.3739
v  -1.6107 1.6194 1.3397
v  -1.6013 1.6922 1.4405
v  -1.6230 1.6778 1.4431
v  -1.6446 1.6647 1.4457
v  -1.6652 1.6525 1.4439
v  -1.6482 1.6448 1.4058
v  -1.6334 1.6547 1.4099
v  -1.6246 1.6439 1.3812
v  -1.6317 1.6354 1.3729
v  -1.5566 1.6216 1.3100
v  -1.5855 1.5988 1.3019
v  -1.5491 1.4746 1.5420
v  -1.5539 1.4833 1.5595
v  -1.5296 1.4888 1.5445
v  -1.5299 1.4797 1.5284
v  -1.5009 1.4972 1.5217
v  -1.5064 1.4863 1.5075
v  -1.4662 1.5053 1.4953
v  -1.4314 1.5101 1.4682
v  -1.4437 1.4981 1.4579
v  -1.4758 1.4936 1.4830
v  -1.4029 1.5109 1.4429
v  -1.3789 1.5086 1.4184
v  -1.3947 1.4956 1.4102
v  -1.4170 1.4982 1.4340
v  -1.3582 1.5057 1.3931
v  -1.3412 1.5007 1.3591
v  -1.3757 1.4909 1.3859
v  -1.3605 1.4819 1.3525
v  -1.5747 1.4641 1.5455
v  -1.5861 1.4727 1.5630
v  -1.5725 1.4790 1.5645
v  -1.5640 1.4698 1.5466
v  -1.5619 1.4484 1.5368
v  -1.5534 1.4562 1.5360
v  -1.5392 1.4424 1.5280
v  -1.5427 1.4638 1.5296
v  -1.5353 1.4533 1.5236
v  -1.5473 1.4290 1.5304
v  -1.5273 1.4683 1.5170
v  -1.5225 1.4530 1.5133
v  -1.5068 1.4722 1.4988
v  -1.5032 1.4536 1.4964
v  -1.4528 1.4618 1.4528
v  -1.4790 1.4578 1.4751
v  -1.4790 1.4773 1.4770
v  -1.4496 1.4812 1.4540
v  -1.4104 1.4612 1.4079
v  -1.4303 1.4631 1.4301
v  -1.4247 1.4815 1.4312
v  -1.4041 1.4792 1.4077
v  -1.3950 1.4572 1.3841
v  -1.3860 1.4741 1.3846
v  -1.3736 1.4647 1.3519
v  -1.3856 1.4495 1.3530
v  -1.5208 1.4322 1.5145
v  -1.5314 1.4138 1.5123
v  -1.5025 1.4291 1.4941
v  -1.5150 1.4049 1.4783
v  -1.4681 1.4220 1.4420
v  -1.4880 1.4159 1.4616
v  -1.4804 1.4336 1.4723
v  -1.4576 1.4399 1.4498
v  -1.4963 1.3998 1.4295
v  -1.5043 1.4018 1.4506
v  -1.4925 1.4084 1.4501
v  -1.4805 1.4098 1.4340
v  -1.4343 1.4257 1.4004
v  -1.4497 1.4250 1.4219
v  -1.4377 1.4435 1.4272
v  -1.4195 1.4428 1.4054
v  -1.4806 1.3962 1.3872
v  -1.4885 1.3979 1.4087
v  -1.4677 1.4104 1.4155
v  -1.4559 1.4103 1.3943
v  -1.4069 1.4404 1.3813
v  -1.4239 1.4246 1.3766
v  -1.4000 1.4352 1.3521
v  -1.4181 1.4220 1.3489
v  -1.4731 1.3960 1.3632
v  -1.4472 1.4101 1.3706
v  -1.4404 1.4092 1.3434
v  -1.4640 1.3952 1.3364
v  -1.4323 1.4026 1.3130
v  -1.4512 1.3899 1.3067
v  -1.4144 1.4144 1.3168
v  -1.4119 1.4060 1.2935
v  -1.4221 1.3948 1.2845
v  -1.4374 1.3828 1.2778
v  -1.3827 1.4357 1.3099
v  -1.3981 1.4249 1.3151
v  -1.4002 1.4089 1.2818
v  -1.3849 1.4154 1.2688
v  -1.4094 1.3916 1.2619
v  -1.4253 1.3764 1.2523
v  -1.3949 1.3918 1.2421
v  -1.4144 1.3713 1.2284
v  -1.3671 1.4482 1.3034
v  -1.3676 1.4241 1.2550
v  -1.3492 1.4652 1.3014
v  -1.3392 1.4423 1.2370
v  -1.3265 1.4898 1.3100
v  -1.3065 1.4831 1.2576
v  -1.3790 1.3940 1.2216
v  -1.4037 1.3670 1.2034
v  -1.3601 1.3998 1.1953
v  -1.3928 1.3653 1.1726
v  -1.2762 1.4954 1.2115
v  -1.2475 1.5203 1.1685
v  -1.2837 1.4852 1.1457
v  -1.3079 1.4603 1.1876
v  -1.3771 1.3822 1.0878
v  -1.3832 1.3706 1.1314
v  -1.3384 1.4127 1.1572
v  -1.3218 1.4315 1.1152
v  -1.2261 1.5436 1.1271
v  -1.2098 1.5593 1.0935
v  -1.2545 1.5208 1.0742
v  -1.2657 1.5047 1.1064
v  -1.2041 1.5776 1.0717
v  -1.2526 1.5386 1.0521
v  -1.3116 1.4495 1.0765
v  -1.3048 1.4645 1.0435
v  -1.3713 1.4092 1.0140
v  -1.3738 1.3964 1.0483
v  -1.3402 1.5262 1.0215
v  -1.4086 1.4756 0.9949
v  -1.3940 1.4557 0.9900
v  -1.3231 1.5087 1.0153
v  -1.3075 1.4848 1.0197
v  -1.3785 1.4310 0.9919
v  -0.9677 1.4841 0.8106
v  -0.9602 1.4673 0.7663
v  -1.0044 1.4910 0.7359
v  -1.0021 1.4731 0.7000
v  -0.9944 1.4610 0.7412
v  -0.9952 1.4383 0.7054
v  -0.9822 1.4553 0.6564
v  -0.9465 1.4430 0.6172
v  -0.9668 1.4209 0.6644
v  -0.9274 1.4084 0.6257
v  -0.9139 1.4352 0.5843
v  -0.8868 1.4291 0.5518
v  -0.8951 1.3985 0.5925
v  -0.8676 1.3899 0.5600
v  -0.8637 1.4247 0.5169
v  -0.8409 1.4236 0.4738
v  -0.8410 1.3833 0.5253
v  -0.8136 1.3815 0.4809
v  -0.9013 1.4343 0.7341
v  -0.8893 1.4107 0.7167
v  -0.9164 1.3954 0.7310
v  -0.9260 1.4198 0.7376
v  -0.8761 1.3882 0.7100
v  -0.8695 1.3666 0.7149
v  -0.8913 1.3621 0.7299
v  -0.9023 1.3761 0.7279
v  -0.9809 1.4371 0.7466
v  -0.9884 1.4102 0.7169
v  -0.9662 1.4153 0.7486
v  -0.9875 1.3847 0.7334
v  -0.9575 1.3938 0.6808
v  -0.9531 1.3700 0.7023
v  -0.9080 1.3596 0.6654
v  -0.9160 1.3817 0.6426
v  -0.8815 1.3699 0.6084
v  -0.8715 1.3450 0.6288
v  -0.8506 1.3582 0.5751
v  -0.8370 1.3304 0.5942
v  -0.8207 1.3490 0.5396
v  -0.7914 1.3436 0.4970
v  -0.8066 1.3161 0.5582
v  -0.7773 1.3051 0.5193
v  -0.7240 1.1757 0.5081
v  -0.7053 1.2256 0.4773
v  -0.7447 1.2474 0.5094
v  -0.7583 1.1987 0.5377
v  -0.7448 1.2960 0.4766
v  -0.7023 1.2810 0.4273
v  -0.7760 1.2636 0.5439
v  -0.7870 1.2183 0.5694
v  -0.8036 1.2803 0.5786
v  -0.8151 1.2371 0.6016
v  -0.8309 1.2998 0.6130
v  -0.8439 1.2565 0.6355
v  -0.9067 1.3325 0.6862
v  -0.8667 1.3171 0.6485
v  -0.8735 1.2776 0.6708
v  -0.9135 1.2959 0.7084
v  -0.8621 1.3369 0.7771
v  -0.8764 1.3377 0.7623
v  -0.8861 1.3291 0.8158
v  -0.9159 1.3306 0.7970
v  -0.8743 1.3478 0.7367
v  -0.9029 1.3478 0.7534
v  -0.9114 1.3216 0.8639
v  -0.9429 1.3136 0.8500
v  -0.9304 1.3564 0.7595
v  -0.9513 1.3707 0.7582
v  -0.9576 1.3342 0.7996
v  -0.9964 1.3336 0.7896
v  -0.9595 1.3909 0.7510
v  -0.9889 1.3622 0.7519
v  -0.9549 1.3439 0.7237
v  -0.9637 1.3116 0.7470
v  -0.9773 1.3097 0.8423
v  -1.0097 1.3029 0.8385
v  -0.9889 1.2915 0.8874
v  -1.0201 1.2845 0.8801
v  -0.9775 1.2544 0.9640
v  -0.9332 1.2285 0.9737
v  -0.9361 1.2125 0.9674
v  -0.9986 1.2354 0.9562
v  -0.9925 1.2763 0.9299
v  -1.0191 1.2656 0.9215
v  -0.9467 1.1879 0.9674
v  -1.0076 1.2055 0.9752
v  -0.9565 1.1661 0.9908
v  -1.0150 1.1887 1.0034
v  -0.9580 1.1550 1.0243
v  -1.0182 1.1823 1.0399
v  -0.9463 1.1565 1.0582
v  -1.0190 1.1897 1.0872
v  -0.9189 1.1779 1.0734
v  -0.9754 1.2115 1.1084
v  -1.0194 1.2442 1.1460
v  -1.0544 1.2719 1.1826
v  -1.0594 1.2215 1.1328
v  -1.0904 1.2471 1.1677
v  -1.0835 1.2908 1.2140
v  -1.1081 1.3044 1.2396
v  -1.1382 1.2753 1.2222
v  -1.1165 1.2638 1.1975
v  -1.1291 1.3152 1.2605
v  -1.1491 1.3238 1.2788
v  -1.1733 1.2903 1.2608
v  -1.1562 1.2842 1.2422
v  -1.1701 1.3291 1.2980
v  -1.1926 1.2940 1.2814
v  -1.1922 1.3316 1.3202
v  -1.2140 1.2957 1.3051
v  -1.2158 1.3318 1.3481
v  -1.2379 1.2966 1.3330
v  -1.2405 1.3295 1.3801
v  -1.2641 1.2972 1.3633
v  -1.2701 1.3271 1.4133
v  -1.2942 1.2998 1.3930
v  -1.3057 1.3223 1.4447
v  -1.3309 1.3035 1.4172
v  -1.0680 1.2397 0.8397
v  -1.0259 1.2826 0.8088
v  -1.0343 1.2867 0.8375
v  -1.0559 1.2732 0.8674
v  -0.9571 1.1865 0.7625
v  -0.9319 1.2441 0.7336
v  -0.9867 1.2651 0.7695
v  -1.0143 1.2112 0.7937
v  -0.8929 1.1527 0.6901
v  -0.8653 1.2054 0.6627
v  -0.8939 1.2244 0.6978
v  -0.9169 1.1672 0.7297
v  -0.8425 1.1202 0.6169
v  -0.8083 1.1686 0.5959
v  -0.8370 1.1871 0.6287
v  -0.8691 1.1366 0.6523
v  -0.7809 1.1490 0.5633
v  -0.7543 1.1272 0.5287
v  -0.8133 1.1038 0.5826
v  -0.7801 1.0891 0.5484
v  -1.0624 1.2606 0.9108
v  -1.0626 1.2392 0.9532
v  -1.1134 1.2341 0.9533
v  -1.1045 1.2393 0.9010
v  -1.0665 1.2204 0.9836
v  -1.1148 1.2236 0.9890
v  -1.0704 1.2087 1.0121
v  -1.1153 1.2165 1.0167
v  -1.0748 1.2045 1.0455
v  -1.1199 1.2151 1.0459
v  -1.0844 1.2095 1.0810
v  -1.1294 1.2212 1.0744
v  -1.1046 1.2217 1.1159
v  -1.1442 1.2283 1.1021
v  -1.1288 1.2358 1.1479
v  -1.1622 1.2367 1.1275
v  -1.1510 1.2484 1.1739
v  -1.1819 1.2457 1.1489
v  -1.1709 1.2588 1.1955
v  -1.2006 1.2509 1.1697
v  -1.2324 1.2542 1.2114
v  -1.2169 1.2534 1.1902
v  -1.1880 1.2668 1.2147
v  -1.2046 1.2720 1.2341
v  -1.2660 1.2516 1.2615
v  -1.2487 1.2532 1.2347
v  -1.2224 1.2738 1.2567
v  -1.2415 1.2733 1.2829
v  -1.3065 1.2547 1.3257
v  -1.2849 1.2512 1.2931
v  -1.2625 1.2722 1.3128
v  -1.2862 1.2731 1.3437
v  -1.3449 1.2670 1.3792
v  -1.3284 1.2598 1.3578
v  -1.3122 1.2771 1.3737
v  -1.3429 1.2830 1.3953
v  -1.3233 1.2362 1.3139
v  -1.3445 1.2454 1.3499
v  -1.3614 1.2335 1.3451
v  -1.3410 1.2210 1.3061
v  -1.3640 1.2612 1.3811
v  -1.3838 1.2514 1.3789
v  -1.2560 1.2188 1.1943
v  -1.2498 1.2341 1.1991
v  -1.2662 1.2300 1.2191
v  -1.2697 1.2085 1.2051
v  -1.2843 1.2276 1.2432
v  -1.2980 1.1963 1.2210
v  -1.3035 1.2305 1.2762
v  -1.3217 1.2105 1.2664
v  -1.2336 1.2130 1.1562
v  -1.2213 1.2345 1.1576
v  -1.2353 1.2353 1.1788
v  -1.2472 1.2155 1.1779
v  -1.2629 1.2002 1.1810
v  -1.2803 1.1884 1.1807
v  -1.2680 1.1848 1.1495
v  -1.2501 1.1974 1.1537
v  -1.2021 1.2013 1.1150
v  -1.1857 1.2223 1.1182
v  -1.2043 1.2303 1.1372
v  -1.2186 1.2085 1.1350
v  -1.2363 1.1923 1.1293
v  -1.2555 1.1783 1.1229
v  -1.2419 1.1683 1.1002
v  -1.2212 1.1840 1.1077
v  -1.1707 1.1843 1.0733
v  -1.1539 1.2056 1.0747
v  -1.1688 1.2138 1.0977
v  -1.1860 1.1930 1.0951
v  -1.2058 1.1737 1.0877
v  -1.1907 1.1631 1.0669
v  -1.2274 1.1559 1.0799
v  -1.2128 1.1432 1.0595
v  -1.1415 1.1985 1.0484
v  -1.1566 1.1761 1.0483
v  -1.1456 1.1696 1.0218
v  -1.1334 1.1953 1.0204
v  -1.1763 1.1528 1.0436
v  -1.1634 1.1436 1.0197
v  -1.1983 1.1316 1.0374
v  -1.1845 1.1209 1.0154
v  -1.1312 1.1967 0.9931
v  -1.1377 1.1649 0.9973
v  -1.1291 1.1603 0.9683
v  -1.1289 1.1989 0.9588
v  -1.1517 1.1348 0.9983
v  -1.1715 1.1105 0.9953
v  -1.1386 1.1257 0.9742
v  -1.1574 1.0993 0.9734
v  -1.0876 1.1393 0.8895
v  -1.0836 1.1842 0.8612
v  -1.1145 1.1963 0.9106
v  -1.1130 1.1531 0.9299
v  -1.1208 1.1150 0.9438
v  -1.1403 1.0857 0.9460
v  -1.1211 1.0709 0.9131
v  -1.0988 1.1001 0.9093
v  -1.0353 1.1598 0.8238
v  -1.0518 1.1188 0.8499
v  -1.0144 1.0988 0.8130
v  -0.9877 1.1396 0.7913
v  -1.0720 1.0836 0.8650
v  -1.0974 1.0578 0.8663
v  -1.0712 1.0408 0.8214
v  -1.0417 1.0652 0.8238
v  -0.9485 1.1197 0.7586
v  -0.9793 1.0778 0.7790
v  -0.9482 1.0578 0.7449
v  -0.9191 1.1020 0.7217
v  -1.0113 1.0449 0.7864
v  -1.0441 1.0200 0.7819
v  -1.0169 0.9965 0.7474
v  -0.9822 1.0230 0.7521
v  -0.8954 1.0862 0.6818
v  -0.9200 1.0390 0.7094
v  -0.8918 1.0216 0.6735
v  -0.8719 1.0716 0.6419
v  -0.9539 1.0008 0.7198
v  -0.9900 0.9725 0.7158
v  -0.9627 0.9507 0.6851
v  -0.9247 0.9796 0.6888
v  -0.8446 1.0587 0.6025
v  -0.8638 1.0082 0.6330
v  -0.8304 0.9978 0.5840
v  -0.8103 1.0490 0.5639
v  -0.8946 0.9626 0.6574
v  -0.9342 0.9329 0.6554
v  -0.9037 0.9166 0.6300
v  -0.8643 0.9474 0.6278
v  -0.7629 1.3420 0.4472
v  -0.7849 1.3840 0.4217
v  -0.7374 1.3392 0.3946
v  -0.7711 1.3874 0.3488
v  -0.7177 1.3386 0.3589
v  -0.7331 1.3613 0.3191
v  -0.6847 1.3052 0.3674
v  -0.6888 1.3268 0.3155
v  -1.1776 1.5656 0.1551
v  -1.1872 1.5597 0.1492
v  -1.1685 1.5688 0.1684
v  -1.1415 1.5442 0.1497
v  -1.1505 1.5442 0.1334
v  -1.1622 1.5387 0.1256
v  -0.9920 1.4212 0.0403
v  -0.9564 1.3907 0.0275
v  -0.9725 1.3851 0.0189
v  -1.0054 1.4177 0.0306
v  -0.9381 1.3446 0.0141
v  -0.9166 1.3542 0.0205
v  -0.9572 1.3330 0.0081
v  -0.9868 1.3770 0.0140
v  -1.0176 1.4115 0.0251
v  -0.7961 1.4117 0.2731
v  -0.7549 1.3800 0.2625
v  -0.7811 1.3871 0.2157
v  -0.8284 1.4170 0.2270
v  -0.7036 1.3439 0.2627
v  -0.7248 1.3520 0.2168
v  -0.7801 1.3484 0.1480
v  -0.8428 1.3789 0.1481
v  -0.8122 1.3832 0.1797
v  -0.7511 1.3511 0.1801
v  -0.8635 1.4120 0.1906
v  -0.8948 1.4080 0.1594
v  -0.8311 1.3527 0.0904
v  -0.8877 1.3877 0.0905
v  -0.8680 1.3810 0.1180
v  -0.8077 1.3482 0.1186
v  -0.9184 1.4099 0.1320
v  -0.9356 1.4137 0.1096
v  -0.9051 1.3930 0.0689
v  -0.9485 1.4187 0.0886
v  -0.8517 1.3603 0.0639
v  -0.8733 1.3660 0.0424
v  -0.9225 1.3960 0.0515
v  -0.9616 1.4218 0.0693
v  -0.9399 1.3939 0.0391
v  -0.9770 1.4225 0.0535
v  -0.8956 1.3624 0.0295
v  -1.0337 1.4528 0.0690
v  -1.0570 1.4483 0.0473
v  -1.0450 1.4527 0.0557
v  -1.0851 1.4871 0.0849
v  -1.0976 1.4838 0.0742
v  -1.0748 1.4860 0.1011
v  -1.0369 1.4688 0.1801
v  -1.0780 1.5002 0.2147
v  -1.0554 1.4999 0.2256
v  -1.0168 1.4695 0.1930
v  -1.0779 1.5305 0.2507
v  -1.1071 1.5404 0.2448
v  -1.0510 1.5291 0.2621
v  -1.0272 1.5013 0.2390
v  -0.9875 1.4720 0.2098
v  -1.1194 1.5187 0.1099
v  -1.1326 1.5139 0.1001
v  -1.1096 1.5175 0.1274
v  -1.1358 1.5406 0.1733
v  -1.1043 1.5126 0.1500
v  -1.0989 1.5075 0.1739
v  -1.1297 1.5370 0.1990
v  -1.0596 1.4778 0.1420
v  -1.0671 1.4825 0.1209
v  -1.0225 1.4514 0.0854
v  -1.0110 1.4482 0.1037
v  -1.1208 1.5361 0.2213
v  -1.0909 1.5038 0.1958
v  -1.0499 1.4733 0.1619
v  -0.9412 1.4400 0.1812
v  -0.9665 1.4396 0.1589
v  -0.9849 1.4406 0.1409
v  -0.9984 1.4448 0.1222
v  -0.8449 1.4672 0.3659
v  -0.8500 1.4636 0.4212
v  -0.8181 1.4257 0.4156
v  -0.8077 1.4342 0.3508
v  -1.0556 1.5553 0.2737
v  -1.0773 1.5599 0.2653
v  -1.0942 1.5728 0.2642
v  -1.0628 1.5875 0.2665
v  -1.0756 1.6026 0.2657
v  -1.0458 1.5794 0.2735
v  -1.0164 1.6473 0.4641
v  -1.0107 1.6268 0.4703
v  -0.9899 1.6148 0.4247
v  -0.9908 1.6341 0.4128
v  -0.9901 1.6152 0.4738
v  -0.9786 1.6008 0.4285
v  -1.0123 1.6773 0.4579
v  -0.9858 1.7055 0.4566
v  -0.9853 1.6739 0.4137
v  -0.9567 1.7026 0.4106
v  -0.9473 1.7322 0.4488
v  -0.9178 1.7288 0.3989
v  -0.8963 1.7275 0.3488
v  -0.8567 1.7580 0.3235
v  -0.9363 1.7035 0.3667
v  -0.9228 1.7058 0.3274
v  -0.8872 1.7274 0.3079
v  -0.8444 1.7564 0.2650
v  -0.9629 1.6751 0.3728
v  -0.9763 1.6451 0.3664
v  -0.9617 1.6543 0.3268
v  -0.9467 1.6798 0.3329
v  -0.9883 1.6229 0.3429
v  -0.9760 1.6373 0.3105
v  -0.9965 1.6074 0.3671
v  -1.0107 1.5895 0.3286
v  -1.0015 1.6086 0.3129
v  -0.9902 1.6277 0.2904
v  -1.0263 1.5797 0.2953
v  -1.0167 1.6019 0.2866
v  -1.0327 1.6035 0.2673
v  -1.0055 1.6242 0.2721
v  -1.0205 1.6281 0.2592
v  -1.0588 1.6315 0.2610
v  -1.0469 1.6140 0.2603
v  -1.0321 1.6394 0.2556
v  -1.0399 1.6578 0.2589
v  -1.0306 1.7076 0.2466
v  -1.0454 1.6834 0.2654
v  -1.0277 1.7241 0.2125
v  -1.0157 1.6935 0.2166
v  -1.0237 1.6808 0.2462
v  -1.0036 1.6618 0.2382
v  -1.0108 1.6498 0.2504
v  -1.0188 1.6627 0.2483
v  -1.0078 1.6740 0.2282
v  -0.8975 1.5098 0.4025
v  -0.9002 1.5108 0.4421
v  -0.8771 1.4918 0.4312
v  -0.8745 1.4918 0.3845
v  -0.8700 1.4507 0.2450
v  -0.8283 1.4481 0.2871
v  -0.8657 1.4772 0.3127
v  -0.9135 1.4885 0.2729
v  -0.9082 1.4447 0.2099
v  -0.9521 1.4787 0.2359
v  -0.9183 1.5164 0.3437
v  -0.9064 1.5126 0.3663
v  -0.8896 1.4977 0.3409
v  -0.9157 1.5082 0.3157
v  -1.0195 1.5346 0.2873
v  -0.9921 1.5083 0.2641
v  -0.9606 1.5176 0.2941
v  -0.9894 1.5471 0.3287
v  -0.9951 1.5907 0.3776
v  -1.0100 1.5693 0.3344
v  -0.9823 1.5763 0.3817
v  -1.0294 1.5586 0.2966
v  -0.9617 1.6044 0.4681
v  -0.9608 1.5871 0.4288
v  -0.9385 1.5848 0.4621
v  -0.9440 1.5715 0.4285
v  -0.9242 1.5643 0.4596
v  -0.9318 1.5565 0.4288
v  -0.9171 1.5446 0.4574
v  -0.9243 1.5398 0.4241
v  -0.9135 1.5269 0.4515
v  -0.9141 1.5245 0.4156
v  -0.9493 1.5572 0.3987
v  -0.9389 1.5503 0.4070
v  -0.9339 1.5386 0.3964
v  -0.9469 1.5415 0.3744
v  -0.9221 1.5261 0.3838
v  -0.9332 1.5273 0.3540
v  -0.9435 1.5243 0.3240
v  -0.9626 1.5446 0.3527
v  -0.9646 1.5666 0.3888
v  -0.8432 1.9360 0.2703
v  -0.8599 1.9626 0.2222
v  -0.8224 1.9378 0.2192
v  -0.8398 1.9671 0.1756
v  -0.8912 1.9765 0.1790
v  -0.9270 1.9670 0.1445
v  -0.8734 1.9852 0.1349
v  -0.9113 1.9824 0.1013
v  -0.9533 1.9155 0.0658
v  -0.9647 1.8882 0.1128
v  -0.9549 1.9343 0.1246
v  -0.9414 1.9565 0.0806
v  -0.9652 1.8475 0.0376
v  -0.9822 1.8164 0.0876
v  -0.9756 1.8514 0.0997
v  -0.9611 1.8803 0.0514
v  -0.9739 1.6591 0.2335
v  -0.9811 1.6434 0.2644
v  -0.9973 1.6436 0.2557
v  -0.9917 1.6603 0.2346
v  -0.9350 1.6708 0.2469
v  -0.9478 1.6618 0.2881
v  -0.9641 1.6482 0.2763
v  -0.9541 1.6605 0.2382
v  -0.9649 1.7110 0.1490
v  -0.9962 1.7015 0.1868
v  -1.0120 1.7357 0.1759
v  -0.9907 1.7507 0.1333
v  -0.9902 1.6784 0.2095
v  -0.9684 1.6795 0.1968
v  -0.9249 1.7871 0.0247
v  -0.9433 1.7480 0.0838
v  -0.9701 1.7769 0.0816
v  -0.9517 1.8128 0.0268
v  -0.9336 1.6848 0.2950
v  -0.9150 1.7078 0.2954
v  -0.9208 1.6912 0.2549
v  -0.9025 1.7145 0.2595
v  -0.9454 1.6786 0.1942
v  -0.9230 1.6842 0.1998
v  -0.9342 1.7032 0.1443
v  -0.9098 1.7044 0.1481
v  -0.9169 1.7347 0.0870
v  -0.8925 1.7335 0.0927
v  -0.8986 1.7732 0.0276
v  -0.8742 1.7700 0.0360
v  -0.8907 1.7248 0.2873
v  -0.8737 1.7346 0.2574
v  -0.9074 1.7016 0.2084
v  -0.8929 1.7190 0.1572
v  -0.8892 1.7243 0.2143
v  -0.8746 1.7401 0.1640
v  -0.8755 1.7458 0.1043
v  -0.8574 1.7642 0.1128
v  -0.8587 1.7805 0.0511
v  -0.8419 1.7956 0.0618
v  -0.7976 1.8493 0.2154
v  -0.7955 1.8859 0.1942
v  -0.8026 1.8752 0.2443
v  -0.8107 1.8405 0.2705
v  -0.8008 1.9080 0.2137
v  -0.7945 1.9110 0.1833
v  -0.8299 1.7996 0.2968
v  -0.8140 1.8051 0.2393
v  -0.8584 1.7466 0.2134
v  -0.8231 1.7742 0.2049
v  -0.8439 1.7630 0.1627
v  -0.8101 1.7925 0.1543
v  -0.8280 1.7846 0.1124
v  -0.8005 1.8162 0.1057
v  -0.8176 1.8151 0.0626
v  -0.7993 1.8470 0.0583
v  -0.8092 1.9410 0.1724
v  -0.8267 1.9698 0.1280
v  -0.7952 1.9374 0.1448
v  -0.8077 1.9773 0.0868
v  -0.8005 1.8183 0.1874
v  -0.7885 1.8657 0.1662
v  -0.7907 1.8374 0.1393
v  -0.7855 1.8871 0.1207
v  -0.7910 1.9080 0.1469
v  -0.7933 1.9331 0.1018
v  -0.7861 1.8612 0.0933
v  -0.7888 1.9098 0.0770
v  -0.7915 1.8888 0.0484
v  -0.7971 1.9325 0.0350
v  -0.8008 1.9529 0.0595
v  -0.8158 1.9916 0.0367
v  -0.8088 1.9701 0.0187
v  -0.8200 2.0054 -0.0028
v  -0.8590 1.9947 0.0880
v  -0.8981 2.0024 0.0554
v  -0.8485 2.0138 0.0454
v  -0.8885 2.0253 0.0124
v  -0.9297 1.9853 0.0346
v  -0.9182 2.0129 -0.0096
v  -0.9355 1.9857 -0.0253
v  -0.9458 1.9514 0.0186
v  -0.8440 2.0265 0.0064
v  -0.8796 2.0417 -0.0248
v  -0.8415 2.0395 -0.0307
v  -0.8715 2.0544 -0.0598
v  -0.9512 1.9180 0.0042
v  -0.9415 1.9553 -0.0388
v  -0.9419 1.9259 -0.0526
v  -0.9528 1.8866 -0.0102
v  -0.9074 2.0335 -0.0466
v  -0.9246 2.0109 -0.0621
v  -0.8971 2.0486 -0.0793
v  -0.9139 2.0292 -0.0929
v  -0.9375 1.8564 -0.0237
v  -0.9250 1.9003 -0.0660
v  -0.8983 1.8825 -0.0722
v  -0.9104 1.8345 -0.0290
v  -0.9192 1.9836 -0.1144
v  -0.9312 1.9577 -0.0868
v  -0.9323 1.9843 -0.0746
v  -0.9224 2.0066 -0.1042
v  -0.8505 1.8668 -0.0599
v  -0.8603 1.8163 -0.0179
v  -0.8842 1.8214 -0.0269
v  -0.8728 1.8716 -0.0705
v  -0.8317 1.8646 -0.0196
v  -0.8338 1.8348 0.0125
v  -0.8474 1.8238 0.0005
v  -0.8390 1.8678 -0.0395
v  -0.9137 1.9362 -0.0979
v  -0.9031 1.9654 -0.1231
v  -0.8803 1.9532 -0.1278
v  -0.8888 1.9216 -0.1036
v  -0.8174 1.8544 0.0141
v  -0.8075 1.8843 0.0112
v  -0.8241 1.8891 -0.0280
v  -0.8183 1.9169 -0.0318
v  -0.8627 1.9134 -0.1019
v  -0.8542 1.9481 -0.1248
v  -0.8320 1.9529 -0.1019
v  -0.8410 1.9105 -0.0866
v  -0.8315 1.9059 -0.0606
v  -0.8258 1.9349 -0.0668
v  -0.8038 1.9186 0.0049
v  -0.8078 1.9540 -0.0057
v  -0.8148 1.9423 -0.0338
v  -0.8156 1.9685 -0.0440
v  -0.8153 1.9868 -0.0217
v  -0.8216 2.0195 -0.0435
v  -0.8196 1.9972 -0.0606
v  -0.8227 2.0267 -0.0830
v  -0.8213 1.9519 -0.0623
v  -0.8223 1.9693 -0.0775
v  -0.8231 1.9941 -0.0966
v  -0.8241 2.0216 -0.1179
v  -0.8308 1.9851 -0.1257
v  -0.8295 2.0116 -0.1451
v  -0.8478 1.9776 -0.1445
v  -0.8715 1.9804 -0.1482
v  -0.8632 2.0048 -0.1650
v  -0.8434 2.0039 -0.1616
v  -0.8406 2.0287 -0.1753
v  -0.8299 2.0363 -0.1618
v  -0.8568 2.0281 -0.1785
v  -0.8528 2.0435 -0.1852
v  -0.8402 2.0506 -0.1835
v  -0.8317 2.0529 -0.1708
v  -0.8917 1.9904 -0.1447
v  -0.9065 2.0053 -0.1379
v  -0.8807 2.0129 -0.1627
v  -0.8938 2.0251 -0.1571
v  -0.9105 2.0240 -0.1287
v  -0.8980 2.0403 -0.1475
v  -0.9035 2.0428 -0.1193
v  -0.8959 2.0512 -0.1360
v  -0.8272 2.0481 -0.1400
v  -0.8363 2.0671 -0.1607
v  -0.8545 2.0759 -0.1392
v  -0.8305 2.0573 -0.1092
v  -0.8365 2.0528 -0.0704
v  -0.8631 2.0666 -0.0973
v  -0.8872 2.0606 -0.1114
v  -0.8821 2.0662 -0.1387
v  -0.8839 2.0594 -0.1591
v  -0.8664 2.0723 -0.1676
v  -0.8728 2.0586 -0.1766
v  -0.8814 2.0451 -0.1706
v  -0.8482 2.0696 -0.1801
v  -0.8622 2.0534 -0.1845
v  -0.8711 2.0345 -0.1762
v  -1.2812 1.7694 0.4746
v  -1.2653 1.7666 0.4563
v  -1.2957 1.7466 0.4398
v  -1.3133 1.7573 0.4588
v  -1.3339 1.7626 0.4414
v  -1.3178 1.7516 0.4223
v  -1.2856 1.7251 0.3906
v  -1.3018 1.7385 0.4058
v  -1.2887 1.7319 0.4217
v  -1.2737 1.7190 0.4093
v  -1.1790 1.8098 0.4679
v  -1.1620 1.8063 0.4506
v  -1.1935 1.7797 0.4409
v  -1.2127 1.7829 0.4564
v  -1.2426 1.7639 0.4438
v  -1.2180 1.7603 0.4332
v  -1.2368 1.7422 0.4288
v  -1.2630 1.7466 0.4355
v  -1.2714 1.7345 0.4274
v  -1.2544 1.7265 0.4215
v  -1.1452 1.8022 0.4307
v  -1.1306 1.7976 0.4079
v  -1.1605 1.7705 0.4015
v  -1.1757 1.7756 0.4228
v  -1.2698 1.7106 0.3762
v  -1.2573 1.7059 0.3964
v  -1.2410 1.6920 0.3815
v  -1.2550 1.6952 0.3606
v  -1.1965 1.7541 0.4197
v  -1.1776 1.7460 0.4033
v  -1.1938 1.7247 0.4039
v  -1.2141 1.7351 0.4177
v  -1.2357 1.7158 0.4116
v  -1.2170 1.7029 0.3985
v  -1.1191 1.7912 0.3832
v  -1.1471 1.7624 0.3789
v  -1.1095 1.7815 0.3562
v  -1.1310 1.7487 0.3583
v  -1.2415 1.6798 0.3417
v  -1.2260 1.6764 0.3635
v  -1.2114 1.6600 0.3428
v  -1.2275 1.6650 0.3199
v  -1.1591 1.7341 0.3864
v  -1.1741 1.7101 0.3895
v  -1.1390 1.7182 0.3709
v  -1.1545 1.6913 0.3749
v  -1.1992 1.6860 0.3837
v  -1.1824 1.6659 0.3670
v  -1.0987 1.7657 0.3301
v  -1.1124 1.7302 0.3390
v  -1.0870 1.7425 0.3091
v  -1.0982 1.7077 0.3196
v  -1.1189 1.6987 0.3524
v  -1.1366 1.6710 0.3550
v  -1.1069 1.6781 0.3309
v  -1.1258 1.6545 0.3317
v  -1.0940 1.6461 0.2854
v  -1.0724 1.6824 0.2808
v  -1.0667 1.6548 0.2694
v  -1.0860 1.6240 0.2704
v  -1.0789 1.7133 0.2934
v  -1.0914 1.6804 0.3029
v  -1.1045 1.6568 0.3111
v  -1.1227 1.6412 0.3117
v  -1.1117 1.6368 0.2948
v  -1.1234 1.6319 0.2987
v  -1.2114 1.6505 0.2961
v  -1.1958 1.6458 0.3185
v  -1.1809 1.6340 0.2960
v  -1.1948 1.6363 0.2748
v  -1.1669 1.6478 0.3443
v  -1.1548 1.6355 0.3203
v  -1.1075 1.5935 0.2685
v  -1.1281 1.5728 0.2545
v  -1.1411 1.5946 0.2620
v  -1.1189 1.6116 0.2768
v  -1.1616 1.5672 0.1916
v  -1.1525 1.5661 0.2164
v  -1.1819 1.5936 0.2058
v  -1.1701 1.5951 0.2328
v  -1.1296 1.6167 0.2831
v  -1.1398 1.6202 0.2895
v  -1.1497 1.6056 0.2680
v  -1.1584 1.6132 0.2722
v  -1.1546 1.5893 0.2463
v  -1.1415 1.5666 0.2365
v  -1.1595 1.6008 0.2548
v  -1.1676 1.6076 0.2544
v  -1.1797 1.6210 0.2609
v  -1.1884 1.6190 0.2406
v  -1.1686 1.6232 0.2811
v  -1.1996 1.6190 0.2177
v  -1.1474 1.6274 0.3021
v  -1.5257 1.3202 1.7758
v  -1.5015 1.3286 1.7623
v  -1.5472 1.3093 1.7767
v  -1.5323 1.2952 1.7589
v  -1.5152 1.3045 1.7592
v  -1.4998 1.3131 1.7533
v  -1.4767 1.3337 1.7394
v  -1.4865 1.3120 1.7331
v  -1.4686 1.3145 1.6979
v  -1.4522 1.3373 1.7069
v  -1.5011 1.2978 1.7316
v  -1.5173 1.2864 1.7296
v  -1.5051 1.2877 1.6882
v  -1.4867 1.2998 1.6928
v  -1.4318 1.3423 1.6642
v  -1.4140 1.3482 1.6196
v  -1.4506 1.3209 1.6526
v  -1.4300 1.3267 1.6060
v  -1.3905 1.3495 1.5825
v  -1.4017 1.3240 1.5679
v  -1.4232 1.3012 1.5452
v  -1.3918 1.3009 1.5035
v  -1.4510 1.3091 1.5927
v  -1.4753 1.2933 1.5822
v  -1.4527 1.2850 1.5266
v  -1.4327 1.2903 1.4536
v  -1.3497 1.3124 1.4719
v  -1.3753 1.3033 1.4348
v  -1.3772 1.2838 1.4059
v  -1.4065 1.2730 1.4061
v  -1.4716 1.3063 1.6443
v  -1.4932 1.2939 1.6376
v  -1.7187 1.5116 0.8830
v  -1.7235 1.4976 0.8648
v  -1.7229 1.4823 0.8762
v  -1.7208 1.4964 0.8955
v  -1.7209 1.4704 0.8556
v  -1.7224 1.4856 0.8462
v  -1.7189 1.4541 0.8643
v  -1.7204 1.4645 0.8875
v  -1.7216 1.4786 0.9071
v  -1.7125 1.4678 0.8153
v  -1.7068 1.4567 0.8145
v  -1.7155 1.4610 0.8347
v  -1.7176 1.4752 0.8283
v  -1.6981 1.4422 0.8158
v  -1.7128 1.4464 0.8391
v  -1.7384 1.5365 0.8601
v  -1.7400 1.5237 0.8439
v  -1.7282 1.5129 0.8531
v  -1.7241 1.5261 0.8692
v  -1.7353 1.5108 0.8264
v  -1.7264 1.5003 0.8362
v  -1.7204 1.4872 0.8187
v  -1.7116 1.4730 0.8036
v  -1.7251 1.4961 0.8075
v  -1.7113 1.4798 0.7900
v  -1.6955 1.4621 0.7767
v  -1.6998 1.4581 0.7944
v  -1.6839 1.4440 0.7913
v  -1.6770 1.4477 0.7673
v  -1.7420 1.4669 0.9135
v  -1.7388 1.4851 0.9323
v  -1.7190 1.4934 0.9240
v  -1.7637 1.4754 0.9401
v  -1.7683 1.4533 0.9191
v  -1.7523 1.4994 0.9645
v  -1.7301 1.5046 0.9452
v  -1.7180 1.5065 0.9342
v  -1.7353 1.4375 0.8669
v  -1.7405 1.4500 0.8922
v  -1.7654 1.4324 0.8963
v  -1.7570 1.4164 0.8692
v  -1.7225 1.4280 0.8403
v  -1.7031 1.4227 0.8138
v  -1.7157 1.3977 0.8107
v  -1.7401 1.4048 0.8396
v  -1.6811 1.4240 0.7874
v  -1.6639 1.4306 0.7622
v  -1.6627 1.4028 0.7497
v  -1.6911 1.3979 0.7806
v  -1.7499 1.5136 0.8177
v  -1.7664 1.5101 0.8114
v  -1.7511 1.4940 0.7881
v  -1.7361 1.4999 0.7959
v  -1.7182 1.4835 0.7766
v  -1.7308 1.4774 0.7668
v  -1.6986 1.4649 0.7614
v  -1.6796 1.4490 0.7492
v  -1.7089 1.4615 0.7481
v  -1.6871 1.4502 0.7336
v  -1.6498 1.4232 0.7338
v  -1.6712 1.4415 0.7242
v  -1.6637 1.4364 0.7418
v  -1.6571 1.4330 0.7149
v  -1.6402 1.4240 0.7012
v  -1.6339 1.4107 0.7187
v  -1.6206 1.4163 0.6837
v  -1.6162 1.4000 0.6963
v  -1.6431 1.3844 0.7221
v  -1.6242 1.3735 0.6949
v  -1.5950 1.4137 0.6660
v  -1.5892 1.3961 0.6755
v  -1.5652 1.4188 0.6494
v  -1.5548 1.3988 0.6580
v  -1.5615 1.3680 0.6475
v  -1.5960 1.3687 0.6699
v  -1.5183 1.4370 0.5966
v  -1.4954 1.4158 0.6037
v  -1.5210 1.4073 0.6363
v  -1.5381 1.4293 0.6279
v  -1.5279 1.3728 0.6215
v  -1.5036 1.3798 0.5883
v  -1.7855 1.5231 1.0209
v  -1.7700 1.5114 0.9934
v  -1.7966 1.4974 0.9928
v  -1.8030 1.5111 1.0200
v  -1.7903 1.4792 0.9699
v  -1.8178 1.4828 0.9997
v  -1.8181 1.4629 0.9779
v  -1.8150 1.4988 1.0252
v  -1.7981 1.4328 0.9265
v  -1.7939 1.4572 0.9484
v  -1.8216 1.4384 0.9586
v  -1.8210 1.4102 0.9394
v  -1.7914 1.4075 0.9039
v  -1.8103 1.3813 0.9168
v  -1.7755 1.3857 0.8781
v  -1.7902 1.3557 0.8893
v  -1.7519 1.3705 0.8471
v  -1.7266 1.3612 0.8126
v  -1.7327 1.3247 0.8187
v  -1.7612 1.3377 0.8557
v  -1.7053 1.3576 0.7776
v  -1.6843 1.3535 0.7450
v  -1.6919 1.3072 0.7486
v  -1.7108 1.3158 0.7830
v  -1.6434 1.3309 0.6831
v  -1.6636 1.3422 0.7149
v  -1.6738 1.2951 0.7144
v  -1.6548 1.2831 0.6783
v  -1.5847 1.3225 0.6221
v  -1.6165 1.3248 0.6516
v  -1.6304 1.2753 0.6407
v  -1.6016 1.2713 0.6043
v  -1.5546 1.3264 0.5903
v  -1.5334 1.3329 0.5542
v  -1.5728 1.2724 0.5678
v  -1.5478 1.2750 0.5296
v  -1.8254 1.4706 1.0130
v  -1.8215 1.4905 1.0340
v  -1.8276 1.4486 0.9943
v  -1.8194 1.4419 1.0136
v  -1.8206 1.4642 1.0285
v  -1.8187 1.4851 1.0450
v  -1.8290 1.4227 0.9780
v  -1.8275 1.3928 0.9600
v  -1.8122 1.3844 0.9844
v  -1.8161 1.4172 0.9999
v  -1.7807 1.3202 0.9306
v  -1.8074 1.3502 0.9548
v  -1.8169 1.3600 0.9357
v  -1.7947 1.3309 0.9049
v  -1.7844 1.3328 0.9649
v  -1.7996 1.3469 0.9670
v  -1.7848 1.3450 0.9854
v  -1.7952 1.3624 0.9865
v  -1.7162 1.2851 0.8431
v  -1.7475 1.2996 0.8849
v  -1.7624 1.3112 0.8678
v  -1.7300 1.2979 0.8285
v  -1.6855 1.2780 0.7577
v  -1.7044 1.2883 0.7928
v  -1.6704 1.2646 0.7700
v  -1.6904 1.2756 0.8056
v  -1.6533 1.2511 0.6834
v  -1.6694 1.2647 0.7218
v  -1.6376 1.2357 0.6963
v  -1.6541 1.2505 0.7339
v  -1.5899 1.2196 0.6155
v  -1.6162 1.2243 0.6559
v  -1.6326 1.2411 0.6420
v  -1.6053 1.2364 0.6020
v  -1.7371 1.4905 0.7383
v  -1.7129 1.4807 0.7191
v  -1.7116 1.4705 0.7333
v  -1.7371 1.4815 0.7529
v  -1.6876 1.4635 0.7184
v  -1.6907 1.4760 0.7029
v  -1.7435 1.4821 0.7056
v  -1.7333 1.4735 0.6902
v  -1.7209 1.4790 0.7035
v  -1.7403 1.4886 0.7199
v  -1.7042 1.4718 0.6869
v  -1.7214 1.4652 0.6718
v  -1.6737 1.4749 0.6904
v  -1.6704 1.4585 0.7078
v  -1.6566 1.4525 0.6974
v  -1.6596 1.4713 0.6785
v  -1.7116 1.4574 0.6562
v  -1.6911 1.4672 0.6727
v  -1.6799 1.4623 0.6591
v  -1.7029 1.4491 0.6413
v  -1.7584 1.4691 0.6410
v  -1.7512 1.4593 0.6179
v  -1.7308 1.4571 0.6380
v  -1.7390 1.4656 0.6570
v  -1.7234 1.4491 0.6204
v  -1.7440 1.4532 0.5973
v  -1.6470 1.4615 0.6652
v  -1.6418 1.4435 0.6843
v  -1.6248 1.4355 0.6692
v  -1.6341 1.4521 0.6513
v  -1.6854 1.4337 0.6055
v  -1.6939 1.4418 0.6242
v  -1.7161 1.4413 0.6013
v  -1.7096 1.4333 0.5802
v  -1.7377 1.4463 0.5758
v  -1.7323 1.4393 0.5531
v  -1.6686 1.4557 0.6439
v  -1.6578 1.4474 0.6282
v  -1.6189 1.4476 0.6354
v  -1.6034 1.4333 0.6531
v  -1.6042 1.4487 0.6161
v  -1.5805 1.4386 0.6361
v  -1.5620 1.4470 0.6133
v  -1.5486 1.4521 0.5824
v  -1.5942 1.4476 0.5922
v  -1.5861 1.4466 0.5622
v  -1.6776 1.4265 0.5847
v  -1.6465 1.4390 0.6113
v  -1.6364 1.4340 0.5914
v  -1.6711 1.4205 0.5627
v  -1.7274 1.4327 0.5283
v  -1.7043 1.4257 0.5571
v  -1.6999 1.4192 0.5334
v  -1.7234 1.4262 0.5035
v  -1.6663 1.4130 0.5413
v  -1.6296 1.4289 0.5688
v  -1.6234 1.4247 0.5415
v  -1.6608 1.4067 0.5168
v  -1.7209 1.4195 0.4804
v  -1.6963 1.4130 0.5110
v  -1.6916 1.4066 0.4872
v  -1.7172 1.4129 0.4564
v  -1.6530 1.4014 0.4874
v  -1.6153 1.4227 0.5075
v  -1.6050 1.4163 0.4684
v  -1.6425 1.3923 0.4523
v  -1.5663 1.4415 0.4817
v  -1.5768 1.4472 0.5240
v  -1.7102 1.4058 0.4288
v  -1.6845 1.3994 0.4598
v  -1.6747 1.3873 0.4265
v  -1.7006 1.3932 0.3954
v  -1.6876 1.3739 0.3525
v  -1.6612 1.3690 0.3845
v  -1.6454 1.3539 0.3370
v  -1.6708 1.3603 0.3035
v  -1.6149 1.3567 0.3657
v  -1.6291 1.3743 0.4106
v  -1.5901 1.3332 0.2785
v  -1.6023 1.3441 0.3236
v  -1.6322 1.3415 0.2913
v  -1.6200 1.3313 0.2420
v  -1.6582 1.3466 0.2554
v  -1.6463 1.3367 0.2030
v  -1.6361 1.3228 0.1422
v  -1.6077 1.3202 0.1837
v  -1.5934 1.3142 0.1213
v  -1.6225 1.3179 0.0785
v  -1.5616 1.3137 0.1643
v  -1.5769 1.3224 0.2236
v  -1.7612 1.3305 0.9740
v  -1.7667 1.3463 1.0007
v  -1.7509 1.3191 0.9383
v  -1.7258 1.3251 0.9492
v  -1.7331 1.3355 0.9869
v  -1.7363 1.3525 1.0175
v  -1.7278 1.3042 0.8977
v  -1.7006 1.2856 0.8571
v  -1.6845 1.2936 0.8702
v  -1.7078 1.3131 0.9083
v  -1.6771 1.2731 0.8187
v  -1.6566 1.2617 0.7820
v  -1.6431 1.2644 0.7951
v  -1.6632 1.2776 0.8325
v  -1.6384 1.2486 0.7457
v  -1.6191 1.2354 0.7088
v  -1.6021 1.2413 0.7209
v  -1.6236 1.2524 0.7580
v  -1.6094 1.2616 0.7701
v  -1.6289 1.2736 0.8080
v  -1.5876 1.2502 0.7327
v  -1.5748 1.2443 0.7484
v  -1.5948 1.2607 0.7866
v  -1.6131 1.2768 0.8244
v  -1.8065 1.4813 0.5942
v  -1.8054 1.4675 0.5626
v  -1.7774 1.4582 0.5948
v  -1.7824 1.4701 0.6219
v  -1.7695 1.4550 0.5704
v  -1.7951 1.4653 0.5353
v  -1.7899 1.4577 0.5115
v  -1.7633 1.4493 0.5472
v  -1.7585 1.4419 0.5243
v  -1.7859 1.4482 0.4888
v  -1.7760 1.4453 0.4642
v  -1.7521 1.4370 0.4990
v  -1.7476 1.4303 0.4740
v  -1.7704 1.4389 0.4400
v  -1.7703 1.4300 0.4175
v  -1.7461 1.4224 0.4513
v  -1.7423 1.4161 0.4267
v  -1.7662 1.4232 0.3923
v  -1.7545 1.4196 0.3615
v  -1.7343 1.4106 0.3978
v  -1.7244 1.3986 0.3621
v  -1.7453 1.4076 0.3231
v  -1.7306 1.3945 0.2750
v  -1.7114 1.3812 0.3167
v  -1.6958 1.3659 0.2659
v  -1.7178 1.3786 0.2218
v  -1.7034 1.3691 0.1687
v  -1.6843 1.3511 0.2152
v  -1.6696 1.3453 0.1607
v  -1.6866 1.3646 0.1139
v  -1.6694 1.3602 0.0541
v  -1.6571 1.3363 0.0990
v  -1.6441 1.3310 0.0370
v  -1.6561 1.3565 -0.0040
v  -1.8662 1.5731 0.6055
v  -1.8469 1.5597 0.5533
v  -1.8419 1.5181 0.5941
v  -1.8596 1.5292 0.6416
v  -1.8269 1.5093 0.5532
v  -1.8277 1.5487 0.5101
v  -1.8167 1.4908 0.6314
v  -1.8305 1.5022 0.6739
v  -1.8251 1.5396 0.4716
v  -1.8277 1.4973 0.5173
v  -1.8171 1.4914 0.4886
v  -1.8166 1.5289 0.4417
v  -1.8131 1.5172 0.4159
v  -1.8114 1.4822 0.4639
v  -1.8090 1.4709 0.4408
v  -1.8132 1.5062 0.3917
v  -1.8006 1.4973 0.3714
v  -1.7949 1.4669 0.4187
v  -1.7873 1.4610 0.3960
v  -1.7911 1.4915 0.3508
v  -1.7869 1.4860 0.3275
v  -1.7865 1.4540 0.3729
v  -1.7836 1.4463 0.3459
v  -1.7840 1.4796 0.2988
v  -1.7655 1.4719 0.2676
v  -1.7671 1.4421 0.3145
v  -1.7586 1.4311 0.2735
v  -1.7528 1.4648 0.2266
v  -1.7356 1.4566 0.1776
v  -1.7418 1.4211 0.2247
v  -1.7310 1.4084 0.1696
v  -1.7216 1.4490 0.1230
v  -1.7018 1.4420 0.0695
v  -1.7110 1.4027 0.1163
v  -1.6984 1.3958 0.0610
v  -1.6921 1.4370 0.0148
v  -1.8129 1.6982 0.6642
v  -1.8014 1.6753 0.6061
v  -1.8594 1.6421 0.6302
v  -1.8680 1.6617 0.6930
v  -1.8357 1.6186 0.5732
v  -1.7815 1.6481 0.5522
v  -1.8921 1.5904 0.6626
v  -1.8989 1.6104 0.7248
v  -1.7636 1.6285 0.5015
v  -1.8169 1.6029 0.5199
v  -1.7979 1.5876 0.4765
v  -1.7488 1.6105 0.4582
v  -1.7442 1.5995 0.4204
v  -1.7929 1.5783 0.4381
v  -1.7885 1.5662 0.4071
v  -1.7420 1.5885 0.3888
v  -1.7388 1.5792 0.3610
v  -1.7860 1.5551 0.3800
v  -1.7849 1.5464 0.3544
v  -1.7344 1.5708 0.3363
v  -1.7281 1.5614 0.3144
v  -1.7776 1.5370 0.3325
v  -1.7680 1.5289 0.3130
v  -1.7213 1.5528 0.2932
v  -1.7152 1.5454 0.2698
v  -1.7607 1.5217 0.2911
v  -1.7541 1.5147 0.2635
v  -1.7071 1.5367 0.2437
v  -1.6956 1.5270 0.2135
v  -1.7388 1.5043 0.2329
v  -1.7250 1.4984 0.1934
v  -1.6826 1.5223 0.1754
v  -1.6662 1.5186 0.1289
v  -1.7094 1.4930 0.1448
v  -1.6948 1.4885 0.0911
v  -1.6500 1.5155 0.0775
v  -1.6382 1.5129 0.0244
v  -1.6796 1.4825 0.0376
v  -1.6699 1.4798 -0.0152
v  -1.6305 1.5117 -0.0276
v  -1.7420 1.5537 1.0002
v  -1.7496 1.5315 0.9959
v  -1.7690 1.5375 1.0253
v  -1.7612 1.5549 1.0303
v  -1.7305 1.5285 0.9692
v  -1.7216 1.5572 0.9667
v  -1.7107 1.5107 0.9126
v  -1.7051 1.5277 0.8993
v  -1.7064 1.5223 0.9303
v  -1.6980 1.5463 0.9204
v  -1.7122 1.5420 0.8838
v  -1.7079 1.5584 0.8977
v  -1.7249 1.5588 0.8888
v  -1.7309 1.5499 0.8759
v  -1.7231 1.5648 0.9091
v  -1.7374 1.5623 0.8938
v  -1.7112 1.5632 0.9239
v  -1.7303 1.5695 0.9299
v  -1.7417 1.5675 0.9158
v  -1.7536 1.5659 0.8999
v  -1.7079 1.5490 0.9432
v  -1.7162 1.5275 0.9479
v  -1.7101 1.5607 0.9380
v  -1.7239 1.5685 0.9465
v  -1.7660 1.7121 1.1592
v  -1.7572 1.7035 1.1366
v  -1.7755 1.6915 1.1385
v  -1.7809 1.6990 1.1594
v  -1.7720 1.6870 1.1165
v  -1.7507 1.6991 1.1127
v  -1.7856 1.6746 1.1225
v  -1.7872 1.6797 1.1437
v  -1.7901 1.6870 1.1643
v  -1.7467 1.6958 1.0897
v  -1.7706 1.6827 1.0952
v  -1.7712 1.6778 1.0740
v  -1.7459 1.6922 1.0665
v  -1.7861 1.6644 1.0802
v  -1.7854 1.6694 1.1014
v  -1.7935 1.6572 1.0369
v  -1.7891 1.6602 1.0583
v  -1.7751 1.6734 1.0521
v  -1.7816 1.6711 1.0307
v  -1.7505 1.6885 1.0420
v  -1.7591 1.6868 1.0187
v  -1.7676 1.6860 0.9983
v  -1.7876 1.6698 1.0112
v  -1.7892 1.6662 0.9925
v  -1.7714 1.6823 0.9794
v  -1.7988 1.6524 0.9988
v  -1.7979 1.6553 1.0176
v  -1.7061 1.7326 0.9220
v  -1.7086 1.7279 0.9027
v  -1.7439 1.7042 0.9365
v  -1.7412 1.7059 0.9560
v  -1.7515 1.7105 0.9223
v  -1.7159 1.7323 0.8882
v  -1.7804 1.6817 0.9469
v  -1.7728 1.6794 0.9611
v  -1.7991 1.6501 0.9621
v  -1.7977 1.6497 0.9796
v  -1.7888 1.6629 0.9740
v  -1.7923 1.6627 0.9582
v  -1.7959 1.5478 1.0834
v  -1.7906 1.5583 1.0876
v  -1.7821 1.5466 1.0566
v  -1.7928 1.5351 1.0523
v  -1.7793 1.5610 1.0593
v  -1.7908 1.5702 1.0890
v  -1.8095 1.5275 1.0689
v  -1.8037 1.5376 1.0765
v  -1.8035 1.5245 1.0498
v  -1.8114 1.5151 1.0510
v  -1.8006 1.4660 1.0423
v  -1.8047 1.4836 1.0546
v  -1.7943 1.4465 1.0303
v  -1.7701 1.4521 1.0491
v  -1.7793 1.4691 1.0568
v  -1.7870 1.4869 1.0659
v  -1.7862 1.4248 1.0213
v  -1.7784 1.4003 1.0150
v  -1.7591 1.4346 1.0447
v  -1.7419 1.4144 1.0457
v  -1.7398 1.3812 1.0346
v  -1.7718 1.3733 1.0103
v  -1.8133 1.5048 1.0629
v  -1.8164 1.5095 1.0570
v  -1.8041 1.5238 1.0878
v  -1.8123 1.5281 1.0794
v  -1.7951 1.5709 1.1176
v  -1.7983 1.5597 1.1115
v  -1.7948 1.5705 1.1426
v  -1.7953 1.5815 1.1188
v  -1.7958 1.5832 1.1482
v  -1.7974 1.5937 1.1488
v  -1.7983 1.5474 1.1146
v  -1.8053 1.5458 1.0979
v  -1.7940 1.5059 1.0753
v  -1.8059 1.4995 1.0649
v  -1.7540 1.4547 1.0797
v  -1.7585 1.4687 1.0835
v  -1.7627 1.4720 1.0682
v  -1.7552 1.4566 1.0635
v  -1.7691 1.4898 1.0757
v  -1.7621 1.4852 1.0915
v  -1.7658 1.5032 1.1036
v  -1.7763 1.5087 1.0866
v  -1.7840 1.5270 1.1042
v  -1.7729 1.5210 1.1201
v  -1.7875 1.5464 1.1276
v  -1.7826 1.5386 1.1401
v  -1.7921 1.5564 1.1624
v  -1.7895 1.5646 1.1516
v  -1.7938 1.5780 1.1728
v  -1.7967 1.5863 1.1773
v  -1.8040 1.5733 1.1844
v  -1.8159 1.5933 1.2063
v  -1.7985 1.5943 1.1807
v  -1.8112 1.6063 1.2092
v  -1.8089 1.6163 1.2084
v  -1.8014 1.6052 1.1800
v  -1.8283 1.5289 1.1808
v  -1.8340 1.5491 1.2050
v  -1.8202 1.5638 1.1928
v  -1.8095 1.5441 1.1702
v  -1.8340 1.5709 1.2355
v  -1.8287 1.5840 1.2202
v  -1.8086 1.4925 1.1472
v  -1.8191 1.5099 1.1618
v  -1.7984 1.5252 1.1508
v  -1.7884 1.5073 1.1342
v  -1.7912 1.4613 1.1260
v  -1.7990 1.4764 1.1357
v  -1.7807 1.4904 1.1203
v  -1.7754 1.4742 1.1087
v  -1.7856 1.4473 1.1172
v  -1.7700 1.4590 1.1014
v  -1.7655 1.4453 1.0971
v  -1.7816 1.4337 1.1102
v  -1.8040 1.6333 1.1965
v  -1.8003 1.6244 1.1715
v  -1.8022 1.6158 1.1762
v  -1.8072 1.6258 1.2029
v  -1.7980 1.6048 1.1469
v  -1.7961 1.6147 1.1442
v  -1.7933 1.6647 1.1507
v  -1.7972 1.6721 1.1713
v  -1.7909 1.6584 1.1290
v  -1.7941 1.6443 1.1341
v  -1.7973 1.6510 1.1570
v  -1.8023 1.6584 1.1784
v  -1.8018 1.6430 1.1884
v  -1.7986 1.6360 1.1645
v  -1.7990 1.6306 1.1678
v  -1.8022 1.6380 1.1910
v  -1.7951 1.6220 1.1416
v  -1.7954 1.6282 1.1393
v  -1.7987 1.6422 1.1612
v  -1.8030 1.6491 1.1841
v  -1.7955 1.6349 1.1371
v  -1.7958 1.5933 1.1184
v  -1.7946 1.6045 1.1174
v  -1.7928 1.5951 1.0907
v  -1.7922 1.5825 1.0901
v  -1.7931 1.6324 1.0891
v  -1.7930 1.6378 1.1117
v  -1.7903 1.6525 1.1074
v  -1.7909 1.6471 1.0855
v  -1.7934 1.6132 1.1162
v  -1.7930 1.6207 1.1149
v  -1.7920 1.6143 1.0907
v  -1.7930 1.6054 1.0908
v  -1.7924 1.6224 1.0904
v  -1.7935 1.6280 1.1138
v  -1.7843 1.5742 1.0615
v  -1.7900 1.5876 1.0635
v  -1.7849 1.5827 1.0366
v  -1.7715 1.5700 1.0332
v  -1.7930 1.6432 1.0627
v  -1.7970 1.6404 1.0408
v  -1.7989 1.6259 1.0428
v  -1.7949 1.6287 1.0655
v  -1.7939 1.5993 1.0647
v  -1.7929 1.6098 1.0655
v  -1.7947 1.6062 1.0411
v  -1.7944 1.5941 1.0392
v  -1.7968 1.6156 1.0425
v  -1.7935 1.6186 1.0661
v  -1.8047 1.6363 1.0021
v  -1.8020 1.6384 1.0212
v  -1.8035 1.6233 1.0225
v  -1.8064 1.6208 1.0027
v  -1.7586 1.5699 1.0047
v  -1.7801 1.5800 1.0105
v  -1.7765 1.5787 0.9861
v  -1.7491 1.5732 0.9785
v  -1.7934 1.5905 1.0152
v  -1.7959 1.6032 1.0186
v  -1.7955 1.6012 0.9970
v  -1.7914 1.5886 0.9921
v  -1.8014 1.6104 1.0007
v  -1.7997 1.6129 1.0213
v  -1.8032 1.6332 0.9642
v  -1.8040 1.6340 0.9823
v  -1.8055 1.6183 0.9822
v  -1.8015 1.6174 0.9637
v  -1.7479 1.5754 0.9559
v  -1.7726 1.5805 0.9644
v  -1.7710 1.5824 0.9452
v  -1.7524 1.5742 0.9376
v  -1.7938 1.6091 0.9605
v  -1.7987 1.6088 0.9797
v  -1.7896 1.6021 0.9759
v  -1.7841 1.6036 0.9560
v  -1.7787 1.5937 0.9512
v  -1.7840 1.5913 0.9709
v  -1.8518 1.5115 0.7220
v  -1.8833 1.5416 0.6953
v  -1.8959 1.5600 0.7513
v  -1.8673 1.5262 0.7709
v  -1.7612 1.4954 0.7762
v  -1.7790 1.5120 0.8019
v  -1.7900 1.5163 0.7866
v  -1.7626 1.5024 0.7593
v  -1.8036 1.4934 0.6944
v  -1.8237 1.5042 0.7383
v  -1.7794 1.4926 0.7113
v  -1.8054 1.5055 0.7497
v  -1.8417 1.5158 0.7822
v  -1.8226 1.5148 0.7884
v  -1.7570 1.4859 0.7070
v  -1.7487 1.4751 0.6806
v  -1.7674 1.4791 0.6705
v  -1.7616 1.4978 0.7343
v  -1.7821 1.5050 0.7479
v  -1.7982 1.5090 0.7624
v  -1.8085 1.5163 0.7921
v  -1.7907 1.4815 0.6555
v  -1.7473 1.4428 1.0626
v  -1.7351 1.4325 1.0657
v  -1.7400 1.4364 1.0824
v  -1.7506 1.4426 1.0793
v  -1.7521 1.4264 1.0975
v  -1.7628 1.4327 1.0954
v  -1.7635 1.4126 1.1091
v  -1.7771 1.4196 1.1069
v  -1.7682 1.4123 1.1231
v  -1.7825 1.4137 1.1180
v  -1.7720 1.4203 1.1351
v  -1.7870 1.4234 1.1237
v  -1.7900 1.4356 1.1325
v  -1.7785 1.4297 1.1474
v  -1.7867 1.4413 1.1607
v  -1.7948 1.4492 1.1433
v  -1.7958 1.4544 1.1739
v  -1.8023 1.4634 1.1546
v  -1.8116 1.4785 1.1671
v  -1.8054 1.4694 1.1882
v  -1.8152 1.4858 1.2039
v  -1.8212 1.4951 1.1818
v  -1.8296 1.5133 1.2000
v  -1.8233 1.5033 1.2214
v  -1.8273 1.5217 1.2405
v  -1.8346 1.5333 1.2233
v  -1.8330 1.5561 1.2535
v  -1.8215 1.5432 1.2675
v  -1.8011 1.5393 1.2694
v  -1.8116 1.5219 1.2491
v  -1.8022 1.5112 1.2380
v  -1.7724 1.5344 1.2643
v  -1.7447 1.4986 1.2198
v  -1.7570 1.5161 1.2397
v  -1.7918 1.4968 1.2216
v  -1.7811 1.4799 1.2042
v  -1.7215 1.4690 1.1827
v  -1.7327 1.4819 1.2014
v  -1.7705 1.4637 1.1888
v  -1.7602 1.4501 1.1736
v  -1.7422 1.4303 1.1438
v  -1.7501 1.4388 1.1587
v  -1.7108 1.4602 1.1641
v  -1.7020 1.4536 1.1465
v  -1.7353 1.4236 1.1137
v  -1.6916 1.4424 1.1151
v  -1.6961 1.4467 1.1303
v  -1.7382 1.4233 1.1289
v  -1.7184 1.4369 1.0872
v  -1.7280 1.4325 1.1017
v  -1.6804 1.4409 1.0902
v  -1.6863 1.4420 1.1022
v  -1.7123 1.4307 1.0724
v  -1.7090 1.4161 1.0586
v  -1.6732 1.4299 1.0607
v  -1.6761 1.4371 1.0769
v  -1.7063 1.3939 1.0436
v  -1.7044 1.3713 1.0205
v  -1.6692 1.3985 1.0170
v  -1.6711 1.4167 1.0399
v  -1.7031 1.3528 0.9914
v  -1.6992 1.3384 0.9565
v  -1.6667 1.3600 0.9612
v  -1.6691 1.3793 0.9905
v  -1.6867 1.3256 0.9176
v  -1.6673 1.3050 0.8828
v  -1.6417 1.3122 0.9048
v  -1.6568 1.3418 0.9291
v  -1.6313 1.2904 0.8632
v  -1.6482 1.2880 0.8459
v  -1.6018 1.2818 1.0055
v  -1.6048 1.2771 0.9514
v  -1.5933 1.2531 0.9664
v  -1.5877 1.2251 0.9843
v  -1.5960 1.2505 1.0268
v  -1.5995 1.2604 0.9992
v  -1.6005 1.2794 1.0617
v  -1.6162 1.2763 0.8850
v  -1.6183 1.2959 0.9214
v  -1.5991 1.2620 0.8457
v  -1.5777 1.2521 0.8686
v  -1.5971 1.2608 0.9076
v  -1.5812 1.2465 0.8069
v  -1.5619 1.2293 0.7665
v  -1.5439 1.2167 0.7852
v  -1.5594 1.2379 0.8278
v  -1.5515 1.2290 0.7084
v  -1.5395 1.2135 0.7240
v  -1.5177 1.2009 0.6826
v  -1.5275 1.2189 0.6708
v  -1.5052 1.1822 0.6941
v  -1.5247 1.1978 0.7397
v  -1.4977 1.1963 0.6455
v  -1.5049 1.2179 0.6402
v  -1.4810 1.2242 0.6161
v  -1.4709 1.2010 0.6180
v  -1.4877 1.1735 0.6498
v  -1.4588 1.1752 0.6178
v  -1.5500 1.2302 0.6476
v  -1.5764 1.2337 0.6831
v  -1.5951 1.2264 0.6700
v  -1.5690 1.2218 0.6322
v  -1.5615 1.2408 0.6949
v  -1.5352 1.2356 0.6606
v  -1.5268 1.2304 0.6178
v  -1.5130 1.2358 0.6332
v  -1.4925 1.2398 0.6095
v  -1.5061 1.2341 0.5938
v  -1.5745 1.2367 0.5644
v  -1.5450 1.2381 0.5265
v  -1.5268 1.2205 0.5401
v  -1.5603 1.2207 0.5782
v  -1.5428 1.2216 0.5983
v  -1.5190 1.2245 0.5739
v  -1.5001 1.2305 0.5641
v  -1.4870 1.2403 0.5757
v  -1.4929 1.2287 0.5415
v  -1.4703 1.2437 0.5509
v  -1.4719 1.2445 0.5867
v  -1.4577 1.2293 0.5923
v  -1.4495 1.2480 0.5589
v  -1.4333 1.2303 0.5636
v  -1.5791 1.2486 0.9305
v  -1.5583 1.2451 0.8914
v  -1.5447 1.2321 0.9086
v  -1.5688 1.2340 0.9443
v  -1.5848 1.1501 0.9532
v  -1.5881 1.1798 0.9670
v  -1.5818 1.1742 0.9308
v  -1.5819 1.1358 0.9238
v  -1.5752 1.2070 0.9414
v  -1.5561 1.1940 0.9052
v  -1.5643 1.1591 0.8935
v  -1.5674 1.1212 0.8867
v  -1.5492 1.2146 0.9084
v  -1.5675 1.2214 0.9376
v  -1.5354 1.2361 0.8475
v  -1.5244 1.2099 0.8015
v  -1.5126 1.1975 0.8136
v  -1.5173 1.2215 0.8658
v  -1.5217 1.1820 0.8138
v  -1.5303 1.1995 0.8670
v  -1.5406 1.1778 0.8608
v  -1.5330 1.1617 0.8088
v  -1.5461 1.1298 0.8014
v  -1.5524 1.1441 0.8500
v  -1.5551 1.1075 0.8457
v  -1.5478 1.0940 0.8010
v  -1.5097 1.1856 0.7522
v  -1.4928 1.1661 0.7013
v  -1.5014 1.1738 0.7597
v  -1.4827 1.1528 0.7052
v  -1.4881 1.1375 0.7054
v  -1.5079 1.1604 0.7595
v  -1.5223 1.1429 0.7550
v  -1.5028 1.1222 0.7022
v  -1.5165 1.0986 0.7006
v  -1.5370 1.1147 0.7510
v  -1.5390 1.0812 0.7546
v  -1.5165 1.0705 0.7069
v  -1.5687 1.1114 0.9353
v  -1.5735 1.1378 0.9688
v  -1.5536 1.0963 0.8972
v  -1.5379 1.0786 0.9170
v  -1.5551 1.0949 0.9567
v  -1.5583 1.1264 0.9891
v  -1.5406 1.0843 0.8561
v  -1.5334 1.0695 0.8125
v  -1.5107 1.0535 0.8316
v  -1.5211 1.0692 0.8749
v  -1.5239 1.0558 0.7680
v  -1.5045 1.0469 0.7198
v  -1.4871 1.0253 0.7359
v  -1.5017 1.0366 0.7865
v  -1.4860 1.0603 0.6542
v  -1.4775 1.0388 0.6647
v  -1.4525 1.0298 0.6123
v  -1.4590 1.0500 0.6043
v  -1.4415 1.0114 0.6238
v  -1.4642 1.0185 0.6783
v  -1.4396 1.0076 0.6955
v  -1.4564 1.0158 0.7552
v  -1.4221 1.0007 0.6396
v  -1.3981 0.9995 0.6541
v  -1.4096 1.0081 0.7100
v  -1.4207 1.0172 0.7694
v  -1.5880 1.2932 1.1200
v  -1.5908 1.2591 1.0878
v  -1.5812 1.2471 1.1130
v  -1.5901 1.2710 1.1434
v  -1.5927 1.2762 1.1182
v  -1.5917 1.2984 1.1752
v  -1.5803 1.2366 1.0558
v  -1.5702 1.2080 1.0243
v  -1.5501 1.1886 1.0524
v  -1.5677 1.2211 1.0834
v  -1.5540 1.1594 1.0164
v  -1.5708 1.1725 0.9965
v  -1.5431 1.1228 1.0042
v  -1.5436 1.1484 1.0235
v  -1.5338 1.1248 1.0203
v  -1.5384 1.1552 1.0415
v  -1.5369 1.0920 0.9758
v  -1.5187 1.0702 0.9383
v  -1.5045 1.0664 0.9570
v  -1.5260 1.0923 0.9909
v  -1.4968 1.0584 0.8983
v  -1.4789 1.0453 0.8553
v  -1.4390 1.0394 0.8791
v  -1.4737 1.0528 0.9219
v  -1.4300 1.0270 0.8231
v  -1.4677 1.0295 0.8083
v  -1.6014 1.2580 1.1624
v  -1.6146 1.2800 1.1968
v  -1.5900 1.2322 1.1319
v  -1.5984 1.2178 1.1476
v  -1.6139 1.2414 1.1772
v  -1.6300 1.2631 1.2110
v  -1.5741 1.2060 1.1046
v  -1.5557 1.1789 1.0817
v  -1.5671 1.1672 1.0975
v  -1.5824 1.1933 1.1211
v  -1.5849 1.1706 1.1429
v  -1.5989 1.1917 1.1710
v  -1.6006 1.2050 1.1602
v  -1.5849 1.1823 1.1330
v  -1.5745 1.1573 1.1071
v  -1.5758 1.1465 1.1169
v  -1.5469 1.1490 1.0605
v  -1.5422 1.1179 1.0353
v  -1.5572 1.1092 1.0453
v  -1.5609 1.1392 1.0732
v  -1.5659 1.1001 1.0542
v  -1.5705 1.1305 1.0819
v  -1.5712 1.1200 1.0924
v  -1.5647 1.0898 1.0662
v  -1.5308 1.0852 1.0034
v  -1.5072 1.0543 0.9711
v  -1.5194 1.0402 0.9794
v  -1.5448 1.0750 1.0119
v  -1.5259 1.0189 1.0025
v  -1.5508 1.0551 1.0349
v  -1.5529 1.0647 1.0215
v  -1.5262 1.0284 0.9891
v  -1.4688 1.0328 0.9429
v  -1.4317 1.0122 0.9115
v  -1.4363 0.9816 0.9238
v  -1.4793 1.0099 0.9533
v  -1.4480 0.9479 0.9387
v  -1.4903 0.9835 0.9721
v  -1.4869 0.9952 0.9616
v  -1.4430 0.9622 0.9314
v  -1.6055 1.4319 1.6458
v  -1.5988 1.4072 1.6727
v  -1.6119 1.3938 1.6511
v  -1.6190 1.4180 1.6272
v  -1.5996 1.3623 1.6775
v  -1.5857 1.3742 1.7011
v  -1.6088 1.4350 1.5818
v  -1.6001 1.4487 1.5991
v  -1.6047 1.4564 1.5901
v  -1.6147 1.4430 1.5729
v  -1.6051 1.4635 1.5757
v  -1.6146 1.4506 1.5595
v  -1.6089 1.4282 1.5969
v  -1.6000 1.4431 1.6137
v  -1.5982 1.4447 1.6057
v  -1.6063 1.4305 1.5887
v  -1.6039 1.4414 1.6262
v  -1.6149 1.4269 1.6088
v  -1.6217 1.4330 1.5310
v  -1.6238 1.4234 1.5420
v  -1.6337 1.4013 1.5028
v  -1.6300 1.4137 1.4938
v  -1.6315 1.3899 1.5100
v  -1.6192 1.4136 1.5501
v  -1.6339 1.3771 1.5223
v  -1.6198 1.4024 1.5644
v  -1.6165 1.4068 1.5565
v  -1.6305 1.3823 1.5158
v  -1.6275 1.4006 1.5747
v  -1.6413 1.3732 1.5310
v  -1.6513 1.3661 1.5433
v  -1.6369 1.3935 1.5905
v  -1.6379 1.3928 1.4516
v  -1.6427 1.3803 1.4597
v  -1.6490 1.3611 1.4175
v  -1.6422 1.3722 1.4101
v  -1.6470 1.3517 1.4262
v  -1.6395 1.3690 1.4670
v  -1.6415 1.2808 1.2524
v  -1.6311 1.2959 1.2381
v  -1.6426 1.3070 1.2811
v  -1.6495 1.2955 1.2935
v  -1.6253 1.3171 1.2752
v  -1.6086 1.3108 1.2301
v  -1.6425 1.3548 1.3743
v  -1.6514 1.3452 1.3812
v  -1.6499 1.3306 1.3486
v  -1.6389 1.3393 1.3425
v  -1.6534 1.3228 1.3630
v  -1.6523 1.3380 1.3921
v  -1.6489 1.3410 1.4368
v  -1.6427 1.3563 1.4788
v  -1.6385 1.3612 1.4730
v  -1.6461 1.3461 1.4341
v  -1.6508 1.3364 1.4054
v  -1.6515 1.3300 1.3997
v  -1.6494 1.3519 1.4853
v  -1.6531 1.3356 1.4410
v  -1.6551 1.3274 1.4459
v  -1.6563 1.3440 1.4938
v  -1.6519 1.3239 1.4011
v  -1.6511 1.3138 1.3665
v  -1.6484 1.3094 1.3749
v  -1.6505 1.3162 1.4029
v  -1.6542 1.3088 1.3271
v  -1.6471 1.3177 1.3169
v  -1.6336 1.3258 1.3115
v  -1.6328 1.3718 1.6115
v  -1.6493 1.3477 1.5596
v  -1.6389 1.3204 1.5777
v  -1.6208 1.3436 1.6363
v  -1.6547 1.3287 1.5048
v  -1.6506 1.3155 1.4500
v  -1.6397 1.3043 1.4530
v  -1.6435 1.3128 1.5111
v  -1.6227 1.2964 1.4546
v  -1.6261 1.3019 1.5072
v  -1.6065 1.2900 1.5053
v  -1.6040 1.2836 1.4594
v  -1.6159 1.2844 1.5367
v  -1.6300 1.2943 1.5524
v  -1.6333 1.2813 1.3329
v  -1.6435 1.2991 1.3586
v  -1.6494 1.3007 1.3381
v  -1.6428 1.2864 1.3077
v  -1.6444 1.3058 1.3985
v  -1.6332 1.2955 1.3938
v  -1.6158 1.2094 1.2024
v  -1.6191 1.2258 1.1900
v  -1.6328 1.2466 1.2256
v  -1.6293 1.2302 1.2453
v  -1.6146 1.2502 1.3458
v  -1.6082 1.2676 1.4034
v  -1.6203 1.2850 1.3952
v  -1.6234 1.2681 1.3411
v  -1.6325 1.2585 1.2834
v  -1.6380 1.2677 1.2678
v  -1.6224 1.2371 1.2954
v  -1.6271 1.2545 1.3015
v  -1.6843 1.7005 0.6385
v  -1.6798 1.6743 0.5939
v  -1.7367 1.6835 0.5933
v  -1.7462 1.7091 0.6443
v  -1.7241 1.6549 0.5438
v  -1.6747 1.6465 0.5476
v  -1.6696 1.6285 0.5012
v  -1.7124 1.6341 0.4963
v  -1.7036 1.6179 0.4533
v  -1.6653 1.6146 0.4584
v  -1.6999 1.6066 0.4159
v  -1.6620 1.6031 0.4208
v  -1.6589 1.5912 0.3893
v  -1.6975 1.5959 0.3843
v  -1.6548 1.5811 0.3629
v  -1.6936 1.5865 0.3571
v  -1.6885 1.5777 0.3329
v  -1.6498 1.5720 0.3396
v  -1.6442 1.5633 0.3173
v  -1.6828 1.5686 0.3108
v  -1.6767 1.5601 0.2886
v  -1.6380 1.5544 0.2950
v  -1.6310 1.5454 0.2709
v  -1.6700 1.5524 0.2648
v  -1.6614 1.5433 0.2389
v  -1.6218 1.5359 0.2451
v  -1.6091 1.5282 0.2159
v  -1.6500 1.5359 0.2088
v  -1.6346 1.5300 0.1732
v  -1.5918 1.5197 0.1832
v  -1.5686 1.5106 0.1464
v  -1.6142 1.5242 0.1311
v  -1.5955 1.5193 0.0834
v  -1.5358 1.5026 0.1020
v  -1.5317 1.5081 -0.0137
v  -1.5808 1.5203 -0.0229
v  -1.5849 1.5181 0.0306
v  -1.5332 1.5042 0.0413
v  -1.4488 1.4971 0.0444
v  -1.4885 1.5022 0.0438
v  -1.4853 1.4994 0.0914
v  -1.4465 1.4926 0.0882
v  -1.4508 1.4998 -0.0059
v  -1.4892 1.5060 -0.0091
v  -1.6190 1.6404 0.5712
v  -1.6440 1.6366 0.5601
v  -1.6443 1.6639 0.6048
v  -1.6190 1.6605 0.6162
v  -1.6434 1.6908 0.6454
v  -1.6161 1.6828 0.6551
v  -1.6116 1.6088 0.4795
v  -1.6383 1.6044 0.4692
v  -1.6415 1.6184 0.5133
v  -1.6161 1.6235 0.5244
v  -1.6021 1.5872 0.4057
v  -1.6311 1.5807 0.3982
v  -1.6349 1.5928 0.4304
v  -1.6071 1.5971 0.4393
v  -1.5911 1.5707 0.3578
v  -1.6210 1.5644 0.3491
v  -1.6262 1.5725 0.3718
v  -1.5966 1.5790 0.3795
v  -1.5806 1.5509 0.3145
v  -1.6098 1.5470 0.3044
v  -1.6157 1.5559 0.3270
v  -1.5861 1.5612 0.3364
v  -1.5640 1.5311 0.2663
v  -1.5932 1.5263 0.2551
v  -1.6027 1.5370 0.2805
v  -1.5736 1.5404 0.2910
v  -1.5506 1.5242 0.2411
v  -1.5799 1.5171 0.2279
v  -1.5626 1.5070 0.1999
v  -1.5332 1.5191 0.2157
v  -1.5113 1.5108 0.1913
v  -1.4847 1.5001 0.1718
v  -1.5103 1.4935 0.1436
v  -1.5397 1.4976 0.1697
v  -1.4535 1.4886 0.1606
v  -1.4752 1.4885 0.1298
v  -1.4413 1.4765 0.1247
v  -1.4227 1.4726 0.1555
v  -1.5959 1.6823 0.6552
v  -1.5966 1.6638 0.6221
v  -1.5774 1.6704 0.6279
v  -1.5828 1.6817 0.6499
v  -1.5687 1.6559 0.5913
v  -1.5935 1.6467 0.5816
v  -1.5874 1.6321 0.5364
v  -1.5579 1.6439 0.5481
v  -1.5470 1.6351 0.5031
v  -1.5799 1.6196 0.4913
v  -1.5725 1.6088 0.4509
v  -1.5364 1.6266 0.4625
v  -1.5262 1.6176 0.4289
v  -1.5651 1.5986 0.4173
v  -1.5581 1.5898 0.3922
v  -1.5183 1.6105 0.4036
v  -1.5125 1.6021 0.3829
v  -1.5522 1.5806 0.3718
v  -1.5314 1.6931 0.6033
v  -1.5459 1.6714 0.5997
v  -1.5606 1.6835 0.6356
v  -1.5506 1.7029 0.6403
v  -1.5756 1.6946 0.6624
v  -1.5684 1.7126 0.6709
v  -1.5187 1.6587 0.5113
v  -1.5314 1.6633 0.5566
v  -1.5141 1.6881 0.5599
v  -1.5003 1.6859 0.5141
v  -1.4930 1.6449 0.4362
v  -1.5059 1.6530 0.4700
v  -1.4859 1.6818 0.4718
v  -1.4695 1.6741 0.4378
v  -1.5695 1.8156 0.7615
v  -1.5515 1.8085 0.7246
v  -1.5354 1.8007 0.6873
v  -1.5585 1.7984 0.7219
v  -1.5446 1.7919 0.6853
v  -1.5752 1.8036 0.7582
v  -1.5201 1.7949 0.6415
v  -1.5065 1.7935 0.5899
v  -1.5180 1.7803 0.5906
v  -1.5311 1.7847 0.6405
v  -1.4932 1.7974 0.5358
v  -1.4804 1.8020 0.4827
v  -1.4900 1.7834 0.4878
v  -1.5050 1.7817 0.5387
v  -1.4629 1.7993 0.4358
v  -1.4405 1.7884 0.3983
v  -1.4475 1.7724 0.4033
v  -1.4712 1.7809 0.4411
v  -1.4184 1.7722 0.3700
v  -1.3979 1.7533 0.3478
v  -1.4066 1.7412 0.3523
v  -1.4259 1.7584 0.3749
v  -1.3793 1.7340 0.3298
v  -1.3631 1.7162 0.3123
v  -1.3740 1.7048 0.3147
v  -1.3892 1.7229 0.3329
v  -1.3338 1.6863 0.2764
v  -1.3483 1.7004 0.2945
v  -1.3448 1.6735 0.2798
v  -1.3596 1.6883 0.2971
v  -1.3142 1.6483 0.2397
v  -1.3294 1.6612 0.2610
v  -1.3189 1.6739 0.2576
v  -1.3035 1.6609 0.2367
v  -1.2661 1.6236 0.1948
v  -1.2861 1.6442 0.2147
v  -1.2777 1.6110 0.1981
v  -1.2974 1.6313 0.2174
v  -1.2443 1.6003 0.1791
v  -1.2211 1.5757 0.1655
v  -1.2337 1.5662 0.1699
v  -1.2566 1.5891 0.1829
v  -1.5598 1.7519 0.6783
v  -1.5532 1.7738 0.6819
v  -1.5388 1.7651 0.6402
v  -1.5442 1.7425 0.6403
v  -1.5241 1.7588 0.5937
v  -1.5276 1.7352 0.5973
v  -1.5133 1.7334 0.5501
v  -1.5142 1.7116 0.5554
v  -1.5303 1.7146 0.6004
v  -1.4998 1.7101 0.5088
v  -1.4993 1.7328 0.5021
v  -1.5108 1.7583 0.5441
v  -1.4963 1.7590 0.4946
v  -1.4825 1.7296 0.4569
v  -1.4817 1.7063 0.4660
v  -1.4621 1.6992 0.4311
v  -1.4611 1.7229 0.4206
v  -1.4783 1.7564 0.4484
v  -1.4549 1.7490 0.4112
v  -1.4342 1.7366 0.3842
v  -1.4173 1.7208 0.3620
v  -1.4282 1.6970 0.3737
v  -1.4429 1.7116 0.3946
v  -1.3878 1.6855 0.3245
v  -1.4023 1.7033 0.3422
v  -1.4002 1.6635 0.3384
v  -1.4143 1.6805 0.3550
v  -1.3701 1.6322 0.3073
v  -1.3854 1.6470 0.3233
v  -1.3728 1.6687 0.3084
v  -1.3581 1.6538 0.2914
v  -1.3376 1.6072 0.2671
v  -1.3539 1.6197 0.2886
v  -1.3435 1.6416 0.2716
v  -1.3285 1.6290 0.2496
v  -1.3030 1.5758 0.2226
v  -1.3208 1.5926 0.2435
v  -1.3119 1.6129 0.2266
v  -1.2918 1.5939 0.2074
v  -1.5784 1.7389 0.7036
v  -1.5839 1.7181 0.6946
v  -1.6072 1.7258 0.7198
v  -1.5722 1.7600 0.7103
v  -1.5905 1.7449 0.7308
v  -1.5851 1.7655 0.7422
v  -1.5650 1.7320 0.6749
v  -1.5655 1.7811 0.7168
v  -1.5800 1.7859 0.7516
v  -1.5484 1.7227 0.6401
v  -1.7646 1.5599 0.8796
v  -1.7483 1.5544 0.8757
v  -1.7551 1.5413 0.8573
v  -1.7756 1.5444 0.8590
v  -1.7732 1.5261 0.8349
v  -1.7560 1.5273 0.8383
v  -1.7729 1.5831 0.9282
v  -1.7797 1.5782 0.9127
v  -1.7682 1.5699 0.9073
v  -1.7596 1.5723 0.9226
v  -1.7932 1.5394 0.8528
v  -1.8070 1.5355 0.8539
v  -1.8020 1.5279 0.8250
v  -1.7878 1.5290 0.8286
v  -1.8015 1.5505 0.8873
v  -1.7895 1.5501 0.8761
v  -1.7791 1.5618 0.8895
v  -1.7907 1.5640 0.9005
v  -1.8078 1.5419 0.8737
v  -1.7974 1.5434 0.8685
v  -1.7795 1.5938 0.9328
v  -1.7868 1.6016 0.9380
v  -1.7962 1.5910 0.9246
v  -1.7879 1.5853 0.9183
v  -1.8196 1.5339 0.8550
v  -1.8159 1.5247 0.8249
v  -1.8310 1.5246 0.8246
v  -1.8327 1.5360 0.8553
v  -1.8222 1.5586 0.8978
v  -1.8119 1.5535 0.8939
v  -1.8001 1.5691 0.9074
v  -1.8093 1.5743 0.9133
v  -1.8183 1.5432 0.8769
v  -1.8297 1.5471 0.8786
v  -1.8490 1.5285 0.8216
v  -1.8482 1.5423 0.8544
v  -1.8699 1.5441 0.8146
v  -1.8652 1.5606 0.8504
v  -1.8195 1.6088 0.9363
v  -1.8069 1.5970 0.9303
v  -1.7968 1.6066 0.9436
v  -1.8067 1.6153 0.9485
v  -1.8487 1.5849 0.9010
v  -1.8345 1.5672 0.8999
v  -1.8212 1.5819 0.9175
v  -1.8352 1.5975 0.9211
v  -1.8430 1.5549 0.8793
v  -1.8583 1.5733 0.8779
v  -1.8110 1.6576 0.9509
v  -1.8143 1.6362 0.9520
v  -1.8319 1.6375 0.9399
v  -1.8217 1.6779 0.9326
v  -1.8030 1.6676 0.9506
v  -1.7970 1.6871 0.9401
v  -1.8818 1.5992 0.8418
v  -1.8877 1.5821 0.8009
v  -1.8867 1.6292 0.7800
v  -1.8826 1.6484 0.8246
v  -1.8490 1.6652 0.8772
v  -1.8619 1.6217 0.8972
v  -1.8495 1.6316 0.9206
v  -1.8416 1.6772 0.9051
v  -1.8725 1.6115 0.8719
v  -1.8664 1.6588 0.8546
v  -1.7691 1.7203 0.9153
v  -1.7335 1.7432 0.8818
v  -1.7527 1.7535 0.8670
v  -1.7938 1.7260 0.9009
v  -1.8072 1.7335 0.7624
v  -1.8126 1.7159 0.7186
v  -1.8617 1.6783 0.7506
v  -1.8562 1.6985 0.7963
v  -1.7688 1.7527 0.8426
v  -1.8124 1.7217 0.8769
v  -1.8182 1.7045 0.8492
v  -1.7776 1.7385 0.8171
v  -1.8377 1.7037 0.8271
v  -1.7923 1.7360 0.7935
v  -1.6539 1.7539 0.8209
v  -1.6761 1.7428 0.8631
v  -1.6651 1.7459 0.8781
v  -1.6305 1.7620 0.8205
v  -1.6780 1.7586 0.8245
v  -1.6894 1.7463 0.8557
v  -1.6875 1.7411 0.7057
v  -1.6866 1.7253 0.6739
v  -1.7498 1.7327 0.6885
v  -1.7471 1.7484 0.7276
v  -1.7081 1.7516 0.8569
v  -1.7122 1.7621 0.8395
v  -1.6431 1.7530 0.7772
v  -1.6433 1.7451 0.7415
v  -1.6186 1.7468 0.7703
v  -1.6812 1.7593 0.7566
v  -1.6768 1.7642 0.7891
v  -1.6026 1.7514 0.7610
v  -1.6032 1.7682 0.7795
v  -1.6443 1.7289 0.7050
v  -1.6422 1.7124 0.6789
v  -1.6116 1.7017 0.6862
v  -1.6532 1.7407 0.7227
v  -1.6874 1.7510 0.7318
v  -1.5904 1.6989 0.6795
v  -1.7390 1.7538 0.7583
v  -1.7300 1.7594 0.7837
v  -1.7212 1.7668 0.8121
v  -1.5997 1.7870 0.7940
v  -1.5941 1.8041 0.8034
v  -1.6213 1.7769 0.8440
v  -1.6104 1.7947 0.8626
v  -1.5872 1.8170 0.8071
v  -1.5978 1.8118 0.8543
v  -1.7160 1.7487 1.1376
v  -1.7333 1.7242 1.1378
v  -1.7447 1.7325 1.1639
v  -1.7262 1.7546 1.1675
v  -1.7246 1.7208 1.1108
v  -1.7065 1.7473 1.1085
v  -1.6958 1.7502 1.0808
v  -1.7170 1.7200 1.0846
v  -1.7131 1.7192 1.0572
v  -1.6841 1.7595 1.0480
v  -1.6875 1.7540 1.0088
v  -1.7170 1.7170 1.0264
v  -1.7255 1.7143 0.9978
v  -1.6872 1.7556 0.9645
v  -1.6993 1.7417 0.9414
v  -1.7351 1.7109 0.9754
v  -1.6534 1.7567 0.8968
v  -1.6427 1.7692 0.9134
v  -1.6575 1.8058 1.0130
v  -1.6530 1.8072 0.9761
v  -1.6643 1.7824 0.9914
v  -1.6683 1.7865 1.0255
v  -1.6525 1.7788 0.9537
v  -1.6369 1.8047 0.9365
v  -1.6355 1.7805 0.9229
v  -1.6198 1.8006 0.9023
v  -1.6134 1.8184 0.8912
v  -1.6334 1.8271 0.9247
v  -1.6456 1.8251 0.9680
v  -1.6492 1.8202 1.0083
v  -1.5875 1.3017 1.7315
v  -1.5783 1.3163 1.7600
v  -1.5784 1.3428 1.7324
v  -1.5909 1.3298 1.7063
v  -1.6023 1.2668 1.6563
v  -1.5974 1.2842 1.6968
v  -1.6092 1.3125 1.6680
v  -1.6241 1.2923 1.6258
v  -1.6226 1.2744 1.5882
v  -1.6073 1.2682 1.5529
v  -1.5850 1.2560 1.5691
v  -1.5969 1.2561 1.6128
v  -1.5919 1.2702 1.5159
v  -1.5899 1.2604 1.4719
v  -1.5744 1.2375 1.4850
v  -1.5747 1.2534 1.5281
v  -1.5959 1.2423 1.4174
v  -1.6038 1.2240 1.3589
v  -1.5955 1.1948 1.3755
v  -1.5838 1.2158 1.4323
v  -1.6138 1.2106 1.3044
v  -1.6172 1.1991 1.2552
v  -1.5960 1.1783 1.2689
v  -1.6000 1.1830 1.3194
v  -1.6045 1.1900 1.2156
v  -1.5921 1.1756 1.1833
v  -1.5796 1.1601 1.1956
v  -1.5867 1.1731 1.2281
v  -1.5766 1.1324 1.1304
v  -1.5835 1.1557 1.1554
v  -1.5751 1.1410 1.1690
v  -1.5704 1.1183 1.1456
v  -1.5626 1.0767 1.0812
v  -1.5709 1.1064 1.1066
v  -1.5641 1.0928 1.1227
v  -1.5548 1.0635 1.0982
v  -1.5482 1.0427 1.0513
v  -1.5251 1.0066 1.0187
v  -1.5407 1.0301 1.0697
v  -1.5202 0.9926 1.0378
v  -1.4505 0.9333 0.9471
v  -1.4920 0.9699 0.9849
v  -1.4906 0.9530 1.0016
v  -1.4507 0.9180 0.9574
v  -1.5588 1.1991 1.4404
v  -1.5492 1.2235 1.4909
v  -1.5691 1.1813 1.3841
v  -1.5353 1.1841 1.3864
v  -1.5234 1.2021 1.4389
v  -1.5143 1.2255 1.4879
v  -1.5717 1.1735 1.3293
v  -1.5693 1.1692 1.2801
v  -1.5371 1.1657 1.2899
v  -1.5389 1.1734 1.3360
v  -1.5639 1.1626 1.2393
v  -1.5586 1.1500 1.2062
v  -1.5283 1.1442 1.2159
v  -1.5331 1.1570 1.2495
v  -1.5541 1.1330 1.1794
v  -1.5239 1.1283 1.1887
v  -1.5488 1.1120 1.1564
v  -1.5181 1.1092 1.1661
v  -1.5304 1.0591 1.1123
v  -1.5413 1.0869 1.1353
v  -1.5092 1.0860 1.1463
v  -1.4968 1.0622 1.1236
v  -1.4947 0.9914 1.0557
v  -1.5158 1.0271 1.0860
v  -1.4602 1.0094 1.0612
v  -1.4811 1.0369 1.0955
v  -1.4309 0.9133 0.9754
v  -1.4653 0.9526 1.0203
v  -1.4320 0.9753 1.0227
v  -1.4004 0.9343 0.9792
v  -1.4858 1.0838 0.6490
v  -1.4754 1.1041 0.6499
v  -1.4521 1.0902 0.6009
v  -1.4590 1.0712 0.6003
v  -1.4232 1.0054 0.5826
v  -1.4072 0.9963 0.5967
v  -1.3935 0.9945 0.5675
v  -1.4073 1.0039 0.5539
v  -1.3840 0.9930 0.5850
v  -1.3892 0.9949 0.6098
v  -1.4289 1.0350 0.5504
v  -1.4197 1.0197 0.5476
v  -1.4346 1.0217 0.5735
v  -1.4401 1.0408 0.5683
v  -1.4653 1.1363 0.6488
v  -1.4359 1.1248 0.5982
v  -1.4451 1.1061 0.6010
v  -1.4645 1.1190 0.6508
v  -1.4133 1.0636 0.5410
v  -1.4225 1.0464 0.5418
v  -1.4398 1.0598 0.5641
v  -1.4344 1.0783 0.5629
v  -1.3754 1.0257 0.5375
v  -1.3903 1.0087 0.5340
v  -1.4067 1.0282 0.5317
v  -1.3930 1.0441 0.5321
v  -1.3706 0.9990 0.5802
v  -1.3756 0.9980 0.5520
v  -1.3643 1.0147 0.5587
v  -1.3626 1.0116 0.5821
v  -1.3880 1.0266 0.7717
v  -1.3953 1.0284 0.8209
v  -1.3655 1.0376 0.8164
v  -1.3596 1.0427 0.7713
v  -1.3668 1.0154 0.8477
v  -1.3978 1.0233 0.8599
v  -1.3981 0.9893 0.8775
v  -1.3644 0.9727 0.8542
v  -1.3664 0.9301 0.8460
v  -1.3999 0.9526 0.8828
v  -1.4040 0.9279 0.8877
v  -1.4062 0.9099 0.8940
v  -1.3732 0.9007 0.8411
v  -1.3772 0.8780 0.8434
v  -1.3764 0.8580 0.8512
v  -1.4060 0.8949 0.9004
v  -1.4050 0.8828 0.9065
v  -1.3733 0.8420 0.8613
v  -1.3621 0.8324 0.8778
v  -1.3944 0.8724 0.9220
v  -1.3424 0.8429 0.8892
v  -1.3696 0.8857 0.9305
v  -1.3015 0.8251 0.8502
v  -1.3206 0.8225 0.8639
v  -1.3356 0.8100 0.8483
v  -1.3133 0.8122 0.8285
v  -1.3502 0.8148 0.8281
v  -1.3295 0.8090 0.8139
v  -1.3539 0.8353 0.8127
v  -1.3232 0.8267 0.8005
v  -1.3523 0.8609 0.8040
v  -1.3180 0.8533 0.7943
v  -1.2959 0.8524 0.8127
v  -1.3017 0.8297 0.8167
v  -1.2904 0.8395 0.8391
v  -1.2871 0.8541 0.8311
v  -1.3131 0.9148 0.8156
v  -1.3135 0.8811 0.7972
v  -1.3466 0.8878 0.8050
v  -1.3398 0.9202 0.8177
v  -1.2958 0.8436 0.8724
v  -1.3111 0.8369 0.8765
v  -1.3216 0.8583 0.9000
v  -1.2972 0.8724 0.9032
v  -1.2911 0.9109 0.8323
v  -1.2917 0.8771 0.8178
v  -1.2825 0.8715 0.8422
v  -1.2801 0.9036 0.8603
v  -1.2841 0.8578 0.8605
v  -1.2815 0.8896 0.8866
v  -1.5372 1.4534 0.5425
v  -1.5276 1.4469 0.4990
v  -1.4990 1.4310 0.5146
v  -1.5057 1.4380 0.5569
v  -1.5925 1.4003 0.4265
v  -1.5797 1.3815 0.3859
v  -1.5446 1.4041 0.4034
v  -1.5550 1.4225 0.4411
v  -1.5258 1.3784 0.3368
v  -1.5356 1.3914 0.3715
v  -1.5689 1.3691 0.3495
v  -1.5580 1.3574 0.3100
v  -1.4802 1.4118 0.5200
v  -1.4822 1.4178 0.5627
v  -1.4914 1.3817 0.5501
v  -1.4893 1.3779 0.5097
v  -1.5214 1.4264 0.4586
v  -1.5147 1.4087 0.4213
v  -1.4933 1.4004 0.4348
v  -1.4975 1.4152 0.4733
v  -1.5070 1.3955 0.3902
v  -1.4965 1.3835 0.3561
v  -1.4752 1.3744 0.3682
v  -1.4855 1.3881 0.4025
v  -1.4846 1.3983 0.4787
v  -1.4925 1.3674 0.4704
v  -1.4869 1.3826 0.4402
v  -1.4910 1.3540 0.4328
v  -1.5125 1.3294 0.4763
v  -1.5206 1.3344 0.5145
v  -1.5274 1.2746 0.4881
v  -1.5105 1.2716 0.4490
v  -1.4670 1.3558 0.3723
v  -1.4817 1.3685 0.4065
v  -1.4857 1.3408 0.3979
v  -1.4683 1.3296 0.3648
v  -1.4975 1.2359 0.4451
v  -1.5192 1.2378 0.4850
v  -1.5021 1.2202 0.4930
v  -1.4811 1.2164 0.4520
v  -1.4930 1.3097 0.4090
v  -1.5039 1.3199 0.4414
v  -1.4950 1.2668 0.4168
v  -1.4808 1.2626 0.3884
v  -1.4633 1.2958 0.3475
v  -1.4812 1.3012 0.3779
v  -1.4669 1.2605 0.3606
v  -1.4492 1.2622 0.3333
v  -1.4550 1.2170 0.4643
v  -1.4750 1.2254 0.5049
v  -1.4300 1.2290 0.4726
v  -1.4490 1.2419 0.5135
v  -1.4658 1.2301 0.3842
v  -1.4801 1.2327 0.4128
v  -1.4650 1.2117 0.4178
v  -1.4519 1.2074 0.3869
v  -1.4336 1.2374 0.3294
v  -1.4516 1.2313 0.3561
v  -1.4374 1.2101 0.3562
v  -1.4185 1.2207 0.3288
v  -1.4239 1.2438 0.5196
v  -1.4072 1.2217 0.5231
v  -1.4094 1.2216 0.4765
v  -1.3914 1.2005 0.4783
v  -1.4421 1.2062 0.4282
v  -1.4316 1.1982 0.3934
v  -1.4102 1.2021 0.3978
v  -1.4193 1.2127 0.4346
v  -1.4004 1.2141 0.3293
v  -1.4185 1.2008 0.3593
v  -1.3815 1.2070 0.3277
v  -1.3987 1.2002 0.3619
v  -1.3926 1.1881 0.3978
v  -1.4022 1.2005 0.4367
v  -1.3818 1.1796 0.4375
v  -1.3712 1.1651 0.3981
v  -1.3803 1.1848 0.3598
v  -1.3579 1.1592 0.3586
v  -1.3656 1.1863 0.3201
v  -1.3424 1.1581 0.3150
v  -1.8302 1.6040 1.2535
v  -1.8283 1.6211 1.2813
v  -1.8290 1.5944 1.2719
v  -1.8189 1.6181 1.3122
v  -1.8303 1.6256 1.2633
v  -1.8278 1.6118 1.2392
v  -1.8303 1.6309 1.2526
v  -1.8224 1.6198 1.2337
v  -1.8276 1.6368 1.2454
v  -1.8173 1.6273 1.2308
v  -1.8459 1.6485 1.2578
v  -1.8387 1.6418 1.2517
v  -1.8405 1.6364 1.2615
v  -1.8478 1.6434 1.2681
v  -1.8399 1.6317 1.2751
v  -1.8477 1.6390 1.2822
v  -1.8131 1.6352 1.2235
v  -1.8219 1.6432 1.2372
v  -1.8130 1.6505 1.2274
v  -1.8082 1.6410 1.2152
v  -1.8046 1.6431 1.2071
v  -1.8041 1.6484 1.2088
v  -1.8339 1.6479 1.2428
v  -1.8425 1.6543 1.2493
v  -1.8384 1.6617 1.2418
v  -1.8284 1.6556 1.2344
v  -1.8097 1.6733 1.2122
v  -1.8058 1.6660 1.1970
v  -1.8051 1.6555 1.2046
v  -1.8112 1.6613 1.2205
v  -1.8237 1.6657 1.2273
v  -1.8332 1.6718 1.2353
v  -1.8276 1.6857 1.2300
v  -1.8193 1.6795 1.2206
v  -1.8047 1.6908 1.2051
v  -1.8009 1.6816 1.1895
v  -1.7933 1.6975 1.1832
v  -1.7979 1.7085 1.1996
v  -1.8545 1.6625 1.2999
v  -1.8526 1.6506 1.2914
v  -1.8501 1.6480 1.3112
v  -1.8514 1.6607 1.3186
v  -1.8452 1.6357 1.3024
v  -1.8394 1.6346 1.3293
v  -1.8439 1.6475 1.3356
v  -1.8453 1.6606 1.3405
v  -1.8524 1.6690 1.2763
v  -1.8501 1.6587 1.2671
v  -1.8521 1.6544 1.2772
v  -1.8541 1.6654 1.2860
v  -1.8471 1.6792 1.2640
v  -1.8443 1.6705 1.2529
v  -1.8475 1.6637 1.2593
v  -1.8501 1.6732 1.2693
v  -1.8343 1.6926 1.2435
v  -1.8400 1.6799 1.2471
v  -1.8428 1.6874 1.2597
v  -1.8374 1.6983 1.2574
v  -1.8415 1.6712 1.3416
v  -1.8467 1.6710 1.3217
v  -1.8387 1.6781 1.3228
v  -1.8342 1.6792 1.3405
v  -1.8415 1.6783 1.3076
v  -1.8496 1.6719 1.3045
v  -1.8501 1.6741 1.2922
v  -1.8422 1.6795 1.2966
v  -1.8415 1.6817 1.2894
v  -1.8491 1.6771 1.2836
v  -1.8475 1.6806 1.2778
v  -1.8400 1.6845 1.2847
v  -1.8371 1.6881 1.2814
v  -1.8446 1.6850 1.2736
v  -1.8402 1.6916 1.2701
v  -1.8329 1.6935 1.2781
v  -1.8281 1.7009 1.2761
v  -1.8351 1.7006 1.2682
v  -1.8232 1.7112 1.2761
v  -1.8305 1.7126 1.2691
v  -1.8184 1.7232 1.2787
v  -1.8273 1.7257 1.2741
v  -1.8294 1.7279 1.2635
v  -1.8323 1.7123 1.2580
v  -1.8239 1.7385 1.2830
v  -1.8216 1.7499 1.2971
v  -1.8145 1.7363 1.2852
v  -1.8118 1.7479 1.2975
v  -1.8284 1.7546 1.2932
v  -1.8286 1.7423 1.2756
v  -1.8198 1.7574 1.3168
v  -1.8094 1.7556 1.3158
v  -1.8053 1.7592 1.3371
v  -1.8162 1.7607 1.3393
v  -1.8250 1.7670 1.3393
v  -1.8281 1.7628 1.3151
v  -1.7971 1.7598 1.3581
v  -1.8077 1.7611 1.3617
v  -1.7970 1.7582 1.3828
v  -1.7873 1.7569 1.3780
v  -1.8053 1.7637 1.3870
v  -1.8165 1.7672 1.3637
v  -1.7855 1.7526 1.4015
v  -1.7778 1.7509 1.3959
v  -1.7726 1.7389 1.4091
v  -1.7776 1.7420 1.4165
v  -1.7826 1.7484 1.4247
v  -1.7935 1.7578 1.4077
v  -1.7763 1.7277 1.4263
v  -1.7772 1.7326 1.4368
v  -1.7736 1.7254 1.4169
v  -1.7781 1.7125 1.4203
v  -1.7805 1.7128 1.4305
v  -1.7805 1.7144 1.4424
v  -1.7894 1.6999 1.4290
v  -1.7900 1.6981 1.4406
v  -1.7864 1.7018 1.4188
v  -1.8022 1.6907 1.4207
v  -1.7972 1.6941 1.4112
v  -1.8048 1.6854 1.4315
v  -1.8088 1.6884 1.3966
v  -1.8156 1.6837 1.4046
v  -1.8266 1.6772 1.3839
v  -1.8196 1.6840 1.3781
v  -1.8299 1.6669 1.3894
v  -1.8191 1.6752 1.4135
v  -1.8347 1.6729 1.3625
v  -1.8278 1.6808 1.3592
v  -1.8378 1.6624 1.3644
v  -1.8026 1.7342 1.2848
v  -1.8071 1.7202 1.2815
v  -1.7943 1.7166 1.2831
v  -1.7888 1.7313 1.2836
v  -1.7851 1.7456 1.2934
v  -1.7995 1.7468 1.2959
v  -1.7969 1.7546 1.3133
v  -1.7826 1.7537 1.3101
v  -1.7790 1.7572 1.3296
v  -1.7930 1.7581 1.3337
v  -1.7720 1.7578 1.3483
v  -1.7852 1.7590 1.3536
v  -1.7764 1.7562 1.3722
v  -1.7642 1.7555 1.3658
v  -1.7689 1.7498 1.3889
v  -1.7586 1.7484 1.3811
v  -1.7569 1.7366 1.3914
v  -1.7658 1.7376 1.4003
v  -1.7679 1.7249 1.4065
v  -1.7593 1.7243 1.3961
v  -1.7646 1.7131 1.3972
v  -1.7726 1.7131 1.4089
v  -1.7804 1.7036 1.4074
v  -1.7726 1.7045 1.3954
v  -1.7817 1.6985 1.3894
v  -1.7901 1.6966 1.4008
v  -1.8106 1.6883 1.3355
v  -1.8234 1.6844 1.3384
v  -1.8174 1.6864 1.3547
v  -1.8049 1.6902 1.3494
v  -1.8098 1.6888 1.3714
v  -1.7984 1.6924 1.3639
v  -1.7905 1.6946 1.3780
v  -1.8002 1.6918 1.3878
v  -1.7694 1.7431 1.2911
v  -1.7669 1.7528 1.3069
v  -1.7535 1.7371 1.2939
v  -1.7512 1.7490 1.3063
v  -1.7638 1.7566 1.3254
v  -1.7480 1.7537 1.3225
v  -1.7437 1.7536 1.3381
v  -1.7577 1.7568 1.3430
v  -1.7387 1.7477 1.3522
v  -1.7508 1.7537 1.3596
v  -1.7470 1.7452 1.3732
v  -1.7371 1.7394 1.3640
v  -1.7382 1.7287 1.3704
v  -1.7470 1.7335 1.3820
v  -1.7476 1.7109 1.3716
v  -1.7561 1.7118 1.3852
v  -1.7501 1.7219 1.3856
v  -1.7419 1.7190 1.3736
v  -1.7644 1.7045 1.3827
v  -1.7560 1.7051 1.3697
v  -1.7632 1.7017 1.3640
v  -1.7732 1.6997 1.3771
v  -1.7696 1.6995 1.3569
v  -1.7805 1.6970 1.3673
v  -1.7866 1.6951 1.3554
v  -1.7729 1.6983 1.3472
v  -1.8332 1.6830 1.3014
v  -1.8317 1.6823 1.3106
v  -1.8207 1.6855 1.3126
v  -1.8237 1.6857 1.3046
v  -1.8259 1.6863 1.2992
v  -1.8328 1.6846 1.2951
v  -1.7568 1.7031 1.3479
v  -1.7500 1.7059 1.3505
v  -1.7343 1.7149 1.3325
v  -1.7558 1.7035 1.3403
v  -1.7318 1.7317 1.3535
v  -1.7308 1.7354 1.3432
v  -1.7333 1.7227 1.3547
v  -1.8306 1.6871 1.2912
v  -1.8214 1.6886 1.2976
v  -1.8160 1.6921 1.2950
v  -1.8270 1.6902 1.2882
v  -1.7355 1.7397 1.3239
v  -1.7402 1.7388 1.3123
v  -1.7406 1.7275 1.3073
v  -1.7341 1.7431 1.3344
v  -1.7370 1.7171 1.3599
v  -1.7403 1.7120 1.3553
v  -1.7475 1.7075 1.3569
v  -1.7777 1.6968 1.3383
v  -1.7918 1.6934 1.3434
v  -1.7808 1.6958 1.3287
v  -1.7970 1.6917 1.3319
v  -1.7620 1.7013 1.3353
v  -1.7607 1.7019 1.3274
v  -1.7529 1.7058 1.3096
v  -1.7469 1.7164 1.3010
v  -1.7597 1.7202 1.2886
v  -1.7728 1.7050 1.2953
v  -1.8283 1.6828 1.3234
v  -1.8161 1.6866 1.3230
v  -1.8088 1.6893 1.3117
v  -1.8145 1.6889 1.3042
v  -1.7963 1.6937 1.3087
v  -1.8057 1.6929 1.3013
v  -1.8027 1.6904 1.3212
v  -1.7874 1.6944 1.3183
v  -1.8226 1.6950 1.2852
v  -1.8103 1.6967 1.2917
v  -1.8177 1.7015 1.2829
v  -1.8049 1.7018 1.2883
v  -1.8125 1.7097 1.2816
v  -1.8006 1.7079 1.2853
v  -1.7836 1.6984 1.3040
v  -1.7972 1.6975 1.2970
v  -1.7913 1.7021 1.2922
v  -1.7903 1.7061 1.2881
v  -1.7821 1.7117 1.2857
v  -1.7739 1.7265 1.2825
v  -1.7692 1.6995 1.3153
v  -1.8307 1.6259 1.3234
v  -1.8371 1.6281 1.2950
v  -1.8360 1.6488 1.3646
v  -1.8314 1.6350 1.3639
v  -1.8283 1.6527 1.3954
v  -1.8235 1.6371 1.4014
v  -1.8115 1.6464 1.4348
v  -1.8176 1.6619 1.4242
v  -1.8030 1.6760 1.4457
v  -1.7961 1.6637 1.4601
v  -1.7802 1.6886 1.4752
v  -1.7875 1.6948 1.4570
v  -1.7777 1.7168 1.4591
v  -1.7674 1.7196 1.4823
v  -1.7713 1.7506 1.4647
v  -1.7760 1.7410 1.4508
v  -1.7879 1.7600 1.4358
v  -1.7905 1.7790 1.4503
v  -1.7791 1.7844 1.4698
v  -1.7633 1.7593 1.4760
v  -1.7557 1.7362 1.4939
v  -1.8096 1.7772 1.3895
v  -1.7996 1.7708 1.4149
v  -1.8031 1.7883 1.4207
v  -1.8104 1.7935 1.3904
v  -1.8190 1.7964 1.3599
v  -1.8193 1.7810 1.3624
v  -1.8275 1.7807 1.3353
v  -1.8266 1.7956 1.3303
v  -1.8292 1.7884 1.3023
v  -1.8306 1.7746 1.3093
v  -1.8296 1.7631 1.2852
v  -1.8260 1.7740 1.2764
v  -1.8278 1.7092 1.2427
v  -1.8247 1.7282 1.2479
v  -1.8151 1.7284 1.2280
v  -1.8212 1.7044 1.2268
v  -1.8134 1.6984 1.2151
v  -1.8057 1.7173 1.2120
v  -1.8206 1.7536 1.2516
v  -1.8265 1.7469 1.2634
v  -1.7911 1.7225 1.1964
v  -1.7858 1.7106 1.1791
v  -1.7741 1.7246 1.1803
v  -1.7819 1.7370 1.1993
v  -1.7977 1.7314 1.2108
v  -1.7905 1.7461 1.2151
v  -1.8049 1.7431 1.2259
v  -1.7981 1.7528 1.2269
v  -1.7708 1.7581 1.2102
v  -1.7568 1.7447 1.1889
v  -1.7409 1.7659 1.1963
v  -1.7598 1.7796 1.2208
v  -1.7984 1.7697 1.2415
v  -1.7849 1.7672 1.2284
v  -1.7783 1.7879 1.2428
v  -1.7982 1.7941 1.2666
v  -1.8154 1.7845 1.2714
v  -1.8104 1.7630 1.2471
v  -1.8110 1.8179 1.3228
v  -1.8090 1.8098 1.2944
v  -1.8205 1.8004 1.2971
v  -1.8191 1.8073 1.3265
v  -1.8125 1.8089 1.3574
v  -1.8068 1.8088 1.3897
v  -1.8061 1.8236 1.3871
v  -1.8084 1.8213 1.3542
v  -1.7953 1.8054 1.4510
v  -1.8037 1.8079 1.4238
v  -1.7992 1.8260 1.4188
v  -1.7874 1.8025 1.4667
v  -1.7960 1.8402 1.4041
v  -1.8052 1.8364 1.3797
v  -1.7953 1.8521 1.3805
v  -1.8034 1.8458 1.3691
v  -1.8067 1.8481 1.3451
v  -1.8098 1.8346 1.3487
v  -1.8105 1.8314 1.3170
v  -1.8090 1.8509 1.3059
v  -1.7956 1.8723 1.3116
v  -1.7963 1.8623 1.3481
v  -1.8011 1.8373 1.2803
v  -1.8022 1.8228 1.2916
v  -1.7792 1.8268 1.2657
v  -1.7849 1.8108 1.2722
v  -1.7908 1.8846 1.2762
v  -1.7848 1.8973 1.2473
v  -1.7929 1.8835 1.2414
v  -1.8020 1.8670 1.2698
v  -1.7840 1.9037 1.2219
v  -1.7808 1.9090 1.2303
v  -1.7758 1.9200 1.2265
v  -1.7734 1.9252 1.2237
v  -1.7753 1.8894 1.2135
v  -1.7836 1.8664 1.2338
v  -1.7600 1.8802 1.2184
v  -1.7589 1.8569 1.2362
v  -1.7943 1.8495 1.2581
v  -1.7710 1.8408 1.2515
v  -1.7505 1.8749 1.2237
v  -1.7487 1.8853 1.2185
v  -1.7459 1.8624 1.2323
v  -1.7492 1.8930 1.2143
v  -1.7360 1.8511 1.2315
v  -1.7286 1.8474 1.2127
v  -1.7328 1.8384 1.2132
v  -1.7425 1.8439 1.2339
v  -1.6811 1.8248 1.0375
v  -1.6806 1.8416 1.0384
v  -1.6592 1.8286 1.0368
v  -1.6656 1.8142 1.0364
v  -1.6972 1.8661 1.0529
v  -1.6961 1.8590 1.0439
v  -1.7016 1.8483 1.0489
v  -1.7017 1.8511 1.0551
v  -1.6997 1.8658 1.0656
v  -1.7030 1.8511 1.0655
v  -1.6940 1.8165 1.0390
v  -1.6975 1.8394 1.0385
v  -1.7044 1.8329 1.0486
v  -1.7073 1.8069 1.0528
v  -1.6930 1.7854 1.0543
v  -1.6800 1.7990 1.0405
v  -1.7050 1.8326 1.0572
v  -1.7087 1.8149 1.0634
v  -1.7081 1.8202 1.0698
v  -1.7057 1.8336 1.0669
v  -1.7171 1.7832 1.1003
v  -1.7126 1.7913 1.0753
v  -1.7030 1.7747 1.0763
v  -1.7102 1.7683 1.1036
v  -1.7065 1.8589 1.1044
v  -1.7031 1.8632 1.0830
v  -1.7054 1.8483 1.0808
v  -1.7083 1.8440 1.1005
v  -1.7134 1.8077 1.0996
v  -1.7105 1.8135 1.0807
v  -1.7124 1.8027 1.0783
v  -1.7159 1.7953 1.0996
v  -1.7077 1.8303 1.0808
v  -1.7104 1.8255 1.0994
v  -1.7157 1.8372 1.1520
v  -1.7144 1.8497 1.1557
v  -1.7098 1.8538 1.1286
v  -1.7114 1.8400 1.1241
v  -1.7214 1.7834 1.1589
v  -1.7200 1.7804 1.1285
v  -1.7155 1.7674 1.1332
v  -1.7198 1.7717 1.1649
v  -1.7212 1.8474 1.1859
v  -1.7231 1.8364 1.1842
v  -1.7686 1.8033 1.2489
v  -1.7495 1.7945 1.2242
v  -1.7590 1.8174 1.2472
v  -1.7396 1.8080 1.2178
v  -1.7194 1.8051 1.1525
v  -1.7159 1.8051 1.1238
v  -1.7185 1.7923 1.1257
v  -1.7208 1.7930 1.1529
v  -1.7307 1.7817 1.1969
v  -1.7274 1.7922 1.1898
v  -1.7264 1.8075 1.1846
v  -1.7249 1.7971 1.1779
v  -1.7509 1.8320 1.2400
v  -1.7375 1.8254 1.2164
v  -1.7252 1.8219 1.1852
v  -1.7173 1.8211 1.1516
v  -1.7132 1.8224 1.1230
v  -1.8063 1.5706 1.3025
v  -1.8220 1.5819 1.2906
v  -1.8033 1.6049 1.3285
v  -1.7891 1.5937 1.3403
v  -1.7617 1.5626 1.3071
v  -1.7871 1.5640 1.3035
v  -1.7715 1.5847 1.3414
v  -1.7568 1.5784 1.3342
v  -1.8030 1.6232 1.3610
v  -1.8094 1.6257 1.4038
v  -1.8205 1.6251 1.3621
v  -1.7915 1.6204 1.4040
v  -1.7778 1.6239 1.4407
v  -1.7962 1.6332 1.4402
v  -1.7818 1.6496 1.4704
v  -1.7625 1.6366 1.4730
v  -1.7659 1.6779 1.4923
v  -1.7523 1.7059 1.5038
v  -1.7450 1.6638 1.4997
v  -1.7469 1.7224 1.5074
v  -1.7738 1.6033 1.3726
v  -1.7892 1.6137 1.3672
v  -1.7574 1.6092 1.3993
v  -1.7752 1.6147 1.4036
v  -1.7372 1.5888 1.3513
v  -1.7544 1.5960 1.3682
v  -1.7361 1.6057 1.3872
v  -1.7138 1.6018 1.3667
v  -1.7589 1.6193 1.4355
v  -1.7208 1.6282 1.4458
v  -1.7413 1.6289 1.4647
v  -1.7394 1.6171 1.4237
v  -1.7222 1.6482 1.4927
v  -1.7020 1.6426 1.4671
v  -1.7273 1.5741 1.3220
v  -1.7188 1.5548 1.2895
v  -1.6729 1.5788 1.3082
v  -1.6926 1.5925 1.3389
v  -1.7067 1.5382 1.2608
v  -1.6939 1.5245 1.2337
v  -1.6420 1.5517 1.2451
v  -1.6561 1.5644 1.2770
v  -1.6714 1.4992 1.1844
v  -1.6822 1.5108 1.2083
v  -1.6301 1.5407 1.2135
v  -1.6203 1.5324 1.1833
v  -1.6313 1.4725 1.0795
v  -1.6341 1.4755 1.0926
v  -1.5830 1.5177 1.0776
v  -1.5819 1.5141 1.0634
v  -1.5864 1.5193 1.0931
v  -1.6383 1.4779 1.1064
v  -1.6290 1.4610 1.0476
v  -1.6298 1.4680 1.0648
v  -1.5790 1.4971 1.0321
v  -1.5811 1.5075 1.0475
v  -1.5242 1.5251 1.0288
v  -1.5302 1.5375 1.0398
v  -1.5345 1.5457 1.0536
v  -1.5692 1.4644 1.0074
v  -1.5742 1.4829 1.0193
v  -1.6270 1.4492 1.0289
v  -1.6235 1.4309 1.0110
v  -1.5094 1.4949 1.0111
v  -1.5169 1.5113 1.0202
v  -1.6226 1.4085 0.9911
v  -1.6211 1.3863 0.9680
v  -1.5633 1.4173 0.9772
v  -1.5664 1.4411 0.9934
v  -1.5022 1.4744 0.9997
v  -1.4943 1.4530 0.9873
v  -1.6131 1.3640 0.9462
v  -1.6024 1.3413 0.9388
v  -1.5457 1.3741 0.9551
v  -1.5560 1.3951 0.9625
v  -1.6528 1.4856 1.1415
v  -1.6616 1.4913 1.1620
v  -1.6115 1.5255 1.1569
v  -1.6029 1.5211 1.1334
v  -1.6446 1.4811 1.1230
v  -1.5937 1.5195 1.1119
v  -1.5372 1.5492 1.0675
v  -1.5412 1.5500 1.0839
v  -1.5761 1.5567 1.1854
v  -1.5868 1.5610 1.2204
v  -1.6004 1.5689 1.2567
v  -1.5573 1.5491 1.1296
v  -1.5664 1.5521 1.1558
v  -1.5483 1.5492 1.1051
v  -1.6386 1.5970 1.3220
v  -1.6655 1.6084 1.3508
v  -1.6486 1.6212 1.3615
v  -1.6758 1.6252 1.3893
v  -1.6931 1.6142 1.3786
v  -1.7176 1.6164 1.4038
v  -1.6996 1.6278 1.4189
v  -1.6828 1.6398 1.4337
v  -1.6629 1.6354 1.4005
v  -1.6445 1.6309 1.3749
v  -1.6172 1.5820 1.2909
v  -1.5904 1.4476 1.5289
v  -1.5952 1.4371 1.5078
v  -1.6097 1.4365 1.5192
v  -1.6037 1.4509 1.5438
v  -1.6165 1.4219 1.4852
v  -1.5997 1.4256 1.4781
v  -1.6232 1.4029 1.4457
v  -1.6052 1.4093 1.4422
v  -1.6087 1.3907 1.4058
v  -1.6271 1.3825 1.4065
v  -1.6262 1.3654 1.3724
v  -1.6072 1.3743 1.3738
v  -1.6020 1.3602 1.3447
v  -1.6217 1.3505 1.3418
v  -1.6151 1.3384 1.3120
v  -1.5940 1.3485 1.3170
v  -1.6022 1.3306 1.2766
v  -1.5772 1.3407 1.2841
v  -1.5835 1.4571 1.5403
v  -1.5964 1.4635 1.5571
v  -1.5781 1.4408 1.5184
v  -1.5708 1.4449 1.5304
v  -1.5602 1.4286 1.5214
v  -1.5689 1.4315 1.5131
v  -1.5683 1.4232 1.4988
v  -1.5815 1.4331 1.4999
v  -1.5838 1.4220 1.4745
v  -1.5680 1.4114 1.4760
v  -1.5727 1.3837 1.4150
v  -1.5908 1.3895 1.4093
v  -1.5878 1.4066 1.4426
v  -1.5703 1.3984 1.4463
v  -1.5669 1.3593 1.3585
v  -1.5842 1.3619 1.3509
v  -1.5894 1.3741 1.3791
v  -1.5715 1.3711 1.3857
v  -1.5582 1.3444 1.2936
v  -1.5758 1.3504 1.3246
v  -1.5584 1.3506 1.3324
v  -1.5419 1.3476 1.3037
v  -1.5517 1.4121 1.5049
v  -1.5467 1.4006 1.4806
v  -1.5293 1.3820 1.4227
v  -1.5512 1.3787 1.4203
v  -1.5481 1.3894 1.4512
v  -1.5260 1.3912 1.4496
v  -1.5118 1.3896 1.4241
v  -1.5135 1.3949 1.4436
v  -1.5258 1.3661 1.3715
v  -1.5472 1.3597 1.3650
v  -1.5511 1.3695 1.3915
v  -1.5294 1.3732 1.3967
v  -1.5034 1.3793 1.3793
v  -1.5085 1.3837 1.4026
v  -1.5183 1.3631 1.3467
v  -1.5391 1.3542 1.3395
v  -1.5248 1.3540 1.3128
v  -1.5065 1.3645 1.3210
v  -1.4862 1.3793 1.3289
v  -1.4962 1.3782 1.3551
v  -1.4706 1.3778 1.3009
v  -1.4554 1.3733 1.2739
v  -1.4719 1.3671 1.2746
v  -1.4879 1.3667 1.2936
v  -1.4733 1.3618 1.2587
v  -1.5013 1.3579 1.2826
v  -1.5132 1.3509 1.2687
v  -1.4782 1.3552 1.2393
v  -1.4473 1.3672 1.2500
v  -1.4438 1.3601 1.2266
v  -1.4853 1.3477 1.2178
v  -1.5260 1.3447 1.2532
v  -1.5453 1.3373 1.2395
v  -1.5020 1.3360 1.1855
v  -1.5769 1.3265 1.2309
v  -1.5556 1.3205 1.1789
v  -1.4421 1.3529 1.2018
v  -1.4421 1.3463 1.1693
v  -1.5566 1.3128 1.1229
v  -1.5069 1.3306 1.1248
v  -1.5185 1.3325 1.0715
v  -1.5691 1.3110 1.0668
v  -1.4482 1.3495 1.0753
v  -1.4443 1.3438 1.1238
v  -1.5784 1.3145 1.0155
v  -1.5245 1.3363 1.0248
v  -1.5284 1.3426 0.9877
v  -1.5831 1.3166 0.9750
v  -1.5916 1.3249 0.9495
v  -1.5350 1.3548 0.9627
v  -1.4519 1.3688 0.9969
v  -1.4505 1.3590 1.0328
v  -1.4717 1.4112 0.9681
v  -1.4841 1.4325 0.9759
v  -1.4584 1.3869 0.9716
v  -1.4479 1.1508 0.6117
v  -1.4772 1.1527 0.6488
v  -1.4103 1.2078 0.5702
v  -1.4402 1.2075 0.5972
v  -1.4204 1.1844 0.6049
v  -1.3854 1.1854 0.5814
v  -1.3659 1.1712 0.4817
v  -1.3823 1.1955 0.5279
v  -1.3610 1.1651 0.5376
v  -1.3454 1.1376 0.4902
v  -1.3421 1.1351 0.4026
v  -1.3543 1.1502 0.4412
v  -1.3317 1.1165 0.4497
v  -1.3171 1.1005 0.4113
v  -1.3130 1.1209 0.3149
v  -1.3284 1.1257 0.3626
v  -1.3017 1.0871 0.3706
v  -1.2852 1.0789 0.3202
v  -1.4231 1.0950 0.5684
v  -1.4044 1.1081 0.5851
v  -1.3842 1.0913 0.5823
v  -1.4001 1.0787 0.5548
v  -1.3819 1.0591 0.5498
v  -1.3707 1.0711 0.5793
v  -1.3634 1.0559 0.5803
v  -1.3676 1.0424 0.5569
v  -1.4059 1.1601 0.6102
v  -1.3683 1.1639 0.5966
v  -1.3541 1.1480 0.6176
v  -1.3928 1.1383 0.6125
v  -1.3475 1.1410 0.5551
v  -1.3331 1.1120 0.5069
v  -1.3263 1.0893 0.5289
v  -1.3376 1.1209 0.5781
v  -1.3177 1.0886 0.4649
v  -1.3009 1.0687 0.4247
v  -1.3080 1.0639 0.4844
v  -1.2894 1.0400 0.4417
v  -1.2643 1.0397 0.3332
v  -1.2831 1.0506 0.3824
v  -1.2440 1.0074 0.3545
v  -1.2695 1.0175 0.3983
v  -1.1517 0.9484 0.4137
v  -1.1821 0.9707 0.3640
v  -1.1411 0.9492 0.3492
v  -1.1132 0.9270 0.4011
v  -1.1855 0.9650 0.4351
v  -1.2165 0.9842 0.3907
v  -1.2117 1.0020 0.3137
v  -1.1653 0.9909 0.2819
v  -1.2162 0.9816 0.4619
v  -1.2472 0.9975 0.4232
v  -1.2736 1.0164 0.4622
v  -1.2461 1.0000 0.4925
v  -1.2697 1.0232 0.5371
v  -1.2939 1.0422 0.5063
v  -1.3123 1.0707 0.5533
v  -1.2886 1.0540 0.5851
v  -1.3606 1.0224 0.6088
v  -1.3706 1.0057 0.6162
v  -1.3724 1.0123 0.6614
v  -1.3564 1.0440 0.6572
v  -1.3572 1.0527 0.6094
v  -1.3591 1.0318 0.5831
v  -1.3556 1.0451 0.7192
v  -1.3783 1.0177 0.7163
v  -1.3582 1.0781 0.6237
v  -1.3633 1.1030 0.6270
v  -1.3306 1.1172 0.6827
v  -1.3476 1.0808 0.6754
v  -1.3749 1.1212 0.6185
v  -1.3431 1.1342 0.6419
v  -1.3035 1.0917 0.6370
v  -1.3239 1.1051 0.6044
v  -1.3211 1.1007 0.7393
v  -1.3384 1.0752 0.7276
v  -1.3380 1.0645 0.7766
v  -1.3191 1.0908 0.7849
v  -1.3196 0.9624 0.8459
v  -1.3371 0.9653 0.8455
v  -1.3430 1.0169 0.8484
v  -1.3157 1.0294 0.8559
v  -1.3422 1.0487 0.8189
v  -1.3199 1.0700 0.8266
v  -1.2958 0.9608 0.8572
v  -1.2836 0.9532 0.8871
v  -1.2952 1.0182 0.8844
v  -1.2900 1.0099 0.9162
v  -1.2990 0.9998 0.9513
v  -1.2878 0.9403 0.9203
v  -1.3067 0.9220 0.9442
v  -1.3244 0.9911 0.9905
v  -1.3399 0.9038 0.9403
v  -1.3653 0.9576 0.9850
v  -1.3952 0.9997 1.0272
v  -1.3580 1.0277 1.0379
v  -1.4230 1.0319 1.0662
v  -1.3844 1.0558 1.0747
v  -1.4161 1.0944 1.1344
v  -1.4575 1.0768 1.1293
v  -1.4430 1.0566 1.1004
v  -1.4029 1.0774 1.1070
v  -1.4689 1.0940 1.1533
v  -1.4263 1.1082 1.1569
v  -1.4340 1.1207 1.1785
v  -1.4776 1.1099 1.1751
v  -1.4396 1.1330 1.2033
v  -1.4835 1.1249 1.1989
v  -1.4880 1.1391 1.2269
v  -1.4442 1.1458 1.2324
v  -1.4490 1.1591 1.2662
v  -1.4924 1.1517 1.2606
v  -1.4960 1.1632 1.2998
v  -1.4537 1.1737 1.3034
v  -1.4588 1.1924 1.3409
v  -1.4983 1.1784 1.3412
v  -1.4606 1.2188 1.3764
v  -1.4961 1.1984 1.3845
v  -1.2501 1.1222 0.7810
v  -1.2942 1.1181 0.7907
v  -1.2989 1.1151 0.7529
v  -1.2857 1.1142 0.7254
v  -1.2066 1.0309 0.6818
v  -1.2226 1.0768 0.7259
v  -1.2662 1.0842 0.6788
v  -1.2498 1.0392 0.6289
v  -1.1646 0.9754 0.6029
v  -1.1872 0.9997 0.6405
v  -1.2292 1.0077 0.5824
v  -1.2045 0.9865 0.5434
v  -1.1130 0.9375 0.5379
v  -1.1402 0.9543 0.5689
v  -1.1789 0.9672 0.5124
v  -1.1503 0.9499 0.4854
v  -1.0815 0.9158 0.4467
v  -1.1180 0.9339 0.4630
v  -1.0820 0.9236 0.5118
v  -1.0470 0.9097 0.4910
v  -1.2651 1.1338 0.8496
v  -1.2777 1.1264 0.9008
v  -1.2978 1.0861 0.8787
v  -1.2991 1.1057 0.8363
v  -1.2931 1.0732 0.9117
v  -1.2938 1.0640 0.9413
v  -1.2832 1.1145 0.9353
v  -1.2892 1.1053 0.9618
v  -1.2981 1.1003 0.9894
v  -1.3027 1.0569 0.9734
v  -1.3186 1.0576 1.0068
v  -1.3119 1.1032 1.0168
v  -1.3249 1.1116 1.0445
v  -1.3371 1.0709 1.0421
v  -1.3549 1.0893 1.0763
v  -1.3368 1.1239 1.0719
v  -1.3469 1.1386 1.0967
v  -1.3694 1.1068 1.1047
v  -1.3809 1.1224 1.1291
v  -1.3542 1.1515 1.1211
v  -1.3641 1.1685 1.1698
v  -1.3974 1.1464 1.1733
v  -1.3903 1.1354 1.1507
v  -1.3597 1.1608 1.1450
v  -1.3721 1.1824 1.2279
v  -1.4072 1.1652 1.2305
v  -1.4030 1.1568 1.1996
v  -1.3678 1.1757 1.1970
v  -1.3887 1.2010 1.2997
v  -1.4184 1.1871 1.3020
v  -1.4122 1.1749 1.2655
v  -1.3790 1.1897 1.2634
v  -1.4094 1.2247 1.3590
v  -1.4302 1.2256 1.3680
v  -1.4259 1.2028 1.3379
v  -1.3996 1.2130 1.3355
v  -1.3789 1.2229 1.3392
v  -1.3992 1.2381 1.3701
v  -1.3628 1.2103 1.3015
v  -1.3196 1.1783 1.1740
v  -1.3110 1.1821 1.1919
v  -1.3362 1.1841 1.1972
v  -1.3368 1.1783 1.1716
v  -1.3384 1.1923 1.2262
v  -1.3485 1.2010 1.2621
v  -1.3062 1.1677 1.1328
v  -1.3130 1.1741 1.1567
v  -1.3339 1.1722 1.1474
v  -1.3288 1.1651 1.1235
v  -1.2961 1.1792 1.1703
v  -1.2864 1.1744 1.1420
v  -1.2887 1.1449 1.0877
v  -1.2981 1.1574 1.1096
v  -1.3220 1.1537 1.0999
v  -1.3131 1.1393 1.0780
v  -1.2649 1.1557 1.0938
v  -1.2761 1.1665 1.1166
v  -1.2670 1.1222 1.0427
v  -1.2784 1.1330 1.0658
v  -1.3027 1.1268 1.0552
v  -1.2909 1.1168 1.0312
v  -1.2399 1.1318 1.0510
v  -1.2527 1.1434 1.0728
v  -1.2785 1.1113 1.0048
v  -1.2674 1.1141 0.9779
v  -1.2412 1.1092 0.9913
v  -1.2542 1.1134 1.0173
v  -1.2126 1.1124 1.0039
v  -1.2262 1.1213 1.0275
v  -1.2163 1.1040 0.9403
v  -1.2294 1.1071 0.9678
v  -1.2572 1.1198 0.9533
v  -1.2448 1.1234 0.9215
v  -1.1865 1.0955 0.9587
v  -1.2000 1.1043 0.9827
v  -1.1790 1.0805 0.8596
v  -1.1993 1.0975 0.9020
v  -1.2274 1.1213 0.8746
v  -1.2059 1.1038 0.8215
v  -1.1704 1.0836 0.9274
v  -1.1508 1.0673 0.8922
v  -1.1851 1.0630 0.7750
v  -1.1687 1.0248 0.7332
v  -1.1348 1.0214 0.7762
v  -1.1560 1.0486 0.8198
v  -1.1267 1.0466 0.8503
v  -1.1025 1.0266 0.8051
v  -1.1485 0.9949 0.6932
v  -1.1259 0.9700 0.6558
v  -1.0886 0.9723 0.6975
v  -1.1124 0.9964 0.7347
v  -1.0778 1.0041 0.7646
v  -1.0525 0.9803 0.7286
v  -1.1014 0.9485 0.6210
v  -1.0751 0.9300 0.5890
v  -1.0378 0.9295 0.6312
v  -1.0638 0.9498 0.6630
v  -1.0268 0.9566 0.6956
v  -1.0005 0.9349 0.6645
v  -1.0460 0.9145 0.5602
v  -1.0131 0.9009 0.5360
v  -1.0098 0.9116 0.6022
v  -0.9783 0.8948 0.5781
v  -0.9727 0.9164 0.6355
v  -0.9418 0.8991 0.6115
v  -1.2630 1.0835 0.2599
v  -1.2400 1.0400 0.2816
v  -1.2088 1.0434 0.2357
v  -1.2288 1.0980 0.1974
v  -1.1905 1.0714 0.1715
v  -1.1900 1.0410 0.2043
v  -1.1568 1.0273 0.1843
v  -1.1581 1.0039 0.2288
v  -1.1978 1.5526 0.1485
v  -1.1738 1.5292 0.1256
v  -1.1842 1.5170 0.1353
v  -1.2095 1.5426 0.1550
v  -1.0409 1.3892 0.0261
v  -1.0291 1.4019 0.0232
v  -0.9987 1.3659 0.0118
v  -1.0103 1.3512 0.0120
v  -0.9724 1.3166 0.0035
v  -0.9866 1.2979 0.0040
v  -1.1546 1.1480 0.1047
v  -1.1756 1.1098 0.1343
v  -1.2067 1.1493 0.1400
v  -1.1792 1.1956 0.1073
v  -1.1347 1.0898 0.1141
v  -1.1491 1.0577 0.1448
v  -1.1516 1.2314 0.0945
v  -1.1313 1.1815 0.0859
v  -1.1069 1.2114 0.0729
v  -1.1257 1.2616 0.0871
v  -1.0976 1.1461 0.0741
v  -1.1171 1.1191 0.0913
v  -1.1046 1.2877 0.0796
v  -1.0838 1.2382 0.0630
v  -1.0651 1.2628 0.0523
v  -1.0887 1.3114 0.0691
v  -1.0561 1.1986 0.0465
v  -1.0770 1.1721 0.0598
v  -1.0762 1.3340 0.0555
v  -1.0497 1.2873 0.0389
v  -1.0360 1.3118 0.0249
v  -1.0651 1.3548 0.0425
v  -1.0170 1.2521 0.0213
v  -1.0350 1.2263 0.0335
v  -1.0533 1.3731 0.0328
v  -1.0230 1.3333 0.0158
v  -1.0011 1.2762 0.0106
v  -1.0792 1.4238 0.0542
v  -1.0686 1.4376 0.0478
v  -1.1094 1.4716 0.0766
v  -1.1189 1.4575 0.0856
v  -1.1560 1.3913 0.1352
v  -1.1693 1.3687 0.1392
v  -1.2043 1.4027 0.1732
v  -1.1926 1.4265 0.1738
v  -1.2216 1.3750 0.1732
v  -1.1888 1.3413 0.1419
v  -1.2514 1.3999 0.1950
v  -1.2390 1.4270 0.1965
v  -1.2367 1.4571 0.2012
v  -1.1549 1.4885 0.1121
v  -1.1451 1.5024 0.1013
v  -1.1637 1.4750 0.1296
v  -1.1936 1.5036 0.1540
v  -1.1277 1.4429 0.0987
v  -1.1363 1.4275 0.1131
v  -1.1718 1.4608 0.1487
v  -1.2043 1.4893 0.1741
v  -1.0897 1.4085 0.0635
v  -1.0999 1.3916 0.0745
v  -1.1814 1.4452 0.1639
v  -1.2170 1.4744 0.1892
v  -1.1456 1.4104 0.1259
v  -1.1348 1.3301 0.1055
v  -1.1552 1.3032 0.1111
v  -1.1205 1.3529 0.0976
v  -1.1098 1.3732 0.0865
v  -1.3001 1.1755 0.2126
v  -1.2674 1.1437 0.1986
v  -1.2924 1.1227 0.2535
v  -1.3218 1.1605 0.2634
v  -1.2806 1.4092 0.1988
v  -1.2740 1.4325 0.1998
v  -1.3051 1.4302 0.1871
v  -1.3062 1.4099 0.1882
v  -1.2800 1.4527 0.2025
v  -1.3141 1.4480 0.1880
v  -1.4201 1.3350 0.2872
v  -1.4440 1.3455 0.3324
v  -1.4574 1.3606 0.3243
v  -1.4318 1.3471 0.2726
v  -1.4127 1.3189 0.2896
v  -1.4409 1.3219 0.3303
v  -1.5136 1.3618 0.2895
v  -1.4809 1.3720 0.3096
v  -1.4677 1.3597 0.2604
v  -1.5010 1.3481 0.2382
v  -1.5453 1.3430 0.2595
v  -1.5311 1.3299 0.2048
v  -1.5436 1.3106 0.1062
v  -1.5155 1.3239 0.1528
v  -1.5015 1.3275 0.1135
v  -1.5218 1.3152 0.0506
v  -1.4798 1.3429 0.1511
v  -1.4898 1.3427 0.1914
v  -1.4594 1.3515 0.2154
v  -1.4521 1.3502 0.1728
v  -1.4230 1.3541 0.1806
v  -1.4267 1.3517 0.2233
v  -1.3971 1.3640 0.1769
v  -1.3935 1.3589 0.2138
v  -1.3640 1.3723 0.1967
v  -1.3753 1.3769 0.1677
v  -1.3505 1.3683 0.2193
v  -1.3873 1.3530 0.2422
v  -1.3299 1.4098 0.1710
v  -1.3418 1.3899 0.1816
v  -1.3592 1.3934 0.1588
v  -1.3520 1.4115 0.1525
v  -1.3223 1.3869 0.1994
v  -1.3314 1.4289 0.1681
v  -1.3435 1.4463 0.1694
v  -1.3568 1.4278 0.1513
v  -1.3718 1.4418 0.1527
v  -1.3954 1.4560 0.1540
v  -1.4135 1.4587 0.1251
v  -1.3919 1.4408 0.1288
v  -1.3938 1.4474 0.0967
v  -1.4145 1.4723 0.0897
v  -1.3788 1.4276 0.1335
v  -1.3713 1.4154 0.1357
v  -1.3793 1.4176 0.1191
v  -1.3846 1.4289 0.1087
v  -1.3438 1.2215 0.2568
v  -1.3247 1.2018 0.2357
v  -1.3453 1.1900 0.2770
v  -1.3616 1.2127 0.2919
v  -1.2776 1.2139 0.1736
v  -1.2423 1.1849 0.1504
v  -1.2130 1.2336 0.1237
v  -1.2551 1.2704 0.1555
v  -1.1820 1.2715 0.1161
v  -1.2170 1.3088 0.1464
v  -1.3170 1.2590 0.2132
v  -1.2962 1.2633 0.1900
v  -1.3056 1.2301 0.2030
v  -1.3272 1.2408 0.2285
v  -1.2815 1.3110 0.1879
v  -1.2488 1.3428 0.1780
v  -1.2778 1.3679 0.2018
v  -1.3172 1.3351 0.2219
v  -1.3344 1.3588 0.2293
v  -1.3770 1.3424 0.2550
v  -1.3697 1.3250 0.2569
v  -1.3021 1.3816 0.2072
v  -1.4378 1.2948 0.3165
v  -1.4254 1.2686 0.3065
v  -1.4061 1.2978 0.2861
v  -1.3976 1.2770 0.2831
v  -1.3882 1.2602 0.2824
v  -1.4108 1.2482 0.3038
v  -1.3949 1.2344 0.3037
v  -1.3733 1.2486 0.2796
v  -1.3772 1.2263 0.3015
v  -1.3587 1.2366 0.2716
v  -1.3571 1.2644 0.2601
v  -1.3709 1.2700 0.2683
v  -1.3703 1.2842 0.2633
v  -1.3460 1.2830 0.2454
v  -1.3433 1.2535 0.2472
v  -1.3277 1.2722 0.2256
v  -1.3077 1.2892 0.2047
v  -1.3341 1.3042 0.2323
v  -1.3695 1.3040 0.2586
v  -1.6757 1.4314 -0.0358
v  -1.6781 1.3922 0.0064
v  -1.6649 1.3890 -0.0471
v  -1.6661 1.4289 -0.0856
v  -1.6264 1.5115 -0.0766
v  -1.6600 1.4760 -0.0641
v  -1.6546 1.4766 -0.1119
v  -1.6267 1.5169 -0.1247
v  -1.5414 1.5317 -0.1202
v  -1.5860 1.5363 -0.1233
v  -1.5811 1.5259 -0.0735
v  -1.5341 1.5163 -0.0673
v  -1.4678 1.5199 -0.1213
v  -1.5029 1.5270 -0.1198
v  -1.4936 1.5135 -0.0641
v  -1.4566 1.5070 -0.0624
v  -1.3818 1.3832 0.1375
v  -1.3850 1.3920 0.1034
v  -1.3805 1.4073 0.1114
v  -1.3727 1.3993 0.1363
v  -1.4129 1.3606 0.0958
v  -1.3950 1.3746 0.0989
v  -1.3967 1.3678 0.1396
v  -1.4179 1.3562 0.1393
v  -1.3975 1.4295 0.0123
v  -1.4168 1.4733 -0.0011
v  -1.4146 1.4735 0.0484
v  -1.3950 1.4422 0.0605
v  -1.3891 1.4060 0.0638
v  -1.3863 1.4209 0.0841
v  -1.4229 1.4626 -0.1331
v  -1.4379 1.4960 -0.1269
v  -1.4242 1.4812 -0.0620
v  -1.4085 1.4448 -0.0634
v  -1.4707 1.3457 0.1196
v  -1.4449 1.3514 0.1331
v  -1.4382 1.3546 0.0913
v  -1.4656 1.3480 0.0815
v  -1.3948 1.3866 0.0523
v  -1.3988 1.4014 -0.0025
v  -1.4089 1.3690 0.0465
v  -1.4089 1.3802 -0.0094
v  -1.4153 1.3923 -0.0729
v  -1.4066 1.4157 -0.0679
v  -1.4289 1.4082 -0.1397
v  -1.4201 1.4330 -0.1377
v  -1.4896 1.3350 0.0979
v  -1.4911 1.3331 0.0623
v  -1.4322 1.3605 0.0426
v  -1.4597 1.3537 0.0342
v  -1.4304 1.3692 -0.0126
v  -1.4570 1.3617 -0.0199
v  -1.4365 1.3804 -0.0731
v  -1.4494 1.3956 -0.1358
v  -1.4614 1.3709 -0.0781
v  -1.4716 1.3849 -0.1377
v  -1.5952 1.3297 -0.0368
v  -1.6067 1.3223 0.0189
v  -1.6279 1.3376 -0.0166
v  -1.6185 1.3497 -0.0660
v  -1.6438 1.3589 -0.0528
v  -1.6359 1.3632 -0.0827
v  -1.5766 1.3137 0.0607
v  -1.5624 1.3183 0.0026
v  -1.5189 1.3218 -0.0150
v  -1.4881 1.3375 0.0145
v  -1.4854 1.3455 -0.0401
v  -1.5174 1.3317 -0.0695
v  -1.5206 1.3465 -0.1222
v  -1.4877 1.3542 -0.0965
v  -1.4962 1.3717 -0.1528
v  -1.5278 1.3712 -0.1726
v  -1.6529 1.4317 -0.1331
v  -1.6521 1.3918 -0.0941
v  -1.6421 1.3857 -0.1228
v  -1.6483 1.4299 -0.1788
v  -1.5918 1.3426 -0.0877
v  -1.5564 1.3264 -0.0515
v  -1.5560 1.3387 -0.1027
v  -1.5923 1.3617 -0.1344
v  -1.6191 1.3687 -0.1149
v  -1.6213 1.3938 -0.1599
v  -1.5925 1.3864 -0.1772
v  -1.5583 1.3573 -0.1515
v  -1.5619 1.3860 -0.1955
v  -1.5919 1.4148 -0.2162
v  -1.6371 1.4568 -0.2229
v  -1.6182 1.4205 -0.1988
v  -1.6134 1.4461 -0.2356
v  -1.6310 1.4772 -0.2591
v  -1.6288 1.5269 -0.1754
v  -1.6478 1.4813 -0.1611
v  -1.6499 1.4921 -0.2079
v  -1.6334 1.5403 -0.2231
v  -1.5951 1.5514 -0.1759
v  -1.5551 1.5539 -0.1740
v  -1.5692 1.5726 -0.2256
v  -1.6041 1.5659 -0.2265
v  -1.6346 1.5499 -0.2634
v  -1.6457 1.5046 -0.2468
v  -1.6419 1.5180 -0.2836
v  -1.6334 1.5579 -0.3007
v  -1.5187 1.5478 -0.1753
v  -1.4856 1.5392 -0.1786
v  -1.5054 1.5584 -0.2305
v  -1.5359 1.5677 -0.2266
v  -1.6098 1.5758 -0.2686
v  -1.6125 1.5826 -0.3054
v  -1.5788 1.5842 -0.2688
v  -1.5850 1.5917 -0.3050
v  -1.4589 1.5167 -0.1885
v  -1.4460 1.4855 -0.1985
v  -1.4732 1.5081 -0.2539
v  -1.4833 1.5364 -0.2422
v  -1.5359 1.5816 -0.3090
v  -1.5584 1.5917 -0.3053
v  -1.5487 1.5818 -0.2694
v  -1.5220 1.5721 -0.2732
v  -1.4792 1.4565 -0.2594
v  -1.4726 1.4810 -0.2602
v  -1.4435 1.4568 -0.2040
v  -1.4505 1.4314 -0.2049
v  -1.4996 1.4279 -0.2317
v  -1.4919 1.4412 -0.2470
v  -1.4684 1.4182 -0.1965
v  -1.4869 1.4080 -0.1947
v  -1.5162 1.5391 -0.3284
v  -1.5216 1.5624 -0.3184
v  -1.5041 1.5513 -0.2841
v  -1.4967 1.5257 -0.2954
v  -1.5375 1.4077 -0.2202
v  -1.5098 1.4022 -0.2057
v  -1.5199 1.4348 -0.2487
v  -1.5440 1.4432 -0.2619
v  -1.4983 1.4994 -0.3026
v  -1.5085 1.4750 -0.2980
v  -1.5416 1.4906 -0.3262
v  -1.5213 1.5137 -0.3355
v  -1.5425 1.4675 -0.2938
v  -1.5182 1.4577 -0.2784
v  -1.5900 1.4444 -0.2530
v  -1.5652 1.4219 -0.2364
v  -1.5660 1.4523 -0.2717
v  -1.5841 1.4678 -0.2869
v  -1.6256 1.4956 -0.2976
v  -1.6090 1.4700 -0.2725
v  -1.6005 1.4885 -0.3074
v  -1.6153 1.5105 -0.3333
v  -1.5688 1.4826 -0.3138
v  -1.5604 1.4699 -0.2964
v  -1.5961 1.5189 -0.3618
v  -1.5819 1.4996 -0.3366
v  -1.5597 1.5104 -0.3558
v  -1.5745 1.5265 -0.3803
v  -1.5407 1.5268 -0.3629
v  -1.5572 1.5392 -0.3866
v  -1.5502 1.5575 -0.3818
v  -1.5338 1.5490 -0.3572
v  -1.5887 1.5419 -0.4017
v  -1.5735 1.5513 -0.4067
v  -1.5984 1.5525 -0.4129
v  -1.5884 1.5633 -0.4207
v  -1.5779 1.5720 -0.4140
v  -1.5666 1.5659 -0.4024
v  -1.5373 1.5698 -0.3486
v  -1.5523 1.5751 -0.3748
v  -1.5485 1.5870 -0.3407
v  -1.5613 1.5904 -0.3675
v  -1.5767 1.5992 -0.3616
v  -1.5667 1.5970 -0.3361
v  -1.5888 1.5967 -0.3358
v  -1.5910 1.5993 -0.3558
v  -1.6089 1.5392 -0.3866
v  -1.6282 1.5377 -0.3605
v  -1.6234 1.5740 -0.3821
v  -1.6137 1.5608 -0.4062
v  -1.6309 1.5659 -0.3396
v  -1.6381 1.5302 -0.3238
v  -1.6078 1.5951 -0.3683
v  -1.6127 1.5887 -0.3401
v  -1.5929 1.5990 -0.3833
v  -1.5765 1.5928 -0.3905
v  -1.5886 1.5930 -0.4037
v  -1.6057 1.5912 -0.4016
v  -1.6038 1.5800 -0.4191
v  -1.5838 1.5837 -0.4126
v  -1.5683 1.5802 -0.3967
v  -1.4838 1.6375 0.4105
v  -1.4570 1.6637 0.4133
v  -1.4453 1.6492 0.3924
v  -1.4787 1.6276 0.3888
v  -1.4478 1.6885 0.4054
v  -1.4355 1.6751 0.3852
v  -1.4095 1.6442 0.3516
v  -1.4224 1.6601 0.3678
v  -1.4273 1.6415 0.3778
v  -1.4159 1.6264 0.3645
v  -1.5475 1.5699 0.3515
v  -1.5092 1.5898 0.3626
v  -1.5059 1.5762 0.3421
v  -1.5426 1.5583 0.3302
v  -1.4782 1.6103 0.3693
v  -1.4536 1.6224 0.3751
v  -1.4554 1.6000 0.3598
v  -1.4784 1.5907 0.3508
v  -1.4334 1.6100 0.3649
v  -1.4374 1.6265 0.3750
v  -1.5361 1.5477 0.3070
v  -1.5004 1.5641 0.3201
v  -1.4920 1.5546 0.2967
v  -1.5273 1.5393 0.2826
v  -1.3960 1.6283 0.3364
v  -1.3810 1.6132 0.3208
v  -1.3913 1.5941 0.3339
v  -1.4044 1.6102 0.3500
v  -1.4743 1.5733 0.3319
v  -1.4518 1.5803 0.3427
v  -1.4434 1.5621 0.3249
v  -1.4663 1.5579 0.3120
v  -1.4150 1.5737 0.3356
v  -1.4260 1.5920 0.3514
v  -1.4798 1.5459 0.2734
v  -1.5150 1.5334 0.2578
v  -1.4645 1.5317 0.2528
v  -1.4984 1.5284 0.2332
v  -1.3640 1.6001 0.3030
v  -1.3464 1.5876 0.2823
v  -1.3568 1.5655 0.2967
v  -1.3750 1.5794 0.3165
v  -1.4312 1.5428 0.3082
v  -1.4550 1.5416 0.2929
v  -1.4408 1.5215 0.2752
v  -1.4150 1.5216 0.2922
v  -1.4001 1.5554 0.3203
v  -1.3810 1.5366 0.3041
v  -1.4772 1.5193 0.2100
v  -1.4523 1.5051 0.1933
v  -1.4463 1.5130 0.2333
v  -1.4231 1.4964 0.2165
v  -1.3948 1.5032 0.2733
v  -1.4227 1.5010 0.2565
v  -1.3994 1.4874 0.2380
v  -1.3736 1.4932 0.2532
v  -1.3561 1.4758 0.2018
v  -1.3323 1.4643 0.1910
v  -1.3652 1.4609 0.1740
v  -1.3925 1.4743 0.1789
v  -1.3946 1.4833 0.2067
v  -1.4226 1.4897 0.1838
v  -1.3546 1.4904 0.2382
v  -1.3739 1.4817 0.2256
v  -1.3468 1.4839 0.2198
v  -1.3408 1.4910 0.2302
v  -1.3287 1.5742 0.2590
v  -1.3122 1.5599 0.2376
v  -1.3237 1.5411 0.2510
v  -1.3389 1.5527 0.2731
v  -1.3608 1.5215 0.2829
v  -1.3439 1.5125 0.2608
v  -1.2971 1.4710 0.2067
v  -1.3135 1.4845 0.2137
v  -1.2852 1.5012 0.2152
v  -1.2656 1.4843 0.2091
v  -1.2339 1.5137 0.1897
v  -1.2206 1.5293 0.1721
v  -1.2462 1.5520 0.1849
v  -1.2637 1.5346 0.2025
v  -1.3183 1.4939 0.2225
v  -1.3218 1.5023 0.2318
v  -1.3019 1.5199 0.2266
v  -1.2959 1.5110 0.2213
v  -1.2471 1.4986 0.2016
v  -1.2693 1.5152 0.2090
v  -1.2861 1.5308 0.2165
v  -1.2825 1.5212 0.2152
v  -1.2836 1.5573 0.2102
v  -1.2973 1.5445 0.2234
v  -1.3116 1.5301 0.2356
v  -1.2697 1.5735 0.1952
v  -1.3309 1.5074 0.2434
v  -1.5717 1.2830 1.7401
v  -1.5629 1.2962 1.7639
v  -1.5457 1.2850 1.7494
v  -1.5555 1.2776 1.7357
v  -1.5741 1.2699 1.7084
v  -1.5714 1.2594 1.6690
v  -1.5436 1.2659 1.6741
v  -1.5503 1.2709 1.7128
v  -1.5327 1.2770 1.7216
v  -1.5229 1.2760 1.6813
v  -1.5569 1.2549 1.5745
v  -1.5646 1.2559 1.6224
v  -1.5358 1.2658 1.6257
v  -1.5277 1.2632 1.5750
v  -1.5500 1.2454 1.5322
v  -1.5184 1.2479 1.5310
v  -1.4755 1.2465 1.4763
v  -1.4829 1.2625 1.5264
v  -1.5008 1.2769 1.5769
v  -1.4849 1.2240 1.4294
v  -1.4541 1.2518 1.4100
v  -1.4245 1.2527 1.3909
v  -1.5137 1.2800 1.6311
v  0.1571 -0.3655 0.4134
v  0.2009 -0.4113 0.4419
v  0.2218 -0.3776 0.4617
v  0.1745 -0.3274 0.4367
v  0.2815 -0.4358 0.4836
v  0.2582 -0.4652 0.4652
v  0.3149 -0.3868 0.4791
v  0.2528 -0.3262 0.4657
v  0.2022 -0.2726 0.4499
v  0.0617 -0.2423 0.3644
v  0.1084 -0.3094 0.3862
v  0.1233 -0.2757 0.4096
v  0.0750 -0.2143 0.3862
v  0.1477 -0.2273 0.4296
v  0.0967 -0.1750 0.4098
v  0.0326 -0.5035 0.4095
v  -0.0339 -0.5222 0.4038
v  -0.0205 -0.5633 0.4408
v  0.0442 -0.5484 0.4434
v  0.0221 -0.4776 0.3591
v  -0.0375 -0.5012 0.3458
v  0.3494 -0.5439 0.4741
v  0.3732 -0.5095 0.4918
v  0.4578 -0.6121 0.4495
v  0.4786 -0.5739 0.4562
v  0.5018 -0.5181 0.4433
v  0.4033 -0.4546 0.4766
v  0.4325 -0.2963 0.3837
v  0.4392 -0.3810 0.4416
v  0.5306 -0.4458 0.4003
v  0.5487 -0.3448 0.3268
v  0.3493 -0.3170 0.4499
v  0.3504 -0.2303 0.4086
v  0.3307 -0.5821 0.4459
v  0.3381 -0.5604 0.4559
v  0.2472 -0.4810 0.4496
v  0.2208 -0.5046 0.4281
v  0.4395 -0.6287 0.4341
v  0.4381 -0.6473 0.4226
v  -0.3418 -0.2541 -0.0363
v  -0.3794 -0.2972 -0.0389
v  -0.3583 -0.2860 0.0027
v  -0.3190 -0.2450 0.0171
v  -0.3214 -0.2870 0.0505
v  -0.2936 -0.2432 0.0713
v  0.1224 -0.5216 0.4464
v  0.1056 -0.4751 0.4128
v  0.1706 -0.4525 0.4034
v  0.1329 -0.4165 0.3559
v  0.0822 -0.4521 0.3699
v  0.1506 -0.3890 0.3909
v  0.1922 -0.4310 0.4214
v  0.0614 -0.4189 0.2955
v  -0.0132 -0.4352 0.2663
v  0.0113 -0.4678 0.3017
v  0.0556 -0.4458 0.3265
v  0.1012 -0.3312 0.3665
v  0.0528 -0.2617 0.3486
v  0.0308 -0.2798 0.3190
v  0.0871 -0.3451 0.3250
v  -0.1161 -0.3503 0.2335
v  -0.0490 -0.3143 0.2960
v  -0.0952 -0.2610 0.2845
v  -0.1675 -0.3139 0.2202
v  -0.0065 -0.2066 0.3035
v  -0.0395 -0.1354 0.2980
v  -0.1345 -0.2078 0.2945
v  -0.2314 -0.2769 0.2102
v  0.0071 -0.3675 0.3045
v  -0.0666 -0.3932 0.2566
v  -0.0627 -0.4739 0.2294
v  -0.0358 -0.5025 0.2779
v  -0.2812 -0.2595 0.1403
v  -0.2877 -0.3034 0.1106
v  -0.2480 -0.3320 0.1588
v  -0.1575 -0.3936 0.1845
v  -0.1148 -0.4324 0.2134
v  -0.1993 -0.3608 0.1666
v  -0.1946 0.6820 0.2107
v  -0.2491 0.7508 0.2111
v  -0.2466 0.7246 0.2604
v  -0.1887 0.6569 0.2626
v  -0.3075 0.8006 0.2642
v  -0.3081 0.8269 0.2172
v  -0.3137 0.7717 0.3081
v  -0.2523 0.6949 0.3068
v  -0.1947 0.6259 0.3109
v  -0.2582 0.7686 0.1699
v  -0.3147 0.8455 0.1770
v  -0.2067 0.6987 0.1674
v  -0.2093 0.7186 0.1284
v  -0.2633 0.7865 0.1321
v  -0.3212 0.8632 0.1395
v  -0.2691 0.8052 0.0917
v  -0.3304 0.8796 0.0999
v  -0.2128 0.7402 0.0863
v  -0.2196 0.7614 0.0415
v  -0.2786 0.8230 0.0488
v  -0.3439 0.8940 0.0585
v  -0.2951 0.8380 0.0032
v  -0.3636 0.9048 0.0160
v  -0.2339 0.7800 -0.0062
v  -0.2631 0.7881 -0.0507
v  -0.3243 0.8441 -0.0393
v  -0.3921 0.9086 -0.0243
v  -0.3639 0.8391 -0.0720
v  -0.4311 0.9020 -0.0541
v  -0.3035 0.7848 -0.0858
v  -0.3485 0.7727 -0.1108
v  -0.4078 0.8266 -0.0955
v  -0.4724 0.8912 -0.0793
v  -0.5164 0.8735 -0.0936
v  -0.4532 0.8048 -0.1010
v  -0.4969 0.7809 -0.1009
v  -0.5597 0.8487 -0.0893
v  -0.3942 0.7528 -0.1242
v  -0.4390 0.7286 -0.1297
v  -0.6010 0.8247 -0.0859
v  -0.5388 0.7577 -0.1013
v  -0.5796 0.7351 -0.1034
v  -0.6413 0.8014 -0.0871
v  -0.4821 0.7047 -0.1338
v  -0.5238 0.6818 -0.1371
v  -0.6800 0.7779 -0.0887
v  -0.6200 0.7135 -0.1092
v  -0.6574 0.6890 -0.1066
v  -0.7142 0.7520 -0.0798
v  -0.5656 0.6596 -0.1418
v  -0.6034 0.6339 -0.1351
v  -0.7410 0.7248 -0.0586
v  -0.6859 0.6611 -0.0859
v  -0.7068 0.6337 -0.0574
v  -0.7619 0.6981 -0.0314
v  -0.6316 0.6053 -0.1111
v  -0.6515 0.5780 -0.0795
v  -0.7852 0.6528 0.0309
v  -0.7761 0.6745 -0.0010
v  -0.7198 0.6095 -0.0254
v  -0.7275 0.5879 0.0072
v  -0.6636 0.5541 -0.0454
v  -0.6719 0.5326 -0.0120
v  -0.7967 0.6116 0.0927
v  -0.7913 0.6321 0.0621
v  -0.7334 0.5676 0.0383
v  -0.7396 0.5474 0.0681
v  -0.6795 0.5122 0.0182
v  -0.6882 0.4917 0.0464
v  -0.8117 0.5694 0.1524
v  -0.8027 0.5910 0.1224
v  -0.7479 0.5264 0.0968
v  -0.7600 0.5037 0.1250
v  -0.6992 0.4699 0.0735
v  -0.7133 0.4465 0.0997
v  -0.8174 0.5307 0.2258
v  -0.8217 0.5472 0.1864
v  -0.7740 0.4796 0.1567
v  -0.7709 0.4619 0.1956
v  -0.7268 0.4223 0.1297
v  -0.7239 0.4040 0.1666
v  -0.7854 0.5091 0.3037
v  -0.8045 0.5177 0.2651
v  -0.7592 0.4480 0.2347
v  -0.7420 0.4378 0.2732
v  -0.7150 0.3884 0.2039
v  -0.7015 0.3748 0.2418
v  -0.2918 0.5199 0.3924
v  -0.3383 0.5969 0.3923
v  -0.3602 0.5818 0.3919
v  -0.3149 0.5035 0.3870
v  -0.4075 0.6638 0.4032
v  -0.3875 0.6791 0.3976
v  -0.4245 0.6525 0.4055
v  -0.3784 0.5713 0.3877
v  -0.3331 0.4924 0.3754
v  -0.4394 0.6440 0.4069
v  -0.3989 0.5618 0.3827
v  -0.4611 0.6295 0.4095
v  -0.4206 0.5457 0.3937
v  -0.3653 0.4674 0.3999
v  -0.3552 0.4810 0.3684
v  -0.4323 0.5225 0.4342
v  -0.3807 0.4445 0.4401
v  -0.4824 0.6036 0.4352
v  -0.5050 0.5705 0.4737
v  -0.4594 0.4881 0.4681
v  -0.4192 0.4090 0.4613
v  -0.2289 0.5708 0.3740
v  -0.2833 0.6433 0.3670
v  -0.3101 0.6184 0.3846
v  -0.2605 0.5434 0.3877
v  -0.3645 0.6997 0.3833
v  -0.3418 0.7230 0.3646
v  -0.2646 0.6681 0.3414
v  -0.3249 0.7464 0.3405
v  -0.2083 0.5973 0.3470
v  -0.5910 0.4238 0.4217
v  -0.5616 0.4086 0.4710
v  -0.6003 0.4874 0.5129
v  -0.6229 0.4378 0.3842
v  -0.6413 0.4900 0.4673
v  -0.6744 0.5008 0.4253
v  -0.5658 0.3798 0.3407
v  -0.5425 0.3593 0.3811
v  -0.5203 0.3413 0.4298
v  -0.5064 0.4428 0.4842
v  -0.5461 0.5271 0.5021
v  -0.4712 0.3642 0.4694
v  -0.6727 0.3710 0.2754
v  -0.7120 0.4383 0.3063
v  -0.6674 0.4534 0.3179
v  -0.6277 0.3840 0.2865
v  -0.7101 0.5247 0.3489
v  -0.7541 0.5113 0.3349
v  -0.6704 0.5313 0.3749
v  -0.6138 0.4758 0.3303
v  -0.5708 0.4098 0.2891
v  -0.3006 0.3950 0.3720
v  -0.2483 0.3060 0.3648
v  -0.3159 0.3807 0.3895
v  -0.2643 0.2910 0.3770
v  -0.2378 0.3208 0.3746
v  -0.2857 0.4070 0.3807
v  -0.1193 0.2235 0.3961
v  -0.1595 0.2936 0.4014
v  -0.1799 0.2605 0.3851
v  -0.1353 0.1889 0.3725
v  -0.2249 0.3411 0.3914
v  -0.2018 0.3694 0.4007
v  -0.1899 0.2347 0.3653
v  -0.1422 0.1599 0.3494
v  -0.5463 0.2393 0.2087
v  -0.5908 0.2495 0.1965
v  -0.5478 0.1934 0.1545
v  -0.5040 0.1716 0.1634
v  -0.5752 0.2226 0.1336
v  -0.6181 0.2710 0.1699
v  -0.5337 0.1671 0.0932
v  -0.5080 0.1320 0.1112
v  -0.4658 0.1020 0.1177
v  -0.3336 0.3603 0.4354
v  -0.2918 0.2725 0.4196
v  -0.3827 0.3277 0.4485
v  -0.3488 0.2464 0.4307
v  -0.4841 0.2714 0.3988
v  -0.4395 0.2888 0.4471
v  -0.4089 0.2162 0.4213
v  -0.4531 0.2002 0.3712
v  -0.2461 0.4445 0.3978
v  -0.2122 0.4725 0.3973
v  -0.1671 0.4022 0.4051
v  -0.1331 0.4365 0.3900
v  -0.1789 0.5031 0.3825
v  -0.2699 0.4225 0.3915
v  -0.1576 0.5314 0.3548
v  -0.1120 0.4664 0.3621
v  -0.0960 0.4980 0.3289
v  -0.1428 0.5614 0.3194
v  -0.4638 0.2068 0.3040
v  -0.4987 0.2861 0.3426
v  -0.5126 0.3069 0.2933
v  -0.4623 0.2276 0.2427
v  -0.4950 0.2405 0.2090
v  -0.5333 0.3266 0.2500
v  -0.5875 0.3113 0.2502
v  -0.1366 0.5935 0.2713
v  -0.0906 0.5303 0.2820
v  -0.1012 0.5543 0.2286
v  -0.1454 0.6178 0.2179
v  -0.1584 0.6344 0.1715
v  -0.1116 0.5730 0.1792
v  -0.1088 0.5988 0.1324
v  -0.1582 0.6572 0.1290
v  -0.1602 0.6828 0.0833
v  -0.1095 0.6291 0.0816
v  -0.1131 0.6612 0.0297
v  -0.1650 0.7091 0.0353
v  -0.1793 0.7314 -0.0150
v  -0.1278 0.6877 -0.0233
v  -0.1593 0.7020 -0.0723
v  -0.2102 0.7417 -0.0611
v  -0.0611 0.6133 0.0244
v  -0.0747 0.6457 -0.0318
v  -0.0214 0.6087 -0.0480
v  -0.0076 0.5732 0.0093
v  -0.0515 0.6306 -0.1019
v  -0.1064 0.6645 -0.0844
v  -0.1986 0.7075 -0.1145
v  -0.2501 0.7423 -0.0995
v  -0.2404 0.7050 -0.1519
v  -0.2938 0.7344 -0.1307
v  -0.1448 0.6762 -0.1310
v  -0.0874 0.6486 -0.1508
v  -0.1262 0.6570 -0.1971
v  -0.1847 0.6801 -0.1745
v  -0.2837 0.6877 -0.1810
v  -0.3386 0.7168 -0.1532
v  -0.3273 0.6566 -0.1959
v  -0.3833 0.6897 -0.1632
v  -0.2274 0.6580 -0.2062
v  -0.2698 0.6210 -0.2238
v  -0.1678 0.6292 -0.2274
v  -0.2076 0.5871 -0.2441
v  -0.3717 0.6252 -0.2061
v  -0.4269 0.6624 -0.1694
v  -0.4161 0.5957 -0.2132
v  -0.4705 0.6377 -0.1766
v  -0.3146 0.5843 -0.2354
v  -0.3590 0.5497 -0.2416
v  -0.2503 0.5451 -0.2532
v  -0.2931 0.5069 -0.2589
v  -0.4555 0.5653 -0.2087
v  -0.5122 0.6122 -0.1782
v  -0.4907 0.5359 -0.1923
v  -0.5468 0.5836 -0.1627
v  -0.3983 0.5173 -0.2372
v  -0.4359 0.4881 -0.2232
v  -0.3326 0.4745 -0.2627
v  -0.3726 0.4451 -0.2568
v  -0.5241 0.5077 -0.1640
v  -0.5763 0.5553 -0.1361
v  -0.5472 0.4828 -0.1240
v  -0.5973 0.5292 -0.1009
v  -0.4729 0.4601 -0.1927
v  -0.4145 0.4156 -0.2308
v  -0.4472 0.3901 -0.1868
v  -0.5004 0.4358 -0.1487
v  -0.5647 0.4618 -0.0832
v  -0.6113 0.5066 -0.0638
v  -0.5808 0.4416 -0.0469
v  -0.6229 0.4856 -0.0291
v  -0.5228 0.4159 -0.1051
v  -0.4749 0.3698 -0.1416
v  -0.5004 0.3509 -0.1031
v  -0.5434 0.3968 -0.0674
v  -0.5952 0.4205 -0.0176
v  -0.6340 0.4646 0.0005
v  -0.6453 0.4429 0.0268
v  -0.6085 0.3979 0.0070
v  -0.5606 0.3763 -0.0386
v  -0.5763 0.3531 -0.0160
v  -0.5209 0.3307 -0.0749
v  -0.5384 0.3075 -0.0532
v  -0.6225 0.3726 0.0294
v  -0.6580 0.4196 0.0518
v  -0.6726 0.3953 0.0755
v  -0.6376 0.3466 0.0507
v  -0.5917 0.3259 0.0040
v  -0.6025 0.2988 0.0263
v  -0.5530 0.2788 -0.0321
v  -0.5592 0.2507 -0.0078
v  -0.6474 0.3232 0.0773
v  -0.6845 0.3716 0.1037
v  -0.6815 0.3532 0.1379
v  -0.6437 0.3051 0.1090
v  -0.6040 0.2778 0.0533
v  -0.5987 0.2609 0.0814
v  -0.5599 0.2287 0.0179
v  -0.5559 0.2098 0.0440
v  -0.6336 0.2892 0.1405
v  -0.6732 0.3369 0.1722
v  -0.6597 0.3209 0.2063
v  -0.5898 0.2442 0.1088
v  -0.5476 0.1914 0.0702
v  -0.6321 0.3087 0.2376
v  -0.3817 0.9445 0.1489
v  -0.3738 0.9307 0.1872
v  -0.4274 1.0108 0.1951
v  -0.4389 1.0208 0.1572
v  -0.4220 0.9991 0.2357
v  -0.3693 0.9136 0.2267
v  -0.4118 0.9677 0.0713
v  -0.3943 0.9569 0.1103
v  -0.4559 1.0296 0.1205
v  -0.4777 1.0368 0.0846
v  -0.4648 0.9805 -0.0034
v  -0.4349 0.9763 0.0326
v  -0.5039 1.0428 0.0498
v  -0.5345 1.0466 0.0176
v  -0.5432 0.9605 -0.0519
v  -0.5031 0.9724 -0.0299
v  -0.5705 1.0399 -0.0078
v  -0.6095 1.0276 -0.0280
v  -0.6266 0.9238 -0.0734
v  -0.5845 0.9453 -0.0692
v  -0.6494 1.0124 -0.0446
v  -0.6900 0.9933 -0.0549
v  -0.6673 0.9002 -0.0710
v  -0.7061 0.8760 -0.0680
v  -0.7291 0.9696 -0.0576
v  -0.7662 0.9442 -0.0533
v  -0.7425 0.8510 -0.0630
v  -0.7745 0.8249 -0.0507
v  -0.8012 0.9188 -0.0437
v  -0.8332 0.8936 -0.0286
v  -0.8002 0.7983 -0.0292
v  -0.8203 0.7724 -0.0026
v  -0.8781 0.8415 0.0207
v  -0.8590 0.8673 -0.0068
v  -0.8345 0.7488 0.0271
v  -0.8440 0.7272 0.0585
v  -0.9010 0.7960 0.0820
v  -0.8916 0.8179 0.0506
v  -0.8507 0.7064 0.0896
v  -0.8562 0.6861 0.1204
v  -0.9116 0.7558 0.1453
v  -0.9075 0.7753 0.1134
v  -0.8607 0.6663 0.1513
v  -0.8647 0.6468 0.1834
v  -0.9120 0.7200 0.2113
v  -0.9127 0.7375 0.1777
v  -0.8667 0.6281 0.2189
v  -0.8629 0.6118 0.2568
v  -0.9048 0.6877 0.2834
v  -0.9098 0.7032 0.2467
v  -0.8507 0.5991 0.2953
v  -0.8302 0.5922 0.3323
v  -0.8723 0.6696 0.3566
v  -0.8927 0.6756 0.3211
v  -0.7997 0.5946 0.3623
v  -0.7567 0.6063 0.3793
v  -0.7991 0.6840 0.4022
v  -0.8434 0.6721 0.3844
v  -0.7627 0.6538 0.5044
v  -0.7807 0.6698 0.4519
v  -0.7255 0.6035 0.4165
v  -0.7184 0.5811 0.4669
v  -0.6846 0.5751 0.5109
v  -0.6363 0.5880 0.5365
v  -0.7216 0.6580 0.5428
v  -0.6724 0.6778 0.5609
v  -0.5520 0.6640 0.4891
v  -0.5868 0.6239 0.5262
v  -0.6264 0.7127 0.5458
v  -0.5974 0.7494 0.5052
v  -0.5264 0.6966 0.4563
v  -0.5746 0.7805 0.4716
v  -0.5052 0.7213 0.4336
v  -0.5538 0.8053 0.4499
v  -0.3993 0.8140 0.3741
v  -0.4188 0.7914 0.3956
v  -0.4678 0.8789 0.4095
v  -0.4510 0.9013 0.3854
v  -0.4895 0.8578 0.4249
v  -0.4408 0.7708 0.4103
v  -0.3744 0.8605 0.3164
v  -0.3848 0.8364 0.3487
v  -0.4377 0.9233 0.3590
v  -0.4269 0.9473 0.3265
v  -0.3681 0.8884 0.2732
v  -0.4205 0.9747 0.2826
v  -0.4607 0.7551 0.4175
v  -0.5107 0.8416 0.4311
v  -0.5275 0.8293 0.4361
v  -0.4773 0.7435 0.4217
v  -0.4899 0.7346 0.4255
v  -0.5394 0.8193 0.4410
v  -0.4636 1.0651 0.2400
v  -0.4594 1.0442 0.2873
v  -0.4954 1.1069 0.2897
v  -0.5034 1.1282 0.2420
v  -0.4995 1.0798 0.3367
v  -0.4652 1.0171 0.3328
v  -0.8259 0.7548 0.5332
v  -0.7841 0.7662 0.5661
v  -0.8205 0.8125 0.5836
v  -0.8605 0.8009 0.5458
v  -0.7786 0.8369 0.5992
v  -0.7409 0.7887 0.5839
v  -0.8196 0.8710 0.6092
v  -0.8611 0.8472 0.5922
v  -0.8997 0.8416 0.5524
v  -0.5286 0.9260 0.4304
v  -0.5485 0.9093 0.4389
v  -0.5801 0.9691 0.4465
v  -0.5606 0.9867 0.4371
v  -0.5965 0.9542 0.4550
v  -0.5648 0.8956 0.4463
v  -0.5978 1.2573 0.2367
v  -0.5454 1.1934 0.2424
v  -0.5641 1.2035 0.1997
v  -0.6198 1.2627 0.1946
v  -0.5177 1.1413 0.2006
v  -0.5382 1.1481 0.1643
v  -0.5887 1.2070 0.1639
v  -0.6468 1.2624 0.1601
v  -0.5776 1.2200 0.3390
v  -0.5353 1.1470 0.3417
v  -0.5324 1.1745 0.2934
v  -0.5778 1.2477 0.2887
v  -0.4738 1.0786 0.1992
v  -0.4900 1.0873 0.1623
v  -0.6159 1.2073 0.1330
v  -0.6750 1.2609 0.1307
v  -0.5628 1.1510 0.1317
v  -0.5899 1.1512 0.1016
v  -0.6442 1.2053 0.1055
v  -0.7034 1.2586 0.1047
v  -0.5113 1.0929 0.1277
v  -0.5364 1.0964 0.0948
v  -0.6720 1.2021 0.0793
v  -0.7301 1.2564 0.0803
v  -0.6177 1.1494 0.0726
v  -0.6450 1.1462 0.0431
v  -0.6979 1.1983 0.0525
v  -0.7543 1.2544 0.0555
v  -0.5638 1.0982 0.0630
v  -0.5925 1.0979 0.0321
v  -0.7238 1.1940 0.0236
v  -0.7776 1.2511 0.0292
v  -0.6739 1.1411 0.0147
v  -0.7102 1.1294 -0.0051
v  -0.7585 1.1822 0.0027
v  -0.8093 1.2394 0.0090
v  -0.6250 1.0930 0.0054
v  -0.6628 1.0811 -0.0143
v  -0.7489 1.1128 -0.0209
v  -0.7964 1.1651 -0.0128
v  -0.7880 1.0932 -0.0302
v  -0.8341 1.1454 -0.0214
v  -0.8443 1.2231 -0.0060
v  -0.8786 1.2044 -0.0136
v  -0.7021 1.0652 -0.0304
v  -0.7412 1.0447 -0.0406
v  -0.8243 1.0708 -0.0292
v  -0.8679 1.1234 -0.0188
v  -0.8581 1.0461 -0.0207
v  -0.8989 1.0993 -0.0088
v  -0.9349 1.1597 -0.0010
v  -0.9082 1.1831 -0.0112
v  -0.7789 1.0215 -0.0423
v  -0.8144 0.9966 -0.0359
v  -0.8896 1.0203 -0.0105
v  -0.9274 1.0747 0.0008
v  -0.9548 1.0484 0.0123
v  -0.9190 0.9935 0.0021
v  -0.9845 1.1098 0.0187
v  -0.9597 1.1357 0.0083
v  -0.8480 0.9706 -0.0252
v  -0.8793 0.9438 -0.0118
v  -0.9456 0.9659 0.0192
v  -0.9779 1.0222 0.0285
v  -0.9970 0.9966 0.0497
v  -0.9649 0.9405 0.0429
v  -1.0263 1.0575 0.0512
v  -1.0085 1.0825 0.0324
v  -0.9064 0.9168 0.0068
v  -0.9280 0.8909 0.0320
v  -0.9803 0.9153 0.0711
v  -1.0130 0.9711 0.0752
v  -1.0257 0.9459 0.1043
v  -0.9919 0.8905 0.1024
v  -1.0568 1.0065 0.0996
v  -1.0428 1.0320 0.0737
v  -0.9417 0.8672 0.0628
v  -0.9506 0.8452 0.0949
v  -0.9995 0.8664 0.1360
v  -1.0340 0.9217 0.1363
v  -1.0374 0.8991 0.1716
v  -1.0004 0.8460 0.1709
v  -1.0728 0.9584 0.1612
v  -1.0667 0.9821 0.1285
v  -0.9562 0.8241 0.1277
v  -0.9576 0.8048 0.1611
v  -0.9952 0.8283 0.2069
v  -1.0353 0.8787 0.2099
v  -1.0308 0.8603 0.2493
v  -0.9889 0.8120 0.2431
v  -1.0709 0.9164 0.2382
v  -1.0744 0.9359 0.1979
v  -0.9548 0.7874 0.1948
v  -0.9504 0.7710 0.2295
v  -0.9881 0.7956 0.2798
v  -1.0299 0.8423 0.2869
v  -1.0238 0.8272 0.3255
v  -0.9821 0.7813 0.3176
v  -1.0662 0.8777 0.3214
v  -1.0703 0.8961 0.2796
v  -0.9473 0.7544 0.2656
v  -0.9416 0.7394 0.3026
v  -0.9660 0.7726 0.3544
v  -1.0072 0.8178 0.3626
v  -0.9809 0.8156 0.3944
v  -0.9404 0.7706 0.3860
v  -1.0253 0.8579 0.3975
v  -1.0504 0.8639 0.3618
v  -0.9283 0.7288 0.3403
v  -0.9070 0.7243 0.3746
v  -0.9109 0.7740 0.4079
v  -0.9500 0.8192 0.4186
v  -0.9176 0.8237 0.4421
v  -0.8780 0.7782 0.4297
v  -0.9617 0.8635 0.4577
v  -0.9948 0.8590 0.4276
v  -0.8785 0.7277 0.3980
v  -0.8399 0.7359 0.4184
v  -0.8593 0.7610 0.4825
v  -0.8967 0.8059 0.4930
v  -0.9336 0.8509 0.5003
v  -0.8227 0.7191 0.4710
v  -0.7950 0.7092 0.5227
v  -0.6955 0.8226 0.5768
v  -0.7387 0.8691 0.5846
v  -0.6666 0.8562 0.5391
v  -0.7100 0.9027 0.5491
v  -0.7651 0.9369 0.5540
v  -0.7886 0.9019 0.5900
v  -0.7525 0.7188 0.5563
v  -0.7063 0.7406 0.5732
v  -0.6601 0.7743 0.5640
v  -0.6326 0.8090 0.5226
v  -0.6870 0.9406 0.5149
v  -0.7368 0.9770 0.5265
v  -0.6464 0.8900 0.5021
v  -0.6268 0.9206 0.4764
v  -0.6638 0.9766 0.4902
v  -0.7143 1.0146 0.5112
v  -0.6120 0.8407 0.4873
v  -0.5919 0.8676 0.4641
v  -0.6275 1.1090 0.4655
v  -0.5913 1.0510 0.4492
v  -0.5715 1.0741 0.4315
v  -0.6090 1.1371 0.4443
v  -0.5397 1.0088 0.4214
v  -0.5234 1.0323 0.3977
v  -0.5558 1.0987 0.4062
v  -0.5932 1.1666 0.4161
v  -0.6485 1.0853 0.4773
v  -0.6697 1.0648 0.4863
v  -0.6285 1.0163 0.4673
v  -0.6110 1.0325 0.4591
v  -0.5072 0.9474 0.4155
v  -0.4903 0.9704 0.3920
v  -0.5439 1.1222 0.3776
v  -0.5819 1.1935 0.3823
v  -0.5103 1.0551 0.3708
v  -0.4769 0.9927 0.3656
v  -0.6447 0.9997 0.4767
v  -0.6922 1.0423 0.4979
v  -0.6106 0.9400 0.4635
v  -0.5774 0.8839 0.4531
v  -0.1965 0.2165 0.3535
v  -0.1475 0.1394 0.3304
v  -0.2164 0.2014 0.3527
v  -0.1700 0.1196 0.3341
v  -0.1538 -0.1467 0.3170
v  -0.0674 -0.0647 0.2945
v  -0.0976 -0.0044 0.3006
v  -0.1698 -0.0652 0.3391
v  -0.2633 -0.1193 0.3266
v  -0.2492 -0.2024 0.2702
v  -0.2513 0.1846 0.4003
v  -0.3162 0.1648 0.4118
v  -0.2893 0.0765 0.3950
v  -0.2162 0.0979 0.3789
v  -0.2749 -0.0221 0.3747
v  -0.1904 0.0154 0.3598
v  -0.1315 0.0534 0.3164
v  -0.0514 0.3012 0.3939
v  -0.0908 0.3682 0.3938
v  -0.1249 0.3308 0.4092
v  -0.0857 0.2626 0.4092
v  -0.4268 0.1277 0.3428
v  -0.3803 0.1422 0.3969
v  -0.3598 0.0593 0.3710
v  -0.4036 0.0527 0.3061
v  -0.3447 -0.0307 0.3273
v  -0.3279 -0.1234 0.2683
v  -0.3769 -0.0247 0.2531
v  -0.3487 -0.1063 0.1919
v  -0.3356 -0.1799 0.0656
v  -0.3561 -0.1049 0.1196
v  -0.3238 -0.1830 0.1290
v  -0.3511 -0.0982 0.0584
v  -0.3337 -0.1739 0.0102
v  -0.3062 -0.2039 0.2020
v  -0.4159 0.1479 0.1897
v  -0.4273 0.1311 0.2622
v  -0.3943 0.0552 0.2179
v  -0.3775 0.0677 0.1393
v  -0.3703 -0.0223 0.1701
v  -0.3725 -0.0190 0.1021
v  -0.4186 0.0808 0.1146
v  -0.4570 0.1571 0.1645
v  -0.0684 0.0427 0.3434
v  -0.0389 -0.0160 0.3457
v  -0.0307 0.0128 0.3699
v  -0.0621 0.0717 0.3677
v  0.0014 -0.0532 0.3721
v  -0.0096 -0.0819 0.3494
v  0.0207 -0.0182 0.3963
v  -0.0131 0.0474 0.3945
v  -0.0464 0.1058 0.3924
v  -0.1019 0.0989 0.3429
v  -0.0964 0.1282 0.3676
v  -0.0815 0.1629 0.3919
v  0.0235 -0.1638 0.3537
v  0.0169 -0.1825 0.3364
v  -0.0150 -0.1019 0.3318
v  -0.0420 -0.0364 0.3268
v  -0.0711 0.0215 0.3245
v  0.0564 -0.1008 0.3989
v  0.0359 -0.1365 0.3753
v  -0.1054 0.0776 0.3229
v  -0.3357 -0.1525 -0.0212
v  -0.3738 -0.1285 -0.0290
v  -0.3700 -0.0783 0.0288
v  -0.4077 -0.0538 0.0224
v  -0.3591 -0.1990 -0.0745
v  -0.3504 -0.2255 -0.0569
v  -0.3950 0.0010 0.0741
v  -0.4340 0.0279 0.0701
v  -0.4402 -0.0212 0.0098
v  -0.4060 -0.0980 -0.0426
v  -0.4237 -0.0614 -0.0679
v  -0.4616 0.0148 -0.0122
v  -0.3820 -0.1244 -0.1205
v  -0.3750 -0.1646 -0.0945
v  -0.4723 0.0453 -0.0449
v  -0.5084 0.1199 0.0168
v  -0.5146 0.1429 -0.0133
v  -0.4717 0.0755 -0.0804
v  -0.4957 0.0970 0.0431
v  -0.4717 0.0609 0.0616
v  -0.4260 -0.0255 -0.1048
v  -0.3727 -0.0825 -0.1536
v  -0.4118 0.0132 -0.1407
v  -0.3525 -0.0387 -0.1861
v  -0.4666 0.1083 -0.1111
v  -0.4062 0.0519 -0.1753
v  -0.4592 0.1425 -0.1403
v  -0.3961 0.0923 -0.2070
v  -0.3408 0.0059 -0.2197
v  -0.3223 0.0480 -0.2686
v  -0.4801 0.2601 -0.1117
v  -0.4991 0.2303 -0.0910
v  -0.4397 0.1778 -0.1633
v  -0.4161 0.2128 -0.1845
v  -0.5101 0.1991 -0.0670
v  -0.5142 0.1720 -0.0408
v  -0.3478 0.1619 -0.2540
v  -0.3729 0.1303 -0.2308
v  -0.3118 0.0957 -0.2987
v  -0.2868 0.1267 -0.3214
v  -0.4383 0.3037 -0.1635
v  -0.4607 0.2832 -0.1342
v  -0.3946 0.2359 -0.2087
v  -0.3699 0.2575 -0.2402
v  -0.2894 0.2072 -0.3049
v  -0.3233 0.1849 -0.2789
v  -0.2133 0.1647 -0.3490
v  -0.2583 0.1486 -0.3410
v  -0.3772 0.3492 -0.2503
v  -0.4101 0.3251 -0.2053
v  -0.2803 0.3090 -0.3022
v  -0.3310 0.2819 -0.2780
v  -0.0920 0.1466 -0.3712
v  -0.1431 0.1753 -0.3333
v  -0.0829 0.2135 -0.3391
v  -0.1770 0.2602 -0.3326
v  -0.2342 0.2313 -0.3225
v  -0.2901 0.4117 -0.2905
v  -0.3347 0.3786 -0.2791
v  -0.2368 0.3425 -0.3167
v  -0.1981 0.3810 -0.3197
v  -0.0477 0.2609 -0.3541
v  0.0173 0.2328 -0.3744
v  -0.0146 0.1704 -0.3563
v  -0.0219 0.3100 -0.3570
v  0.0432 0.2847 -0.3778
v  -0.1078 0.3483 -0.3479
v  -0.1376 0.3024 -0.3426
v  -0.2145 0.4784 -0.2746
v  -0.2504 0.4430 -0.2828
v  -0.1641 0.4196 -0.3093
v  -0.1317 0.4595 -0.2950
v  0.0002 0.3648 -0.3549
v  0.0668 0.3379 -0.3763
v  0.0236 0.4235 -0.3474
v  0.0961 0.3908 -0.3698
v  0.1180 0.3207 -0.4010
v  0.1548 0.3662 -0.3985
v  0.0990 0.2720 -0.4160
v  -0.0821 0.3986 -0.3437
v  -0.0530 0.4440 -0.3232
v  -0.1375 0.5622 -0.2599
v  -0.1756 0.5190 -0.2675
v  -0.0980 0.5019 -0.2856
v  -0.0649 0.5440 -0.2771
v  0.0815 0.5131 -0.3273
v  0.1689 0.4912 -0.3661
v  0.1320 0.4442 -0.3673
v  0.0521 0.4713 -0.3367
v  0.2041 0.4211 -0.4004
v  0.2531 0.4731 -0.4058
v  0.0060 0.5282 -0.2982
v  -0.0232 0.4875 -0.3090
v  -0.0327 0.5824 -0.2640
v  -0.1016 0.6039 -0.2453
v  -0.0626 0.6348 -0.2201
v  0.0029 0.6123 -0.2430
v  0.1441 0.5730 -0.2993
v  0.2402 0.5471 -0.3448
v  0.2031 0.5259 -0.3616
v  0.1110 0.5465 -0.3163
v  0.2945 0.5066 -0.4049
v  0.3367 0.5198 -0.3889
v  0.0685 0.5921 -0.2671
v  0.0353 0.5637 -0.2855
v  0.0061 0.6020 -0.1291
v  -0.0254 0.6244 -0.1755
v  0.0394 0.6040 -0.2025
v  0.0680 0.5801 -0.1605
v  0.2109 0.5490 -0.2278
v  0.3106 0.5294 -0.2781
v  0.2775 0.5399 -0.3123
v  0.1805 0.5676 -0.2639
v  0.3810 0.5178 -0.3608
v  0.4223 0.5184 -0.3267
v  0.1334 0.5639 -0.1909
v  0.1049 0.5866 -0.2295
v  0.1043 0.5318 -0.0730
v  0.0901 0.5602 -0.1197
v  0.0319 0.5801 -0.0803
v  0.0468 0.5471 -0.0266
v  0.1546 0.5470 -0.1569
v  0.1680 0.5240 -0.1183
v  0.2511 0.5228 -0.1601
v  0.2341 0.5373 -0.1968
v  0.3591 0.5132 -0.2033
v  0.3373 0.5242 -0.2445
v  0.4645 0.4917 -0.2411
v  0.4553 0.5200 -0.2830
v  0.0238 0.1779 0.3891
v  -0.0130 0.2382 0.3913
v  -0.0487 0.2018 0.4073
v  -0.0134 0.1448 0.4044
v  -0.0097 0.3609 0.3380
v  -0.0533 0.4324 0.3362
v  -0.0700 0.3998 0.3669
v  -0.0289 0.3315 0.3676
v  -0.0216 0.4052 0.2402
v  -0.0629 0.4879 0.2382
v  -0.0455 0.4669 0.2926
v  0.0009 0.3905 0.2961
v  -0.0595 0.5394 0.1369
v  -0.0589 0.5750 0.0807
v  -0.0060 0.5288 0.0691
v  -0.0038 0.4711 0.1362
v  -0.0667 0.5101 0.1871
v  -0.0235 0.4344 0.1910
v  0.0864 0.4333 0.0376
v  0.1066 0.4829 -0.0179
v  0.0489 0.4987 0.0327
v  0.0321 0.4491 0.0865
v  0.3466 0.4613 -0.1854
v  0.2486 0.4802 -0.1236
v  0.2241 0.4244 -0.0854
v  0.3227 0.3924 -0.1660
v  0.4095 0.3854 -0.2110
v  0.4305 0.4338 -0.2342
v  0.1671 0.4787 -0.0724
v  0.1475 0.4279 -0.0204
v  0.1675 -0.0636 0.4194
v  0.1298 -0.0077 0.4103
v  0.0923 -0.0543 0.4196
v  0.1322 -0.1204 0.4307
v  0.0561 0.0236 0.4118
v  0.0940 0.0579 0.3984
v  0.0589 0.1188 0.3910
v  0.0212 0.0870 0.4065
v  0.0572 0.1943 0.3627
v  0.0149 0.2620 0.3638
v  0.0417 0.2800 0.3321
v  0.0913 0.2014 0.3332
v  0.1830 -0.0028 0.3915
v  0.1669 0.0283 0.3833
v  0.1505 0.0154 0.3950
v  0.1799 -0.0274 0.4026
v  0.1220 0.0710 0.3819
v  0.1468 0.0750 0.3683
v  0.0917 0.1305 0.3698
v  0.1236 0.1336 0.3498
v  0.1183 0.2000 0.2931
v  0.0597 0.2924 0.2878
v  0.0370 0.2924 0.2237
v  0.1241 0.1584 0.1632
v  0.1833 0.0739 0.3486
v  0.1791 0.1045 0.3878
v  0.1667 0.1416 0.3217
v  0.1523 0.1354 0.3308
v  0.1233 -0.5868 0.4792
v  0.2140 -0.5912 0.4840
v  0.0530 -0.5981 0.4658
v  0.3194 -0.6337 0.4666
v  -0.8352 0.9275 0.6062
v  -0.8082 0.9640 0.5712
v  -0.8681 0.8974 0.6134
v  -0.9051 0.8784 0.5962
v  -0.9417 0.8745 0.5613
v  -0.9760 0.8848 0.5170
v  -1.0067 0.8923 0.4738
v  -1.0399 0.8916 0.4360
v  -1.0703 0.8959 0.3980
v  -1.0954 0.9092 0.3550
v  -1.1110 0.9322 0.3055
v  -1.1109 0.9541 0.2567
v  -1.1142 0.9730 0.2139
v  -1.1129 0.9961 0.1751
v  -1.1073 1.0213 0.1413
v  -1.0973 1.0471 0.1128
v  -1.0829 1.0730 0.0884
v  -1.0679 1.0983 0.0666
v  -1.0487 1.1247 0.0482
v  -1.0269 1.1522 0.0333
v  -1.0050 1.1790 0.0214
v  -0.9834 1.2050 0.0117
v  -0.9631 1.2288 0.0013
v  -0.9429 1.2505 -0.0054
v  -0.9202 1.2704 -0.0048
v  -0.8930 1.2876 0.0022
v  -0.8645 1.3007 0.0135
v  -0.8375 1.3112 0.0281
v  -0.8141 1.3120 0.0495
v  -0.7917 1.3100 0.0740
v  -0.7673 1.3083 0.0988
v  -0.7406 1.3083 0.1250
v  -0.7126 1.3098 0.1537
v  -0.6851 1.3119 0.1862
v  -0.6616 1.3095 0.2253
v  -0.6442 1.3000 0.2716
v  -0.6351 1.2810 0.3226
v  -0.6348 1.2559 0.3731
v  -0.6453 1.2254 0.4199
v  -0.6565 1.1875 0.4597
v  -0.6770 1.1475 0.4857
v  -0.7064 1.1113 0.5014
v  -0.7347 1.0807 0.5166
v  -0.7618 1.0488 0.5301
v  -0.7802 1.0143 0.5401
v  -0.7827 0.9879 0.5440
v  0.2847 -0.2548 0.4469
v  0.2354 -0.2010 0.4430
v  0.2906 -0.1666 0.4169
v  0.2448 -0.1061 0.4396
v  0.1816 -0.1622 0.4405
v  0.2136 -0.0946 0.4172
v  0.0257 0.3801 0.1412
v  0.0541 0.3754 0.1109
v  0.0289 0.3319 0.1737
v  0.0955 0.2979 0.2204
v  0.0774 0.3658 0.2012
v  0.1943 0.0406 0.3836
v  0.1874 0.0624 0.4183
v  0.2074 -0.0017 0.3947
v  0.2024 0.0181 0.4285
v  0.2212 -0.0447 0.3984
v  0.2192 -0.0305 0.4414
v  -1.7612 1.8505 1.4307
# 6850 vertices

vn 0.0305 0.7929 0.6086
vn 0.0791 0.8996 0.4295
vn 0.3271 0.8330 0.4463
vn 0.3102 0.7702 0.5572
vn 0.0390 0.9992 0.0049
vn 0.1041 0.9929 0.0569
vn 0.1946 0.9787 0.0658
vn 0.4791 0.7918 0.3788
vn 0.5001 0.7526 0.4283
vn 0.6986 0.6669 0.2593
vn 0.5919 0.7353 0.3302
vn 0.6054 0.7492 0.2687
vn 0.7824 0.5951 0.1839
vn 0.3992 0.9166 0.0236
vn 0.5750 0.8171 -0.0408
vn 0.5889 0.5717 0.5713
vn 0.4491 0.5268 0.7216
vn 0.6743 0.1304 0.7269
vn 0.5675 0.0470 0.8221
vn 0.4242 -0.0192 0.9054
vn 0.1967 0.4450 0.8737
vn 0.7710 0.2681 0.5777
vn 0.6785 0.5970 0.4281
vn 0.7518 0.6058 0.2603
vn 0.8125 0.3717 0.4491
vn 0.8567 0.4862 0.1725
vn 0.8728 0.3258 0.3635
vn 0.7246 0.6871 0.0544
vn 0.8318 0.4465 0.3299
vn -0.0428 0.9940 -0.1009
vn -0.1758 0.8758 -0.4494
vn -0.1680 0.8765 -0.4512
vn -0.0393 0.9224 -0.3843
vn 0.0323 0.9752 -0.2191
vn -0.1612 0.8889 -0.4288
vn -0.2068 0.8583 -0.4697
vn -0.1370 0.8689 -0.4757
vn -0.1773 0.9104 -0.3739
vn -0.0970 0.9425 -0.3199
vn -0.0670 0.9087 -0.4121
vn 0.0848 0.9368 -0.3395
vn 0.0438 0.9534 -0.2986
vn 0.1874 0.9351 -0.3006
vn 0.1981 0.9272 -0.3178
vn 0.1785 0.9416 -0.2857
vn 0.1610 0.9429 -0.2916
vn 0.3293 0.9279 -0.1750
vn 0.6456 0.7631 0.0307
vn 0.2810 0.9199 -0.2734
vn 0.6253 -0.3069 0.7175
vn 0.6122 -0.3310 0.7181
vn 0.6001 -0.3243 0.7312
vn 0.6300 -0.2651 0.7299
vn 0.6511 -0.1426 0.7454
vn 0.7293 -0.1606 0.6650
vn 0.7450 -0.0243 0.6666
vn 0.8788 0.0324 0.4760
vn 0.8450 0.1104 0.5233
vn 0.9556 0.1419 0.2581
vn 0.8843 0.2820 0.3722
vn 0.9410 0.2695 0.2048
vn 0.7484 0.6510 0.1272
vn 0.9058 0.3961 0.1503
vn 0.7185 0.6893 -0.0932
vn 0.8941 0.4430 0.0665
vn 0.2513 0.8970 -0.3637
vn 0.6689 0.7050 -0.2358
vn 0.1793 0.8865 -0.4267
vn 0.9049 0.4152 -0.0940
vn 0.6170 0.6372 -0.4618
vn 0.9118 0.2966 -0.2840
vn 0.1136 0.8532 -0.5090
vn 0.0176 0.8548 -0.5187
vn 0.5603 0.6377 -0.5286
vn 0.9136 0.2276 -0.3370
vn 0.9834 0.1288 0.1275
vn 0.9691 0.1898 -0.1577
vn 0.6201 0.7070 -0.3400
vn 0.6733 0.7393 -0.0049
vn -0.0217 0.9356 -0.3525
vn -0.0231 0.9950 -0.0972
vn -0.2826 0.8735 -0.3964
vn -0.1987 0.9448 -0.2604
vn -0.1830 0.8753 -0.4476
vn -0.1993 0.8533 -0.4819
vn -0.0903 0.9943 -0.0574
vn -0.0561 0.9877 -0.1462
vn -0.1750 0.8687 -0.4635
vn -0.0060 0.9804 -0.1968
vn -0.1212 0.8977 -0.4236
vn 0.0318 0.9161 -0.3997
vn 0.1156 0.9864 -0.1169
vn 0.3199 0.9439 -0.0818
vn 0.2108 0.9108 -0.3551
vn 0.3464 0.8832 -0.3163
vn 0.4581 0.8797 -0.1277
vn 0.5419 0.8211 -0.1794
vn 0.4058 0.8831 -0.2355
vn 0.5743 0.7997 -0.1749
vn 0.5911 0.8009 -0.0955
vn 0.3987 0.8968 -0.1917
vn 0.3306 0.9266 -0.1793
vn 0.5920 0.8059 -0.0048
vn 0.5525 0.8334 -0.0150
vn 0.2805 0.9220 -0.2668
vn 0.2247 0.9295 -0.2925
vn 0.1771 0.9235 -0.3403
vn 0.4850 0.8740 -0.0297
vn 0.4248 0.8985 -0.1107
vn 0.1066 0.9085 -0.4042
vn 0.0238 0.9149 -0.4030
vn 0.3348 0.9139 -0.2297
vn 0.2574 0.9244 -0.2816
vn -0.0645 0.9623 -0.2641
vn 0.2421 0.9447 -0.2211
vn -0.0871 0.9925 -0.0860
vn 0.3041 0.9463 -0.1096
vn 0.1205 0.9281 0.3522
vn 0.2045 0.8963 0.3934
vn 0.3350 0.3579 0.8716
vn 0.3121 0.4175 0.8534
vn 0.3311 0.3009 0.8944
vn 0.2593 0.8581 0.4432
vn 0.3202 0.7866 0.5279
vn 0.2816 0.2678 0.9214
vn 0.3326 0.2967 0.8952
vn 0.4609 0.7370 0.4943
vn 0.8086 -0.0557 0.5857
vn 0.8168 0.5158 0.2586
vn 0.6590 0.6671 0.3473
vn 0.6451 0.3490 0.6797
vn 0.5491 0.2741 0.7895
vn 0.7157 -0.0839 0.6933
vn 0.3097 0.2050 0.9285
vn 0.4734 0.0175 0.8807
vn 0.8764 0.4558 0.1555
vn 0.8346 -0.1983 0.5140
vn 0.9000 -0.1035 0.4235
vn 0.8767 0.4628 0.1311
vn 0.8613 0.4595 0.2169
vn 0.8163 0.5003 0.2888
vn 0.9118 -0.0191 0.4101
vn 0.8748 0.0146 0.4843
vn 0.7712 0.5548 0.3122
vn 0.7637 0.6015 0.2344
vn 0.8467 0.0027 0.5320
vn 0.8688 -0.0463 0.4930
vn 0.9599 -0.1460 0.2395
vn 0.7823 0.6201 -0.0596
vn 0.7757 0.6249 0.0880
vn 0.9165 -0.1146 0.3832
vn 0.9459 0.0777 0.3151
vn 0.9363 0.2599 0.2363
vn 0.9531 0.2968 0.0585
vn 0.9593 -0.0179 0.2818
vn 0.9514 0.3009 -0.0655
vn 0.9646 -0.1469 0.2191
vn 0.6612 -0.3514 0.6628
vn 0.7360 -0.3096 0.6020
vn 0.7045 -0.4155 0.5754
vn 0.6995 -0.3688 0.6121
vn 0.6623 -0.5253 0.5343
vn 0.6904 -0.4086 0.5969
vn 0.9202 0.3834 -0.0788
vn 0.9547 -0.1365 0.2645
vn 0.8771 0.4800 -0.0162
vn 0.9105 -0.0286 0.4126
vn 0.6112 -0.5707 0.5483
vn 0.6321 -0.4253 0.6478
vn 0.5740 -0.5510 0.6057
vn 0.6165 -0.4322 0.6582
vn 0.7701 -0.2190 0.5991
vn 0.7661 -0.2270 0.6013
vn 0.7495 -0.2065 0.6290
vn 0.7736 -0.2266 0.5918
vn 0.7733 -0.1790 0.6082
vn 0.8212 -0.2023 0.5336
vn 0.8715 0.4895 0.0297
vn 0.8757 0.0383 0.4813
vn 0.9285 0.3701 -0.0284
vn 0.9064 -0.0652 0.4174
vn 0.6884 -0.4544 0.5653
vn 0.7993 -0.1630 0.5784
vn 0.7875 -0.1574 0.5959
vn 0.6491 -0.4446 0.6173
vn 0.8202 -0.1314 0.5567
vn 0.8184 -0.1137 0.5633
vn 0.5771 -0.5177 0.6317
vn 0.5996 -0.5265 0.6027
vn 0.9758 0.1682 -0.1396
vn 0.9196 -0.2708 0.2846
vn 0.9899 -0.0186 -0.1408
vn 0.8514 -0.4616 0.2491
vn 0.9818 -0.1858 0.0382
vn 0.7465 -0.6085 0.2693
vn 0.9334 -0.2917 0.2088
vn 0.6912 -0.6877 0.2221
vn 0.6239 -0.5927 0.5094
vn 0.7188 -0.4790 0.5039
vn 0.6204 -0.6576 0.4274
vn 0.7138 -0.4906 0.4999
vn 0.8141 -0.1823 0.5514
vn 0.8294 -0.1112 0.5475
vn 0.8141 -0.1779 0.5528
vn 0.8161 -0.0814 0.5722
vn 0.6031 -0.7070 0.3693
vn 0.7059 -0.4981 0.5036
vn 0.5865 -0.7646 0.2674
vn 0.7158 -0.5470 0.4341
vn 0.8134 -0.1761 0.5544
vn 0.8086 -0.0958 0.5805
vn 0.8232 -0.2145 0.5257
vn 0.8292 -0.1468 0.5393
vn 0.5422 -0.8022 0.2499
vn 0.6830 -0.5990 0.4179
vn 0.6583 -0.7068 0.2590
vn 0.5854 -0.6729 0.4522
vn 0.4653 -0.8023 0.3739
vn 0.5988 -0.6193 0.5079
vn 0.8048 -0.2362 0.5445
vn 0.8247 -0.1193 0.5529
vn 0.7576 -0.2240 0.6131
vn 0.7899 -0.0486 0.6113
vn 0.7620 -0.2405 0.6013
vn 0.8171 -0.0528 0.5741
vn 0.5574 -0.6180 0.5544
vn 0.6146 -0.6062 0.5048
vn 0.8094 -0.2485 0.5320
vn 0.8448 -0.0870 0.5280
vn 0.6883 -0.5805 0.4350
vn 0.8418 -0.2579 0.4742
vn 0.8242 -0.2483 0.5089
vn 0.6510 -0.5992 0.4659
vn 0.8497 -0.1203 0.5133
vn 0.8685 -0.1202 0.4809
vn 0.8447 -0.2932 0.4477
vn 0.8839 -0.1016 0.4564
vn 0.7295 -0.5461 0.4118
vn 0.7732 -0.5336 0.3427
vn 0.8716 -0.3478 0.3454
vn 0.9257 -0.1639 0.3408
vn 0.3901 -0.1760 0.9038
vn 0.6672 -0.4041 0.6258
vn 0.5235 -0.6664 0.5309
vn 0.2952 -0.5108 0.8074
vn 0.5894 -0.6735 0.4461
vn 0.6799 -0.4960 0.5402
vn 0.5774 -0.5750 0.5796
vn 0.4872 -0.6725 0.5571
vn 0.4994 -0.6233 0.6018
vn 0.6697 -0.4793 0.5672
vn 0.7783 -0.3687 0.5082
vn 0.5871 -0.5967 0.5471
vn 0.6290 -0.5755 0.5227
vn 0.7877 -0.3219 0.5252
vn 0.7502 -0.3691 0.5486
vn 0.6116 -0.5973 0.5188
vn 0.5956 -0.6366 0.4899
vn 0.7229 -0.4638 0.5121
vn 0.6367 -0.5367 0.5538
vn 0.6996 -0.4687 0.5393
vn 0.8506 0.0188 0.5255
vn 0.8396 -0.0580 0.5401
vn 0.8827 0.1373 0.4495
vn 0.7749 -0.3779 0.5066
vn 0.7779 0.2412 0.5803
vn 0.7833 -0.1114 0.6116
vn 0.8127 -0.1420 0.5651
vn 0.8179 0.2093 0.5360
vn 0.8712 -0.1765 0.4580
vn 0.8808 0.1317 0.4547
vn 0.8238 -0.0999 0.5580
vn 0.7778 0.2142 0.5909
vn 0.8273 -0.1224 0.5483
vn 0.8458 0.1343 0.5164
vn 0.8554 -0.1314 0.5010
vn 0.8954 0.0790 0.4383
vn 0.8018 -0.0347 0.5966
vn 0.7592 0.2583 0.5974
vn 0.7865 -0.0322 0.6167
vn 0.7314 0.2961 0.6143
vn 0.8450 -0.1139 0.5225
vn 0.8606 0.1788 0.4769
vn 0.8571 -0.0742 0.5098
vn 0.8801 0.1756 0.4411
vn 0.8109 0.0478 0.5832
vn 0.8047 0.3050 0.5094
vn 0.8417 0.0594 0.5367
vn 0.8236 0.3207 0.4677
vn 0.8414 0.0413 0.5388
vn 0.8077 0.3510 0.4738
vn 0.8795 0.0244 0.4753
vn 0.8666 0.3350 0.3698
vn 0.8867 0.1116 0.4487
vn 0.8368 0.4000 0.3738
vn 0.8856 0.2103 0.4141
vn 0.8228 0.4546 0.3410
vn 0.9332 0.1673 0.3181
vn 0.8486 0.4330 0.3040
vn 0.4866 0.8702 0.0768
vn 0.8170 0.4728 0.3302
vn 0.7916 0.5055 0.3432
vn 0.4734 0.8772 0.0803
vn 0.8578 0.1254 0.4984
vn 0.8908 0.0574 0.4507
vn 0.6421 0.6268 0.4414
vn 0.3069 0.9418 0.1370
vn 0.6458 0.6356 0.4230
vn 0.2542 0.9548 0.1540
vn 0.7137 0.5905 0.3768
vn 0.2931 0.9419 0.1643
vn 0.5971 0.6388 0.4852
vn 0.2144 0.9445 0.2489
vn 0.7608 0.5096 0.4018
vn 0.4512 0.8728 0.1861
vn 0.8635 0.3899 0.3198
vn 0.6326 0.7672 0.1058
vn 0.6748 0.5763 0.4610
vn 0.4803 0.8608 0.1684
vn 0.5740 0.6561 0.4899
vn 0.2957 0.9301 0.2180
vn 0.7500 0.5527 0.3633
vn 0.4545 0.8832 0.1159
vn 0.7905 0.5233 0.3183
vn 0.4784 0.8757 0.0657
vn 0.6927 0.6325 0.3466
vn 0.3696 0.9250 0.0879
vn 0.6651 0.6710 0.3277
vn 0.3020 0.9471 0.1085
vn 0.6553 0.6947 0.2966
vn 0.3295 0.9403 0.0855
vn 0.6797 0.6884 0.2533
vn 0.3054 0.9431 0.1318
vn 0.6674 0.6903 0.2795
vn 0.3456 0.9253 0.1560
vn -0.4033 0.8558 -0.3240
vn -0.1802 0.9836 -0.0098
vn -0.0342 0.9842 -0.1740
vn -0.3450 0.8224 -0.4524
vn 0.3948 0.9052 0.1572
vn 0.1627 0.9322 0.3232
vn 0.0051 0.9730 -0.2309
vn -0.3628 0.7984 -0.4806
vn -0.0245 0.9700 -0.2421
vn -0.4125 0.7754 -0.4781
vn -0.1562 0.9686 -0.1933
vn -0.4890 0.7680 -0.4137
vn -0.2140 0.9645 -0.1546
vn -0.5189 0.7668 -0.3779
vn -0.1740 0.9733 -0.1496
vn -0.4964 0.7834 -0.3739
vn -0.1983 0.9743 -0.1069
vn -0.4916 0.7835 -0.3801
vn -0.0656 0.9858 -0.1549
vn -0.4384 0.7848 -0.4380
vn 0.0839 0.9692 -0.2316
vn -0.3898 0.7926 -0.4689
vn 0.0241 0.9738 -0.2261
vn -0.4237 0.7987 -0.4272
vn -0.1082 0.9806 -0.1637
vn -0.4559 0.7939 -0.4023
vn -0.0216 0.9761 -0.2164
vn -0.4252 0.7958 -0.4312
vn -0.0446 0.9769 -0.2088
vn -0.4827 0.8014 -0.3533
vn -0.1321 0.9812 -0.1410
vn -0.5493 0.7852 -0.2859
vn -0.1661 0.9814 -0.0959
vn -0.5987 0.7548 -0.2682
vn -0.1436 0.9854 -0.0914
vn -0.6271 0.7370 -0.2523
vn -0.1525 0.9882 -0.0165
vn -0.6321 0.7519 -0.1872
vn -0.1141 0.9933 0.0205
vn -0.6003 0.7940 -0.0960
vn -0.1045 0.9423 -0.3180
vn 0.0157 0.9404 -0.3398
vn 0.6190 0.7808 -0.0844
vn 0.4855 0.8718 -0.0657
vn 0.1147 0.9552 -0.2729
vn 0.7534 0.6573 0.0184
vn -0.0864 0.9507 0.2978
vn 0.0889 0.9959 0.0147
vn -0.0147 0.8191 0.5735
vn 0.4762 0.7838 0.3985
vn 0.1563 0.3685 0.9164
vn 0.3915 -0.1677 0.9048
vn 0.5347 -0.3083 0.7868
vn 0.5845 0.1721 0.7929
vn 0.6611 -0.4261 0.6176
vn 0.7979 -0.3318 0.5033
vn 0.7784 -0.3823 0.4979
vn 0.7059 -0.4152 0.5739
vn 0.8586 -0.2614 0.4409
vn 0.8974 0.1299 0.4216
vn 0.1866 0.9512 -0.2459
vn 0.5773 0.8159 0.0309
vn 0.8148 0.4902 0.3095
vn 0.9544 0.0860 0.2859
vn -0.1814 0.9043 -0.3865
vn -0.0930 0.9700 -0.2246
vn -0.2482 0.9471 -0.2036
vn -0.2957 0.9092 -0.2930
vn -0.0036 0.9997 0.0260
vn 0.0789 0.9966 -0.0217
vn -0.0790 0.9935 0.0824
vn -0.3634 0.9211 -0.1396
vn -0.3866 0.9021 -0.1917
vn -0.4026 0.9084 -0.1127
vn -0.4259 0.8949 -0.1332
vn -0.1075 0.9859 0.1284
vn -0.1451 0.9730 0.1796
vn -0.4394 0.8961 -0.0633
vn -0.4714 0.8808 -0.0445
vn -0.4924 0.8689 0.0499
vn -0.5429 0.8366 0.0736
vn -0.1929 0.9441 0.2672
vn -0.2074 0.9128 0.3519
vn -0.5048 0.8475 0.1640
vn -0.5911 0.7935 0.1445
vn -0.4024 0.9028 0.1515
vn -0.5214 0.8474 0.1004
vn -0.1510 0.9350 0.3208
vn -0.0786 0.9798 0.1841
vn -0.2531 0.9654 0.0622
vn -0.3916 0.9193 0.0390
vn -0.4615 0.8810 -0.1040
vn -0.4616 0.8858 0.0474
vn -0.6856 0.7032 0.1880
vn -0.7520 0.6590 0.0097
vn -0.5034 0.8412 0.1975
vn -0.7594 0.4117 0.5038
vn -0.9074 0.2266 0.3539
vn -0.9671 0.1911 0.1680
vn -0.3075 0.7207 0.6213
vn -0.5511 0.6304 0.5467
vn -0.2796 0.9489 0.1463
vn -0.0933 0.9781 0.1862
vn -0.1757 0.9671 -0.1840
vn -0.2626 0.9245 -0.2764
vn -0.0202 0.9780 -0.2076
vn 0.1607 0.9869 0.0109
vn 0.4887 0.8715 0.0402
vn 0.4408 0.8670 0.2325
vn -0.1379 0.9857 -0.0966
vn -0.1089 0.9926 -0.0538
vn -0.2175 0.9556 -0.1989
vn -0.2299 0.9572 -0.1757
vn 0.3119 -0.0462 0.9490
vn 0.3230 -0.0727 0.9436
vn 0.2938 -0.0859 0.9520
vn 0.2509 -0.1224 0.9602
vn 0.2973 -0.0121 0.9547
vn 0.2716 -0.0606 0.9605
vn 0.1897 0.0108 0.9818
vn 0.2656 0.0674 0.9617
vn 0.1228 0.0954 0.9878
vn 0.1948 -0.0538 0.9794
vn 0.1353 0.0826 0.9874
vn 0.1122 -0.2216 0.9687
vn 0.1093 0.9143 0.3901
vn 0.3048 0.3299 0.8935
vn 0.0942 0.8540 0.5116
vn 0.3785 0.1000 0.9202
vn 0.2268 0.9276 0.2969
vn 0.4064 0.8060 0.4303
vn 0.4514 0.6821 0.5753
vn 0.0649 0.9624 0.2638
vn 0.3702 0.8575 0.3573
vn 0.4180 0.8179 0.3954
vn 0.0370 0.9146 0.4026
vn 0.3561 0.4420 0.8233
vn 0.2448 -0.0186 0.9694
vn 0.3240 -0.1433 0.9351
vn 0.4135 0.1987 0.8886
vn 0.4347 0.2449 0.8666
vn 0.5926 0.7477 0.2997
vn 0.5163 0.7894 0.3322
vn 0.6458 0.7261 0.2361
vn 0.4785 0.3244 0.8159
vn 0.5396 0.1013 0.8358
vn 0.4921 0.1065 0.8640
vn 0.5333 0.7714 0.3473
vn 0.5622 0.7689 0.3044
vn 0.5555 0.3509 0.7539
vn 0.4818 0.8670 0.1271
vn 0.5633 0.6700 0.4835
vn 0.2984 0.9425 -0.1505
vn 0.4774 0.8640 0.1603
vn 0.2146 0.9113 -0.3515
vn 0.4765 0.8700 0.1265
vn 0.1636 0.9573 -0.2385
vn 0.5294 0.8274 0.1875
vn 0.2487 0.9636 -0.0985
vn 0.5134 0.8021 0.3051
vn 0.3519 0.9342 0.0588
vn 0.3651 0.9296 -0.0514
vn 0.1468 0.8918 -0.4279
vn 0.1367 0.9363 -0.3236
vn 0.2818 0.9527 0.1138
vn 0.1725 0.9849 -0.0158
vn 0.2301 0.9073 0.3519
vn 0.5147 0.8411 -0.1661
vn 0.3021 0.8867 -0.3500
vn 0.2229 0.8827 -0.4137
vn 0.4501 0.8824 -0.1369
vn 0.5034 0.8604 -0.0793
vn 0.4104 0.8815 -0.2335
vn 0.3413 0.9009 -0.2683
vn 0.5318 0.8362 -0.1343
vn 0.5598 0.7763 -0.2899
vn 0.5351 0.8093 -0.2422
vn 0.5010 0.8565 -0.1245
vn 0.5007 0.8396 -0.2107
vn 0.2639 0.9517 0.1569
vn 0.3394 0.9295 0.1442
vn 0.3749 0.8874 0.2683
vn 0.2804 0.9395 0.1969
vn 0.3221 0.8999 0.2941
vn 0.2374 0.9454 0.2232
vn 0.2075 0.9767 0.0556
vn 0.1869 0.9718 0.1438
vn 0.2895 0.9398 0.1817
vn 0.3316 0.9288 0.1654
vn 0.2466 0.9342 0.2578
vn 0.1676 0.9583 0.2313
vn 0.4505 0.8205 0.3519
vn 0.3324 0.9082 0.2544
vn 0.3467 0.9063 0.2419
vn 0.4417 0.8416 0.3109
vn 0.3381 0.8931 0.2967
vn 0.4417 0.8168 0.3711
vn 0.4651 0.8211 0.3310
vn 0.4079 0.8709 0.2742
vn 0.3648 0.8721 0.3261
vn 0.3329 0.8827 0.3316
vn 0.4432 0.8382 0.3177
vn 0.3532 0.8606 0.3670
vn 0.2413 0.9249 0.2937
vn 0.1502 0.9419 0.3003
vn 0.2455 0.9084 0.3386
vn 0.2686 0.8638 0.4262
vn 0.1219 0.9243 0.3616
vn 0.2399 0.9205 0.3085
vn 0.2325 0.8993 0.3704
vn 0.2924 0.8601 0.4180
vn 0.3646 0.8518 0.3761
vn 0.3776 0.8400 0.3896
vn 0.3921 0.7913 0.4691
vn 0.6780 0.6814 0.2755
vn 0.8647 0.4438 0.2352
vn 0.8286 0.3566 0.4316
vn 0.6105 0.6604 0.4372
vn 0.0843 0.8951 0.4378
vn 0.2389 0.8271 0.5087
vn 0.2345 0.7817 0.5779
vn 0.0488 0.8610 0.5063
vn 0.3913 0.7875 0.4762
vn 0.5833 0.6327 0.5093
vn 0.3995 0.7523 0.5238
vn 0.2973 0.8183 0.4920
vn 0.3511 0.7606 0.5461
vn 0.4151 0.6869 0.5966
vn 0.3221 0.7434 0.5862
vn 0.0713 0.8690 0.4896
vn 0.1098 0.9247 0.3645
vn 0.4146 0.7547 0.5084
vn 0.9540 0.2140 0.2099
vn 0.9738 0.0440 0.2230
vn 0.9508 0.0605 0.3040
vn 0.9051 0.1264 0.4060
vn 0.7084 0.5080 0.4900
vn 0.7961 0.4996 0.3416
vn 0.6734 0.6135 0.4125
vn 0.5361 0.6666 0.5179
vn 0.5478 0.5853 0.5977
vn 0.6740 0.5217 0.5230
vn 0.1235 0.9526 0.2781
vn 0.1032 0.7765 0.6215
vn 0.5535 0.7368 0.3883
vn 0.6218 0.5663 0.5409
vn 0.9329 -0.1191 0.3400
vn 0.8350 -0.2109 0.5083
vn 0.8759 0.1734 0.4502
vn 0.9451 0.1266 0.3014
vn 0.8475 0.3976 0.3517
vn 0.8629 0.1650 0.4777
vn 0.8255 0.5069 0.2482
vn 0.8268 0.3373 0.4502
vn 0.7981 0.5562 0.2317
vn 0.7426 0.5116 0.4323
vn 0.7586 0.5238 0.3876
vn 0.8789 0.0600 0.4733
vn 0.5371 0.6309 0.5599
vn 0.7686 0.1863 0.6120
vn 0.8838 0.1123 0.4541
vn 0.9210 0.0241 0.3888
vn 0.8131 -0.2705 0.5155
vn 0.7773 -0.0748 0.6246
vn 0.8161 -0.2927 0.4983
vn 0.8330 -0.2336 0.5015
vn 0.8035 -0.2071 0.5581
vn 0.7271 -0.4716 0.4989
vn 0.7440 -0.4519 0.4922
vn 0.7509 -0.3516 0.5591
vn 0.7824 -0.2444 0.5729
vn 0.7692 -0.2266 0.5975
vn 0.7161 -0.3074 0.6267
vn 0.7414 -0.4099 0.5313
vn 0.7656 -0.3081 0.5647
vn 0.6892 -0.5568 0.4637
vn 0.7029 -0.5258 0.4790
vn 0.8132 -0.1697 0.5568
vn 0.5813 0.2683 0.7682
vn 0.8628 0.4958 0.0991
vn 0.9785 -0.1715 0.1147
vn 0.6088 -0.0996 0.7870
vn 0.7565 0.5079 -0.4120
vn 0.9058 -0.1713 -0.3875
vn 0.8434 0.4645 -0.2700
vn 0.9539 -0.2766 -0.1161
vn 0.7526 -0.4538 0.4771
vn 0.6071 0.5412 0.5818
vn 0.9067 0.2280 0.3548
vn 0.5421 -0.3344 0.7709
vn 0.6495 0.6267 0.4305
vn 0.5986 0.6097 0.5195
vn 0.6340 -0.0386 0.7724
vn 0.5975 -0.1618 0.7854
vn 0.6977 0.6263 0.3478
vn 0.6974 0.6212 0.3574
vn 0.6419 0.0258 0.7663
vn 0.6348 0.0578 0.7705
vn 0.6550 0.6576 0.3723
vn 0.6234 0.0899 0.7767
vn 0.5658 0.7112 0.4172
vn 0.5923 0.1560 0.7905
vn 0.4272 0.7534 0.4998
vn 0.5037 0.2356 0.8311
vn 0.2999 0.6917 0.6570
vn 0.3857 0.1041 0.9167
vn 0.4243 -0.4336 0.7950
vn 0.4401 -0.3248 0.8371
vn 0.3999 -0.4042 0.8226
vn 0.4247 -0.5357 0.7298
vn 0.2685 -0.6144 0.7419
vn 0.3327 -0.4711 0.8169
vn 0.3762 -0.4701 0.7984
vn 0.3523 -0.5880 0.7281
vn 0.2670 -0.7414 0.6156
vn 0.3454 -0.5549 0.7568
vn 0.3302 -0.5021 0.7993
vn 0.2439 -0.6605 0.7101
vn 0.3781 -0.6348 0.6739
vn 0.3989 -0.7164 0.5724
vn 0.2812 -0.8190 0.5002
vn 0.2944 -0.8548 0.4273
vn 0.3509 -0.8616 0.3666
vn 0.4990 -0.8240 0.2685
vn 0.7226 -0.6882 -0.0650
vn 0.5212 -0.7758 0.3556
vn 0.8271 -0.5407 -0.1532
vn 0.8038 -0.5201 0.2887
vn 0.5766 -0.7744 0.2604
vn 0.5084 -0.7816 0.3615
vn 0.5247 -0.4930 0.6940
vn 0.4478 -0.7966 0.4061
vn 0.3204 -0.8282 0.4598
vn 0.2333 -0.5159 0.8243
vn 0.1248 -0.6377 0.7601
vn 0.1754 -0.8634 0.4731
vn 0.1758 -0.8770 0.4472
vn 0.2061 -0.8058 0.5552
vn 0.3198 -0.8562 0.4057
vn 0.2416 -0.8641 0.4415
vn 0.3073 -0.8081 0.5026
vn 0.4244 -0.8101 0.4045
vn 0.4348 -0.6851 0.5844
vn 0.3216 -0.6108 0.7235
vn 0.4749 -0.1557 0.8662
vn 0.5398 -0.5333 0.6513
vn 0.6227 -0.5288 0.5768
vn 0.8018 -0.0441 0.5960
vn 0.7247 0.6146 0.3117
vn 0.4146 0.6995 0.5820
vn 0.1177 0.9194 0.3753
vn 0.5527 0.5951 0.5834
vn 0.4815 0.7801 0.3996
vn 0.1212 0.8771 0.4647
vn 0.5377 0.7332 0.4164
vn 0.3259 0.4300 0.8420
vn 0.7841 0.2375 0.5734
vn 0.8427 0.1810 0.5071
vn 0.8830 -0.0637 0.4650
vn 0.8638 0.1459 0.4822
vn 0.8396 0.1608 0.5189
vn 0.7835 -0.1020 0.6130
vn 0.8031 0.0665 0.5921
vn 0.8550 0.2404 0.4596
vn 0.8684 0.3154 0.3826
vn 0.9031 0.2880 0.3186
vn 0.8527 0.2326 0.4678
vn 0.8446 0.4000 0.3559
vn 0.8793 0.4106 0.2415
vn 0.8848 0.4511 0.1165
vn 0.8263 0.5618 -0.0403
vn 0.8441 0.5175 -0.1405
vn 0.7831 0.5512 -0.2880
vn 0.7912 0.6069 0.0758
vn 0.7046 0.5906 -0.3934
vn 0.8713 0.4518 -0.1918
vn 0.7158 -0.5488 0.4318
vn 0.6228 -0.6545 0.4287
vn 0.6637 -0.6598 0.3523
vn 0.7274 -0.5911 0.3486
vn 0.8847 -0.2335 0.4034
vn 0.9652 -0.1111 0.2368
vn 0.9859 -0.1393 0.0932
vn 0.6644 -0.6943 0.2768
vn 0.9721 -0.2288 0.0518
vn 0.6263 -0.7461 0.2259
vn 0.8018 0.5909 -0.0889
vn 0.9740 -0.1641 0.1563
vn 0.9334 -0.2782 0.2266
vn 0.8239 0.5666 0.0082
vn 0.7423 -0.6133 0.2698
vn 0.6907 -0.6787 0.2497
vn 0.6255 -0.7509 0.2119
vn 0.5906 -0.7718 0.2354
vn 0.6235 -0.7302 0.2793
vn 0.6144 -0.7317 0.2952
vn 0.9269 0.3512 -0.1325
vn 0.9757 -0.2070 0.0718
vn 0.9657 -0.1539 0.2091
vn 0.9397 0.3314 0.0849
vn 0.9128 0.2372 0.3324
vn 0.6900 0.7227 0.0406
vn 0.7630 0.6440 0.0557
vn 0.9400 0.0042 0.3411
vn 0.4726 0.6631 0.5805
vn 0.5478 0.7724 0.3214
vn 0.2746 0.9601 0.0521
vn 0.3109 0.7837 0.5377
vn 0.2428 0.9686 -0.0534
vn 0.5756 0.7799 0.2458
vn 0.1375 0.9724 -0.1885
vn 0.2222 0.9725 -0.0704
vn 0.2745 0.9341 -0.2284
vn 0.2191 0.9587 -0.1812
vn 0.8111 -0.0067 0.5849
vn 0.6161 0.7532 0.2302
vn 0.4098 0.8482 0.3357
vn 0.7392 0.1631 0.6535
vn 0.0266 0.9873 -0.1565
vn -0.0507 0.9937 -0.0999
vn 0.0246 0.9965 -0.0793
vn -0.0271 0.9976 -0.0637
vn 0.1881 0.9789 0.0797
vn 0.1821 0.9759 0.1205
vn 0.5606 0.7508 0.3493
vn 0.5556 0.7389 0.3811
vn 0.7917 0.3390 0.5083
vn 0.4746 0.8527 0.2183
vn 0.7998 0.4212 0.4277
vn 0.5425 0.8170 0.1957
vn -0.0330 0.9803 -0.1949
vn -0.0016 0.9749 -0.2226
vn -0.0780 0.9767 -0.2001
vn -0.0626 0.9511 -0.3023
vn 0.2128 0.9770 0.0100
vn 0.3109 0.9425 -0.1227
vn 0.6322 0.7257 0.2715
vn 0.7152 0.6879 0.1239
vn 0.6973 0.4789 0.5333
vn 0.4502 0.4705 0.7589
vn 0.6913 0.2237 0.6871
vn 0.4129 0.3063 0.8577
vn 0.8714 0.1513 0.4667
vn 0.8107 0.4019 0.4257
vn 0.7857 0.3438 0.5143
vn 0.8563 0.0837 0.5097
vn 0.7957 0.0286 0.6050
vn 0.7567 0.3576 0.5473
vn 0.8157 0.3761 0.4395
vn 0.8335 0.0264 0.5518
vn 0.9081 0.0937 0.4082
vn 0.8618 0.4221 0.2812
vn 0.8457 0.4843 0.2243
vn 0.6936 0.7164 0.0749
vn 0.9253 0.1710 0.3384
vn 0.9188 0.2225 0.3260
vn 0.8145 0.5387 0.2152
vn 0.6563 0.7507 0.0759
vn 0.8314 -0.3071 0.4630
vn 0.8778 -0.2579 0.4038
vn 0.7370 -0.5777 0.3509
vn 0.7444 -0.5494 0.3796
vn 0.7265 -0.6064 0.3233
vn 0.9013 -0.1968 0.3860
vn 0.5415 0.6066 0.5821
vn -0.1994 0.9582 0.2052
vn -0.1838 0.9739 -0.1332
vn 0.3230 0.9229 0.2097
vn 0.5618 0.7567 0.3343
vn 0.2912 0.8645 0.4098
vn 0.6376 0.4593 0.6185
vn 0.6681 0.6519 0.3588
vn 0.5724 0.6356 0.5180
vn 0.5159 0.4729 0.7143
vn 0.3184 0.4871 0.8132
vn 0.3753 0.3874 0.8421
vn 0.4302 0.3627 0.8267
vn 0.4314 0.2226 0.8742
vn 0.5009 0.7545 0.4241
vn 0.4560 0.7594 0.4641
vn 0.6253 0.0387 0.7794
vn 0.6542 0.5517 0.5174
vn 0.8937 0.3039 0.3300
vn 0.8456 -0.0524 0.5312
vn 0.8737 -0.1176 0.4720
vn 0.9457 0.1395 0.2937
vn 0.9443 0.0025 0.3290
vn 0.8122 -0.1926 0.5507
vn 0.7895 -0.2747 0.5489
vn 0.8128 -0.3783 0.4430
vn 0.1111 0.9756 -0.1891
vn 0.2793 0.9563 -0.0860
vn 0.4069 0.9101 -0.0784
vn 0.3405 0.9400 -0.0215
vn 0.5061 0.8620 0.0271
vn 0.4331 0.9013 -0.0075
vn 0.5468 0.8372 -0.0045
vn 0.5277 0.8491 0.0248
vn 0.3814 0.9149 -0.1325
vn 0.4989 0.8666 0.0058
vn 0.6311 0.7605 0.1529
vn 0.7083 0.6372 0.3038
vn 0.5714 0.7711 0.2809
vn 0.5703 0.8009 0.1826
vn 0.4038 0.9106 0.0877
vn 0.4411 0.8542 0.2753
vn 0.3384 0.9328 -0.1238
vn 0.2001 0.9524 -0.2298
vn 0.1837 0.9425 -0.2793
vn 0.2296 0.9447 -0.2340
vn 0.3081 0.9492 0.0640
vn 0.3971 0.9121 0.1018
vn 0.4294 0.8379 0.3369
vn 0.5372 0.7524 0.3813
vn 0.3586 0.9136 -0.1919
vn 0.3165 0.8970 -0.3087
vn 0.5258 0.7797 -0.3401
vn 0.6256 0.7499 -0.2153
vn 0.7616 0.6153 0.2034
vn 0.7046 0.7085 -0.0398
vn 0.5572 0.8262 0.0827
vn 0.6517 0.6657 0.3635
vn 0.7819 0.6002 -0.1683
vn 0.5972 0.6884 -0.4117
vn 0.5866 0.7513 -0.3024
vn 0.7953 0.5967 -0.1071
vn 0.6478 0.7353 -0.1994
vn 0.5777 0.7545 -0.3116
vn 0.6901 0.6689 -0.2763
vn 0.7716 0.6322 -0.0706
vn -0.5867 0.6667 0.4596
vn -0.5425 0.5196 0.6600
vn -0.0984 0.6877 0.7193
vn -0.3084 0.7836 0.5394
vn -0.0500 0.6873 0.7247
vn -0.5406 0.5040 0.6736
vn 0.0225 0.6798 0.7331
vn 0.0021 0.6844 0.7291
vn -0.1427 0.8471 0.5119
vn 0.1659 0.6339 0.7554
vn 0.0704 0.7460 0.6622
vn -0.2137 0.7406 0.6370
vn -0.1302 0.6962 0.7060
vn -0.3614 0.9177 0.1652
vn -0.1905 0.9743 0.1202
vn -0.5665 0.8145 0.1251
vn -0.5687 0.6204 0.5401
vn -0.5506 0.5527 0.6256
vn -0.2270 0.9710 -0.0746
vn -0.0262 0.9244 0.3805
vn -0.2660 0.8978 0.3511
vn -0.3751 0.9270 0.0073
vn -0.5865 0.7469 0.3134
vn -0.5522 0.8337 0.0084
vn -0.5780 0.8030 0.1452
vn -0.4044 0.8987 0.1695
vn -0.2537 0.9658 0.0528
vn 0.1531 0.7881 0.5962
vn -0.1881 0.9798 0.0679
vn 0.2338 0.6274 0.7428
vn 0.2091 0.7614 0.6136
vn 0.1289 0.8569 0.4991
vn -0.1880 0.9779 0.0920
vn -0.2559 0.9662 0.0318
vn 0.0074 0.9104 0.4137
vn 0.0002 0.9021 0.4316
vn -0.2540 0.9626 -0.0942
vn -0.2674 0.9548 -0.1298
vn -0.0716 0.9319 0.3557
vn -0.0110 0.9611 0.2759
vn -0.2896 0.9530 -0.0891
vn 0.1447 0.8741 0.4637
vn -0.1707 0.9846 0.0380
vn 0.2503 0.7681 0.5893
vn 0.2468 0.8020 0.5439
vn 0.1155 0.9274 0.3558
vn -0.1823 0.9808 -0.0691
vn -0.0341 0.9839 -0.1757
vn 0.3859 0.8988 0.2077
vn -0.3329 0.8941 -0.2997
vn -0.3866 0.8772 -0.2846
vn -0.1013 0.9890 -0.1078
vn 0.4346 0.8272 0.3561
vn 0.0525 0.9831 0.1753
vn -0.2100 0.9575 -0.1979
vn 0.2556 0.8521 0.4568
vn 0.3112 0.8550 0.4149
vn -0.0542 0.9984 0.0155
vn -0.2604 0.9221 -0.2863
vn -0.1126 0.9801 0.1635
vn 0.0649 0.9141 0.4002
vn 0.0347 0.9294 0.3673
vn -0.2306 0.9725 0.0324
vn 0.2117 0.8619 0.4608
vn 0.2360 0.8747 0.4234
vn -0.2117 0.9773 -0.0009
vn 0.1333 0.9486 0.2870
vn 0.3820 0.8228 0.4208
vn 0.0144 0.9821 0.1881
vn 0.3465 0.8363 0.4249
vn 0.5774 0.6584 0.4828
vn 0.6419 0.5323 0.5519
vn 0.5501 0.6250 0.5538
vn -0.1465 0.9809 -0.1276
vn 0.3604 0.8663 0.3459
vn -0.3439 0.8925 -0.2919
vn 0.1203 0.7116 0.6922
vn 0.1284 0.6875 0.7147
vn 0.4132 0.6619 0.6254
vn 0.3027 0.7305 0.6121
vn 0.5241 0.6420 0.5596
vn 0.7642 0.3509 0.5412
vn 0.8401 0.1344 0.5255
vn 0.6890 0.4798 0.5432
vn 0.9173 0.1033 0.3846
vn 0.8363 0.0479 0.5462
vn 0.7554 0.4888 0.4364
vn 0.9079 0.3438 0.2398
vn 0.8835 0.2635 0.3873
vn 0.7155 0.3202 0.6209
vn 0.6652 0.3819 0.6416
vn 0.6578 0.4355 0.6146
vn 0.6539 0.4370 0.6176
vn 0.7030 0.3490 0.6196
vn 0.7672 0.3475 0.5390
vn 0.7879 0.1843 0.5876
vn 0.5347 0.7908 0.2978
vn 0.5921 0.7945 0.1346
vn 0.7174 0.6102 0.3361
vn 0.5627 0.6667 0.4888
vn 0.4829 0.5811 0.6551
vn 0.5877 0.4786 0.6523
vn 0.7024 0.3126 0.6395
vn 0.5756 0.5032 0.6446
vn 0.5650 0.6467 0.5124
vn 0.5407 0.5788 0.6104
vn 0.5111 0.5591 0.6529
vn 0.4640 0.6256 0.6271
vn -0.5593 0.3414 -0.7554
vn -0.5204 0.6068 -0.6009
vn -0.5341 0.5500 -0.6420
vn -0.6084 0.2684 -0.7469
vn -0.5780 0.5147 -0.6333
vn -0.6749 0.2373 -0.6987
vn -0.6352 0.5094 -0.5805
vn -0.7443 0.2413 -0.6227
vn -0.6697 0.5274 -0.5228
vn -0.7620 0.2563 -0.5947
vn -0.7438 0.2611 -0.6153
vn -0.7516 0.2625 -0.6051
vn -0.6774 0.5246 -0.5157
vn -0.6697 0.5252 -0.5250
vn -0.6647 0.5138 -0.5424
vn -0.7428 0.2599 -0.6170
vn -0.6464 0.5072 -0.5700
vn -0.7450 0.2712 -0.6095
vn -0.6365 0.5130 -0.5759
vn -0.7357 0.2755 -0.6187
vn -0.6644 0.5070 -0.5491
vn -0.7479 0.2619 -0.6099
vn -0.6820 0.4945 -0.5389
vn -0.7749 0.2430 -0.5835
vn -0.7028 0.4958 -0.5101
vn -0.8184 0.2330 -0.5253
vn -0.7585 0.4874 -0.4326
vn -0.8562 0.1923 -0.4795
vn -0.8083 0.4321 -0.4000
vn -0.8903 0.1389 -0.4337
vn -0.8504 0.3693 -0.3747
vn -0.9198 0.1486 -0.3631
vn -0.8736 0.3522 -0.3358
vn -0.9229 0.2482 -0.2943
vn -0.9279 0.2945 -0.2287
vn -0.9186 0.2873 -0.2712
vn -0.8799 0.3826 -0.2817
vn -0.8894 0.4113 -0.1996
vn -0.9366 0.2802 -0.2101
vn -0.9082 0.3366 -0.2486
vn -0.9293 0.0816 -0.3602
vn -0.9677 0.0330 -0.2497
vn -0.9221 0.3156 -0.2239
vn -0.9318 0.0408 -0.3608
vn -0.6261 0.5036 -0.5953
vn -0.6094 0.3735 -0.6994
vn -0.6053 0.2213 -0.7646
vn -0.6604 0.3074 -0.6851
vn -0.5628 0.2013 -0.8017
vn -0.5567 0.3284 -0.7631
vn -0.6484 0.6002 -0.4683
vn -0.6411 0.5780 -0.5049
vn -0.7286 0.3254 -0.6027
vn -0.7534 0.3258 -0.5712
vn -0.6278 0.6091 -0.4847
vn -0.6491 0.6028 -0.4640
vn -0.7428 0.3418 -0.5757
vn -0.7234 0.3675 -0.5845
vn -0.5969 0.5717 -0.5629
vn -0.6102 0.6025 -0.5144
vn -0.7189 0.3881 -0.5767
vn -0.7132 0.3913 -0.5816
vn -0.6059 0.5127 -0.6082
vn -0.5910 0.5337 -0.6049
vn -0.6974 0.3668 -0.6157
vn -0.7020 0.3473 -0.6218
vn -0.6521 0.5415 -0.5306
vn -0.6367 0.5167 -0.5724
vn -0.7299 0.3344 -0.5961
vn -0.7615 0.3243 -0.5612
vn -0.7762 0.3206 -0.5429
vn -0.6402 0.5951 -0.4858
vn -0.7852 0.3664 -0.4992
vn -0.6059 0.6226 -0.4952
vn -0.8578 0.3446 -0.3814
vn -0.6801 0.3815 -0.6260
vn -0.6136 0.5427 -0.5736
vn -0.8226 0.3785 -0.4244
vn -0.9177 0.2100 -0.3373
vn -0.7270 0.2152 -0.6520
vn -0.9333 -0.0173 -0.3588
vn -0.6956 0.0878 -0.7130
vn -0.5516 0.5916 -0.5880
vn -0.4607 0.6004 -0.6536
vn -0.5995 0.6223 -0.5034
vn -0.4974 0.7595 -0.4191
vn -0.4396 0.7451 -0.5016
vn -0.3631 0.7359 -0.5715
vn -0.6051 0.6674 -0.4341
vn -0.5822 0.7079 -0.3999
vn -0.4673 0.8330 -0.2963
vn -0.5039 0.7970 -0.3329
vn -0.5655 0.7172 -0.4071
vn -0.5453 0.7106 -0.4447
vn -0.4195 0.8331 -0.3605
vn -0.4323 0.8413 -0.3245
vn -0.5116 0.6987 -0.5001
vn -0.4815 0.6728 -0.5617
vn -0.3481 0.8019 -0.4855
vn -0.3936 0.8273 -0.4008
vn 0.2016 0.9738 -0.1050
vn 0.2125 0.9570 -0.1975
vn -0.1625 0.9083 -0.3855
vn -0.2489 0.9231 -0.2931
vn -0.1577 0.8697 -0.4678
vn 0.1210 0.9505 -0.2861
vn 0.1885 0.9820 0.0093
vn -0.2774 0.9415 -0.1915
vn -0.2537 0.9548 -0.1552
vn 0.1901 0.9812 0.0324
vn 0.1828 0.9804 -0.0734
vn -0.2080 0.9553 -0.2100
vn -0.2092 0.9303 -0.3013
vn 0.1744 0.9619 -0.2105
vn -0.4206 0.8294 -0.3678
vn -0.4414 0.8484 -0.2921
vn -0.1719 0.9640 -0.2026
vn -0.2225 0.9323 -0.2853
vn 0.0289 0.9895 -0.1413
vn -0.0470 0.9822 -0.1821
vn -0.3591 0.8920 -0.2745
vn -0.1378 0.9773 -0.1606
vn -0.4470 0.8357 -0.3190
vn -0.4020 0.8964 -0.1868
vn -0.4881 0.8479 -0.2070
vn -0.0934 0.9911 -0.0950
vn -0.0052 0.9992 0.0387
vn -0.3764 0.9240 -0.0670
vn -0.5220 0.8462 -0.1067
vn -0.3372 0.9413 -0.0161
vn -0.5349 0.8431 -0.0548
vn 0.0469 0.9964 0.0711
vn 0.1708 0.9842 0.0466
vn -0.1563 0.9872 -0.0302
vn -0.5174 0.8452 -0.1341
vn 0.0372 0.9815 -0.1877
vn -0.4284 0.8311 -0.3547
vn 0.2985 0.9501 -0.0905
vn 0.3969 0.8915 -0.2184
vn 0.1766 0.9207 -0.3479
vn -0.3077 0.7657 -0.5648
vn 0.2344 0.8577 -0.4577
vn -0.2077 0.6876 -0.6957
vn 0.4262 0.8576 -0.2880
vn 0.3956 0.8475 -0.3539
vn 0.2211 0.8097 -0.5435
vn -0.1615 0.6236 -0.7649
vn 0.1487 0.7665 -0.6248
vn -0.1734 0.5847 -0.7925
vn 0.3466 0.8374 -0.4226
vn 0.3248 0.8337 -0.4465
vn 0.0909 0.7704 -0.6311
vn -0.1944 0.6186 -0.7613
vn 0.0866 0.8391 -0.5370
vn -0.2458 0.6904 -0.6804
vn -0.2232 0.6588 -0.7184
vn 0.0790 0.8029 -0.5908
vn 0.3276 0.8445 -0.4236
vn 0.3121 0.8670 -0.3886
vn 0.0706 0.8669 -0.4935
vn -0.2750 0.7093 -0.6491
vn 0.2694 0.8927 -0.3612
vn 0.2481 0.8938 -0.3737
vn 0.0679 0.8548 -0.5145
vn -0.2587 0.6963 -0.6695
vn -0.1208 0.5522 -0.8249
vn -0.2114 0.6410 -0.7378
vn 0.1117 0.8035 -0.5847
vn 0.2140 0.7236 -0.6562
vn 0.3004 0.8449 -0.4426
vn 0.4115 0.7593 -0.5041
vn 0.2860 0.6598 -0.6948
vn -0.0317 0.4813 -0.8760
vn 0.5069 0.7055 -0.4953
vn 0.5438 0.7140 -0.4410
vn 0.2578 0.6603 -0.7054
vn -0.0397 0.4943 -0.8684
vn 0.1762 0.9802 -0.0903
vn 0.2669 0.9627 -0.0451
vn 0.1912 0.9812 -0.0270
vn 0.0852 0.9934 -0.0771
vn 0.3554 0.9324 0.0663
vn 0.2736 0.9565 0.1014
vn 0.4224 0.9059 0.0288
vn 0.4563 0.8787 0.1400
vn 0.4125 0.8982 0.1517
vn 0.4754 0.8706 0.1270
vn 0.4569 0.8809 0.1238
vn 0.3483 0.9331 0.0894
vn 0.3142 0.9392 0.1385
vn 0.5041 0.8632 0.0289
vn 0.5277 0.8488 0.0325
vn 0.5009 0.8640 -0.0505
vn 0.5440 0.8358 -0.0741
vn 0.4627 0.8703 -0.1688
vn 0.4094 0.9115 -0.0406
vn 0.4878 0.8545 -0.1788
vn 0.4433 0.8584 -0.2580
vn 0.4647 0.8555 -0.2284
vn 0.5139 0.8448 -0.1490
vn 0.4390 0.8497 -0.2920
vn 0.4651 0.8277 -0.3141
vn 0.5061 0.8369 -0.2085
vn 0.5265 0.8157 -0.2398
vn 0.5439 0.8053 -0.2360
vn 0.4792 0.8438 -0.2417
vn 0.4874 0.8227 -0.2925
vn 0.5419 0.7974 -0.2654
vn 0.5525 0.8269 -0.1051
vn 0.4413 0.8766 -0.1917
vn 0.4529 0.8682 -0.2027
vn 0.5469 0.8196 -0.1705
vn 0.6179 0.7590 -0.2052
vn 0.5666 0.7448 -0.3525
vn 0.4815 0.8415 -0.2450
vn 0.5704 0.8159 -0.0945
vn 0.0575 0.9696 -0.2379
vn -0.1131 0.9674 -0.2264
vn -0.4520 0.6533 -0.6074
vn 0.2147 0.9655 -0.1475
vn -0.0643 0.8935 -0.4445
vn 0.0997 0.9885 -0.1135
vn 0.0692 0.9889 -0.1316
vn 0.0622 0.9920 -0.1100
vn 0.0898 0.9882 -0.1243
vn 0.3343 0.9402 -0.0659
vn 0.5241 -0.3670 0.7685
vn 0.5561 -0.5272 0.6425
vn 0.4719 -0.3517 0.8085
vn 0.4731 -0.5728 0.6694
vn 0.5284 -0.3477 0.7745
vn 0.5439 -0.4065 0.7341
vn 0.6847 0.0412 0.7276
vn 0.7446 -0.2077 0.6343
vn 0.6272 -0.3909 0.6737
vn 0.4428 -0.3358 0.8314
vn 0.6669 -0.5179 0.5358
vn 0.6081 -0.6660 0.4321
vn 0.5818 -0.6160 0.5311
vn 0.6365 -0.3396 0.6925
vn 0.4223 -0.6907 0.5870
vn 0.3504 -0.6501 0.6743
vn 0.5001 -0.6737 0.5441
vn 0.4353 -0.7466 0.5031
vn 0.5269 -0.7234 0.4462
vn 0.5518 -0.6380 0.5371
vn 0.6171 0.1129 0.7787
vn 0.3654 -0.4067 0.8373
vn 0.3147 -0.4679 0.8258
vn 0.6495 -0.0921 0.7548
vn 0.6819 -0.5616 0.4687
vn 0.6706 -0.4922 0.5550
vn 0.7444 -0.3790 0.5498
vn 0.6802 -0.2764 0.6789
vn 0.3808 -0.3011 0.8743
vn 0.2364 -0.4693 0.8508
vn 0.2504 -0.5795 0.7756
vn 0.3975 -0.5040 0.7668
vn 0.5763 -0.4271 0.6967
vn 0.5645 -0.2275 0.7935
vn 0.7646 -0.0593 0.6418
vn 0.6301 0.3667 0.6845
vn 0.6288 0.0407 0.7765
vn 0.4876 0.4073 0.7723
vn 0.2446 -0.0429 0.9687
vn 0.4165 0.1076 0.9028
vn 0.6317 -0.2122 0.7456
vn 0.3124 -0.3667 0.8763
vn 0.2449 -0.2405 0.9392
vn 0.3599 -0.0426 0.9320
vn 0.2995 0.2664 0.9162
vn 0.2163 0.0895 0.9722
vn 0.5041 0.0555 0.8619
vn 0.3979 0.3700 0.8395
vn -0.0590 0.2973 0.9529
vn -0.4189 0.3804 0.8245
vn -0.0801 0.3767 0.9229
vn -0.4917 0.5686 0.6595
vn -0.7419 0.3049 0.5972
vn -0.6190 0.3032 0.7245
vn 0.3588 0.7045 0.6123
vn 0.2968 0.6947 0.6552
vn 0.0652 0.9223 0.3809
vn -0.0546 0.8968 0.4390
vn -0.2749 0.8631 0.4236
vn -0.2561 0.8385 0.4809
vn 0.0057 0.5675 0.8234
vn 0.0560 0.6640 0.7457
vn 0.1646 0.6749 0.7193
vn -0.3036 0.8092 0.5031
vn -0.8960 0.1879 0.4023
vn -0.7465 0.5658 0.3501
vn -0.8880 0.4490 0.0990
vn -0.9727 0.0957 0.2114
vn -0.5623 0.8201 -0.1062
vn -0.3678 0.9138 0.1721
vn -0.2158 0.9738 0.0722
vn -0.4239 0.8792 -0.2177
vn -0.4313 0.8910 0.1419
vn -0.6019 0.7946 -0.0798
vn -0.4650 0.8731 0.1464
vn -0.5632 0.8256 -0.0353
vn -0.5984 0.7483 0.2862
vn -0.6993 0.7137 0.0405
vn -0.5859 0.8060 -0.0842
vn -0.8651 0.5016 0.0029
vn -0.8696 0.4671 -0.1602
vn -0.4799 0.8623 -0.1618
vn -0.9844 0.1599 0.0739
vn -0.9737 0.1991 -0.1107
vn -0.6424 0.4267 -0.6366
vn -0.6402 0.6581 -0.3963
vn -0.5415 0.6657 -0.5135
vn -0.5683 0.3899 -0.7246
vn -0.9925 0.0583 0.1075
vn -0.9623 0.2680 -0.0453
vn -0.8142 0.3137 -0.4886
vn -0.5376 0.6765 -0.5034
vn -0.8758 0.3232 -0.3584
vn -0.7519 0.4259 -0.5032
vn -0.7380 0.2755 -0.6160
vn -0.0294 0.9791 -0.2012
vn -0.1336 0.9435 -0.3033
vn -0.5723 0.1963 -0.7962
vn -0.6118 0.2558 -0.7485
vn -0.4811 0.4226 -0.7680
vn -0.6903 0.4553 -0.5623
vn -0.6841 0.2728 -0.6765
vn -0.2801 0.7363 -0.6160
vn -0.7135 0.6371 -0.2916
vn -0.6957 0.6656 -0.2701
vn -0.7956 0.5631 -0.2237
vn -0.0108 0.9952 -0.0968
vn -0.2708 0.9623 -0.0240
vn -0.0583 0.9982 -0.0154
vn -0.0983 0.9951 -0.0104
vn -0.2364 0.9710 -0.0367
vn -0.5061 0.8532 -0.1263
vn -0.4762 0.8487 -0.2300
vn -0.1710 0.9809 -0.0929
vn -0.1486 0.9184 -0.3668
vn -0.1629 0.9589 -0.2325
vn 0.1567 0.9876 0.0055
vn 0.0532 0.9774 -0.2045
vn -0.2190 0.9696 -0.1095
vn 0.2562 0.9639 0.0721
vn -0.2552 0.9665 -0.0273
vn 0.2820 0.9550 0.0923
vn -0.3244 0.9417 0.0896
vn 0.1506 0.9857 0.0751
vn -0.4990 0.8503 0.1675
vn -0.4213 0.8907 0.1709
vn -0.2847 0.9459 0.1555
vn -0.3822 0.9235 -0.0327
vn -0.4914 0.8658 0.0941
vn -0.4152 0.9043 -0.0988
vn -0.4213 0.8999 -0.1125
vn -0.3011 0.9488 -0.0957
vn 0.0596 0.9969 0.0516
vn 0.1160 0.9922 -0.0455
vn -0.1080 0.9916 0.0712
vn 0.1148 0.9871 0.1112
vn -0.0623 0.9894 -0.1314
vn 0.3570 0.9341 0.0039
vn -0.0027 0.9981 -0.0609
vn 0.2281 0.9736 -0.0082
vn -0.4672 0.8409 -0.2733
vn 0.2970 0.9548 0.0144
vn 0.2368 0.9656 -0.1073
vn -0.3827 0.8066 -0.4505
vn -0.0252 0.9933 0.1128
vn -0.5589 0.8292 0.0049
vn -0.5104 0.8511 -0.1229
vn -0.1275 0.9918 0.0047
vn 0.2957 0.5998 0.7435
vn 0.0313 0.7470 0.6641
vn -0.0472 0.7869 0.6152
vn 0.0912 0.5422 0.8353
vn -0.5664 0.6008 0.5641
vn -0.4140 0.2159 0.8843
vn 0.7037 0.1701 0.6898
vn 0.4356 0.5792 0.6891
vn 0.1641 0.6809 0.7137
vn 0.4724 0.4324 0.7680
vn 0.7769 0.3674 0.5113
vn 0.8672 -0.1032 0.4872
vn 0.9177 -0.2077 0.3387
vn 0.9286 0.2134 0.3035
vn 0.8363 0.3588 0.4146
vn 0.8496 -0.0197 0.5271
vn 0.6380 0.2102 0.7408
vn 0.6000 0.4995 0.6249
vn 0.4618 0.5950 0.6578
vn 0.5637 0.3422 0.7518
vn 0.6320 0.3569 0.6879
vn 0.4289 0.6452 0.6323
vn 0.5267 0.5881 0.6138
vn 0.7623 0.2498 0.5971
vn 0.8503 0.1329 0.5092
vn 0.7053 0.4722 0.5288
vn 0.8027 0.4054 0.4373
vn 0.8354 0.1403 0.5314
vn 0.7236 0.2277 0.6516
vn 0.7186 0.5200 0.4618
vn 0.5840 0.3165 0.7475
vn 0.5641 0.6865 0.4588
vn 0.4903 0.7555 0.4345
vn 0.5459 0.3369 0.7671
vn 0.5061 0.7256 0.4663
vn 0.5831 0.6555 0.4799
vn 0.5424 0.3152 0.7788
vn 0.5774 0.2737 0.7692
vn 0.6662 0.5994 0.4438
vn 0.6311 0.2601 0.7308
vn 0.7499 0.5870 0.3050
vn 0.7109 0.2648 0.6516
vn 0.7799 0.6216 0.0732
vn 0.7074 0.7036 -0.0677
vn 0.8063 0.2647 0.5290
vn 0.8425 0.3701 0.3915
vn 0.6153 -0.3341 0.7140
vn 0.6725 -0.2716 0.6884
vn 0.5307 -0.7433 0.4073
vn 0.4815 -0.7546 0.4458
vn 0.6477 -0.6373 0.4175
vn 0.7622 -0.2588 0.5933
vn 0.8346 -0.2713 0.4795
vn 0.7523 -0.4973 0.4321
vn 0.8011 -0.3743 0.4670
vn 0.8586 -0.2286 0.4589
vn 0.8212 -0.1499 0.5506
vn 0.7734 -0.3076 0.5542
vn 0.6820 -0.2889 0.6719
vn 0.7053 -0.1143 0.6996
vn 0.5565 -0.1331 0.8201
vn 0.5474 -0.2948 0.7832
vn 0.4655 -0.1498 0.8723
vn 0.4277 -0.3174 0.8464
vn 0.4214 -0.1470 0.8949
vn 0.4236 -0.1949 0.8846
vn 0.3535 -0.3847 0.8527
vn 0.3225 -0.5051 0.8005
vn 0.4126 -0.2712 0.8696
vn 0.3833 -0.3822 0.8408
vn 0.2600 -0.6249 0.7361
vn 0.1607 -0.7000 0.6959
vn 0.3847 -0.4723 0.7930
vn 0.4562 -0.4259 0.7813
vn 0.0878 -0.7251 0.6830
vn 0.0890 -0.6993 0.7092
vn 0.3438 0.9281 -0.1428
vn 0.3727 0.9227 -0.0989
vn 0.1337 0.9644 -0.2280
vn 0.0212 0.9618 -0.2730
vn 0.9178 -0.1818 0.3530
vn 0.9384 0.2009 0.2812
vn 0.7299 -0.6158 0.2966
vn 0.7799 -0.5998 0.1787
vn 0.9481 -0.2721 0.1648
vn 0.9863 0.1590 0.0432
vn 0.6815 0.7199 -0.1313
vn 0.6440 0.7633 0.0518
vn 0.8247 0.5354 0.1823
vn 0.8668 0.4899 -0.0928
vn 0.6862 0.7230 0.0797
vn 0.2253 0.9626 -0.1507
vn 0.1251 0.9341 -0.3344
vn 0.2621 0.7302 -0.6310
vn 0.0124 0.6120 -0.7908
vn 0.1026 0.8806 -0.4626
vn 0.4240 0.8866 -0.1848
vn 0.4411 0.7652 -0.4690
vn 0.1273 -0.3317 -0.9347
vn 0.0655 0.2042 -0.9767
vn 0.6271 0.4611 -0.6278
vn 0.8106 -0.0173 -0.5854
vn 0.7332 -0.6021 -0.3162
vn 0.4743 -0.8778 -0.0676
vn 0.0584 -0.7971 -0.6010
vn 0.0473 -0.9539 -0.2962
vn 0.8515 -0.5005 0.1561
vn 0.6264 -0.7517 0.2062
vn 0.9890 0.1356 0.0593
vn 0.8979 0.0710 -0.4345
vn 0.7766 -0.6049 -0.1759
vn 0.4655 -0.8819 -0.0749
vn 0.6567 0.6963 -0.2897
vn 0.4814 0.6333 -0.6059
vn 0.5112 0.8034 -0.3053
vn 0.2580 0.8532 -0.4533
vn 0.5269 0.8249 -0.2047
vn 0.3378 0.8994 -0.2773
vn 0.6072 0.7915 -0.0693
vn 0.5342 0.8431 -0.0619
vn 0.6697 0.7421 0.0286
vn 0.6667 0.7346 0.1264
vn 0.7945 0.5344 0.2883
vn 0.7880 0.4722 0.3951
vn 0.6399 -0.2026 0.7413
vn 0.2104 -0.6186 0.7570
vn 0.2995 -0.5686 0.7662
vn 0.6766 -0.1452 0.7219
vn 0.7182 -0.4111 0.5614
vn 0.9159 0.2671 0.2996
vn 0.3813 -0.7105 0.5915
vn 0.3260 -0.9358 0.1339
vn 0.6081 -0.7910 -0.0669
vn 0.9524 -0.2151 -0.2161
vn 0.7661 0.6261 -0.1450
vn 0.5431 0.7172 -0.4367
vn 0.7234 -0.0615 -0.6876
vn 0.4220 0.0502 -0.9052
vn 0.3931 -0.7178 -0.5747
vn 0.1475 -0.5813 -0.8002
vn 0.1496 -0.9391 -0.3093
vn 0.0067 -0.8152 -0.5791
vn 0.2525 0.7378 -0.6260
vn 0.0833 0.1159 -0.9898
vn -0.1560 0.1484 -0.9765
vn 0.0497 0.6813 -0.7304
vn 0.2159 -0.7665 0.6048
vn 0.0962 -0.9562 0.2765
vn 0.1881 -0.6640 0.7237
vn -0.0152 -0.8989 0.4379
vn -0.1268 -0.4953 -0.8594
vn -0.2768 -0.3957 -0.8757
vn -0.1941 -0.8084 -0.5558
vn -0.3187 -0.7708 -0.5516
vn -0.0894 -0.9798 -0.1791
vn -0.2573 -0.9598 -0.1123
vn 0.8836 -0.3025 0.3574
vn 0.9125 0.1071 0.3948
vn 0.7957 0.1648 0.5829
vn 0.7823 -0.2466 0.5720
vn 0.4077 -0.7771 0.4794
vn 0.5467 -0.6054 0.5785
vn 0.5559 -0.5997 0.5756
vn 0.4309 -0.7713 0.4684
vn 0.6031 -0.6254 0.4952
vn 0.5188 -0.7478 0.4143
vn 0.4791 -0.7673 0.4262
vn 0.5890 -0.6106 0.5294
vn -0.0305 0.9937 0.1081
vn 0.6231 0.7075 0.3335
vn 0.5019 0.6854 0.5276
vn -0.0248 0.9709 0.2383
vn 0.6968 -0.2041 0.6876
vn 0.6984 0.2144 0.6828
vn 0.7124 0.3176 0.6258
vn 0.7182 -0.2288 0.6571
vn 0.7516 -0.2544 0.6086
vn 0.7502 0.3814 0.5401
vn 0.8277 0.3357 0.4497
vn 0.7951 -0.2574 0.5492
vn 0.0510 0.9691 0.2413
vn 0.3843 0.7378 0.5549
vn 0.3690 0.8448 0.3875
vn 0.1887 0.9689 0.1601
vn -0.0177 0.9996 0.0203
vn 0.1150 0.9906 0.0735
vn 0.4082 0.9129 0.0023
vn 0.5105 0.8585 0.0488
vn 0.3995 0.8956 0.1955
vn 0.5477 0.8345 0.0596
vn 0.2789 0.9602 0.0152
vn 0.3406 0.9232 -0.1782
vn 0.9419 -0.1664 0.2918
vn 0.8200 0.5649 0.0918
vn 0.8171 0.5577 0.1458
vn 0.9282 -0.0164 0.3718
vn 0.2673 0.9607 0.0745
vn 0.3932 0.9152 0.0885
vn 0.5844 0.8090 0.0634
vn 0.6290 0.7732 0.0806
vn 0.4561 0.8899 -0.0056
vn 0.4533 0.8749 -0.1707
vn 0.6582 0.7528 0.0088
vn 0.6755 0.7229 -0.1455
vn 0.6099 -0.6789 0.4087
vn 0.6245 -0.6863 0.3728
vn 0.6551 -0.4753 0.5873
vn 0.6507 -0.5888 0.4795
vn 0.8034 0.5729 0.1622
vn 0.7869 0.6010 0.1401
vn 0.9313 0.1330 0.3390
vn 0.9291 0.2416 0.2799
vn 0.9558 0.2898 0.0490
vn 0.7983 0.6020 0.0176
vn 0.8199 0.5492 -0.1616
vn 0.9464 0.2685 -0.1795
vn 0.8934 -0.0224 0.4488
vn 0.7540 0.1480 0.6400
vn 0.8422 0.3673 0.3947
vn 0.7240 0.3350 0.6030
vn 0.7580 -0.4440 0.4778
vn 0.7282 -0.2992 0.6167
vn 0.8654 -0.1955 0.4614
vn 0.8760 -0.3151 0.3653
vn 0.9807 -0.1648 0.1052
vn 0.9901 0.0870 -0.1099
vn 0.9749 0.0314 0.2205
vn 0.9061 0.4205 0.0460
vn 0.7475 0.2335 0.6219
vn 0.8226 0.3145 0.4738
vn 0.7319 0.3251 0.5988
vn 0.7910 0.3726 0.4852
vn 0.8509 0.4326 0.2979
vn 0.7828 0.5953 0.1811
vn 0.8219 0.4360 0.3666
vn 0.8062 0.5237 0.2751
vn 0.2566 0.8923 0.3715
vn 0.2373 0.7752 0.5855
vn 0.2625 0.9634 0.0551
vn 0.6736 0.6306 0.3856
vn 0.6320 0.5284 0.5669
vn 0.6309 0.2754 0.7253
vn 0.7288 0.6715 0.1340
vn 0.2775 0.9460 -0.1677
vn 0.3528 0.9232 -0.1522
vn 0.7362 0.6627 -0.1375
vn 0.8852 0.4202 0.1995
vn 0.8821 0.2982 0.3647
vn 0.8539 0.5182 -0.0477
vn 0.6710 0.7353 0.0951
vn 0.7277 0.6262 0.2798
vn 0.7584 0.4934 0.4258
vn 0.3733 0.9266 -0.0455
vn 0.3081 0.9511 0.0238
vn 0.6139 0.7632 -0.2015
vn 0.6904 0.6707 -0.2711
vn 0.2582 0.9611 0.0985
vn 0.4414 0.8777 0.1864
vn 0.8045 0.5382 -0.2512
vn 0.7572 0.5535 -0.3467
vn 0.5812 0.7866 -0.2085
vn 0.6241 0.7765 -0.0867
vn 0.5526 0.8329 -0.0314
vn 0.6846 0.7237 -0.0866
vn 0.5121 0.7942 0.3272
vn 0.3612 0.9039 0.2291
vn 0.6983 0.6226 -0.3533
vn 0.6008 0.7444 -0.2913
vn 0.4257 0.8738 -0.2350
vn 0.5231 0.8110 -0.2621
vn 0.2202 0.9744 0.0463
vn 0.3886 0.9106 -0.1405
vn 0.1556 0.9855 -0.0679
vn 0.2843 0.9382 -0.1972
vn 0.1783 0.8646 0.4698
vn 0.1519 0.8090 0.5678
vn 0.5099 0.6112 0.6053
vn 0.5355 0.7006 0.4716
vn 0.4506 0.5858 0.6736
vn 0.1385 0.7729 0.6192
vn 0.6824 0.3583 0.6372
vn 0.7392 0.3877 0.5507
vn 0.2010 0.9545 0.2205
vn 0.2024 0.9202 0.3351
vn 0.5145 0.7976 0.3148
vn 0.4629 0.8696 0.1717
vn 0.1265 0.9863 0.1055
vn 0.1776 0.9750 0.1338
vn 0.4123 0.9095 0.0541
vn 0.3720 0.9279 -0.0256
vn 0.0553 0.9926 0.1078
vn 0.3116 0.9464 -0.0850
vn 0.2170 0.9714 -0.0965
vn 0.0138 0.9886 0.1502
vn -0.3089 0.8952 0.3212
vn -0.2971 0.8879 0.3512
vn -0.5918 0.7946 0.1358
vn -0.5721 0.8135 0.1045
vn -0.2515 0.8810 0.4006
vn -0.5326 0.8365 0.1291
vn -0.2827 0.9121 0.2970
vn -0.2548 0.9282 0.2712
vn -0.6044 0.7664 0.2174
vn -0.5979 0.7792 0.1880
vn -0.2709 0.9321 0.2405
vn -0.3058 0.9079 0.2868
vn -0.6163 0.7034 0.3541
vn -0.6040 0.7533 0.2603
vn -0.2563 0.7969 0.5471
vn -0.3369 0.8646 0.3729
vn -0.4513 0.5179 0.7267
vn -0.5906 0.6341 0.4992
vn -0.0836 0.7113 0.6979
vn -0.2897 0.3142 0.9041
vn 0.0860 0.9720 0.2188
vn 0.2103 0.9196 0.3319
vn 0.1122 0.5106 0.8525
vn -0.0852 0.0356 0.9957
vn 0.3346 0.1810 0.9248
vn 0.1922 -0.2549 0.9477
vn 0.3441 0.7695 0.5380
vn 0.5003 0.5504 0.6684
vn 0.5734 -0.0737 0.8159
vn 0.4934 -0.4099 0.7671
vn 0.5811 0.4595 0.6717
vn 0.8492 -0.1325 0.5112
vn 0.7533 -0.1518 0.6399
vn 0.5981 0.4484 0.6642
vn 0.8470 -0.3919 0.3592
vn 0.7168 -0.4200 0.5566
vn 0.8697 -0.1067 0.4819
vn 0.8961 -0.3494 0.2735
vn 0.5583 0.4227 0.7139
vn 0.6475 0.3022 0.6996
vn 0.8929 -0.0937 0.4404
vn 0.9411 -0.2355 0.2427
vn 0.9259 0.1143 0.3600
vn 0.7706 0.5754 0.2741
vn 0.8288 0.5549 0.0719
vn 0.9881 0.0623 0.1407
vn 0.7471 0.2646 0.6098
vn 0.6700 0.5208 0.5290
vn 0.3942 0.8882 0.2361
vn -0.0088 0.9860 0.1664
vn 0.3086 0.8252 0.4731
vn -0.0199 0.9380 0.3462
vn 0.0120 0.9997 -0.0210
vn 0.4331 0.9011 0.0195
vn -0.3084 0.8913 0.3324
vn -0.3691 0.9211 0.1241
vn -0.3675 0.8195 0.4398
vn -0.5088 0.8468 0.1549
vn -0.3604 0.9313 -0.0535
vn -0.5701 0.8197 -0.0548
vn -0.4637 0.8541 0.2355
vn -0.6217 0.7832 -0.0061
vn -0.2009 0.8210 0.5345
vn -0.0102 0.8111 0.5848
vn -0.3410 0.8719 0.3514
vn -0.5874 0.8047 0.0859
vn 0.0920 0.7764 0.6235
vn -0.2578 0.8755 0.4088
vn -0.5387 0.8302 0.1432
vn 0.0180 -0.3954 0.9183
vn -0.1483 -0.3775 0.9140
vn -0.4831 -0.1037 0.8694
vn -0.2940 -0.1137 0.9490
vn 0.4255 -0.5120 0.7462
vn 0.3756 -0.5095 0.7742
vn 0.6869 -0.4845 0.5417
vn 0.8288 -0.4276 0.3608
vn 0.8165 -0.4346 0.3801
vn 0.6656 -0.5006 0.5535
vn 0.8961 -0.3719 0.2424
vn 0.8956 -0.3655 0.2536
vn 0.9538 -0.2505 0.1660
vn 0.9695 -0.1987 0.1438
vn 0.9969 0.0605 0.0501
vn 0.8368 0.5399 -0.0911
vn 0.7970 0.5850 -0.1500
vn 0.9877 0.1525 0.0340
vn 0.4552 0.8745 -0.1675
vn 0.0373 0.9829 -0.1806
vn -0.0090 0.9553 -0.2956
vn 0.4126 0.8681 -0.2760
vn -0.3475 0.9211 -0.1753
vn -0.5875 0.7935 -0.1589
vn -0.6056 0.7664 -0.2141
vn -0.3767 0.8892 -0.2597
vn -0.6789 0.7322 -0.0539
vn -0.6996 0.7107 -0.0737
vn -0.6756 0.7336 -0.0737
vn -0.7211 0.6729 -0.1650
vn -0.7248 0.6708 -0.1573
vn -0.7398 0.6575 -0.1426
vn -0.6864 0.7180 -0.1153
vn -0.7162 0.6777 -0.1667
vn 0.6369 -0.4062 0.6553
vn 0.2996 -0.3073 0.9032
vn 0.8139 -0.3783 0.4410
vn 0.5640 -0.1026 0.8194
vn 0.7833 -0.0612 0.6186
vn 0.1566 0.0636 0.9856
vn 0.9073 -0.2841 0.3100
vn 0.8883 0.0455 0.4571
vn 0.9841 -0.0022 0.1775
vn 0.8869 0.3518 0.2993
vn 0.9333 0.3573 0.0357
vn 0.6881 0.7091 -0.1540
vn 0.5047 0.8595 -0.0812
vn 0.7975 0.5926 0.1128
vn 0.2901 0.9099 -0.2966
vn -0.1268 0.9364 -0.3273
vn -0.2792 0.9228 -0.2654
vn 0.1353 0.9642 -0.2282
vn -0.4559 0.8417 -0.2892
vn -0.6454 0.7292 -0.2275
vn -0.6841 0.7029 -0.1947
vn -0.5458 0.8012 -0.2453
vn -0.7371 0.6515 -0.1796
vn -0.7343 0.6553 -0.1772
vn -0.7481 0.6375 -0.1841
vn -0.7322 0.6540 -0.1904
vn -0.7164 0.6977 0.0077
vn -0.7239 0.6824 0.1012
vn -0.7200 0.6775 0.1501
vn -0.7708 0.6249 0.1239
vn -0.7723 0.6319 0.0649
vn -0.7538 0.6560 -0.0374
vn -0.6934 0.7091 -0.1279
vn -0.6625 0.7454 -0.0735
vn -0.2596 0.9067 0.3324
vn -0.6649 0.7441 -0.0656
vn 0.4952 0.8207 0.2850
vn 0.1448 0.9762 0.1613
vn 0.4712 0.7478 0.4678
vn -0.7343 0.6438 0.2155
vn -0.7780 0.6084 0.1566
vn -0.7313 0.5999 0.3246
vn -0.7934 0.5539 0.2525
vn -0.0096 0.6455 0.7637
vn 0.3947 0.4101 0.8222
vn 0.4353 0.5431 0.7180
vn 0.6644 0.4583 0.5904
vn -0.0565 0.9968 -0.0563
vn -0.4124 0.9095 -0.0526
vn -0.5821 0.8020 -0.1340
vn -0.7384 0.6435 -0.2017
vn -0.7407 0.6437 -0.1924
vn -0.7410 0.6455 -0.1851
vn -0.7499 0.6409 -0.1640
vn -0.7021 0.7007 -0.1265
vn -0.6903 0.7173 -0.0951
vn -0.3887 0.2748 0.8794
vn -0.3563 0.6844 0.6361
vn -0.6502 0.7108 0.2682
vn -0.7908 0.4548 0.4096
vn -0.6901 0.7210 -0.0630
vn -0.7297 0.6718 -0.1271
vn -0.8007 0.5937 0.0805
vn -0.7796 0.6248 -0.0437
vn -0.8169 0.5580 0.1461
vn -0.8070 0.5897 0.0316
vn -0.7824 0.6169 -0.0851
vn -0.7599 0.6380 -0.1247
vn -0.6869 0.5269 0.5006
vn -0.7860 0.4437 0.4306
vn -0.6154 0.3639 0.6992
vn -0.7577 0.3542 0.5481
vn -0.6503 0.1263 0.7491
vn -0.4615 0.1139 0.8798
vn -0.8345 0.4809 0.2690
vn -0.8321 0.5416 0.1198
vn -0.8437 0.3601 0.3981
vn -0.7908 0.1732 0.5870
vn -0.6718 0.0923 0.7350
vn -0.2736 -0.1425 0.9512
vn -0.7880 0.6152 -0.0246
vn 0.8610 0.1679 0.4801
vn 0.8298 0.0453 0.5562
vn 0.3612 0.6280 0.6893
vn 0.2380 0.6945 0.6790
vn 0.6321 0.3900 0.6696
vn 0.5351 0.4074 0.7400
vn 0.0369 0.6948 0.7182
vn 0.3136 0.4035 0.8596
vn -0.1846 0.7165 0.6727
vn 0.0286 0.4738 0.8802
vn -0.2094 0.8019 0.5595
vn -0.1232 0.5982 0.7918
vn -0.0253 0.8385 0.5444
vn -0.1070 0.6413 0.7598
vn 0.2530 0.7405 0.6226
vn 0.1274 0.5849 0.8010
vn 0.5099 0.4964 0.7025
vn 0.3364 0.5145 0.7887
vn -0.4210 0.2308 0.8772
vn -0.0646 0.4305 0.9003
vn 0.1125 0.3091 0.9444
vn -0.3102 0.0409 0.9498
vn -0.2035 0.5600 0.8031
vn -0.4973 0.3882 0.7759
vn 0.4740 0.5018 0.7236
vn 0.3172 0.6555 0.6853
vn 0.3212 0.6303 0.7068
vn 0.1329 0.7945 0.5926
vn 0.1949 0.7234 0.6623
vn -0.0506 0.8557 0.5149
vn 0.2227 0.7900 0.5712
vn -0.0545 0.9233 0.3801
vn 0.3133 0.8260 0.4686
vn 0.0699 0.9796 0.1884
vn 0.3267 0.8916 0.3136
vn 0.1485 0.9868 -0.0648
vn 0.1839 0.9815 -0.0527
vn 0.2895 0.9368 -0.1966
vn 0.2068 0.9497 -0.2350
vn 0.2343 0.9721 0.0070
vn 0.2636 0.9133 -0.3106
vn 0.4079 0.8648 -0.2928
vn 0.2827 0.9515 0.1214
vn 0.1624 0.9700 -0.1811
vn -0.1042 0.8926 -0.4386
vn 0.0402 0.9652 -0.2582
vn 0.1022 0.9432 -0.3161
vn -0.0519 0.8845 -0.4637
vn 0.0944 0.9198 -0.3809
vn 0.0711 0.9160 -0.3947
vn -0.0122 0.8840 -0.4674
vn -0.0023 0.8909 -0.4542
vn -0.1192 0.8665 -0.4848
vn -0.0687 0.8450 -0.5303
vn -0.0061 0.9140 -0.4056
vn -0.0383 0.8625 -0.5045
vn -0.0648 0.8604 -0.5055
vn -0.0584 0.8846 -0.4627
vn -0.0894 0.8721 -0.4811
vn -0.1267 0.8804 -0.4570
vn 0.0202 0.9226 -0.3853
vn -0.0546 0.9278 -0.3692
vn -0.1504 0.9807 -0.1248
vn -0.0234 0.9673 -0.2525
vn 0.0347 0.9638 0.2643
vn -0.2286 0.9543 0.1927
vn -0.1328 0.9118 0.3886
vn 0.1064 0.8879 0.4476
vn 0.0787 0.8558 0.5112
vn 0.0557 0.8650 0.4987
vn 0.0839 0.8203 0.5658
vn 0.0022 0.7293 0.6842
vn -0.4938 0.3833 0.7805
vn -0.0179 0.5195 0.8543
vn -0.5760 0.6566 0.4870
vn -0.3862 0.8415 0.3778
vn -0.3025 0.8421 0.4465
vn -0.0364 0.8749 0.4829
vn -0.2017 0.8899 0.4092
vn -0.5840 0.7446 0.3233
vn -0.5815 0.7114 0.3947
vn 0.1802 0.8671 0.4644
vn -0.0920 0.9245 0.3700
vn 0.2928 0.9018 0.3179
vn 0.1478 0.9468 0.2858
vn -0.3667 0.8784 0.3066
vn -0.3115 0.9117 0.2679
vn -0.5789 0.7884 0.2082
vn -0.5825 0.7710 0.2574
vn 0.2723 0.8902 -0.3652
vn 0.7002 0.6534 -0.2876
vn 0.6572 0.7508 0.0667
vn 0.4525 0.8887 -0.0732
vn -0.2953 0.9197 0.2588
vn -0.5834 0.7855 0.2065
vn 0.1847 0.9582 0.2185
vn 0.2747 0.9530 0.1276
vn -0.2666 0.9139 0.3061
vn -0.6096 0.7308 0.3070
vn 0.3213 0.9408 -0.1079
vn -0.1388 0.9417 0.3066
vn -0.3956 0.6664 -0.6320
vn -0.0894 0.9884 -0.1228
vn -0.4538 0.7625 0.4612
vn -0.3934 0.7955 0.4609
vn 0.8560 0.4495 -0.2554
vn 0.7511 0.4583 -0.4753
vn 0.7936 -0.0149 -0.6082
vn 0.8247 0.2292 -0.5171
vn 0.3774 -0.2146 -0.9008
vn 0.1316 0.2078 -0.9693
vn 0.7916 0.6093 -0.0462
vn 0.8385 0.4343 -0.3291
vn 0.6667 0.1003 -0.7385
vn 0.6742 -0.2146 -0.7067
vn 0.3925 -0.2176 -0.8936
vn 0.5766 -0.3226 -0.7507
vn 0.6167 -0.2769 -0.7369
vn 0.6221 0.2648 -0.7368
vn 0.2401 0.7458 -0.6213
vn -0.1796 0.5737 -0.7991
vn 0.4485 0.7565 -0.4760
vn 0.1839 0.9816 -0.0523
vn -0.0836 0.9926 -0.0883
vn -0.4755 0.8548 -0.2078
vn 0.4616 0.3127 -0.8302
vn 0.3443 0.7828 -0.5183
vn 0.1632 0.7832 -0.5999
vn 0.2726 0.3259 -0.9053
vn -0.0631 0.4899 -0.8695
vn -0.0288 0.4690 -0.8828
vn -0.0127 0.9857 -0.1683
vn 0.1737 0.9544 0.2429
vn 0.2397 0.9682 0.0710
vn 0.1179 0.8294 -0.5460
vn -0.5327 0.8452 -0.0427
vn -0.0027 0.9893 0.1461
vn -0.3568 0.7883 -0.5012
vn 0.2068 0.9486 0.2396
vn 0.4317 0.6927 -0.5777
vn 0.6657 0.4960 -0.5575
vn 0.3983 0.9165 0.0379
vn 0.6553 0.7511 -0.0807
vn 0.5374 0.6860 -0.4905
vn 0.7117 0.6810 -0.1722
vn 0.2026 0.9351 0.2908
vn 0.2283 0.9337 0.2759
vn 0.2039 0.9396 0.2748
vn 0.2685 0.9310 0.2474
vn 0.5565 0.7832 0.2772
vn 0.6946 0.6780 0.2404
vn 0.7532 0.6519 0.0881
vn 0.6390 0.7559 0.1428
vn 0.2330 0.9377 0.2578
vn 0.0235 0.9797 0.1991
vn 0.0386 0.9705 0.2381
vn 0.2399 0.9304 0.2771
vn -0.5560 0.8298 0.0470
vn -0.5669 0.8185 0.0929
vn 0.1948 0.9414 0.2754
vn 0.2277 0.9353 0.2708
vn 0.2699 0.9296 0.2508
vn 0.2021 0.9415 0.2696
vn 0.2373 0.9332 0.2698
vn 0.2337 0.9312 0.2797
vn 0.2534 0.9428 0.2166
vn 0.2472 0.9308 0.2692
vn 0.0423 0.9710 0.2353
vn 0.0459 0.9847 0.1680
vn -0.5628 0.8222 0.0854
vn -0.5265 0.8501 0.0108
vn 0.4502 0.8240 0.3440
vn 0.3689 0.9193 0.1369
vn 0.5399 0.7781 0.3210
vn 0.4728 0.8013 0.3666
vn -0.5184 0.8516 -0.0774
vn 0.0134 0.9979 0.0635
vn 0.2605 0.9587 0.1145
vn 0.0814 0.8939 -0.4408
vn 0.3954 0.8407 -0.3701
vn 0.1168 0.9140 -0.3886
vn 0.3617 0.9235 -0.1280
vn 0.2761 0.9303 0.2415
vn 0.3064 0.9026 0.3024
vn 0.2253 0.9297 0.2912
vn 0.2090 0.9391 0.2728
vn 0.4366 0.8912 0.1233
vn 0.2091 0.9610 -0.1812
vn 0.3891 0.8898 0.2386
vn 0.3976 0.9064 0.1429
vn 0.5363 0.7708 -0.3438
vn 0.3309 0.9417 -0.0603
vn 0.2814 0.9336 0.2217
vn 0.3221 0.9408 0.1055
vn 0.2438 0.9308 0.2722
vn 0.2706 0.5008 0.8222
vn 0.3912 0.0289 0.9198
vn 0.4383 0.3366 0.8334
vn 0.5191 0.0924 0.8497
vn 0.4932 -0.3213 0.8084
vn 0.5140 -0.4928 0.7021
vn 0.5703 -0.2923 0.7676
vn 0.5220 -0.4906 0.6978
vn 0.8232 -0.0827 0.5617
vn 0.8638 -0.1020 0.4934
vn 0.7808 -0.0446 0.6232
vn 0.8270 -0.1681 0.5365
vn 0.5619 0.0312 0.8266
vn 0.6852 -0.2327 0.6902
vn 0.2498 0.1321 0.9592
vn 0.4429 -0.2212 0.8688
vn -0.0177 0.2609 0.9652
vn 0.1005 -0.1365 0.9855
vn -0.1220 0.3161 0.9409
vn -0.2181 -0.1322 0.9669
vn -0.2137 0.3927 0.8945
vn -0.3915 0.1669 0.9049
vn 0.6969 0.1185 0.7073
vn 0.6721 -0.1083 0.7325
vn 0.7855 -0.2243 0.5768
vn 0.7050 -0.4193 0.5721
vn 0.6234 -0.4485 0.6405
vn 0.5368 -0.6041 0.5890
vn 0.5861 -0.6262 0.5142
vn 0.5000 -0.7008 0.5088
vn 0.6983 -0.4615 0.5472
vn 0.6267 -0.6285 0.4607
vn 0.5846 -0.5633 0.5839
vn 0.5801 -0.7174 0.3858
vn 0.3940 -0.8130 0.4288
vn 0.4731 -0.7831 0.4037
vn 0.3354 -0.5798 0.7425
vn 0.1258 -0.5822 0.8033
vn 0.4746 -0.6331 0.6115
vn 0.4416 -0.7036 0.5567
vn 0.4246 -0.6939 0.5815
vn 0.4468 -0.6372 0.6280
vn 0.4225 -0.6715 0.6087
vn 0.4454 -0.7077 0.5484
vn 0.4426 -0.7429 0.5022
vn 0.3716 -0.7146 0.5927
vn 0.3054 -0.7779 0.5492
vn 0.2778 -0.8487 0.4500
vn 0.4262 -0.8075 0.4078
vn 0.3884 -0.8580 0.3362
vn 0.3121 -0.9270 0.2081
vn 0.3041 -0.9331 0.1920
vn 0.3038 -0.9226 0.2378
vn 0.3641 -0.9191 0.1507
vn 0.3520 -0.9254 0.1402
vn 0.3106 -0.9324 0.1846
vn 0.2820 -0.9387 0.1984
vn 0.2130 -0.9286 0.3039
vn 0.2273 -0.9116 0.3425
vn 0.0935 -0.8393 0.5356
vn 0.1702 -0.6282 0.7592
vn 0.0661 -0.5164 0.8538
vn -0.0013 -0.6660 0.7460
vn 0.1161 -0.7834 0.6106
vn 0.3031 -0.8776 0.3714
vn 0.3630 -0.7930 0.4892
vn 0.1178 -0.8798 0.4604
vn -0.0105 -0.7440 0.6681
vn -0.0262 -0.6759 0.7366
vn 0.0791 -0.8217 0.5644
vn -0.0491 -0.5804 0.8128
vn -0.0395 -0.5576 0.8292
vn 0.0352 -0.4808 0.8761
vn 0.0402 -0.4877 0.8721
vn 0.1521 -0.7821 0.6043
vn 0.0209 -0.6521 0.7579
vn 0.0602 -0.6094 0.7906
vn 0.1984 -0.7123 0.6732
vn -0.0187 -0.5502 0.8348
vn 0.0213 -0.4646 0.8852
vn -0.0157 -0.4185 0.9081
vn -0.0018 -0.5258 0.8506
vn 0.1038 -0.5019 0.8587
vn 0.0012 -0.4839 0.8751
vn -0.2851 -0.1461 0.9473
vn -0.1095 -0.0049 0.9940
vn 0.2730 -0.8849 0.3774
vn 0.2684 -0.9032 0.3351
vn 0.3554 -0.8841 0.3033
vn 0.3477 -0.9018 0.2568
vn 0.2763 -0.9158 0.2914
vn 0.3557 -0.9133 0.1986
vn 0.4168 -0.8878 0.1951
vn 0.4603 -0.8778 0.1325
vn 0.5107 -0.8490 0.1356
vn 0.4791 -0.8464 0.2325
vn 0.4024 -0.8174 0.4122
vn 0.4655 -0.8436 0.2677
vn 0.5084 -0.7980 0.3236
vn 0.4872 -0.7439 0.4575
vn 0.4784 -0.8349 0.2721
vn 0.4788 -0.8466 0.2325
vn 0.4465 -0.8545 0.2654
vn 0.4513 -0.8671 0.2110
vn 0.4741 -0.8460 0.2438
vn 0.4919 -0.8487 0.1945
vn 0.4642 -0.8730 0.1498
vn 0.5099 -0.8491 0.1380
vn 0.4088 -0.7339 0.5424
vn 0.3821 -0.7076 0.5944
vn 0.4783 -0.7413 0.4709
vn 0.4605 -0.7717 0.4387
vn 0.3768 -0.7604 0.5290
vn 0.3076 -0.7534 0.5812
vn 0.5426 -0.7199 0.4329
vn 0.5286 -0.7580 0.3820
vn 0.4872 -0.7996 0.3510
vn 0.4360 -0.8335 0.3394
vn 0.4120 -0.8222 0.3927
vn 0.4525 -0.7953 0.4035
vn 0.4054 -0.7905 0.4591
vn 0.3564 -0.7893 0.5000
vn 0.4338 -0.7092 0.5558
vn 0.3327 -0.7725 0.5409
vn -0.5021 0.6029 -0.6201
vn -0.3657 0.8420 -0.3966
vn -0.4481 0.8274 -0.3385
vn -0.5906 0.6144 -0.5232
vn -0.4460 0.8507 -0.2782
vn -0.5945 0.6078 -0.5265
vn -0.3881 0.8734 -0.2942
vn -0.3608 0.8679 -0.3414
vn -0.5336 0.6193 -0.5760
vn -0.5529 0.6123 -0.5651
vn -0.3545 0.8491 -0.3917
vn -0.3624 0.8356 -0.4129
vn -0.5298 0.6418 -0.5544
vn -0.5349 0.6253 -0.5682
vn -0.4201 0.8299 -0.3671
vn -0.5006 0.7934 -0.3464
vn -0.5940 0.6396 -0.4879
vn -0.6537 0.6444 -0.3967
vn -0.1971 0.6576 -0.7271
vn -0.4191 0.8254 -0.3784
vn -0.3445 0.8595 -0.3775
vn -0.3357 0.6175 -0.7113
vn -0.0311 0.4792 -0.8772
vn -0.4431 0.2562 -0.8591
vn -0.5173 0.0418 -0.8548
vn -0.6268 0.2278 -0.7451
vn -0.6434 -0.0463 -0.7641
vn -0.0547 0.5031 -0.8625
vn -0.6678 0.2309 -0.7076
vn -0.6434 -0.0591 -0.7632
vn -0.6524 0.1975 -0.7317
vn -0.6735 0.0121 -0.7391
vn -0.6789 0.2041 -0.7053
vn -0.6706 0.1104 -0.7336
vn -0.6342 0.2298 -0.7382
vn -0.6404 0.2772 -0.7163
vn -0.7296 0.3546 -0.5848
vn -0.6893 0.2988 -0.6600
vn -0.6652 0.3269 -0.6713
vn -0.6905 0.3711 -0.6209
vn -0.7311 0.4850 -0.4798
vn -0.7179 0.4516 -0.5298
vn -0.7362 0.5747 -0.3573
vn -0.7247 0.6216 -0.2975
vn -0.6375 0.1868 -0.7474
vn -0.2967 0.7401 -0.6035
vn -0.6950 0.3547 -0.6254
vn -0.4104 0.8209 -0.3971
vn -0.5948 0.6851 -0.4204
vn -0.5816 0.6988 -0.4164
vn -0.6924 0.3599 -0.6254
vn -0.6930 0.4052 -0.5963
vn -0.4655 0.8459 -0.2604
vn -0.4596 0.8437 -0.2774
vn -0.4918 0.8141 -0.3089
vn -0.4964 0.8130 -0.3043
vn -0.5799 0.7367 -0.3479
vn -0.5970 0.6877 -0.4131
vn -0.6845 0.4622 -0.5637
vn -0.6783 0.5480 -0.4895
vn -0.4876 0.8485 -0.2056
vn -0.4705 0.8446 -0.2554
vn -0.4829 0.8256 -0.2920
vn -0.4812 0.8455 -0.2315
vn -0.6599 0.6503 -0.3763
vn -0.5469 0.7963 -0.2584
vn -0.6162 0.7448 -0.2560
vn -0.5051 0.8359 -0.2149
vn -0.4981 0.8492 -0.1751
vn -0.4647 0.8683 -0.1736
vn -0.4492 0.8661 -0.2193
vn -0.4695 0.8449 -0.2564
vn -0.4554 0.8221 -0.3416
vn -0.4238 0.8314 -0.3594
vn -0.5019 0.8099 -0.3037
vn -0.5184 0.7786 -0.3536
vn -0.4847 0.7852 -0.3855
vn -0.4105 0.8258 -0.3868
vn -0.6530 0.6984 -0.2929
vn -0.5773 0.7658 -0.2835
vn -0.5710 0.7437 -0.3477
vn -0.6157 0.7051 -0.3517
vn -0.5291 0.7529 -0.3915
vn -0.4166 0.8277 -0.3760
vn -0.5685 0.7281 -0.3830
vn -0.4329 0.8335 -0.3434
vn -0.6676 0.6731 -0.3181
vn -0.6426 0.6772 -0.3584
vn -0.6524 0.6782 -0.3384
vn -0.6885 0.6620 -0.2963
vn -0.5474 0.7671 -0.3344
vn -0.5843 0.7741 -0.2435
vn -0.6152 0.7108 -0.3410
vn -0.4649 0.8435 -0.2689
vn -0.6837 0.6899 -0.2380
vn -0.5158 0.8483 -0.1193
vn -0.6181 0.7825 -0.0759
vn -0.5786 0.8110 0.0867
vn -0.7467 0.6648 -0.0227
vn -0.7450 0.6515 -0.1431
vn -0.5754 0.7981 0.1788
vn -0.5594 0.8263 0.0654
vn -0.7403 0.6677 -0.0781
vn -0.7576 0.6511 0.0461
vn -0.5106 0.8451 0.1585
vn -0.4339 0.8329 0.3435
vn -0.7404 0.6292 0.2364
vn -0.7402 0.6710 0.0423
vn -0.3285 0.5443 0.7719
vn -0.6347 0.3475 0.6902
vn -0.7442 0.6575 0.1178
vn -0.7349 0.5893 0.3357
vn -0.5811 0.6616 0.4740
vn -0.5811 0.7798 0.2328
vn -0.0352 -0.4509 0.8919
vn -0.0649 -0.3543 0.9329
vn -0.1806 -0.1929 0.9645
vn -0.2339 -0.2281 0.9451
vn -0.5876 0.2390 0.7731
vn -0.4355 0.2461 0.8659
vn 0.8074 0.5722 0.1440
vn 0.5357 0.6870 -0.4910
vn 0.9049 0.3341 -0.2637
vn 0.9580 0.2688 0.1002
vn 0.8354 0.3013 -0.4597
vn 0.9517 0.2925 0.0933
vn 0.8161 0.3709 0.4432
vn 0.7049 0.4158 0.5747
vn 0.7420 0.4825 0.4654
vn 0.6688 0.5379 0.5132
vn 0.7205 0.4072 0.5613
vn 0.7662 0.4171 0.4889
vn 0.6975 0.5264 0.4862
vn 0.7187 0.5275 0.4530
vn 0.7797 0.4646 0.4199
vn 0.7710 0.5312 0.3512
vn 0.7186 0.5495 0.4261
vn 0.7199 0.5759 0.3874
vn -0.2504 0.6894 -0.6798
vn -0.3776 0.2672 -0.8866
vn -0.4497 -0.0951 -0.8881
vn -0.2969 0.3315 -0.8955
vn -0.3784 -0.0989 -0.9203
vn -0.3298 -0.4976 -0.8023
vn -0.4370 -0.5692 -0.6964
vn -0.4889 -0.3548 -0.7969
vn 0.6328 0.2946 -0.7161
vn 0.9606 0.2759 0.0341
vn 0.3090 0.1088 -0.9448
vn 0.9973 0.0608 -0.0400
vn 0.6869 0.5562 0.4678
vn 0.6618 0.4986 0.5599
vn 0.6472 0.5690 0.5073
vn 0.6397 0.6194 0.4552
vn 0.6714 0.5967 0.4396
vn 0.6918 0.5521 0.4653
vn 0.6834 0.5962 0.4213
vn 0.7290 0.5132 0.4530
vn 0.7102 0.5686 0.4151
vn 0.7201 0.5561 0.4150
vn 0.7697 0.4447 0.4580
vn 0.7630 0.4339 0.4791
vn 0.5946 0.1172 0.7954
vn 0.6430 0.3636 0.6740
vn 0.7391 0.2773 0.6138
vn 0.7360 0.0752 0.6728
vn 0.7376 0.4716 0.4832
vn 0.6670 0.5656 0.4849
vn 0.7915 0.2409 0.5617
vn 0.7731 0.0767 0.6297
vn 0.8083 0.2366 0.5391
vn 0.7762 0.0608 0.6275
vn 0.7822 0.2826 0.5553
vn 0.7729 0.0680 0.6309
vn 0.6701 0.3817 0.6367
vn 0.7383 0.3425 0.5811
vn 0.7551 0.1363 0.6413
vn 0.6768 0.2052 0.7070
vn 0.3332 -0.9423 0.0325
vn -0.0630 -0.9617 -0.2669
vn 0.3338 -0.9415 0.0470
vn -0.0528 -0.9459 -0.3200
vn -0.2439 -0.8154 -0.5250
vn -0.3233 -0.7847 -0.5289
vn 0.4982 -0.8603 0.1081
vn 0.2051 -0.9527 -0.2244
vn -0.3463 -0.6705 -0.6561
vn -0.1104 -0.5627 -0.8192
vn 0.0229 -0.8602 -0.5094
vn 0.7743 -0.6326 -0.0173
vn 0.0703 -0.2391 -0.9684
vn 0.9759 -0.2084 -0.0645
vn 0.6639 0.3753 0.6468
vn 0.7044 0.1829 0.6858
vn 0.2169 -0.9090 -0.3558
vn 0.4864 -0.8443 -0.2248
vn 0.3591 -0.8830 -0.3022
vn 0.3229 -0.8952 -0.3073
vn 0.6067 -0.0774 -0.7912
vn 0.2340 0.4933 -0.8378
vn 0.0229 0.1658 -0.9859
vn 0.1625 -0.4602 -0.8728
vn 0.5797 -0.6909 -0.4320
vn 0.2625 -0.8159 -0.5151
vn -0.2015 -0.3633 -0.9096
vn -0.2478 -0.6644 -0.7051
vn -0.3725 -0.7740 -0.5120
vn -0.3809 -0.8476 -0.3694
vn -0.3696 -0.9273 -0.0596
vn -0.3845 -0.9230 -0.0149
vn -0.1297 -0.8660 0.4829
vn -0.1787 -0.8834 0.4333
vn 0.1339 -0.6400 0.7566
vn 0.0522 -0.6917 0.7202
vn 0.1250 -0.7167 0.6861
vn 0.1839 -0.7229 0.6660
vn -0.0120 -0.8350 0.5501
vn 0.0958 -0.8085 0.5806
vn 0.2502 -0.7234 0.6435
vn 0.2985 -0.6846 0.6650
vn 0.1971 -0.8108 0.5512
vn 0.1690 -0.8121 0.5585
vn 0.3529 -0.6240 0.6972
vn 0.4411 -0.5459 0.7123
vn 0.3323 -0.7923 0.5117
vn 0.2463 -0.8056 0.5388
vn 0.5397 -0.4865 0.6871
vn 0.4266 -0.7591 0.4917
vn 0.6427 -0.4641 0.6095
vn 0.5086 -0.7229 0.4677
vn 0.6964 -0.4778 0.5354
vn 0.5346 -0.7096 0.4590
vn 0.6712 -0.5501 0.4968
vn 0.4913 -0.7313 0.4731
vn 0.5678 -0.6790 0.4654
vn 0.3762 -0.7770 0.5048
vn 0.4239 -0.8320 0.3579
vn 0.2341 -0.8659 0.4421
vn 0.7721 -0.2175 0.5971
vn 0.7795 -0.3641 0.5096
vn 0.6384 -0.7599 0.1226
vn 0.5843 -0.8091 0.0625
vn 0.5998 0.1019 0.7936
vn 0.6482 0.1160 0.7526
vn 0.6429 0.0254 0.7655
vn 0.6142 0.0944 0.7835
vn 0.8233 -0.0905 0.5603
vn 0.7682 -0.0444 0.6386
vn 0.7514 0.0363 0.6589
vn 0.7538 -0.0059 0.6571
vn 0.7313 -0.1724 0.6600
vn 0.7321 -0.0860 0.6757
vn 0.7436 -0.0733 0.6646
vn 0.7861 -0.1350 0.6032
vn 0.7371 -0.0935 0.6693
vn 0.6317 -0.0341 0.7745
vn 0.6876 -0.1913 0.7004
vn 0.6285 -0.1268 0.7674
vn 0.3718 -0.8665 -0.3331
vn 0.0747 -0.8608 -0.5035
vn 0.5935 -0.8002 -0.0861
vn 0.8067 -0.5612 0.1852
vn -0.1790 -0.8726 -0.4545
vn 0.4523 -0.8652 -0.2166
vn -0.2671 -0.9254 -0.2687
vn 0.3401 -0.9351 -0.1000
vn -0.2821 -0.9590 -0.0277
vn 0.2197 -0.9632 0.1549
vn -0.2509 -0.9523 0.1739
vn 0.1282 -0.9446 0.3022
vn -0.1663 -0.9425 0.2898
vn 0.0944 -0.9279 0.3606
vn -0.0808 -0.9287 0.3618
vn 0.0602 -0.9103 0.4096
vn -0.0297 -0.9205 0.3895
vn 0.0910 -0.9158 0.3912
vn 0.0354 -0.9111 0.4106
vn 0.1933 -0.9162 0.3510
vn 0.4403 -0.8371 0.3248
vn 0.3290 -0.8839 0.3325
vn 0.1352 -0.9046 0.4043
vn 0.2611 -0.8964 0.3581
vn 0.5283 -0.7872 0.3182
vn 0.5124 -0.7979 0.3176
vn 0.3727 -0.8739 0.3122
vn 0.4450 -0.8421 0.3047
vn 0.4580 -0.7866 0.4142
vn 0.4997 -0.7928 0.3489
vn 0.4618 -0.8134 0.3537
vn 0.4329 -0.8004 0.4146
vn 0.3131 -0.7330 0.6039
vn 0.4003 -0.7781 0.4841
vn 0.3624 -0.7647 0.5328
vn 0.2493 -0.7293 0.6371
vn 0.4845 -0.7613 0.4308
vn 0.4039 -0.7585 0.5114
vn 0.3510 -0.7811 0.5164
vn 0.4039 -0.8150 0.4155
vn 0.2695 -0.7079 0.6529
vn 0.2530 -0.7039 0.6638
vn 0.7251 -0.4974 0.4763
vn 0.6678 -0.6023 0.4374
vn 0.6801 -0.5827 0.4449
vn 0.6464 -0.6083 0.4606
vn 0.6016 -0.6665 0.4403
vn 0.3893 -0.8122 0.4344
vn 0.5447 -0.7416 0.3915
vn 0.4074 -0.8180 0.4061
vn 0.6424 -0.5737 0.5081
vn 0.5700 -0.6452 0.5087
vn 0.6432 -0.6217 0.4470
vn 0.6934 -0.5477 0.4681
vn 0.6002 -0.7014 0.3844
vn 0.4302 -0.8425 0.3243
vn 0.4234 -0.8404 0.3384
vn 0.5400 -0.7379 0.4049
vn 0.4788 -0.6013 0.6397
vn 0.3962 -0.6671 0.6309
vn 0.4493 -0.6595 0.6027
vn 0.5506 -0.5863 0.5942
vn 0.4464 -0.7357 0.5094
vn 0.3654 -0.8016 0.4732
vn 0.3033 -0.7547 0.5817
vn 0.3785 -0.7095 0.5944
vn 0.5573 -0.6008 0.5731
vn 0.5584 -0.6529 0.5118
vn 0.4573 -0.6692 0.5856
vn 0.4898 -0.6083 0.6246
vn 0.3835 -0.6774 0.6278
vn 0.4496 -0.6563 0.6059
vn 0.2719 -0.7324 0.6243
vn 0.2828 -0.7494 0.5987
vn 0.6829 -0.6201 0.3862
vn 0.6593 -0.5741 0.4855
vn 0.7771 -0.4933 0.3908
vn 0.8374 -0.5158 0.1808
vn 0.5415 -0.6279 0.5590
vn 0.6320 -0.5531 0.5429
vn 0.3079 -0.7700 0.5589
vn 0.3116 -0.7709 0.5555
vn 0.9352 -0.3495 0.0573
vn 0.8863 -0.3305 0.3244
vn 0.9278 -0.0886 0.3624
vn 0.9692 -0.1827 0.1654
vn 0.7135 -0.4438 0.5422
vn 0.3070 -0.7690 0.5607
vn 0.7557 -0.3201 0.5714
vn 0.2995 -0.7622 0.5739
vn 0.8307 0.1267 0.5421
vn 0.7816 0.1232 0.6115
vn 0.9238 0.0023 0.3829
vn 0.8995 0.0884 0.4279
vn 0.8006 -0.2338 0.5517
vn 0.3216 -0.7819 0.5341
vn 0.3398 -0.8034 0.4890
vn 0.7898 -0.2399 0.5645
vn 0.6532 0.1483 0.7426
vn 0.7253 0.0146 0.6883
vn 0.6427 -0.1324 0.7546
vn 0.6136 0.0562 0.7876
vn 0.6961 -0.3515 0.6260
vn 0.3700 -0.7773 0.5088
vn 0.3183 -0.7594 0.5675
vn 0.5706 -0.4499 0.6871
vn 0.6860 -0.0679 0.7244
vn 0.6142 -0.2379 0.7524
vn 0.6545 -0.2654 0.7079
vn 0.7909 -0.1170 0.6006
vn 0.4865 -0.4942 0.7205
vn 0.2477 -0.7334 0.6331
vn 0.2059 -0.7090 0.6744
vn 0.4649 -0.4942 0.7346
vn 0.8319 -0.0848 0.5484
vn 0.7128 -0.2125 0.6684
vn 0.7674 -0.1304 0.6278
vn 0.8221 -0.0651 0.5656
vn 0.4813 -0.4672 0.7416
vn 0.1959 -0.7071 0.6795
vn 0.2040 -0.7191 0.6643
vn 0.5130 -0.4386 0.7378
vn 0.7748 -0.0844 0.6266
vn 0.8027 -0.0451 0.5947
vn 0.7300 0.0613 0.6807
vn 0.6643 -0.0869 0.7424
vn 0.5662 -0.3692 0.7369
vn 0.2184 -0.7073 0.6723
vn 0.1832 -0.6018 0.7774
vn 0.5886 -0.1731 0.7897
vn 0.7243 0.5812 0.3709
vn 0.7309 0.6220 0.2809
vn 0.6812 0.6598 0.3172
vn 0.7072 0.6971 0.1183
vn 0.6291 0.7293 0.2690
vn 0.6101 0.7849 0.1083
vn 0.6291 0.6920 0.3540
vn 0.6159 0.7690 0.1713
vn 0.2323 0.7646 -0.6012
vn -0.1286 0.5874 -0.7990
vn 0.5517 0.7720 -0.3157
vn 0.5704 0.8048 -0.1642
vn 0.2987 0.8300 -0.4711
vn -0.1555 0.6155 -0.7726
vn 0.3189 0.7578 -0.5692
vn 0.3095 0.5637 -0.7658
vn 0.2097 0.4186 -0.8836
vn 0.2051 0.6299 -0.7491
vn 0.1487 0.2989 -0.9426
vn 0.1899 0.3886 -0.9016
vn 0.0989 0.2378 -0.9663
vn 0.0659 0.2786 -0.9581
vn 0.0070 0.4387 -0.8986
vn 0.6384 0.7538 -0.1559
vn 0.5754 0.8151 -0.0672
vn 0.4776 0.8171 -0.3227
vn 0.4523 0.7951 -0.4041
vn 0.5845 0.8112 -0.0185
vn 0.5363 0.8060 -0.2504
vn 0.4423 0.7731 -0.4546
vn 0.4029 0.8272 -0.3917
vn 0.3889 0.8004 -0.4562
vn 0.4671 0.7723 -0.4305
vn 0.3674 0.7986 -0.4767
vn 0.3922 0.8351 -0.3858
vn 0.5543 0.7851 -0.2764
vn 0.4784 0.8641 -0.1564
vn 0.4646 0.8554 -0.2290
vn 0.4839 0.7931 -0.3699
vn 0.4227 0.8741 -0.2395
vn 0.4376 0.8891 -0.1341
vn 0.4527 0.8639 -0.2207
vn 0.4432 0.8876 -0.1253
vn 0.5772 0.7513 -0.3199
vn 0.4659 0.6808 -0.5652
vn 0.3820 0.8071 -0.4502
vn 0.4055 0.8753 -0.2634
vn 0.3370 0.6929 -0.6374
vn 0.3690 0.8326 -0.4131
vn 0.2823 0.5174 -0.8079
vn 0.4438 0.8356 -0.3237
vn -0.0459 0.5475 -0.8356
vn 0.3215 0.7803 -0.5364
vn 0.4085 0.8025 -0.4348
vn -0.0796 0.5687 -0.8187
vn 0.5447 0.8167 -0.1904
vn 0.3634 0.8887 -0.2796
vn 0.4281 0.8067 -0.4075
vn 0.2594 0.7882 -0.5581
vn 0.2317 0.8624 -0.4500
vn 0.3424 0.5936 -0.7283
vn 0.4495 0.5927 -0.6683
vn 0.3770 0.6090 -0.6979
vn 0.2444 0.7924 -0.5589
vn 0.2315 0.8329 -0.5027
vn 0.3697 0.8178 -0.4411
vn -0.1224 0.5842 -0.8023
vn 0.5878 0.7999 -0.1212
vn 0.6666 0.7434 -0.0549
vn 0.6407 0.7677 0.0086
vn 0.6225 0.7815 -0.0413
vn 0.6709 0.7250 -0.1556
vn 0.5407 0.8404 -0.0381
vn 0.5735 0.8177 -0.0500
vn 0.4684 0.8614 -0.1965
vn 0.4418 0.8873 -0.1324
vn 0.6184 0.7044 -0.3485
vn 0.5771 0.8004 -0.1625
vn 0.4935 0.8650 -0.0909
vn 0.3280 0.8347 -0.4424
vn 0.3277 0.8828 -0.3366
vn 0.3702 0.9090 -0.1916
vn 0.4190 0.9019 -0.1048
vn 0.6665 0.7453 0.0177
vn 0.7535 0.6341 0.1735
vn 0.7480 0.6161 0.2466
vn 0.7294 0.6817 0.0561
vn 0.4948 0.1651 -0.8532
vn 0.3002 0.2140 -0.9296
vn 0.1647 0.2467 -0.9550
vn 0.1338 -0.1500 -0.9796
vn -0.1255 0.0186 -0.9919
vn 0.4906 -0.3058 -0.8159
vn 0.8925 0.1694 0.4180
vn 0.7381 0.6681 0.0939
vn 0.9083 0.4182 -0.0038
vn 0.9690 -0.0682 0.2373
vn 0.4227 0.8876 -0.1829
vn 0.6593 0.6986 -0.2779
vn 0.7989 -0.2986 0.5221
vn 0.6045 -0.6512 0.4589
vn 0.8082 -0.4067 0.4259
vn 0.6377 -0.6744 0.3722
vn 0.5711 -0.7195 0.3952
vn 0.6162 -0.7168 0.3264
vn 0.6252 -0.7509 0.2128
vn 0.7895 -0.5656 0.2385
vn 0.6591 -0.7106 0.2461
vn 0.6572 -0.7381 0.1526
vn 0.6026 -0.7922 0.0962
vn 0.7522 -0.6496 0.1107
vn 0.7743 -0.5489 0.3149
vn 0.8695 -0.4474 0.2093
vn 0.7934 -0.5878 0.1580
vn 0.7768 -0.5913 0.2165
vn 0.8232 -0.5677 -0.0007
vn 0.7090 -0.7050 -0.0180
vn 0.9541 -0.2827 -0.0986
vn 0.9138 -0.3098 -0.2627
vn 0.7804 -0.6004 -0.1747
vn 0.6335 -0.7358 -0.2392
vn 0.8035 -0.3291 -0.4961
vn 0.6893 -0.5729 -0.4435
vn 0.4146 -0.4703 -0.7791
vn 0.5213 -0.6653 -0.5344
vn 0.2319 -0.4467 -0.8641
vn -0.2773 0.0637 -0.9587
vn 0.0053 -0.2185 -0.9758
vn -0.1512 -0.1377 -0.9789
vn -0.4203 0.0545 -0.9057
vn -0.8714 -0.1675 -0.4611
vn -0.5935 0.0685 -0.8019
vn -0.8948 -0.2676 -0.3574
vn -0.7392 -0.4703 -0.4820
vn -0.7331 -0.2309 -0.6397
vn -0.3392 -0.6554 -0.6748
vn -0.1053 -0.4679 -0.8775
vn -0.4712 -0.3065 -0.8270
vn -0.5536 -0.6020 -0.5754
vn 0.6215 0.7828 -0.0312
vn 0.7104 0.7033 0.0265
vn 0.7083 0.6992 0.0975
vn 0.6340 0.7732 -0.0148
vn 0.4082 0.7961 -0.4468
vn 0.5863 0.7778 -0.2266
vn 0.5380 0.8182 -0.2025
vn 0.3793 0.8170 -0.4342
vn 0.3364 0.7940 -0.5064
vn 0.2684 0.8110 -0.5199
vn 0.4981 0.8479 -0.1816
vn 0.5582 0.8217 -0.1151
vn 0.5538 0.8220 -0.1327
vn 0.4477 0.8455 -0.2910
vn 0.4334 0.6619 -0.6116
vn 0.2528 0.8023 -0.5407
vn 0.3173 0.8301 -0.4585
vn 0.4762 0.7490 -0.4608
vn 0.9038 0.2647 -0.3364
vn 0.8245 0.3354 -0.4557
vn 0.6334 0.6452 -0.4272
vn 0.7347 0.2074 -0.6459
vn 0.4675 0.8444 -0.2617
vn 0.5914 0.7125 -0.3777
vn 0.6802 0.6727 -0.2912
vn 0.6752 0.6290 -0.3852
vn 0.8281 0.4778 -0.2933
vn 0.7868 0.5132 -0.3429
vn 0.9177 0.3038 -0.2560
vn 0.8168 0.5241 -0.2411
vn 0.8820 0.4575 -0.1129
vn 0.7075 0.7002 -0.0960
vn 0.6722 0.6359 -0.3792
vn 0.7315 0.5787 -0.3605
vn 0.6804 0.6854 -0.2592
vn 0.6054 0.7410 -0.2905
vn 0.5895 0.7939 -0.1490
vn 0.5108 0.8340 -0.2087
vn 0.4132 0.8493 -0.3286
vn 0.5010 0.7864 -0.3613
vn 0.6026 0.6911 -0.3991
vn 0.6925 0.6713 0.2642
vn 0.3903 0.8988 0.1994
vn 0.6937 0.6636 0.2799
vn 0.4445 0.8667 0.2265
vn -0.0661 0.9909 0.1174
vn -0.5316 0.8462 0.0377
vn 0.0242 0.9798 0.1984
vn -0.4561 0.8745 0.1650
vn -0.9673 0.2484 -0.0506
vn -0.9490 0.2770 -0.1509
vn -0.8864 0.4521 -0.0991
vn -0.8471 0.5294 0.0454
vn -0.9523 -0.0202 -0.3045
vn -0.9422 0.0172 -0.3346
vn -0.9435 0.2842 -0.1705
vn -0.9720 0.2109 -0.1039
vn 0.0499 -0.8635 -0.5018
vn 0.3656 -0.8512 -0.3765
vn 0.1628 -0.7227 -0.6717
vn -0.2062 -0.7540 -0.6236
vn 0.6791 -0.7335 -0.0285
vn 0.7442 -0.6602 0.1016
vn 0.5514 -0.8266 -0.1129
vn 0.3589 -0.8856 -0.2947
vn -0.4326 -0.7182 -0.5451
vn -0.5678 -0.5932 -0.5708
vn -0.7995 -0.3286 -0.5028
vn -0.7576 -0.4078 -0.5096
vn -0.3702 -0.7321 -0.5718
vn -0.1906 -0.8321 -0.5209
vn -0.4419 -0.6434 -0.6251
vn -0.4567 -0.6889 -0.5629
vn -0.7521 -0.4127 -0.5138
vn -0.7438 -0.3999 -0.5355
vn 0.7855 -0.5969 0.1632
vn 0.6779 -0.7275 0.1058
vn 0.7787 -0.6178 0.1094
vn 0.6782 -0.7313 0.0729
vn 0.1061 -0.9138 -0.3919
vn 0.5377 -0.8294 -0.1515
vn -0.0836 -0.8800 -0.4675
vn 0.4173 -0.8666 -0.2735
vn -0.1229 -0.8381 -0.5315
vn 0.3901 -0.8448 -0.3662
vn -0.1038 -0.7781 -0.6195
vn 0.4342 -0.7759 -0.4577
vn 0.5579 -0.8294 0.0306
vn 0.5832 -0.8122 0.0145
vn 0.7545 -0.6559 0.0239
vn 0.7210 -0.6894 -0.0697
vn 0.6838 -0.7296 0.0023
vn 0.6799 -0.7293 -0.0764
vn 0.7015 -0.6933 -0.1650
vn 0.6524 -0.7358 -0.1816
vn 0.7213 -0.6382 -0.2691
vn 0.6590 -0.6801 -0.3211
vn 0.9780 -0.1183 0.1716
vn 0.9836 0.0648 0.1681
vn 0.9721 0.0840 0.2190
vn 0.9581 -0.1849 0.2190
vn 0.9152 0.3233 0.2408
vn 0.9525 0.2413 0.1859
vn 0.8990 -0.3662 0.2401
vn 0.9164 -0.3555 0.1838
vn 0.5971 -0.8007 -0.0491
vn 0.7781 -0.6274 0.0313
vn 0.6043 -0.7866 -0.1267
vn 0.8056 -0.5901 -0.0531
vn 0.6279 -0.7436 -0.2297
vn 0.8466 -0.5044 -0.1699
vn 0.6926 -0.6207 -0.3675
vn 0.8687 -0.3770 -0.3214
vn 0.7247 0.6380 0.2601
vn 0.4639 0.8399 0.2817
vn 0.8753 0.4509 0.1749
vn 0.7300 0.6594 0.1799
vn 0.9416 -0.3187 0.1086
vn 0.9923 -0.0315 0.1200
vn 0.9664 -0.2560 0.0234
vn 0.9977 0.0578 0.0360
vn 0.9874 0.1331 0.0856
vn 0.9701 0.2428 0.0003
vn 0.9803 -0.1663 -0.1065
vn 0.9889 0.1312 -0.0699
vn 0.9643 -0.0914 -0.2484
vn 0.9765 0.1559 -0.1487
vn 0.9562 0.2879 -0.0535
vn 0.8152 0.5727 0.0862
vn 0.9598 0.2741 -0.0607
vn 0.8650 0.4902 0.1073
vn 0.0906 0.9349 0.3432
vn -0.3836 0.8602 0.3361
vn 0.2347 0.9027 0.3607
vn -0.2980 0.8876 0.3512
vn -0.7717 0.6072 0.1893
vn -0.7120 0.6739 0.1975
vn -0.9319 0.3626 0.0123
vn -0.9604 0.2786 0.0064
vn 0.3827 0.8664 0.3208
vn -0.2025 0.9235 0.3257
vn 0.4560 0.8310 0.3186
vn -0.1370 0.9441 0.2998
vn -0.9851 0.1469 -0.0889
vn -0.9808 0.1517 -0.1223
vn -0.9287 -0.0937 -0.3587
vn -0.9495 -0.0666 -0.3067
vn -0.6469 0.7419 0.1761
vn -0.8936 0.4489 -0.0024
vn -0.5897 0.7942 0.1464
vn -0.8537 0.5194 -0.0378
vn -0.7199 -0.3879 -0.5756
vn -0.6730 -0.3877 -0.6299
vn -0.3509 -0.5522 -0.7562
vn -0.4057 -0.5885 -0.6993
vn -0.8421 -0.1350 -0.5221
vn -0.8919 -0.1180 -0.4365
vn -0.9685 0.1801 -0.1722
vn -0.9453 0.2110 -0.2489
vn 0.5327 -0.5639 -0.6311
vn 0.4797 -0.6732 -0.5628
vn -0.0718 -0.6874 -0.7227
vn 0.0251 -0.6186 -0.7853
vn 0.7929 -0.4493 -0.4116
vn 0.7217 -0.5559 -0.4124
vn 0.7683 -0.5376 -0.3474
vn 0.8076 -0.4363 -0.3967
vn -0.6173 -0.3966 -0.6795
vn -0.5725 -0.3971 -0.7173
vn -0.2294 -0.5515 -0.8020
vn -0.2905 -0.5369 -0.7920
vn 0.7849 -0.4442 -0.4321
vn 0.8892 -0.2479 -0.3846
vn 0.8642 -0.3173 -0.3905
vn 0.9194 -0.1965 -0.3409
vn 0.1919 -0.5685 -0.8000
vn 0.3619 -0.5779 -0.7314
vn 0.8391 -0.3341 -0.4293
vn 0.6757 -0.4413 -0.5905
vn 0.8747 -0.3180 -0.3658
vn 0.9264 -0.2234 -0.3031
vn 0.9515 -0.0596 -0.3019
vn 0.9787 0.1103 -0.1734
vn 0.9587 -0.0918 -0.2693
vn 0.9844 0.0159 -0.1755
vn 0.9811 0.1841 -0.0603
vn 0.9205 0.3797 0.0923
vn 0.9941 0.0610 -0.0900
vn 0.9762 0.2165 0.0100
vn 0.9579 -0.1444 -0.2482
vn 0.9714 -0.1088 -0.2112
vn 0.9853 -0.0807 -0.1504
vn 0.9949 0.0119 -0.1004
vn 0.8783 -0.3097 -0.3643
vn 0.9119 -0.2428 -0.3309
vn 0.4480 -0.5496 -0.7051
vn -0.1656 -0.5361 -0.8277
vn -0.1042 -0.5044 -0.8572
vn 0.5000 -0.4961 -0.7098
vn 0.5571 -0.3889 -0.7338
vn 0.9327 -0.1478 -0.3291
vn -0.0637 -0.4309 -0.9002
vn 0.0079 -0.2018 -0.9794
vn 0.5412 0.0471 -0.8396
vn 0.9035 0.1822 -0.3880
vn -0.5195 -0.3913 -0.7596
vn -0.7865 -0.1405 -0.6014
vn -0.4622 -0.3617 -0.8097
vn -0.7373 -0.0933 -0.6691
vn -0.9133 0.2345 -0.3329
vn -0.8709 0.2788 -0.4046
vn -0.8328 0.5471 -0.0840
vn -0.8200 0.5551 -0.1396
vn 0.9514 0.3057 -0.0379
vn 0.6748 0.7344 -0.0729
vn 0.1652 0.9840 0.0667
vn 0.7648 0.6377 0.0917
vn 0.5732 0.7799 0.2515
vn -0.0308 0.9720 0.2330
vn -0.5463 0.8314 0.1017
vn -0.5586 0.8293 -0.0173
vn -0.7645 0.5335 -0.3617
vn -0.3087 0.8827 -0.3543
vn -0.5790 0.3780 -0.7224
vn -0.7047 0.0685 -0.7062
vn 0.2101 0.7488 -0.6286
vn -0.3161 0.1619 -0.9348
vn -0.4486 -0.2429 -0.8601
vn -0.2607 0.8904 -0.3732
vn -0.2610 0.8108 -0.5239
vn 0.1504 0.8521 -0.5013
vn 0.1588 0.9411 -0.2986
vn 0.4663 0.8767 -0.1186
vn 0.4759 0.8608 -0.1805
vn 0.5609 0.8115 -0.1638
vn 0.5440 0.8264 -0.1452
vn 0.3722 0.8330 -0.4094
vn 0.3720 0.8317 -0.4121
vn -0.4831 0.6367 -0.6011
vn -0.5154 0.6160 -0.5957
vn -0.3965 0.6811 -0.6156
vn -0.3377 0.7434 -0.5773
vn -0.2295 0.6891 -0.6874
vn -0.2848 0.5918 -0.7541
vn -0.1971 0.5169 -0.8331
vn -0.1253 0.6159 -0.7778
vn 0.0243 0.6808 -0.7321
vn -0.0036 0.6549 -0.7557
vn -0.5660 0.6163 -0.5476
vn -0.6061 0.6209 -0.4972
vn -0.6053 0.5335 -0.5907
vn -0.5044 0.6214 -0.5995
vn 0.5567 0.8033 -0.2115
vn 0.3366 0.8426 -0.4203
vn 0.3416 0.8248 -0.4505
vn 0.5486 0.7962 -0.2552
vn -0.4079 0.5002 -0.7638
vn -0.5232 0.3625 -0.7712
vn -0.3550 0.4183 -0.8361
vn -0.2958 0.4780 -0.8270
vn -0.0615 0.6577 -0.7507
vn -0.0771 0.6375 -0.7666
vn -0.6365 0.6236 -0.4539
vn -0.6942 0.3920 -0.6036
vn -0.6539 0.5323 -0.5377
vn -0.7048 0.1393 -0.6956
vn 0.5450 0.8061 -0.2307
vn 0.3744 0.8234 -0.4264
vn 0.3913 0.8565 -0.3366
vn 0.5366 0.8270 -0.1678
vn -0.6185 0.1742 -0.7662
vn -0.3771 0.3414 -0.8610
vn -0.6300 0.0339 -0.7759
vn -0.3976 0.3582 -0.8448
vn -0.0346 0.6319 -0.7743
vn -0.0094 0.7150 -0.6990
vn -0.6789 0.3554 -0.6425
vn -0.7643 0.0084 -0.6448
vn -0.7030 0.2171 -0.6772
vn -0.8266 0.0617 -0.5594
vn -0.7188 0.1104 -0.6864
vn -0.4583 0.5077 -0.7295
vn -0.7715 0.2819 -0.5704
vn -0.4736 0.6447 -0.6001
vn -0.6047 0.4222 -0.6754
vn -0.6144 0.2098 -0.7606
vn -0.4575 0.2222 -0.8610
vn -0.3404 0.2466 -0.9074
vn -0.7037 0.1600 -0.6923
vn -0.8113 0.2212 -0.5411
vn -0.7096 0.4810 -0.5149
vn -0.4193 0.7327 -0.5361
vn -0.5333 0.6427 -0.5500
vn -0.3579 0.7566 -0.5472
vn 0.5259 0.8399 -0.1343
vn 0.3752 0.8912 -0.2548
vn 0.3658 0.8888 -0.2759
vn 0.5409 0.8181 -0.1953
vn -0.0238 0.8353 -0.5494
vn -0.0298 0.8930 -0.4490
vn 0.0188 0.3120 -0.9499
vn 0.4027 0.4951 -0.7699
vn 0.3379 0.5841 -0.7380
vn -0.1569 0.5373 -0.8286
vn 0.6880 0.7016 -0.1856
vn 0.6910 0.6509 -0.3145
vn 0.6837 0.6599 -0.3116
vn 0.6632 0.6347 -0.3967
vn -0.1176 0.7234 -0.6804
vn -0.0056 0.8231 -0.5679
vn 0.3235 0.7001 -0.6365
vn 0.3912 0.7491 -0.5346
vn 0.5815 0.6156 -0.5318
vn 0.6314 0.6009 -0.4901
vn 0.5107 0.6554 -0.5565
vn 0.5866 0.6681 -0.4578
vn 0.5629 0.7516 -0.3440
vn 0.6549 0.6741 -0.3416
vn 0.3709 0.8405 -0.3950
vn 0.6441 0.6672 -0.3742
vn -0.0021 0.8867 -0.4624
vn 0.3211 -0.1453 0.9358
vn 0.5818 0.0069 0.8133
vn -0.0313 -0.4010 0.9155
vn 0.2816 -0.7445 0.6053
vn 0.4687 -0.6224 0.6269
vn 0.6152 -0.5065 0.6042
vn 0.7453 -0.1549 0.6485
vn 0.7051 -0.6003 0.3773
vn 0.6664 -0.7074 0.2358
vn 0.7842 -0.4046 0.4706
vn 0.5783 -0.7557 0.3075
vn 0.4562 -0.8408 0.2914
vn 0.5284 -0.8448 0.0843
vn 0.5690 -0.8131 0.1231
vn 0.7722 -0.5594 0.3012
vn 0.7737 -0.5481 0.3178
vn 0.6203 -0.7669 0.1648
vn 0.5873 -0.7487 0.3074
vn 0.6980 -0.3995 0.5943
vn 0.4984 -0.7094 0.4983
vn 0.3722 -0.8675 0.3301
vn 0.3300 -0.9317 0.1521
vn 0.4720 -0.8367 0.2779
vn 0.4624 -0.8467 0.2633
vn 0.4747 -0.8465 0.2410
vn 0.4810 -0.8480 0.2224
vn 0.3205 -0.9271 0.1943
vn 0.2346 -0.9234 0.3037
vn 0.2431 -0.7432 0.6233
vn 0.3036 -0.7476 0.5907
vn 0.5155 -0.8499 0.1094
vn 0.5072 -0.8561 0.0994
vn -0.9388 0.1706 0.2994
vn -0.9880 -0.0698 0.1377
vn -0.9993 -0.0314 0.0220
vn -0.9712 0.2157 0.1012
vn -0.9833 -0.1575 -0.0906
vn -0.9774 -0.2076 -0.0405
vn -0.9216 0.2536 -0.2938
vn -0.9008 0.3435 -0.2657
vn -0.8639 0.4173 -0.2822
vn -0.8970 -0.3715 -0.2396
vn -0.8312 -0.4524 -0.3232
vn -0.9426 -0.2517 -0.2194
vn -0.9503 -0.2714 -0.1524
vn -0.8620 -0.1253 -0.4912
vn -0.9174 0.0582 -0.3936
vn -0.4984 -0.6038 0.6221
vn -0.5614 -0.6842 0.4654
vn -0.8902 -0.3446 0.2980
vn -0.8088 -0.1975 0.5539
vn -0.6239 -0.7136 0.3186
vn -0.9099 -0.4022 0.1011
vn -0.9008 -0.4285 -0.0697
vn -0.8621 -0.4455 -0.2415
vn -0.7135 -0.6923 0.1082
vn -0.7601 -0.6480 -0.0486
vn -0.7013 -0.6985 -0.1426
vn -0.7556 -0.5637 -0.3337
vn -0.8374 -0.3287 -0.4367
vn -0.7747 -0.6040 -0.1872
vn -0.5044 0.6603 -0.5564
vn -0.5017 0.6669 -0.5509
vn -0.7905 0.5081 -0.3420
vn -0.4822 0.6840 -0.5474
vn -0.5184 0.6238 -0.5849
vn -0.5324 0.6500 -0.5422
vn -0.6152 0.5495 -0.5653
vn -0.7502 0.4623 -0.4728
vn -0.6381 0.5865 -0.4988
vn -0.5664 0.6560 -0.4988
vn -0.5942 0.5677 -0.5698
vn -0.6888 0.4288 -0.5846
vn -0.7028 0.4612 -0.5417
vn -0.7476 0.3360 -0.5729
vn -0.7249 0.3287 -0.6054
vn -0.7288 0.3345 -0.5974
vn -0.8265 0.1766 -0.5344
vn -0.8641 -0.2333 -0.4459
vn -0.7573 0.2410 -0.6070
vn -0.7389 0.3562 -0.5720
vn -0.2176 -0.8521 0.4761
vn -0.2258 -0.8559 0.4653
vn -0.2328 -0.8655 0.4436
vn -0.2787 -0.8538 0.4398
vn -0.3973 -0.8219 0.4082
vn -0.3600 -0.8743 0.3255
vn -0.4928 -0.8282 0.2668
vn -0.5784 -0.8122 0.0762
vn -0.4977 -0.8660 0.0484
vn -0.5332 -0.8221 -0.1997
vn -0.8409 -0.3871 -0.3781
vn -0.6123 -0.7390 -0.2810
vn -0.6682 -0.7359 -0.1091
vn -0.6813 -0.6445 -0.3470
vn -0.6855 -0.5891 -0.4278
vn -0.7785 -0.2881 -0.5576
vn -0.5988 -0.5648 -0.5678
vn -0.7227 -0.1793 -0.6675
vn -0.6971 0.2830 -0.6588
vn -0.6476 0.3535 -0.6750
vn -0.4196 -0.5719 -0.7049
vn -0.5345 -0.1067 -0.8384
vn -0.3388 -0.5920 -0.7313
vn -0.5041 -0.0593 -0.8616
vn -0.5245 0.4993 -0.6897
vn -0.5442 0.4152 -0.7290
vn -0.4738 -0.8170 -0.3288
vn -0.8438 -0.2383 -0.4809
vn -0.6616 -0.1246 -0.7394
vn -0.4040 -0.6997 -0.5892
vn -0.6552 0.5262 -0.5420
vn -0.8025 0.4925 -0.3370
vn -0.4911 0.7364 -0.4653
vn -0.4673 0.6811 -0.5637
vn -0.4999 0.6674 -0.5520
vn -0.6298 0.6663 -0.3993
vn -0.4973 0.6546 -0.5693
vn -0.7707 0.5202 -0.3680
vn -0.7530 0.4879 -0.4416
vn -0.7997 0.5322 -0.2779
vn -0.6327 0.4883 -0.6011
vn -0.5602 0.6093 -0.5612
vn -0.8268 0.3698 -0.4239
vn -0.8711 0.1757 -0.4585
vn -0.7012 0.3264 -0.6339
vn -0.8442 0.0364 -0.5348
vn -0.7337 0.1782 -0.6557
vn -0.7974 -0.0506 -0.6013
vn -0.7825 0.1097 -0.6129
vn -0.8112 0.1127 -0.5738
vn -0.8355 -0.1121 -0.5379
vn -0.7914 -0.0889 -0.6048
vn -0.8220 0.1758 -0.5417
vn -0.7661 0.2399 -0.5963
vn -0.8793 -0.0979 -0.4661
vn -0.8662 -0.1428 -0.4788
vn -0.7062 0.3492 -0.6159
vn -0.7471 0.2992 -0.5936
vn -0.8878 -0.0188 -0.4598
vn -0.8550 0.0627 -0.5148
vn -0.6213 0.4932 -0.6089
vn -0.6377 0.4170 -0.6477
vn -0.7877 0.1809 -0.5889
vn -0.7530 0.2687 -0.6007
vn -0.7005 0.5486 -0.4565
vn -0.7917 0.5285 -0.3063
vn -0.7935 0.2696 -0.5456
vn -0.8593 0.1833 -0.4776
vn -0.9931 0.1159 0.0180
vn -0.9767 0.2144 0.0042
vn -0.9983 0.0392 0.0438
vn -0.7340 -0.3878 0.5576
vn -0.7765 -0.3600 0.5171
vn -0.8100 -0.3087 0.4986
vn -0.9918 -0.0648 0.1104
vn -0.9784 -0.2010 0.0474
vn -0.7244 -0.3962 0.5641
vn -0.6993 -0.3691 0.6122
vn -0.4484 -0.8734 0.1899
vn -0.7761 -0.5859 0.2330
vn -0.9187 -0.3670 -0.1459
vn -0.8044 -0.5347 -0.2590
vn -0.4327 -0.8372 0.3346
vn -0.7341 -0.5597 0.3846
vn -0.5282 -0.6327 0.5663
vn -0.6565 -0.4251 0.6231
vn -0.3748 -0.9270 0.0164
vn -0.3212 -0.9363 0.1417
vn -0.7304 -0.5837 -0.3547
vn -0.7277 -0.5828 -0.3616
vn -0.8021 -0.5543 -0.2221
vn -0.7435 -0.5983 -0.2988
vn -0.4853 -0.8728 0.0523
vn -0.4411 -0.8972 -0.0204
vn -0.8479 -0.4520 -0.2769
vn -0.8448 -0.4971 -0.1979
vn -0.4301 -0.8992 0.0800
vn -0.4864 -0.8666 0.1115
vn -0.2719 -0.9506 -0.1499
vn -0.3431 -0.9391 -0.0169
vn -0.8126 -0.4056 -0.4186
vn -0.7502 -0.3780 -0.5425
vn -0.4892 -0.8609 -0.1399
vn -0.4022 -0.9034 -0.1485
vn -0.5728 -0.7067 -0.4154
vn -0.6039 -0.7639 -0.2277
vn -0.5329 -0.6671 -0.5206
vn -0.2803 -0.9459 -0.1635
vn -0.1744 -0.9031 0.3925
vn -0.1547 -0.9219 0.3552
vn -0.1073 -0.9402 0.3232
vn -0.2141 -0.9340 0.2861
vn 0.0086 -0.9407 0.3391
vn -0.1173 -0.9286 0.3521
vn -0.2902 -0.9478 -0.1318
vn -0.5827 -0.6019 -0.5461
vn -0.6757 -0.5389 -0.5030
vn -0.4319 -0.9019 -0.0004
vn -0.1045 -0.9092 0.4030
vn 0.0644 -0.9213 0.3835
vn 0.0395 -0.9020 0.4300
vn -0.0846 -0.9135 0.3979
vn -0.3062 -0.9175 0.2538
vn -0.2943 -0.9213 0.2543
vn -0.3213 -0.9051 0.2784
vn -0.3032 -0.9175 0.2574
vn -0.3254 -0.9132 0.2455
vn -0.2988 -0.9371 0.1805
vn -0.5080 -0.8585 0.0702
vn -0.7043 -0.5462 -0.4535
vn -0.5896 -0.6394 -0.4935
vn -0.3967 -0.9179 0.0090
vn -0.0869 -0.9367 0.3392
vn -0.0779 -0.9257 0.3701
vn -0.3421 -0.9094 0.2366
vn -0.3428 -0.9123 0.2239
vn -0.3677 -0.9110 0.1870
vn -0.3873 -0.9035 0.1833
vn -0.0170 -0.9026 0.4301
vn -0.0212 -0.9075 0.4196
vn -0.1528 -0.9860 -0.0660
vn -0.3755 -0.7344 -0.5654
vn 0.0471 -0.9987 -0.0179
vn -0.2269 -0.8195 -0.5263
vn -0.1676 -0.9315 -0.3228
vn -0.1339 -0.9832 -0.1240
vn 0.1841 -0.9791 0.0869
vn 0.2797 -0.9561 0.0878
vn -0.0523 -0.9591 0.2783
vn 0.0830 -0.9330 0.3501
vn 0.1942 -0.9389 0.2843
vn -0.0313 -0.9591 0.2813
vn -0.3891 -0.9073 0.1593
vn -0.3277 -0.9234 0.2001
vn -0.3416 -0.9186 0.1989
vn -0.4262 -0.8857 0.1842
vn -0.0068 -0.9610 0.2764
vn 0.2738 -0.9297 0.2464
vn 0.3679 -0.9113 0.1851
vn 0.0695 -0.9729 0.2205
vn -0.4167 -0.8865 0.2012
vn -0.3387 -0.9206 0.1942
vn -0.2907 -0.9402 0.1777
vn -0.3645 -0.9161 0.1671
vn 0.1277 -0.9617 0.2425
vn 0.4170 -0.8844 0.2095
vn 0.3871 -0.8504 0.3564
vn 0.1316 -0.9231 0.3615
vn 0.2022 -0.9203 0.3348
vn 0.2869 -0.9481 0.1371
vn -0.3890 -0.9059 0.1674
vn -0.2702 -0.9409 0.2044
vn -0.2952 -0.9147 0.2761
vn -0.4575 -0.8635 0.2123
vn -0.4462 -0.8779 0.1739
vn -0.2852 -0.9196 0.2703
vn -0.2687 -0.9441 0.1908
vn -0.4078 -0.9033 0.1331
vn 0.1115 -0.9308 0.3480
vn 0.1171 -0.9009 0.4180
vn 0.1038 -0.9636 0.2462
vn 0.1155 -0.9494 0.2921
vn -0.2598 -0.9513 0.1661
vn -0.2385 -0.9619 0.1337
vn -0.3720 -0.9188 0.1317
vn -0.3599 -0.9285 0.0916
vn -0.3741 -0.9259 0.0531
vn -0.1990 -0.9730 0.1172
vn -0.1186 -0.9925 0.0281
vn -0.2886 -0.9564 -0.0455
vn 0.0767 -0.9894 0.1235
vn 0.0748 -0.9762 0.2037
vn -0.1253 -0.9179 0.3766
vn -0.3518 -0.6559 0.6678
vn -0.0163 -0.9437 0.3303
vn 0.2028 -0.9208 0.3332
vn 0.1750 -0.8921 0.4165
vn 0.0112 -0.6979 0.7161
vn 0.0568 -0.9078 0.4156
vn -0.0360 -0.9406 0.3377
vn 0.1357 -0.8664 0.4806
vn 0.1946 -0.8620 0.4680
vn -0.1382 -0.9666 0.2160
vn -0.1900 -0.9584 0.2132
vn 0.0759 -0.9355 0.3450
vn 0.1039 -0.9133 0.3937
vn -0.1445 -0.9533 0.2651
vn -0.0380 -0.9625 0.2687
vn 0.1536 -0.9249 0.3479
vn 0.1022 -0.9290 0.3558
vn -0.0400 -0.9517 0.3043
vn 0.0273 -0.9329 0.3590
vn -0.1280 -0.9670 0.2202
vn -0.5787 -0.8155 -0.0130
vn -0.4991 -0.8612 0.0962
vn -0.4366 -0.8889 0.1388
vn -0.6889 -0.7157 0.1148
vn -0.6567 -0.7510 0.0686
vn -0.3658 -0.9099 0.1957
vn -0.4012 -0.8851 0.2360
vn -0.3097 -0.9471 0.0841
vn -0.5759 -0.8175 -0.0086
vn -0.6681 -0.7325 0.1308
vn -0.4037 -0.8999 0.1648
vn -0.3838 -0.9086 0.1649
vn -0.5911 -0.8039 0.0661
vn -0.5281 -0.8492 -0.0077
vn -0.3641 -0.9234 0.1213
vn -0.4673 -0.8619 0.1970
vn -0.7040 -0.6976 0.1329
vn -0.7353 -0.6604 0.1525
vn -0.4763 -0.8524 0.2159
vn -0.3867 -0.9125 0.1335
vn -0.6203 -0.7842 0.0129
vn -0.6070 -0.7941 -0.0293
vn -0.4169 -0.9025 0.1082
vn -0.5336 -0.8310 0.1572
vn -0.7231 -0.6903 0.0252
vn -0.7250 -0.6884 -0.0217
vn -0.5346 -0.8389 0.1019
vn -0.5216 -0.8456 0.1133
vn -0.7532 -0.6576 -0.0162
vn -0.7166 -0.6849 -0.1317
vn -0.4938 -0.8684 0.0456
vn -0.5534 -0.8328 -0.0131
vn -0.7581 -0.6380 -0.1352
vn -0.7854 -0.5957 -0.1680
vn -0.6231 -0.7793 -0.0669
vn -0.5649 -0.8106 -0.1545
vn -0.7613 -0.6149 -0.2055
vn -0.9273 -0.0507 -0.3709
vn -0.9318 -0.0368 -0.3611
vn -0.8224 -0.5434 -0.1685
vn -0.7958 -0.5782 -0.1800
vn -0.9188 -0.3909 -0.0557
vn -0.9595 0.1179 -0.2560
vn -0.5814 -0.8125 0.0429
vn -0.5158 -0.8567 0.0094
vn -0.9602 0.1626 -0.2272
vn -0.9194 -0.3874 -0.0685
vn -0.8839 -0.4510 -0.1239
vn -0.9633 0.1192 -0.2405
vn -0.9769 0.1641 -0.1366
vn -0.9330 -0.3600 0.0026
vn -0.8387 -0.5344 -0.1048
vn -0.9600 -0.0533 -0.2749
vn -0.8957 -0.2258 -0.3830
vn -0.7348 -0.6503 -0.1927
vn -0.8978 -0.4388 -0.0390
vn -0.9596 -0.0612 -0.2745
vn -0.9785 0.1127 -0.1727
vn -0.9469 -0.3213 0.0121
vn -0.8601 -0.4891 -0.1451
vn -0.9462 -0.0200 -0.3230
vn -0.9252 -0.0336 -0.3780
vn -0.8275 -0.5270 -0.1936
vn -0.9009 -0.4048 -0.1566
vn -0.9423 0.0748 -0.3263
vn -0.9488 0.1327 -0.2866
vn -0.9177 -0.3581 -0.1722
vn -0.9223 -0.3295 -0.2020
vn -0.9428 0.1131 -0.3137
vn -0.9575 0.1200 -0.2623
vn -0.9066 -0.3418 -0.2474
vn -0.9127 -0.3443 -0.2200
vn -0.9634 0.0687 -0.2591
vn -0.4728 0.8109 -0.3449
vn -0.4099 0.7797 -0.4734
vn -0.7589 0.5110 -0.4036
vn -0.7810 0.5922 -0.1984
vn -0.7389 0.4889 -0.4636
vn -0.3707 0.7934 -0.4828
vn -0.9619 0.0187 -0.2726
vn -0.9818 0.1865 -0.0358
vn -0.3350 0.8265 -0.4524
vn -0.7222 0.5169 -0.4596
vn -0.6967 0.6187 -0.3631
vn -0.3304 0.8707 -0.3644
vn -0.3368 0.8846 -0.3226
vn -0.6898 0.6536 -0.3114
vn -0.7146 0.6187 -0.3265
vn -0.3608 0.8706 -0.3346
vn -0.3600 0.8681 -0.3417
vn -0.7268 0.6278 -0.2785
vn -0.7585 0.5323 -0.3760
vn -0.3533 0.8404 -0.4110
vn -0.3633 0.8129 -0.4552
vn -0.7613 0.4214 -0.4928
vn -0.7504 0.4736 -0.4611
vn -0.3763 0.8317 -0.4082
vn -0.3717 0.8489 -0.3757
vn -0.7349 0.5750 -0.3596
vn -0.7348 0.5137 -0.4429
vn -0.3720 0.8312 -0.4132
vn -0.3888 0.8636 -0.3210
vn -0.7351 0.5304 -0.4222
vn -0.7393 0.5876 -0.3289
vn -0.3793 0.8957 -0.2319
vn -0.3468 0.9191 -0.1872
vn -0.7468 0.6039 -0.2784
vn -0.7590 0.5860 -0.2837
vn -0.3297 0.9312 -0.1556
vn -0.3674 0.9246 -0.1008
vn -0.7898 0.5751 -0.2133
vn -0.8218 0.5312 -0.2063
vn -0.4468 0.8931 -0.0526
vn -0.8282 -0.1467 -0.5409
vn -0.6660 0.4977 -0.5556
vn -0.6409 0.5906 -0.4904
vn -0.8677 -0.0107 -0.4969
vn -0.7422 0.3980 -0.5392
vn -0.8057 -0.3604 -0.4701
vn -0.9065 0.4203 0.0398
vn -0.9301 0.2216 0.2928
vn -0.8857 0.3614 -0.2914
vn -0.9855 -0.1566 -0.0647
vn -0.7459 -0.2089 0.6325
vn -0.6669 -0.6264 0.4036
vn -0.2396 -0.8056 0.5419
vn -0.3682 -0.6422 0.6723
vn -0.1823 -0.9629 0.1988
vn -0.0999 -0.9259 0.3644
vn -0.5818 -0.8124 -0.0379
vn -0.2258 -0.9687 0.1035
vn -0.1218 -0.9689 0.2155
vn -0.1024 -0.9470 0.3046
vn -0.8868 -0.1383 -0.4410
vn -0.7736 0.3254 -0.5438
vn -0.7931 -0.5623 -0.2341
vn -0.4881 -0.8562 -0.1692
vn -0.5558 0.6623 -0.5025
vn -0.5593 0.7381 -0.3773
vn -0.6492 0.6856 -0.3293
vn -0.7087 0.5717 -0.4135
vn -0.6157 0.7549 -0.2259
vn -0.5712 0.7814 -0.2514
vn -0.8608 0.4819 -0.1638
vn -0.8663 0.4352 -0.2452
vn -0.8681 0.3820 -0.3169
vn -0.5792 0.7948 -0.1813
vn -0.6024 0.7775 -0.1805
vn -0.6023 0.7910 -0.1073
vn -0.5877 0.8052 -0.0791
vn -0.8581 0.5116 -0.0441
vn -0.8606 0.4968 -0.1121
vn -0.8626 0.4843 0.1459
vn -0.8584 0.5091 0.0627
vn -0.6080 0.7937 0.0170
vn -0.6339 0.7636 0.1231
vn -0.5741 0.8164 0.0620
vn -0.5507 0.8199 0.1563
vn -0.6004 0.7961 0.0757
vn -0.7070 0.7049 0.0574
vn -0.7691 0.6332 -0.0870
vn -0.6724 0.7386 -0.0482
vn -0.8927 0.4464 -0.0620
vn -0.8854 0.4555 0.0929
vn -0.5682 0.8104 -0.1426
vn -0.3458 0.9309 0.1179
vn -0.4695 0.8466 0.2507
vn -0.6328 0.7743 -0.0038
vn -0.0582 0.7846 0.6173
vn 0.0711 0.8700 0.4879
vn -0.3210 0.7058 0.6315
vn -0.6322 0.7603 0.1490
vn -0.7931 0.3916 0.4665
vn -0.8965 0.4411 -0.0410
vn -0.7766 0.6300 0.0036
vn -0.5905 0.6169 0.5204
vn -0.6925 0.6313 -0.3492
vn -0.8987 0.2982 -0.3216
vn -0.7404 0.5101 -0.4377
vn -0.5952 0.7048 -0.3860
vn -0.9147 -0.0422 -0.4020
vn -0.9751 -0.0558 -0.2148
vn -0.7703 0.5733 -0.2793
vn -0.6819 0.6613 -0.3126
vn -0.6680 0.6605 -0.3428
vn -0.7961 0.5440 -0.2651
vn -0.4314 -0.5636 0.7045
vn -0.4556 -0.5397 0.7079
vn -0.4337 -0.5179 0.7374
vn -0.4863 -0.5172 0.7043
vn -0.4179 -0.5457 0.7263
vn -0.3751 -0.5247 0.7642
vn -0.4775 -0.4221 0.7706
vn -0.5277 -0.3311 0.7822
vn -0.5380 -0.4653 0.7029
vn -0.4156 -0.4589 0.7853
vn -0.2427 -0.4524 0.8581
vn -0.5218 -0.3463 0.7796
vn -0.7438 -0.3551 0.5663
vn -0.9780 0.2003 0.0583
vn -0.5918 -0.5194 0.6165
vn -0.9708 0.1483 0.1886
vn -0.9879 0.1304 -0.0840
vn -0.9545 0.2929 -0.0562
vn -0.9610 -0.2436 0.1308
vn -0.9965 -0.0388 -0.0739
vn -0.9938 -0.1101 -0.0156
vn -0.9925 -0.1127 -0.0482
vn -0.8341 -0.3315 0.4408
vn -0.9541 0.2926 0.0642
vn -0.3711 -0.5906 0.7166
vn -0.4662 -0.4695 0.7498
vn -0.9299 -0.2618 -0.2584
vn -0.9613 -0.2173 -0.1693
vn -0.7146 -0.4832 0.5058
vn -0.7783 -0.4790 0.4059
vn -0.6636 -0.4990 0.5574
vn -0.9772 -0.1764 -0.1185
vn -0.9692 -0.2152 -0.1194
vn -0.6001 -0.6043 0.5241
vn -0.6047 -0.6399 0.4742
vn -0.9575 -0.2194 -0.1872
vn -0.7961 -0.5143 0.3189
vn -0.9418 -0.0471 -0.3329
vn -0.8287 0.2121 -0.5179
vn -0.9537 -0.3008 -0.0006
vn -0.9506 -0.1067 -0.2916
vn -0.9452 -0.0728 -0.3184
vn -0.7049 0.2972 -0.6441
vn -0.7721 0.3487 -0.5313
vn -0.9501 -0.1095 -0.2921
vn -0.8534 0.2566 -0.4536
vn -0.9277 0.1134 -0.3557
vn -0.9732 -0.1588 -0.1664
vn -0.8900 0.1096 -0.4427
vn -0.9522 0.1450 -0.2689
vn -0.7111 0.3823 -0.5901
vn -0.6267 0.3874 -0.6762
vn -0.9938 0.1071 -0.0312
vn -0.8960 0.2829 -0.3423
vn -0.8136 -0.0200 -0.5811
vn -0.8384 0.0408 -0.5435
vn -0.6523 0.3148 -0.6895
vn -0.7049 0.2299 -0.6710
vn -0.8569 -0.0330 -0.5145
vn -0.8255 -0.0505 -0.5622
vn -0.7613 0.1775 -0.6236
vn -0.7886 0.1083 -0.6053
vn -0.8449 -0.0109 -0.5348
vn -0.7744 -0.0023 -0.6327
vn -0.7369 -0.0474 -0.6743
vn -0.7973 -0.0107 -0.6035
vn -0.9577 0.1697 -0.2323
vn -0.9772 0.1104 -0.1814
vn -0.9877 0.0029 -0.1565
vn -0.9583 0.0920 -0.2704
vn -0.9926 0.0331 -0.1167
vn -0.9821 0.1174 -0.1472
vn -0.9485 0.2323 -0.2154
vn -0.9257 0.2390 -0.2932
vn -0.9667 0.2223 -0.1265
vn -0.9811 0.1437 -0.1298
vn -0.9690 0.1252 -0.2129
vn -0.9692 0.0833 -0.2317
vn -0.9900 -0.1042 -0.0954
vn -0.9899 -0.0582 -0.1292
vn -0.9866 0.0446 -0.1567
vn -0.9830 0.0735 -0.1684
vn -0.9935 0.0108 -0.1135
vn -0.9937 -0.0659 -0.0904
vn -0.9869 -0.0170 -0.1605
vn -0.9856 -0.1323 -0.1057
vn -0.9936 0.0241 -0.1104
vn -0.9957 0.0147 -0.0912
vn -0.9901 0.1051 -0.0927
vn -0.9975 -0.0435 -0.0557
vn -0.9866 -0.0930 -0.1338
vn -0.9985 0.0510 0.0220
vn -0.9924 0.1100 -0.0557
vn -0.9757 0.2121 -0.0557
vn -0.9778 0.2092 0.0132
vn -0.9936 0.0864 -0.0732
vn -0.9981 -0.0198 -0.0585
vn -0.9996 0.0290 -0.0029
vn -0.9985 0.0515 -0.0159
vn -0.9978 -0.0632 0.0176
vn -0.9983 -0.0253 -0.0527
vn -0.9080 -0.3545 -0.2234
vn -0.9337 -0.3546 -0.0502
vn -0.7437 -0.6651 -0.0677
vn -0.7454 -0.6070 -0.2755
vn -0.9732 0.2034 0.1071
vn -0.9612 0.2005 0.1892
vn -0.9799 -0.0225 0.1981
vn -0.9930 0.0153 0.1173
vn -0.9935 -0.1086 0.0352
vn -0.9978 0.0010 0.0664
vn -0.9867 -0.1372 0.0868
vn -0.9378 -0.3458 0.0302
vn -0.9612 -0.2215 0.1642
vn -0.9885 -0.1051 0.1088
vn -0.9769 0.2127 0.0187
vn -0.9680 0.1896 0.1645
vn -0.9771 -0.1123 0.1808
vn -0.9843 -0.1646 0.0645
vn -0.5754 -0.7699 -0.2760
vn -0.5578 -0.8277 -0.0614
vn -0.4723 -0.8680 -0.1531
vn -0.4466 -0.8638 -0.2333
vn -0.8567 -0.5157 -0.0077
vn -0.9544 -0.2939 0.0521
vn -0.9049 -0.4150 -0.0945
vn -0.8134 -0.5550 -0.1743
vn -0.8706 -0.4912 0.0297
vn -0.9178 -0.3703 0.1433
vn -0.9569 0.0598 0.2841
vn -0.9724 0.2247 -0.0622
vn -0.9616 -0.2590 -0.0908
vn -0.9051 -0.4213 0.0568
vn -0.3375 -0.9396 -0.0575
vn -0.5220 -0.8363 -0.1679
vn -0.6076 -0.7942 -0.0105
vn -0.2938 -0.9422 0.1610
vn -0.6062 -0.7952 0.0144
vn -0.7486 -0.6458 -0.1502
vn -0.7944 -0.5484 -0.2610
vn -0.7257 -0.6869 -0.0384
vn -0.8365 -0.5439 -0.0665
vn -0.8132 -0.5085 -0.2831
vn -0.5226 -0.8519 0.0348
vn -0.8454 -0.5217 -0.1147
vn -0.9391 -0.3303 0.0950
vn -0.6534 -0.7398 0.1605
vn -0.5547 -0.8320 0.0109
vn -0.4425 -0.8580 0.2607
vn -0.2322 -0.9525 0.1972
vn -0.4698 -0.8819 -0.0403
vn -0.2737 -0.9494 0.1540
vn -0.2172 -0.9605 0.1738
vn -0.1672 -0.9483 0.2699
vn -0.0409 -0.9656 0.2567
vn -0.3080 -0.9291 0.2045
vn -0.0574 -0.9694 0.2389
vn -0.2172 -0.9191 0.3288
vn -0.2960 -0.9167 0.2683
vn -0.2761 -0.9317 0.2359
vn -0.2167 -0.9433 0.2513
vn -0.1078 -0.9582 0.2649
vn 0.0256 -0.9640 0.2645
vn 0.0697 -0.9591 0.2742
vn -0.3400 -0.9211 0.1896
vn -0.7118 -0.6162 0.3370
vn -0.4122 -0.7850 0.4624
vn -0.1508 -0.9618 -0.2284
vn -0.6913 -0.5912 -0.4155
vn 0.0595 -0.7723 -0.6325
vn -0.4932 -0.3555 -0.7940
vn 0.0074 -0.9183 -0.3958
vn -0.5432 -0.4935 -0.6793
vn 0.0044 -0.9730 0.2306
vn -0.6069 -0.7825 -0.1394
vn -0.1944 -0.8072 0.5574
vn -0.9194 -0.3850 0.0804
vn -0.9212 -0.3876 0.0348
vn -0.3744 -0.8011 0.4669
vn -0.4800 -0.7720 0.4167
vn -0.9147 -0.3987 -0.0663
vn -0.5387 -0.7461 0.3913
vn -0.8971 -0.4178 -0.1439
vn -0.8978 -0.4126 -0.1539
vn -0.5658 -0.7236 0.3952
vn -0.5962 -0.7007 0.3918
vn -0.9211 -0.3696 -0.1228
vn -0.9567 -0.2847 -0.0598
vn -0.6449 -0.6485 0.4044
vn -0.6979 -0.5557 0.4518
vn -0.9829 -0.1740 0.0602
vn -0.9566 -0.1326 0.2595
vn -0.5858 -0.5378 0.6063
vn -0.1178 -0.7462 0.6553
vn -0.2076 -0.7489 0.6293
vn -0.0940 -0.7672 0.6345
vn 0.0241 -0.7971 0.6034
vn 0.1363 -0.7053 0.6957
vn 0.0901 -0.7571 0.6470
vn -0.0488 -0.7445 0.6658
vn -0.0365 -0.7169 0.6963
vn 0.3003 -0.7292 0.6149
vn 0.1977 -0.6991 0.6872
vn 0.0028 -0.7238 0.6900
vn 0.0603 -0.7454 0.6638
vn 0.2572 -0.8136 0.5214
vn 0.1535 -0.7859 0.5989
vn 0.4073 -0.7409 0.5340
vn 0.4572 -0.7442 0.4869
vn 0.3947 -0.9015 -0.1773
vn 0.4292 -0.8687 0.2474
vn 0.4693 -0.7825 0.4091
vn 0.3589 -0.8865 0.2919
vn 0.0665 -0.9940 0.0869
vn 0.2682 -0.9110 -0.3133
vn 0.3543 -0.8777 0.3225
vn 0.3671 -0.9088 0.1984
vn -0.0341 -0.8471 0.5303
vn 0.0234 -0.6527 0.7572
vn 0.4147 -0.7652 0.4925
vn 0.3665 -0.8432 0.3933
vn 0.1914 -0.5910 0.7836
vn 0.3983 -0.6759 0.6201
vn 0.5088 -0.6574 0.5558
vn 0.4861 -0.6603 0.5725
vn 0.4639 -0.7636 0.4492
vn 0.3860 -0.8331 0.3961
vn 0.3851 -0.7541 0.5320
vn 0.4822 -0.7048 0.5203
vn 0.2057 -0.8324 0.5146
vn 0.0231 -0.8766 0.4808
vn -0.3670 -0.7133 0.5971
vn 0.1217 -0.7390 0.6626
vn -0.4565 -0.8674 0.1981
vn 0.0193 -0.9219 0.3868
vn -0.9773 0.2089 0.0343
vn -0.9690 -0.2025 0.1417
vn -0.8829 -0.4293 -0.1901
vn -0.9677 -0.2466 -0.0528
vn -0.9249 -0.3605 0.1208
vn -0.9830 -0.1757 -0.0542
vn -0.9805 0.1598 0.1143
vn -0.6869 -0.7188 0.1072
vn -0.8189 -0.3159 0.4792
vn -0.5942 -0.8039 0.0271
vn -0.4258 -0.9033 0.0532
vn -0.6323 -0.7739 0.0365
vn -0.6165 -0.7852 0.0575
vn -0.6644 -0.7471 -0.0221
vn -0.5605 -0.8135 0.1551
vn -0.4258 -0.8757 0.2276
vn -0.6566 -0.7338 -0.1744
vn -0.7004 -0.7039 -0.1178
vn -0.7269 -0.6320 -0.2687
vn -0.7074 -0.5929 -0.3848
vn -0.7533 -0.6397 -0.1526
vn -0.6594 -0.7517 -0.0141
vn -0.7232 -0.4431 -0.5298
vn -0.6480 -0.4530 -0.6123
vn -0.5807 -0.4848 -0.6541
vn -0.5998 -0.3394 -0.7246
vn -0.7994 -0.4234 -0.4262
vn -0.5746 -0.2201 -0.7883
vn 0.2099 -0.9558 0.2058
vn 0.1832 -0.9408 0.2851
vn 0.0700 -0.9716 0.2261
vn 0.1343 -0.9781 0.1587
vn -0.2406 -0.9695 0.0462
vn -0.2979 -0.9404 -0.1640
vn 0.2721 -0.9504 0.1504
vn -0.2254 -0.9290 -0.2934
vn -0.1337 -0.9431 -0.3045
vn 0.3488 -0.9277 0.1328
vn -0.7206 -0.4007 -0.5659
vn -0.7431 -0.4566 -0.4893
vn -0.1401 -0.9835 -0.1142
vn -0.2245 -0.9503 -0.2156
vn 0.1825 -0.9790 0.0909
vn 0.2655 -0.9570 0.1172
vn 0.3879 -0.9072 0.1625
vn 0.3629 -0.9254 0.1095
vn 0.3307 -0.9225 0.1989
vn 0.3193 -0.9331 0.1653
vn -0.1570 -0.9386 -0.3071
vn -0.5304 -0.5935 -0.6053
vn -0.2572 -0.9451 -0.2015
vn -0.6084 -0.6710 -0.4238
vn -0.6326 -0.7585 -0.1567
vn -0.4633 -0.8810 -0.0961
vn -0.8065 -0.3787 -0.4540
vn -0.8522 -0.2751 -0.4450
vn -0.9626 -0.2363 0.1325
vn -0.9912 -0.0629 0.1166
vn -0.9216 0.1803 -0.3437
vn -0.9621 -0.2093 -0.1749
vn -0.8677 0.2580 -0.4249
vn -0.7941 0.3551 -0.4933
vn -0.8758 0.2462 -0.4152
vn -0.9476 -0.2118 -0.2391
vn -0.7936 0.2875 -0.5362
vn -0.7826 0.2424 -0.5735
vn -0.5173 -0.8410 0.1583
vn -0.6441 -0.7372 0.2042
vn -0.9901 -0.0854 -0.1118
vn -0.9401 -0.2365 -0.2454
vn -0.8048 0.4923 -0.3316
vn -0.7973 0.4569 -0.3944
vn -0.8301 0.4381 -0.3449
vn -0.8218 0.4775 -0.3109
vn -0.9397 0.2489 -0.2345
vn -0.9260 0.2591 -0.2746
vn -0.9619 -0.2387 -0.1334
vn -0.9644 -0.2449 -0.1000
vn -0.7371 -0.6754 0.0224
vn -0.7889 -0.6098 -0.0754
vn -0.9668 -0.0966 -0.2364
vn -0.9493 -0.1617 -0.2697
vn -0.7507 0.4823 -0.4514
vn -0.7479 0.5161 -0.4175
vn -0.7292 0.5527 -0.4034
vn -0.6734 0.5535 -0.4900
vn -0.8520 0.1877 -0.4887
vn -0.9038 0.2541 -0.3443
vn -0.9327 -0.2825 -0.2243
vn -0.8649 -0.3311 -0.3772
vn -0.8412 -0.5391 0.0412
vn -0.8533 -0.3789 0.3582
vn -0.7731 -0.6297 -0.0759
vn -0.5931 -0.8051 0.0047
vn -0.6926 -0.6781 0.2461
vn -0.7505 -0.4478 0.4861
vn -0.7529 -0.6576 0.0270
vn -0.7699 -0.6348 0.0655
vn -0.5250 -0.8301 0.1877
vn -0.5508 -0.8321 0.0651
vn -0.7603 -0.6470 -0.0580
vn -0.7476 -0.6240 -0.2274
vn -0.5333 -0.8446 -0.0472
vn -0.5118 -0.8497 0.1270
vn -0.8610 -0.2925 -0.4161
vn -0.7715 -0.5675 -0.2876
vn -0.8044 -0.5141 -0.2978
vn -0.8774 -0.2491 -0.4101
vn -0.6147 -0.7722 -0.1606
vn -0.5774 -0.8049 -0.1372
vn -0.2211 -0.9736 0.0566
vn -0.1894 -0.9718 0.1402
vn -0.2757 -0.9611 0.0137
vn 0.1608 -0.9761 0.1464
vn 0.1190 -0.9806 0.1555
vn 0.0827 -0.9819 0.1705
vn -0.8393 0.5436 0.0004
vn -0.9303 -0.3508 0.1076
vn -0.9589 -0.2382 -0.1540
vn -0.9768 0.0791 -0.1992
vn -0.9998 0.0160 -0.0070
vn -0.7115 0.6355 -0.2999
vn -0.8528 -0.5008 0.1482
vn -0.8644 -0.4209 0.2750
vn -0.9357 -0.3502 0.0415
vn -0.9172 -0.3741 -0.1370
vn -0.8016 -0.3748 0.4658
vn -0.8542 -0.2763 0.4404
vn -0.6936 -0.5049 0.5138
vn -0.7924 -0.4218 0.4407
vn -0.9839 -0.1782 0.0093
vn -0.9768 -0.2108 -0.0387
vn -0.5519 -0.7310 0.4013
vn -0.4373 -0.8903 0.1269
vn -0.6776 -0.7157 -0.1693
vn -0.8891 -0.4575 0.0146
vn -0.3699 -0.9257 0.0797
vn -0.3181 -0.9280 0.1940
vn -0.4385 -0.8922 -0.1081
vn -0.5420 -0.8220 -0.1746
vn -0.1138 -0.9828 0.1456
vn -0.2389 -0.9448 0.2241
vn -0.8647 0.2135 -0.4547
vn -0.7845 0.4010 -0.4731
vn -0.8996 0.0289 -0.4357
vn -0.9060 -0.0699 -0.4175
vn -0.8751 0.0625 -0.4798
vn -0.9068 0.1259 -0.4023
vn -0.8850 -0.0987 -0.4550
vn -0.9034 -0.0540 -0.4254
vn -0.8456 0.1135 -0.5216
vn -0.8993 -0.0861 -0.4288
vn -0.9535 -0.2289 -0.1961
vn -0.8914 -0.4070 -0.1995
vn -0.9094 -0.2565 -0.3274
vn -0.9388 -0.1862 -0.2898
vn -0.9405 0.0326 -0.3381
vn -0.9827 -0.0811 -0.1666
vn -0.8573 0.1500 -0.4924
vn -0.7877 0.2851 -0.5462
vn -0.7533 0.3354 -0.5657
vn -0.7788 0.3154 -0.5422
vn -0.9475 0.0347 -0.3177
vn -0.9316 0.1443 -0.3337
vn -0.9901 -0.0905 -0.1071
vn -0.9685 -0.2317 -0.0907
vn -0.8085 0.1489 -0.5693
vn -0.7431 -0.1352 -0.6554
vn -0.6877 -0.0083 -0.7260
vn -0.7414 0.2045 -0.6391
vn -0.8480 -0.4382 -0.2981
vn -0.9227 -0.3624 -0.1313
vn -0.9167 -0.1404 -0.3741
vn -0.8110 -0.2854 -0.5107
vn -0.6914 -0.3534 -0.6301
vn -0.7155 -0.3862 -0.5822
vn -0.6989 -0.0895 -0.7096
vn -0.6081 -0.0969 -0.7879
vn -0.7489 -0.1783 -0.6383
vn -0.7540 -0.3657 -0.5457
vn -0.6773 -0.2268 -0.6999
vn -0.6965 -0.0801 -0.7131
vn -0.8036 0.4592 0.3786
vn -0.8542 0.1977 0.4809
vn -0.8886 0.1100 0.4453
vn -0.8920 0.3593 0.2742
vn -0.8913 0.0861 0.4451
vn -0.8716 0.1544 0.4653
vn -0.9100 -0.0408 0.4125
vn -0.8390 0.2364 0.4901
vn -0.8278 0.3451 0.4423
vn -0.9362 0.1044 0.3355
vn -0.7400 0.6710 0.0459
vn -0.8241 0.5605 -0.0820
vn -0.7529 0.6289 -0.1938
vn -0.6879 0.7215 -0.0791
vn -0.8276 0.5271 0.1928
vn -0.9402 0.3163 0.1266
vn -0.7215 0.6887 0.0722
vn -0.7750 0.6242 -0.0984
vn -0.8074 0.5756 -0.1301
vn -0.9715 0.0769 0.2240
vn -0.9801 0.1334 0.1468
vn -0.8153 0.5694 -0.1054
vn -0.9733 -0.0062 0.2294
vn -0.9311 -0.0896 0.3537
vn -0.7598 0.6354 -0.1377
vn -0.7394 0.6430 -0.1995
vn -0.9538 0.2642 0.1434
vn -0.9522 0.2923 0.0889
vn -0.6900 0.6815 -0.2439
vn -0.6900 0.6915 -0.2140
vn -0.9328 0.3601 -0.0114
vn -0.9196 0.3818 0.0926
vn -0.8060 0.5704 -0.1580
vn -0.9853 0.1205 0.1208
vn -0.9774 0.2105 0.0175
vn -0.7479 0.6140 -0.2523
vn -0.9868 -0.0014 0.1622
vn -0.9767 -0.0455 0.2096
vn -0.9780 0.0262 -0.2068
vn -0.7598 0.5186 -0.3921
vn -0.7825 0.5427 -0.3052
vn -0.9921 -0.0865 -0.0905
vn -0.5248 0.7880 -0.3220
vn -0.5356 0.7642 -0.3593
vn -0.6690 0.6584 -0.3449
vn -0.9304 0.3376 -0.1426
vn -0.8579 0.4559 -0.2371
vn -0.5966 0.7002 -0.3920
vn -0.9999 -0.0137 -0.0078
vn -0.9982 0.0135 0.0585
vn -0.8669 0.4931 -0.0733
vn -0.7514 0.6412 -0.1557
vn -0.9480 0.3160 0.0377
vn -0.9585 0.2763 0.0704
vn -0.9940 0.0719 0.0824
vn -0.9979 0.0587 0.0270
vn -0.7624 0.6207 -0.1829
vn -0.9252 0.3650 -0.1042
vn -0.9976 -0.0666 -0.0195
vn -0.9698 0.2345 -0.0666
vn -0.9987 -0.0517 -0.0025
vn -0.9393 -0.3345 0.0769
vn -0.8890 -0.4532 0.0656
vn -0.9426 -0.3340 -0.0010
vn -0.9959 -0.0273 -0.0857
vn -0.7659 0.5633 -0.3099
vn -0.5492 0.7572 -0.3537
vn -0.9325 0.0305 0.3598
vn -0.9723 -0.1008 0.2110
vn -0.9549 -0.2274 0.1909
vn -0.9242 0.0034 0.3820
vn -0.9429 -0.3176 0.1001
vn -0.8529 -0.5193 0.0543
vn -0.5967 -0.7990 0.0744
vn -0.7588 -0.6486 0.0596
vn -0.5305 -0.8396 0.1170
vn -0.5394 -0.8390 -0.0719
vn -0.6703 -0.7361 -0.0938
vn -0.7545 -0.6375 0.1561
vn -0.6779 -0.6875 -0.2604
vn -0.8338 -0.5475 -0.0712
vn -0.8043 -0.5673 0.1768
vn -0.7836 -0.6030 0.1494
vn -0.8496 -0.5103 0.1333
vn -0.8492 -0.5106 0.1344
vn -0.7663 -0.6403 0.0529
vn -0.6531 -0.7455 0.1333
vn -0.8833 -0.4379 -0.1671
vn -0.9201 -0.2093 -0.3312
vn -0.9661 -0.1985 -0.1648
vn -0.9475 -0.3193 0.0147
vn -0.9194 -0.3331 0.2091
vn -0.8773 -0.4430 0.1845
vn -0.7519 -0.6343 0.1795
vn -0.8639 -0.4652 0.1933
vn -0.9162 -0.3705 0.1527
vn -0.9454 -0.3234 0.0412
vn -0.9369 -0.2953 0.1868
vn -0.9059 -0.3703 0.2055
vn 0.1976 0.8335 -0.5160
vn 0.2718 0.8393 -0.4709
vn -0.0377 0.8733 -0.4858
vn -0.1071 0.8762 -0.4698
vn 0.0041 0.8927 -0.4506
vn 0.3048 0.8678 -0.3925
vn 0.2926 0.9090 -0.2969
vn 0.0073 0.9255 -0.3787
vn -0.0233 0.9480 -0.3173
vn 0.2751 0.9242 -0.2648
vn -0.0278 0.9509 -0.3081
vn 0.2774 0.9180 -0.2833
vn 0.2801 0.9124 -0.2985
vn -0.0221 0.9445 -0.3278
vn 0.2676 0.9153 -0.3009
vn -0.0049 0.9415 -0.3370
vn 0.0070 0.9312 -0.3645
vn 0.2618 0.9186 -0.2961
vn 0.2556 0.9209 -0.2944
vn 0.0019 0.9292 -0.3697
vn -0.0013 0.9431 -0.3325
vn 0.2605 0.9248 -0.2772
vn 0.2774 0.9258 -0.2570
vn 0.0087 0.9475 -0.3196
vn 0.0087 0.9569 -0.2902
vn 0.2840 0.9404 -0.1872
vn 0.2948 0.9502 -0.1013
vn 0.0025 0.9813 -0.1924
vn 0.0425 0.9910 -0.1270
vn 0.3300 0.9430 -0.0428
vn 0.3113 0.9500 0.0235
vn 0.1005 0.9922 -0.0743
vn 0.1099 0.9936 -0.0266
vn 0.1936 0.9795 0.0556
vn 0.1332 0.9856 0.1037
vn 0.0244 0.9963 0.0826
vn 0.0754 0.9970 0.0150
vn 0.1497 0.9872 0.0548
vn 0.3669 0.9294 0.0409
vn 0.0858 0.9946 0.0586
vn 0.1342 0.9830 0.1249
vn 0.3760 0.9111 0.1688
vn 0.4000 0.9148 0.0554
vn 0.0973 0.9906 0.0966
vn 0.0064 0.9173 -0.3981
vn 0.2275 0.8839 -0.4086
vn 0.3180 0.8196 -0.4765
vn 0.1624 0.8741 -0.4578
vn 0.3351 0.7880 -0.5165
vn 0.2098 0.8291 -0.5182
vn -0.1252 0.9451 -0.3019
vn 0.1957 0.9423 -0.2718
vn 0.1969 0.9295 -0.3118
vn -0.0940 0.9391 -0.3306
vn -0.1391 0.9352 -0.3256
vn 0.1556 0.9411 -0.3002
vn 0.1844 0.9395 -0.2888
vn -0.1286 0.9460 -0.2977
vn -0.0775 0.9129 -0.4008
vn 0.1292 0.9369 -0.3248
vn 0.1312 0.9434 -0.3046
vn -0.1199 0.9277 -0.3537
vn -0.0012 0.9116 -0.4112
vn 0.1785 0.9280 -0.3270
vn 0.1530 0.9311 -0.3311
vn -0.0328 0.9062 -0.4217
vn -0.0482 0.9402 -0.3371
vn 0.1902 0.9451 -0.2656
vn 0.1956 0.9294 -0.3129
vn -0.0022 0.9267 -0.3757
vn -0.1106 0.9435 -0.3123
vn 0.1822 0.9589 -0.2173
vn 0.1496 0.9677 -0.2028
vn -0.1316 0.9296 -0.3442
vn -0.0408 0.9198 -0.3902
vn 0.1336 0.9223 -0.3625
vn 0.1243 0.9903 -0.0622
vn 0.1140 0.9850 -0.1299
vn 0.2994 0.8982 -0.3218
vn 0.2360 0.9713 0.0301
vn 0.4488 0.8906 0.0732
vn 0.4276 0.8302 -0.3577
vn -0.0951 0.8390 -0.5358
vn -0.0881 0.8925 -0.4424
vn -0.2875 0.8434 -0.4540
vn -0.2729 0.7951 -0.5416
vn -0.3200 0.8746 -0.3642
vn -0.1399 0.9225 -0.3599
vn -0.2049 0.9295 -0.3067
vn -0.3861 0.8738 -0.2957
vn -0.4447 0.8479 -0.2887
vn -0.2613 0.9181 -0.2980
vn -0.2719 0.9097 -0.3138
vn -0.4501 0.8294 -0.3308
vn -0.4325 0.8254 -0.3629
vn -0.2568 0.9001 -0.3519
vn -0.2329 0.8815 -0.4108
vn -0.4186 0.8117 -0.4073
vn -0.3750 0.7837 -0.4952
vn -0.1934 0.8619 -0.4687
vn -0.8525 0.2868 -0.4371
vn -0.5864 0.7048 -0.3993
vn -0.5612 0.6499 -0.5126
vn -0.8021 0.2943 -0.5196
vn -0.4995 0.6501 -0.5727
vn -0.7344 0.3909 -0.5548
vn -0.6746 0.6804 -0.2863
vn -0.6376 0.7076 -0.3046
vn -0.9023 0.2740 -0.3329
vn -0.9123 0.2642 -0.3129
vn -0.6060 0.6717 -0.4261
vn -0.6653 0.6562 -0.3561
vn -0.8616 0.3036 -0.4069
vn -0.7913 0.3329 -0.5128
vn -0.6813 0.6334 -0.3670
vn -0.6059 0.6828 -0.4081
vn -0.5383 0.7748 -0.3316
vn -0.7492 0.5243 -0.4047
vn -0.7253 0.5943 -0.3475
vn -0.8003 0.4434 -0.4036
vn -0.5639 0.7909 -0.2377
vn -0.6438 0.7500 -0.1517
vn -0.8664 0.4412 -0.2338
vn -0.7796 0.5441 -0.3101
vn -0.6904 0.7119 -0.1288
vn -0.7836 0.5782 -0.2273
vn -0.9118 0.2843 -0.2964
vn -0.8951 0.3844 -0.2258
vn -0.7729 0.4568 -0.4404
vn -0.6971 0.3612 -0.6193
vn -0.8012 0.1138 -0.5875
vn -0.8680 0.1937 -0.4572
vn -0.5979 0.3274 -0.7317
vn -0.5131 0.3234 -0.7951
vn -0.6895 0.1306 -0.7124
vn -0.7483 0.0946 -0.6566
vn -0.4526 0.3638 -0.8141
vn -0.4422 0.4209 -0.7920
vn -0.6209 0.2254 -0.7508
vn -0.6292 0.1947 -0.7525
vn -0.5195 0.4425 -0.7310
vn -0.4679 0.4453 -0.7634
vn -0.6702 0.2217 -0.7083
vn -0.6435 0.2185 -0.7336
vn -0.6716 0.2831 -0.6847
vn -0.6851 0.2611 -0.6801
vn -0.5584 0.4445 -0.7005
vn -0.5415 0.4422 -0.7150
vn -0.4134 0.3033 -0.8586
vn -0.4853 0.3932 -0.7809
vn -0.5453 0.1268 -0.8286
vn -0.6111 0.2383 -0.7548
vn -0.3361 0.2362 -0.9117
vn -0.3133 0.2504 -0.9160
vn -0.5393 -0.0626 -0.8398
vn -0.5217 0.0043 -0.8531
vn -0.8548 0.3100 -0.4162
vn -0.8434 0.3881 -0.3716
vn -0.8875 0.2796 -0.3663
vn -0.8876 0.2103 -0.4098
vn -0.9451 0.1625 -0.2836
vn -0.9355 0.0895 -0.3419
vn -0.9595 0.0023 -0.2815
vn -0.9520 -0.0391 -0.3035
vn -0.9183 0.0287 -0.3948
vn -0.9450 -0.0496 -0.3233
vn -0.9467 -0.0347 -0.3203
vn -0.9586 0.1081 -0.2634
vn -0.9437 0.0899 -0.3184
vn -0.9050 -0.0865 -0.4164
vn -0.9080 -0.0544 -0.4154
vn -0.8755 -0.0308 -0.4822
vn -0.8535 -0.0717 -0.5162
vn -0.8904 0.0651 -0.4505
vn -0.8197 0.0353 -0.5717
vn -0.7878 0.0331 -0.6151
vn -0.7664 0.0597 -0.6396
vn -0.8028 0.0116 -0.5962
vn -0.8224 -0.0155 -0.5686
vn -0.7178 0.0586 -0.6937
vn -0.7365 0.0783 -0.6719
vn -0.7596 -0.0254 -0.6499
vn -0.7846 -0.0057 -0.6200
vn -0.7558 -0.0456 -0.6532
vn -0.7390 -0.0389 -0.6726
vn -0.7318 0.0287 -0.6809
vn -0.7650 0.0269 -0.6435
vn -0.8267 -0.0798 -0.5570
vn -0.7942 -0.0602 -0.6046
vn -0.7906 0.0515 -0.6102
vn -0.7955 0.0648 -0.6025
vn -0.7325 -0.1422 -0.6658
vn -0.8228 -0.1047 -0.5586
vn -0.7472 0.0332 -0.6638
vn -0.6355 -0.0559 -0.7701
vn -0.7488 0.4432 -0.4928
vn -0.5636 0.5660 -0.6017
vn -0.1666 0.8376 -0.5202
vn -0.8288 0.3824 -0.4084
vn -0.6982 0.5850 -0.4127
vn -0.8129 0.4135 -0.4101
vn -0.8314 0.2846 -0.4772
vn -0.8212 0.4157 -0.3908
vn -0.8213 0.3961 -0.4105
vn -0.8810 0.1451 -0.4503
vn 0.0091 -0.8888 0.4582
vn -0.1823 -0.8156 0.5491
vn -0.1931 -0.7677 0.6111
vn 0.0612 -0.8353 0.5464
vn -0.1702 -0.8431 0.5101
vn -0.2031 -0.8100 0.5501
vn -0.5573 -0.7594 0.3356
vn -0.2065 -0.7434 0.6361
vn -0.1482 -0.8879 0.4355
vn -0.3228 -0.8972 0.3015
vn 0.1274 -0.9183 0.3747
vn 0.2201 -0.9279 0.3008
vn 0.0683 -0.9371 0.3422
vn -0.1963 -0.8846 0.4230
vn 0.2263 -0.8317 0.5069
vn 0.3012 -0.8390 0.4533
vn 0.1990 -0.8832 0.4248
vn 0.1663 -0.7723 0.6131
vn 0.1643 -0.8988 0.4063
vn 0.2749 -0.8886 0.3671
vn -0.6019 -0.7016 0.3814
vn -0.4192 -0.8117 0.4067
vn -0.0351 -0.7077 0.7057
vn -0.1172 -0.7185 0.6856
vn -0.0020 -0.9394 0.3428
vn 0.1028 -0.9539 0.2821
vn -0.1381 -0.9518 0.2738
vn -0.2583 -0.8847 0.3881
vn -0.2194 -0.6971 0.6826
vn -0.0077 -0.7731 0.6342
vn 0.0947 -0.6748 0.7319
vn -0.0186 -0.6386 0.7693
vn -0.0920 -0.8724 0.4801
vn -0.3112 -0.7972 0.5174
vn -0.4575 -0.8508 0.2586
vn -0.5545 -0.7259 0.4069
vn -0.7938 -0.5614 0.2341
vn -0.8176 -0.4490 0.3605
vn -0.4437 -0.4881 0.7516
vn -0.1485 -0.6697 0.7276
vn -0.3329 -0.8334 0.4412
vn -0.6040 -0.5497 0.5771
vn -0.7002 -0.3837 0.6021
vn -0.4580 -0.5834 0.6707
vn -0.2546 -0.5687 0.7821
vn -0.5466 -0.4051 0.7329
vn -0.5594 -0.6442 0.5217
vn -0.7867 -0.4068 0.4643
vn -0.5587 0.3013 0.7727
vn -0.6429 -0.0875 0.7609
vn -0.6848 -0.0133 0.7286
vn -0.6137 0.4945 0.6155
vn -0.3838 0.4740 0.7925
vn -0.2822 0.6117 0.7390
vn -0.9586 -0.1229 0.2569
vn -0.9688 -0.1586 0.1907
vn -0.9666 0.2507 0.0536
vn -0.9340 0.3217 0.1555
vn -0.8157 0.5184 0.2567
vn -0.8914 0.0422 0.4513
vn -0.8292 0.0247 0.5584
vn -0.8359 0.4709 0.2820
vn -0.9257 -0.0372 0.3764
vn -0.8074 0.4809 0.3418
vn -0.0458 0.7408 0.6701
vn 0.1506 0.8113 0.5649
vn -0.1390 0.9311 0.3373
vn -0.3967 0.7959 0.4574
vn -0.4829 0.8718 -0.0827
vn -0.5305 0.8099 -0.2501
vn -0.7965 0.5942 -0.1120
vn -0.7400 0.6705 0.0527
vn -0.4564 0.8891 -0.0342
vn -0.6960 0.7157 0.0572
vn -0.6622 0.7422 0.1031
vn -0.5155 0.8567 -0.0152
vn -0.5670 0.7675 0.2990
vn -0.4060 0.9036 0.1367
vn -0.0603 0.9932 0.0992
vn -0.1676 0.9612 0.2189
vn -0.4739 0.8788 -0.0562
vn -0.5301 0.8295 -0.1758
vn 0.1954 0.9452 0.2616
vn 0.1353 0.8895 0.4364
vn 0.1034 0.9098 -0.4019
vn 0.1470 0.8539 -0.4993
vn -0.1872 0.8968 -0.4010
vn -0.1973 0.9465 -0.2555
vn 0.2278 0.8381 0.4956
vn 0.0954 0.9490 0.3005
vn 0.1882 0.9678 -0.1671
vn 0.2505 0.9183 -0.3064
vn -0.1983 0.8971 -0.3949
vn 0.0785 0.9670 -0.2425
vn 0.1480 0.9884 -0.0343
vn -0.6383 0.6136 -0.4648
vn -0.7434 0.5172 -0.4241
vn 0.2844 0.8377 -0.4663
vn 0.3429 0.7931 -0.5035
vn 0.1042 0.8082 -0.5796
vn 0.2627 0.8863 -0.3814
vn 0.0618 0.9442 -0.3236
vn -0.2941 0.7317 -0.6149
vn -0.1996 0.9717 -0.1261
vn -0.2422 0.9619 -0.1270
vn -0.1414 0.9899 -0.0137
vn -0.8087 0.4742 -0.3481
vn -0.8305 0.4929 -0.2593
vn -0.7279 0.6642 -0.1704
vn -0.8161 0.5280 -0.2349
vn -0.7371 0.6478 -0.1927
vn -0.7476 0.6054 -0.2731
vn -0.8931 0.3131 -0.3230
vn -0.6758 0.6240 -0.3923
vn -0.5892 0.6304 -0.5053
vn -0.7638 0.4517 -0.4611
vn -0.7205 0.6410 -0.2646
vn -0.9333 0.1979 -0.2997
vn -0.9420 0.1585 -0.2960
vn -0.7388 0.6492 -0.1810
vn -0.7421 0.6689 -0.0429
vn -0.9202 0.2811 -0.2722
vn -0.7848 0.6198 -0.0046
vn -0.7009 0.7086 0.0818
vn -0.6396 0.7584 0.1252
vn -0.6542 0.7471 -0.1180
vn -0.5997 0.7857 -0.1519
vn -0.6248 0.7789 0.0547
vn -0.5885 0.7914 -0.1652
vn -0.6737 0.7084 -0.2107
vn -0.8927 0.3736 -0.2519
vn -0.9256 0.3096 -0.2179
vn -0.8437 0.5114 -0.1633
vn -0.8621 0.3478 -0.3685
vn -0.7680 0.5337 -0.3540
vn -0.9104 0.1167 -0.3969
vn -0.8204 0.4769 -0.3155
vn -0.8999 0.2421 -0.3628
vn -0.8571 0.2527 -0.4489
vn -0.9153 0.1547 -0.3718
vn -0.8921 0.4205 -0.1657
vn -0.8078 0.5509 -0.2098
vn -0.9131 -0.1916 0.3598
vn -0.8385 -0.0647 0.5411
vn -0.9129 0.2267 0.3395
vn -0.9236 0.1259 0.3621
vn -0.6479 -0.7158 0.2603
vn -0.8309 -0.4268 0.3570
vn -0.9289 -0.0323 0.3690
vn -0.9170 -0.3005 0.2625
vn -0.7753 -0.6311 0.0242
vn -0.6005 -0.7803 -0.1748
vn -0.2593 -0.9654 -0.0276
vn -0.3892 -0.9166 0.0912
vn -0.7413 -0.6662 -0.0813
vn -0.8724 -0.4610 0.1624
vn -0.6873 -0.6509 0.3224
vn -0.4735 -0.8741 0.1088
vn -0.9259 -0.3077 0.2192
vn -0.9488 -0.2496 0.1937
vn -0.7867 -0.5690 0.2394
vn -0.7776 -0.5359 0.3289
vn -0.9226 -0.3527 0.1561
vn -0.8436 -0.5353 0.0414
vn -0.5893 -0.8059 0.0562
vn -0.7038 -0.6979 0.1326
vn -0.7768 -0.6266 -0.0631
vn -0.8583 -0.5120 -0.0345
vn -0.6873 -0.6977 0.2022
vn -0.5977 -0.7980 0.0770
vn -0.9778 -0.2085 -0.0200
vn -0.9488 -0.3154 -0.0145
vn -0.7598 -0.5668 0.3186
vn -0.7772 -0.5207 0.3534
vn -0.9421 -0.3353 -0.0003
vn -0.9711 -0.2385 0.0051
vn -0.7653 -0.5281 0.3681
vn -0.7342 -0.5780 0.3562
vn -0.9043 -0.4236 -0.0533
vn -0.8608 -0.4675 -0.2011
vn -0.7193 -0.6237 0.3058
vn -0.7136 -0.6694 0.2066
vn -0.7952 -0.2774 -0.5391
vn -0.8064 -0.4144 -0.4219
vn -0.6927 -0.7186 0.0623
vn -0.7210 -0.6839 -0.1114
vn -0.2606 -0.8824 0.3918
vn -0.2044 -0.8667 0.4550
vn -0.2576 -0.9284 0.2680
vn 0.1699 -0.9491 0.2653
vn 0.2969 -0.8946 0.3340
vn 0.3153 -0.8642 0.3920
vn -0.2263 -0.9636 0.1422
vn -0.2603 -0.9599 0.1037
vn -0.1259 -0.9768 0.1730
vn 0.0098 -0.9804 0.1968
vn -0.3531 -0.9182 0.1795
vn -0.4125 -0.8423 0.3470
vn -0.2468 -0.8912 0.3805
vn -0.2112 -0.9467 0.2433
vn -0.4074 -0.7548 0.5141
vn -0.2460 -0.8093 0.5335
vn -0.3857 -0.6964 0.6052
vn -0.2133 -0.7348 0.6439
vn -0.3309 -0.6878 0.6461
vn -0.3783 -0.6660 0.6429
vn -0.1339 -0.7033 0.6981
vn -0.0030 -0.7151 0.6991
vn -0.1401 -0.7236 0.6759
vn -0.2570 -0.7075 0.6583
vn 0.2601 -0.6368 0.7258
vn 0.1455 -0.6983 0.7009
vn -0.1070 -0.8083 0.5790
vn -0.0385 -0.7529 0.6570
vn 0.3092 -0.5831 0.7513
vn 0.2702 -0.5814 0.7674
vn -0.8440 0.1530 -0.5141
vn -0.7284 0.4669 -0.5014
vn -0.7809 0.3535 -0.5150
vn -0.8661 0.1098 -0.4877
vn -0.5830 -0.7869 -0.2023
vn -0.2836 -0.9585 -0.0281
vn -0.1310 -0.9728 -0.1910
vn -0.4581 -0.7844 -0.4182
vn 0.1933 -0.9811 -0.0094
vn 0.1749 -0.9771 0.1214
vn -0.7736 -0.2286 -0.5910
vn -0.6512 -0.4996 -0.5712
vn -0.7911 -0.5146 -0.3307
vn -0.8748 -0.2259 -0.4286
vn -0.8701 -0.2804 -0.4054
vn -0.4387 0.2691 -0.8574
vn -0.7036 0.3846 -0.5975
vn -0.8346 0.2740 -0.4778
vn -0.2134 0.4652 -0.8591
vn -0.6008 0.0745 -0.7959
vn -0.8161 0.0734 -0.5733
vn -0.6063 0.4163 -0.6776
vn 0.6362 0.0181 -0.7713
vn 0.0163 -0.5415 -0.8405
vn -0.3304 -0.1689 -0.9286
vn 0.2240 0.2905 -0.9303
vn 0.6335 -0.7735 -0.0176
vn 0.4456 -0.7931 -0.4153
vn 0.9207 -0.2260 -0.3182
vn 0.9252 -0.3789 -0.0195
vn 0.3626 -0.9236 0.1241
vn 0.0951 -0.9915 -0.0890
vn 0.3416 -0.8874 -0.3095
vn 0.6423 -0.7662 -0.0209
vn -0.1673 -0.6224 -0.7646
vn -0.4431 -0.8045 -0.3956
vn -0.6805 -0.1839 -0.7093
vn -0.4491 0.0256 -0.8931
vn -0.6307 0.2710 -0.7272
vn -0.7199 -0.0057 -0.6940
vn -0.7823 -0.0314 -0.6221
vn -0.8349 -0.1499 -0.5295
vn -0.7637 0.1817 -0.6195
vn -0.8621 -0.0558 -0.5037
vn -0.8893 -0.2725 -0.3672
vn -0.8547 -0.2520 -0.4538
vn -0.8328 -0.5216 -0.1853
vn -0.8132 -0.5711 -0.1122
vn -0.3871 -0.8375 0.3857
vn -0.3692 -0.8168 0.4434
vn 0.0765 -0.7142 0.6958
vn 0.1447 -0.6591 0.7380
vn 0.6486 -0.7248 0.2323
vn 0.2505 -0.8028 0.5411
vn -0.1066 -0.9492 0.2959
vn 0.5155 -0.8520 -0.0916
vn -0.6406 -0.7410 -0.2015
vn -0.0179 -0.8594 -0.5110
vn -0.6968 -0.3247 -0.6396
vn 0.1019 -0.4492 -0.8876
vn -0.5978 -0.0422 -0.8005
vn 0.1769 -0.1114 -0.9779
vn 0.7834 -0.1721 -0.5972
vn 0.7342 -0.4987 -0.4608
vn 0.8846 -0.4606 -0.0732
vn 0.9345 -0.2175 -0.2818
vn 0.3287 0.4617 -0.8239
vn 0.2855 0.2473 -0.9259
vn -0.4589 0.2773 -0.8441
vn -0.3021 0.4521 -0.8392
vn 0.6698 -0.5816 0.4616
vn 0.3403 -0.6854 0.6437
vn 0.2099 -0.6501 0.7303
vn 0.5900 -0.5037 0.6311
vn 0.7876 0.2984 -0.5391
vn 0.8231 0.1208 -0.5549
vn 0.9824 -0.0418 -0.1820
vn 0.9868 0.0803 -0.1404
vn 0.9381 -0.3123 0.1497
vn 0.9468 -0.1747 0.2704
vn -0.1708 -0.9851 0.0220
vn -0.2742 -0.9330 0.2332
vn -0.6300 -0.7661 0.1273
vn -0.5415 -0.8381 -0.0664
vn 0.3368 -0.8228 0.4577
vn 0.3350 -0.8360 0.4346
vn 0.1104 -0.8960 0.4301
vn 0.1140 -0.8878 0.4458
vn 0.1453 -0.9264 0.3473
vn 0.1243 -0.9168 0.3795
vn 0.3365 -0.8632 0.3763
vn 0.3105 -0.8864 0.3433
vn -0.9661 -0.2530 0.0515
vn -0.9422 -0.2915 -0.1652
vn -0.8769 0.4499 -0.1692
vn -0.9153 0.3976 -0.0647
vn -0.3245 -0.8740 0.3616
vn -0.2914 -0.8957 0.3360
vn -0.7480 -0.6438 0.1609
vn -0.6806 -0.6924 0.2395
vn -0.2635 -0.9204 0.2889
vn -0.2514 -0.9440 0.2136
vn -0.7203 -0.6927 -0.0371
vn -0.7797 -0.6231 0.0611
vn -0.9818 -0.1535 0.1122
vn -0.9417 0.3248 -0.0881
vn -0.9976 -0.0532 -0.0445
vn -0.9525 0.2263 -0.2040
vn -0.9092 0.3228 -0.2628
vn -0.8578 0.4484 -0.2512
vn -0.9076 0.0491 -0.4169
vn -0.9112 -0.0717 -0.4057
vn -0.9101 -0.1355 -0.3916
vn -0.9724 -0.0100 -0.2332
vn -0.9135 0.1816 -0.3640
vn -0.8245 0.1592 -0.5430
vn -0.7863 -0.4951 -0.3696
vn -0.7719 -0.4799 -0.4169
vn -0.2598 -0.9610 -0.0950
vn -0.4207 -0.9049 -0.0647
vn -0.9390 0.0515 -0.3400
vn -0.9319 0.1829 -0.3133
vn -0.8976 -0.1599 -0.4109
vn -0.8867 -0.2200 -0.4066
vn -0.8133 0.0484 -0.5798
vn -0.8980 0.0095 -0.4399
vn -0.8456 -0.2342 -0.4797
vn -0.7597 -0.2184 -0.6125
vn 0.1068 -0.9469 0.3032
vn 0.2522 -0.9332 0.2560
vn -0.0202 -0.9280 0.3720
vn 0.2220 -0.9313 0.2888
vn -0.8102 -0.4499 -0.3756
vn -0.8011 -0.4827 -0.3538
vn -0.5345 -0.8339 -0.1375
vn -0.5954 -0.7726 -0.2205
vn -0.6442 -0.4200 -0.6392
vn -0.7594 -0.4266 -0.4912
vn -0.5459 -0.7098 -0.4451
vn -0.4260 -0.6533 -0.6259
vn -0.4529 -0.8914 0.0147
vn -0.7400 -0.6617 -0.1206
vn -0.6102 -0.7663 0.2012
vn -0.7503 -0.6504 0.1181
vn -0.0422 -0.9776 0.2064
vn -0.1337 -0.9907 0.0264
vn -0.2638 -0.9618 0.0729
vn -0.2000 -0.9322 0.3016
vn -0.2842 -0.8015 -0.5262
vn -0.1704 -0.9448 -0.2799
vn -0.6007 -0.6479 -0.4684
vn -0.3640 -0.8971 -0.2504
vn -0.6805 -0.7312 -0.0481
vn -0.6607 -0.7345 0.1548
vn -0.7286 -0.6773 0.1025
vn -0.7272 -0.6842 -0.0549
vn -0.7052 -0.6596 -0.2599
vn -0.7342 -0.6492 -0.1987
vn -0.7800 -0.5041 -0.3708
vn -0.7588 -0.5805 -0.2954
vn -0.9980 0.0604 -0.0200
vn -0.8847 -0.4566 0.0941
vn -0.9798 -0.0218 0.1986
vn -0.7359 -0.6076 0.2989
vn -0.9129 -0.3930 -0.1106
vn -0.9337 0.1712 -0.3144
vn -0.8686 -0.3231 -0.3756
vn -0.8227 0.2312 -0.5193
vn -0.7450 -0.2580 -0.6151
vn -0.8286 0.1693 -0.5337
vn -0.8758 -0.2680 -0.4014
vn -0.7038 -0.4621 -0.5395
vn -0.7388 -0.5943 -0.3177
vn -0.8840 -0.4053 -0.2329
vn -0.7017 -0.7011 -0.1266
vn -0.8448 -0.5303 -0.0717
vn -0.8865 0.1059 -0.4505
vn -0.6887 -0.2178 -0.6915
vn -0.7561 -0.1345 -0.6405
vn -0.9131 0.1454 -0.3808
vn -0.9398 0.1932 -0.2819
vn -0.9599 -0.0166 -0.2799
vn -0.6224 -0.3848 -0.6816
vn -0.8252 -0.1757 -0.5368
vn -0.7774 -0.0950 -0.6218
vn -0.5824 -0.3095 -0.7517
vn -0.8684 -0.1052 -0.4845
vn -0.9784 0.0131 -0.2065
vn -0.9706 -0.1831 -0.1561
vn -0.7885 -0.2416 -0.5656
vn -0.6119 -0.2101 -0.7625
vn -0.7514 -0.0032 -0.6599
vn -0.7873 0.0971 -0.6089
vn -0.7191 -0.0913 -0.6889
vn -0.8398 0.1152 -0.5305
vn -0.9205 0.2231 -0.3207
vn -0.8629 0.3184 -0.3924
vn -0.8096 0.2298 -0.5402
vn -0.9906 0.1021 0.0914
vn -0.9620 -0.2730 -0.0068
vn -0.9321 -0.3284 0.1528
vn -0.9736 0.0699 0.2171
vn -0.7961 -0.6008 0.0729
vn -0.7826 -0.5976 0.1741
vn -0.9212 -0.3067 0.2394
vn -0.9611 0.0567 0.2702
vn -0.9714 0.1900 -0.1422
vn -0.9588 -0.0570 -0.2782
vn -0.9742 -0.1629 -0.1561
vn -0.9885 0.1443 -0.0455
vn -0.9213 0.3207 -0.2198
vn -0.9008 0.0936 -0.4240
vn -0.9297 0.0253 -0.3675
vn -0.9490 0.2326 -0.2129
vn -0.8584 0.2787 -0.4306
vn -0.8685 0.1865 -0.4593
vn -0.9051 0.3849 -0.1807
vn -0.9110 0.3873 -0.1416
vn -0.8376 0.5025 0.2143
vn -0.8142 0.5480 0.1918
vn -0.5562 0.8238 0.1097
vn -0.5834 0.8046 0.1107
vn -0.5401 0.8318 0.1282
vn -0.7992 0.5811 0.1535
vn -0.8008 0.5872 0.1178
vn -0.5450 0.8205 0.1726
vn -0.5476 0.8004 0.2439
vn -0.8117 0.5736 0.1101
vn -0.8083 0.5803 0.0995
vn -0.5574 0.7726 0.3040
vn -0.5568 0.7326 0.3915
vn -0.7850 0.6078 0.1197
vn -0.7962 0.5628 0.2222
vn -0.5731 0.6366 0.5161
vn -0.6074 0.3991 0.6869
vn -0.8371 0.4166 0.3545
vn -0.5572 0.1351 0.8193
vn -0.8799 0.1813 0.4393
vn -0.3928 -0.1760 0.9026
vn -0.8277 -0.1019 0.5518
vn -0.9895 0.1338 -0.0550
vn -0.9541 0.2794 -0.1080
vn -0.6393 -0.4510 0.6228
vn -0.4466 -0.7496 0.4885
vn -0.2024 -0.5353 0.8201
vn -0.1041 -0.8184 0.5651
vn -0.9059 -0.3620 0.2199
vn -0.9902 -0.0828 0.1122
vn -0.3681 -0.8871 0.2786
vn -0.0866 -0.9555 0.2822
vn -0.0864 -0.9896 0.1151
vn -0.3657 -0.9153 0.1690
vn -0.8477 -0.4728 0.2407
vn -0.8550 -0.4768 0.2040
vn -0.1040 -0.9945 -0.0081
vn -0.3430 -0.9346 0.0945
vn -0.3635 -0.9316 -0.0039
vn -0.1843 -0.9729 -0.1398
vn -0.7393 -0.6345 0.2254
vn -0.8006 -0.5309 0.2779
vn -0.5191 -0.8439 -0.1354
vn -0.4251 -0.8412 -0.3342
vn -0.7741 -0.4623 -0.4325
vn -0.8534 -0.4663 -0.2327
vn -0.8703 -0.4910 0.0387
vn -0.7062 -0.6956 0.1320
vn -0.9815 -0.0091 -0.1914
vn -0.9980 -0.0285 0.0573
vn -0.9209 0.0171 -0.3893
vn -0.8501 0.4368 -0.2942
vn -0.9093 0.3987 -0.1196
vn -0.9398 0.3366 0.0595
vn -0.7293 0.6840 0.0173
vn -0.8050 0.5684 0.1703
vn -0.6650 0.7329 -0.1435
vn -0.6272 0.7694 0.1213
vn -0.5024 0.8640 -0.0330
vn -0.7656 0.5633 0.3106
vn -0.4677 0.8835 0.0256
vn -0.6776 0.7169 0.1641
vn -0.7752 0.5995 0.1993
vn -0.5336 0.8404 0.0951
vn -0.9313 0.2181 0.2917
vn -0.8569 0.3945 0.3318
vn -0.8273 0.5125 0.2301
vn -0.5833 0.8026 0.1247
vn -0.9500 0.0981 0.2964
vn -0.0237 -0.4301 0.9025
vn -0.1848 -0.0352 0.9821
vn -0.1062 0.1483 0.9832
vn -0.0080 -0.2711 0.9625
vn 0.0074 -0.7623 0.6471
vn 0.0234 -0.8066 0.5907
vn -0.0108 -0.9566 0.2913
vn 0.0064 -0.9509 0.3093
vn -0.0237 -0.9930 0.1153
vn -0.0410 -0.9923 0.1165
vn -0.0824 -0.9964 -0.0199
vn -0.0831 -0.9964 -0.0173
vn -0.1716 -0.9670 -0.1884
vn -0.2135 -0.9515 -0.2217
vn -0.4155 -0.8164 -0.4010
vn -0.4731 -0.7640 -0.4387
vn -0.6868 -0.3668 -0.6275
vn -0.7005 -0.4255 -0.5729
vn -0.8269 0.0304 -0.5615
vn -0.7555 0.0893 -0.6490
vn -0.7030 0.4872 -0.5181
vn -0.7836 0.4404 -0.4382
vn -0.6039 0.7529 -0.2616
vn -0.5371 0.7813 -0.3180
vn -0.3815 0.9120 -0.1508
vn -0.4331 0.8939 -0.1159
vn -0.2746 0.9615 -0.0100
vn -0.3632 0.9314 0.0240
vn -0.3748 0.9266 0.0290
vn -0.2729 0.9618 -0.0204
vn -0.3573 0.9336 0.0278
vn -0.2718 0.9623 -0.0139
vn -0.2909 0.9559 -0.0413
vn -0.3531 0.9353 -0.0217
vn -0.2176 -0.6251 0.7496
vn -0.1275 -0.9087 0.3975
vn -0.5251 -0.3513 0.7751
vn -0.4481 -0.7387 0.5036
vn -0.0914 -0.9855 0.1433
vn -0.4454 -0.8619 0.2425
vn -0.5080 -0.8610 0.0248
vn -0.1570 -0.9874 -0.0192
vn -0.7265 -0.6546 -0.2091
vn -0.3907 -0.8836 -0.2581
vn -0.6205 -0.6306 -0.4662
vn -0.8232 -0.4110 -0.3916
vn -0.8716 -0.0172 -0.4899
vn -0.7552 -0.2282 -0.6145
vn -0.6136 0.7056 -0.3545
vn -0.6384 0.5958 -0.4873
vn -0.7464 0.2208 -0.6278
vn -0.7861 0.3689 -0.4959
vn -0.4661 0.8348 -0.2929
vn -0.4355 0.8768 -0.2038
vn -0.3240 0.9424 -0.0834
vn -0.3333 0.9333 -0.1334
vn -0.2711 0.9620 -0.0313
vn -0.2622 0.9641 -0.0417
vn -0.2478 0.9684 -0.0298
vn -0.2683 0.9630 -0.0260
vn -0.3812 0.9086 0.1708
vn -0.3549 0.9298 0.0978
vn -0.2963 0.9515 0.0827
vn -0.3155 0.9307 0.1851
vn -0.3461 0.9014 0.2600
vn -0.4119 0.8772 0.2466
vn -0.3485 0.9373 -0.0047
vn -0.4271 0.9042 0.0020
vn -0.8370 0.5292 0.1395
vn -0.4021 0.9150 0.0323
vn -0.9774 -0.0794 -0.1959
vn -0.9872 -0.1591 -0.0121
vn -0.9452 0.2662 -0.1889
vn -0.4209 0.8398 0.3429
vn -0.3644 0.8719 0.3271
vn -0.3551 0.8312 0.4278
vn -0.4356 0.7828 0.4444
vn -0.9011 -0.3082 0.3050
vn -0.8194 -0.3704 0.4374
vn -0.8701 0.0877 0.4849
vn -0.8636 -0.4870 0.1302
vn -0.8316 0.4822 -0.2754
vn -0.6536 0.7447 -0.1347
vn -0.4856 0.8676 -0.1075
vn -0.2589 0.9657 -0.0201
vn -0.2484 0.9683 -0.0273
vn -0.2599 0.9656 0.0089
vn -0.2498 0.9683 -0.0072
vn -0.3407 0.9401 0.0078
vn -0.3692 0.9292 0.0187
vn -0.5203 0.7973 0.3058
vn -0.7499 0.4459 0.4887
vn -0.4822 0.2505 0.8395
vn -0.3178 0.7764 0.5443
vn -0.3578 0.9330 0.0388
vn -0.2874 0.9577 0.0171
vn -0.2926 0.9491 0.1169
vn -0.3161 0.9116 0.2630
vn -0.2745 0.9368 0.2169
vn -0.3040 0.8936 0.3303
vn -0.2645 0.9632 0.0486
vn -0.2511 0.9625 0.1029
vn -0.4659 0.6734 0.5740
vn -0.3168 0.7366 0.5975
vn -0.4365 0.4796 0.7612
vn -0.2620 0.6329 0.7286
vn -0.3305 0.2536 0.9091
vn -0.1767 0.4312 0.8848
vn -0.2556 0.9166 0.3073
vn -0.2613 0.8550 0.4479
vn -0.2058 0.7832 0.5868
vn -0.1383 0.6080 0.7818
vn -0.1738 0.4348 0.8836
vn -0.1957 -0.0706 0.9781
vn -0.2848 0.9471 0.1481
vn -0.5341 -0.8349 0.1328
vn -0.6269 -0.7786 0.0267
vn -0.9346 -0.2188 0.2805
vn -0.8054 -0.5524 0.2151
vn -0.9489 -0.0792 0.3055
vn -0.8219 -0.4772 0.3112
vn -0.7983 -0.3192 0.5108
vn -0.9019 0.0875 0.4230
vn -0.8323 0.2951 0.4693
vn -0.7770 -0.0510 0.6275
vn -0.8023 0.1563 0.5761
vn -0.8515 0.3840 0.3571
vn -0.9356 0.2430 0.2563
vn -0.8330 0.1659 0.5279
vn -0.8700 -0.0728 0.4877
vn -0.9702 -0.0673 0.2328
vn -0.8719 -0.4140 0.2614
vn -0.8714 -0.2793 0.4033
vn -0.6916 -0.2114 0.6906
vn -0.7182 -0.0077 0.6958
vn -0.7493 0.2061 0.6293
vn -0.9316 -0.2043 0.3007
vn -0.8774 -0.3823 0.2899
vn -0.9433 -0.1747 0.2821
vn -0.9679 0.0736 0.2403
vn -0.9311 0.2747 0.2401
vn -0.9517 -0.0471 0.3034
vn -0.9801 0.0029 0.1984
vn -0.9310 0.3492 0.1060
vn -0.9357 0.3266 -0.1333
vn -0.9986 -0.0188 0.0497
vn -0.9942 0.0313 -0.1027
vn -0.8643 0.3295 -0.3801
vn -0.8779 0.2838 -0.3857
vn -0.9065 0.2212 -0.3596
vn -0.7813 0.3005 -0.5471
vn -0.8123 0.2204 -0.5400
vn -0.7537 0.1230 -0.6456
vn -0.7411 0.2656 -0.6166
vn -0.8093 0.3363 -0.4817
vn -0.9540 0.1485 -0.2603
vn -0.7057 0.4185 -0.5718
vn -0.7299 0.4624 -0.5034
vn -0.5480 0.6030 -0.5797
vn -0.5463 0.5612 -0.6218
vn -0.6621 0.4265 -0.6162
vn -0.5572 0.5262 -0.6423
vn -0.6468 0.4411 -0.6222
vn -0.5693 0.5173 -0.6390
vn -0.4795 0.5751 -0.6629
vn -0.5029 0.6168 -0.6056
vn -0.6140 0.5139 -0.5991
vn -0.5205 0.5438 -0.6583
vn -0.5430 0.5690 -0.6176
vn -0.5038 0.5723 -0.6470
vn -0.5218 0.5881 -0.6180
vn -0.5267 0.6213 -0.5802
vn -0.6287 0.5573 -0.5424
vn -0.6367 0.4963 -0.5902
vn -0.9452 0.3233 -0.0457
vn -0.7220 0.5121 -0.4652
vn -0.7434 0.5937 -0.3082
vn -0.8274 0.5616 0.0038
vn -0.9045 0.3999 0.1479
vn -0.9662 0.1901 0.1743
vn -0.9687 0.1688 0.1821
vn -0.9791 0.1741 0.1053
vn -0.9077 0.1316 0.3985
vn -0.9632 0.1343 0.2330
vn -0.8748 0.4048 0.2661
vn -0.7908 0.0167 0.6118
vn -0.8048 0.5192 0.2875
vn -0.9348 0.2940 0.1993
vn -0.7521 0.6050 0.2614
vn -0.8639 0.4631 0.1983
vn -0.9138 0.3911 0.1097
vn -0.9899 0.1077 0.0927
vn -0.9941 0.0639 -0.0879
vn -0.9748 0.2139 -0.0632
vn -0.7920 0.5991 0.1173
vn -0.7612 0.6223 0.1826
vn -0.8737 -0.2485 -0.4183
vn -0.8732 0.0281 -0.4865
vn -0.6601 -0.2198 -0.7183
vn -0.6936 0.2695 -0.6681
vn -0.7988 0.5942 0.0941
vn -0.8286 0.5469 0.1197
vn -0.9504 0.1427 -0.2762
vn -0.9672 0.1944 -0.1633
vn -0.8981 0.1917 -0.3958
vn -0.8694 0.4703 0.1516
vn -0.8598 0.4893 0.1459
vn -0.8449 0.5341 0.0289
vn -0.4476 -0.3082 -0.8394
vn -0.5436 -0.4650 -0.6987
vn 0.0384 -0.5409 -0.8402
vn -0.2263 -0.4589 -0.8592
vn -0.7339 -0.4061 -0.5445
vn -0.4962 -0.4318 -0.7532
vn 0.2163 -0.5196 -0.8266
vn 0.3220 -0.4467 -0.8347
vn -0.0494 -0.2991 -0.9530
vn 0.4352 -0.3781 -0.8171
vn -0.4946 0.2983 -0.8163
vn -0.7860 0.5392 -0.3023
vn -0.8782 0.2887 -0.3813
vn -0.5894 0.0942 -0.8023
vn -0.0643 -0.0195 -0.9977
vn 0.0011 0.1626 -0.9867
vn -0.4823 0.3399 -0.8074
vn -0.5499 0.1959 -0.8119
vn -0.7633 0.4974 -0.4123
vn -0.5372 0.4154 -0.7341
vn -0.9308 0.2086 -0.3002
vn -0.9685 0.2137 -0.1277
vn -0.9027 0.4065 -0.1410
vn -0.9757 0.1795 -0.1253
vn -0.4049 -0.1804 -0.8964
vn -0.5001 0.1092 -0.8591
vn -0.9242 0.0741 -0.3746
vn -0.8196 -0.1994 -0.5371
vn -0.7287 -0.2719 -0.6285
vn -0.5394 -0.0347 -0.8413
vn -0.9825 0.1694 -0.0770
vn -0.9824 0.1308 -0.1331
vn -0.9797 0.1800 -0.0887
vn -0.9842 0.1463 -0.0994
vn -0.9595 -0.2068 -0.1911
vn -0.9115 -0.2437 -0.3313
vn -0.8341 -0.3754 -0.4041
vn -0.9050 -0.3415 -0.2537
vn -0.9409 0.3312 -0.0714
vn -0.9282 0.3595 -0.0961
vn -0.9817 0.1479 -0.1197
vn -0.9848 0.1339 -0.1103
vn -0.9796 0.1796 -0.0906
vn -0.9789 0.1804 -0.0961
vn -0.9838 0.1206 -0.1329
vn -0.9850 0.1369 -0.1050
vn -0.9838 0.1421 -0.1096
vn -0.9845 0.1413 -0.1036
vn -0.9759 0.1287 -0.1765
vn -0.9233 0.3575 -0.1406
vn -0.9402 0.3306 -0.0818
vn -0.9841 0.1311 -0.1202
vn -0.9869 -0.1157 -0.1127
vn -0.9833 -0.1552 -0.0955
vn -0.9692 -0.1924 -0.1538
vn -0.9574 0.0573 -0.2829
vn -0.8828 0.4170 -0.2161
vn -0.9511 0.1568 -0.2663
vn -0.6095 0.4456 -0.6557
vn -0.6548 0.4111 -0.6342
vn -0.6836 0.1458 -0.7152
vn -0.8458 0.1456 -0.5132
vn -0.9813 0.1125 -0.1559
vn -0.9809 0.1658 -0.1019
vn -0.9863 0.1367 -0.0923
vn -0.9919 0.0618 -0.1108
vn -0.8151 0.2847 -0.5045
vn -0.9485 -0.0080 -0.3166
vn -0.9573 0.0339 -0.2870
vn -0.9797 0.0100 -0.2002
vn -0.6776 -0.0157 -0.7352
vn -0.8839 0.1507 -0.4428
vn -0.9488 0.1124 -0.2953
vn -0.9780 0.1126 -0.1756
vn -0.9847 0.1302 -0.1155
vn -0.5261 -0.5724 0.6290
vn -0.8545 -0.2331 0.4641
vn -0.7673 -0.4505 0.4564
vn -0.5891 -0.6340 0.5010
vn -0.0256 -0.8472 0.5307
vn -0.2075 -0.7841 0.5849
vn -0.2399 -0.8263 0.5096
vn -0.0258 -0.8536 0.5203
vn -0.4283 -0.8863 0.1760
vn -0.4626 -0.8564 0.2292
vn -0.3927 -0.9142 0.1004
vn -0.3344 -0.9269 0.1704
vn -0.3048 -0.8742 0.3779
vn -0.5468 -0.6872 0.4783
vn -0.5958 -0.4066 0.6926
vn -0.3134 -0.7101 0.6306
vn -0.6232 -0.1272 0.7717
vn -0.6251 -0.0101 0.7805
vn -0.3235 -0.4128 0.8514
vn -0.6375 0.1159 0.7617
vn -0.4166 -0.8214 0.3895
vn -0.6100 -0.7345 0.2973
vn -0.0963 -0.9434 0.3175
vn -0.2916 -0.9267 0.2369
vn 0.1035 -0.8857 0.4525
vn -0.0745 -0.9044 0.4202
vn 0.1353 -0.9184 0.3717
vn 0.2297 -0.8761 0.4239
vn -0.0496 -0.9502 0.3075
vn 0.2716 -0.9183 0.2880
vn 0.0605 -0.9083 0.4138
vn 0.1498 -0.9393 0.3087
vn 0.0860 -0.7444 0.6622
vn 0.3536 -0.8604 0.3669
vn 0.1376 -0.8514 0.5061
vn 0.1429 -0.8332 0.5342
vn 0.2181 -0.8272 0.5179
vn 0.2311 -0.8402 0.4905
vn 0.1893 -0.8228 0.5359
vn 0.2501 -0.7945 0.5534
vn 0.2886 -0.8440 0.4520
vn 0.2383 -0.8427 0.4827
vn 0.4488 -0.7399 0.5012
vn 0.3414 -0.7562 0.5582
vn 0.3868 -0.8326 0.3964
vn 0.4706 -0.8041 0.3632
vn 0.6211 -0.7268 0.2932
vn 0.6057 -0.7361 0.3022
vn 0.6217 -0.7502 0.2252
vn 0.6217 -0.7298 0.2844
vn 0.6083 -0.7610 0.2255
vn 0.5914 -0.7357 0.3302
vn 0.5926 -0.6899 0.4158
vn 0.6223 -0.7151 0.3185
vn 0.5734 -0.6836 0.4516
vn 0.2621 -0.5006 0.8251
vn 0.3811 -0.6140 0.6912
vn 0.5024 -0.7492 0.4317
vn 0.2796 -0.4741 0.8349
vn 0.3617 -0.5032 0.7848
vn 0.5253 -0.6136 0.5895
vn 0.4436 -0.5796 0.6836
vn 0.1441 -0.4390 0.8868
vn 0.1747 -0.4394 0.8812
vn 0.3714 -0.6371 0.6754
vn 0.2694 -0.6635 0.6980
vn 0.1757 -0.5345 0.8267
vn 0.2371 -0.5103 0.8266
vn 0.1291 -0.4535 0.8818
vn 0.0962 -0.4602 0.8826
vn 0.0471 -0.5454 0.8368
vn -0.3694 -0.1815 0.9114
vn -0.1777 -0.0750 0.9812
vn 0.0519 -0.4503 0.8914
vn 0.5448 -0.7238 0.4235
vn 0.5102 -0.7336 0.4490
vn 0.5172 -0.7792 0.3542
vn 0.5536 -0.7677 0.3228
vn 0.5714 -0.7237 0.3871
vn 0.5860 -0.7643 0.2692
vn 0.5472 -0.8022 0.2389
vn 0.5511 -0.8184 0.1630
vn 0.4521 -0.8524 0.2627
vn 0.3881 -0.8757 0.2873
vn 0.2937 -0.8699 0.3962
vn 0.5126 -0.8268 0.2315
vn 0.4815 -0.8319 0.2758
vn 0.5393 -0.8243 0.1723
vn 0.2388 -0.8008 0.5493
vn 0.2735 -0.8217 0.5000
vn 0.3124 -0.8015 0.5099
vn 0.3339 -0.8549 0.3972
vn 0.2890 -0.8649 0.4104
vn 0.2639 -0.9012 0.3439
vn 0.3241 -0.8909 0.3182
vn 0.3861 -0.8651 0.3201
vn 0.3716 -0.8485 0.3768
vn 0.3580 -0.8199 0.4468
vn 0.2408 -0.8346 0.4954
vn -0.1074 0.8621 -0.4952
vn -0.1296 0.9184 -0.3739
vn -0.4286 0.8402 -0.3321
vn -0.4414 0.7919 -0.4219
vn -0.4752 0.8319 -0.2867
vn -0.1214 0.9177 -0.3782
vn -0.5006 0.8007 -0.3291
vn -0.1236 0.8983 -0.4217
vn -0.1309 0.8846 -0.4476
vn -0.4910 0.7834 -0.3811
vn -0.4500 0.7865 -0.4230
vn -0.1314 0.8863 -0.4441
vn -0.1517 0.8868 -0.4365
vn -0.4264 0.7934 -0.4344
vn -0.4250 0.8263 -0.3697
vn -0.1596 0.9234 -0.3492
vn -0.3806 0.8718 -0.3084
vn -0.1824 0.9515 -0.2476
vn -0.1283 0.7528 -0.6457
vn -0.4714 0.7770 -0.4173
vn 0.3060 0.8393 -0.4494
vn 0.2792 0.7224 -0.6327
vn 0.4839 0.6897 -0.5386
vn 0.5614 0.7352 -0.3799
vn 0.5691 0.7282 -0.3819
vn 0.3005 0.8646 -0.4026
vn 0.3356 0.8431 -0.4202
vn 0.5089 0.7784 -0.3676
vn 0.3378 0.8582 -0.3866
vn 0.2595 0.8625 -0.4344
vn 0.3049 0.8455 -0.4384
vn 0.4255 0.8174 -0.3884
vn 0.1642 0.9384 -0.3040
vn 0.1522 0.9216 -0.3571
vn 0.2090 0.8931 -0.3984
vn 0.2352 0.8989 -0.3697
vn -0.1136 0.9804 -0.1607
vn 0.0563 0.9571 -0.2841
vn 0.0119 0.9692 -0.2460
vn -0.1866 0.9745 -0.1249
vn 0.3490 0.8284 -0.4381
vn 0.1772 0.9185 -0.3536
vn -0.2322 0.9238 -0.3044
vn 0.1172 0.9333 -0.3395
vn 0.1667 0.9198 -0.3552
vn -0.2482 0.9177 -0.3102
vn -0.4157 0.8651 -0.2808
vn -0.4141 0.8655 -0.2819
vn -0.3060 0.9156 -0.2607
vn -0.0556 0.9548 -0.2921
vn 0.0502 0.9428 -0.3295
vn -0.2329 0.9266 -0.2954
vn -0.4764 0.8490 -0.2287
vn -0.4340 0.8573 -0.2769
vn -0.4044 0.8897 -0.2120
vn -0.1970 0.9530 -0.2301
vn -0.3424 0.9247 -0.1667
vn -0.4667 0.8613 -0.2010
vn -0.5088 0.8277 -0.2367
vn -0.5245 0.8292 -0.1933
vn -0.4194 0.8469 -0.3270
vn -0.3541 0.8700 -0.3432
vn -0.3578 0.8865 -0.2935
vn -0.4106 0.8706 -0.2710
vn -0.3107 0.9139 -0.2612
vn -0.3580 0.9100 -0.2092
vn -0.2784 0.9448 -0.1725
vn -0.2651 0.9325 -0.2453
vn -0.3077 0.8945 -0.3244
vn -0.2803 0.9128 -0.2971
vn -0.2326 0.9434 -0.2363
vn -0.2431 0.9523 -0.1846
vn -0.2375 0.9486 -0.2090
vn -0.2308 0.9608 -0.1539
vn -0.3449 0.8985 -0.2715
vn -0.3746 0.9101 -0.1770
vn -0.2727 0.9324 -0.2374
vn -0.2788 0.9540 -0.1102
vn -0.4377 0.8990 -0.0166
vn -0.2646 0.9643 0.0119
vn -0.3251 0.9391 0.1117
vn -0.5500 0.8298 0.0950
vn -0.3384 0.9239 0.1787
vn -0.3075 0.9496 0.0606
vn -0.6276 0.7685 0.1244
vn -0.3585 0.9193 0.1624
vn -0.4041 0.8494 0.3394
vn -0.7169 0.6496 0.2530
vn -0.6866 0.3182 0.6537
vn -0.3857 0.5138 0.7663
vn -0.4122 0.7986 0.4385
vn -0.3777 0.8964 0.2318
vn -0.1244 -0.1565 0.9798
vn 0.0246 -0.4082 0.9125
vn -0.3405 0.3967 0.8525
vn -0.5702 -0.0352 -0.8207
vn -0.8064 -0.4683 -0.3611
vn -0.5617 -0.7227 -0.4027
vn -0.4578 -0.5414 -0.7052
vn -0.3275 -0.4437 -0.8342
vn -0.5687 -0.7078 -0.4190
vn -0.8026 -0.5926 0.0683
vn -0.7486 -0.6591 -0.0720
vn -0.8284 -0.5574 -0.0563
vn -0.8700 -0.4930 -0.0072
vn -0.7664 -0.6387 -0.0685
vn -0.7871 -0.6158 0.0356
vn -0.8484 -0.5262 -0.0579
vn -0.8306 -0.5444 -0.1168
vn -0.7817 -0.5747 -0.2423
vn -0.7701 -0.6176 -0.1598
vn -0.8292 -0.5339 -0.1653
vn -0.7957 -0.5471 -0.2598
vn -0.2288 0.6943 -0.6823
vn 0.1868 0.6355 -0.7492
vn 0.5931 0.5715 -0.5671
vn 0.2502 0.6738 -0.6952
vn 0.5882 0.5072 -0.6299
vn 0.7883 0.4709 -0.3960
vn 0.9112 0.3104 -0.2708
vn 0.8513 0.2768 -0.4457
vn -0.1350 -0.2159 -0.9670
vn -0.5182 -0.7193 -0.4627
vn -0.3106 -0.8231 -0.4755
vn 0.2219 0.0339 -0.9745
vn -0.8736 -0.4839 -0.0515
vn -0.9058 -0.4185 -0.0667
vn -0.8859 -0.4638 -0.0119
vn -0.8544 -0.5171 0.0515
vn -0.8798 -0.4636 -0.1048
vn -0.8696 -0.4708 -0.1485
vn -0.8607 -0.5031 -0.0776
vn -0.8328 -0.5427 -0.1096
vn -0.7531 -0.5954 -0.2799
vn -0.8440 -0.4970 -0.2018
vn -0.6198 -0.7409 -0.2587
vn -0.7432 -0.6490 -0.1625
vn -0.4717 -0.8812 -0.0305
vn -0.4757 -0.8592 -0.1885
vn -0.5903 -0.7932 -0.1496
vn -0.5421 -0.8386 0.0539
vn -0.4506 -0.8926 -0.0144
vn -0.4779 -0.8695 -0.1249
vn -0.5061 -0.7929 -0.3393
vn -0.5629 -0.7671 -0.3076
vn -0.4740 -0.8792 0.0485
vn -0.5655 -0.8232 -0.0502
vn -0.6880 -0.7257 -0.0101
vn -0.5353 -0.8390 0.0980
vn -0.6154 -0.7728 0.1551
vn -0.7554 -0.6537 0.0453
vn -0.7907 -0.5967 0.1369
vn -0.6749 -0.6951 0.2478
vn 0.9517 -0.3018 0.0565
vn 0.6897 -0.7095 0.1448
vn 0.6816 -0.7144 0.1582
vn 0.9576 -0.2881 0.0005
vn 0.9911 0.0671 -0.1154
vn 0.9914 -0.0131 -0.1300
vn 0.8448 -0.5347 -0.0207
vn 0.5331 -0.8374 0.1209
vn 0.9545 0.1693 -0.2454
vn 0.8608 0.0790 -0.5028
vn 0.3064 -0.9351 -0.1779
vn 0.9403 -0.2627 -0.2163
vn 0.6068 0.1028 -0.7882
vn -0.0292 -0.8935 -0.4482
vn -0.6490 -0.7249 0.2310
vn -0.7850 -0.6005 0.1522
vn 0.6665 -0.7257 -0.1707
vn 0.8584 -0.4898 -0.1526
vn 0.7698 -0.6140 -0.1741
vn 0.7909 -0.5904 -0.1609
vn 0.2742 0.3213 -0.9064
vn -0.1459 0.2437 -0.9588
vn 0.1962 -0.3443 -0.9181
vn 0.7087 -0.1095 -0.6970
vn 0.5892 -0.6882 -0.4233
vn 0.8321 -0.4424 -0.3345
vn 0.7532 0.2583 -0.6049
vn 0.9898 0.1159 -0.0825
vn 0.9368 0.1105 -0.3319
vn 0.9964 0.0526 0.0661
vn 0.9143 -0.0735 0.3982
vn 0.9313 -0.0787 0.3557
vn 0.5803 -0.4020 0.7083
vn 0.6328 -0.3514 0.6900
vn 0.1918 -0.6017 0.7754
vn 0.2777 -0.5448 0.7913
vn 0.2955 -0.6057 0.7388
vn 0.4940 -0.5058 0.7072
vn 0.2875 -0.6611 0.6931
vn 0.4325 -0.5961 0.6765
vn 0.4079 -0.6758 0.6139
vn 0.2163 -0.7379 0.6393
vn 0.2714 -0.7075 0.6525
vn 0.4169 -0.6485 0.6369
vn 0.1325 -0.7661 0.6290
vn 0.3903 -0.7126 0.5830
vn 0.3617 -0.7717 0.5231
vn 0.0330 -0.8118 0.5830
vn 0.3156 -0.8339 0.4528
vn -0.0386 -0.8624 0.5048
vn -0.0588 -0.9192 0.3894
vn 0.2642 -0.8813 0.3918
vn 0.2507 -0.8953 0.3682
vn -0.0341 -0.9519 0.3044
vn 0.0528 -0.9522 0.3007
vn 0.2766 -0.8722 0.4035
vn 0.3333 -0.8049 0.4909
vn 0.2077 -0.9123 0.3530
vn 0.4790 -0.7056 0.5222
vn 0.4263 -0.8303 0.3589
vn -0.2963 -0.9269 0.2302
vn 0.4887 -0.8724 0.0097
vn 0.3977 -0.9165 0.0422
vn -0.1427 -0.9684 0.2045
vn -0.5907 -0.7152 0.3735
vn -0.5967 -0.7108 0.3725
vn -0.5325 -0.7615 0.3695
vn -0.5935 -0.7326 0.3331
vn -0.4723 -0.8539 0.2185
vn -0.5145 -0.8081 0.2868
vn -0.5303 -0.8184 0.2212
vn -0.4851 -0.8603 0.1568
vn -0.3906 -0.9145 0.1052
vn -0.4411 -0.8824 0.1639
vn -0.4620 -0.8798 0.1115
vn -0.4315 -0.8997 0.0663
vn -0.4379 -0.8848 0.1593
vn -0.4156 -0.9072 0.0657
vn -0.3469 -0.9342 0.0832
vn -0.3432 -0.9292 0.1369
vn 0.1704 -0.9849 -0.0306
vn 0.5305 -0.8430 -0.0889
vn 0.9213 -0.3100 -0.2349
vn 0.7643 -0.6087 -0.2131
vn 0.9905 -0.1106 -0.0821
vn 0.9856 -0.1021 0.1350
vn 0.7090 -0.7010 -0.0768
vn 0.7748 -0.6292 0.0620
vn 0.7269 -0.6265 0.2813
vn 0.9216 -0.1674 0.3502
vn 0.8218 -0.2516 0.5112
vn 0.6482 -0.6082 0.4581
vn 0.6084 -0.5941 0.5262
vn 0.7396 -0.3514 0.5740
vn 0.6754 -0.4341 0.5962
vn 0.5827 -0.5807 0.5686
vn 0.5684 -0.6012 0.5616
vn 0.6452 -0.4691 0.6030
vn 0.6173 -0.5409 0.5713
vn 0.5668 -0.6840 0.4592
vn 0.4542 -0.8311 0.3209
vn 0.5351 -0.7163 0.4478
vn 0.5684 -0.6270 0.5327
vn 0.5236 -0.7598 0.3854
vn 0.3742 -0.8887 0.2648
vn 0.4553 -0.8373 0.3028
vn 0.5013 -0.7907 0.3513
vn 0.3865 -0.8800 0.2760
vn 0.3553 -0.8541 0.3798
vn 0.3763 -0.8393 0.3924
vn 0.4022 -0.8513 0.3369
vn 0.3737 -0.8741 0.3102
vn 0.2850 -0.7528 0.5933
vn 0.2815 -0.7066 0.6492
vn 0.3183 -0.7964 0.5143
vn 0.3424 -0.8178 0.4626
vn 0.3177 -0.8159 0.4831
vn 0.2574 -0.7152 0.6498
vn 0.3233 -0.8666 0.3801
vn 0.0069 -0.9754 0.2201
vn 0.1277 -0.9514 0.2803
vn 0.1085 -0.9622 0.2498
vn 0.1417 -0.9589 0.2458
vn 0.2015 -0.9282 0.3129
vn 0.3037 -0.8994 0.3145
vn 0.0728 -0.9363 0.3435
vn 0.0514 -0.9668 0.2504
vn 0.1698 -0.9409 0.2929
vn 0.1798 -0.8985 0.4004
vn 0.2289 -0.9386 0.2580
vn 0.2598 -0.9107 0.3212
vn 0.1037 -0.8435 0.5271
vn 0.0793 -0.8784 0.4713
vn 0.1733 -0.8321 0.5268
vn 0.1750 -0.8118 0.5572
vn 0.2379 -0.7992 0.5519
vn 0.2578 -0.8482 0.4628
vn 0.1087 -0.8990 0.4242
vn 0.1134 -0.8609 0.4959
vn 0.1764 -0.8542 0.4891
vn 0.1715 -0.9114 0.3740
vn 0.1669 -0.8453 0.5075
vn 0.2008 -0.8028 0.5614
vn 0.1739 -0.9722 0.1567
vn 0.1269 -0.9875 -0.0931
vn -0.0263 -0.9944 0.1023
vn 0.0847 -0.9564 0.2795
vn 0.0238 -0.9374 0.3473
vn 0.1228 -0.8982 0.4220
vn -0.3911 -0.9200 -0.0260
vn -0.1976 -0.9803 -0.0013
vn -0.0161 -0.9839 -0.1782
vn -0.2246 -0.9634 -0.1462
vn -0.2118 -0.9406 0.2655
vn -0.0926 -0.9529 0.2887
vn -0.6077 -0.7870 0.1064
vn -0.5316 -0.8469 -0.0148
vn -0.4374 -0.8986 -0.0334
vn -0.6049 -0.7800 0.1602
vn -0.2969 -0.9325 0.2055
vn -0.3027 -0.9242 0.2329
vn -0.6527 -0.6970 0.2971
vn -0.5614 -0.7452 0.3598
vn -0.3875 -0.8497 0.3576
vn -0.5292 -0.8035 0.2725
vn -0.1597 -0.9144 0.3719
vn -0.0571 -0.8960 0.4404
vn -0.4513 -0.8269 0.3355
vn -0.3998 -0.8670 0.2974
vn -0.2728 -0.8772 0.3951
vn -0.2971 -0.8708 0.3916
vn -0.0511 -0.8634 0.5020
vn -0.0788 -0.8454 0.5283
vn -0.3712 -0.8922 0.2574
vn -0.3455 -0.9167 0.2007
vn -0.2652 -0.9063 0.3291
vn -0.2699 -0.8893 0.3692
vn -0.0964 -0.8503 0.5174
vn -0.0953 -0.8669 0.4893
vn -0.3173 -0.9387 0.1351
vn -0.3350 -0.9350 0.1165
vn -0.2647 -0.9230 0.2793
vn -0.3194 -0.9104 0.2631
vn -0.0929 -0.8742 0.4765
vn -0.1425 -0.8337 0.5336
vn -0.6984 -0.5809 -0.4181
vn -0.6482 -0.6542 -0.3896
vn -0.6311 -0.6618 -0.4046
vn -0.6623 -0.5083 -0.5504
vn -0.6415 -0.4879 -0.5920
vn -0.6363 -0.6414 -0.4287
vn -0.5708 -0.6534 -0.4972
vn -0.6078 -0.7276 -0.3180
vn -0.4203 0.2790 -0.8634
vn -0.5331 0.2133 -0.8187
vn -0.7146 -0.1511 -0.6830
vn -0.6325 -0.0957 -0.7686
vn -0.4264 0.0722 -0.9016
vn -0.2362 0.2183 -0.9469
vn -0.0954 0.1705 -0.9807
vn -0.2653 0.0860 -0.9603
vn -0.0469 0.1440 -0.9885
vn -0.2430 0.0077 -0.9700
vn -0.5019 -0.2425 -0.8302
vn -0.5888 -0.3736 -0.7167
vn -0.5786 -0.3534 -0.7351
vn -0.4804 -0.1197 -0.8689
vn -0.5131 -0.3885 -0.7654
vn -0.5471 -0.5183 -0.6573
vn -0.4207 0.0741 -0.9042
vn -0.4348 -0.1008 -0.8949
vn -0.4282 0.0056 -0.9037
vn -0.4435 0.1333 -0.8863
vn -0.4699 -0.1614 -0.8679
vn -0.4744 -0.2724 -0.8371
vn -0.5304 0.0844 -0.8435
vn -0.4874 0.0370 -0.8724
vn -0.5679 -0.0125 -0.8230
vn -0.6312 -0.0151 -0.7754
vn -0.5009 -0.0315 -0.8649
vn -0.4835 -0.0736 -0.8722
vn -0.6745 -0.0782 -0.7341
vn -0.6012 -0.0834 -0.7947
vn -0.5488 -0.0879 -0.8313
vn -0.6414 -0.0609 -0.7648
vn -0.4681 -0.0880 -0.8793
vn -0.5023 -0.0457 -0.8635
vn -0.5515 -0.0010 -0.8342
vn -0.4249 -0.0088 -0.9052
vn -0.3896 -0.0844 -0.9171
vn -0.6007 0.0121 -0.7994
vn -0.4378 0.1791 -0.8810
vn -0.5330 0.0938 -0.8409
vn -0.6733 -0.1173 -0.7300
vn -0.6497 0.1281 -0.7493
vn -0.5464 0.2361 -0.8036
vn -0.4783 0.2644 -0.8375
vn -0.5705 0.1227 -0.8121
vn -0.4619 0.2733 -0.8438
vn -0.4872 0.2780 -0.8278
vn -0.3008 0.1419 -0.9431
vn -0.2754 0.1756 -0.9452
vn -0.3139 0.0703 -0.9468
vn -0.7118 -0.1843 -0.6778
vn -0.5436 0.1218 -0.8305
vn -0.7651 -0.2823 -0.5787
vn -0.7396 -0.3002 -0.6024
vn -0.7376 -0.1707 -0.6533
vn -0.7604 -0.1257 -0.6372
vn -0.7620 -0.2276 -0.6063
vn -0.6779 -0.2598 -0.6877
vn -0.6744 -0.0360 -0.7375
vn -0.7191 -0.0535 -0.6928
vn -0.7002 -0.0857 -0.7088
vn -0.5619 -0.1285 -0.8172
vn -0.7366 -0.0213 -0.6760
vn -0.5562 0.1543 -0.8166
vn -0.4702 0.2167 -0.8555
vn -0.6631 0.0546 -0.7465
vn -0.7234 -0.0299 -0.6898
vn -0.7365 -0.3497 -0.5790
vn -0.6549 -0.4624 -0.5977
vn -0.7317 -0.5463 -0.4077
vn -0.7847 -0.4745 -0.3988
vn 0.0827 -0.1168 -0.9897
vn 0.1151 0.1050 -0.9878
vn 0.4643 0.0966 -0.8804
vn 0.4334 -0.3341 -0.8370
vn 0.1252 0.2471 -0.9609
vn 0.3963 0.4049 -0.8240
vn -0.6131 -0.6138 -0.4973
vn -0.8278 -0.3887 -0.4045
vn -0.5866 -0.8077 -0.0586
vn -0.3285 -0.9282 -0.1748
vn -0.6735 -0.2009 -0.7114
vn -0.8130 0.0612 -0.5790
vn 0.1823 -0.9292 0.3214
vn -0.2100 -0.9584 0.1935
vn -0.0759 -0.9863 0.1466
vn 0.2226 -0.9440 0.2437
vn 0.2761 -0.9136 0.2984
vn 0.2844 -0.9319 0.2253
vn 0.1405 -0.9897 0.0285
vn 0.3587 -0.9246 0.1282
vn 0.4509 -0.8916 0.0414
vn 0.2790 -0.9592 -0.0453
vn 0.3598 -0.9313 0.0564
vn 0.2952 -0.9457 0.1358
vn 0.1047 -0.9885 0.1092
vn 0.1848 -0.9824 0.0281
vn 0.2089 -0.9773 -0.0366
vn 0.0343 -0.9981 -0.0510
vn 0.3888 -0.9121 -0.1299
vn 0.2371 -0.9529 -0.1891
vn 0.3611 -0.8811 -0.3054
vn 0.5057 -0.8158 -0.2807
vn 0.1228 -0.8484 -0.5150
vn 0.0061 -0.9211 -0.3892
vn 0.5845 -0.3535 -0.7303
vn 0.4592 -0.7382 -0.4941
vn 0.6027 -0.6117 -0.5124
vn 0.6405 -0.1709 -0.7487
vn 0.2370 -0.7118 -0.6612
vn 0.5615 0.1734 -0.8091
vn 0.3960 0.5364 -0.7453
vn 0.5389 0.3329 -0.7738
vn 0.4384 0.6261 -0.6448
vn 0.4434 0.7586 -0.4773
vn 0.6006 0.7995 -0.0089
vn 0.6922 0.6891 -0.2145
vn 0.8355 0.5495 -0.0009
vn 0.6563 0.7450 0.1194
vn 0.7423 0.4742 -0.4735
vn 0.7679 0.1099 -0.6311
vn 0.9375 0.1763 -0.2999
vn 0.9265 0.3535 -0.1286
vn -0.8096 -0.2262 -0.5416
vn -0.8006 -0.2564 -0.5416
vn -0.8108 -0.3833 -0.4424
vn -0.7856 -0.3693 -0.4964
vn -0.6798 -0.1468 -0.7185
vn -0.6090 -0.2556 -0.7509
vn -0.5126 0.0464 -0.8574
vn -0.5661 0.1508 -0.8104
vn -0.4481 0.2102 -0.8689
vn -0.4752 0.2769 -0.8352
vn -0.7617 -0.0294 -0.6472
vn -0.6931 0.0475 -0.7193
vn -0.7612 -0.1190 -0.6376
vn -0.7890 -0.1200 -0.6025
vn -0.5802 0.2172 -0.7850
vn -0.4874 0.2671 -0.8313
vn -0.4080 0.0664 -0.9106
vn -0.5654 0.0268 -0.8244
vn -0.3091 -0.4652 -0.8295
vn -0.3413 -0.5827 -0.7376
vn -0.5474 -0.1587 -0.8217
vn -0.1027 -0.3834 -0.9179
vn -0.7542 0.0449 -0.6551
vn -0.6571 -0.2045 -0.7256
vn -0.6244 -0.0953 -0.7753
vn -0.5688 -0.1998 -0.7978
vn -0.5098 -0.3591 -0.7818
vn -0.5329 -0.4154 -0.7372
vn -0.4092 -0.5930 -0.6935
vn -0.5616 -0.4138 -0.7165
vn -0.5579 -0.5700 -0.6032
vn -0.7378 -0.3033 -0.6030
vn -0.6554 -0.2300 -0.7194
vn -0.5402 -0.2908 -0.7897
vn -0.5686 -0.2050 -0.7966
vn -0.6708 -0.1288 -0.7303
vn -0.7671 -0.1391 -0.6263
vn -0.7531 -0.0316 -0.6571
vn -0.6794 0.1015 -0.7267
vn -0.6487 0.0065 -0.7610
vn -0.5890 -0.1169 -0.7996
vn -0.9711 0.0057 -0.2387
vn -0.8973 -0.3700 -0.2409
vn -0.8989 -0.3746 -0.2272
vn -0.9728 -0.0583 -0.2241
vn -0.5685 0.8223 0.0239
vn -0.8756 0.4610 -0.1443
vn -0.9290 0.3558 -0.1015
vn -0.6691 0.7364 0.1002
vn 0.1132 0.9499 0.2912
vn -0.1921 0.9492 0.2492
vn -0.0564 0.9860 0.1570
vn 0.1229 0.9742 0.1893
vn 0.4368 0.8895 0.1342
vn 0.1576 0.9539 0.2555
vn 0.1113 0.9795 0.1682
vn 0.4146 0.9050 0.0951
vn 0.7533 -0.5904 -0.2898
vn 0.9309 -0.3020 -0.2054
vn 0.9676 -0.0556 -0.2462
vn 0.7873 -0.3203 -0.5268
vn 0.4427 -0.8902 -0.1079
vn 0.7596 -0.6290 -0.1653
vn 0.5776 -0.8087 -0.1113
vn 0.3189 -0.9468 -0.0439
vn 0.9759 0.1918 -0.1042
vn 0.7952 0.6059 -0.0224
vn 0.7401 0.6720 -0.0270
vn 0.9208 0.3735 -0.1125
vn 0.9847 -0.0766 -0.1564
vn 0.9777 0.1394 -0.1574
vn 0.9444 0.2730 -0.1834
vn 0.7906 0.6105 -0.0478
vn 0.7970 0.6036 -0.0217
vn 0.9649 0.2395 -0.1079
vn 0.3622 -0.9321 0.0000
vn 0.2136 -0.9766 -0.0245
vn 0.2548 -0.9647 -0.0668
vn 0.3810 -0.9241 -0.0300
vn 0.9042 -0.4026 -0.1424
vn 0.9714 -0.1981 -0.1308
vn 0.6078 -0.7833 -0.1305
vn 0.7324 -0.6609 -0.1639
vn 0.7532 -0.6103 -0.2452
vn 0.9779 -0.1161 -0.1741
vn 0.7143 -0.5969 -0.3653
vn 0.9550 -0.0887 -0.2832
vn 0.5196 -0.8544 0.0088
vn 0.5127 -0.8584 -0.0162
vn 0.3225 -0.9396 -0.1145
vn 0.4038 -0.9105 -0.0887
vn 0.3910 -0.9054 -0.1655
vn 0.4369 -0.8877 -0.1455
vn 0.4266 -0.8716 -0.2416
vn 0.4318 -0.8298 -0.3534
vn 0.5047 -0.8348 -0.2198
vn 0.5242 -0.7728 -0.3577
vn -0.2673 -0.9374 -0.2231
vn -0.2248 -0.9618 -0.1562
vn -0.4638 -0.8541 -0.2353
vn -0.4311 -0.8574 -0.2811
vn -0.6625 -0.7030 -0.2588
vn -0.5842 -0.7541 -0.3001
vn -0.0661 -0.9954 -0.0700
vn -0.0541 -0.9906 -0.1255
vn 0.2813 -0.9517 -0.1227
vn 0.5237 -0.8487 -0.0742
vn 0.5412 -0.8299 -0.1357
vn 0.2729 -0.9394 -0.2073
vn 0.2332 -0.9067 -0.3515
vn 0.5405 -0.8040 -0.2477
vn 0.4723 -0.7690 -0.4308
vn 0.1772 -0.8267 -0.5340
vn -0.9799 -0.1016 -0.1719
vn -0.8809 -0.4036 -0.2471
vn -0.7321 -0.5953 -0.3312
vn -0.8666 -0.3796 -0.3240
vn -0.3348 -0.8949 -0.2950
vn -0.0658 -0.9773 -0.2013
vn -0.1002 -0.9485 -0.3005
vn -0.3871 -0.8342 -0.3927
vn -0.4584 -0.8083 -0.3696
vn -0.5136 -0.7197 -0.4671
vn -0.4054 -0.7631 -0.5034
vn -0.1320 -0.8848 -0.4469
vn -0.1405 -0.7960 -0.5888
vn -0.3936 -0.7190 -0.5729
vn -0.7766 -0.4675 -0.4222
vn -0.5257 -0.6717 -0.5220
vn -0.5146 -0.6785 -0.5242
vn -0.7332 -0.5506 -0.3991
vn -0.7493 0.6254 0.2175
vn -0.9705 0.2410 0.0093
vn -0.9946 0.0978 -0.0334
vn -0.8080 0.5591 0.1862
vn -0.3433 0.8828 0.3205
vn 0.0632 0.9420 0.3297
vn -0.0163 0.9545 0.2979
vn -0.4289 0.8569 0.2861
vn -0.8611 0.4954 0.1142
vn -0.9921 -0.0312 -0.1212
vn -0.9837 -0.1103 -0.1421
vn -0.8912 0.4499 0.0574
vn 0.2172 0.9320 0.2900
vn 0.4759 0.8684 0.1393
vn 0.5199 0.8492 0.0930
vn 0.2363 0.9382 0.2528
vn -0.5001 0.8369 0.2224
vn -0.5565 0.8146 0.1634
vn -0.0892 0.9648 0.2473
vn -0.1525 0.9690 0.1941
vn 0.7870 0.6091 -0.0979
vn 0.9158 0.2871 -0.2808
vn 0.8917 0.2724 -0.3615
vn 0.7946 0.5855 -0.1607
vn 0.5968 0.8007 -0.0515
vn 0.2310 0.9638 0.1329
vn 0.2352 0.9508 0.2017
vn 0.5590 0.8287 0.0275
vn 0.5907 -0.5138 -0.6221
vn 0.8480 -0.0668 -0.5258
vn 0.9097 -0.0411 -0.4133
vn 0.6671 -0.5486 -0.5040
vn 0.3069 -0.7650 -0.5662
vn 0.2955 -0.7680 -0.5682
vn 0.3801 -0.7956 -0.4717
vn 0.4295 -0.7507 -0.5020
vn 0.8771 0.1706 -0.4491
vn 0.8162 0.5140 -0.2637
vn 0.8075 0.5490 -0.2156
vn 0.8771 0.2356 -0.4184
vn 0.0867 -0.7652 -0.6379
vn 0.3118 -0.7517 -0.5811
vn 0.1590 -0.7707 -0.6170
vn 0.0166 -0.7765 -0.6299
vn 0.7606 -0.1841 -0.6226
vn 0.4191 -0.5968 -0.6843
vn 0.2085 -0.7400 -0.6394
vn 0.6835 -0.3643 -0.6325
vn 0.0282 -0.8029 -0.5954
vn 0.1525 -0.7828 -0.6033
vn -0.3462 -0.7347 -0.5834
vn -0.1414 -0.7549 -0.6404
vn -0.1269 -0.7822 -0.6099
vn -0.2654 -0.7839 -0.5613
vn -0.6534 -0.6414 -0.4021
vn -0.4482 -0.7375 -0.5052
vn -0.3391 -0.7953 -0.5025
vn -0.5022 -0.7353 -0.4552
vn -0.1248 -0.8191 -0.5600
vn -0.0803 -0.8148 -0.5741
vn -0.2831 -0.8136 -0.5078
vn -0.1802 -0.8312 -0.5259
vn 0.1472 -0.7815 -0.6063
vn 0.0666 -0.7977 -0.5993
vn 0.6176 -0.4358 -0.6547
vn 0.5667 -0.4575 -0.6852
vn 0.8178 0.0854 -0.5691
vn 0.8512 0.1168 -0.5116
vn -0.0226 -0.7840 -0.6203
vn 0.4773 -0.4511 -0.7541
vn -0.2760 -0.5942 -0.7555
vn 0.1492 -0.2098 -0.9663
vn 0.6094 0.1792 -0.7723
vn 0.7668 0.0921 -0.6352
vn 0.8120 0.4786 -0.3340
vn 0.7898 0.4524 -0.4141
vn 0.6257 0.7656 -0.1498
vn 0.6078 0.7543 -0.2480
vn 0.2366 0.9697 -0.0609
vn 0.2464 0.9682 0.0424
vn -0.1676 0.9741 0.1521
vn -0.1417 0.9855 0.0938
vn -0.5542 -0.6659 -0.4995
vn -0.8261 -0.3899 -0.4068
vn -0.9300 0.2516 -0.2678
vn -0.8134 -0.2297 -0.5344
vn -0.9230 0.3810 -0.0537
vn -0.9479 -0.2181 -0.2324
vn -0.5549 0.8319 -0.0088
vn -0.5966 0.7960 0.1023
vn -0.0582 0.9854 -0.1602
vn 0.4851 0.8027 -0.3469
vn 0.1911 0.8613 -0.4708
vn -0.5532 0.7406 -0.3814
vn -0.4442 0.3521 -0.8239
vn 0.4142 0.5629 -0.7153
vn 0.7190 0.4892 -0.4937
vn -0.5252 0.7187 -0.4557
vn -0.7296 0.3620 -0.5802
vn -0.5943 0.3722 -0.7129
vn -0.3936 0.7228 -0.5680
vn -0.8503 0.0202 -0.5259
vn -0.8115 0.0407 -0.5830
vn -0.7992 -0.0795 -0.5958
vn -0.7882 -0.0525 -0.6131
vn -0.6449 0.1095 -0.7564
vn -0.6525 0.1651 -0.7396
vn -0.1467 0.8576 -0.4930
vn -0.2901 0.7749 -0.5615
vn -0.2033 0.8070 -0.5545
vn -0.1188 0.8752 -0.4690
vn -0.2314 0.6872 -0.6886
vn -0.1652 0.5896 -0.7906
vn -0.0359 0.6222 -0.7820
vn -0.1034 0.7105 -0.6961
vn -0.2441 0.4987 -0.8317
vn -0.2837 0.4802 -0.8300
vn -0.1230 0.9052 -0.4068
vn -0.1258 0.8684 -0.4796
vn -0.0243 0.9151 -0.4026
vn -0.1368 0.9292 -0.3434
vn -0.7723 -0.0632 -0.6321
vn -0.7433 -0.0492 -0.6671
vn -0.6220 0.1941 -0.7586
vn -0.6486 0.2017 -0.7339
vn 0.0162 0.7770 -0.6293
vn 0.0269 0.6890 -0.7242
vn 0.0997 0.7169 -0.6900
vn 0.1716 0.8177 -0.5495
vn -0.2035 0.5544 -0.8070
vn -0.2312 0.5464 -0.8050
vn 0.1283 0.9320 -0.3389
vn -0.1458 0.9433 -0.2981
vn 0.3868 0.8546 -0.3464
vn -0.0322 0.9407 -0.3378
vn -0.7587 -0.0500 -0.6495
vn -0.7976 -0.0504 -0.6011
vn -0.7099 0.1353 -0.6912
vn -0.6406 0.1584 -0.7513
vn 0.1830 0.7096 -0.6804
vn 0.3605 0.8159 -0.4520
vn 0.4873 0.7665 -0.4184
vn 0.1688 0.7301 -0.6622
vn -0.2072 0.5206 -0.8283
vn -0.3164 0.5156 -0.7963
vn 0.1677 0.9137 -0.3701
vn 0.3041 0.8865 -0.3487
vn 0.4935 0.8361 -0.2397
vn 0.4290 0.8909 -0.1494
vn 0.0109 0.8162 -0.5776
vn 0.4097 0.8527 -0.3243
vn 0.2287 0.9427 -0.2430
vn -0.1579 0.8546 -0.4947
vn 0.0830 0.8989 -0.4303
vn 0.2332 0.6690 -0.7057
vn 0.2856 0.7344 -0.6157
vn 0.3135 0.8341 -0.4539
vn 0.2779 0.9443 -0.1764
vn 0.3603 0.8666 -0.3452
vn -0.2752 0.8326 -0.4806
vn 0.0156 0.9638 -0.2660
vn -0.1666 0.8950 -0.4138
vn -0.3170 0.7911 -0.5231
vn -0.8155 -0.0467 -0.5769
vn -0.7725 -0.0520 -0.6329
vn -0.7489 0.1564 -0.6440
vn -0.7636 0.1412 -0.6301
vn -0.4731 0.5405 -0.6958
vn -0.5600 0.5464 -0.6228
vn 0.0954 0.4082 -0.9079
vn -0.0919 0.5910 -0.8014
vn -0.2574 0.1780 -0.9498
vn -0.1952 0.0952 -0.9761
vn -0.5658 -0.2531 -0.7847
vn -0.6595 -0.2855 -0.6954
vn -0.5854 -0.2460 -0.7725
vn -0.5201 -0.2051 -0.8291
vn -0.3385 0.6108 -0.7158
vn -0.4666 0.5261 -0.7109
vn -0.5191 0.1455 -0.8422
vn -0.4109 0.2565 -0.8749
vn -0.4320 -0.1380 -0.8913
vn -0.4171 -0.0836 -0.9050
vn -0.5263 -0.0896 -0.8456
vn -0.4522 0.0054 -0.8919
vn -0.5959 -0.1793 -0.7828
vn -0.6466 -0.0628 -0.7603
vn -0.6520 0.1627 -0.7405
vn -0.5759 -0.1698 -0.7997
vn -0.5587 0.5290 -0.6387
vn -0.5146 -0.7224 0.4619
vn -0.3630 -0.6006 0.7124
vn 0.1178 -0.8505 0.5126
vn -0.0112 -0.9135 0.4068
vn -0.3519 -0.8861 0.3018
vn -0.0979 -0.9749 0.2002
vn 0.3074 -0.9429 0.1285
vn 0.1326 -0.9701 0.2033
vn 0.3249 -0.9157 0.2364
vn 0.4612 -0.8832 0.0848
vn 0.0974 -0.9894 0.1073
vn 0.1094 -0.9905 0.0833
vn 0.4174 -0.9045 0.0870
vn 0.3364 -0.9125 0.2326
vn -0.1200 -0.9345 0.3352
vn 0.2502 -0.8732 0.4182
vn 0.6329 -0.7331 0.2489
vn 0.4910 -0.7913 0.3643
vn 0.4492 -0.8488 0.2788
vn 0.6117 -0.7367 0.2883
vn 0.5921 -0.6885 0.4188
vn 0.3030 -0.7011 0.6455
vn 0.5142 -0.8514 0.1038
vn -0.6830 -0.2595 0.6828
vn -0.6280 -0.2386 0.7407
vn -0.4129 -0.0234 0.9105
vn -0.5143 -0.0856 0.8533
vn -0.2337 -0.0487 0.9711
vn -0.4710 -0.3017 0.8289
vn 0.0677 0.1967 0.9781
vn -0.1055 0.1553 0.9822
vn -0.2444 0.0735 0.9669
vn -0.6833 -0.2355 0.6911
vn -0.6775 -0.2710 0.6838
vn -0.5704 -0.1587 0.8059
vn -0.6118 -0.2041 0.7642
vn -0.3756 -0.0495 0.9255
vn -0.4695 -0.1367 0.8723
vn -0.2732 0.6890 0.6713
vn -0.3967 0.7160 0.5744
vn -0.2750 0.4365 0.8566
vn -0.1875 0.4699 0.8626
vn -0.4136 0.8348 0.3634
vn -0.4517 0.8703 0.1965
vn -0.2547 -0.4619 0.8496
vn 0.0343 -0.1291 0.9910
vn 0.0703 -0.4571 0.8866
vn 0.3331 -0.1447 0.9317
vn 0.5036 0.1364 0.8531
vn 0.2987 0.1896 0.9353
vn 0.3586 0.0482 0.9323
vn 0.4559 0.3340 0.8250
vn 0.5738 0.2807 0.7694
vn 0.4577 0.0065 0.8891
vn 0.2942 0.3206 0.9004
vn 0.2194 0.0318 0.9751
vn 0.0678 -0.0036 0.9977
vn -0.2915 -0.4602 0.8386
vn -0.5033 -0.3280 0.7994
vn -0.1888 0.1854 0.9643
vn -0.0821 -0.5592 0.8250
vn 0.1842 -0.2422 0.9526
vn -0.8963 0.2939 0.3320
vn -0.6402 0.7610 0.1051
vn -0.6154 0.7575 0.2181
vn -0.9176 0.1027 0.3839
vn -0.5813 0.6537 0.4845
vn -0.9328 -0.1699 0.3179
vn -0.0899 0.5042 0.8589
vn -0.2191 0.6464 0.7309
vn -0.3968 0.2755 0.8756
vn -0.6756 0.2233 0.7026
vn -0.3953 0.7652 0.5081
vn -0.7446 -0.2843 0.6040
vn -0.6506 -0.2252 0.7253
vn -0.4970 0.1867 0.8474
vn -0.5059 -0.0162 0.8624
vn -0.5534 0.6935 0.4613
vn -0.5508 0.7280 0.4082
vn -0.7621 -0.3675 0.5331
vn -0.6908 -0.2941 0.6605
vn -0.4649 -0.1820 0.8665
vn -0.6059 -0.3014 0.7362
vn -0.5424 -0.3003 0.7846
vn -0.3945 -0.1669 0.9036
vn -0.3183 -0.2665 0.9098
vn -0.4522 -0.4395 0.7761
vn -0.4504 -0.1270 0.8838
vn -0.3317 -0.1272 0.9348
vn -0.1427 -0.3587 0.9225
vn -0.5351 -0.5361 0.6529
vn -0.2851 -0.2699 0.9197
vn -0.4916 -0.2856 0.8227
vn -0.5825 0.1542 0.7981
vn -0.5870 0.7297 0.3506
vn -0.8836 -0.3707 0.2861
vn -0.7477 0.3156 0.5842
vn -0.5391 -0.1063 0.8355
vn -0.5388 -0.1611 0.8269
vn -0.5297 -0.1463 0.8355
vn -0.3885 -0.2522 0.8863
vn 0.7775 0.6178 0.1177
vn 0.7812 0.5990 0.1761
vn 0.7251 0.5876 0.3591
vn 0.7150 0.6149 0.3326
vn 0.7625 0.5334 0.3661
vn 0.8003 0.5623 0.2082
vn 0.7056 0.4886 0.5132
vn 0.6502 0.5427 0.5318
vn 0.6202 0.5613 0.5480
vn 0.7933 0.5928 0.1387
vn 0.8102 0.5705 0.1344
vn 0.7814 0.6056 0.1506
vn 0.7528 0.6072 0.2542
vn 0.7811 0.5990 0.1760
vn 0.8003 0.5910 0.1009
vn 0.7626 0.6317 0.1393
vn 0.7721 0.6350 0.0265
vn 0.7319 0.6403 0.2329
vn 0.7109 0.6901 0.1356
vn 0.7320 0.6802 0.0386
vn 0.7265 0.6824 -0.0811
vn 0.6703 0.7195 -0.1818
vn 0.6550 0.7095 -0.2600
vn 0.6680 0.7362 -0.1087
vn 0.5490 0.7172 -0.4292
vn 0.5403 0.6865 -0.4866
vn 0.5178 0.6731 -0.5281
vn 0.3621 0.5845 -0.7261
vn 0.3590 0.5837 -0.7283
vn 0.3667 0.6487 -0.6669
vn 0.1642 0.5586 -0.8130
vn 0.1448 0.4297 -0.8913
vn 0.2200 0.4571 -0.8618
vn 0.0079 0.2486 -0.9686
vn -0.0460 0.2586 -0.9649
vn -0.1176 0.2182 -0.9688
vn -0.1280 0.1079 -0.9859
vn -0.0499 0.4524 -0.8904
vn -0.1439 0.4205 -0.8958
vn -0.0966 0.1290 -0.9869
vn -0.1213 0.2627 -0.9572
vn -0.0833 0.3141 -0.9457
vn -0.0729 0.1828 -0.9805
vn -0.1657 0.4401 -0.8826
vn -0.1708 0.4490 -0.8770
vn -0.1999 0.1482 -0.9685
vn -0.1403 0.2676 -0.9533
vn -0.3836 0.0394 -0.9227
vn -0.4381 -0.0151 -0.8988
vn -0.2444 0.3256 -0.9134
vn -0.4361 0.0283 -0.8995
vn -0.5972 -0.1796 -0.7818
vn -0.5804 -0.1989 -0.7897
vn -0.6630 -0.3503 -0.6616
vn -0.6808 -0.3001 -0.6682
vn -0.5934 -0.2515 -0.7646
vn -0.6512 -0.4125 -0.6370
vn -0.7520 -0.4508 -0.4809
vn -0.7304 -0.3932 -0.5585
vn -0.7007 -0.4544 -0.5501
vn -0.7150 -0.5043 -0.4842
vn -0.6746 -0.4983 -0.5446
vn -0.6877 -0.5170 -0.5097
vn -0.7588 -0.4637 -0.4574
vn -0.7560 -0.4715 -0.4541
vn -0.7206 -0.5013 -0.4789
vn -0.7262 -0.4637 -0.5076
vn -0.6979 -0.4789 -0.5325
vn -0.7087 -0.4145 -0.5709
vn -0.7956 -0.3610 -0.4865
vn -0.7662 -0.4225 -0.4841
vn -0.7273 -0.3939 -0.5620
vn -0.7311 -0.3381 -0.5926
vn -0.7095 -0.3362 -0.6193
vn -0.7217 -0.3058 -0.6210
vn -0.8516 -0.5241 -0.0138
vn -0.8603 -0.4197 -0.2895
vn -0.8078 -0.4520 -0.3783
vn -0.8186 -0.5696 -0.0739
vn -0.7914 -0.4536 -0.4097
vn -0.8028 -0.5815 -0.1315
vn -0.6912 -0.5713 0.4426
vn -0.8084 -0.5609 0.1786
vn -0.7912 -0.6022 0.1064
vn -0.6976 -0.6133 0.3705
vn -0.7936 -0.6084 0.0087
vn -0.7125 -0.6484 0.2684
vn -0.0490 0.0069 0.9988
vn 0.1065 0.0264 0.9940
vn -0.0422 -0.1263 0.9911
vn -0.2776 -0.1758 0.9445
vn 0.2015 -0.0151 0.9794
vn 0.3124 0.1064 0.9440
vn 0.1590 -0.1113 0.9810
vn -0.1238 -0.2344 0.9642
vn -0.3092 -0.2253 0.9239
vn 0.2085 -0.1476 0.9668
vn 0.1624 -0.1133 0.9802
vn 0.4730 0.0104 0.8810
vn 0.6160 0.2889 0.7328
vn 0.7233 0.4718 0.5043
vn 0.3185 0.1871 0.9293
vn 0.6461 0.4238 0.6348
vn 0.5915 0.3210 0.7397
vn 0.6835 0.2543 0.6842
vn 0.5940 0.2169 0.7747
vn 0.4347 0.1741 0.8836
vn 0.2958 0.0320 0.9547
vn 0.3474 0.3431 0.8727
vn 0.4153 0.3569 0.8368
vn 0.2605 0.1971 0.9451
vn 0.1436 0.1745 0.9741
vn 0.4180 0.2179 0.8819
vn 0.5106 0.3101 0.8020
vn 0.5529 0.4661 0.6907
vn 0.6209 0.4125 0.6666
vn 0.5184 0.4803 0.7075
vn -0.6829 -0.6811 0.2640
vn -0.4829 -0.5842 0.6523
vn -0.2639 -0.4259 0.8654
vn -0.7669 -0.6367 -0.0804
vn -0.6270 -0.6238 0.4666
vn -0.8080 -0.5875 0.0435
vn -0.8222 -0.5688 -0.0210
vn -0.7837 -0.6067 0.1331
vn -0.6540 -0.5946 0.4678
vn 0.1686 -0.1470 0.9747
vn 0.3698 -0.0202 0.9289
vn -0.0630 -0.2966 0.9529
vn -0.3698 -0.6117 0.6993
vn -0.3627 -0.5482 0.7536
vn -0.0692 -0.4806 0.8742
vn 0.0089 -0.4585 0.8887
vn -0.2822 -0.5231 0.8042
vn -0.3825 -0.5078 0.7719
vn -0.7045 -0.6710 0.2311
vn -0.5853 -0.7319 0.3488
vn -0.5665 -0.6121 0.5517
vn 0.1613 0.0541 0.9854
vn 0.0644 -0.0741 0.9952
vn 0.7002 0.3348 0.6306
vn 0.6350 0.2073 0.7442
vn -0.4456 -0.3223 0.8352
vn -0.3925 -0.2079 0.8960
vn -0.3027 -0.2662 0.9152
vn -0.2304 -0.1660 0.9588
vn -0.4225 -0.3346 0.8423
vn -0.4773 -0.4093 0.7776
vn -0.3763 -0.2399 0.8949
vn -0.1723 -0.0735 0.9823
vn -0.4542 -0.3956 0.7982
vn -0.5321 -0.4703 0.7041
vn -0.1692 -0.5932 0.7870
vn -0.5445 -0.7072 0.4510
vn -0.6293 -0.6915 0.3546
vn -0.3192 -0.6322 0.7060
vn -0.7733 -0.6338 0.0156
vn -0.7302 -0.6780 0.0849
vn -0.8361 -0.5481 0.0231
vn -0.7029 -0.6260 0.3376
vn -0.3937 -0.6361 0.6636
vn 0.5808 0.2029 0.7883
vn 0.5397 0.0726 0.8387
vn 0.2035 -0.1068 0.9732
vn 0.1285 -0.1861 0.9741
vn -0.7492 -0.5194 0.4111
vn -0.2220 -0.3869 0.8950
vn -0.3144 -0.4094 0.8565
vn -0.7837 -0.4694 0.4068
vn -0.1245 -0.0077 0.9922
vn 0.0826 0.1650 0.9828
vn 0.0590 0.1065 0.9926
vn 0.3544 0.3056 0.8837
vn 0.3319 0.3407 0.8796
vn -0.3104 -0.1380 0.9405
vn 0.5063 0.4630 0.7275
vn 0.5184 0.4194 0.7452
vn 0.6231 0.5123 0.5911
vn 0.6159 0.5481 0.5659
vn -0.9094 -0.4153 -0.0232
vn -0.8752 -0.4769 0.0812
vn -0.8359 -0.5408 0.0943
vn -0.8268 -0.5451 0.1386
vn -0.4039 -0.6025 0.6884
vn -0.4819 -0.5942 0.6440
vn -0.0468 -0.5086 0.8597
vn 0.7347 0.6050 0.3069
vn 0.7740 0.5754 0.2642
vn 0.8206 0.5648 0.0876
vn 0.7888 0.6087 0.0853
vn 0.7717 0.6121 0.1725
vn 0.7715 0.5986 0.2158
vn 0.7006 0.6113 0.3681
vn 0.7207 0.6138 0.3222
vn 0.7012 0.6428 0.3083
vn 0.6819 0.6357 0.3617
vn 0.6653 0.6943 0.2744
vn 0.6846 0.6979 0.2105
vn 0.6487 0.7596 -0.0470
vn 0.6319 0.7747 0.0240
vn 0.5382 0.8102 -0.2321
vn 0.5441 0.7655 -0.3435
vn 0.6421 0.6863 0.3416
vn 0.6095 0.7843 0.1157
vn 0.5721 0.7972 0.1928
vn 0.6181 0.6817 0.3913
vn 0.4915 0.8703 0.0312
vn 0.5238 0.8460 -0.0999
vn 0.4045 0.8354 -0.3722
vn 0.3905 0.7494 -0.5347
vn 0.2110 0.8051 -0.5543
vn 0.1944 0.7121 -0.6747
vn 0.4091 0.8882 -0.2090
vn 0.3894 0.9188 -0.0652
vn 0.1850 0.8692 -0.4585
vn 0.2070 0.8497 -0.4850
vn 0.0026 0.6536 -0.7569
vn -0.0328 0.6033 -0.7969
vn -0.1320 0.5145 -0.8473
vn -0.1656 0.5138 -0.8418
vn 0.0111 0.6280 -0.7781
vn -0.0891 0.4434 -0.8919
vn -0.0123 0.5750 -0.8181
vn -0.0881 0.3676 -0.9258
vn -0.1659 0.4719 -0.8659
vn -0.1783 0.5071 -0.8432
vn -0.2373 0.3701 -0.8982
vn -0.2070 0.4567 -0.8652
vn -0.1129 0.3658 -0.9238
vn -0.1837 0.2752 -0.9437
vn -0.0947 0.2874 -0.9531
vn -0.1033 0.2624 -0.9594
vn -0.3682 0.1712 -0.9138
vn -0.3436 0.2540 -0.9041
vn -0.5123 -0.0474 -0.8575
vn -0.5046 -0.0349 -0.8627
vn -0.3275 0.1506 -0.9328
vn -0.4957 -0.0130 -0.8684
vn -0.2002 0.2284 -0.9528
vn -0.4010 0.0794 -0.9126
vn -0.6356 -0.2595 -0.7271
vn -0.6125 -0.2766 -0.7405
vn -0.6975 -0.4073 -0.5896
vn -0.6618 -0.4319 -0.6128
vn -0.6469 -0.2293 -0.7273
vn -0.6118 -0.1377 -0.7790
vn -0.7239 -0.2828 -0.6293
vn -0.7188 -0.3610 -0.5941
vn -0.7126 -0.4349 -0.5505
vn -0.6786 -0.4905 -0.5467
vn -0.7150 -0.3890 -0.5809
vn -0.6938 -0.4668 -0.5484
vn -0.7418 -0.3550 -0.5689
vn -0.7495 -0.2771 -0.6012
vn -0.7482 -0.2027 -0.6317
vn -0.7454 -0.2874 -0.6014
vn -0.7182 -0.3242 -0.6157
vn -0.7040 -0.4057 -0.5829
vn -0.7057 -0.3360 -0.6238
vn -0.7159 -0.2373 -0.6567
vn -0.7433 -0.2020 -0.6378
vn -0.7347 -0.1243 -0.6669
vn -0.7391 -0.1206 -0.6627
vn -0.7463 -0.0831 -0.6604
vn -0.7183 -0.1654 -0.6758
vn -0.7074 -0.2622 -0.6564
vn -0.7367 -0.2583 -0.6249
vn -0.7560 -0.2255 -0.6145
vn -0.7444 -0.1412 -0.6526
vn -0.7829 -0.3398 -0.5212
vn -0.7857 -0.1710 -0.5945
vn -0.8284 -0.3372 -0.4472
vn -0.8033 -0.4532 -0.3865
vn -0.8089 -0.4294 -0.4017
vn -0.8109 -0.5661 -0.1483
vn -0.7812 -0.6045 -0.1561
vn -0.7830 -0.5377 -0.3127
vn -0.7766 -0.6072 -0.1680
vn -0.8505 -0.4383 -0.2908
vn -0.8495 -0.5049 -0.1531
vn -0.7571 -0.6513 -0.0512
vn -0.7877 -0.6152 -0.0329
vn -0.7189 -0.6736 0.1717
vn -0.7808 -0.6175 -0.0948
vn -0.8447 -0.5293 -0.0795
vn -0.4463 -0.6741 0.5886
vn 0.8008 0.5989 -0.0088
vn 0.8283 0.5537 0.0859
vn 0.8250 0.5649 -0.0191
vn 0.7808 0.6083 -0.1424
vn 0.8472 0.5142 0.1333
vn 0.8304 0.5226 0.1930
vn 0.6999 0.6868 -0.1961
vn 0.7568 0.6459 -0.1002
vn 0.7205 0.6505 -0.2404
vn 0.6541 0.6868 -0.3168
vn 0.4817 0.6707 -0.5640
vn 0.6264 0.7074 -0.3274
vn 0.5845 0.7069 -0.3984
vn 0.4660 0.6699 -0.5780
vn 0.2194 0.5137 -0.8294
vn 0.3188 0.5846 -0.7461
vn 0.3285 0.5689 -0.7540
vn 0.2267 0.4850 -0.8446
vn -0.0702 0.1881 -0.9796
vn 0.0652 0.3624 -0.9297
vn 0.1256 0.3907 -0.9119
vn 0.0113 0.2581 -0.9661
vn -0.1184 0.1141 -0.9864
vn -0.1627 0.1029 -0.9813
vn -0.1091 0.1400 -0.9841
vn -0.2292 0.0648 -0.9712
vn -0.2865 0.0540 -0.9566
vn -0.4584 -0.0716 -0.8859
vn -0.3442 -0.0011 -0.9389
vn -0.4578 -0.1109 -0.8821
vn -0.5915 -0.2044 -0.7800
vn -0.6756 -0.3027 -0.6722
vn -0.6253 -0.3739 -0.6850
vn -0.5569 -0.2550 -0.7905
vn -0.7297 -0.3838 -0.5659
vn -0.7560 -0.4351 -0.4891
vn -0.7082 -0.4903 -0.5080
vn -0.6765 -0.4488 -0.5838
vn -0.7685 -0.4563 -0.4486
vn -0.7832 -0.4603 -0.4180
vn -0.7657 -0.5287 -0.3663
vn -0.7333 -0.5152 -0.4437
vn -0.8063 -0.4506 -0.3831
vn -0.8400 -0.4353 -0.3238
vn -0.8310 -0.5084 -0.2258
vn -0.8013 -0.5249 -0.2869
vn -0.8773 -0.4364 -0.2000
vn -0.8747 -0.4847 0.0001
vn -0.8477 -0.5305 -0.0012
vn -0.8492 -0.5066 -0.1488
vn -0.8184 -0.5312 0.2192
vn -0.6887 -0.5378 0.4862
vn -0.6694 -0.5468 0.5030
vn -0.7998 -0.5575 0.2225
vn -0.4188 -0.4720 0.7758
vn -0.4763 -0.5426 0.6919
vn -0.6012 -0.5767 0.5532
vn -0.4229 -0.4752 0.7716
vn -0.7052 -0.5905 0.3925
vn -0.7650 -0.6269 0.1474
vn -0.7647 -0.6100 0.2079
vn -0.8108 -0.5456 0.2119
vn -0.5158 -0.5465 0.6598
vn -0.0316 -0.3168 0.9480
vn -0.4121 -0.4405 0.7976
vn 0.0693 -0.1870 0.9799
vn 0.6621 0.1864 0.7259
vn 0.4712 0.0079 0.8820
vn 0.5293 0.0729 0.8453
vn 0.6904 0.2250 0.6876
vn 0.6542 0.1805 0.7345
vn 0.6447 0.2154 0.7335
vn 0.5207 0.1047 0.8473
vn 0.5292 0.1381 0.8372
vn 0.6204 0.2925 0.7277
vn 0.5186 0.1849 0.8348
vn 0.5500 0.2233 0.8048
vn 0.6633 0.3152 0.6787
vn 0.3725 0.0891 0.9237
vn 0.3854 0.0848 0.9188
vn 0.7593 0.4388 0.4805
vn 0.6959 0.3777 0.6107
vn 0.7244 0.3627 0.5862
vn 0.7853 0.4085 0.4652
vn 0.8056 0.4878 0.3361
vn 0.8343 0.4583 0.3065
vn 0.2808 0.0144 0.9597
vn 0.2797 0.0165 0.9599
vn 0.3183 0.0268 0.9476
vn 0.2719 -0.0065 0.9623
vn 0.3579 0.0283 0.9333
vn 0.4073 0.0684 0.9107
vn 0.8456 0.5303 0.0614
vn 0.8429 0.4701 0.2617
vn 0.8544 0.4755 0.2095
vn 0.8455 0.5336 -0.0173
vn 0.8111 0.4067 0.4203
vn 0.7956 0.4006 0.4545
vn -0.5903 -0.5921 0.5486
vn -0.3082 -0.4568 0.8345
vn -0.2676 -0.5091 0.8180
vn -0.5729 -0.6280 0.5267
vn 0.1218 -0.1515 0.9809
vn 0.0284 -0.2114 0.9770
vn 0.1193 -0.1127 0.9864
vn -0.3169 -0.5417 0.7786
vn -0.5627 -0.6975 0.4437
vn 0.3933 0.1255 0.9108
vn 0.3433 0.0775 0.9360
vn 0.3986 0.0596 0.9152
vn 0.4472 0.0936 0.8895
vn 0.4284 0.0746 0.9005
vn 0.3835 0.0770 0.9203
vn 0.6942 0.6947 -0.1884
vn 0.8132 0.5700 -0.1171
vn 0.7369 0.6029 -0.3057
vn 0.6409 0.6744 -0.3666
vn 0.7921 0.5719 -0.2133
vn 0.7106 0.5893 -0.3844
vn 0.6490 0.5969 -0.4717
vn 0.5720 0.6399 -0.5131
vn 0.7287 0.5809 0.3625
vn 0.8168 0.4325 0.3818
vn 0.8482 0.5045 0.1613
vn 0.7333 0.6719 0.1043
vn 0.8132 0.5707 -0.1143
vn 0.7503 0.6032 -0.2705
vn 0.5787 0.5894 -0.5636
vn 0.5311 0.6154 -0.5824
vn 0.6314 0.6016 -0.4892
vn 0.5692 0.6176 -0.5428
vn 0.5335 0.5867 -0.6092
vn 0.5194 0.5945 -0.6138
vn 0.6766 0.6326 -0.3769
vn 0.6084 0.6610 -0.4392
vn 0.5236 0.5984 -0.6064
vn 0.5412 0.5865 -0.6026
vn 0.5320 0.6379 -0.5569
vn 0.5025 0.6316 -0.5904
vn 0.5352 0.6030 -0.5915
vn 0.5696 0.5790 -0.5833
vn 0.5506 0.6823 -0.4809
vn 0.4782 0.6559 -0.5840
vn 0.4582 0.5251 -0.7172
vn 0.4878 0.4944 -0.7195
vn 0.4108 0.5410 -0.7339
vn 0.2678 0.4074 -0.8731
vn 0.2933 0.3803 -0.8771
vn 0.3142 0.3512 -0.8820
vn 0.3708 0.5550 -0.7446
vn 0.2465 0.4408 -0.8631
vn 0.1556 0.3141 -0.9366
vn 0.1679 0.2769 -0.9461
vn 0.0002 0.1952 -0.9808
vn -0.0072 0.1465 -0.9892
vn 0.1778 0.2549 -0.9505
vn -0.0010 0.1254 -0.9921
vn 0.1444 0.3579 -0.9225
vn 0.0085 0.2477 -0.9688
vn -0.1799 0.0711 -0.9811
vn -0.2040 0.0159 -0.9788
vn -0.2892 0.0092 -0.9572
vn -0.2930 -0.0291 -0.9557
vn -0.2994 -0.0695 -0.9516
vn -0.2039 -0.0215 -0.9788
vn -0.1515 0.1309 -0.9798
vn -0.2783 0.0517 -0.9591
vn -0.3357 -0.0220 -0.9417
vn -0.3200 -0.0415 -0.9465
vn -0.3948 -0.1011 -0.9132
vn -0.4089 -0.0814 -0.9089
vn -0.3709 -0.0795 -0.9253
vn -0.3171 -0.0581 -0.9466
vn -0.3494 -0.0042 -0.9370
vn -0.4167 -0.0958 -0.9040
vn -0.5285 -0.1901 -0.8274
vn -0.5103 -0.1868 -0.8395
vn -0.6059 -0.2677 -0.7492
vn -0.6281 -0.2988 -0.7185
vn -0.5613 -0.2511 -0.7886
vn -0.4775 -0.1603 -0.8639
vn -0.5078 -0.2350 -0.8288
vn -0.5980 -0.3714 -0.7103
vn -0.6769 -0.3875 -0.6258
vn -0.6618 -0.3427 -0.6668
vn -0.7068 -0.4124 -0.5748
vn -0.6989 -0.4635 -0.5447
vn -0.6544 -0.3911 -0.6471
vn -0.6137 -0.3186 -0.7224
vn -0.6494 -0.4794 -0.5903
vn -0.6646 -0.5408 -0.5156
vn -0.7226 -0.5401 -0.4315
vn -0.7484 -0.4743 -0.4636
vn -0.7772 -0.5370 -0.3281
vn -0.7399 -0.6084 -0.2871
vn -0.7240 -0.5327 -0.4383
vn -0.6920 -0.4662 -0.5512
vn -0.6836 -0.5885 -0.4317
vn -0.7169 -0.6184 -0.3220
vn -0.7426 -0.6409 -0.1945
vn -0.7809 -0.5856 -0.2174
vn -0.7605 -0.6062 -0.2326
vn -0.7437 -0.6314 -0.2198
vn -0.7487 -0.6137 -0.2506
vn -0.7447 -0.5930 -0.3061
vn -0.7506 -0.6191 -0.2309
vn -0.7734 -0.5979 -0.2106
vn -0.7400 -0.6445 -0.1925
vn -0.7527 -0.6259 -0.2041
vn -0.7470 -0.6648 0.0091
vn -0.7279 -0.6856 0.0085
vn -0.7524 -0.6544 -0.0750
vn -0.7429 -0.6202 -0.2519
vn -0.7783 -0.6050 -0.1679
vn -0.7755 -0.6312 -0.0116
vn -0.6694 -0.6791 0.3012
vn -0.6771 -0.6701 0.3043
vn -0.5419 -0.6280 0.5586
vn -0.5542 -0.5973 0.5797
vn -0.5837 -0.6865 0.4336
vn -0.7052 -0.6809 0.1978
vn -0.7397 -0.6285 0.2404
vn -0.6166 -0.5720 0.5409
vn -0.4511 -0.5262 0.7209
vn -0.4369 -0.6031 0.6674
vn -0.5978 -0.6806 0.4235
vn -0.6242 -0.6416 0.4457
vn -0.4954 -0.7809 0.3806
vn -0.4563 -0.7074 0.5398
vn -0.4393 -0.4949 0.7497
vn -0.6071 -0.6298 0.4845
vn -0.7182 -0.6626 0.2126
vn -0.7191 -0.6564 0.2281
vn -0.6373 -0.7417 0.2091
vn -0.7329 -0.6575 0.1746
vn -0.6368 -0.5709 0.5182
vn 0.4244 0.1497 0.8930
vn 0.3750 0.2690 0.8871
vn 0.6303 0.3198 0.7074
vn 0.4901 0.3952 0.7769
vn 0.4297 0.4011 0.8090
vn 0.4150 0.3194 0.8519
vn -0.3491 -0.4043 0.8454
vn 0.0460 -0.1994 0.9788
vn 0.5065 0.0853 0.8580
vn 0.6957 0.2549 0.6716
vn 0.5303 0.2814 0.7997
vn 0.3829 0.2402 0.8920
vn 0.6255 0.2866 0.7257
vn 0.5547 0.1867 0.8108
vn 0.5121 0.1489 0.8459
vn 0.4196 0.1192 0.8998
vn 0.6596 0.2362 0.7135
vn 0.5577 0.1679 0.8129
vn 0.5109 0.1453 0.8473
vn 0.5037 0.0792 0.8602
vn 0.6341 0.2038 0.7459
vn 0.6098 0.2737 0.7438
vn 0.5894 0.1955 0.7838
vn 0.6971 0.2808 0.6597
vn 0.7198 0.2903 0.6306
vn 0.6716 0.3905 0.6297
vn 0.4208 0.0250 0.9068
vn 0.4179 0.0165 0.9083
vn 0.4379 0.0318 0.8985
vn 0.4239 0.0125 0.9056
vn 0.5465 0.2232 0.8072
vn 0.6679 0.3028 0.6799
vn 0.7746 0.3577 0.5216
vn 0.7123 0.4976 0.4949
vn 0.7544 0.3370 0.5633
vn 0.7317 0.3472 0.5866
vn 0.4713 0.0735 0.8789
vn 0.4337 0.0557 0.8993
vn 0.4782 0.1085 0.8715
vn 0.4553 0.1071 0.8839
vn -0.1341 -0.3097 0.9413
vn -0.1985 -0.2994 0.9333
vn 0.4696 0.0011 0.8829
vn 0.4189 0.0235 0.9077
vn 0.0792 -0.2977 0.9514
vn -0.1925 -0.1387 0.9714
vn 0.0004 -0.1709 0.9853
vn 0.2903 -0.1954 0.9368
vn -0.2648 -0.5068 0.8204
vn -0.3893 -0.5935 0.7045
vn 0.5272 0.0406 0.8488
vn 0.0601 -0.1934 0.9793
vn 0.0184 -0.2063 0.9783
vn 0.4940 -0.0090 0.8694
vn -0.1077 -0.3492 0.9308
vn 0.4202 -0.0705 0.9047
vn 0.2235 -0.0716 0.9721
vn 0.4019 0.2227 0.8882
vn 0.3825 0.2572 0.8874
vn 0.0568 0.0532 0.9970
vn 0.0467 -0.0038 0.9989
vn -0.8336 -0.4282 0.3489
vn -0.3910 -0.3797 0.8384
vn -0.5136 -0.3868 0.7659
vn -0.8899 -0.3979 0.2230
vn -0.6668 -0.4648 0.5825
vn -0.7555 -0.4972 0.4266
vn -0.9266 -0.3622 0.1014
vn -0.9323 -0.3497 0.0928
vn -0.9371 -0.3421 0.0694
vn -0.9636 -0.2667 0.0182
vn -0.8950 -0.4336 0.1047
vn -0.9460 -0.3200 0.0521
vn -0.9910 -0.1214 0.0557
vn -0.7901 -0.5332 0.3024
vn -0.8127 -0.5485 0.1967
vn -0.9294 -0.3482 -0.1226
vn -0.9506 -0.2621 -0.1662
vn -0.8828 -0.4008 0.2449
vn -0.9791 -0.1988 -0.0424
vn -0.9431 -0.2680 0.1968
vn -0.4084 -0.5861 0.6998
vn -0.3740 -0.6257 0.6845
vn -0.7114 -0.3820 0.5899
vn -0.7447 -0.3365 0.5763
vn -0.6378 -0.3002 0.7093
vn -0.6201 -0.3426 0.7058
vn -0.6292 -0.2567 0.7336
vn -0.7348 -0.2803 0.6177
vn -0.4450 -0.1745 0.8784
vn -0.4152 -0.1853 0.8906
vn -0.3910 -0.2146 0.8950
vn -0.6397 -0.4411 0.6295
vn -0.5625 -0.3878 0.7302
vn -0.3590 -0.2656 0.8948
vn -0.7178 -0.2638 0.6444
vn -0.7221 -0.2577 0.6421
vn -0.7239 -0.2643 0.6372
vn -0.7043 -0.3088 0.6392
vn -0.5951 -0.3464 0.7252
vn -0.4836 -0.1604 0.8605
vn -0.6252 -0.2244 0.7475
vn -0.3986 -0.3199 0.8595
vn -0.8696 -0.3201 0.3760
vn -0.6405 -0.5916 0.4897
vn -0.6994 -0.5599 0.4443
vn -0.6139 -0.5841 0.5310
vn -0.9426 -0.2268 0.2453
vn -0.9556 0.0154 0.2943
vn -0.6457 -0.4853 0.5895
vn -0.5291 -0.5699 0.6287
vn -0.8114 -0.5186 0.2696
vn -0.8341 -0.5289 0.1568
vn -0.9003 -0.3998 -0.1723
vn -0.9010 -0.4339 0.0006
vn -0.8904 -0.2652 -0.3699
vn -0.9381 -0.3433 -0.0466
vn -0.9100 -0.3754 -0.1760
vn -0.9037 -0.4229 -0.0664
vn -0.9057 -0.3672 -0.2119
vn -0.8764 -0.2960 -0.3798
vn -0.8796 -0.4729 0.0519
vn -0.7572 -0.5612 0.3343
vn -0.8507 -0.3233 -0.4145
vn -0.7894 -0.2182 -0.5738
vn -0.7811 -0.2888 -0.5536
vn -0.7221 -0.2280 -0.6531
vn -0.8471 -0.2610 -0.4630
vn -0.7566 -0.3176 -0.5715
vn -0.8076 -0.1310 -0.5750
vn -0.7261 -0.1724 -0.6656
vn -0.7240 -0.3212 -0.6105
vn -0.7732 -0.2618 -0.5775
vn -0.7381 -0.0128 -0.6746
vn -0.7832 -0.0634 -0.6185
vn -0.7334 0.0237 -0.6794
vn -0.7248 0.0202 -0.6887
vn -0.8500 -0.2076 -0.4841
vn -0.8816 -0.3000 -0.3644
vn -0.7159 0.0295 -0.6976
vn -0.7085 -0.0101 -0.7056
vn -0.7874 -0.0368 -0.6154
vn -0.7167 0.1815 -0.6734
vn -0.7628 -0.1422 -0.6308
vn -0.7473 -0.0690 -0.6609
vn -0.7445 -0.0540 -0.6654
vn -0.7135 -0.0795 -0.6962
vn -0.5107 0.1315 -0.8496
vn -0.6802 0.0336 -0.7323
vn -0.1628 0.6000 -0.7832
vn -0.5315 0.3817 -0.7562
vn -0.6308 -0.1429 -0.7627
vn -0.7474 -0.1921 -0.6360
vn -0.3768 0.0106 -0.9262
vn -0.5601 -0.0267 -0.8280
vn -0.1483 0.8750 -0.4609
vn -0.0792 0.4731 -0.8775
vn -0.1855 0.0819 -0.9792
vn -0.1854 -0.0242 -0.9824
vn -0.2520 0.1490 -0.9562
vn -0.2347 0.2357 -0.9431
vn -0.4312 0.0110 -0.9022
vn -0.2734 0.0725 -0.9592
vn -0.1961 0.2645 -0.9442
vn -0.2262 -0.0447 -0.9731
vn -0.5339 0.2350 -0.8122
vn -0.4931 0.5763 -0.6517
vn -0.1837 0.0786 -0.9798
vn -0.4097 0.2054 -0.8888
vn -0.1824 0.1138 -0.9766
vn -0.1953 -0.0239 -0.9805
vn -0.1251 0.3226 -0.9382
vn -0.1299 0.3572 -0.9250
vn -0.1841 0.4014 -0.8972
vn -0.1844 0.4084 -0.8940
vn -0.1791 0.1885 -0.9656
vn -0.3049 0.2442 -0.9205
vn -0.2110 0.2894 -0.9337
vn -0.2757 0.2655 -0.9239
vn -0.4417 0.4198 -0.7929
vn -0.4217 0.3766 -0.8248
vn -0.6104 0.5253 -0.5929
vn -0.1502 0.3176 -0.9363
vn -0.1642 0.4139 -0.8954
vn -0.1156 0.3492 -0.9299
vn -0.1273 0.2924 -0.9478
vn -0.1854 0.3482 -0.9189
vn -0.1591 0.3813 -0.9107
vn -0.2570 0.4276 -0.8667
vn -0.3296 0.3602 -0.8727
vn -0.3142 0.2775 -0.9079
vn -0.2414 0.3482 -0.9058
vn -0.3835 0.3311 -0.8622
vn -0.3495 0.3585 -0.8656
vn -0.2047 0.4256 -0.8814
vn -0.2070 0.3931 -0.8959
vn -0.0991 0.5322 -0.8408
vn -0.0547 0.5379 -0.8412
vn 0.1575 0.8761 -0.4556
vn 0.1197 0.8797 -0.4603
vn 0.0182 0.9106 -0.4130
vn 0.0527 0.9292 -0.3658
vn -0.2401 0.5982 -0.7645
vn -0.2188 0.5840 -0.7817
vn -0.1808 0.6407 -0.7462
vn 0.0656 0.9219 -0.3818
vn 0.0596 0.8905 -0.4511
vn -0.1570 0.5561 -0.8161
vn 0.4439 0.8839 0.1469
vn 0.3645 0.9305 0.0369
vn 0.3263 0.9411 0.0883
vn 0.3830 0.8937 0.2337
vn 0.2670 0.9422 0.2022
vn 0.1668 0.9837 0.0666
vn 0.2285 0.9734 0.0184
vn 0.2647 0.9602 0.0888
vn 0.1302 0.9808 -0.1453
vn 0.0766 0.9905 -0.1142
vn 0.3287 0.9077 0.2608
vn 0.2898 0.9515 0.1037
vn 0.5050 0.7267 0.4656
vn 0.4126 0.8621 0.2941
vn 0.5086 0.8267 0.2406
vn 0.5796 0.6973 0.4216
vn 0.3072 0.8982 0.3145
vn 0.3811 0.7547 0.5340
vn 0.3449 0.7723 0.5335
vn 0.2204 0.9502 0.2205
vn 0.3220 0.6791 0.6597
vn 0.1146 0.9856 0.1241
vn 0.4194 0.4396 0.7943
vn 0.2471 0.9433 0.2217
vn 0.3861 0.2267 0.8942
vn 0.4079 0.2207 0.8859
vn 0.0345 -0.0248 0.9991
vn 0.0199 0.0124 0.9997
vn 0.6783 0.3986 0.6173
vn 0.6470 0.4429 0.6207
vn 0.5416 0.3638 0.7578
vn 0.5617 0.3244 0.7611
vn 0.8859 0.4638 0.0022
vn 0.8610 0.5047 0.0626
vn 0.8201 0.5310 0.2132
vn 0.8500 0.5022 0.1590
vn 0.6923 0.5872 0.4195
vn 0.6607 0.6305 0.4074
vn 0.6583 0.5985 0.4566
vn 0.7119 0.4850 0.5079
vn 0.7888 0.5365 0.3000
vn 0.8192 0.4257 0.3843
vn 0.5525 0.7099 0.4367
vn 0.5885 0.5959 0.5464
vn 0.6314 0.5870 0.5067
vn 0.6136 0.5474 0.5691
vn 0.4753 0.2153 0.8531
vn 0.5048 0.4823 0.7159
vn 0.4314 0.7514 0.4994
vn 0.4031 0.8138 0.4186
vn 0.0618 0.8377 0.5426
vn 0.3150 0.3138 0.8957
vn 0.5089 0.5898 0.6270
vn 0.4600 0.7295 0.5062
vn 0.1547 0.2323 0.9603
vn 0.1758 0.2587 0.9498
vn -0.1714 0.0308 0.9847
vn -0.1748 0.0350 0.9840
vn -0.0795 0.0590 0.9951
vn 0.2575 0.2896 0.9219
vn 0.3341 0.2692 0.9033
vn -0.0125 0.0596 0.9981
vn 0.5312 0.3415 0.7754
vn 0.5670 0.3291 0.7551
vn 0.6928 0.4191 0.5869
vn 0.6588 0.4410 0.6095
vn 0.0474 0.3415 0.9387
vn 0.1528 0.4093 0.8995
vn 0.3049 0.3600 0.8817
vn 0.2031 0.3169 0.9265
vn 0.3651 0.3868 0.8468
vn 0.4130 0.4301 0.8028
vn 0.4465 0.3691 0.8151
vn 0.4795 0.4620 0.7461
vn 0.7486 0.6288 0.2102
vn 0.8485 0.5237 0.0755
vn 0.7285 0.6258 0.2786
vn -0.1111 0.5852 0.8032
vn -0.3902 0.4171 0.8208
vn -0.9710 0.0444 0.2350
vn -0.6275 0.4433 0.6401
vn 0.3211 0.5062 0.8004
vn -0.1063 0.1733 0.9791
vn 0.0863 0.1831 0.9793
vn -0.1846 0.1659 0.9687
vn 0.2410 0.0200 0.9703
vn 0.4824 0.1178 0.8680
vn 0.6014 0.2646 0.7539
vn 0.0768 -0.3412 0.9369
vn -0.2635 -0.6950 0.6690
vn -0.4439 -0.8333 0.3295
vn -0.4541 -0.8769 0.1577
vn -0.3913 -0.8820 0.2626
vn -0.4609 -0.8184 0.3433
vn -0.5944 -0.7683 0.2373
vn -0.6864 -0.7270 0.0201
vn -0.6956 -0.6867 -0.2111
vn -0.6766 -0.6819 -0.2778
vn -0.6630 -0.6726 -0.3288
vn -0.6346 -0.6104 -0.4740
vn -0.6082 -0.5254 -0.5950
vn -0.5872 -0.4236 -0.6897
vn -0.5768 -0.3298 -0.7473
vn -0.5655 -0.2357 -0.7903
vn -0.5167 -0.1369 -0.8452
vn -0.4502 -0.0772 -0.8896
vn -0.3872 -0.0634 -0.9198
vn -0.3490 -0.0838 -0.9334
vn -0.3091 -0.0804 -0.9476
vn -0.1618 0.0245 -0.9865
vn 0.0270 0.1712 -0.9849
vn 0.1611 0.2719 -0.9487
vn 0.2735 0.3417 -0.8991
vn 0.4469 0.4586 -0.7681
vn 0.5886 0.5778 -0.5654
vn 0.5890 0.6342 -0.5010
vn 0.5386 0.6690 -0.5121
vn 0.5024 0.6879 -0.5238
vn 0.5032 0.7038 -0.5014
vn 0.5472 0.7365 -0.3977
vn 0.6030 0.7751 -0.1888
vn 0.6166 0.7864 0.0369
vn 0.6190 0.7368 0.2719
vn 0.6315 0.6447 0.4308
vn 0.6105 0.5370 0.5822
vn 0.5685 0.3720 0.7338
vn 0.4836 0.1643 0.8597
vn 0.4481 0.0341 0.8933
vn 0.4834 -0.0021 0.8754
vn 0.4956 -0.0312 0.8680
vn 0.5244 0.0416 0.8504
vn 0.5179 0.1765 0.8370
vn 0.1734 0.2349 0.9564
vn 0.0519 0.0807 0.9954
vn 0.1429 -0.0986 0.9848
vn -0.1648 -0.2021 0.9654
vn -0.1403 0.0768 0.9871
vn -0.2220 0.2496 0.9426
vn 0.3442 0.7173 0.6058
vn 0.0907 0.8887 0.4494
vn 0.3595 0.6082 0.7077
vn -0.5898 -0.1660 0.7903
vn -0.7941 0.2500 0.5541
vn -0.7123 0.1848 0.6771
vn -0.9523 -0.1182 0.2815
vn -0.5663 0.0205 0.8240
vn -0.9073 -0.2300 0.3520
vn -0.5272 0.1641 0.8337
vn -0.8416 -0.2153 0.4954
vn -0.1777 0.8553 0.4866
# 6849 vertex normals

vt 0.0000 0.0000 0.0000
# 1 texture coords

o cabeza_supIzq
g cabeza_supIzq
usemtl 15___Default
s 1
f 1/1/1 2/1/2 3/1/3 
f 3/1/3 4/1/4 1/1/1 
f 5/1/5 6/1/6 3/1/3 
f 3/1/3 2/1/2 5/1/5 
f 7/1/7 8/1/8 3/1/3 
f 3/1/3 6/1/6 7/1/7 
f 4/1/4 3/1/3 8/1/8 
f 8/1/8 9/1/9 4/1/4 
f 10/1/10 11/1/11 12/1/12 
f 12/1/12 13/1/13 10/1/10 
f 8/1/8 12/1/12 11/1/11 
f 11/1/11 9/1/9 8/1/8 
f 14/1/14 12/1/12 8/1/8 
f 8/1/8 7/1/7 14/1/14 
f 13/1/13 12/1/12 14/1/14 
f 14/1/14 15/1/15 13/1/13 
f 4/1/4 9/1/9 16/1/16 
f 16/1/16 17/1/17 4/1/4 
f 18/1/18 19/1/19 17/1/17 
f 17/1/17 16/1/16 18/1/18 
f 20/1/20 21/1/21 17/1/17 
f 17/1/17 19/1/19 20/1/20 
f 4/1/4 17/1/17 21/1/21 
f 21/1/21 1/1/1 4/1/4 
f 22/1/22 18/1/18 16/1/16 
f 16/1/16 23/1/23 22/1/22 
f 9/1/9 11/1/11 23/1/23 
f 23/1/23 16/1/16 9/1/9 
f 10/1/10 24/1/24 23/1/23 
f 23/1/23 11/1/11 10/1/10 
f 22/1/22 23/1/23 24/1/24 
f 24/1/24 25/1/25 22/1/22 
f 25/1/25 24/1/24 26/1/26 
f 26/1/26 27/1/27 25/1/25 
f 13/1/13 26/1/26 24/1/24 
f 24/1/24 10/1/10 13/1/13 
f 15/1/15 28/1/28 26/1/26 
f 26/1/26 13/1/13 15/1/15 
f 27/1/27 26/1/26 28/1/28 
f 28/1/28 29/1/29 27/1/27 
f 5/1/5 30/1/30 31/1/31 
f 31/1/31 32/1/32 5/1/5 
f 33/1/33 31/1/31 30/1/30 
f 30/1/30 34/1/34 33/1/33 
f 35/1/35 36/1/36 31/1/31 
f 31/1/31 33/1/33 35/1/35 
f 32/1/32 31/1/31 36/1/36 
f 36/1/36 37/1/37 32/1/32 
f 7/1/7 6/1/6 38/1/38 
f 38/1/38 39/1/39 7/1/7 
f 32/1/32 38/1/38 6/1/6 
f 6/1/6 5/1/5 32/1/32 
f 37/1/37 40/1/40 38/1/38 
f 38/1/38 32/1/32 37/1/37 
f 39/1/39 38/1/38 40/1/40 
f 40/1/40 41/1/41 39/1/39 
f 42/1/42 14/1/14 7/1/7 
f 43/1/43 42/1/42 39/1/39 
f 39/1/39 41/1/41 43/1/43 
f 44/1/44 45/1/45 42/1/42 
f 42/1/42 43/1/43 44/1/44 
f 14/1/14 42/1/42 45/1/45 
f 45/1/45 15/1/15 14/1/14 
f 46/1/46 47/1/47 45/1/45 
f 45/1/45 44/1/44 46/1/46 
f 48/1/48 47/1/47 46/1/46 
f 46/1/46 49/1/49 48/1/48 
f 47/1/47 48/1/48 29/1/29 
f 28/1/28 15/1/15 45/1/45 
f 50/1/50 51/1/51 52/1/52 
f 52/1/52 53/1/53 50/1/50 
f 22/1/22 53/1/53 52/1/52 
f 52/1/52 18/1/18 22/1/22 
f 25/1/25 54/1/54 53/1/53 
f 53/1/53 22/1/22 25/1/25 
f 50/1/50 53/1/53 54/1/54 
f 54/1/54 55/1/55 50/1/50 
f 56/1/56 57/1/57 55/1/55 
f 27/1/27 56/1/56 54/1/54 
f 54/1/54 25/1/25 27/1/27 
f 29/1/29 58/1/58 56/1/56 
f 56/1/56 27/1/27 29/1/29 
f 58/1/58 59/1/59 57/1/57 
f 58/1/58 60/1/60 61/1/61 
f 61/1/61 59/1/59 58/1/58 
f 58/1/58 29/1/29 48/1/48 
f 48/1/48 49/1/49 62/1/62 
f 60/1/60 62/1/62 63/1/63 
f 63/1/63 62/1/62 64/1/64 
f 64/1/64 65/1/65 63/1/63 
f 62/1/62 49/1/49 66/1/66 
f 67/1/67 64/1/64 66/1/66 
f 66/1/66 68/1/68 67/1/67 
f 65/1/65 64/1/64 67/1/67 
f 67/1/67 69/1/69 65/1/65 
f 69/1/69 67/1/67 70/1/70 
f 70/1/70 71/1/71 69/1/69 
f 67/1/67 68/1/68 72/1/72 
f 72/1/72 70/1/70 67/1/67 
f 73/1/73 74/1/74 70/1/70 
f 70/1/70 72/1/72 73/1/73 
f 75/1/75 71/1/71 70/1/70 
f 70/1/70 74/1/74 75/1/75 
f 76/1/76 77/1/77 78/1/78 
f 78/1/78 79/1/79 76/1/76 
f 74/1/74 78/1/78 77/1/77 
f 77/1/77 75/1/75 74/1/74 
f 80/1/80 78/1/78 74/1/74 
f 74/1/74 73/1/73 80/1/80 
f 79/1/79 78/1/78 80/1/80 
f 80/1/80 81/1/81 79/1/79 
f 82/1/82 83/1/83 84/1/84 
f 84/1/84 85/1/85 82/1/82 
f 86/1/86 87/1/87 84/1/84 
f 84/1/84 83/1/83 86/1/86 
f 88/1/88 84/1/84 87/1/87 
f 87/1/87 89/1/89 88/1/88 
f 85/1/85 84/1/84 88/1/88 
f 88/1/88 35/1/35 85/1/85 
f 37/1/37 36/1/36 90/1/90 
f 90/1/90 91/1/91 37/1/37 
f 88/1/88 90/1/90 36/1/36 
f 36/1/36 35/1/35 88/1/88 
f 89/1/89 92/1/92 90/1/90 
f 90/1/90 88/1/88 89/1/89 
f 91/1/91 90/1/90 92/1/92 
f 92/1/92 93/1/93 91/1/91 
f 94/1/94 95/1/95 41/1/41 
f 91/1/91 94/1/94 40/1/40 
f 40/1/40 37/1/37 91/1/91 
f 93/1/93 96/1/96 94/1/94 
f 94/1/94 91/1/91 93/1/93 
f 95/1/95 94/1/94 96/1/96 
f 96/1/96 97/1/97 95/1/95 
f 41/1/41 95/1/95 98/1/98 
f 98/1/98 43/1/43 41/1/41 
f 99/1/99 98/1/98 95/1/95 
f 95/1/95 97/1/97 99/1/99 
f 100/1/100 101/1/101 98/1/98 
f 98/1/98 99/1/99 100/1/100 
f 43/1/43 98/1/98 101/1/101 
f 101/1/101 44/1/44 43/1/43 
f 44/1/44 101/1/101 102/1/102 
f 102/1/102 46/1/46 44/1/44 
f 103/1/103 102/1/102 101/1/101 
f 101/1/101 100/1/100 103/1/103 
f 103/1/103 104/1/104 105/1/105 
f 105/1/105 102/1/102 103/1/103 
f 46/1/46 102/1/102 105/1/105 
f 105/1/105 49/1/49 46/1/46 
f 68/1/68 66/1/66 106/1/106 
f 106/1/106 107/1/107 68/1/68 
f 105/1/105 106/1/106 66/1/66 
f 66/1/66 49/1/49 105/1/105 
f 104/1/104 108/1/108 106/1/106 
f 106/1/106 105/1/105 104/1/104 
f 107/1/107 106/1/106 108/1/108 
f 108/1/108 109/1/109 107/1/107 
f 72/1/72 110/1/110 111/1/111 
f 111/1/111 73/1/73 72/1/72 
f 107/1/107 110/1/110 72/1/72 
f 72/1/72 68/1/68 107/1/107 
f 109/1/109 112/1/112 110/1/110 
f 110/1/110 107/1/107 109/1/109 
f 111/1/111 110/1/110 112/1/112 
f 112/1/112 113/1/113 111/1/111 
f 73/1/73 111/1/111 114/1/114 
f 114/1/114 80/1/80 73/1/73 
f 113/1/113 115/1/115 114/1/114 
f 114/1/114 111/1/111 113/1/113 
f 116/1/116 114/1/114 115/1/115 
f 115/1/115 117/1/117 116/1/116 
f 81/1/81 80/1/80 114/1/114 
f 114/1/114 116/1/116 81/1/81 
f 86/1/86 118/1/118 119/1/119 
f 119/1/119 87/1/87 86/1/86 
f 120/1/120 119/1/119 118/1/118 
f 118/1/118 121/1/121 120/1/120 
f 122/1/122 123/1/123 119/1/119 
f 119/1/119 120/1/120 122/1/122 
f 87/1/87 119/1/119 123/1/123 
f 123/1/123 89/1/89 87/1/87 
f 123/1/123 124/1/124 92/1/92 
f 92/1/92 89/1/89 123/1/123 
f 125/1/125 124/1/124 123/1/123 
f 123/1/123 122/1/122 125/1/125 
f 126/1/126 127/1/127 124/1/124 
f 124/1/124 125/1/125 126/1/126 
f 93/1/93 92/1/92 124/1/124 
f 124/1/124 127/1/127 93/1/93 
f 128/1/128 129/1/129 130/1/130 
f 130/1/130 131/1/131 128/1/128 
f 97/1/97 96/1/96 130/1/130 
f 130/1/130 129/1/129 97/1/97 
f 127/1/127 130/1/130 96/1/96 
f 96/1/96 93/1/93 127/1/127 
f 131/1/131 130/1/130 127/1/127 
f 127/1/127 126/1/126 131/1/131 
f 131/1/131 132/1/132 133/1/133 
f 133/1/133 128/1/128 131/1/131 
f 134/1/134 132/1/132 131/1/131 
f 131/1/131 126/1/126 134/1/134 
f 132/1/132 134/1/134 135/1/135 
f 97/1/97 129/1/129 136/1/136 
f 136/1/136 99/1/99 97/1/97 
f 137/1/137 136/1/136 129/1/129 
f 129/1/129 128/1/128 137/1/137 
f 138/1/138 139/1/139 136/1/136 
f 136/1/136 137/1/137 138/1/138 
f 99/1/99 136/1/136 139/1/139 
f 139/1/139 100/1/100 99/1/99 
f 104/1/104 103/1/103 140/1/140 
f 140/1/140 141/1/141 104/1/104 
f 103/1/103 100/1/100 139/1/139 
f 139/1/139 140/1/140 103/1/103 
f 142/1/142 140/1/140 139/1/139 
f 139/1/139 138/1/138 142/1/142 
f 143/1/143 141/1/141 140/1/140 
f 140/1/140 142/1/142 143/1/143 
f 109/1/109 108/1/108 144/1/144 
f 144/1/144 145/1/145 109/1/109 
f 141/1/141 144/1/144 108/1/108 
f 108/1/108 104/1/104 141/1/141 
f 146/1/146 144/1/144 141/1/141 
f 141/1/141 143/1/143 146/1/146 
f 147/1/147 145/1/145 144/1/144 
f 144/1/144 146/1/146 147/1/147 
f 148/1/148 149/1/149 150/1/150 
f 150/1/150 151/1/151 148/1/148 
f 113/1/113 112/1/112 150/1/150 
f 150/1/150 149/1/149 113/1/113 
f 145/1/145 150/1/150 112/1/112 
f 112/1/112 109/1/109 145/1/145 
f 151/1/151 150/1/150 145/1/145 
f 145/1/145 147/1/147 151/1/151 
f 152/1/152 153/1/153 154/1/154 
f 154/1/154 155/1/155 152/1/152 
f 153/1/153 55/1/55 57/1/57 
f 59/1/59 156/1/156 154/1/154 
f 154/1/154 57/1/57 59/1/59 
f 155/1/155 154/1/154 156/1/156 
f 156/1/156 157/1/157 155/1/155 
f 158/1/158 159/1/159 160/1/160 
f 160/1/160 161/1/161 158/1/158 
f 155/1/155 160/1/160 159/1/159 
f 159/1/159 152/1/152 155/1/155 
f 157/1/157 162/1/162 160/1/160 
f 160/1/160 155/1/155 157/1/157 
f 161/1/161 160/1/160 162/1/162 
f 162/1/162 163/1/163 161/1/161 
f 157/1/157 156/1/156 164/1/164 
f 164/1/164 165/1/165 157/1/157 
f 61/1/61 164/1/164 156/1/156 
f 156/1/156 59/1/59 61/1/61 
f 63/1/63 166/1/166 164/1/164 
f 164/1/164 61/1/61 63/1/63 
f 165/1/165 164/1/164 166/1/166 
f 166/1/166 167/1/167 165/1/165 
f 163/1/163 162/1/162 168/1/168 
f 168/1/168 169/1/169 163/1/163 
f 165/1/165 168/1/168 162/1/162 
f 162/1/162 157/1/157 165/1/165 
f 167/1/167 170/1/170 168/1/168 
f 168/1/168 165/1/165 167/1/167 
f 169/1/169 168/1/168 170/1/170 
f 170/1/170 171/1/171 169/1/169 
f 172/1/172 173/1/173 174/1/174 
f 174/1/174 175/1/175 172/1/172 
f 169/1/169 174/1/174 173/1/173 
f 173/1/173 163/1/163 169/1/169 
f 171/1/171 176/1/176 174/1/174 
f 174/1/174 169/1/169 171/1/171 
f 175/1/175 174/1/174 176/1/176 
f 176/1/176 177/1/177 175/1/175 
f 167/1/167 166/1/166 178/1/178 
f 178/1/178 179/1/179 167/1/167 
f 65/1/65 178/1/178 166/1/166 
f 166/1/166 63/1/63 65/1/65 
f 69/1/69 180/1/180 178/1/178 
f 178/1/178 65/1/65 69/1/69 
f 179/1/179 178/1/178 180/1/180 
f 180/1/180 181/1/181 179/1/179 
f 182/1/182 183/1/183 184/1/184 
f 184/1/184 185/1/185 182/1/182 
f 186/1/186 184/1/184 183/1/183 
f 183/1/183 187/1/187 186/1/186 
f 177/1/177 176/1/176 184/1/184 
f 184/1/184 186/1/186 177/1/177 
f 185/1/185 184/1/184 176/1/176 
f 176/1/176 171/1/171 185/1/185 
f 171/1/171 170/1/170 188/1/188 
f 188/1/188 185/1/185 171/1/171 
f 179/1/179 188/1/188 170/1/170 
f 170/1/170 167/1/167 179/1/179 
f 181/1/181 189/1/189 188/1/188 
f 188/1/188 179/1/179 181/1/181 
f 185/1/185 188/1/188 189/1/189 
f 189/1/189 182/1/182 185/1/185 
f 190/1/190 191/1/191 181/1/181 
f 71/1/71 190/1/190 180/1/180 
f 180/1/180 69/1/69 71/1/71 
f 75/1/75 192/1/192 190/1/190 
f 190/1/190 71/1/71 75/1/75 
f 192/1/192 193/1/193 191/1/191 
f 194/1/194 195/1/195 193/1/193 
f 77/1/77 194/1/194 192/1/192 
f 192/1/192 75/1/75 77/1/77 
f 76/1/76 196/1/196 194/1/194 
f 194/1/194 77/1/77 76/1/76 
f 195/1/195 194/1/194 196/1/196 
f 196/1/196 197/1/197 195/1/195 
f 182/1/182 189/1/189 198/1/198 
f 198/1/198 199/1/199 182/1/182 
f 191/1/191 198/1/198 189/1/189 
f 189/1/189 181/1/181 191/1/191 
f 193/1/193 200/1/200 198/1/198 
f 198/1/198 191/1/191 193/1/193 
f 199/1/199 198/1/198 200/1/200 
f 200/1/200 201/1/201 199/1/199 
f 187/1/187 183/1/183 202/1/202 
f 202/1/202 203/1/203 187/1/187 
f 199/1/199 202/1/202 183/1/183 
f 183/1/183 182/1/182 199/1/199 
f 201/1/201 204/1/204 202/1/202 
f 202/1/202 199/1/199 201/1/201 
f 203/1/203 202/1/202 204/1/204 
f 204/1/204 205/1/205 203/1/203 
f 201/1/201 200/1/200 206/1/206 
f 206/1/206 207/1/207 201/1/201 
f 195/1/195 206/1/206 200/1/200 
f 200/1/200 193/1/193 195/1/195 
f 197/1/197 208/1/208 206/1/206 
f 206/1/206 195/1/195 197/1/197 
f 207/1/207 206/1/206 208/1/208 
f 208/1/208 209/1/209 207/1/207 
f 205/1/205 204/1/204 210/1/210 
f 210/1/210 211/1/211 205/1/205 
f 207/1/207 210/1/210 204/1/204 
f 204/1/204 201/1/201 207/1/207 
f 209/1/209 212/1/212 210/1/210 
f 210/1/210 207/1/207 209/1/209 
f 211/1/211 210/1/210 212/1/212 
f 212/1/212 213/1/213 211/1/211 
f 209/1/209 208/1/208 214/1/214 
f 214/1/214 215/1/215 209/1/209 
f 216/1/216 214/1/214 208/1/208 
f 208/1/208 197/1/197 216/1/216 
f 217/1/217 218/1/218 214/1/214 
f 214/1/214 216/1/216 217/1/217 
f 215/1/215 214/1/214 218/1/218 
f 218/1/218 219/1/219 215/1/215 
f 213/1/213 212/1/212 220/1/220 
f 220/1/220 221/1/221 213/1/213 
f 215/1/215 220/1/220 212/1/212 
f 212/1/212 209/1/209 215/1/215 
f 219/1/219 222/1/222 220/1/220 
f 220/1/220 215/1/215 219/1/219 
f 221/1/221 220/1/220 222/1/222 
f 222/1/222 223/1/223 221/1/221 
f 223/1/223 222/1/222 224/1/224 
f 224/1/224 225/1/225 223/1/223 
f 226/1/226 224/1/224 222/1/222 
f 222/1/222 219/1/219 226/1/226 
f 227/1/227 228/1/228 224/1/224 
f 224/1/224 226/1/226 227/1/227 
f 225/1/225 224/1/224 228/1/228 
f 228/1/228 229/1/229 225/1/225 
f 230/1/230 231/1/231 232/1/232 
f 232/1/232 233/1/233 230/1/230 
f 234/1/234 232/1/232 231/1/231 
f 231/1/231 235/1/235 234/1/234 
f 229/1/229 228/1/228 232/1/232 
f 232/1/232 234/1/234 229/1/229 
f 233/1/233 232/1/232 228/1/228 
f 228/1/228 227/1/227 233/1/233 
f 235/1/235 231/1/231 236/1/236 
f 236/1/236 237/1/237 235/1/235 
f 238/1/238 236/1/236 231/1/231 
f 231/1/231 230/1/230 238/1/238 
f 239/1/239 240/1/240 236/1/236 
f 236/1/236 238/1/238 239/1/239 
f 237/1/237 236/1/236 240/1/240 
f 240/1/240 241/1/241 237/1/237 
f 135/1/135 242/1/242 243/1/243 
f 243/1/243 133/1/133 135/1/135 
f 244/1/244 243/1/243 242/1/242 
f 242/1/242 245/1/245 244/1/244 
f 246/1/246 247/1/247 243/1/243 
f 243/1/243 244/1/244 246/1/246 
f 133/1/133 243/1/243 247/1/247 
f 247/1/247 128/1/128 133/1/133 
f 247/1/247 248/1/248 137/1/137 
f 137/1/137 128/1/128 247/1/247 
f 249/1/249 248/1/248 247/1/247 
f 247/1/247 246/1/246 249/1/249 
f 250/1/250 251/1/251 248/1/248 
f 248/1/248 249/1/249 250/1/250 
f 137/1/137 248/1/248 251/1/251 
f 251/1/251 138/1/138 137/1/137 
f 138/1/138 251/1/251 252/1/252 
f 252/1/252 142/1/142 138/1/138 
f 253/1/253 252/1/252 251/1/251 
f 251/1/251 250/1/250 253/1/253 
f 254/1/254 255/1/255 252/1/252 
f 252/1/252 253/1/253 254/1/254 
f 142/1/142 252/1/252 255/1/255 
f 255/1/255 143/1/143 142/1/142 
f 143/1/143 255/1/255 256/1/256 
f 256/1/256 146/1/146 143/1/143 
f 257/1/257 256/1/256 255/1/255 
f 255/1/255 254/1/254 257/1/257 
f 258/1/258 259/1/259 256/1/256 
f 256/1/256 257/1/257 258/1/258 
f 146/1/146 256/1/256 259/1/259 
f 259/1/259 147/1/147 146/1/146 
f 254/1/254 260/1/260 261/1/261 
f 261/1/261 257/1/257 254/1/254 
f 262/1/262 261/1/261 260/1/260 
f 260/1/260 263/1/263 262/1/262 
f 264/1/264 265/1/265 261/1/261 
f 261/1/261 262/1/262 264/1/264 
f 257/1/257 261/1/261 265/1/265 
f 265/1/265 258/1/258 257/1/257 
f 266/1/266 267/1/267 268/1/268 
f 268/1/268 269/1/269 266/1/266 
f 175/1/175 268/1/268 267/1/267 
f 267/1/267 172/1/172 175/1/175 
f 177/1/177 270/1/270 268/1/268 
f 268/1/268 175/1/175 177/1/177 
f 269/1/269 268/1/268 270/1/270 
f 270/1/270 271/1/271 269/1/269 
f 271/1/271 270/1/270 272/1/272 
f 272/1/272 273/1/273 271/1/271 
f 186/1/186 272/1/272 270/1/270 
f 270/1/270 177/1/177 186/1/186 
f 187/1/187 274/1/274 272/1/272 
f 272/1/272 186/1/186 187/1/187 
f 273/1/273 272/1/272 274/1/274 
f 274/1/274 275/1/275 273/1/273 
f 275/1/275 274/1/274 276/1/276 
f 276/1/276 277/1/277 275/1/275 
f 203/1/203 276/1/276 274/1/274 
f 274/1/274 187/1/187 203/1/203 
f 205/1/205 278/1/278 276/1/276 
f 276/1/276 203/1/203 205/1/205 
f 277/1/277 276/1/276 278/1/278 
f 278/1/278 279/1/279 277/1/277 
f 279/1/279 278/1/278 280/1/280 
f 280/1/280 281/1/281 279/1/279 
f 211/1/211 280/1/280 278/1/278 
f 278/1/278 205/1/205 211/1/211 
f 213/1/213 282/1/282 280/1/280 
f 280/1/280 211/1/211 213/1/213 
f 281/1/281 280/1/280 282/1/282 
f 282/1/282 283/1/283 281/1/281 
f 283/1/283 282/1/282 284/1/284 
f 284/1/284 285/1/285 283/1/283 
f 221/1/221 284/1/284 282/1/282 
f 282/1/282 213/1/213 221/1/221 
f 223/1/223 286/1/286 284/1/284 
f 284/1/284 221/1/221 223/1/223 
f 285/1/285 284/1/284 286/1/286 
f 286/1/286 287/1/287 285/1/285 
f 287/1/287 286/1/286 288/1/288 
f 288/1/288 289/1/289 287/1/287 
f 225/1/225 288/1/288 286/1/286 
f 286/1/286 223/1/223 225/1/225 
f 229/1/229 290/1/290 288/1/288 
f 288/1/288 225/1/225 229/1/229 
f 289/1/289 288/1/288 290/1/290 
f 290/1/290 291/1/291 289/1/289 
f 291/1/291 290/1/290 292/1/292 
f 292/1/292 293/1/293 291/1/291 
f 234/1/234 292/1/292 290/1/290 
f 290/1/290 229/1/229 234/1/234 
f 235/1/235 294/1/294 292/1/292 
f 292/1/292 234/1/234 235/1/235 
f 293/1/293 292/1/292 294/1/294 
f 294/1/294 295/1/295 293/1/293 
f 295/1/295 294/1/294 296/1/296 
f 296/1/296 297/1/297 295/1/295 
f 237/1/237 296/1/296 294/1/294 
f 294/1/294 235/1/235 237/1/237 
f 241/1/241 298/1/298 296/1/296 
f 296/1/296 237/1/237 241/1/241 
f 297/1/297 296/1/296 298/1/298 
f 298/1/298 299/1/299 297/1/297 
f 300/1/300 301/1/301 302/1/302 
f 302/1/302 303/1/303 300/1/300 
f 304/1/304 302/1/302 301/1/301 
f 301/1/301 305/1/305 304/1/304 
f 266/1/266 306/1/306 302/1/302 
f 302/1/302 304/1/304 266/1/266 
f 303/1/303 302/1/302 306/1/306 
f 306/1/306 307/1/307 303/1/303 
f 307/1/307 306/1/306 308/1/308 
f 308/1/308 309/1/309 307/1/307 
f 269/1/269 308/1/308 306/1/306 
f 306/1/306 266/1/266 269/1/269 
f 271/1/271 310/1/310 308/1/308 
f 308/1/308 269/1/269 271/1/271 
f 309/1/309 308/1/308 310/1/310 
f 310/1/310 311/1/311 309/1/309 
f 311/1/311 310/1/310 312/1/312 
f 312/1/312 313/1/313 311/1/311 
f 273/1/273 312/1/312 310/1/310 
f 310/1/310 271/1/271 273/1/273 
f 275/1/275 314/1/314 312/1/312 
f 312/1/312 273/1/273 275/1/275 
f 313/1/313 312/1/312 314/1/314 
f 314/1/314 315/1/315 313/1/313 
f 315/1/315 314/1/314 316/1/316 
f 316/1/316 317/1/317 315/1/315 
f 277/1/277 316/1/316 314/1/314 
f 314/1/314 275/1/275 277/1/277 
f 279/1/279 318/1/318 316/1/316 
f 316/1/316 277/1/277 279/1/279 
f 317/1/317 316/1/316 318/1/318 
f 318/1/318 319/1/319 317/1/317 
f 319/1/319 318/1/318 320/1/320 
f 320/1/320 321/1/321 319/1/319 
f 281/1/281 320/1/320 318/1/318 
f 318/1/318 279/1/279 281/1/281 
f 283/1/283 322/1/322 320/1/320 
f 320/1/320 281/1/281 283/1/283 
f 321/1/321 320/1/320 322/1/322 
f 322/1/322 323/1/323 321/1/321 
f 323/1/323 322/1/322 324/1/324 
f 324/1/324 325/1/325 323/1/323 
f 285/1/285 324/1/324 322/1/322 
f 322/1/322 283/1/283 285/1/285 
f 287/1/287 326/1/326 324/1/324 
f 324/1/324 285/1/285 287/1/287 
f 325/1/325 324/1/324 326/1/326 
f 326/1/326 327/1/327 325/1/325 
f 327/1/327 326/1/326 328/1/328 
f 328/1/328 329/1/329 327/1/327 
f 289/1/289 328/1/328 326/1/326 
f 326/1/326 287/1/287 289/1/289 
f 291/1/291 330/1/330 328/1/328 
f 328/1/328 289/1/289 291/1/291 
f 329/1/329 328/1/328 330/1/330 
f 330/1/330 331/1/331 329/1/329 
f 331/1/331 330/1/330 332/1/332 
f 332/1/332 333/1/333 331/1/331 
f 293/1/293 332/1/332 330/1/330 
f 330/1/330 291/1/291 293/1/293 
f 295/1/295 334/1/334 332/1/332 
f 332/1/332 293/1/293 295/1/295 
f 333/1/333 332/1/332 334/1/334 
f 334/1/334 335/1/335 333/1/333 
f 336/1/336 337/1/337 338/1/338 
f 338/1/338 339/1/339 336/1/336 
f 340/1/340 338/1/338 337/1/337 
f 337/1/337 341/1/341 340/1/340 
f 300/1/300 342/1/342 338/1/338 
f 338/1/338 340/1/340 300/1/300 
f 339/1/339 338/1/338 342/1/342 
f 342/1/342 343/1/343 339/1/339 
f 343/1/343 342/1/342 344/1/344 
f 344/1/344 345/1/345 343/1/343 
f 303/1/303 344/1/344 342/1/342 
f 342/1/342 300/1/300 303/1/303 
f 307/1/307 346/1/346 344/1/344 
f 344/1/344 303/1/303 307/1/307 
f 345/1/345 344/1/344 346/1/346 
f 346/1/346 347/1/347 345/1/345 
f 347/1/347 346/1/346 348/1/348 
f 348/1/348 349/1/349 347/1/347 
f 309/1/309 348/1/348 346/1/346 
f 346/1/346 307/1/307 309/1/309 
f 311/1/311 350/1/350 348/1/348 
f 348/1/348 309/1/309 311/1/311 
f 349/1/349 348/1/348 350/1/350 
f 350/1/350 351/1/351 349/1/349 
f 351/1/351 350/1/350 352/1/352 
f 352/1/352 353/1/353 351/1/351 
f 313/1/313 352/1/352 350/1/350 
f 350/1/350 311/1/311 313/1/313 
f 315/1/315 354/1/354 352/1/352 
f 352/1/352 313/1/313 315/1/315 
f 353/1/353 352/1/352 354/1/354 
f 354/1/354 355/1/355 353/1/353 
f 355/1/355 354/1/354 356/1/356 
f 356/1/356 357/1/357 355/1/355 
f 317/1/317 356/1/356 354/1/354 
f 354/1/354 315/1/315 317/1/317 
f 319/1/319 358/1/358 356/1/356 
f 356/1/356 317/1/317 319/1/319 
f 357/1/357 356/1/356 358/1/358 
f 358/1/358 359/1/359 357/1/357 
f 359/1/359 358/1/358 360/1/360 
f 360/1/360 361/1/361 359/1/359 
f 321/1/321 360/1/360 358/1/358 
f 358/1/358 319/1/319 321/1/321 
f 323/1/323 362/1/362 360/1/360 
f 360/1/360 321/1/321 323/1/323 
f 361/1/361 360/1/360 362/1/362 
f 362/1/362 363/1/363 361/1/361 
f 363/1/363 362/1/362 364/1/364 
f 364/1/364 365/1/365 363/1/363 
f 325/1/325 364/1/364 362/1/362 
f 362/1/362 323/1/323 325/1/325 
f 327/1/327 366/1/366 364/1/364 
f 364/1/364 325/1/325 327/1/327 
f 365/1/365 364/1/364 366/1/366 
f 366/1/366 367/1/367 365/1/365 
f 367/1/367 366/1/366 368/1/368 
f 368/1/368 369/1/369 367/1/367 
f 329/1/329 368/1/368 366/1/366 
f 366/1/366 327/1/327 329/1/329 
f 331/1/331 370/1/370 368/1/368 
f 368/1/368 329/1/329 331/1/331 
f 369/1/369 368/1/368 370/1/370 
f 370/1/370 371/1/371 369/1/369 
f 371/1/371 370/1/370 372/1/372 
f 372/1/372 373/1/373 371/1/371 
f 333/1/333 372/1/372 370/1/370 
f 370/1/370 331/1/331 333/1/333 
f 335/1/335 374/1/374 372/1/372 
f 372/1/372 333/1/333 335/1/335 
f 373/1/373 372/1/372 374/1/374 
f 374/1/374 375/1/375 373/1/373 
f 376/1/376 377/1/377 378/1/378 
f 378/1/378 379/1/379 376/1/376 
f 85/1/85 377/1/377 376/1/376 
f 376/1/376 82/1/82 85/1/85 
f 35/1/35 380/1/380 377/1/377 
f 377/1/377 85/1/85 35/1/35 
f 378/1/378 377/1/377 380/1/380 
f 380/1/380 381/1/381 378/1/378 
f 382/1/382 383/1/383 34/1/34 
f 30/1/30 5/1/5 2/1/2 
f 1/1/1 384/1/384 382/1/382 
f 382/1/382 2/1/2 1/1/1 
f 383/1/383 382/1/382 384/1/384 
f 384/1/384 385/1/385 383/1/383 
f 1/1/1 21/1/21 386/1/386 
f 386/1/386 384/1/384 1/1/1 
f 21/1/21 20/1/20 387/1/387 
f 388/1/388 389/1/389 386/1/386 
f 386/1/386 387/1/387 388/1/388 
f 384/1/384 386/1/386 389/1/389 
f 389/1/389 385/1/385 384/1/384 
f 388/1/388 390/1/390 391/1/391 
f 391/1/391 389/1/389 388/1/388 
f 392/1/392 391/1/391 390/1/390 
f 390/1/390 393/1/393 392/1/392 
f 394/1/394 395/1/395 391/1/391 
f 391/1/391 392/1/392 394/1/394 
f 395/1/395 385/1/385 389/1/389 
f 381/1/381 380/1/380 396/1/396 
f 396/1/396 397/1/397 381/1/381 
f 33/1/33 396/1/396 380/1/380 
f 380/1/380 35/1/35 33/1/33 
f 34/1/34 383/1/383 396/1/396 
f 396/1/396 33/1/33 34/1/34 
f 397/1/397 396/1/396 383/1/383 
f 383/1/383 385/1/385 397/1/397 
f 398/1/398 395/1/395 394/1/394 
f 399/1/399 381/1/381 397/1/397 
f 397/1/397 385/1/385 395/1/395 
f 400/1/400 401/1/401 402/1/402 
f 402/1/402 403/1/403 400/1/400 
f 404/1/404 402/1/402 401/1/401 
f 401/1/401 405/1/405 404/1/404 
f 406/1/406 407/1/407 402/1/402 
f 402/1/402 404/1/404 406/1/406 
f 403/1/403 402/1/402 407/1/407 
f 407/1/407 408/1/408 403/1/403 
f 408/1/408 407/1/407 409/1/409 
f 409/1/409 410/1/410 408/1/408 
f 411/1/411 409/1/409 407/1/407 
f 407/1/407 406/1/406 411/1/411 
f 412/1/412 413/1/413 409/1/409 
f 409/1/409 411/1/411 412/1/412 
f 410/1/410 409/1/409 413/1/413 
f 413/1/413 414/1/414 410/1/410 
f 414/1/414 413/1/413 415/1/415 
f 415/1/415 416/1/416 414/1/414 
f 417/1/417 415/1/415 413/1/413 
f 413/1/413 412/1/412 417/1/417 
f 418/1/418 419/1/419 415/1/415 
f 415/1/415 417/1/417 418/1/418 
f 416/1/416 415/1/415 419/1/419 
f 419/1/419 420/1/420 416/1/416 
f 420/1/420 419/1/419 421/1/421 
f 421/1/421 422/1/422 420/1/420 
f 423/1/423 421/1/421 419/1/419 
f 419/1/419 418/1/418 423/1/423 
f 424/1/424 425/1/425 421/1/421 
f 421/1/421 423/1/423 424/1/424 
f 422/1/422 421/1/421 425/1/425 
f 425/1/425 426/1/426 422/1/422 
f 427/1/427 428/1/428 429/1/429 
f 429/1/429 430/1/430 427/1/427 
f 431/1/431 429/1/429 428/1/428 
f 428/1/428 426/1/426 431/1/431 
f 432/1/432 433/1/433 429/1/429 
f 429/1/429 431/1/431 432/1/432 
f 430/1/430 429/1/429 433/1/433 
f 433/1/433 434/1/434 430/1/430 
f 435/1/435 436/1/436 437/1/437 
f 437/1/437 438/1/438 435/1/435 
f 436/1/436 432/1/432 431/1/431 
f 426/1/426 425/1/425 437/1/437 
f 437/1/437 431/1/431 426/1/426 
f 438/1/438 437/1/437 425/1/425 
f 425/1/425 424/1/424 438/1/438 
f 439/1/439 440/1/440 441/1/441 
f 441/1/441 442/1/442 439/1/439 
f 376/1/376 441/1/441 440/1/440 
f 440/1/440 82/1/82 376/1/376 
f 379/1/379 443/1/443 441/1/441 
f 441/1/441 376/1/376 379/1/379 
f 442/1/442 441/1/441 443/1/443 
f 443/1/443 444/1/444 442/1/442 
f 445/1/445 446/1/446 447/1/447 
f 447/1/447 448/1/448 445/1/445 
f 83/1/83 447/1/447 446/1/446 
f 446/1/446 86/1/86 83/1/83 
f 82/1/82 440/1/440 447/1/447 
f 447/1/447 83/1/83 82/1/82 
f 448/1/448 447/1/447 440/1/440 
f 440/1/440 439/1/439 448/1/448 
f 121/1/121 449/1/449 450/1/450 
f 450/1/450 120/1/120 121/1/121 
f 451/1/451 450/1/450 449/1/449 
f 449/1/449 452/1/452 451/1/451 
f 453/1/453 454/1/454 450/1/450 
f 450/1/450 451/1/451 453/1/453 
f 120/1/120 450/1/450 454/1/454 
f 454/1/454 122/1/122 120/1/120 
f 122/1/122 454/1/454 455/1/455 
f 455/1/455 125/1/125 122/1/122 
f 456/1/456 455/1/455 454/1/454 
f 454/1/454 453/1/453 456/1/456 
f 457/1/457 455/1/455 456/1/456 
f 456/1/456 458/1/458 457/1/457 
f 125/1/125 455/1/455 457/1/457 
f 457/1/457 126/1/126 125/1/125 
f 245/1/245 242/1/242 459/1/459 
f 459/1/459 460/1/460 245/1/245 
f 134/1/134 459/1/459 242/1/242 
f 242/1/242 135/1/135 134/1/134 
f 126/1/126 457/1/457 459/1/459 
f 459/1/459 134/1/134 126/1/126 
f 460/1/460 459/1/459 457/1/457 
f 457/1/457 458/1/458 460/1/460 
f 121/1/121 118/1/118 461/1/461 
f 461/1/461 462/1/462 121/1/121 
f 446/1/446 461/1/461 118/1/118 
f 118/1/118 86/1/86 446/1/446 
f 445/1/445 463/1/463 461/1/461 
f 461/1/461 446/1/446 445/1/445 
f 463/1/463 464/1/464 462/1/462 
f 465/1/465 466/1/466 467/1/467 
f 442/1/442 465/1/465 468/1/468 
f 468/1/468 439/1/439 442/1/442 
f 444/1/444 469/1/469 465/1/465 
f 465/1/465 442/1/442 444/1/444 
f 466/1/466 465/1/465 469/1/469 
f 469/1/469 470/1/470 466/1/466 
f 464/1/464 463/1/463 471/1/471 
f 471/1/471 472/1/472 464/1/464 
f 448/1/448 471/1/471 463/1/463 
f 463/1/463 445/1/445 448/1/448 
f 439/1/439 468/1/468 471/1/471 
f 471/1/471 448/1/448 439/1/439 
f 468/1/468 467/1/467 472/1/472 
f 452/1/452 449/1/449 473/1/473 
f 473/1/473 474/1/474 452/1/452 
f 462/1/462 473/1/473 449/1/449 
f 449/1/449 121/1/121 462/1/462 
f 462/1/462 464/1/464 474/1/474 
f 452/1/452 475/1/475 476/1/476 
f 476/1/476 451/1/451 452/1/452 
f 477/1/477 476/1/476 475/1/475 
f 475/1/475 478/1/478 477/1/477 
f 479/1/479 480/1/480 476/1/476 
f 476/1/476 477/1/477 479/1/479 
f 451/1/451 476/1/476 480/1/480 
f 480/1/480 453/1/453 451/1/451 
f 464/1/464 481/1/481 482/1/482 
f 482/1/482 474/1/474 464/1/464 
f 483/1/483 482/1/482 481/1/481 
f 481/1/481 484/1/484 483/1/483 
f 478/1/478 475/1/475 482/1/482 
f 482/1/482 483/1/483 478/1/478 
f 474/1/474 482/1/482 475/1/475 
f 475/1/475 452/1/452 474/1/474 
f 485/1/485 486/1/486 484/1/484 
f 481/1/481 464/1/464 472/1/472 
f 485/1/485 472/1/472 467/1/467 
f 487/1/487 488/1/488 486/1/486 
f 489/1/489 490/1/490 488/1/488 
f 467/1/467 491/1/491 489/1/489 
f 489/1/489 487/1/487 467/1/467 
f 490/1/490 489/1/489 491/1/491 
f 491/1/491 492/1/492 490/1/490 
f 493/1/493 494/1/494 492/1/492 
f 466/1/466 493/1/493 491/1/491 
f 491/1/491 467/1/467 466/1/466 
f 470/1/470 495/1/495 493/1/493 
f 493/1/493 466/1/466 470/1/470 
f 495/1/495 496/1/496 494/1/494 
f 497/1/497 498/1/498 499/1/499 
f 499/1/499 500/1/500 497/1/497 
f 490/1/490 499/1/499 498/1/498 
f 498/1/498 488/1/488 490/1/490 
f 492/1/492 501/1/501 499/1/499 
f 499/1/499 490/1/490 492/1/492 
f 501/1/501 502/1/502 500/1/500 
f 503/1/503 504/1/504 505/1/505 
f 505/1/505 506/1/506 503/1/503 
f 486/1/486 505/1/505 504/1/504 
f 504/1/504 484/1/484 486/1/486 
f 488/1/488 498/1/498 505/1/505 
f 505/1/505 486/1/486 488/1/488 
f 506/1/506 505/1/505 498/1/498 
f 498/1/498 497/1/497 506/1/506 
f 507/1/507 508/1/508 509/1/509 
f 509/1/509 510/1/510 507/1/507 
f 483/1/483 509/1/509 508/1/508 
f 508/1/508 478/1/478 483/1/483 
f 484/1/484 504/1/504 509/1/509 
f 509/1/509 483/1/483 484/1/484 
f 510/1/510 509/1/509 504/1/504 
f 504/1/504 503/1/503 510/1/510 
f 511/1/511 512/1/512 513/1/513 
f 513/1/513 514/1/514 511/1/511 
f 479/1/479 477/1/477 512/1/512 
f 512/1/512 511/1/511 479/1/479 
f 478/1/478 508/1/508 512/1/512 
f 512/1/512 477/1/477 478/1/478 
f 513/1/513 512/1/512 508/1/508 
f 508/1/508 507/1/507 513/1/513 
f 515/1/515 516/1/516 517/1/517 
f 517/1/517 518/1/518 515/1/515 
f 495/1/495 517/1/517 516/1/516 
f 516/1/516 496/1/496 495/1/495 
f 519/1/519 517/1/517 495/1/495 
f 495/1/495 470/1/470 519/1/519 
f 518/1/518 517/1/517 519/1/519 
f 519/1/519 520/1/520 518/1/518 
f 405/1/405 521/1/521 522/1/522 
f 522/1/522 404/1/404 405/1/405 
f 523/1/523 522/1/522 521/1/521 
f 521/1/521 524/1/524 523/1/523 
f 525/1/525 526/1/526 522/1/522 
f 522/1/522 523/1/523 525/1/525 
f 404/1/404 522/1/522 526/1/526 
f 526/1/526 406/1/406 404/1/404 
f 527/1/527 528/1/528 529/1/529 
f 529/1/529 530/1/530 527/1/527 
f 518/1/518 529/1/529 528/1/528 
f 528/1/528 515/1/515 518/1/518 
f 520/1/520 531/1/531 529/1/529 
f 529/1/529 518/1/518 520/1/520 
f 530/1/530 529/1/529 531/1/531 
f 531/1/531 532/1/532 530/1/530 
f 524/1/524 533/1/533 534/1/534 
f 534/1/534 523/1/523 524/1/524 
f 530/1/530 534/1/534 533/1/533 
f 533/1/533 527/1/527 530/1/530 
f 532/1/532 535/1/535 534/1/534 
f 534/1/534 530/1/530 532/1/532 
f 523/1/523 534/1/534 535/1/535 
f 535/1/535 525/1/525 523/1/523 
f 470/1/470 469/1/469 536/1/536 
f 536/1/536 519/1/519 470/1/470 
f 537/1/537 536/1/536 469/1/469 
f 469/1/469 444/1/444 537/1/537 
f 538/1/538 539/1/539 536/1/536 
f 536/1/536 537/1/537 538/1/538 
f 519/1/519 536/1/536 539/1/539 
f 539/1/539 520/1/520 519/1/519 
f 406/1/406 526/1/526 540/1/540 
f 540/1/540 411/1/411 406/1/406 
f 541/1/541 540/1/540 526/1/526 
f 526/1/526 525/1/525 541/1/541 
f 542/1/542 543/1/543 540/1/540 
f 540/1/540 541/1/541 542/1/542 
f 411/1/411 540/1/540 543/1/543 
f 543/1/543 412/1/412 411/1/411 
f 520/1/520 539/1/539 544/1/544 
f 544/1/544 531/1/531 520/1/520 
f 545/1/545 544/1/544 539/1/539 
f 539/1/539 538/1/538 545/1/545 
f 546/1/546 547/1/547 544/1/544 
f 544/1/544 545/1/545 546/1/546 
f 531/1/531 544/1/544 547/1/547 
f 547/1/547 532/1/532 531/1/531 
f 542/1/542 541/1/541 548/1/548 
f 548/1/548 549/1/549 542/1/542 
f 535/1/535 548/1/548 541/1/541 
f 541/1/541 525/1/525 535/1/535 
f 532/1/532 547/1/547 548/1/548 
f 548/1/548 535/1/535 532/1/532 
f 549/1/549 548/1/548 547/1/547 
f 547/1/547 546/1/546 549/1/549 
f 444/1/444 443/1/443 550/1/550 
f 550/1/550 537/1/537 444/1/444 
f 551/1/551 550/1/550 443/1/443 
f 443/1/443 379/1/379 551/1/551 
f 550/1/550 551/1/551 552/1/552 
f 553/1/553 538/1/538 537/1/537 
f 412/1/412 543/1/543 554/1/554 
f 554/1/554 417/1/417 412/1/412 
f 555/1/555 554/1/554 543/1/543 
f 543/1/543 542/1/542 555/1/555 
f 556/1/556 557/1/557 554/1/554 
f 554/1/554 555/1/555 556/1/556 
f 417/1/417 554/1/554 557/1/557 
f 557/1/557 418/1/418 417/1/417 
f 558/1/558 545/1/545 538/1/538 
f 553/1/553 552/1/552 559/1/559 
f 560/1/560 561/1/561 558/1/558 
f 558/1/558 559/1/559 560/1/560 
f 545/1/545 558/1/558 561/1/561 
f 561/1/561 546/1/546 545/1/545 
f 556/1/556 555/1/555 562/1/562 
f 562/1/562 563/1/563 556/1/556 
f 549/1/549 562/1/562 555/1/555 
f 555/1/555 542/1/542 549/1/549 
f 546/1/546 561/1/561 562/1/562 
f 562/1/562 549/1/549 546/1/546 
f 563/1/563 562/1/562 561/1/561 
f 561/1/561 560/1/560 563/1/563 
f 556/1/556 564/1/564 565/1/565 
f 565/1/565 557/1/557 556/1/556 
f 566/1/566 565/1/565 564/1/564 
f 564/1/564 567/1/567 566/1/566 
f 423/1/423 565/1/565 566/1/566 
f 566/1/566 424/1/424 423/1/423 
f 418/1/418 557/1/557 565/1/565 
f 565/1/565 423/1/423 418/1/418 
f 379/1/379 378/1/378 568/1/568 
f 568/1/568 551/1/551 379/1/379 
f 569/1/569 568/1/568 378/1/378 
f 378/1/378 381/1/381 569/1/569 
f 568/1/568 569/1/569 570/1/570 
f 571/1/571 552/1/552 551/1/551 
f 552/1/552 571/1/571 572/1/572 
f 572/1/572 559/1/559 552/1/552 
f 573/1/573 572/1/572 571/1/571 
f 571/1/571 570/1/570 573/1/573 
f 574/1/574 575/1/575 572/1/572 
f 572/1/572 573/1/573 574/1/574 
f 559/1/559 572/1/572 575/1/575 
f 575/1/575 560/1/560 559/1/559 
f 567/1/567 564/1/564 576/1/576 
f 576/1/576 577/1/577 567/1/567 
f 563/1/563 576/1/576 564/1/564 
f 564/1/564 556/1/556 563/1/563 
f 560/1/560 575/1/575 576/1/576 
f 576/1/576 563/1/563 560/1/560 
f 577/1/577 576/1/576 575/1/575 
f 575/1/575 574/1/574 577/1/577 
f 438/1/438 578/1/578 579/1/579 
f 579/1/579 435/1/435 438/1/438 
f 424/1/424 566/1/566 578/1/578 
f 578/1/578 438/1/438 424/1/424 
f 567/1/567 580/1/580 578/1/578 
f 578/1/578 566/1/566 567/1/567 
f 579/1/579 578/1/578 580/1/580 
f 580/1/580 581/1/581 579/1/579 
f 582/1/582 583/1/583 584/1/584 
f 569/1/569 582/1/582 585/1/585 
f 585/1/585 570/1/570 569/1/569 
f 582/1/582 569/1/569 381/1/381 
f 583/1/583 582/1/582 399/1/399 
f 399/1/399 394/1/394 583/1/583 
f 581/1/581 580/1/580 586/1/586 
f 586/1/586 587/1/587 581/1/581 
f 577/1/577 586/1/586 580/1/580 
f 580/1/580 567/1/567 577/1/577 
f 586/1/586 577/1/577 574/1/574 
f 587/1/587 586/1/586 588/1/588 
f 588/1/588 589/1/589 587/1/587 
f 589/1/589 588/1/588 590/1/590 
f 590/1/590 591/1/591 589/1/589 
f 573/1/573 590/1/590 588/1/588 
f 588/1/588 574/1/574 573/1/573 
f 570/1/570 585/1/585 590/1/590 
f 590/1/590 573/1/573 570/1/570 
f 591/1/591 590/1/590 585/1/585 
f 585/1/585 584/1/584 591/1/591 
f 305/1/305 301/1/301 592/1/592 
f 592/1/592 593/1/593 305/1/305 
f 340/1/340 592/1/592 301/1/301 
f 301/1/301 300/1/300 340/1/340 
f 341/1/341 594/1/594 592/1/592 
f 592/1/592 340/1/340 341/1/341 
f 593/1/593 592/1/592 594/1/594 
f 594/1/594 595/1/595 593/1/593 
f 596/1/596 597/1/597 598/1/598 
f 50/1/50 596/1/596 599/1/599 
f 599/1/599 51/1/51 50/1/50 
f 596/1/596 50/1/50 55/1/55 
f 597/1/597 596/1/596 153/1/153 
f 153/1/153 152/1/152 597/1/597 
f 593/1/593 600/1/600 601/1/601 
f 601/1/601 305/1/305 593/1/593 
f 595/1/595 602/1/602 600/1/600 
f 600/1/600 593/1/593 595/1/595 
f 603/1/603 600/1/600 602/1/602 
f 602/1/602 604/1/604 603/1/603 
f 605/1/605 601/1/601 600/1/600 
f 600/1/600 603/1/603 605/1/605 
f 606/1/606 607/1/607 173/1/173 
f 173/1/173 172/1/172 606/1/606 
f 608/1/608 607/1/607 606/1/606 
f 606/1/606 605/1/605 608/1/608 
f 158/1/158 161/1/161 607/1/607 
f 607/1/607 608/1/608 158/1/158 
f 163/1/163 173/1/173 607/1/607 
f 607/1/607 161/1/161 163/1/163 
f 605/1/605 609/1/609 610/1/610 
f 610/1/610 608/1/608 605/1/605 
f 597/1/597 610/1/610 609/1/609 
f 609/1/609 598/1/598 597/1/597 
f 152/1/152 159/1/159 610/1/610 
f 610/1/610 597/1/597 152/1/152 
f 608/1/608 610/1/610 159/1/159 
f 159/1/159 158/1/158 608/1/608 
f 604/1/604 611/1/611 612/1/612 
f 612/1/612 603/1/603 604/1/604 
f 598/1/598 609/1/609 612/1/612 
f 612/1/612 611/1/611 598/1/598 
f 603/1/603 612/1/612 609/1/609 
f 609/1/609 605/1/605 603/1/603 
f 172/1/172 267/1/267 613/1/613 
f 613/1/613 606/1/606 172/1/172 
f 304/1/304 613/1/613 267/1/267 
f 267/1/267 266/1/266 304/1/304 
f 305/1/305 601/1/601 613/1/613 
f 613/1/613 304/1/304 305/1/305 
f 606/1/606 613/1/613 601/1/601 
f 601/1/601 605/1/605 606/1/606 
f 453/1/453 480/1/480 614/1/614 
f 614/1/614 456/1/456 453/1/453 
f 480/1/480 479/1/479 615/1/615 
f 616/1/616 617/1/617 614/1/614 
f 614/1/614 615/1/615 616/1/616 
f 456/1/456 614/1/614 617/1/617 
f 617/1/617 458/1/458 456/1/456 
f 615/1/615 618/1/618 619/1/619 
f 619/1/619 616/1/616 615/1/615 
f 511/1/511 618/1/618 615/1/615 
f 615/1/615 479/1/479 511/1/511 
f 514/1/514 620/1/620 618/1/618 
f 618/1/618 511/1/511 514/1/514 
f 621/1/621 619/1/619 618/1/618 
f 618/1/618 620/1/620 621/1/621 
f 622/1/622 621/1/621 620/1/620 
f 623/1/623 624/1/624 620/1/620 
f 620/1/620 514/1/514 623/1/623 
f 623/1/623 625/1/625 622/1/622 
f 507/1/507 626/1/626 627/1/627 
f 627/1/627 513/1/513 507/1/507 
f 626/1/626 628/1/628 629/1/629 
f 627/1/627 629/1/629 625/1/625 
f 514/1/514 513/1/513 627/1/627 
f 627/1/627 623/1/623 514/1/514 
f 503/1/503 630/1/630 631/1/631 
f 631/1/631 510/1/510 503/1/503 
f 632/1/632 631/1/631 630/1/630 
f 630/1/630 633/1/633 632/1/632 
f 628/1/628 626/1/626 631/1/631 
f 631/1/631 632/1/632 628/1/628 
f 510/1/510 631/1/631 626/1/626 
f 626/1/626 507/1/507 510/1/510 
f 633/1/633 630/1/630 634/1/634 
f 634/1/634 635/1/635 633/1/633 
f 506/1/506 634/1/634 630/1/630 
f 630/1/630 503/1/503 506/1/506 
f 497/1/497 636/1/636 634/1/634 
f 634/1/634 506/1/506 497/1/497 
f 635/1/635 634/1/634 636/1/636 
f 636/1/636 637/1/637 635/1/635 
f 637/1/637 636/1/636 638/1/638 
f 638/1/638 639/1/639 637/1/637 
f 500/1/500 638/1/638 636/1/636 
f 636/1/636 497/1/497 500/1/500 
f 502/1/502 640/1/640 638/1/638 
f 638/1/638 500/1/500 502/1/502 
f 639/1/639 638/1/638 640/1/640 
f 640/1/640 641/1/641 639/1/639 
f 642/1/642 643/1/643 644/1/644 
f 644/1/644 645/1/645 642/1/642 
f 639/1/639 643/1/643 642/1/642 
f 642/1/642 637/1/637 639/1/639 
f 641/1/641 644/1/644 643/1/643 
f 643/1/643 639/1/639 641/1/641 
f 646/1/646 647/1/647 648/1/648 
f 648/1/648 649/1/649 646/1/646 
f 635/1/635 648/1/648 647/1/647 
f 647/1/647 633/1/633 635/1/635 
f 637/1/637 642/1/642 648/1/648 
f 648/1/648 635/1/635 637/1/637 
f 649/1/649 648/1/648 642/1/642 
f 642/1/642 645/1/645 649/1/649 
f 650/1/650 651/1/651 652/1/652 
f 652/1/652 653/1/653 650/1/650 
f 632/1/632 652/1/652 651/1/651 
f 651/1/651 628/1/628 632/1/632 
f 633/1/633 647/1/647 652/1/652 
f 652/1/652 632/1/632 633/1/633 
f 653/1/653 652/1/652 647/1/647 
f 647/1/647 646/1/646 653/1/653 
f 629/1/629 654/1/654 655/1/655 
f 655/1/655 625/1/625 629/1/629 
f 628/1/628 651/1/651 654/1/654 
f 654/1/654 629/1/629 628/1/628 
f 650/1/650 656/1/656 654/1/654 
f 654/1/654 651/1/651 650/1/650 
f 655/1/655 654/1/654 656/1/656 
f 656/1/656 657/1/657 655/1/655 
f 658/1/658 659/1/659 660/1/660 
f 621/1/621 622/1/622 661/1/661 
f 661/1/661 660/1/660 621/1/621 
f 625/1/625 655/1/655 661/1/661 
f 661/1/661 622/1/622 625/1/625 
f 657/1/657 658/1/658 661/1/661 
f 661/1/661 655/1/655 657/1/657 
f 616/1/616 619/1/619 662/1/662 
f 662/1/662 663/1/663 616/1/616 
f 660/1/660 662/1/662 619/1/619 
f 619/1/619 621/1/621 660/1/660 
f 662/1/662 660/1/660 659/1/659 
f 664/1/664 665/1/665 663/1/663 
f 663/1/663 666/1/666 617/1/617 
f 617/1/617 616/1/616 663/1/663 
f 665/1/665 667/1/667 666/1/666 
f 666/1/666 663/1/663 665/1/665 
f 666/1/666 667/1/667 668/1/668 
f 617/1/617 666/1/666 669/1/669 
f 669/1/669 458/1/458 617/1/617 
f 670/1/670 460/1/460 458/1/458 
f 669/1/669 668/1/668 671/1/671 
f 672/1/672 673/1/673 670/1/670 
f 670/1/670 671/1/671 672/1/672 
f 673/1/673 245/1/245 460/1/460 
f 245/1/245 673/1/673 674/1/674 
f 674/1/674 244/1/244 245/1/245 
f 675/1/675 674/1/674 673/1/673 
f 673/1/673 672/1/672 675/1/675 
f 676/1/676 677/1/677 674/1/674 
f 674/1/674 675/1/675 676/1/676 
f 244/1/244 674/1/674 677/1/677 
f 677/1/677 246/1/246 244/1/244 
f 246/1/246 677/1/677 678/1/678 
f 678/1/678 249/1/249 246/1/246 
f 679/1/679 678/1/678 677/1/677 
f 677/1/677 676/1/676 679/1/679 
f 678/1/678 679/1/679 680/1/680 
f 249/1/249 678/1/678 681/1/681 
f 681/1/681 250/1/250 249/1/249 
f 263/1/263 260/1/260 682/1/682 
f 682/1/682 683/1/683 263/1/263 
f 253/1/253 682/1/682 260/1/260 
f 260/1/260 254/1/254 253/1/253 
f 250/1/250 681/1/681 682/1/682 
f 682/1/682 253/1/253 250/1/250 
f 683/1/683 682/1/682 681/1/681 
f 681/1/681 680/1/680 683/1/683 
f 684/1/684 685/1/685 686/1/686 
f 687/1/687 688/1/688 686/1/686 
f 686/1/686 689/1/689 687/1/687 
f 690/1/690 684/1/684 688/1/688 
f 688/1/688 687/1/687 690/1/690 
f 680/1/680 691/1/691 692/1/692 
f 692/1/692 683/1/683 680/1/680 
f 693/1/693 692/1/692 691/1/691 
f 691/1/691 685/1/685 693/1/693 
f 694/1/694 695/1/695 692/1/692 
f 692/1/692 693/1/693 694/1/694 
f 683/1/683 692/1/692 695/1/695 
f 695/1/695 263/1/263 683/1/683 
f 263/1/263 695/1/695 696/1/696 
f 696/1/696 262/1/262 263/1/263 
f 697/1/697 696/1/696 695/1/695 
f 695/1/695 694/1/694 697/1/697 
f 698/1/698 699/1/699 696/1/696 
f 696/1/696 697/1/697 698/1/698 
f 262/1/262 696/1/696 699/1/699 
f 699/1/699 264/1/264 262/1/262 
f 264/1/264 699/1/699 700/1/700 
f 700/1/700 701/1/701 264/1/264 
f 702/1/702 700/1/700 699/1/699 
f 699/1/699 698/1/698 702/1/702 
f 703/1/703 704/1/704 700/1/700 
f 700/1/700 702/1/702 703/1/703 
f 701/1/701 700/1/700 704/1/704 
f 704/1/704 705/1/705 701/1/701 
f 706/1/706 707/1/707 705/1/705 
f 706/1/706 704/1/704 703/1/703 
f 708/1/708 706/1/706 709/1/709 
f 709/1/709 710/1/710 708/1/708 
f 708/1/708 711/1/711 707/1/707 
f 707/1/707 706/1/706 708/1/708 
f 147/1/147 259/1/259 712/1/712 
f 712/1/712 151/1/151 147/1/147 
f 713/1/713 712/1/712 259/1/259 
f 259/1/259 258/1/258 713/1/713 
f 714/1/714 715/1/715 712/1/712 
f 712/1/712 713/1/713 714/1/714 
f 151/1/151 712/1/712 715/1/715 
f 715/1/715 148/1/148 151/1/151 
f 258/1/258 265/1/265 716/1/716 
f 716/1/716 713/1/713 258/1/258 
f 265/1/265 264/1/264 701/1/701 
f 716/1/716 701/1/701 705/1/705 
f 713/1/713 716/1/716 717/1/717 
f 717/1/717 714/1/714 713/1/713 
f 714/1/714 717/1/717 718/1/718 
f 718/1/718 719/1/719 714/1/714 
f 707/1/707 718/1/718 717/1/717 
f 717/1/717 705/1/705 707/1/707 
f 711/1/711 720/1/720 718/1/718 
f 718/1/718 707/1/707 711/1/711 
f 719/1/719 718/1/718 720/1/720 
f 720/1/720 721/1/721 719/1/719 
f 115/1/115 113/1/113 149/1/149 
f 149/1/149 722/1/722 115/1/115 
f 723/1/723 722/1/722 149/1/149 
f 149/1/149 148/1/148 723/1/723 
f 724/1/724 725/1/725 722/1/722 
f 722/1/722 723/1/723 724/1/724 
f 117/1/117 115/1/115 722/1/722 
f 722/1/722 725/1/725 117/1/117 
f 148/1/148 715/1/715 726/1/726 
f 726/1/726 723/1/723 148/1/148 
f 719/1/719 726/1/726 715/1/715 
f 715/1/715 714/1/714 719/1/719 
f 721/1/721 727/1/727 726/1/726 
f 726/1/726 719/1/719 721/1/721 
f 723/1/723 726/1/726 727/1/727 
f 727/1/727 724/1/724 723/1/723 
f 721/1/721 728/1/728 729/1/729 
f 729/1/729 727/1/727 721/1/721 
f 730/1/730 731/1/731 729/1/729 
f 729/1/729 728/1/728 730/1/730 
f 724/1/724 727/1/727 729/1/729 
f 729/1/729 731/1/731 724/1/724 
f 711/1/711 732/1/732 733/1/733 
f 733/1/733 720/1/720 711/1/711 
f 734/1/734 733/1/733 732/1/732 
f 732/1/732 735/1/735 734/1/734 
f 730/1/730 728/1/728 733/1/733 
f 733/1/733 734/1/734 730/1/730 
f 720/1/720 733/1/733 728/1/728 
f 728/1/728 721/1/721 720/1/720 
f 736/1/736 693/1/693 685/1/685 
f 684/1/684 690/1/690 737/1/737 
f 738/1/738 739/1/739 736/1/736 
f 736/1/736 737/1/737 738/1/738 
f 693/1/693 736/1/736 739/1/739 
f 739/1/739 694/1/694 693/1/693 
f 740/1/740 741/1/741 742/1/742 
f 742/1/742 743/1/743 740/1/740 
f 744/1/744 742/1/742 741/1/741 
f 741/1/741 745/1/745 744/1/744 
f 746/1/746 747/1/747 742/1/742 
f 742/1/742 744/1/744 746/1/746 
f 743/1/743 742/1/742 747/1/747 
f 747/1/747 690/1/690 743/1/743 
f 738/1/738 737/1/737 748/1/748 
f 748/1/748 749/1/749 738/1/738 
f 737/1/737 690/1/690 747/1/747 
f 749/1/749 748/1/748 747/1/747 
f 747/1/747 746/1/746 749/1/749 
f 694/1/694 739/1/739 750/1/750 
f 750/1/750 697/1/697 694/1/694 
f 751/1/751 750/1/750 739/1/739 
f 739/1/739 738/1/738 751/1/751 
f 752/1/752 753/1/753 750/1/750 
f 750/1/750 751/1/751 752/1/752 
f 697/1/697 750/1/750 753/1/753 
f 753/1/753 698/1/698 697/1/697 
f 752/1/752 751/1/751 754/1/754 
f 754/1/754 755/1/755 752/1/752 
f 751/1/751 738/1/738 749/1/749 
f 749/1/749 754/1/754 751/1/751 
f 746/1/746 756/1/756 754/1/754 
f 754/1/754 749/1/749 746/1/746 
f 755/1/755 754/1/754 756/1/756 
f 756/1/756 757/1/757 755/1/755 
f 757/1/757 756/1/756 758/1/758 
f 758/1/758 759/1/759 757/1/757 
f 744/1/744 758/1/758 756/1/756 
f 756/1/756 746/1/746 744/1/744 
f 745/1/745 760/1/760 758/1/758 
f 758/1/758 744/1/744 745/1/745 
f 759/1/759 758/1/758 760/1/760 
f 760/1/760 761/1/761 759/1/759 
f 762/1/762 702/1/702 698/1/698 
f 763/1/763 762/1/762 753/1/753 
f 753/1/753 752/1/752 763/1/763 
f 764/1/764 762/1/762 763/1/763 
f 763/1/763 765/1/765 764/1/764 
f 703/1/703 702/1/702 762/1/762 
f 762/1/762 764/1/764 703/1/703 
f 765/1/765 763/1/763 766/1/766 
f 766/1/766 767/1/767 765/1/765 
f 755/1/755 766/1/766 763/1/763 
f 763/1/763 752/1/752 755/1/755 
f 757/1/757 768/1/768 766/1/766 
f 766/1/766 755/1/755 757/1/757 
f 767/1/767 766/1/766 768/1/768 
f 768/1/768 769/1/769 767/1/767 
f 769/1/769 768/1/768 770/1/770 
f 770/1/770 771/1/771 769/1/769 
f 759/1/759 770/1/770 768/1/768 
f 768/1/768 757/1/757 759/1/759 
f 761/1/761 772/1/772 770/1/770 
f 770/1/770 759/1/759 761/1/761 
f 771/1/771 770/1/770 772/1/772 
f 772/1/772 773/1/773 771/1/771 
f 774/1/774 741/1/741 740/1/740 
f 740/1/740 775/1/775 774/1/774 
f 776/1/776 774/1/774 775/1/775 
f 775/1/775 777/1/777 776/1/776 
f 778/1/778 779/1/779 774/1/774 
f 774/1/774 776/1/776 778/1/778 
f 745/1/745 741/1/741 774/1/774 
f 774/1/774 779/1/779 745/1/745 
f 779/1/779 780/1/780 760/1/760 
f 760/1/760 745/1/745 779/1/779 
f 781/1/781 780/1/780 779/1/779 
f 779/1/779 778/1/778 781/1/781 
f 782/1/782 783/1/783 780/1/780 
f 780/1/780 781/1/781 782/1/782 
f 760/1/760 780/1/780 783/1/783 
f 783/1/783 761/1/761 760/1/760 
f 761/1/761 783/1/783 784/1/784 
f 784/1/784 772/1/772 761/1/761 
f 785/1/785 784/1/784 783/1/783 
f 783/1/783 782/1/782 785/1/785 
f 786/1/786 787/1/787 784/1/784 
f 784/1/784 785/1/785 786/1/786 
f 772/1/772 784/1/784 787/1/787 
f 787/1/787 773/1/773 772/1/772 
f 773/1/773 787/1/787 788/1/788 
f 788/1/788 789/1/789 773/1/773 
f 790/1/790 788/1/788 787/1/787 
f 787/1/787 786/1/786 790/1/790 
f 791/1/791 792/1/792 788/1/788 
f 788/1/788 790/1/790 791/1/791 
f 789/1/789 788/1/788 792/1/792 
f 792/1/792 793/1/793 789/1/789 
f 786/1/786 794/1/794 795/1/795 
f 795/1/795 790/1/790 786/1/786 
f 796/1/796 795/1/795 794/1/794 
f 794/1/794 797/1/797 796/1/796 
f 798/1/798 799/1/799 795/1/795 
f 795/1/795 796/1/796 798/1/798 
f 790/1/790 795/1/795 799/1/799 
f 799/1/799 791/1/791 790/1/790 
f 800/1/800 689/1/689 801/1/801 
f 801/1/801 802/1/802 803/1/803 
f 804/1/804 800/1/800 805/1/805 
f 805/1/805 803/1/803 804/1/804 
f 689/1/689 800/1/800 806/1/806 
f 806/1/806 687/1/687 689/1/689 
f 807/1/807 806/1/806 800/1/800 
f 800/1/800 804/1/804 807/1/807 
f 808/1/808 809/1/809 806/1/806 
f 806/1/806 807/1/807 808/1/808 
f 687/1/687 806/1/806 809/1/809 
f 809/1/809 690/1/690 687/1/687 
f 777/1/777 775/1/775 810/1/810 
f 810/1/810 811/1/811 777/1/777 
f 743/1/743 810/1/810 775/1/775 
f 775/1/775 740/1/740 743/1/743 
f 690/1/690 809/1/809 810/1/810 
f 810/1/810 743/1/743 690/1/690 
f 811/1/811 810/1/810 809/1/809 
f 809/1/809 808/1/808 811/1/811 
f 811/1/811 812/1/812 813/1/813 
f 813/1/813 777/1/777 811/1/811 
f 814/1/814 812/1/812 811/1/811 
f 811/1/811 808/1/808 814/1/814 
f 815/1/815 813/1/813 812/1/812 
f 812/1/812 814/1/814 815/1/815 
f 777/1/777 813/1/813 816/1/816 
f 816/1/816 776/1/776 777/1/777 
f 817/1/817 816/1/816 813/1/813 
f 813/1/813 815/1/815 817/1/817 
f 818/1/818 819/1/819 816/1/816 
f 816/1/816 817/1/817 818/1/818 
f 776/1/776 816/1/816 819/1/819 
f 819/1/819 778/1/778 776/1/776 
f 778/1/778 819/1/819 820/1/820 
f 820/1/820 781/1/781 778/1/778 
f 821/1/821 820/1/820 819/1/819 
f 819/1/819 818/1/818 821/1/821 
f 822/1/822 823/1/823 820/1/820 
f 820/1/820 821/1/821 822/1/822 
f 781/1/781 820/1/820 823/1/823 
f 823/1/823 782/1/782 781/1/781 
f 797/1/797 794/1/794 824/1/824 
f 824/1/824 825/1/825 797/1/797 
f 785/1/785 824/1/824 794/1/794 
f 794/1/794 786/1/786 785/1/785 
f 782/1/782 823/1/823 824/1/824 
f 824/1/824 785/1/785 782/1/782 
f 825/1/825 824/1/824 823/1/823 
f 823/1/823 822/1/822 825/1/825 
f 802/1/802 826/1/826 827/1/827 
f 827/1/827 803/1/803 802/1/802 
f 828/1/828 827/1/827 826/1/826 
f 826/1/826 829/1/829 828/1/828 
f 830/1/830 831/1/831 827/1/827 
f 827/1/827 828/1/828 830/1/830 
f 803/1/803 827/1/827 831/1/831 
f 831/1/831 804/1/804 803/1/803 
f 804/1/804 831/1/831 832/1/832 
f 832/1/832 807/1/807 804/1/804 
f 833/1/833 832/1/832 831/1/831 
f 831/1/831 830/1/830 833/1/833 
f 834/1/834 835/1/835 832/1/832 
f 832/1/832 833/1/833 834/1/834 
f 807/1/807 832/1/832 835/1/835 
f 835/1/835 808/1/808 807/1/807 
f 836/1/836 837/1/837 838/1/838 
f 838/1/838 839/1/839 836/1/836 
f 840/1/840 839/1/839 838/1/838 
f 838/1/838 841/1/841 840/1/840 
f 840/1/840 834/1/834 833/1/833 
f 830/1/830 836/1/836 839/1/839 
f 839/1/839 833/1/833 830/1/830 
f 808/1/808 835/1/835 842/1/842 
f 842/1/842 814/1/814 808/1/808 
f 843/1/843 842/1/842 835/1/835 
f 835/1/835 834/1/834 843/1/843 
f 844/1/844 845/1/845 842/1/842 
f 842/1/842 843/1/843 844/1/844 
f 814/1/814 842/1/842 845/1/845 
f 845/1/845 815/1/815 814/1/814 
f 843/1/843 846/1/846 847/1/847 
f 847/1/847 844/1/844 843/1/843 
f 834/1/834 840/1/840 846/1/846 
f 846/1/846 843/1/843 834/1/834 
f 841/1/841 848/1/848 846/1/846 
f 846/1/846 840/1/840 841/1/841 
f 847/1/847 846/1/846 848/1/848 
f 848/1/848 849/1/849 847/1/847 
f 815/1/815 845/1/845 850/1/850 
f 850/1/850 817/1/817 815/1/815 
f 851/1/851 850/1/850 845/1/845 
f 845/1/845 844/1/844 851/1/851 
f 852/1/852 853/1/853 850/1/850 
f 850/1/850 851/1/851 852/1/852 
f 817/1/817 850/1/850 853/1/853 
f 853/1/853 818/1/818 817/1/817 
f 854/1/854 855/1/855 856/1/856 
f 856/1/856 857/1/857 854/1/854 
f 851/1/851 856/1/856 855/1/855 
f 855/1/855 852/1/852 851/1/851 
f 844/1/844 847/1/847 856/1/856 
f 856/1/856 851/1/851 844/1/844 
f 857/1/857 856/1/856 847/1/847 
f 847/1/847 849/1/849 857/1/857 
f 818/1/818 853/1/853 858/1/858 
f 858/1/858 821/1/821 818/1/818 
f 859/1/859 858/1/858 853/1/853 
f 853/1/853 852/1/852 859/1/859 
f 859/1/859 860/1/860 861/1/861 
f 861/1/861 858/1/858 859/1/859 
f 821/1/821 858/1/858 861/1/861 
f 861/1/861 822/1/822 821/1/821 
f 862/1/862 863/1/863 864/1/864 
f 864/1/864 865/1/865 862/1/862 
f 859/1/859 864/1/864 863/1/863 
f 863/1/863 860/1/860 859/1/859 
f 852/1/852 855/1/855 864/1/864 
f 864/1/864 859/1/859 852/1/852 
f 855/1/855 854/1/854 865/1/865 
f 866/1/866 867/1/867 868/1/868 
f 868/1/868 869/1/869 866/1/866 
f 870/1/870 868/1/868 867/1/867 
f 867/1/867 871/1/871 870/1/870 
f 872/1/872 873/1/873 868/1/868 
f 868/1/868 870/1/870 872/1/872 
f 869/1/869 868/1/868 873/1/873 
f 873/1/873 874/1/874 869/1/869 
f 875/1/875 876/1/876 877/1/877 
f 877/1/877 878/1/878 875/1/875 
f 879/1/879 877/1/877 876/1/876 
f 876/1/876 880/1/880 879/1/879 
f 881/1/881 882/1/882 877/1/877 
f 877/1/877 879/1/879 881/1/881 
f 878/1/878 877/1/877 882/1/882 
f 882/1/882 883/1/883 878/1/878 
f 884/1/884 885/1/885 886/1/886 
f 886/1/886 887/1/887 884/1/884 
f 878/1/878 886/1/886 885/1/885 
f 885/1/885 875/1/875 878/1/878 
f 883/1/883 888/1/888 886/1/886 
f 886/1/886 878/1/878 883/1/883 
f 887/1/887 886/1/886 888/1/888 
f 888/1/888 889/1/889 887/1/887 
f 889/1/889 890/1/890 891/1/891 
f 891/1/891 887/1/887 889/1/889 
f 869/1/869 891/1/891 890/1/890 
f 890/1/890 866/1/866 869/1/869 
f 874/1/874 892/1/892 891/1/891 
f 891/1/891 869/1/869 874/1/874 
f 887/1/887 891/1/891 892/1/892 
f 892/1/892 884/1/884 887/1/887 
f 880/1/880 876/1/876 893/1/893 
f 893/1/893 894/1/894 880/1/880 
f 895/1/895 893/1/893 876/1/876 
f 876/1/876 875/1/875 895/1/895 
f 896/1/896 897/1/897 893/1/893 
f 893/1/893 895/1/895 896/1/896 
f 894/1/894 893/1/893 897/1/897 
f 897/1/897 898/1/898 894/1/894 
f 899/1/899 900/1/900 901/1/901 
f 901/1/901 902/1/902 899/1/899 
f 895/1/895 901/1/901 900/1/900 
f 900/1/900 896/1/896 895/1/895 
f 875/1/875 885/1/885 901/1/901 
f 901/1/901 895/1/895 875/1/875 
f 902/1/902 901/1/901 885/1/885 
f 885/1/885 884/1/884 902/1/902 
f 884/1/884 892/1/892 903/1/903 
f 903/1/903 902/1/902 884/1/884 
f 892/1/892 874/1/874 904/1/904 
f 905/1/905 906/1/906 903/1/903 
f 903/1/903 904/1/904 905/1/905 
f 902/1/902 903/1/903 906/1/906 
f 906/1/906 899/1/899 902/1/902 
f 898/1/898 897/1/897 907/1/907 
f 907/1/907 908/1/908 898/1/898 
f 909/1/909 907/1/907 897/1/897 
f 897/1/897 896/1/896 909/1/909 
f 910/1/910 911/1/911 907/1/907 
f 907/1/907 909/1/909 910/1/910 
f 908/1/908 907/1/907 911/1/911 
f 911/1/911 912/1/912 908/1/908 
f 829/1/829 826/1/826 913/1/913 
f 913/1/913 914/1/914 829/1/829 
f 915/1/915 913/1/913 826/1/826 
f 826/1/826 802/1/802 915/1/915 
f 916/1/916 917/1/917 913/1/913 
f 913/1/913 915/1/915 916/1/916 
f 914/1/914 913/1/913 917/1/917 
f 917/1/917 918/1/918 914/1/914 
f 912/1/912 911/1/911 919/1/919 
f 919/1/919 920/1/920 912/1/912 
f 921/1/921 919/1/919 911/1/911 
f 911/1/911 910/1/910 921/1/921 
f 922/1/922 923/1/923 919/1/919 
f 919/1/919 921/1/921 922/1/922 
f 920/1/920 919/1/919 923/1/923 
f 923/1/923 924/1/924 920/1/920 
f 925/1/925 926/1/926 927/1/927 
f 927/1/927 928/1/928 925/1/925 
f 909/1/909 927/1/927 926/1/926 
f 926/1/926 910/1/910 909/1/909 
f 896/1/896 900/1/900 927/1/927 
f 927/1/927 909/1/909 896/1/896 
f 928/1/928 927/1/927 900/1/900 
f 900/1/900 899/1/899 928/1/928 
f 929/1/929 930/1/930 922/1/922 
f 922/1/922 921/1/921 929/1/929 
f 910/1/910 926/1/926 929/1/929 
f 929/1/929 921/1/921 910/1/910 
f 929/1/929 926/1/926 925/1/925 
f 899/1/899 906/1/906 931/1/931 
f 931/1/931 928/1/928 899/1/899 
f 932/1/932 931/1/931 906/1/906 
f 906/1/906 905/1/905 932/1/932 
f 931/1/931 932/1/932 933/1/933 
f 928/1/928 931/1/931 934/1/934 
f 934/1/934 925/1/925 928/1/928 
f 935/1/935 930/1/930 925/1/925 
f 934/1/934 933/1/933 936/1/936 
f 937/1/937 938/1/938 935/1/935 
f 935/1/935 936/1/936 937/1/937 
f 938/1/938 922/1/922 930/1/930 
f 918/1/918 917/1/917 939/1/939 
f 939/1/939 940/1/940 918/1/918 
f 941/1/941 939/1/939 917/1/917 
f 917/1/917 916/1/916 941/1/941 
f 924/1/924 923/1/923 939/1/939 
f 939/1/939 941/1/941 924/1/924 
f 940/1/940 939/1/939 923/1/923 
f 923/1/923 922/1/922 940/1/940 
f 874/1/874 873/1/873 942/1/942 
f 942/1/942 904/1/904 874/1/874 
f 943/1/943 942/1/942 873/1/873 
f 873/1/873 872/1/872 943/1/943 
f 944/1/944 945/1/945 942/1/942 
f 942/1/942 943/1/943 944/1/944 
f 904/1/904 942/1/942 945/1/945 
f 945/1/945 905/1/905 904/1/904 
f 905/1/905 945/1/945 946/1/946 
f 946/1/946 932/1/932 905/1/905 
f 947/1/947 946/1/946 945/1/945 
f 945/1/945 944/1/944 947/1/947 
f 948/1/948 949/1/949 946/1/946 
f 946/1/946 947/1/947 948/1/948 
f 932/1/932 946/1/946 949/1/949 
f 949/1/949 933/1/933 932/1/932 
f 948/1/948 947/1/947 950/1/950 
f 950/1/950 951/1/951 948/1/948 
f 947/1/947 944/1/944 952/1/952 
f 950/1/950 952/1/952 953/1/953 
f 951/1/951 950/1/950 954/1/954 
f 954/1/954 955/1/955 951/1/951 
f 956/1/956 957/1/957 958/1/958 
f 958/1/958 959/1/959 956/1/956 
f 940/1/940 958/1/958 957/1/957 
f 957/1/957 918/1/918 940/1/940 
f 922/1/922 938/1/938 958/1/958 
f 958/1/958 940/1/940 922/1/922 
f 959/1/959 958/1/958 938/1/938 
f 938/1/938 937/1/937 959/1/959 
f 937/1/937 936/1/936 960/1/960 
f 960/1/960 959/1/959 937/1/937 
f 949/1/949 960/1/960 936/1/936 
f 936/1/936 933/1/933 949/1/949 
f 948/1/948 961/1/961 960/1/960 
f 960/1/960 949/1/949 948/1/948 
f 959/1/959 960/1/960 961/1/961 
f 961/1/961 956/1/956 959/1/959 
f 829/1/829 962/1/962 963/1/963 
f 963/1/963 828/1/828 829/1/829 
f 964/1/964 963/1/963 962/1/962 
f 962/1/962 965/1/965 964/1/964 
f 837/1/837 836/1/836 963/1/963 
f 963/1/963 964/1/964 837/1/837 
f 828/1/828 963/1/963 836/1/836 
f 836/1/836 830/1/830 828/1/828 
f 966/1/966 967/1/967 968/1/968 
f 968/1/968 969/1/969 966/1/966 
f 967/1/967 956/1/956 961/1/961 
f 951/1/951 968/1/968 961/1/961 
f 961/1/961 948/1/948 951/1/951 
f 951/1/951 955/1/955 969/1/969 
f 965/1/965 962/1/962 970/1/970 
f 970/1/970 971/1/971 965/1/965 
f 962/1/962 829/1/829 914/1/914 
f 970/1/970 914/1/914 918/1/918 
f 971/1/971 970/1/970 957/1/957 
f 957/1/957 956/1/956 971/1/971 
f 971/1/971 972/1/972 973/1/973 
f 973/1/973 965/1/965 971/1/971 
f 956/1/956 967/1/967 972/1/972 
f 972/1/972 971/1/971 956/1/956 
f 966/1/966 973/1/973 972/1/972 
f 972/1/972 967/1/967 966/1/966 
f 974/1/974 975/1/975 976/1/976 
f 976/1/976 977/1/977 974/1/974 
f 339/1/339 976/1/976 975/1/975 
f 975/1/975 336/1/336 339/1/339 
f 343/1/343 978/1/978 976/1/976 
f 976/1/976 339/1/339 343/1/343 
f 977/1/977 976/1/976 978/1/978 
f 978/1/978 979/1/979 977/1/977 
f 979/1/979 978/1/978 980/1/980 
f 980/1/980 981/1/981 979/1/979 
f 345/1/345 980/1/980 978/1/978 
f 978/1/978 343/1/343 345/1/345 
f 347/1/347 982/1/982 980/1/980 
f 980/1/980 345/1/345 347/1/347 
f 981/1/981 980/1/980 982/1/982 
f 982/1/982 983/1/983 981/1/981 
f 984/1/984 985/1/985 986/1/986 
f 986/1/986 987/1/987 984/1/984 
f 982/1/982 986/1/986 985/1/985 
f 985/1/985 983/1/983 982/1/982 
f 349/1/349 986/1/986 982/1/982 
f 982/1/982 347/1/347 349/1/349 
f 351/1/351 987/1/987 986/1/986 
f 986/1/986 349/1/349 351/1/351 
f 984/1/984 987/1/987 988/1/988 
f 988/1/988 989/1/989 984/1/984 
f 353/1/353 988/1/988 987/1/987 
f 987/1/987 351/1/351 353/1/353 
f 355/1/355 990/1/990 988/1/988 
f 988/1/988 353/1/353 355/1/355 
f 989/1/989 988/1/988 990/1/990 
f 990/1/990 991/1/991 989/1/989 
f 991/1/991 990/1/990 992/1/992 
f 992/1/992 993/1/993 991/1/991 
f 357/1/357 992/1/992 990/1/990 
f 990/1/990 355/1/355 357/1/357 
f 359/1/359 994/1/994 992/1/992 
f 992/1/992 357/1/357 359/1/359 
f 993/1/993 992/1/992 994/1/994 
f 994/1/994 995/1/995 993/1/993 
f 995/1/995 994/1/994 996/1/996 
f 996/1/996 997/1/997 995/1/995 
f 361/1/361 996/1/996 994/1/994 
f 994/1/994 359/1/359 361/1/361 
f 363/1/363 998/1/998 996/1/996 
f 996/1/996 361/1/361 363/1/363 
f 997/1/997 996/1/996 998/1/998 
f 998/1/998 999/1/999 997/1/997 
f 999/1/999 998/1/998 1000/1/1000 
f 1000/1/1000 1001/1/1001 999/1/999 
f 365/1/365 1000/1/1000 998/1/998 
f 998/1/998 363/1/363 365/1/365 
f 367/1/367 1002/1/1002 1000/1/1000 
f 1000/1/1000 365/1/365 367/1/367 
f 1001/1/1001 1000/1/1000 1002/1/1002 
f 1002/1/1002 1003/1/1003 1001/1/1001 
f 1003/1/1003 1002/1/1002 1004/1/1004 
f 1004/1/1004 1005/1/1005 1003/1/1003 
f 369/1/369 1004/1/1004 1002/1/1002 
f 1002/1/1002 367/1/367 369/1/369 
f 371/1/371 1006/1/1006 1004/1/1004 
f 1004/1/1004 369/1/369 371/1/371 
f 1005/1/1005 1004/1/1004 1006/1/1006 
f 1006/1/1006 1007/1/1007 1005/1/1005 
f 1008/1/1008 1009/1/1009 1010/1/1010 
f 1010/1/1010 1011/1/1011 1008/1/1008 
f 1006/1/1006 1010/1/1010 1009/1/1009 
f 1009/1/1009 1007/1/1007 1006/1/1006 
f 373/1/373 1010/1/1010 1006/1/1006 
f 1006/1/1006 371/1/371 373/1/373 
f 375/1/375 1011/1/1011 1010/1/1010 
f 1010/1/1010 373/1/373 375/1/375 
f 1012/1/1012 1013/1/1013 1014/1/1014 
f 1014/1/1014 1015/1/1015 1012/1/1012 
f 1009/1/1009 1013/1/1013 1012/1/1012 
f 1012/1/1012 1007/1/1007 1009/1/1009 
f 1016/1/1016 1013/1/1013 1009/1/1009 
f 1009/1/1009 1008/1/1008 1016/1/1016 
f 1017/1/1017 1014/1/1014 1013/1/1013 
f 1013/1/1013 1016/1/1016 1017/1/1017 
f 1018/1/1018 1019/1/1019 1020/1/1020 
f 1020/1/1020 1021/1/1021 1018/1/1018 
f 1022/1/1022 1020/1/1020 1019/1/1019 
f 1019/1/1019 1023/1/1023 1022/1/1022 
f 974/1/974 977/1/977 1020/1/1020 
f 1020/1/1020 1022/1/1022 974/1/974 
f 1021/1/1021 1020/1/1020 977/1/977 
f 977/1/977 979/1/979 1021/1/1021 
f 1024/1/1024 1025/1/1025 1026/1/1026 
f 1026/1/1026 1027/1/1027 1024/1/1024 
f 1021/1/1021 1026/1/1026 1025/1/1025 
f 1025/1/1025 1018/1/1018 1021/1/1021 
f 979/1/979 981/1/981 1026/1/1026 
f 1026/1/1026 1021/1/1021 979/1/979 
f 1027/1/1027 1026/1/1026 981/1/981 
f 981/1/981 983/1/983 1027/1/1027 
f 1028/1/1028 1029/1/1029 1030/1/1030 
f 1030/1/1030 1031/1/1031 1028/1/1028 
f 1027/1/1027 1030/1/1030 1029/1/1029 
f 1029/1/1029 1024/1/1024 1027/1/1027 
f 983/1/983 985/1/985 1030/1/1030 
f 1030/1/1030 1027/1/1027 983/1/983 
f 1031/1/1031 1030/1/1030 985/1/985 
f 985/1/985 984/1/984 1031/1/1031 
f 1032/1/1032 1033/1/1033 1034/1/1034 
f 1034/1/1034 1035/1/1035 1032/1/1032 
f 1031/1/1031 1034/1/1034 1033/1/1033 
f 1033/1/1033 1028/1/1028 1031/1/1031 
f 984/1/984 989/1/989 1034/1/1034 
f 1034/1/1034 1031/1/1031 984/1/984 
f 1034/1/1034 989/1/989 991/1/991 
f 991/1/991 1035/1/1035 1034/1/1034 
f 1036/1/1036 1037/1/1037 1038/1/1038 
f 1038/1/1038 1039/1/1039 1036/1/1036 
f 1035/1/1035 1038/1/1038 1037/1/1037 
f 1037/1/1037 1032/1/1032 1035/1/1035 
f 993/1/993 1038/1/1038 1035/1/1035 
f 1035/1/1035 991/1/991 993/1/993 
f 995/1/995 1039/1/1039 1038/1/1038 
f 1038/1/1038 993/1/993 995/1/995 
f 1040/1/1040 1041/1/1041 1042/1/1042 
f 1042/1/1042 1043/1/1043 1040/1/1040 
f 1039/1/1039 1042/1/1042 1041/1/1041 
f 1041/1/1041 1036/1/1036 1039/1/1039 
f 997/1/997 1042/1/1042 1039/1/1039 
f 1039/1/1039 995/1/995 997/1/997 
f 999/1/999 1043/1/1043 1042/1/1042 
f 1042/1/1042 997/1/997 999/1/999 
f 1040/1/1040 1043/1/1043 1044/1/1044 
f 1044/1/1044 1045/1/1045 1040/1/1040 
f 1001/1/1001 1044/1/1044 1043/1/1043 
f 1043/1/1043 999/1/999 1001/1/1001 
f 1003/1/1003 1046/1/1046 1044/1/1044 
f 1044/1/1044 1001/1/1001 1003/1/1003 
f 1045/1/1045 1044/1/1044 1046/1/1046 
f 1046/1/1046 1047/1/1047 1045/1/1045 
f 1048/1/1048 1049/1/1049 1050/1/1050 
f 1047/1/1047 1046/1/1046 1051/1/1051 
f 1051/1/1051 1050/1/1050 1047/1/1047 
f 1005/1/1005 1051/1/1051 1046/1/1046 
f 1046/1/1046 1003/1/1003 1005/1/1005 
f 1048/1/1048 1051/1/1051 1005/1/1005 
f 1005/1/1005 1007/1/1007 1048/1/1048 
f 1049/1/1049 1048/1/1048 1052/1/1052 
f 1052/1/1052 1053/1/1053 1049/1/1049 
f 1012/1/1012 1052/1/1052 1048/1/1048 
f 1048/1/1048 1007/1/1007 1012/1/1012 
f 1015/1/1015 1054/1/1054 1052/1/1052 
f 1052/1/1052 1012/1/1012 1015/1/1015 
f 1053/1/1053 1052/1/1052 1054/1/1054 
f 1054/1/1054 1055/1/1055 1053/1/1053 
f 1023/1/1023 1019/1/1019 1056/1/1056 
f 1056/1/1056 1057/1/1057 1023/1/1023 
f 1058/1/1058 1056/1/1056 1019/1/1019 
f 1019/1/1019 1018/1/1018 1058/1/1058 
f 1059/1/1059 1060/1/1060 1056/1/1056 
f 1056/1/1056 1058/1/1058 1059/1/1059 
f 1057/1/1057 1056/1/1056 1060/1/1060 
f 1060/1/1060 1061/1/1061 1057/1/1057 
f 1018/1/1018 1025/1/1025 1062/1/1062 
f 1062/1/1062 1058/1/1058 1018/1/1018 
f 1063/1/1063 1062/1/1062 1025/1/1025 
f 1025/1/1025 1024/1/1024 1063/1/1063 
f 1064/1/1064 1065/1/1065 1062/1/1062 
f 1062/1/1062 1063/1/1063 1064/1/1064 
f 1058/1/1058 1062/1/1062 1065/1/1065 
f 1065/1/1065 1059/1/1059 1058/1/1058 
f 1024/1/1024 1029/1/1029 1066/1/1066 
f 1066/1/1066 1063/1/1063 1024/1/1024 
f 1067/1/1067 1066/1/1066 1029/1/1029 
f 1029/1/1029 1028/1/1028 1067/1/1067 
f 1068/1/1068 1069/1/1069 1066/1/1066 
f 1066/1/1066 1067/1/1067 1068/1/1068 
f 1063/1/1063 1066/1/1066 1069/1/1069 
f 1069/1/1069 1064/1/1064 1063/1/1063 
f 1028/1/1028 1033/1/1033 1070/1/1070 
f 1070/1/1070 1067/1/1067 1028/1/1028 
f 1071/1/1071 1070/1/1070 1033/1/1033 
f 1033/1/1033 1032/1/1032 1071/1/1071 
f 1072/1/1072 1073/1/1073 1070/1/1070 
f 1070/1/1070 1071/1/1071 1072/1/1072 
f 1067/1/1067 1070/1/1070 1073/1/1073 
f 1073/1/1073 1068/1/1068 1067/1/1067 
f 1074/1/1074 1075/1/1075 1076/1/1076 
f 1076/1/1076 1077/1/1077 1074/1/1074 
f 1078/1/1078 1076/1/1076 1075/1/1075 
f 1075/1/1075 1079/1/1079 1078/1/1078 
f 1061/1/1061 1060/1/1060 1076/1/1076 
f 1076/1/1076 1078/1/1078 1061/1/1061 
f 1077/1/1077 1076/1/1076 1060/1/1060 
f 1060/1/1060 1059/1/1059 1077/1/1077 
f 1080/1/1080 1081/1/1081 1082/1/1082 
f 1082/1/1082 1083/1/1083 1080/1/1080 
f 1077/1/1077 1081/1/1081 1080/1/1080 
f 1080/1/1080 1074/1/1074 1077/1/1077 
f 1059/1/1059 1065/1/1065 1081/1/1081 
f 1081/1/1081 1077/1/1077 1059/1/1059 
f 1082/1/1082 1081/1/1081 1065/1/1065 
f 1065/1/1065 1064/1/1064 1082/1/1082 
f 1084/1/1084 1085/1/1085 1086/1/1086 
f 1086/1/1086 1087/1/1087 1084/1/1084 
f 1083/1/1083 1082/1/1082 1085/1/1085 
f 1085/1/1085 1084/1/1084 1083/1/1083 
f 1064/1/1064 1069/1/1069 1085/1/1085 
f 1085/1/1085 1082/1/1082 1064/1/1064 
f 1086/1/1086 1085/1/1085 1069/1/1069 
f 1069/1/1069 1068/1/1068 1086/1/1086 
f 1088/1/1088 1089/1/1089 1090/1/1090 
f 1090/1/1090 1091/1/1091 1088/1/1088 
f 1092/1/1092 1093/1/1093 1091/1/1091 
f 1091/1/1091 1090/1/1090 1092/1/1092 
f 1094/1/1094 1091/1/1091 1093/1/1093 
f 1093/1/1093 1095/1/1095 1094/1/1094 
f 1088/1/1088 1091/1/1091 1094/1/1094 
f 1094/1/1094 1096/1/1096 1088/1/1088 
f 1096/1/1096 1094/1/1094 1097/1/1097 
f 1097/1/1097 1098/1/1098 1096/1/1096 
f 1099/1/1099 1097/1/1097 1094/1/1094 
f 1094/1/1094 1095/1/1095 1099/1/1099 
f 1100/1/1100 1101/1/1101 1097/1/1097 
f 1097/1/1097 1099/1/1099 1100/1/1100 
f 1098/1/1098 1097/1/1097 1101/1/1101 
f 1101/1/1101 1102/1/1102 1098/1/1098 
f 1102/1/1102 1101/1/1101 1103/1/1103 
f 1103/1/1103 1104/1/1104 1102/1/1102 
f 1105/1/1105 1103/1/1103 1101/1/1101 
f 1101/1/1101 1100/1/1100 1105/1/1105 
f 1106/1/1106 1107/1/1107 1103/1/1103 
f 1103/1/1103 1105/1/1105 1106/1/1106 
f 1104/1/1104 1103/1/1103 1107/1/1107 
f 1107/1/1107 1108/1/1108 1104/1/1104 
f 1108/1/1108 1107/1/1107 1109/1/1109 
f 1109/1/1109 1110/1/1110 1108/1/1108 
f 1111/1/1111 1109/1/1109 1107/1/1107 
f 1107/1/1107 1106/1/1106 1111/1/1111 
f 1112/1/1112 1113/1/1113 1109/1/1109 
f 1109/1/1109 1111/1/1111 1112/1/1112 
f 1110/1/1110 1109/1/1109 1113/1/1113 
f 1113/1/1113 1114/1/1114 1110/1/1110 
f 1114/1/1114 1113/1/1113 1115/1/1115 
f 1115/1/1115 1116/1/1116 1114/1/1114 
f 1117/1/1117 1115/1/1115 1113/1/1113 
f 1113/1/1113 1112/1/1112 1117/1/1117 
f 1118/1/1118 1119/1/1119 1115/1/1115 
f 1115/1/1115 1117/1/1117 1118/1/1118 
f 1116/1/1116 1115/1/1115 1119/1/1119 
f 1119/1/1119 1120/1/1120 1116/1/1116 
f 1120/1/1120 1119/1/1119 1121/1/1121 
f 1121/1/1121 1122/1/1122 1120/1/1120 
f 1123/1/1123 1121/1/1121 1119/1/1119 
f 1119/1/1119 1118/1/1118 1123/1/1123 
f 1124/1/1124 1125/1/1125 1121/1/1121 
f 1121/1/1121 1123/1/1123 1124/1/1124 
f 1125/1/1125 1126/1/1126 1122/1/1122 
f 1122/1/1122 1121/1/1121 1125/1/1125 
f 1127/1/1127 1128/1/1128 1129/1/1129 
f 1129/1/1129 1130/1/1130 1127/1/1127 
f 1129/1/1129 1126/1/1126 1125/1/1125 
f 1125/1/1125 1130/1/1130 1129/1/1129 
f 1131/1/1131 1130/1/1130 1125/1/1125 
f 1125/1/1125 1124/1/1124 1131/1/1131 
f 1132/1/1132 1127/1/1127 1130/1/1130 
f 1130/1/1130 1131/1/1131 1132/1/1132 
f 1128/1/1128 1127/1/1127 1133/1/1133 
f 1133/1/1133 1134/1/1134 1128/1/1128 
f 1135/1/1135 1133/1/1133 1127/1/1127 
f 1127/1/1127 1132/1/1132 1135/1/1135 
f 1136/1/1136 1137/1/1137 1133/1/1133 
f 1133/1/1133 1135/1/1135 1136/1/1136 
f 1137/1/1137 1138/1/1138 1134/1/1134 
f 1134/1/1134 1133/1/1133 1137/1/1137 
f 1139/1/1139 1140/1/1140 1141/1/1141 
f 1141/1/1141 1142/1/1142 1139/1/1139 
f 1137/1/1137 1141/1/1141 1140/1/1140 
f 1140/1/1140 1138/1/1138 1137/1/1137 
f 1143/1/1143 1141/1/1141 1137/1/1137 
f 1137/1/1137 1136/1/1136 1143/1/1143 
f 1144/1/1144 1142/1/1142 1141/1/1141 
f 1141/1/1141 1143/1/1143 1144/1/1144 
f 1142/1/1142 1145/1/1145 1146/1/1146 
f 1146/1/1146 1139/1/1139 1142/1/1142 
f 1147/1/1147 1145/1/1145 1142/1/1142 
f 1142/1/1142 1144/1/1144 1147/1/1147 
f 1148/1/1148 1149/1/1149 1145/1/1145 
f 1145/1/1145 1147/1/1147 1148/1/1148 
f 1146/1/1146 1145/1/1145 1149/1/1149 
f 1149/1/1149 1150/1/1150 1146/1/1146 
f 1151/1/1151 1152/1/1152 1153/1/1153 
f 1153/1/1153 1154/1/1154 1151/1/1151 
f 1152/1/1152 1155/1/1155 1156/1/1156 
f 1156/1/1156 1153/1/1153 1152/1/1152 
f 1099/1/1099 1153/1/1153 1156/1/1156 
f 1156/1/1156 1100/1/1100 1099/1/1099 
f 1154/1/1154 1153/1/1153 1099/1/1099 
f 1099/1/1099 1095/1/1095 1154/1/1154 
f 1155/1/1155 1157/1/1157 1158/1/1158 
f 1158/1/1158 1159/1/1159 1155/1/1155 
f 1080/1/1080 1158/1/1158 1157/1/1157 
f 1157/1/1157 1074/1/1074 1080/1/1080 
f 1083/1/1083 1160/1/1160 1158/1/1158 
f 1158/1/1158 1080/1/1080 1083/1/1083 
f 1159/1/1159 1158/1/1158 1160/1/1160 
f 1160/1/1160 1161/1/1161 1159/1/1159 
f 1161/1/1161 1162/1/1162 1163/1/1163 
f 1163/1/1163 1159/1/1159 1161/1/1161 
f 1105/1/1105 1163/1/1163 1162/1/1162 
f 1162/1/1162 1106/1/1106 1105/1/1105 
f 1100/1/1100 1156/1/1156 1163/1/1163 
f 1163/1/1163 1105/1/1105 1100/1/1100 
f 1159/1/1159 1163/1/1163 1156/1/1156 
f 1156/1/1156 1155/1/1155 1159/1/1159 
f 1161/1/1161 1160/1/1160 1164/1/1164 
f 1164/1/1164 1165/1/1165 1161/1/1161 
f 1084/1/1084 1164/1/1164 1160/1/1160 
f 1160/1/1160 1083/1/1083 1084/1/1084 
f 1087/1/1087 1166/1/1166 1164/1/1164 
f 1164/1/1164 1084/1/1084 1087/1/1087 
f 1165/1/1165 1164/1/1164 1166/1/1166 
f 1166/1/1166 1167/1/1167 1165/1/1165 
f 1167/1/1167 1168/1/1168 1169/1/1169 
f 1169/1/1169 1165/1/1165 1167/1/1167 
f 1111/1/1111 1169/1/1169 1168/1/1168 
f 1168/1/1168 1112/1/1112 1111/1/1111 
f 1106/1/1106 1162/1/1162 1169/1/1169 
f 1169/1/1169 1111/1/1111 1106/1/1106 
f 1165/1/1165 1169/1/1169 1162/1/1162 
f 1162/1/1162 1161/1/1161 1165/1/1165 
f 1170/1/1170 1171/1/1171 1172/1/1172 
f 1172/1/1172 1173/1/1173 1170/1/1170 
f 1117/1/1117 1172/1/1172 1171/1/1171 
f 1171/1/1171 1118/1/1118 1117/1/1117 
f 1112/1/1112 1168/1/1168 1172/1/1172 
f 1172/1/1172 1117/1/1117 1112/1/1112 
f 1173/1/1173 1172/1/1172 1168/1/1168 
f 1168/1/1168 1167/1/1167 1173/1/1173 
f 1123/1/1123 1174/1/1174 1175/1/1175 
f 1175/1/1175 1124/1/1124 1123/1/1123 
f 1118/1/1118 1171/1/1171 1174/1/1174 
f 1174/1/1174 1123/1/1123 1118/1/1118 
f 1176/1/1176 1174/1/1174 1171/1/1171 
f 1171/1/1171 1170/1/1170 1176/1/1176 
f 1177/1/1177 1175/1/1175 1174/1/1174 
f 1174/1/1174 1176/1/1176 1177/1/1177 
f 1178/1/1178 1179/1/1179 1180/1/1180 
f 1180/1/1180 1181/1/1181 1178/1/1178 
f 1131/1/1131 1180/1/1180 1179/1/1179 
f 1179/1/1179 1132/1/1132 1131/1/1131 
f 1124/1/1124 1175/1/1175 1180/1/1180 
f 1180/1/1180 1131/1/1131 1124/1/1124 
f 1181/1/1181 1180/1/1180 1175/1/1175 
f 1175/1/1175 1177/1/1177 1181/1/1181 
f 1182/1/1182 1183/1/1183 1184/1/1184 
f 1184/1/1184 1185/1/1185 1182/1/1182 
f 1135/1/1135 1184/1/1184 1183/1/1183 
f 1183/1/1183 1136/1/1136 1135/1/1135 
f 1132/1/1132 1179/1/1179 1184/1/1184 
f 1184/1/1184 1135/1/1135 1132/1/1132 
f 1185/1/1185 1184/1/1184 1179/1/1179 
f 1179/1/1179 1178/1/1178 1185/1/1185 
f 1186/1/1186 1187/1/1187 1188/1/1188 
f 1188/1/1188 1189/1/1189 1186/1/1186 
f 1143/1/1143 1188/1/1188 1187/1/1187 
f 1187/1/1187 1144/1/1144 1143/1/1143 
f 1136/1/1136 1183/1/1183 1188/1/1188 
f 1188/1/1188 1143/1/1143 1136/1/1136 
f 1189/1/1189 1188/1/1188 1183/1/1183 
f 1183/1/1183 1182/1/1182 1189/1/1189 
f 1190/1/1190 1191/1/1191 1192/1/1192 
f 1193/1/1193 1190/1/1190 1194/1/1194 
f 1194/1/1194 1079/1/1079 1193/1/1193 
f 1151/1/1151 1195/1/1195 1190/1/1190 
f 1190/1/1190 1193/1/1193 1151/1/1151 
f 1191/1/1191 1190/1/1190 1195/1/1195 
f 1195/1/1195 1196/1/1196 1191/1/1191 
f 1095/1/1095 1093/1/1093 1197/1/1197 
f 1197/1/1197 1154/1/1154 1095/1/1095 
f 1198/1/1198 1197/1/1197 1093/1/1093 
f 1093/1/1093 1092/1/1092 1198/1/1198 
f 1196/1/1196 1195/1/1195 1197/1/1197 
f 1197/1/1197 1198/1/1198 1196/1/1196 
f 1154/1/1154 1197/1/1197 1195/1/1195 
f 1195/1/1195 1151/1/1151 1154/1/1154 
f 1079/1/1079 1075/1/1075 1199/1/1199 
f 1199/1/1199 1193/1/1193 1079/1/1079 
f 1157/1/1157 1199/1/1199 1075/1/1075 
f 1075/1/1075 1074/1/1074 1157/1/1157 
f 1155/1/1155 1152/1/1152 1199/1/1199 
f 1199/1/1199 1157/1/1157 1155/1/1155 
f 1193/1/1193 1199/1/1199 1152/1/1152 
f 1152/1/1152 1151/1/1151 1193/1/1193 
f 393/1/393 390/1/390 1200/1/1200 
f 1200/1/1200 1201/1/1201 393/1/393 
f 387/1/387 1200/1/1200 390/1/390 
f 390/1/390 388/1/388 387/1/387 
f 20/1/20 1202/1/1202 1200/1/1200 
f 1200/1/1200 387/1/387 20/1/20 
f 1201/1/1201 1200/1/1200 1202/1/1202 
f 1202/1/1202 1203/1/1203 1201/1/1201 
f 1202/1/1202 1204/1/1204 1205/1/1205 
f 1205/1/1205 1203/1/1203 1202/1/1202 
f 19/1/19 1204/1/1204 1202/1/1202 
f 1202/1/1202 20/1/20 19/1/19 
f 18/1/18 52/1/52 1204/1/1204 
f 1204/1/1204 19/1/19 18/1/18 
f 1205/1/1205 1204/1/1204 52/1/52 
f 52/1/52 51/1/51 1205/1/1205 
f 1206/1/1206 584/1/584 583/1/583 
f 392/1/392 1207/1/1207 583/1/583 
f 583/1/583 394/1/394 392/1/392 
f 393/1/393 1208/1/1208 1207/1/1207 
f 1207/1/1207 392/1/392 393/1/393 
f 1209/1/1209 1206/1/1206 1207/1/1207 
f 1207/1/1207 1208/1/1208 1209/1/1209 
f 1210/1/1210 1211/1/1211 1212/1/1212 
f 1212/1/1212 1203/1/1203 1205/1/1205 
f 51/1/51 599/1/599 1213/1/1213 
f 1213/1/1213 1205/1/1205 51/1/51 
f 599/1/599 598/1/598 1210/1/1210 
f 1214/1/1214 1215/1/1215 1216/1/1216 
f 1216/1/1216 1217/1/1217 1214/1/1214 
f 1215/1/1215 1209/1/1209 1208/1/1208 
f 393/1/393 1201/1/1201 1216/1/1216 
f 1216/1/1216 1208/1/1208 393/1/393 
f 1217/1/1217 1216/1/1216 1201/1/1201 
f 1201/1/1201 1203/1/1203 1217/1/1217 
f 1217/1/1217 1218/1/1218 1219/1/1219 
f 1219/1/1219 1214/1/1214 1217/1/1217 
f 1203/1/1203 1212/1/1212 1218/1/1218 
f 1218/1/1218 1217/1/1217 1203/1/1203 
f 1211/1/1211 1219/1/1219 1218/1/1218 
f 1218/1/1218 1212/1/1212 1211/1/1211 
f 584/1/584 1206/1/1206 1220/1/1220 
f 1220/1/1220 591/1/591 584/1/584 
f 1206/1/1206 1209/1/1209 1221/1/1221 
f 1222/1/1222 1223/1/1223 1220/1/1220 
f 1220/1/1220 1221/1/1221 1222/1/1222 
f 591/1/591 1220/1/1220 1223/1/1223 
f 1223/1/1223 589/1/589 591/1/591 
f 1211/1/1211 1210/1/1210 1224/1/1224 
f 1224/1/1224 1225/1/1225 1211/1/1211 
f 611/1/611 1224/1/1224 1210/1/1210 
f 1210/1/1210 598/1/598 611/1/611 
f 604/1/604 1226/1/1226 1224/1/1224 
f 1224/1/1224 611/1/611 604/1/604 
f 1225/1/1225 1224/1/1224 1226/1/1226 
f 1226/1/1226 1227/1/1227 1225/1/1225 
f 1228/1/1228 1229/1/1229 1230/1/1230 
f 1230/1/1230 1231/1/1231 1228/1/1228 
f 1221/1/1221 1230/1/1230 1229/1/1229 
f 1229/1/1229 1222/1/1222 1221/1/1221 
f 1209/1/1209 1215/1/1215 1230/1/1230 
f 1230/1/1230 1221/1/1221 1209/1/1209 
f 1231/1/1231 1230/1/1230 1215/1/1215 
f 1215/1/1215 1214/1/1214 1231/1/1231 
f 1214/1/1214 1219/1/1219 1232/1/1232 
f 1232/1/1232 1231/1/1231 1214/1/1214 
f 1225/1/1225 1232/1/1232 1219/1/1219 
f 1219/1/1219 1211/1/1211 1225/1/1225 
f 1227/1/1227 1233/1/1233 1232/1/1232 
f 1232/1/1232 1225/1/1225 1227/1/1227 
f 1231/1/1231 1232/1/1232 1233/1/1233 
f 1233/1/1233 1228/1/1228 1231/1/1231 
f 1226/1/1226 604/1/604 602/1/602 
f 602/1/602 1234/1/1234 1226/1/1226 
f 1235/1/1235 1234/1/1234 602/1/602 
f 602/1/602 595/1/595 1235/1/1235 
f 1236/1/1236 1234/1/1234 1235/1/1235 
f 1235/1/1235 1237/1/1237 1236/1/1236 
f 1227/1/1227 1226/1/1226 1234/1/1234 
f 1234/1/1234 1236/1/1236 1227/1/1227 
f 1238/1/1238 1239/1/1239 1240/1/1240 
f 1240/1/1240 1241/1/1241 1238/1/1238 
f 587/1/587 1240/1/1240 1239/1/1239 
f 1239/1/1239 581/1/581 587/1/587 
f 589/1/589 1223/1/1223 1240/1/1240 
f 1240/1/1240 587/1/587 589/1/589 
f 1241/1/1241 1240/1/1240 1223/1/1223 
f 1223/1/1223 1222/1/1222 1241/1/1241 
f 1222/1/1222 1229/1/1229 1242/1/1242 
f 1242/1/1242 1241/1/1241 1222/1/1222 
f 1243/1/1243 1242/1/1242 1229/1/1229 
f 1229/1/1229 1228/1/1228 1243/1/1243 
f 1244/1/1244 1245/1/1245 1242/1/1242 
f 1242/1/1242 1243/1/1243 1244/1/1244 
f 1241/1/1241 1242/1/1242 1245/1/1245 
f 1245/1/1245 1238/1/1238 1241/1/1241 
f 1228/1/1228 1233/1/1233 1246/1/1246 
f 1246/1/1246 1243/1/1243 1228/1/1228 
f 1236/1/1236 1246/1/1246 1233/1/1233 
f 1233/1/1233 1227/1/1227 1236/1/1236 
f 1237/1/1237 1247/1/1247 1246/1/1246 
f 1246/1/1246 1236/1/1236 1237/1/1237 
f 1243/1/1243 1246/1/1246 1247/1/1247 
f 1247/1/1247 1244/1/1244 1243/1/1243 
f 435/1/435 579/1/579 1248/1/1248 
f 1248/1/1248 1249/1/1249 435/1/435 
f 579/1/579 581/1/581 1239/1/1239 
f 1238/1/1238 1250/1/1250 1248/1/1248 
f 1248/1/1248 1239/1/1239 1238/1/1238 
f 1249/1/1249 1248/1/1248 1250/1/1250 
f 1250/1/1250 1251/1/1251 1249/1/1249 
f 1251/1/1251 1252/1/1252 1253/1/1253 
f 1253/1/1253 1249/1/1249 1251/1/1251 
f 432/1/432 436/1/436 1253/1/1253 
f 1253/1/1253 1252/1/1252 432/1/432 
f 1249/1/1249 1253/1/1253 436/1/436 
f 436/1/436 435/1/435 1249/1/1249 
f 1237/1/1237 1235/1/1235 1254/1/1254 
f 1254/1/1254 1255/1/1255 1237/1/1237 
f 1254/1/1254 1235/1/1235 595/1/595 
f 1256/1/1256 1254/1/1254 594/1/594 
f 594/1/594 341/1/341 1256/1/1256 
f 1255/1/1255 1254/1/1254 1256/1/1256 
f 1256/1/1256 1257/1/1257 1255/1/1255 
f 1258/1/1258 1259/1/1259 1260/1/1260 
f 1260/1/1260 1261/1/1261 1258/1/1258 
f 1250/1/1250 1260/1/1260 1259/1/1259 
f 1259/1/1259 1251/1/1251 1250/1/1250 
f 1238/1/1238 1245/1/1245 1260/1/1260 
f 1260/1/1260 1250/1/1250 1238/1/1238 
f 1261/1/1261 1260/1/1260 1245/1/1245 
f 1245/1/1245 1244/1/1244 1261/1/1261 
f 1244/1/1244 1247/1/1247 1262/1/1262 
f 1262/1/1262 1261/1/1261 1244/1/1244 
f 1255/1/1255 1262/1/1262 1247/1/1247 
f 1247/1/1247 1237/1/1237 1255/1/1255 
f 1257/1/1257 1263/1/1263 1262/1/1262 
f 1262/1/1262 1255/1/1255 1257/1/1257 
f 1263/1/1263 1258/1/1258 1261/1/1261 
f 432/1/432 1252/1/1252 1264/1/1264 
f 1264/1/1264 433/1/433 432/1/432 
f 1265/1/1265 1264/1/1264 1252/1/1252 
f 1252/1/1252 1251/1/1251 1265/1/1265 
f 1266/1/1266 1267/1/1267 1264/1/1264 
f 1264/1/1264 1265/1/1265 1266/1/1266 
f 433/1/433 1264/1/1264 1267/1/1267 
f 1267/1/1267 434/1/434 433/1/433 
f 1268/1/1268 1269/1/1269 1270/1/1270 
f 1270/1/1270 1271/1/1271 1268/1/1268 
f 1256/1/1256 1270/1/1270 1269/1/1269 
f 1269/1/1269 1257/1/1257 1256/1/1256 
f 341/1/341 337/1/337 1270/1/1270 
f 1270/1/1270 1256/1/1256 341/1/341 
f 1271/1/1271 1270/1/1270 337/1/337 
f 337/1/337 336/1/336 1271/1/1271 
f 1266/1/1266 1265/1/1265 1272/1/1272 
f 1272/1/1272 1273/1/1273 1266/1/1266 
f 1259/1/1259 1272/1/1272 1265/1/1265 
f 1265/1/1265 1251/1/1251 1259/1/1259 
f 1259/1/1259 1258/1/1258 1274/1/1274 
f 1274/1/1274 1272/1/1272 1259/1/1259 
f 1273/1/1273 1272/1/1272 1274/1/1274 
f 1274/1/1274 1275/1/1275 1273/1/1273 
f 1258/1/1258 1263/1/1263 1276/1/1276 
f 1276/1/1276 1274/1/1274 1258/1/1258 
f 1263/1/1263 1257/1/1257 1269/1/1269 
f 1269/1/1269 1276/1/1276 1263/1/1263 
f 1277/1/1277 1276/1/1276 1269/1/1269 
f 1269/1/1269 1268/1/1268 1277/1/1277 
f 1274/1/1274 1276/1/1276 1277/1/1277 
f 1277/1/1277 1275/1/1275 1274/1/1274 
f 1278/1/1278 1279/1/1279 1280/1/1280 
f 1280/1/1280 1281/1/1281 1278/1/1278 
f 430/1/430 1279/1/1279 1278/1/1278 
f 1278/1/1278 427/1/427 430/1/430 
f 434/1/434 1282/1/1282 1279/1/1279 
f 1279/1/1279 430/1/430 434/1/434 
f 1283/1/1283 1280/1/1280 1279/1/1279 
f 1279/1/1279 1282/1/1282 1283/1/1283 
f 1284/1/1284 1285/1/1285 1286/1/1286 
f 1286/1/1286 1287/1/1287 1284/1/1284 
f 1271/1/1271 1286/1/1286 1285/1/1285 
f 1285/1/1285 1268/1/1268 1271/1/1271 
f 336/1/336 975/1/975 1286/1/1286 
f 1286/1/1286 1271/1/1271 336/1/336 
f 1287/1/1287 1286/1/1286 975/1/975 
f 975/1/975 974/1/974 1287/1/1287 
f 434/1/434 1267/1/1267 1288/1/1288 
f 1288/1/1288 1282/1/1282 434/1/434 
f 1266/1/1266 1289/1/1289 1288/1/1288 
f 1288/1/1288 1267/1/1267 1266/1/1266 
f 1282/1/1282 1288/1/1288 1289/1/1289 
f 1289/1/1289 1283/1/1283 1282/1/1282 
f 1290/1/1290 1291/1/1291 1281/1/1281 
f 1292/1/1292 1290/1/1290 1280/1/1280 
f 1280/1/1280 1283/1/1283 1292/1/1292 
f 1293/1/1293 1294/1/1294 1290/1/1290 
f 1290/1/1290 1292/1/1292 1293/1/1293 
f 1291/1/1291 1290/1/1290 1294/1/1294 
f 1294/1/1294 1192/1/1192 1291/1/1291 
f 1196/1/1196 1295/1/1295 1296/1/1296 
f 1296/1/1296 1191/1/1191 1196/1/1196 
f 1295/1/1295 1281/1/1281 1291/1/1291 
f 1291/1/1291 1192/1/1192 1191/1/1191 
f 1191/1/1191 1296/1/1296 1291/1/1291 
f 1287/1/1287 1297/1/1297 1298/1/1298 
f 1298/1/1298 1284/1/1284 1287/1/1287 
f 974/1/974 1022/1/1022 1297/1/1297 
f 1297/1/1297 1287/1/1287 974/1/974 
f 1023/1/1023 1299/1/1299 1297/1/1297 
f 1297/1/1297 1022/1/1022 1023/1/1023 
f 1298/1/1298 1297/1/1297 1299/1/1299 
f 1299/1/1299 1192/1/1192 1298/1/1298 
f 1300/1/1300 1301/1/1301 1294/1/1294 
f 1294/1/1294 1293/1/1293 1300/1/1300 
f 1284/1/1284 1298/1/1298 1301/1/1301 
f 1301/1/1301 1300/1/1300 1284/1/1284 
f 1294/1/1294 1301/1/1301 1298/1/1298 
f 1298/1/1298 1192/1/1192 1294/1/1294 
f 1023/1/1023 1057/1/1057 1302/1/1302 
f 1302/1/1302 1299/1/1299 1023/1/1023 
f 1078/1/1078 1302/1/1302 1057/1/1057 
f 1057/1/1057 1061/1/1061 1078/1/1078 
f 1079/1/1079 1194/1/1194 1302/1/1302 
f 1302/1/1302 1078/1/1078 1079/1/1079 
f 1194/1/1194 1192/1/1192 1299/1/1299 
f 1268/1/1268 1285/1/1285 1303/1/1303 
f 1303/1/1303 1277/1/1277 1268/1/1268 
f 1300/1/1300 1303/1/1303 1285/1/1285 
f 1285/1/1285 1284/1/1284 1300/1/1300 
f 1293/1/1293 1304/1/1304 1303/1/1303 
f 1303/1/1303 1300/1/1300 1293/1/1293 
f 1277/1/1277 1303/1/1303 1304/1/1304 
f 1304/1/1304 1275/1/1275 1277/1/1277 
f 1283/1/1283 1289/1/1289 1305/1/1305 
f 1305/1/1305 1292/1/1292 1283/1/1283 
f 1273/1/1273 1305/1/1305 1289/1/1289 
f 1289/1/1289 1266/1/1266 1273/1/1273 
f 1275/1/1275 1304/1/1304 1305/1/1305 
f 1305/1/1305 1273/1/1273 1275/1/1275 
f 1292/1/1292 1305/1/1305 1304/1/1304 
f 1304/1/1304 1293/1/1293 1292/1/1292 
f 1306/1/1306 1307/1/1307 1281/1/1281 
f 1198/1/1198 1306/1/1306 1295/1/1295 
f 1295/1/1295 1196/1/1196 1198/1/1198 
f 1092/1/1092 1308/1/1308 1306/1/1306 
f 1306/1/1306 1198/1/1198 1092/1/1092 
f 1307/1/1307 1306/1/1306 1308/1/1308 
f 1308/1/1308 1309/1/1309 1307/1/1307 
f 1090/1/1090 1310/1/1310 1308/1/1308 
f 1308/1/1308 1092/1/1092 1090/1/1090 
f 1311/1/1311 1310/1/1310 1090/1/1090 
f 1090/1/1090 1089/1/1089 1311/1/1311 
f 1312/1/1312 1313/1/1313 1310/1/1310 
f 1310/1/1310 1311/1/1311 1312/1/1312 
f 1308/1/1308 1310/1/1310 1313/1/1313 
f 1313/1/1313 1309/1/1309 1308/1/1308 
f 1314/1/1314 1315/1/1315 1316/1/1316 
f 1316/1/1316 1317/1/1317 1314/1/1314 
f 400/1/400 403/1/403 1315/1/1315 
f 1315/1/1315 1314/1/1314 400/1/400 
f 408/1/408 1318/1/1318 1315/1/1315 
f 1315/1/1315 403/1/403 408/1/408 
f 1316/1/1316 1315/1/1315 1318/1/1318 
f 1318/1/1318 1319/1/1319 1316/1/1316 
f 1319/1/1319 1318/1/1318 1320/1/1320 
f 1320/1/1320 1321/1/1321 1319/1/1319 
f 410/1/410 1320/1/1320 1318/1/1318 
f 1318/1/1318 408/1/408 410/1/410 
f 414/1/414 1322/1/1322 1320/1/1320 
f 1320/1/1320 410/1/410 414/1/414 
f 1321/1/1321 1320/1/1320 1322/1/1322 
f 1322/1/1322 1323/1/1323 1321/1/1321 
f 420/1/420 1324/1/1324 1325/1/1325 
f 1325/1/1325 416/1/416 420/1/420 
f 1326/1/1326 1325/1/1325 1324/1/1324 
f 1324/1/1324 1327/1/1327 1326/1/1326 
f 1323/1/1323 1322/1/1322 1325/1/1325 
f 1325/1/1325 1326/1/1326 1323/1/1323 
f 416/1/416 1325/1/1325 1322/1/1322 
f 1322/1/1322 414/1/414 416/1/416 
f 426/1/426 428/1/428 1328/1/1328 
f 1328/1/1328 422/1/422 426/1/426 
f 1329/1/1329 1328/1/1328 428/1/428 
f 428/1/428 427/1/427 1329/1/1329 
f 1327/1/1327 1324/1/1324 1328/1/1328 
f 1328/1/1328 1329/1/1329 1327/1/1327 
f 422/1/422 1328/1/1328 1324/1/1324 
f 1324/1/1324 420/1/420 422/1/422 
f 427/1/427 1278/1/1278 1330/1/1330 
f 1330/1/1330 1329/1/1329 427/1/427 
f 1307/1/1307 1330/1/1330 1278/1/1278 
f 1278/1/1278 1281/1/1281 1307/1/1307 
f 1309/1/1309 1331/1/1331 1330/1/1330 
f 1330/1/1330 1307/1/1307 1309/1/1309 
f 1329/1/1329 1330/1/1330 1331/1/1331 
f 1331/1/1331 1327/1/1327 1329/1/1329 
f 1332/1/1332 1333/1/1333 1334/1/1334 
f 1334/1/1334 1335/1/1335 1332/1/1332 
f 1326/1/1326 1334/1/1334 1333/1/1333 
f 1333/1/1333 1323/1/1323 1326/1/1326 
f 1334/1/1334 1326/1/1326 1327/1/1327 
f 1335/1/1335 1334/1/1334 1336/1/1336 
f 1336/1/1336 1337/1/1337 1335/1/1335 
f 1331/1/1331 1338/1/1338 1336/1/1336 
f 1336/1/1336 1327/1/1327 1331/1/1331 
f 1339/1/1339 1338/1/1338 1331/1/1331 
f 1331/1/1331 1309/1/1309 1339/1/1339 
f 1337/1/1337 1336/1/1336 1338/1/1338 
f 1338/1/1338 1339/1/1339 1337/1/1337 
f 1340/1/1340 1341/1/1341 1342/1/1342 
f 1342/1/1342 1343/1/1343 1340/1/1340 
f 1339/1/1339 1342/1/1342 1341/1/1341 
f 1341/1/1341 1337/1/1337 1339/1/1339 
f 1342/1/1342 1339/1/1339 1309/1/1309 
f 1313/1/1313 1312/1/1312 1343/1/1343 
f 1337/1/1337 1341/1/1341 1344/1/1344 
f 1344/1/1344 1335/1/1335 1337/1/1337 
f 1341/1/1341 1340/1/1340 1345/1/1345 
f 1346/1/1346 1347/1/1347 1344/1/1344 
f 1344/1/1344 1345/1/1345 1346/1/1346 
f 1335/1/1335 1344/1/1344 1347/1/1347 
f 1347/1/1347 1332/1/1332 1335/1/1335 
f 1348/1/1348 1349/1/1349 1350/1/1350 
f 1350/1/1350 1351/1/1351 1348/1/1348 
f 870/1/870 1350/1/1350 1349/1/1349 
f 1349/1/1349 872/1/872 870/1/870 
f 871/1/871 1352/1/1352 1350/1/1350 
f 1350/1/1350 870/1/870 871/1/871 
f 1351/1/1351 1350/1/1350 1352/1/1352 
f 1352/1/1352 1353/1/1353 1351/1/1351 
f 1354/1/1354 1355/1/1355 1356/1/1356 
f 1356/1/1356 1357/1/1357 1354/1/1354 
f 943/1/943 1356/1/1356 1355/1/1355 
f 1355/1/1355 944/1/944 943/1/943 
f 872/1/872 1349/1/1349 1356/1/1356 
f 1356/1/1356 943/1/943 872/1/872 
f 1357/1/1357 1356/1/1356 1349/1/1349 
f 1349/1/1349 1348/1/1348 1357/1/1357 
f 944/1/944 1355/1/1355 1358/1/1358 
f 1358/1/1358 952/1/952 944/1/944 
f 1359/1/1359 1358/1/1358 1355/1/1355 
f 1355/1/1355 1354/1/1354 1359/1/1359 
f 1360/1/1360 1361/1/1361 1358/1/1358 
f 1358/1/1358 1359/1/1359 1360/1/1360 
f 952/1/952 1358/1/1358 1361/1/1361 
f 1361/1/1361 953/1/953 952/1/952 
f 953/1/953 1361/1/1361 1362/1/1362 
f 1362/1/1362 954/1/954 953/1/953 
f 1361/1/1361 1360/1/1360 1363/1/1363 
f 1364/1/1364 1365/1/1365 1362/1/1362 
f 1362/1/1362 1363/1/1363 1364/1/1364 
f 954/1/954 1362/1/1362 1365/1/1365 
f 1365/1/1365 955/1/955 954/1/954 
f 955/1/955 1365/1/1365 1366/1/1366 
f 1366/1/1366 969/1/969 955/1/955 
f 1367/1/1367 1366/1/1366 1365/1/1365 
f 1365/1/1365 1364/1/1364 1367/1/1367 
f 1368/1/1368 1369/1/1369 1366/1/1366 
f 1366/1/1366 1367/1/1367 1368/1/1368 
f 969/1/969 1366/1/1366 1369/1/1369 
f 1369/1/1369 966/1/966 969/1/969 
f 1370/1/1370 1371/1/1371 1372/1/1372 
f 973/1/973 1370/1/1370 1373/1/1373 
f 1373/1/1373 965/1/965 973/1/973 
f 966/1/966 1369/1/1369 1370/1/1370 
f 1370/1/1370 973/1/973 966/1/966 
f 1371/1/1371 1370/1/1370 1369/1/1369 
f 1369/1/1369 1368/1/1368 1371/1/1371 
f 1373/1/1373 1374/1/1374 964/1/964 
f 964/1/964 965/1/965 1373/1/1373 
f 1375/1/1375 1374/1/1374 1373/1/1373 
f 1373/1/1373 1372/1/1372 1375/1/1375 
f 1376/1/1376 1377/1/1377 1374/1/1374 
f 1374/1/1374 1375/1/1375 1376/1/1376 
f 837/1/837 964/1/964 1374/1/1374 
f 1374/1/1374 1377/1/1377 837/1/837 
f 1376/1/1376 1378/1/1378 1379/1/1379 
f 1379/1/1379 1377/1/1377 1376/1/1376 
f 1380/1/1380 1379/1/1379 1378/1/1378 
f 1378/1/1378 1381/1/1381 1380/1/1380 
f 841/1/841 838/1/838 1379/1/1379 
f 1379/1/1379 1380/1/1380 841/1/841 
f 838/1/838 837/1/837 1377/1/1377 
f 849/1/849 848/1/848 1382/1/1382 
f 1382/1/1382 1383/1/1383 849/1/849 
f 1380/1/1380 1382/1/1382 848/1/848 
f 848/1/848 841/1/841 1380/1/1380 
f 1381/1/1381 1384/1/1384 1382/1/1382 
f 1382/1/1382 1380/1/1380 1381/1/1381 
f 1383/1/1383 1382/1/1382 1384/1/1384 
f 1384/1/1384 1385/1/1385 1383/1/1383 
f 849/1/849 1383/1/1383 1386/1/1386 
f 1386/1/1386 857/1/857 849/1/849 
f 1385/1/1385 1387/1/1387 1386/1/1386 
f 1386/1/1386 1383/1/1383 1385/1/1385 
f 1388/1/1388 1386/1/1386 1387/1/1387 
f 1387/1/1387 1389/1/1389 1388/1/1388 
f 857/1/857 1386/1/1386 1388/1/1388 
f 1388/1/1388 854/1/854 857/1/857 
f 862/1/862 865/1/865 1390/1/1390 
f 1390/1/1390 1391/1/1391 862/1/862 
f 854/1/854 1388/1/1388 1390/1/1390 
f 1390/1/1390 865/1/865 854/1/854 
f 1389/1/1389 1392/1/1392 1390/1/1390 
f 1390/1/1390 1388/1/1388 1389/1/1389 
f 1391/1/1391 1390/1/1390 1392/1/1392 
f 1392/1/1392 1393/1/1393 1391/1/1391 
f 1364/1/1364 1394/1/1394 1395/1/1395 
f 1395/1/1395 1367/1/1367 1364/1/1364 
f 1396/1/1396 1395/1/1395 1394/1/1394 
f 1394/1/1394 1397/1/1397 1396/1/1396 
f 1398/1/1398 1399/1/1399 1395/1/1395 
f 1395/1/1395 1396/1/1396 1398/1/1398 
f 1367/1/1367 1395/1/1395 1399/1/1399 
f 1399/1/1399 1368/1/1368 1367/1/1367 
f 1368/1/1368 1399/1/1399 1400/1/1400 
f 1400/1/1400 1371/1/1371 1368/1/1368 
f 1401/1/1401 1400/1/1400 1399/1/1399 
f 1399/1/1399 1398/1/1398 1401/1/1401 
f 1402/1/1402 1403/1/1403 1400/1/1400 
f 1400/1/1400 1401/1/1401 1402/1/1402 
f 1371/1/1371 1400/1/1400 1403/1/1403 
f 1403/1/1403 1372/1/1372 1371/1/1371 
f 1372/1/1372 1403/1/1403 1404/1/1404 
f 1404/1/1404 1375/1/1375 1372/1/1372 
f 1405/1/1405 1404/1/1404 1403/1/1403 
f 1403/1/1403 1402/1/1402 1405/1/1405 
f 1406/1/1406 1407/1/1407 1404/1/1404 
f 1404/1/1404 1405/1/1405 1406/1/1406 
f 1375/1/1375 1404/1/1404 1407/1/1407 
f 1407/1/1407 1376/1/1376 1375/1/1375 
f 1376/1/1376 1407/1/1407 1408/1/1408 
f 1408/1/1408 1378/1/1378 1376/1/1376 
f 1409/1/1409 1408/1/1408 1407/1/1407 
f 1407/1/1407 1406/1/1406 1409/1/1409 
f 1410/1/1410 1408/1/1408 1409/1/1409 
f 1409/1/1409 1411/1/1411 1410/1/1410 
f 1381/1/1381 1378/1/1378 1408/1/1408 
f 1408/1/1408 1410/1/1410 1381/1/1381 
f 1385/1/1385 1384/1/1384 1412/1/1412 
f 1412/1/1412 1413/1/1413 1385/1/1385 
f 1410/1/1410 1412/1/1412 1384/1/1384 
f 1384/1/1384 1381/1/1381 1410/1/1410 
f 1411/1/1411 1414/1/1414 1412/1/1412 
f 1412/1/1412 1410/1/1410 1411/1/1411 
f 1413/1/1413 1412/1/1412 1414/1/1414 
f 1414/1/1414 1415/1/1415 1413/1/1413 
f 1389/1/1389 1387/1/1387 1416/1/1416 
f 1416/1/1416 1417/1/1417 1389/1/1389 
f 1413/1/1413 1416/1/1416 1387/1/1387 
f 1387/1/1387 1385/1/1385 1413/1/1413 
f 1415/1/1415 1418/1/1418 1416/1/1416 
f 1416/1/1416 1413/1/1413 1415/1/1415 
f 1418/1/1418 1419/1/1419 1417/1/1417 
f 1393/1/1393 1392/1/1392 1420/1/1420 
f 1420/1/1420 1421/1/1421 1393/1/1393 
f 1417/1/1417 1420/1/1420 1392/1/1392 
f 1392/1/1392 1389/1/1389 1417/1/1417 
f 1419/1/1419 1422/1/1422 1420/1/1420 
f 1420/1/1420 1417/1/1417 1419/1/1419 
f 1421/1/1421 1420/1/1420 1422/1/1422 
f 1422/1/1422 1423/1/1423 1421/1/1421 
f 773/1/773 789/1/789 1424/1/1424 
f 1424/1/1424 771/1/771 773/1/773 
f 1425/1/1425 1424/1/1424 789/1/789 
f 789/1/789 793/1/793 1425/1/1425 
f 1426/1/1426 1427/1/1427 1424/1/1424 
f 1424/1/1424 1425/1/1425 1426/1/1426 
f 771/1/771 1424/1/1424 1427/1/1427 
f 1427/1/1427 769/1/769 771/1/771 
f 791/1/791 799/1/799 1428/1/1428 
f 1428/1/1428 1429/1/1429 791/1/791 
f 1430/1/1430 1428/1/1428 799/1/799 
f 799/1/799 798/1/798 1430/1/1430 
f 1431/1/1431 1432/1/1432 1428/1/1428 
f 1428/1/1428 1430/1/1430 1431/1/1431 
f 1429/1/1429 1428/1/1428 1432/1/1432 
f 1432/1/1432 1433/1/1433 1429/1/1429 
f 1434/1/1434 1435/1/1435 1436/1/1436 
f 1436/1/1436 1437/1/1437 1434/1/1434 
f 792/1/792 1436/1/1436 1435/1/1435 
f 1435/1/1435 793/1/793 792/1/792 
f 1429/1/1429 1436/1/1436 792/1/792 
f 792/1/792 791/1/791 1429/1/1429 
f 1429/1/1429 1433/1/1433 1437/1/1437 
f 1437/1/1437 1436/1/1436 1429/1/1429 
f 1438/1/1438 765/1/765 767/1/767 
f 769/1/769 1427/1/1427 1439/1/1439 
f 1439/1/1439 767/1/767 769/1/769 
f 1440/1/1440 1439/1/1439 1427/1/1427 
f 1427/1/1427 1426/1/1426 1440/1/1440 
f 1439/1/1439 1440/1/1440 1441/1/1441 
f 1442/1/1442 1443/1/1443 1444/1/1444 
f 1444/1/1444 1445/1/1445 1442/1/1442 
f 1425/1/1425 1444/1/1444 1443/1/1443 
f 1443/1/1443 1426/1/1426 1425/1/1425 
f 793/1/793 1435/1/1435 1444/1/1444 
f 1444/1/1444 1425/1/1425 793/1/793 
f 1434/1/1434 1445/1/1445 1444/1/1444 
f 1444/1/1444 1435/1/1435 1434/1/1434 
f 1446/1/1446 1447/1/1447 1448/1/1448 
f 1448/1/1448 1449/1/1449 1446/1/1446 
f 1445/1/1445 1448/1/1448 1447/1/1447 
f 1447/1/1447 1442/1/1442 1445/1/1445 
f 1437/1/1437 1448/1/1448 1445/1/1445 
f 1445/1/1445 1434/1/1434 1437/1/1437 
f 1433/1/1433 1449/1/1449 1448/1/1448 
f 1448/1/1448 1437/1/1437 1433/1/1433 
f 1433/1/1433 1432/1/1432 1450/1/1450 
f 1450/1/1450 1449/1/1449 1433/1/1433 
f 1432/1/1432 1431/1/1431 1451/1/1451 
f 1452/1/1452 1450/1/1450 1451/1/1451 
f 1451/1/1451 1453/1/1453 1452/1/1452 
f 1446/1/1446 1449/1/1449 1450/1/1450 
f 1450/1/1450 1452/1/1452 1446/1/1446 
f 797/1/797 825/1/825 1454/1/1454 
f 1454/1/1454 1455/1/1455 797/1/797 
f 825/1/825 822/1/822 1456/1/1456 
f 1454/1/1454 1456/1/1456 1457/1/1457 
f 1455/1/1455 1454/1/1454 1458/1/1458 
f 1458/1/1458 1459/1/1459 1455/1/1455 
f 1460/1/1460 1461/1/1461 1457/1/1457 
f 1456/1/1456 822/1/822 861/1/861 
f 860/1/860 1462/1/1462 1460/1/1460 
f 1460/1/1460 861/1/861 860/1/860 
f 1462/1/1462 1463/1/1463 1461/1/1461 
f 1464/1/1464 1465/1/1465 1463/1/1463 
f 863/1/863 1464/1/1464 1462/1/1462 
f 1462/1/1462 860/1/860 863/1/863 
f 862/1/862 1466/1/1466 1464/1/1464 
f 1464/1/1464 863/1/863 862/1/862 
f 1465/1/1465 1464/1/1464 1466/1/1466 
f 1466/1/1466 1467/1/1467 1465/1/1465 
f 1467/1/1467 1466/1/1466 1468/1/1468 
f 1468/1/1468 1469/1/1469 1467/1/1467 
f 1391/1/1391 1468/1/1468 1466/1/1466 
f 1466/1/1466 862/1/862 1391/1/1391 
f 1393/1/1393 1470/1/1470 1468/1/1468 
f 1468/1/1468 1391/1/1391 1393/1/1393 
f 1469/1/1469 1468/1/1468 1470/1/1470 
f 1470/1/1470 1471/1/1471 1469/1/1469 
f 1393/1/1393 1421/1/1421 1472/1/1472 
f 1473/1/1473 1472/1/1472 1421/1/1421 
f 1421/1/1421 1423/1/1423 1473/1/1473 
f 1474/1/1474 1475/1/1475 1472/1/1472 
f 1472/1/1472 1473/1/1473 1474/1/1474 
f 1471/1/1471 1470/1/1470 1472/1/1472 
f 1472/1/1472 1475/1/1475 1471/1/1471 
f 1471/1/1471 1475/1/1475 1476/1/1476 
f 1476/1/1476 1477/1/1477 1471/1/1471 
f 1478/1/1478 1476/1/1476 1475/1/1475 
f 1475/1/1475 1474/1/1474 1478/1/1478 
f 1479/1/1479 1480/1/1480 1476/1/1476 
f 1476/1/1476 1478/1/1478 1479/1/1479 
f 1476/1/1476 1480/1/1480 1481/1/1481 
f 1482/1/1482 1477/1/1477 1481/1/1481 
f 1483/1/1483 1482/1/1482 1484/1/1484 
f 1484/1/1484 1485/1/1485 1483/1/1483 
f 1469/1/1469 1482/1/1482 1483/1/1483 
f 1483/1/1483 1467/1/1467 1469/1/1469 
f 1471/1/1471 1477/1/1477 1482/1/1482 
f 1482/1/1482 1469/1/1469 1471/1/1471 
f 1485/1/1485 1484/1/1484 1486/1/1486 
f 1486/1/1486 1487/1/1487 1485/1/1485 
f 1480/1/1480 1486/1/1486 1484/1/1484 
f 1484/1/1484 1481/1/1481 1480/1/1480 
f 1479/1/1479 1488/1/1488 1486/1/1486 
f 1486/1/1486 1480/1/1480 1479/1/1479 
f 1487/1/1487 1486/1/1486 1488/1/1488 
f 1488/1/1488 1489/1/1489 1487/1/1487 
f 1467/1/1467 1483/1/1483 1490/1/1490 
f 1490/1/1490 1465/1/1465 1467/1/1467 
f 1491/1/1491 1490/1/1490 1483/1/1483 
f 1483/1/1483 1485/1/1485 1491/1/1491 
f 1492/1/1492 1493/1/1493 1490/1/1490 
f 1490/1/1490 1491/1/1491 1492/1/1492 
f 1465/1/1465 1490/1/1490 1493/1/1493 
f 1493/1/1493 1463/1/1463 1465/1/1465 
f 1479/1/1479 1478/1/1478 1494/1/1494 
f 1494/1/1494 1495/1/1495 1479/1/1479 
f 1474/1/1474 1496/1/1496 1494/1/1494 
f 1494/1/1494 1478/1/1478 1474/1/1474 
f 1495/1/1495 1494/1/1494 1496/1/1496 
f 1496/1/1496 1497/1/1497 1495/1/1495 
f 1492/1/1492 1491/1/1491 1498/1/1498 
f 1498/1/1498 1499/1/1499 1492/1/1492 
f 1487/1/1487 1498/1/1498 1491/1/1491 
f 1491/1/1491 1485/1/1485 1487/1/1487 
f 1489/1/1489 1500/1/1500 1498/1/1498 
f 1498/1/1498 1487/1/1487 1489/1/1489 
f 1499/1/1499 1498/1/1498 1500/1/1500 
f 1500/1/1500 1501/1/1501 1499/1/1499 
f 1489/1/1489 1488/1/1488 1502/1/1502 
f 1502/1/1502 1500/1/1500 1489/1/1489 
f 1495/1/1495 1502/1/1502 1488/1/1488 
f 1488/1/1488 1479/1/1479 1495/1/1495 
f 1497/1/1497 1503/1/1503 1502/1/1502 
f 1502/1/1502 1495/1/1495 1497/1/1497 
f 1501/1/1501 1500/1/1500 1502/1/1502 
f 1502/1/1502 1503/1/1503 1501/1/1501 
f 197/1/197 196/1/196 1504/1/1504 
f 1504/1/1504 216/1/216 197/1/197 
f 1505/1/1505 1504/1/1504 196/1/196 
f 196/1/196 76/1/76 1505/1/1505 
f 1506/1/1506 1507/1/1507 1504/1/1504 
f 1504/1/1504 1505/1/1505 1506/1/1506 
f 216/1/216 1504/1/1504 1507/1/1507 
f 1507/1/1507 217/1/217 216/1/216 
f 219/1/219 218/1/218 1508/1/1508 
f 1508/1/1508 226/1/226 219/1/219 
f 1509/1/1509 1508/1/1508 218/1/218 
f 218/1/218 217/1/217 1509/1/1509 
f 1510/1/1510 1511/1/1511 1508/1/1508 
f 1508/1/1508 1509/1/1509 1510/1/1510 
f 226/1/226 1508/1/1508 1511/1/1511 
f 1511/1/1511 227/1/227 226/1/226 
f 1512/1/1512 1513/1/1513 1514/1/1514 
f 1514/1/1514 1515/1/1515 1512/1/1512 
f 233/1/233 1514/1/1514 1513/1/1513 
f 1513/1/1513 230/1/230 233/1/233 
f 227/1/227 1511/1/1511 1514/1/1514 
f 1514/1/1514 233/1/233 227/1/227 
f 1515/1/1515 1514/1/1514 1511/1/1511 
f 1511/1/1511 1510/1/1510 1515/1/1515 
f 81/1/81 1516/1/1516 1517/1/1517 
f 1517/1/1517 79/1/79 81/1/81 
f 1518/1/1518 1517/1/1517 1516/1/1516 
f 1516/1/1516 1519/1/1519 1518/1/1518 
f 1505/1/1505 1517/1/1517 1518/1/1518 
f 1518/1/1518 1506/1/1506 1505/1/1505 
f 76/1/76 79/1/79 1517/1/1517 
f 1517/1/1517 1505/1/1505 76/1/76 
f 217/1/217 1507/1/1507 1520/1/1520 
f 1520/1/1520 1509/1/1509 217/1/217 
f 1521/1/1521 1520/1/1520 1507/1/1507 
f 1507/1/1507 1506/1/1506 1521/1/1521 
f 1522/1/1522 1523/1/1523 1520/1/1520 
f 1520/1/1520 1521/1/1521 1522/1/1522 
f 1509/1/1509 1520/1/1520 1523/1/1523 
f 1523/1/1523 1510/1/1510 1509/1/1509 
f 1510/1/1510 1523/1/1523 1524/1/1524 
f 1524/1/1524 1515/1/1515 1510/1/1510 
f 1525/1/1525 1524/1/1524 1523/1/1523 
f 1523/1/1523 1522/1/1522 1525/1/1525 
f 1526/1/1526 1527/1/1527 1524/1/1524 
f 1524/1/1524 1525/1/1525 1526/1/1526 
f 1515/1/1515 1524/1/1524 1527/1/1527 
f 1527/1/1527 1512/1/1512 1515/1/1515 
f 1519/1/1519 1528/1/1528 1529/1/1529 
f 1529/1/1529 1518/1/1518 1519/1/1519 
f 1530/1/1530 1529/1/1529 1528/1/1528 
f 1528/1/1528 1531/1/1531 1530/1/1530 
f 1529/1/1529 1530/1/1530 1522/1/1522 
f 1518/1/1518 1529/1/1529 1521/1/1521 
f 1521/1/1521 1506/1/1506 1518/1/1518 
f 1519/1/1519 1516/1/1516 1532/1/1532 
f 1532/1/1532 1533/1/1533 1519/1/1519 
f 116/1/116 1532/1/1532 1516/1/1516 
f 1516/1/1516 81/1/81 116/1/116 
f 117/1/117 1534/1/1534 1532/1/1532 
f 1532/1/1532 116/1/116 117/1/117 
f 1533/1/1533 1532/1/1532 1534/1/1534 
f 1534/1/1534 1535/1/1535 1533/1/1533 
f 1526/1/1526 1525/1/1525 1536/1/1536 
f 1536/1/1536 1537/1/1537 1526/1/1526 
f 1530/1/1530 1536/1/1536 1525/1/1525 
f 1525/1/1525 1522/1/1522 1530/1/1530 
f 1531/1/1531 1538/1/1538 1536/1/1536 
f 1536/1/1536 1530/1/1530 1531/1/1531 
f 1537/1/1537 1536/1/1536 1538/1/1538 
f 1538/1/1538 1539/1/1539 1537/1/1537 
f 1540/1/1540 1541/1/1541 725/1/725 
f 725/1/725 724/1/724 1540/1/1540 
f 1542/1/1542 1541/1/1541 1540/1/1540 
f 1540/1/1540 1543/1/1543 1542/1/1542 
f 1535/1/1535 1534/1/1534 1541/1/1541 
f 1541/1/1541 1542/1/1542 1535/1/1535 
f 725/1/725 1541/1/1541 1534/1/1534 
f 1534/1/1534 117/1/117 725/1/725 
f 1531/1/1531 1528/1/1528 1544/1/1544 
f 1544/1/1544 1545/1/1545 1531/1/1531 
f 1528/1/1528 1519/1/1519 1533/1/1533 
f 1535/1/1535 1546/1/1546 1544/1/1544 
f 1544/1/1544 1533/1/1533 1535/1/1535 
f 1545/1/1545 1544/1/1544 1546/1/1546 
f 1546/1/1546 1547/1/1547 1545/1/1545 
f 1539/1/1539 1538/1/1538 1548/1/1548 
f 1548/1/1548 1549/1/1549 1539/1/1539 
f 1545/1/1545 1548/1/1548 1538/1/1538 
f 1538/1/1538 1531/1/1531 1545/1/1545 
f 1547/1/1547 1550/1/1550 1548/1/1548 
f 1548/1/1548 1545/1/1545 1547/1/1547 
f 1549/1/1549 1548/1/1548 1550/1/1550 
f 1550/1/1550 1551/1/1551 1549/1/1549 
f 730/1/730 1552/1/1552 1553/1/1553 
f 1553/1/1553 731/1/731 730/1/730 
f 1552/1/1552 1554/1/1554 1555/1/1555 
f 1555/1/1555 1553/1/1553 1552/1/1552 
f 1543/1/1543 1540/1/1540 1553/1/1553 
f 1553/1/1553 1555/1/1555 1543/1/1543 
f 731/1/731 1553/1/1553 1540/1/1540 
f 1540/1/1540 724/1/724 731/1/731 
f 1547/1/1547 1546/1/1546 1556/1/1556 
f 1556/1/1556 1557/1/1557 1547/1/1547 
f 1542/1/1542 1556/1/1556 1546/1/1546 
f 1546/1/1546 1535/1/1535 1542/1/1542 
f 1543/1/1543 1558/1/1558 1556/1/1556 
f 1556/1/1556 1542/1/1542 1543/1/1543 
f 1557/1/1557 1556/1/1556 1558/1/1558 
f 1558/1/1558 1559/1/1559 1557/1/1557 
f 1559/1/1559 1560/1/1560 1561/1/1561 
f 1561/1/1561 1557/1/1557 1559/1/1559 
f 1562/1/1562 1561/1/1561 1560/1/1560 
f 1560/1/1560 1563/1/1563 1562/1/1562 
f 1551/1/1551 1550/1/1550 1561/1/1561 
f 1561/1/1561 1562/1/1562 1551/1/1551 
f 1557/1/1557 1561/1/1561 1550/1/1550 
f 1550/1/1550 1547/1/1547 1557/1/1557 
f 1564/1/1564 1565/1/1565 1554/1/1554 
f 734/1/734 1564/1/1564 1552/1/1552 
f 1552/1/1552 730/1/730 734/1/734 
f 735/1/735 1566/1/1566 1564/1/1564 
f 1564/1/1564 734/1/734 735/1/735 
f 1565/1/1565 1564/1/1564 1566/1/1566 
f 1566/1/1566 1567/1/1567 1565/1/1565 
f 1568/1/1568 1558/1/1558 1543/1/1543 
f 1569/1/1569 1568/1/1568 1555/1/1555 
f 1555/1/1555 1554/1/1554 1569/1/1569 
f 1570/1/1570 1571/1/1571 1568/1/1568 
f 1568/1/1568 1569/1/1569 1570/1/1570 
f 1559/1/1559 1558/1/1558 1568/1/1568 
f 1568/1/1568 1571/1/1571 1559/1/1559 
f 1563/1/1563 1560/1/1560 1572/1/1572 
f 1572/1/1572 1573/1/1573 1563/1/1563 
f 1571/1/1571 1572/1/1572 1560/1/1560 
f 1560/1/1560 1559/1/1559 1571/1/1571 
f 1572/1/1572 1571/1/1571 1570/1/1570 
f 1574/1/1574 1575/1/1575 1573/1/1573 
f 1570/1/1570 1569/1/1569 1576/1/1576 
f 1576/1/1576 1577/1/1577 1570/1/1570 
f 1565/1/1565 1576/1/1576 1569/1/1569 
f 1569/1/1569 1554/1/1554 1565/1/1565 
f 1567/1/1567 1578/1/1578 1576/1/1576 
f 1576/1/1576 1565/1/1565 1567/1/1567 
f 1577/1/1577 1576/1/1576 1578/1/1578 
f 1578/1/1578 1579/1/1579 1577/1/1577 
f 1580/1/1580 1581/1/1581 1575/1/1575 
f 1577/1/1577 1580/1/1580 1574/1/1574 
f 1574/1/1574 1570/1/1570 1577/1/1577 
f 1579/1/1579 1582/1/1582 1580/1/1580 
f 1580/1/1580 1577/1/1577 1579/1/1579 
f 1581/1/1581 1580/1/1580 1582/1/1582 
f 1582/1/1582 1583/1/1583 1581/1/1581 
f 1584/1/1584 1585/1/1585 502/1/502 
f 501/1/501 492/1/492 1586/1/1586 
f 1584/1/1584 1586/1/1586 1587/1/1587 
f 1585/1/1585 1584/1/1584 1588/1/1588 
f 1588/1/1588 1589/1/1589 1585/1/1585 
f 1590/1/1590 1587/1/1587 1586/1/1586 
f 494/1/494 1591/1/1591 1586/1/1586 
f 1586/1/1586 492/1/492 494/1/494 
f 496/1/496 1592/1/1592 1591/1/1591 
f 1591/1/1591 494/1/494 496/1/496 
f 1591/1/1591 1592/1/1592 1593/1/1593 
f 1587/1/1587 1590/1/1590 1594/1/1594 
f 1594/1/1594 1595/1/1595 1587/1/1587 
f 1596/1/1596 1594/1/1594 1590/1/1590 
f 1590/1/1590 1593/1/1593 1596/1/1596 
f 1597/1/1597 1598/1/1598 1594/1/1594 
f 1594/1/1594 1596/1/1596 1597/1/1597 
f 1595/1/1595 1594/1/1594 1598/1/1598 
f 1598/1/1598 1599/1/1599 1595/1/1595 
f 496/1/496 516/1/516 1600/1/1600 
f 1600/1/1600 1592/1/1592 496/1/496 
f 1601/1/1601 1600/1/1600 516/1/516 
f 516/1/516 515/1/515 1601/1/1601 
f 1602/1/1602 1603/1/1603 1600/1/1600 
f 1600/1/1600 1601/1/1601 1602/1/1602 
f 1592/1/1592 1600/1/1600 1603/1/1603 
f 1603/1/1603 1593/1/1593 1592/1/1592 
f 1604/1/1604 1605/1/1605 1602/1/1602 
f 1602/1/1602 1601/1/1601 1604/1/1604 
f 1604/1/1604 1601/1/1601 515/1/515 
f 515/1/515 528/1/528 1604/1/1604 
f 528/1/528 527/1/527 1605/1/1605 
f 1605/1/1605 1604/1/1604 528/1/528 
f 1593/1/1593 1603/1/1603 1606/1/1606 
f 1606/1/1606 1596/1/1596 1593/1/1593 
f 1607/1/1607 1606/1/1606 1603/1/1603 
f 1603/1/1603 1602/1/1602 1607/1/1607 
f 1608/1/1608 1609/1/1609 1606/1/1606 
f 1606/1/1606 1607/1/1607 1608/1/1608 
f 1596/1/1596 1606/1/1606 1609/1/1609 
f 1609/1/1609 1597/1/1597 1596/1/1596 
f 1610/1/1610 1611/1/1611 1612/1/1612 
f 1612/1/1612 1613/1/1613 1610/1/1610 
f 1605/1/1605 1612/1/1612 1611/1/1611 
f 1611/1/1611 1602/1/1602 1605/1/1605 
f 527/1/527 533/1/533 1612/1/1612 
f 1612/1/1612 1605/1/1605 527/1/527 
f 1613/1/1613 1612/1/1612 533/1/533 
f 533/1/533 524/1/524 1613/1/1613 
f 1602/1/1602 1611/1/1611 1614/1/1614 
f 1614/1/1614 1607/1/1607 1602/1/1602 
f 1611/1/1611 1610/1/1610 1615/1/1615 
f 1616/1/1616 1617/1/1617 1614/1/1614 
f 1614/1/1614 1615/1/1615 1616/1/1616 
f 1607/1/1607 1614/1/1614 1617/1/1617 
f 1617/1/1617 1608/1/1608 1607/1/1607 
f 1610/1/1610 1613/1/1613 1618/1/1618 
f 1618/1/1618 1619/1/1619 1610/1/1610 
f 524/1/524 521/1/521 1618/1/1618 
f 1618/1/1618 1613/1/1613 524/1/524 
f 405/1/405 1620/1/1620 1618/1/1618 
f 1618/1/1618 521/1/521 405/1/405 
f 1619/1/1619 1618/1/1618 1620/1/1620 
f 1620/1/1620 1621/1/1621 1619/1/1619 
f 1622/1/1622 1623/1/1623 1624/1/1624 
f 1624/1/1624 1625/1/1625 1622/1/1622 
f 1626/1/1626 1624/1/1624 1623/1/1623 
f 1623/1/1623 1627/1/1627 1626/1/1626 
f 1628/1/1628 1629/1/1629 1624/1/1624 
f 1624/1/1624 1626/1/1626 1628/1/1628 
f 1625/1/1625 1624/1/1624 1629/1/1629 
f 1629/1/1629 1599/1/1599 1625/1/1625 
f 1630/1/1630 1631/1/1631 1632/1/1632 
f 1632/1/1632 1633/1/1633 1630/1/1630 
f 1625/1/1625 1632/1/1632 1631/1/1631 
f 1631/1/1631 1622/1/1622 1625/1/1625 
f 1599/1/1599 1598/1/1598 1632/1/1632 
f 1632/1/1632 1625/1/1625 1599/1/1599 
f 1633/1/1633 1632/1/1632 1598/1/1598 
f 1598/1/1598 1597/1/1597 1633/1/1633 
f 1634/1/1634 1635/1/1635 1636/1/1636 
f 1636/1/1636 1637/1/1637 1634/1/1634 
f 1633/1/1633 1636/1/1636 1635/1/1635 
f 1635/1/1635 1630/1/1630 1633/1/1633 
f 1597/1/1597 1609/1/1609 1636/1/1636 
f 1636/1/1636 1633/1/1633 1597/1/1597 
f 1637/1/1637 1636/1/1636 1609/1/1609 
f 1609/1/1609 1608/1/1608 1637/1/1637 
f 1638/1/1638 1639/1/1639 1640/1/1640 
f 1640/1/1640 1641/1/1641 1638/1/1638 
f 1638/1/1638 1634/1/1634 1637/1/1637 
f 1637/1/1637 1639/1/1639 1638/1/1638 
f 1608/1/1608 1617/1/1617 1639/1/1639 
f 1639/1/1639 1637/1/1637 1608/1/1608 
f 1616/1/1616 1640/1/1640 1639/1/1639 
f 1639/1/1639 1617/1/1617 1616/1/1616 
f 1642/1/1642 1643/1/1643 1623/1/1623 
f 1623/1/1623 1622/1/1622 1642/1/1642 
f 1644/1/1644 1645/1/1645 1643/1/1643 
f 1643/1/1643 1642/1/1642 1644/1/1644 
f 1646/1/1646 1643/1/1643 1645/1/1645 
f 1645/1/1645 1647/1/1647 1646/1/1646 
f 1622/1/1622 1631/1/1631 1648/1/1648 
f 1648/1/1648 1642/1/1642 1622/1/1622 
f 1648/1/1648 1631/1/1631 1630/1/1630 
f 1630/1/1630 1649/1/1649 1648/1/1648 
f 1648/1/1648 1649/1/1649 1650/1/1650 
f 1650/1/1650 1651/1/1651 1648/1/1648 
f 1642/1/1642 1648/1/1648 1651/1/1651 
f 1651/1/1651 1644/1/1644 1642/1/1642 
f 1652/1/1652 1649/1/1649 1630/1/1630 
f 1630/1/1630 1635/1/1635 1652/1/1652 
f 1652/1/1652 1635/1/1635 1634/1/1634 
f 1634/1/1634 1653/1/1653 1652/1/1652 
f 1652/1/1652 1653/1/1653 1654/1/1654 
f 1654/1/1654 1655/1/1655 1652/1/1652 
f 1652/1/1652 1655/1/1655 1650/1/1650 
f 1650/1/1650 1649/1/1649 1652/1/1652 
f 1641/1/1641 1656/1/1656 1657/1/1657 
f 1657/1/1657 1638/1/1638 1641/1/1641 
f 1657/1/1657 1656/1/1656 1658/1/1658 
f 1658/1/1658 1659/1/1659 1657/1/1657 
f 1657/1/1657 1659/1/1659 1654/1/1654 
f 1654/1/1654 1653/1/1653 1657/1/1657 
f 1653/1/1653 1634/1/1634 1638/1/1638 
f 1638/1/1638 1657/1/1657 1653/1/1653 
f 1658/1/1658 1656/1/1656 1660/1/1660 
f 1660/1/1660 1661/1/1661 1658/1/1658 
f 1662/1/1662 1660/1/1660 1656/1/1656 
f 1656/1/1656 1641/1/1641 1662/1/1662 
f 1663/1/1663 1664/1/1664 1660/1/1660 
f 1660/1/1660 1662/1/1662 1663/1/1663 
f 1661/1/1661 1660/1/1660 1664/1/1664 
f 1664/1/1664 1665/1/1665 1661/1/1661 
f 1666/1/1666 1667/1/1667 1665/1/1665 
f 1664/1/1664 1663/1/1663 1668/1/1668 
f 1666/1/1666 1668/1/1668 1669/1/1669 
f 1667/1/1667 1666/1/1666 1670/1/1670 
f 1670/1/1670 1671/1/1671 1667/1/1667 
f 1672/1/1672 1673/1/1673 1674/1/1674 
f 1674/1/1674 1675/1/1675 1672/1/1672 
f 1673/1/1673 1676/1/1676 1677/1/1677 
f 1677/1/1677 1674/1/1674 1673/1/1673 
f 1671/1/1671 1670/1/1670 1674/1/1674 
f 1674/1/1674 1677/1/1677 1671/1/1671 
f 1675/1/1675 1674/1/1674 1670/1/1670 
f 1670/1/1670 1669/1/1669 1675/1/1675 
f 1676/1/1676 1673/1/1673 1678/1/1678 
f 1678/1/1678 1679/1/1679 1676/1/1676 
f 1680/1/1680 1678/1/1678 1673/1/1673 
f 1673/1/1673 1672/1/1672 1680/1/1680 
f 1681/1/1681 1682/1/1682 1678/1/1678 
f 1678/1/1678 1680/1/1680 1681/1/1681 
f 1679/1/1679 1678/1/1678 1682/1/1682 
f 1682/1/1682 1683/1/1683 1679/1/1679 
f 1684/1/1684 1685/1/1685 1686/1/1686 
f 1683/1/1683 1682/1/1682 1684/1/1684 
f 1684/1/1684 1687/1/1687 1683/1/1683 
f 1688/1/1688 1684/1/1684 1682/1/1682 
f 1682/1/1682 1681/1/1681 1688/1/1688 
f 1689/1/1689 1685/1/1685 1684/1/1684 
f 1684/1/1684 1688/1/1688 1689/1/1689 
f 1690/1/1690 1685/1/1685 1689/1/1689 
f 1691/1/1691 1690/1/1690 1692/1/1692 
f 1692/1/1692 1693/1/1693 1691/1/1691 
f 1694/1/1694 1695/1/1695 1690/1/1690 
f 1690/1/1690 1691/1/1691 1694/1/1694 
f 1695/1/1695 1686/1/1686 1685/1/1685 
f 1696/1/1696 1697/1/1697 1691/1/1691 
f 1691/1/1691 1693/1/1693 1696/1/1696 
f 1698/1/1698 1699/1/1699 1697/1/1697 
f 1697/1/1697 1696/1/1696 1698/1/1698 
f 1700/1/1700 1697/1/1697 1699/1/1699 
f 1699/1/1699 1701/1/1701 1700/1/1700 
f 1691/1/1691 1697/1/1697 1700/1/1700 
f 1700/1/1700 1694/1/1694 1691/1/1691 
f 1701/1/1701 1699/1/1699 1702/1/1702 
f 1702/1/1702 1703/1/1703 1701/1/1701 
f 1704/1/1704 1702/1/1702 1699/1/1699 
f 1699/1/1699 1698/1/1698 1704/1/1704 
f 1705/1/1705 1706/1/1706 1702/1/1702 
f 1702/1/1702 1704/1/1704 1705/1/1705 
f 1703/1/1703 1702/1/1702 1706/1/1706 
f 1706/1/1706 1707/1/1707 1703/1/1703 
f 1708/1/1708 1709/1/1709 1706/1/1706 
f 1706/1/1706 1705/1/1705 1708/1/1708 
f 1646/1/1646 1709/1/1709 1708/1/1708 
f 1708/1/1708 1627/1/1627 1646/1/1646 
f 1647/1/1647 1710/1/1710 1709/1/1709 
f 1709/1/1709 1646/1/1646 1647/1/1647 
f 1707/1/1707 1706/1/1706 1709/1/1709 
f 1709/1/1709 1710/1/1710 1707/1/1707 
f 1711/1/1711 1712/1/1712 1713/1/1713 
f 1714/1/1714 1665/1/1665 1667/1/1667 
f 1671/1/1671 1715/1/1715 1711/1/1711 
f 1711/1/1711 1667/1/1667 1671/1/1671 
f 1715/1/1715 1716/1/1716 1712/1/1712 
f 1712/1/1712 1711/1/1711 1715/1/1715 
f 1671/1/1671 1677/1/1677 1717/1/1717 
f 1717/1/1717 1715/1/1715 1671/1/1671 
f 1718/1/1718 1717/1/1717 1677/1/1677 
f 1677/1/1677 1676/1/1676 1718/1/1718 
f 1719/1/1719 1720/1/1720 1717/1/1717 
f 1717/1/1717 1718/1/1718 1719/1/1719 
f 1715/1/1715 1717/1/1717 1720/1/1720 
f 1720/1/1720 1716/1/1716 1715/1/1715 
f 1719/1/1719 1718/1/1718 1721/1/1721 
f 1721/1/1721 1722/1/1722 1719/1/1719 
f 1679/1/1679 1721/1/1721 1718/1/1718 
f 1718/1/1718 1676/1/1676 1679/1/1679 
f 1683/1/1683 1723/1/1723 1721/1/1721 
f 1721/1/1721 1679/1/1679 1683/1/1683 
f 1721/1/1721 1723/1/1723 1724/1/1724 
f 1724/1/1724 1722/1/1722 1721/1/1721 
f 1683/1/1683 1687/1/1687 1725/1/1725 
f 1725/1/1725 1723/1/1723 1683/1/1683 
f 1726/1/1726 1725/1/1725 1687/1/1687 
f 1687/1/1687 1686/1/1686 1726/1/1726 
f 1727/1/1727 1728/1/1728 1725/1/1725 
f 1725/1/1725 1726/1/1726 1727/1/1727 
f 1723/1/1723 1725/1/1725 1728/1/1728 
f 1728/1/1728 1724/1/1724 1723/1/1723 
f 1686/1/1686 1695/1/1695 1729/1/1729 
f 1729/1/1729 1726/1/1726 1686/1/1686 
f 1730/1/1730 1729/1/1729 1695/1/1695 
f 1695/1/1695 1694/1/1694 1730/1/1730 
f 1731/1/1731 1732/1/1732 1729/1/1729 
f 1729/1/1729 1730/1/1730 1731/1/1731 
f 1726/1/1726 1729/1/1729 1732/1/1732 
f 1732/1/1732 1727/1/1727 1726/1/1726 
f 1694/1/1694 1700/1/1700 1733/1/1733 
f 1733/1/1733 1730/1/1730 1694/1/1694 
f 1734/1/1734 1733/1/1733 1700/1/1700 
f 1700/1/1700 1701/1/1701 1734/1/1734 
f 1735/1/1735 1736/1/1736 1733/1/1733 
f 1733/1/1733 1734/1/1734 1735/1/1735 
f 1730/1/1730 1733/1/1733 1736/1/1736 
f 1736/1/1736 1731/1/1731 1730/1/1730 
f 1710/1/1710 1737/1/1737 1738/1/1738 
f 1738/1/1738 1707/1/1707 1710/1/1710 
f 1739/1/1739 1737/1/1737 1710/1/1710 
f 1710/1/1710 1647/1/1647 1739/1/1739 
f 1740/1/1740 1741/1/1741 1737/1/1737 
f 1737/1/1737 1739/1/1739 1740/1/1740 
f 1742/1/1742 1738/1/1738 1737/1/1737 
f 1737/1/1737 1741/1/1741 1742/1/1742 
f 1735/1/1735 1734/1/1734 1743/1/1743 
f 1743/1/1743 1744/1/1744 1735/1/1735 
f 1703/1/1703 1743/1/1743 1734/1/1734 
f 1734/1/1734 1701/1/1701 1703/1/1703 
f 1707/1/1707 1738/1/1738 1743/1/1743 
f 1743/1/1743 1703/1/1703 1707/1/1707 
f 1744/1/1744 1743/1/1743 1738/1/1738 
f 1738/1/1738 1742/1/1742 1744/1/1744 
f 1716/1/1716 1720/1/1720 1745/1/1745 
f 1745/1/1745 1746/1/1746 1716/1/1716 
f 1747/1/1747 1745/1/1745 1720/1/1720 
f 1720/1/1720 1719/1/1719 1747/1/1747 
f 1748/1/1748 1745/1/1745 1747/1/1747 
f 1747/1/1747 1749/1/1749 1748/1/1748 
f 1745/1/1745 1748/1/1748 1750/1/1750 
f 1749/1/1749 1747/1/1747 1751/1/1751 
f 1751/1/1751 1752/1/1752 1749/1/1749 
f 1722/1/1722 1751/1/1751 1747/1/1747 
f 1747/1/1747 1719/1/1719 1722/1/1722 
f 1724/1/1724 1753/1/1753 1751/1/1751 
f 1751/1/1751 1722/1/1722 1724/1/1724 
f 1753/1/1753 1754/1/1754 1752/1/1752 
f 1724/1/1724 1728/1/1728 1755/1/1755 
f 1755/1/1755 1753/1/1753 1724/1/1724 
f 1756/1/1756 1755/1/1755 1728/1/1728 
f 1728/1/1728 1727/1/1727 1756/1/1756 
f 1757/1/1757 1758/1/1758 1755/1/1755 
f 1755/1/1755 1756/1/1756 1757/1/1757 
f 1753/1/1753 1755/1/1755 1758/1/1758 
f 1758/1/1758 1754/1/1754 1753/1/1753 
f 1727/1/1727 1732/1/1732 1759/1/1759 
f 1759/1/1759 1756/1/1756 1727/1/1727 
f 1760/1/1760 1759/1/1759 1732/1/1732 
f 1732/1/1732 1731/1/1731 1760/1/1760 
f 1761/1/1761 1762/1/1762 1759/1/1759 
f 1759/1/1759 1760/1/1760 1761/1/1761 
f 1756/1/1756 1759/1/1759 1762/1/1762 
f 1762/1/1762 1757/1/1757 1756/1/1756 
f 1731/1/1731 1736/1/1736 1763/1/1763 
f 1763/1/1763 1760/1/1760 1731/1/1731 
f 1764/1/1764 1763/1/1763 1736/1/1736 
f 1736/1/1736 1735/1/1735 1764/1/1764 
f 1765/1/1765 1766/1/1766 1763/1/1763 
f 1763/1/1763 1764/1/1764 1765/1/1765 
f 1760/1/1760 1763/1/1763 1766/1/1766 
f 1766/1/1766 1761/1/1761 1760/1/1760 
f 1765/1/1765 1764/1/1764 1767/1/1767 
f 1767/1/1767 1768/1/1768 1765/1/1765 
f 1744/1/1744 1767/1/1767 1764/1/1764 
f 1764/1/1764 1735/1/1735 1744/1/1744 
f 1742/1/1742 1769/1/1769 1767/1/1767 
f 1767/1/1767 1744/1/1744 1742/1/1742 
f 1768/1/1768 1767/1/1767 1769/1/1769 
f 1769/1/1769 1770/1/1770 1768/1/1768 
f 1771/1/1771 1644/1/1644 1651/1/1651 
f 1651/1/1651 1772/1/1772 1771/1/1771 
f 1772/1/1772 1651/1/1651 1650/1/1650 
f 1650/1/1650 1773/1/1773 1772/1/1772 
f 1772/1/1772 1773/1/1773 1774/1/1774 
f 1774/1/1774 1775/1/1775 1772/1/1772 
f 1776/1/1776 1771/1/1771 1772/1/1772 
f 1772/1/1772 1775/1/1775 1776/1/1776 
f 1777/1/1777 1778/1/1778 1779/1/1779 
f 1779/1/1779 1780/1/1780 1777/1/1777 
f 1765/1/1765 1768/1/1768 1777/1/1777 
f 1777/1/1777 1780/1/1780 1765/1/1765 
f 1777/1/1777 1768/1/1768 1770/1/1770 
f 1770/1/1770 1778/1/1778 1777/1/1777 
f 1781/1/1781 1782/1/1782 1779/1/1779 
f 1779/1/1779 1783/1/1783 1781/1/1781 
f 1754/1/1754 1758/1/1758 1781/1/1781 
f 1781/1/1781 1783/1/1783 1754/1/1754 
f 1757/1/1757 1782/1/1782 1781/1/1781 
f 1781/1/1781 1758/1/1758 1757/1/1757 
f 1784/1/1784 1785/1/1785 1774/1/1774 
f 1774/1/1774 1773/1/1773 1784/1/1784 
f 1784/1/1784 1773/1/1773 1650/1/1650 
f 1650/1/1650 1655/1/1655 1784/1/1784 
f 1784/1/1784 1655/1/1655 1654/1/1654 
f 1654/1/1654 1786/1/1786 1784/1/1784 
f 1784/1/1784 1786/1/1786 1787/1/1787 
f 1787/1/1787 1785/1/1785 1784/1/1784 
f 1788/1/1788 1789/1/1789 1790/1/1790 
f 1790/1/1790 1779/1/1779 1788/1/1788 
f 1750/1/1750 1748/1/1748 1789/1/1789 
f 1789/1/1789 1788/1/1788 1750/1/1750 
f 1749/1/1749 1790/1/1790 1789/1/1789 
f 1789/1/1789 1748/1/1748 1749/1/1749 
f 1783/1/1783 1779/1/1779 1790/1/1790 
f 1749/1/1749 1752/1/1752 1791/1/1791 
f 1791/1/1791 1790/1/1790 1749/1/1749 
f 1754/1/1754 1783/1/1783 1791/1/1791 
f 1791/1/1791 1752/1/1752 1754/1/1754 
f 1792/1/1792 1793/1/1793 1779/1/1779 
f 1779/1/1779 1782/1/1782 1792/1/1792 
f 1757/1/1757 1762/1/1762 1792/1/1792 
f 1792/1/1792 1782/1/1782 1757/1/1757 
f 1761/1/1761 1793/1/1793 1792/1/1792 
f 1792/1/1792 1762/1/1762 1761/1/1761 
f 1794/1/1794 1780/1/1780 1779/1/1779 
f 1779/1/1779 1793/1/1793 1794/1/1794 
f 1761/1/1761 1766/1/1766 1794/1/1794 
f 1794/1/1794 1793/1/1793 1761/1/1761 
f 1794/1/1794 1766/1/1766 1765/1/1765 
f 1765/1/1765 1780/1/1780 1794/1/1794 
f 1769/1/1769 1795/1/1795 1796/1/1796 
f 1796/1/1796 1770/1/1770 1769/1/1769 
f 1741/1/1741 1795/1/1795 1769/1/1769 
f 1769/1/1769 1742/1/1742 1741/1/1741 
f 1797/1/1797 1795/1/1795 1741/1/1741 
f 1741/1/1741 1740/1/1740 1797/1/1797 
f 1798/1/1798 1796/1/1796 1795/1/1795 
f 1795/1/1795 1797/1/1797 1798/1/1798 
f 1799/1/1799 1800/1/1800 1779/1/1779 
f 1779/1/1779 1778/1/1778 1799/1/1799 
f 1770/1/1770 1796/1/1796 1799/1/1799 
f 1799/1/1799 1778/1/1778 1770/1/1770 
f 1798/1/1798 1800/1/1800 1799/1/1799 
f 1799/1/1799 1796/1/1796 1798/1/1798 
f 1801/1/1801 1802/1/1802 1803/1/1803 
f 1803/1/1803 1804/1/1804 1801/1/1801 
f 1750/1/1750 1788/1/1788 1802/1/1802 
f 1802/1/1802 1801/1/1801 1750/1/1750 
f 1788/1/1788 1779/1/1779 1803/1/1803 
f 1647/1/1647 1645/1/1645 1805/1/1805 
f 1805/1/1805 1739/1/1739 1647/1/1647 
f 1771/1/1771 1805/1/1805 1645/1/1645 
f 1645/1/1645 1644/1/1644 1771/1/1771 
f 1776/1/1776 1806/1/1806 1805/1/1805 
f 1805/1/1805 1771/1/1771 1776/1/1776 
f 1739/1/1739 1805/1/1805 1806/1/1806 
f 1806/1/1806 1740/1/1740 1739/1/1739 
f 1807/1/1807 1808/1/1808 1776/1/1776 
f 1776/1/1776 1775/1/1775 1807/1/1807 
f 1807/1/1807 1775/1/1775 1774/1/1774 
f 1774/1/1774 1785/1/1785 1807/1/1807 
f 1807/1/1807 1785/1/1785 1787/1/1787 
f 1787/1/1787 1809/1/1809 1807/1/1807 
f 1807/1/1807 1809/1/1809 1810/1/1810 
f 1810/1/1810 1808/1/1808 1807/1/1807 
f 1810/1/1810 1811/1/1811 1812/1/1812 
f 1812/1/1812 1808/1/1808 1810/1/1810 
f 1797/1/1797 1812/1/1812 1811/1/1811 
f 1811/1/1811 1798/1/1798 1797/1/1797 
f 1740/1/1740 1806/1/1806 1812/1/1812 
f 1812/1/1812 1797/1/1797 1740/1/1740 
f 1808/1/1808 1812/1/1812 1806/1/1806 
f 1806/1/1806 1776/1/1776 1808/1/1808 
f 1813/1/1813 1814/1/1814 1787/1/1787 
f 1787/1/1787 1786/1/1786 1813/1/1813 
f 1813/1/1813 1786/1/1786 1654/1/1654 
f 1654/1/1654 1659/1/1659 1813/1/1813 
f 1813/1/1813 1659/1/1659 1658/1/1658 
f 1658/1/1658 1815/1/1815 1813/1/1813 
f 1814/1/1814 1813/1/1813 1815/1/1815 
f 1815/1/1815 1816/1/1816 1814/1/1814 
f 1817/1/1817 1816/1/1816 1815/1/1815 
f 1661/1/1661 1818/1/1818 1815/1/1815 
f 1815/1/1815 1658/1/1658 1661/1/1661 
f 1818/1/1818 1661/1/1661 1665/1/1665 
f 1714/1/1714 1713/1/1713 1817/1/1817 
f 1810/1/1810 1809/1/1809 1819/1/1819 
f 1819/1/1819 1820/1/1820 1810/1/1810 
f 1819/1/1819 1809/1/1809 1787/1/1787 
f 1787/1/1787 1814/1/1814 1819/1/1819 
f 1819/1/1819 1814/1/1814 1816/1/1816 
f 1816/1/1816 1821/1/1821 1819/1/1819 
f 1820/1/1820 1819/1/1819 1821/1/1821 
f 1821/1/1821 1804/1/1804 1820/1/1820 
f 1821/1/1821 1816/1/1816 1817/1/1817 
f 1817/1/1817 1822/1/1822 1821/1/1821 
f 1822/1/1822 1817/1/1817 1713/1/1713 
f 1713/1/1713 1823/1/1823 1822/1/1822 
f 1822/1/1822 1823/1/1823 1804/1/1804 
f 1804/1/1804 1821/1/1821 1822/1/1822 
f 1801/1/1801 1804/1/1804 1823/1/1823 
f 1823/1/1823 1713/1/1713 1712/1/1712 
f 1746/1/1746 1824/1/1824 1712/1/1712 
f 1712/1/1712 1716/1/1716 1746/1/1746 
f 1801/1/1801 1824/1/1824 1746/1/1746 
f 1746/1/1746 1750/1/1750 1801/1/1801 
f 1804/1/1804 1803/1/1803 1825/1/1825 
f 1825/1/1825 1820/1/1820 1804/1/1804 
f 1800/1/1800 1825/1/1825 1803/1/1803 
f 1803/1/1803 1779/1/1779 1800/1/1800 
f 1798/1/1798 1811/1/1811 1825/1/1825 
f 1825/1/1825 1800/1/1800 1798/1/1798 
f 1820/1/1820 1825/1/1825 1811/1/1811 
f 1811/1/1811 1810/1/1810 1820/1/1820 
f 1589/1/1589 1588/1/1588 1826/1/1826 
f 1826/1/1826 1827/1/1827 1589/1/1589 
f 1595/1/1595 1826/1/1826 1588/1/1588 
f 1588/1/1588 1587/1/1587 1595/1/1595 
f 1599/1/1599 1629/1/1629 1826/1/1826 
f 1826/1/1826 1595/1/1595 1599/1/1599 
f 1827/1/1827 1826/1/1826 1629/1/1629 
f 1629/1/1629 1628/1/1628 1827/1/1827 
f 1627/1/1627 1708/1/1708 1828/1/1828 
f 1828/1/1828 1626/1/1626 1627/1/1627 
f 1705/1/1705 1829/1/1829 1828/1/1828 
f 1828/1/1828 1708/1/1708 1705/1/1705 
f 1830/1/1830 1828/1/1828 1829/1/1829 
f 1829/1/1829 1831/1/1831 1830/1/1830 
f 1626/1/1626 1828/1/1828 1830/1/1830 
f 1830/1/1830 1628/1/1628 1626/1/1626 
f 1831/1/1831 1829/1/1829 1832/1/1832 
f 1832/1/1832 1833/1/1833 1831/1/1831 
f 1704/1/1704 1832/1/1832 1829/1/1829 
f 1829/1/1829 1705/1/1705 1704/1/1704 
f 1698/1/1698 1834/1/1834 1832/1/1832 
f 1832/1/1832 1704/1/1704 1698/1/1698 
f 1833/1/1833 1832/1/1832 1834/1/1834 
f 1834/1/1834 1835/1/1835 1833/1/1833 
f 1835/1/1835 1834/1/1834 1836/1/1836 
f 1836/1/1836 1837/1/1837 1835/1/1835 
f 1696/1/1696 1836/1/1836 1834/1/1834 
f 1834/1/1834 1698/1/1698 1696/1/1696 
f 1693/1/1693 1838/1/1838 1836/1/1836 
f 1836/1/1836 1696/1/1696 1693/1/1693 
f 1837/1/1837 1836/1/1836 1838/1/1838 
f 1838/1/1838 1839/1/1839 1837/1/1837 
f 1838/1/1838 1840/1/1840 1841/1/1841 
f 1841/1/1841 1839/1/1839 1838/1/1838 
f 1692/1/1692 1840/1/1840 1838/1/1838 
f 1838/1/1838 1693/1/1693 1692/1/1692 
f 1840/1/1840 1692/1/1692 1689/1/1689 
f 1841/1/1841 1840/1/1840 1842/1/1842 
f 1842/1/1842 1843/1/1843 1841/1/1841 
f 1844/1/1844 1845/1/1845 1846/1/1846 
f 1846/1/1846 1847/1/1847 1844/1/1844 
f 1848/1/1848 1845/1/1845 1844/1/1844 
f 1844/1/1844 1849/1/1849 1848/1/1848 
f 1841/1/1841 1845/1/1845 1848/1/1848 
f 1848/1/1848 1839/1/1839 1841/1/1841 
f 1846/1/1846 1845/1/1845 1841/1/1841 
f 1841/1/1841 1843/1/1843 1846/1/1846 
f 1688/1/1688 1850/1/1850 1842/1/1842 
f 1842/1/1842 1689/1/1689 1688/1/1688 
f 1850/1/1850 1688/1/1688 1681/1/1681 
f 1851/1/1851 1850/1/1850 1852/1/1852 
f 1852/1/1852 1853/1/1853 1851/1/1851 
f 1842/1/1842 1850/1/1850 1851/1/1851 
f 1851/1/1851 1843/1/1843 1842/1/1842 
f 1853/1/1853 1852/1/1852 1854/1/1854 
f 1854/1/1854 1855/1/1855 1853/1/1853 
f 1672/1/1672 1856/1/1856 1854/1/1854 
f 1854/1/1854 1680/1/1680 1672/1/1672 
f 1855/1/1855 1854/1/1854 1856/1/1856 
f 1856/1/1856 1857/1/1857 1855/1/1855 
f 1857/1/1857 1856/1/1856 1858/1/1858 
f 1858/1/1858 1859/1/1859 1857/1/1857 
f 1675/1/1675 1858/1/1858 1856/1/1856 
f 1856/1/1856 1672/1/1672 1675/1/1675 
f 1669/1/1669 1860/1/1860 1858/1/1858 
f 1858/1/1858 1675/1/1675 1669/1/1669 
f 1859/1/1859 1858/1/1858 1860/1/1860 
f 1860/1/1860 1861/1/1861 1859/1/1859 
f 1641/1/1641 1640/1/1640 1862/1/1862 
f 1862/1/1862 1662/1/1662 1641/1/1641 
f 1863/1/1863 1862/1/1862 1640/1/1640 
f 1640/1/1640 1616/1/1616 1863/1/1863 
f 1864/1/1864 1865/1/1865 1862/1/1862 
f 1862/1/1862 1863/1/1863 1864/1/1864 
f 1662/1/1662 1862/1/1862 1865/1/1865 
f 1865/1/1865 1663/1/1663 1662/1/1662 
f 1621/1/1621 1866/1/1866 1867/1/1867 
f 1867/1/1867 1619/1/1619 1621/1/1621 
f 1863/1/1863 1867/1/1867 1866/1/1866 
f 1866/1/1866 1864/1/1864 1863/1/1863 
f 1616/1/1616 1615/1/1615 1867/1/1867 
f 1867/1/1867 1863/1/1863 1616/1/1616 
f 1619/1/1619 1867/1/1867 1615/1/1615 
f 1615/1/1615 1610/1/1610 1619/1/1619 
f 1861/1/1861 1860/1/1860 1868/1/1868 
f 1868/1/1868 1869/1/1869 1861/1/1861 
f 1668/1/1668 1868/1/1868 1860/1/1860 
f 1860/1/1860 1669/1/1669 1668/1/1668 
f 1663/1/1663 1865/1/1865 1868/1/1868 
f 1868/1/1868 1668/1/1668 1663/1/1663 
f 1869/1/1869 1868/1/1868 1865/1/1865 
f 1865/1/1865 1864/1/1864 1869/1/1869 
f 400/1/400 1870/1/1870 1871/1/1871 
f 1871/1/1871 401/1/401 400/1/400 
f 1872/1/1872 1871/1/1871 1870/1/1870 
f 1870/1/1870 1873/1/1873 1872/1/1872 
f 1621/1/1621 1620/1/1620 1871/1/1871 
f 1871/1/1871 1872/1/1872 1621/1/1621 
f 401/1/401 1871/1/1871 1620/1/1620 
f 1620/1/1620 405/1/405 401/1/401 
f 1864/1/1864 1866/1/1866 1874/1/1874 
f 1874/1/1874 1875/1/1875 1864/1/1864 
f 1872/1/1872 1874/1/1874 1866/1/1866 
f 1866/1/1866 1621/1/1621 1872/1/1872 
f 1873/1/1873 1876/1/1876 1874/1/1874 
f 1874/1/1874 1872/1/1872 1873/1/1873 
f 1875/1/1875 1874/1/1874 1876/1/1876 
f 1876/1/1876 1877/1/1877 1875/1/1875 
f 1873/1/1873 1870/1/1870 1878/1/1878 
f 1878/1/1878 1879/1/1879 1873/1/1873 
f 1314/1/1314 1878/1/1878 1870/1/1870 
f 1870/1/1870 400/1/400 1314/1/1314 
f 1317/1/1317 1880/1/1880 1878/1/1878 
f 1878/1/1878 1314/1/1314 1317/1/1317 
f 1879/1/1879 1878/1/1878 1880/1/1880 
f 1880/1/1880 1881/1/1881 1879/1/1879 
f 1877/1/1877 1876/1/1876 1882/1/1882 
f 1882/1/1882 1883/1/1883 1877/1/1877 
f 1879/1/1879 1882/1/1882 1876/1/1876 
f 1876/1/1876 1873/1/1873 1879/1/1879 
f 1881/1/1881 1884/1/1884 1882/1/1882 
f 1882/1/1882 1879/1/1879 1881/1/1881 
f 1883/1/1883 1882/1/1882 1884/1/1884 
f 1884/1/1884 1885/1/1885 1883/1/1883 
f 1861/1/1861 1869/1/1869 1886/1/1886 
f 1886/1/1886 1887/1/1887 1861/1/1861 
f 1875/1/1875 1886/1/1886 1869/1/1869 
f 1869/1/1869 1864/1/1864 1875/1/1875 
f 1877/1/1877 1883/1/1883 1886/1/1886 
f 1886/1/1886 1875/1/1875 1877/1/1877 
f 1887/1/1887 1886/1/1886 1883/1/1883 
f 1883/1/1883 1885/1/1885 1887/1/1887 
f 1859/1/1859 1861/1/1861 1887/1/1887 
f 1887/1/1887 1888/1/1888 1859/1/1859 
f 1889/1/1889 1888/1/1888 1887/1/1887 
f 1887/1/1887 1885/1/1885 1889/1/1889 
f 1888/1/1888 1889/1/1889 1890/1/1890 
f 1859/1/1859 1888/1/1888 1891/1/1891 
f 1891/1/1891 1857/1/1857 1859/1/1859 
f 1892/1/1892 1893/1/1893 1894/1/1894 
f 1895/1/1895 1853/1/1853 1855/1/1855 
f 1857/1/1857 1891/1/1891 1892/1/1892 
f 1892/1/1892 1855/1/1855 1857/1/1857 
f 1891/1/1891 1890/1/1890 1893/1/1893 
f 1851/1/1851 1896/1/1896 1897/1/1897 
f 1897/1/1897 1843/1/1843 1851/1/1851 
f 1898/1/1898 1899/1/1899 1897/1/1897 
f 1897/1/1897 1900/1/1900 1898/1/1898 
f 1847/1/1847 1846/1/1846 1899/1/1899 
f 1899/1/1899 1898/1/1898 1847/1/1847 
f 1843/1/1843 1897/1/1897 1899/1/1899 
f 1899/1/1899 1846/1/1846 1843/1/1843 
f 1901/1/1901 1902/1/1902 1903/1/1903 
f 1903/1/1903 1904/1/1904 1901/1/1901 
f 1905/1/1905 1906/1/1906 1902/1/1902 
f 1902/1/1902 1901/1/1901 1905/1/1905 
f 1904/1/1904 1903/1/1903 1907/1/1907 
f 1907/1/1907 1908/1/1908 1904/1/1904 
f 1893/1/1893 1907/1/1907 1903/1/1903 
f 1903/1/1903 1894/1/1894 1893/1/1893 
f 1890/1/1890 1909/1/1909 1907/1/1907 
f 1907/1/1907 1893/1/1893 1890/1/1890 
f 1908/1/1908 1907/1/1907 1909/1/1909 
f 1909/1/1909 1910/1/1910 1908/1/1908 
f 1904/1/1904 1908/1/1908 1911/1/1911 
f 1911/1/1911 1901/1/1901 1904/1/1904 
f 1912/1/1912 1911/1/1911 1908/1/1908 
f 1908/1/1908 1910/1/1910 1912/1/1912 
f 1912/1/1912 1913/1/1913 1914/1/1914 
f 1914/1/1914 1911/1/1911 1912/1/1912 
f 1901/1/1901 1911/1/1911 1914/1/1914 
f 1914/1/1914 1905/1/1905 1901/1/1901 
f 1909/1/1909 1890/1/1890 1889/1/1889 
f 1889/1/1889 1885/1/1885 1915/1/1915 
f 1915/1/1915 1916/1/1916 1917/1/1917 
f 1910/1/1910 1909/1/1909 1918/1/1918 
f 1918/1/1918 1917/1/1917 1910/1/1910 
f 1913/1/1913 1912/1/1912 1919/1/1919 
f 1919/1/1919 1920/1/1920 1913/1/1913 
f 1921/1/1921 1919/1/1919 1912/1/1912 
f 1912/1/1912 1910/1/1910 1921/1/1921 
f 1922/1/1922 1923/1/1923 1919/1/1919 
f 1919/1/1919 1921/1/1921 1922/1/1922 
f 1920/1/1920 1919/1/1919 1923/1/1923 
f 1923/1/1923 1924/1/1924 1920/1/1920 
f 1925/1/1925 1926/1/1926 1923/1/1923 
f 1923/1/1923 1922/1/1922 1925/1/1925 
f 1926/1/1926 1925/1/1925 1927/1/1927 
f 1926/1/1926 1928/1/1928 1929/1/1929 
f 1929/1/1929 1930/1/1930 1926/1/1926 
f 1924/1/1924 1923/1/1923 1926/1/1926 
f 1926/1/1926 1930/1/1930 1924/1/1924 
f 1922/1/1922 1931/1/1931 1932/1/1932 
f 1932/1/1932 1925/1/1925 1922/1/1922 
f 1933/1/1933 1932/1/1932 1931/1/1931 
f 1931/1/1931 1934/1/1934 1933/1/1933 
f 1935/1/1935 1936/1/1936 1932/1/1932 
f 1932/1/1932 1933/1/1933 1935/1/1935 
f 1925/1/1925 1932/1/1932 1936/1/1936 
f 1936/1/1936 1927/1/1927 1925/1/1925 
f 1922/1/1922 1921/1/1921 1937/1/1937 
f 1937/1/1937 1931/1/1931 1922/1/1922 
f 1917/1/1917 1937/1/1937 1921/1/1921 
f 1921/1/1921 1910/1/1910 1917/1/1917 
f 1937/1/1937 1917/1/1917 1916/1/1916 
f 1938/1/1938 1934/1/1934 1931/1/1931 
f 1939/1/1939 1940/1/1940 1933/1/1933 
f 1933/1/1933 1934/1/1934 1939/1/1939 
f 1940/1/1940 1939/1/1939 1941/1/1941 
f 1941/1/1941 1942/1/1942 1940/1/1940 
f 1940/1/1940 1942/1/1942 1943/1/1943 
f 1943/1/1943 1944/1/1944 1940/1/1940 
f 1933/1/1933 1940/1/1940 1944/1/1944 
f 1939/1/1939 1945/1/1945 1946/1/1946 
f 1946/1/1946 1941/1/1941 1939/1/1939 
f 1947/1/1947 1945/1/1945 1939/1/1939 
f 1939/1/1939 1934/1/1934 1947/1/1947 
f 1948/1/1948 1949/1/1949 1945/1/1945 
f 1945/1/1945 1947/1/1947 1948/1/1948 
f 1946/1/1946 1945/1/1945 1949/1/1949 
f 1949/1/1949 1950/1/1950 1946/1/1946 
f 1951/1/1951 1952/1/1952 1953/1/1953 
f 1953/1/1953 1954/1/1954 1951/1/1951 
f 1952/1/1952 1332/1/1332 1347/1/1347 
f 1347/1/1347 1953/1/1953 1952/1/1952 
f 1346/1/1346 1955/1/1955 1953/1/1953 
f 1953/1/1953 1347/1/1347 1346/1/1346 
f 1954/1/1954 1953/1/1953 1955/1/1955 
f 1955/1/1955 1956/1/1956 1954/1/1954 
f 1957/1/1957 1958/1/1958 1959/1/1959 
f 1957/1/1957 1960/1/1960 1956/1/1956 
f 1961/1/1961 1962/1/1962 1957/1/1957 
f 1957/1/1957 1963/1/1963 1961/1/1961 
f 1958/1/1958 1957/1/1957 1962/1/1962 
f 1962/1/1962 1964/1/1964 1958/1/1958 
f 1951/1/1951 1954/1/1954 1965/1/1965 
f 1965/1/1965 1966/1/1966 1951/1/1951 
f 1960/1/1960 1965/1/1965 1954/1/1954 
f 1954/1/1954 1956/1/1956 1960/1/1960 
f 1965/1/1965 1960/1/1960 1959/1/1959 
f 1959/1/1959 1967/1/1967 1965/1/1965 
f 1966/1/1966 1965/1/1965 1967/1/1967 
f 1967/1/1967 1968/1/1968 1966/1/1966 
f 1951/1/1951 1966/1/1966 1969/1/1969 
f 1969/1/1969 1952/1/1952 1951/1/1951 
f 1968/1/1968 1970/1/1970 1969/1/1969 
f 1969/1/1969 1966/1/1966 1968/1/1968 
f 1333/1/1333 1969/1/1969 1970/1/1970 
f 1970/1/1970 1323/1/1323 1333/1/1333 
f 1333/1/1333 1332/1/1332 1952/1/1952 
f 1959/1/1959 1958/1/1958 1971/1/1971 
f 1971/1/1971 1967/1/1967 1959/1/1959 
f 1964/1/1964 1972/1/1972 1971/1/1971 
f 1971/1/1971 1958/1/1958 1964/1/1964 
f 1973/1/1973 1974/1/1974 1971/1/1971 
f 1971/1/1971 1972/1/1972 1973/1/1973 
f 1967/1/1967 1971/1/1971 1974/1/1974 
f 1974/1/1974 1968/1/1968 1967/1/1967 
f 1975/1/1975 1976/1/1976 1977/1/1977 
f 1977/1/1977 1978/1/1978 1975/1/1975 
f 1321/1/1321 1977/1/1977 1976/1/1976 
f 1976/1/1976 1319/1/1319 1321/1/1321 
f 1323/1/1323 1970/1/1970 1977/1/1977 
f 1977/1/1977 1321/1/1321 1323/1/1323 
f 1978/1/1978 1977/1/1977 1970/1/1970 
f 1970/1/1970 1968/1/1968 1978/1/1978 
f 1979/1/1979 1980/1/1980 1981/1/1981 
f 1981/1/1981 1982/1/1982 1979/1/1979 
f 1964/1/1964 1962/1/1962 1980/1/1980 
f 1980/1/1980 1979/1/1979 1964/1/1964 
f 1983/1/1983 1980/1/1980 1962/1/1962 
f 1962/1/1962 1961/1/1961 1983/1/1983 
f 1981/1/1981 1980/1/1980 1983/1/1983 
f 1983/1/1983 1984/1/1984 1981/1/1981 
f 1985/1/1985 1986/1/1986 1987/1/1987 
f 1987/1/1987 1988/1/1988 1985/1/1985 
f 1978/1/1978 1987/1/1987 1986/1/1986 
f 1986/1/1986 1975/1/1975 1978/1/1978 
f 1968/1/1968 1974/1/1974 1987/1/1987 
f 1987/1/1987 1978/1/1978 1968/1/1968 
f 1988/1/1988 1987/1/1987 1974/1/1974 
f 1974/1/1974 1973/1/1973 1988/1/1988 
f 1973/1/1973 1972/1/1972 1989/1/1989 
f 1989/1/1989 1988/1/1988 1973/1/1973 
f 1979/1/1979 1989/1/1989 1972/1/1972 
f 1972/1/1972 1964/1/1964 1979/1/1979 
f 1982/1/1982 1990/1/1990 1989/1/1989 
f 1989/1/1989 1979/1/1979 1982/1/1982 
f 1988/1/1988 1989/1/1989 1990/1/1990 
f 1990/1/1990 1985/1/1985 1988/1/1988 
f 1991/1/1991 1992/1/1992 1993/1/1993 
f 1993/1/1993 1994/1/1994 1991/1/1991 
f 1981/1/1981 1993/1/1993 1992/1/1992 
f 1992/1/1992 1982/1/1982 1981/1/1981 
f 1984/1/1984 1995/1/1995 1993/1/1993 
f 1993/1/1993 1981/1/1981 1984/1/1984 
f 1994/1/1994 1993/1/1993 1995/1/1995 
f 1995/1/1995 1996/1/1996 1994/1/1994 
f 1997/1/1997 1998/1/1998 1999/1/1999 
f 1999/1/1999 2000/1/2000 1997/1/1997 
f 1998/1/1998 1317/1/1317 1316/1/1316 
f 1319/1/1319 1976/1/1976 1999/1/1999 
f 1999/1/1999 1316/1/1316 1319/1/1319 
f 2000/1/2000 1999/1/1999 1976/1/1976 
f 1976/1/1976 1975/1/1975 2000/1/2000 
f 1996/1/1996 2001/1/2001 2002/1/2002 
f 2002/1/2002 1994/1/1994 1996/1/1996 
f 1949/1/1949 2002/1/2002 2001/1/2001 
f 2001/1/2001 1950/1/1950 1949/1/1949 
f 1949/1/1949 1948/1/1948 2003/1/2003 
f 2003/1/2003 2002/1/2002 1949/1/1949 
f 1994/1/1994 2002/1/2002 2003/1/2003 
f 2003/1/2003 1991/1/1991 1994/1/1994 
f 2004/1/2004 2005/1/2005 1916/1/1916 
f 1885/1/1885 1884/1/1884 2004/1/2004 
f 2004/1/2004 1915/1/1915 1885/1/1885 
f 2006/1/2006 2004/1/2004 1884/1/1884 
f 1884/1/1884 1881/1/1881 2006/1/2006 
f 2005/1/2005 2004/1/2004 2006/1/2006 
f 2006/1/2006 2007/1/2007 2005/1/2005 
f 2008/1/2008 2009/1/2009 2010/1/2010 
f 2010/1/2010 2011/1/2011 2008/1/2008 
f 2000/1/2000 2010/1/2010 2009/1/2009 
f 2009/1/2009 1997/1/1997 2000/1/2000 
f 1975/1/1975 1986/1/1986 2010/1/2010 
f 2010/1/2010 2000/1/2000 1975/1/1975 
f 2011/1/2011 2010/1/2010 1986/1/1986 
f 1986/1/1986 1985/1/1985 2011/1/2011 
f 1880/1/1880 1317/1/1317 1998/1/1998 
f 1998/1/1998 1997/1/1997 2012/1/2012 
f 2013/1/2013 2012/1/2012 2007/1/2007 
f 1881/1/1881 1880/1/1880 2013/1/2013 
f 2013/1/2013 2006/1/2006 1881/1/1881 
f 2012/1/2012 2014/1/2014 2015/1/2015 
f 2015/1/2015 2007/1/2007 2012/1/2012 
f 1997/1/1997 2009/1/2009 2014/1/2014 
f 2014/1/2014 2012/1/2012 1997/1/1997 
f 2008/1/2008 2015/1/2015 2014/1/2014 
f 2014/1/2014 2009/1/2009 2008/1/2008 
f 2016/1/2016 1947/1/1947 1934/1/1934 
f 2005/1/2005 2016/1/2016 1938/1/1938 
f 1938/1/1938 1916/1/1916 2005/1/2005 
f 2007/1/2007 2017/1/2017 2016/1/2016 
f 2016/1/2016 2005/1/2005 2007/1/2007 
f 1947/1/1947 2016/1/2016 2017/1/2017 
f 2017/1/2017 1948/1/1948 1947/1/1947 
f 2018/1/2018 2019/1/2019 2015/1/2015 
f 2015/1/2015 2008/1/2008 2018/1/2018 
f 2003/1/2003 2019/1/2019 2018/1/2018 
f 2018/1/2018 1991/1/1991 2003/1/2003 
f 1948/1/1948 2017/1/2017 2019/1/2019 
f 2019/1/2019 2003/1/2003 1948/1/1948 
f 2017/1/2017 2007/1/2007 2015/1/2015 
f 2015/1/2015 2019/1/2019 2017/1/2017 
f 1985/1/1985 1990/1/1990 2020/1/2020 
f 2020/1/2020 2011/1/2011 1985/1/1985 
f 1992/1/1992 2020/1/2020 1990/1/1990 
f 1990/1/1990 1982/1/1982 1992/1/1992 
f 1991/1/1991 2018/1/2018 2020/1/2020 
f 2020/1/2020 1992/1/1992 1991/1/1991 
f 2011/1/2011 2020/1/2020 2018/1/2018 
f 2018/1/2018 2008/1/2008 2011/1/2011 
f 641/1/641 640/1/640 2021/1/2021 
f 2021/1/2021 2022/1/2022 641/1/641 
f 1585/1/1585 2021/1/2021 640/1/640 
f 640/1/640 502/1/502 1585/1/1585 
f 2021/1/2021 1585/1/1585 1589/1/1589 
f 2022/1/2022 2021/1/2021 2023/1/2023 
f 2023/1/2023 2024/1/2024 2022/1/2022 
f 645/1/645 644/1/644 2025/1/2025 
f 2025/1/2025 2026/1/2026 645/1/645 
f 2022/1/2022 2025/1/2025 644/1/644 
f 644/1/644 641/1/641 2022/1/2022 
f 2024/1/2024 2027/1/2027 2025/1/2025 
f 2025/1/2025 2022/1/2022 2024/1/2024 
f 2026/1/2026 2025/1/2025 2027/1/2027 
f 2027/1/2027 2028/1/2028 2026/1/2026 
f 2029/1/2029 1589/1/1589 1827/1/1827 
f 1628/1/1628 1830/1/1830 2030/1/2030 
f 2030/1/2030 1827/1/1827 1628/1/1628 
f 1831/1/1831 2031/1/2031 2030/1/2030 
f 2030/1/2030 1830/1/1830 1831/1/1831 
f 2029/1/2029 2030/1/2030 2031/1/2031 
f 2031/1/2031 2032/1/2032 2029/1/2029 
f 2032/1/2032 2031/1/2031 2033/1/2033 
f 2033/1/2033 2034/1/2034 2032/1/2032 
f 1833/1/1833 2033/1/2033 2031/1/2031 
f 2031/1/2031 1831/1/1831 1833/1/1833 
f 1835/1/1835 2035/1/2035 2033/1/2033 
f 2033/1/2033 1833/1/1833 1835/1/1835 
f 2034/1/2034 2033/1/2033 2035/1/2035 
f 2035/1/2035 2036/1/2036 2034/1/2034 
f 2036/1/2036 2035/1/2035 2037/1/2037 
f 2037/1/2037 2038/1/2038 2036/1/2036 
f 1837/1/1837 2037/1/2037 2035/1/2035 
f 2035/1/2035 1835/1/1835 1837/1/1837 
f 1839/1/1839 2039/1/2039 2037/1/2037 
f 2037/1/2037 1837/1/1837 1839/1/1839 
f 2038/1/2038 2037/1/2037 2039/1/2039 
f 2039/1/2039 2040/1/2040 2038/1/2038 
f 2039/1/2039 2041/1/2041 2042/1/2042 
f 2042/1/2042 2040/1/2040 2039/1/2039 
f 1848/1/1848 2041/1/2041 2039/1/2039 
f 2039/1/2039 1839/1/1839 1848/1/1848 
f 1849/1/1849 2042/1/2042 2041/1/2041 
f 2041/1/2041 1848/1/1848 1849/1/1849 
f 2024/1/2024 2023/1/2023 2043/1/2043 
f 2043/1/2043 2044/1/2044 2024/1/2024 
f 2029/1/2029 2043/1/2043 2023/1/2023 
f 2023/1/2023 1589/1/1589 2029/1/2029 
f 2043/1/2043 2029/1/2029 2032/1/2032 
f 2045/1/2045 2046/1/2046 2044/1/2044 
f 2027/1/2027 2047/1/2047 2048/1/2048 
f 2048/1/2048 2028/1/2028 2027/1/2027 
f 2044/1/2044 2047/1/2047 2027/1/2027 
f 2027/1/2027 2024/1/2024 2044/1/2044 
f 2047/1/2047 2044/1/2044 2046/1/2046 
f 2048/1/2048 2047/1/2047 2049/1/2049 
f 2049/1/2049 2050/1/2050 2048/1/2048 
f 2051/1/2051 2052/1/2052 2046/1/2046 
f 2034/1/2034 2051/1/2051 2045/1/2045 
f 2045/1/2045 2032/1/2032 2034/1/2034 
f 2036/1/2036 2053/1/2053 2051/1/2051 
f 2051/1/2051 2034/1/2034 2036/1/2036 
f 2054/1/2054 2052/1/2052 2051/1/2051 
f 2051/1/2051 2053/1/2053 2054/1/2054 
f 2055/1/2055 2056/1/2056 2057/1/2057 
f 2057/1/2057 2058/1/2058 2055/1/2055 
f 2053/1/2053 2057/1/2057 2056/1/2056 
f 2056/1/2056 2054/1/2054 2053/1/2053 
f 2057/1/2057 2053/1/2053 2036/1/2036 
f 2058/1/2058 2057/1/2057 2038/1/2038 
f 2038/1/2038 2040/1/2040 2058/1/2058 
f 2028/1/2028 2048/1/2048 2059/1/2059 
f 2059/1/2059 2026/1/2026 2028/1/2028 
f 2060/1/2060 2059/1/2059 2048/1/2048 
f 2048/1/2048 2050/1/2050 2060/1/2060 
f 2061/1/2061 2062/1/2062 2059/1/2059 
f 2059/1/2059 2060/1/2060 2061/1/2061 
f 2026/1/2026 2059/1/2059 2062/1/2062 
f 2062/1/2062 645/1/645 2026/1/2026 
f 645/1/645 2062/1/2062 2063/1/2063 
f 2063/1/2063 649/1/649 645/1/645 
f 2064/1/2064 2063/1/2063 2062/1/2062 
f 2062/1/2062 2061/1/2061 2064/1/2064 
f 2065/1/2065 2066/1/2066 2063/1/2063 
f 2063/1/2063 2064/1/2064 2065/1/2065 
f 649/1/649 2063/1/2063 2066/1/2066 
f 2066/1/2066 646/1/646 649/1/649 
f 650/1/650 653/1/653 2067/1/2067 
f 2067/1/2067 2068/1/2068 650/1/650 
f 2067/1/2067 653/1/653 646/1/646 
f 2065/1/2065 2069/1/2069 2067/1/2067 
f 2067/1/2067 2066/1/2066 2065/1/2065 
f 2068/1/2068 2067/1/2067 2069/1/2069 
f 2069/1/2069 2070/1/2070 2068/1/2068 
f 665/1/665 664/1/664 2071/1/2071 
f 2071/1/2071 2072/1/2072 665/1/665 
f 2073/1/2073 2071/1/2071 664/1/664 
f 664/1/664 659/1/659 2073/1/2073 
f 2074/1/2074 2075/1/2075 2071/1/2071 
f 2071/1/2071 2073/1/2073 2074/1/2074 
f 2072/1/2072 2071/1/2071 2075/1/2075 
f 2075/1/2075 2076/1/2076 2072/1/2072 
f 668/1/668 667/1/667 2077/1/2077 
f 2077/1/2077 2078/1/2078 668/1/668 
f 2072/1/2072 2077/1/2077 667/1/667 
f 667/1/667 665/1/665 2072/1/2072 
f 2076/1/2076 2079/1/2079 2077/1/2077 
f 2077/1/2077 2072/1/2072 2076/1/2076 
f 2078/1/2078 2077/1/2077 2079/1/2079 
f 2079/1/2079 2080/1/2080 2078/1/2078 
f 2081/1/2081 2082/1/2082 2083/1/2083 
f 2083/1/2083 2084/1/2084 2081/1/2081 
f 2083/1/2083 2080/1/2080 2079/1/2079 
f 2085/1/2085 2084/1/2084 2079/1/2079 
f 2079/1/2079 2076/1/2076 2085/1/2085 
f 2086/1/2086 2081/1/2081 2084/1/2084 
f 2084/1/2084 2085/1/2085 2086/1/2086 
f 668/1/668 2078/1/2078 2087/1/2087 
f 2087/1/2087 671/1/671 668/1/668 
f 2078/1/2078 2080/1/2080 2088/1/2088 
f 2089/1/2089 2090/1/2090 2087/1/2087 
f 2087/1/2087 2088/1/2088 2089/1/2089 
f 671/1/671 2087/1/2087 2090/1/2090 
f 2090/1/2090 672/1/672 671/1/671 
f 2088/1/2088 2091/1/2091 2092/1/2092 
f 2092/1/2092 2089/1/2089 2088/1/2088 
f 2080/1/2080 2083/1/2083 2091/1/2091 
f 2091/1/2091 2088/1/2088 2080/1/2080 
f 2083/1/2083 2082/1/2082 2093/1/2093 
f 2093/1/2093 2091/1/2091 2083/1/2083 
f 2094/1/2094 2092/1/2092 2091/1/2091 
f 2091/1/2091 2093/1/2093 2094/1/2094 
f 672/1/672 2090/1/2090 2095/1/2095 
f 2095/1/2095 675/1/675 672/1/672 
f 2096/1/2096 2095/1/2095 2090/1/2090 
f 2090/1/2090 2089/1/2089 2096/1/2096 
f 2097/1/2097 2098/1/2098 2095/1/2095 
f 2095/1/2095 2096/1/2096 2097/1/2097 
f 675/1/675 2095/1/2095 2098/1/2098 
f 2098/1/2098 676/1/676 675/1/675 
f 2089/1/2089 2092/1/2092 2099/1/2099 
f 2099/1/2099 2096/1/2096 2089/1/2089 
f 2100/1/2100 2099/1/2099 2092/1/2092 
f 2092/1/2092 2094/1/2094 2100/1/2100 
f 2101/1/2101 2102/1/2102 2099/1/2099 
f 2099/1/2099 2100/1/2100 2101/1/2101 
f 2096/1/2096 2099/1/2099 2102/1/2102 
f 2102/1/2102 2097/1/2097 2096/1/2096 
f 2103/1/2103 679/1/679 676/1/676 
f 2104/1/2104 2103/1/2103 2098/1/2098 
f 2098/1/2098 2097/1/2097 2104/1/2104 
f 2105/1/2105 2106/1/2106 2103/1/2103 
f 2103/1/2103 2104/1/2104 2105/1/2105 
f 2106/1/2106 680/1/680 679/1/679 
f 657/1/657 656/1/656 2107/1/2107 
f 2107/1/2107 2108/1/2108 657/1/657 
f 2068/1/2068 2107/1/2107 656/1/656 
f 656/1/656 650/1/650 2068/1/2068 
f 2070/1/2070 2109/1/2109 2107/1/2107 
f 2107/1/2107 2068/1/2068 2070/1/2070 
f 2108/1/2108 2107/1/2107 2109/1/2109 
f 2109/1/2109 2110/1/2110 2108/1/2108 
f 659/1/659 658/1/658 2111/1/2111 
f 2111/1/2111 2073/1/2073 659/1/659 
f 2108/1/2108 2111/1/2111 658/1/658 
f 658/1/658 657/1/657 2108/1/2108 
f 2110/1/2110 2112/1/2112 2111/1/2111 
f 2111/1/2111 2108/1/2108 2110/1/2110 
f 2073/1/2073 2111/1/2111 2112/1/2112 
f 2112/1/2112 2074/1/2074 2073/1/2073 
f 2076/1/2076 2075/1/2075 2113/1/2113 
f 2113/1/2113 2085/1/2085 2076/1/2076 
f 2114/1/2114 2113/1/2113 2075/1/2075 
f 2075/1/2075 2074/1/2074 2114/1/2114 
f 2115/1/2115 2116/1/2116 2113/1/2113 
f 2113/1/2113 2114/1/2114 2115/1/2115 
f 2085/1/2085 2113/1/2113 2116/1/2116 
f 2116/1/2116 2086/1/2086 2085/1/2085 
f 2117/1/2117 2118/1/2118 2119/1/2119 
f 2119/1/2119 2120/1/2120 2117/1/2117 
f 2121/1/2121 2119/1/2119 2118/1/2118 
f 2118/1/2118 2122/1/2122 2121/1/2121 
f 2070/1/2070 2069/1/2069 2119/1/2119 
f 2119/1/2119 2121/1/2121 2070/1/2070 
f 2120/1/2120 2119/1/2119 2069/1/2069 
f 2069/1/2069 2065/1/2065 2120/1/2120 
f 2110/1/2110 2109/1/2109 2123/1/2123 
f 2123/1/2123 2124/1/2124 2110/1/2110 
f 2121/1/2121 2123/1/2123 2109/1/2109 
f 2109/1/2109 2070/1/2070 2121/1/2121 
f 2122/1/2122 2125/1/2125 2123/1/2123 
f 2123/1/2123 2121/1/2121 2122/1/2122 
f 2124/1/2124 2123/1/2123 2125/1/2125 
f 2125/1/2125 2126/1/2126 2124/1/2124 
f 2074/1/2074 2112/1/2112 2127/1/2127 
f 2127/1/2127 2114/1/2114 2074/1/2074 
f 2124/1/2124 2127/1/2127 2112/1/2112 
f 2112/1/2112 2110/1/2110 2124/1/2124 
f 2126/1/2126 2128/1/2128 2127/1/2127 
f 2127/1/2127 2124/1/2124 2126/1/2126 
f 2114/1/2114 2127/1/2127 2128/1/2128 
f 2128/1/2128 2115/1/2115 2114/1/2114 
f 2061/1/2061 2060/1/2060 2129/1/2129 
f 2129/1/2129 2130/1/2130 2061/1/2061 
f 2131/1/2131 2129/1/2129 2060/1/2060 
f 2060/1/2060 2050/1/2050 2131/1/2131 
f 2132/1/2132 2133/1/2133 2129/1/2129 
f 2129/1/2129 2131/1/2131 2132/1/2132 
f 2130/1/2130 2129/1/2129 2133/1/2133 
f 2133/1/2133 2134/1/2134 2130/1/2130 
f 2050/1/2050 2049/1/2049 2135/1/2135 
f 2135/1/2135 2131/1/2131 2050/1/2050 
f 2052/1/2052 2135/1/2135 2049/1/2049 
f 2049/1/2049 2046/1/2046 2052/1/2052 
f 2136/1/2136 2135/1/2135 2052/1/2052 
f 2052/1/2052 2054/1/2054 2136/1/2136 
f 2131/1/2131 2135/1/2135 2136/1/2136 
f 2136/1/2136 2132/1/2132 2131/1/2131 
f 2054/1/2054 2056/1/2056 2137/1/2137 
f 2137/1/2137 2136/1/2136 2054/1/2054 
f 2138/1/2138 2137/1/2137 2056/1/2056 
f 2056/1/2056 2055/1/2055 2138/1/2138 
f 2139/1/2139 2140/1/2140 2137/1/2137 
f 2137/1/2137 2138/1/2138 2139/1/2139 
f 2136/1/2136 2137/1/2137 2140/1/2140 
f 2140/1/2140 2132/1/2132 2136/1/2136 
f 2132/1/2132 2140/1/2140 2141/1/2141 
f 2141/1/2141 2133/1/2133 2132/1/2132 
f 2139/1/2139 2142/1/2142 2141/1/2141 
f 2141/1/2141 2140/1/2140 2139/1/2139 
f 2133/1/2133 2141/1/2141 2142/1/2142 
f 2142/1/2142 2134/1/2134 2133/1/2133 
f 2064/1/2064 2061/1/2061 2130/1/2130 
f 2130/1/2130 2143/1/2143 2064/1/2064 
f 2144/1/2144 2143/1/2143 2130/1/2130 
f 2130/1/2130 2134/1/2134 2144/1/2144 
f 2144/1/2144 2117/1/2117 2120/1/2120 
f 2120/1/2120 2143/1/2143 2144/1/2144 
f 2064/1/2064 2143/1/2143 2120/1/2120 
f 2120/1/2120 2065/1/2065 2064/1/2064 
f 2145/1/2145 2146/1/2146 2147/1/2147 
f 2147/1/2147 2148/1/2148 2145/1/2145 
f 894/1/894 2147/1/2147 2146/1/2146 
f 2146/1/2146 880/1/880 894/1/894 
f 898/1/898 2149/1/2149 2147/1/2147 
f 2147/1/2147 894/1/894 898/1/898 
f 2148/1/2148 2147/1/2147 2149/1/2149 
f 2149/1/2149 2150/1/2150 2148/1/2148 
f 908/1/908 2151/1/2151 2149/1/2149 
f 2149/1/2149 898/1/898 908/1/908 
f 2152/1/2152 2151/1/2151 908/1/908 
f 908/1/908 912/1/912 2152/1/2152 
f 2153/1/2153 2154/1/2154 2151/1/2151 
f 2151/1/2151 2152/1/2152 2153/1/2153 
f 2151/1/2151 2154/1/2154 2150/1/2150 
f 2150/1/2150 2149/1/2149 2151/1/2151 
f 912/1/912 920/1/920 2155/1/2155 
f 2155/1/2155 2152/1/2152 912/1/912 
f 2156/1/2156 2155/1/2155 920/1/920 
f 920/1/920 924/1/924 2156/1/2156 
f 2157/1/2157 2158/1/2158 2155/1/2155 
f 2155/1/2155 2156/1/2156 2157/1/2157 
f 2152/1/2152 2155/1/2155 2158/1/2158 
f 2158/1/2158 2153/1/2153 2152/1/2152 
f 924/1/924 941/1/941 2159/1/2159 
f 2159/1/2159 2156/1/2156 924/1/924 
f 916/1/916 2160/1/2160 2159/1/2159 
f 2159/1/2159 941/1/941 916/1/916 
f 2161/1/2161 2159/1/2159 2160/1/2160 
f 2160/1/2160 2162/1/2162 2161/1/2161 
f 2156/1/2156 2159/1/2159 2161/1/2161 
f 2161/1/2161 2157/1/2157 2156/1/2156 
f 2163/1/2163 2164/1/2164 2165/1/2165 
f 2165/1/2165 2166/1/2166 2163/1/2163 
f 879/1/879 2165/1/2165 2164/1/2164 
f 2164/1/2164 881/1/881 879/1/879 
f 880/1/880 2146/1/2146 2165/1/2165 
f 2165/1/2165 879/1/879 880/1/880 
f 2166/1/2166 2165/1/2165 2146/1/2146 
f 2146/1/2146 2145/1/2145 2166/1/2166 
f 2167/1/2167 2163/1/2163 2166/1/2166 
f 2168/1/2168 2166/1/2166 2145/1/2145 
f 2169/1/2169 2168/1/2168 2170/1/2170 
f 2170/1/2170 2171/1/2171 2169/1/2169 
f 2167/1/2167 2168/1/2168 2169/1/2169 
f 2169/1/2169 2172/1/2172 2167/1/2167 
f 2171/1/2171 2170/1/2170 2173/1/2173 
f 2173/1/2173 2174/1/2174 2171/1/2171 
f 2148/1/2148 2173/1/2173 2170/1/2170 
f 2170/1/2170 2145/1/2145 2148/1/2148 
f 2150/1/2150 2175/1/2175 2173/1/2173 
f 2173/1/2173 2148/1/2148 2150/1/2150 
f 2174/1/2174 2173/1/2173 2175/1/2175 
f 2175/1/2175 2176/1/2176 2174/1/2174 
f 2177/1/2177 2178/1/2178 2179/1/2179 
f 2179/1/2179 2180/1/2180 2177/1/2177 
f 2179/1/2179 2178/1/2178 2176/1/2176 
f 2176/1/2176 2175/1/2175 2179/1/2179 
f 2154/1/2154 2179/1/2179 2175/1/2175 
f 2175/1/2175 2150/1/2150 2154/1/2154 
f 2180/1/2180 2179/1/2179 2154/1/2154 
f 2154/1/2154 2153/1/2153 2180/1/2180 
f 2181/1/2181 2182/1/2182 2183/1/2183 
f 2183/1/2183 2184/1/2184 2181/1/2181 
f 2180/1/2180 2183/1/2183 2182/1/2182 
f 2182/1/2182 2177/1/2177 2180/1/2180 
f 2153/1/2153 2158/1/2158 2183/1/2183 
f 2183/1/2183 2180/1/2180 2153/1/2153 
f 2184/1/2184 2183/1/2183 2158/1/2158 
f 2158/1/2158 2157/1/2157 2184/1/2184 
f 2185/1/2185 2186/1/2186 2187/1/2187 
f 2187/1/2187 2188/1/2188 2185/1/2185 
f 2184/1/2184 2186/1/2186 2185/1/2185 
f 2185/1/2185 2181/1/2181 2184/1/2184 
f 2157/1/2157 2161/1/2161 2186/1/2186 
f 2186/1/2186 2184/1/2184 2157/1/2157 
f 2162/1/2162 2187/1/2187 2186/1/2186 
f 2186/1/2186 2161/1/2161 2162/1/2162 
f 2172/1/2172 2169/1/2169 2189/1/2189 
f 2189/1/2189 2190/1/2190 2172/1/2172 
f 2174/1/2174 2189/1/2189 2169/1/2169 
f 2169/1/2169 2171/1/2171 2174/1/2174 
f 2176/1/2176 2191/1/2191 2189/1/2189 
f 2189/1/2189 2174/1/2174 2176/1/2176 
f 2190/1/2190 2189/1/2189 2191/1/2191 
f 2191/1/2191 2192/1/2192 2190/1/2190 
f 2193/1/2193 2194/1/2194 2195/1/2195 
f 2195/1/2195 2196/1/2196 2193/1/2193 
f 2191/1/2191 2195/1/2195 2194/1/2194 
f 2194/1/2194 2192/1/2192 2191/1/2191 
f 2176/1/2176 2178/1/2178 2195/1/2195 
f 2195/1/2195 2191/1/2191 2176/1/2176 
f 2196/1/2196 2195/1/2195 2178/1/2178 
f 2178/1/2178 2177/1/2177 2196/1/2196 
f 2197/1/2197 2198/1/2198 2199/1/2199 
f 2199/1/2199 2200/1/2200 2197/1/2197 
f 2194/1/2194 2199/1/2199 2198/1/2198 
f 2198/1/2198 2192/1/2192 2194/1/2194 
f 2194/1/2194 2193/1/2193 2200/1/2200 
f 2200/1/2200 2199/1/2199 2194/1/2194 
f 2201/1/2201 2202/1/2202 2203/1/2203 
f 2203/1/2203 2204/1/2204 2201/1/2201 
f 2196/1/2196 2203/1/2203 2202/1/2202 
f 2202/1/2202 2193/1/2193 2196/1/2196 
f 2177/1/2177 2182/1/2182 2203/1/2203 
f 2203/1/2203 2196/1/2196 2177/1/2177 
f 2204/1/2204 2203/1/2203 2182/1/2182 
f 2182/1/2182 2181/1/2181 2204/1/2204 
f 2205/1/2205 2206/1/2206 2207/1/2207 
f 2207/1/2207 2208/1/2208 2205/1/2205 
f 2200/1/2200 2207/1/2207 2206/1/2206 
f 2206/1/2206 2197/1/2197 2200/1/2200 
f 2193/1/2193 2202/1/2202 2207/1/2207 
f 2207/1/2207 2200/1/2200 2193/1/2193 
f 2208/1/2208 2207/1/2207 2202/1/2202 
f 2202/1/2202 2201/1/2201 2208/1/2208 
f 2204/1/2204 2209/1/2209 2210/1/2210 
f 2210/1/2210 2201/1/2201 2204/1/2204 
f 2181/1/2181 2185/1/2185 2209/1/2209 
f 2209/1/2209 2204/1/2204 2181/1/2181 
f 2188/1/2188 2211/1/2211 2209/1/2209 
f 2209/1/2209 2185/1/2185 2188/1/2188 
f 2210/1/2210 2209/1/2209 2211/1/2211 
f 2211/1/2211 2212/1/2212 2210/1/2210 
f 2213/1/2213 2214/1/2214 2215/1/2215 
f 2215/1/2215 2216/1/2216 2213/1/2213 
f 2208/1/2208 2214/1/2214 2213/1/2213 
f 2213/1/2213 2205/1/2205 2208/1/2208 
f 2201/1/2201 2210/1/2210 2214/1/2214 
f 2214/1/2214 2208/1/2208 2201/1/2201 
f 2212/1/2212 2215/1/2215 2214/1/2214 
f 2214/1/2214 2210/1/2210 2212/1/2212 
f 2216/1/2216 2215/1/2215 2217/1/2217 
f 2217/1/2217 2218/1/2218 2216/1/2216 
f 2219/1/2219 2217/1/2217 2215/1/2215 
f 2215/1/2215 2212/1/2212 2219/1/2219 
f 2220/1/2220 2221/1/2221 2217/1/2217 
f 2217/1/2217 2219/1/2219 2220/1/2220 
f 2218/1/2218 2217/1/2217 2221/1/2221 
f 2221/1/2221 2222/1/2222 2218/1/2218 
f 2223/1/2223 2224/1/2224 2211/1/2211 
f 2211/1/2211 2188/1/2188 2223/1/2223 
f 2225/1/2225 2224/1/2224 2223/1/2223 
f 2223/1/2223 2226/1/2226 2225/1/2225 
f 2220/1/2220 2219/1/2219 2224/1/2224 
f 2224/1/2224 2225/1/2225 2220/1/2220 
f 2212/1/2212 2211/1/2211 2224/1/2224 
f 2224/1/2224 2219/1/2219 2212/1/2212 
f 2222/1/2222 2221/1/2221 2227/1/2227 
f 2227/1/2227 2228/1/2228 2222/1/2222 
f 2225/1/2225 2227/1/2227 2221/1/2221 
f 2221/1/2221 2220/1/2220 2225/1/2225 
f 2226/1/2226 2229/1/2229 2227/1/2227 
f 2227/1/2227 2225/1/2225 2226/1/2226 
f 2228/1/2228 2227/1/2227 2229/1/2229 
f 2229/1/2229 2230/1/2230 2228/1/2228 
f 2226/1/2226 2223/1/2223 2231/1/2231 
f 2231/1/2231 2232/1/2232 2226/1/2226 
f 2187/1/2187 2231/1/2231 2223/1/2223 
f 2223/1/2223 2188/1/2188 2187/1/2187 
f 2233/1/2233 2231/1/2231 2187/1/2187 
f 2187/1/2187 2162/1/2162 2233/1/2233 
f 2232/1/2232 2231/1/2231 2233/1/2233 
f 2233/1/2233 2234/1/2234 2232/1/2232 
f 2162/1/2162 2160/1/2160 2235/1/2235 
f 2235/1/2235 2233/1/2233 2162/1/2162 
f 915/1/915 2235/1/2235 2160/1/2160 
f 2160/1/2160 916/1/916 915/1/915 
f 802/1/802 2236/1/2236 2235/1/2235 
f 2235/1/2235 915/1/915 802/1/802 
f 2233/1/2233 2235/1/2235 2236/1/2236 
f 2236/1/2236 2234/1/2234 2233/1/2233 
f 2230/1/2230 2229/1/2229 2237/1/2237 
f 2237/1/2237 2238/1/2238 2230/1/2230 
f 2232/1/2232 2237/1/2237 2229/1/2229 
f 2229/1/2229 2226/1/2226 2232/1/2232 
f 2234/1/2234 2239/1/2239 2237/1/2237 
f 2237/1/2237 2232/1/2232 2234/1/2234 
f 2238/1/2238 2237/1/2237 2239/1/2239 
f 2239/1/2239 2240/1/2240 2238/1/2238 
f 802/1/802 801/1/801 2241/1/2241 
f 2241/1/2241 2236/1/2236 802/1/802 
f 2242/1/2242 2241/1/2241 801/1/801 
f 801/1/801 689/1/689 2242/1/2242 
f 2243/1/2243 2244/1/2244 2241/1/2241 
f 2241/1/2241 2242/1/2242 2243/1/2243 
f 2236/1/2236 2241/1/2241 2244/1/2244 
f 2244/1/2244 2234/1/2234 2236/1/2236 
f 2245/1/2245 2246/1/2246 2247/1/2247 
f 2247/1/2247 2248/1/2248 2245/1/2245 
f 2246/1/2246 2240/1/2240 2239/1/2239 
f 2239/1/2239 2247/1/2247 2246/1/2246 
f 2244/1/2244 2247/1/2247 2239/1/2239 
f 2239/1/2239 2234/1/2234 2244/1/2244 
f 2248/1/2248 2247/1/2247 2244/1/2244 
f 2244/1/2244 2243/1/2243 2248/1/2248 
f 689/1/689 686/1/686 2249/1/2249 
f 2249/1/2249 2242/1/2242 689/1/689 
f 2250/1/2250 2249/1/2249 686/1/686 
f 686/1/686 685/1/685 2250/1/2250 
f 2251/1/2251 2252/1/2252 2249/1/2249 
f 2249/1/2249 2250/1/2250 2251/1/2251 
f 2242/1/2242 2249/1/2249 2252/1/2252 
f 2252/1/2252 2243/1/2243 2242/1/2242 
f 685/1/685 691/1/691 2253/1/2253 
f 2253/1/2253 2250/1/2250 685/1/685 
f 2106/1/2106 2253/1/2253 691/1/691 
f 691/1/691 680/1/680 2106/1/2106 
f 2105/1/2105 2254/1/2254 2253/1/2253 
f 2253/1/2253 2106/1/2106 2105/1/2105 
f 2250/1/2250 2253/1/2253 2254/1/2254 
f 2254/1/2254 2251/1/2251 2250/1/2250 
f 2243/1/2243 2252/1/2252 2255/1/2255 
f 2255/1/2255 2248/1/2248 2243/1/2243 
f 2256/1/2256 2255/1/2255 2252/1/2252 
f 2252/1/2252 2251/1/2251 2256/1/2256 
f 2257/1/2257 2258/1/2258 2255/1/2255 
f 2255/1/2255 2256/1/2256 2257/1/2257 
f 2248/1/2248 2255/1/2255 2258/1/2258 
f 2258/1/2258 2245/1/2245 2248/1/2248 
f 2097/1/2097 2102/1/2102 2259/1/2259 
f 2259/1/2259 2104/1/2104 2097/1/2097 
f 2260/1/2260 2259/1/2259 2102/1/2102 
f 2102/1/2102 2101/1/2101 2260/1/2260 
f 2260/1/2260 2261/1/2261 2262/1/2262 
f 2262/1/2262 2259/1/2259 2260/1/2260 
f 2104/1/2104 2259/1/2259 2262/1/2262 
f 2262/1/2262 2105/1/2105 2104/1/2104 
f 2251/1/2251 2254/1/2254 2263/1/2263 
f 2263/1/2263 2256/1/2256 2251/1/2251 
f 2262/1/2262 2263/1/2263 2254/1/2254 
f 2254/1/2254 2105/1/2105 2262/1/2262 
f 2261/1/2261 2264/1/2264 2263/1/2263 
f 2263/1/2263 2262/1/2262 2261/1/2261 
f 2256/1/2256 2263/1/2263 2264/1/2264 
f 2264/1/2264 2257/1/2257 2256/1/2256 
f 710/1/710 709/1/709 2265/1/2265 
f 2265/1/2265 2266/1/2266 710/1/710 
f 764/1/764 2265/1/2265 709/1/709 
f 709/1/709 703/1/703 764/1/764 
f 765/1/765 1438/1/1438 2265/1/2265 
f 2265/1/2265 764/1/764 765/1/765 
f 1438/1/1438 1441/1/1441 2266/1/2266 
f 735/1/735 732/1/732 2267/1/2267 
f 2267/1/2267 2268/1/2268 735/1/735 
f 732/1/732 711/1/711 708/1/708 
f 2267/1/2267 708/1/708 710/1/710 
f 2268/1/2268 2267/1/2267 2269/1/2269 
f 2269/1/2269 2270/1/2270 2268/1/2268 
f 1567/1/1567 1566/1/1566 2271/1/2271 
f 2271/1/2271 2272/1/2272 1567/1/1567 
f 2268/1/2268 2271/1/2271 1566/1/1566 
f 1566/1/1566 735/1/735 2268/1/2268 
f 2270/1/2270 2273/1/2273 2271/1/2271 
f 2271/1/2271 2268/1/2268 2270/1/2270 
f 2272/1/2272 2271/1/2271 2273/1/2273 
f 2273/1/2273 2274/1/2274 2272/1/2272 
f 1579/1/1579 1578/1/1578 2275/1/2275 
f 2275/1/2275 2276/1/2276 1579/1/1579 
f 2272/1/2272 2275/1/2275 1578/1/1578 
f 1578/1/1578 1567/1/1567 2272/1/2272 
f 2274/1/2274 2277/1/2277 2275/1/2275 
f 2275/1/2275 2272/1/2272 2274/1/2274 
f 2276/1/2276 2275/1/2275 2277/1/2277 
f 2277/1/2277 2278/1/2278 2276/1/2276 
f 1583/1/1583 1582/1/1582 2279/1/2279 
f 2279/1/2279 2280/1/2280 1583/1/1583 
f 2276/1/2276 2279/1/2279 1582/1/1582 
f 1582/1/1582 1579/1/1579 2276/1/2276 
f 2278/1/2278 2281/1/2281 2279/1/2279 
f 2279/1/2279 2276/1/2276 2278/1/2278 
f 2280/1/2280 2279/1/2279 2281/1/2281 
f 2281/1/2281 2282/1/2282 2280/1/2280 
f 2283/1/2283 2284/1/2284 2285/1/2285 
f 2286/1/2286 1441/1/1441 1440/1/1440 
f 2283/1/2283 1440/1/1440 1426/1/1426 
f 1443/1/1443 1442/1/1442 2284/1/2284 
f 1442/1/1442 1447/1/1447 2287/1/2287 
f 2287/1/2287 2284/1/2284 1442/1/1442 
f 1447/1/1447 1446/1/1446 2288/1/2288 
f 2288/1/2288 2287/1/2287 1447/1/1447 
f 2289/1/2289 2290/1/2290 2287/1/2287 
f 2287/1/2287 2288/1/2288 2289/1/2289 
f 2284/1/2284 2287/1/2287 2290/1/2290 
f 2290/1/2290 2285/1/2285 2284/1/2284 
f 2291/1/2291 2292/1/2292 2270/1/2270 
f 2269/1/2269 710/1/710 2266/1/2266 
f 2291/1/2291 2266/1/2266 1441/1/1441 
f 2293/1/2293 2294/1/2294 2292/1/2292 
f 2292/1/2292 2295/1/2295 2273/1/2273 
f 2273/1/2273 2270/1/2270 2292/1/2292 
f 2296/1/2296 2295/1/2295 2292/1/2292 
f 2292/1/2292 2294/1/2294 2296/1/2296 
f 2297/1/2297 2298/1/2298 2295/1/2295 
f 2295/1/2295 2296/1/2296 2297/1/2297 
f 2274/1/2274 2273/1/2273 2295/1/2295 
f 2295/1/2295 2298/1/2298 2274/1/2274 
f 2298/1/2298 2299/1/2299 2277/1/2277 
f 2277/1/2277 2274/1/2274 2298/1/2298 
f 2300/1/2300 2299/1/2299 2298/1/2298 
f 2298/1/2298 2297/1/2297 2300/1/2300 
f 2301/1/2301 2299/1/2299 2300/1/2300 
f 2300/1/2300 2302/1/2302 2301/1/2301 
f 2278/1/2278 2277/1/2277 2299/1/2299 
f 2299/1/2299 2301/1/2301 2278/1/2278 
f 2282/1/2282 2281/1/2281 2303/1/2303 
f 2303/1/2303 2304/1/2304 2282/1/2282 
f 2301/1/2301 2303/1/2303 2281/1/2281 
f 2281/1/2281 2278/1/2278 2301/1/2301 
f 2302/1/2302 2305/1/2305 2303/1/2303 
f 2303/1/2303 2301/1/2301 2302/1/2302 
f 2306/1/2306 2304/1/2304 2303/1/2303 
f 2303/1/2303 2305/1/2305 2306/1/2306 
f 2307/1/2307 2308/1/2308 2309/1/2309 
f 2309/1/2309 2310/1/2310 2307/1/2307 
f 2311/1/2311 2309/1/2309 2308/1/2308 
f 2308/1/2308 2312/1/2312 2311/1/2311 
f 2306/1/2306 2313/1/2313 2309/1/2309 
f 2309/1/2309 2311/1/2311 2306/1/2306 
f 2310/1/2310 2309/1/2309 2313/1/2313 
f 2313/1/2313 2314/1/2314 2310/1/2310 
f 2314/1/2314 2313/1/2313 2315/1/2315 
f 2315/1/2315 2316/1/2316 2314/1/2314 
f 2305/1/2305 2315/1/2315 2313/1/2313 
f 2313/1/2313 2306/1/2306 2305/1/2305 
f 2305/1/2305 2302/1/2302 2317/1/2317 
f 2317/1/2317 2315/1/2315 2305/1/2305 
f 2316/1/2316 2315/1/2315 2317/1/2317 
f 2317/1/2317 2318/1/2318 2316/1/2316 
f 2297/1/2297 2319/1/2319 2320/1/2320 
f 2320/1/2320 2300/1/2300 2297/1/2297 
f 2321/1/2321 2320/1/2320 2319/1/2319 
f 2319/1/2319 2322/1/2322 2321/1/2321 
f 2318/1/2318 2317/1/2317 2320/1/2320 
f 2320/1/2320 2321/1/2321 2318/1/2318 
f 2300/1/2300 2320/1/2320 2317/1/2317 
f 2317/1/2317 2302/1/2302 2300/1/2300 
f 1453/1/1453 1451/1/1451 2323/1/2323 
f 2323/1/2323 2324/1/2324 1453/1/1453 
f 1430/1/1430 2323/1/2323 1451/1/1451 
f 1451/1/1451 1431/1/1431 1430/1/1430 
f 798/1/798 2325/1/2325 2323/1/2323 
f 2323/1/2323 1430/1/1430 798/1/798 
f 2324/1/2324 2323/1/2323 2325/1/2325 
f 2325/1/2325 2326/1/2326 2324/1/2324 
f 2289/1/2289 2288/1/2288 2327/1/2327 
f 2327/1/2327 2328/1/2328 2289/1/2289 
f 1452/1/1452 2327/1/2327 2288/1/2288 
f 2288/1/2288 1446/1/1446 1452/1/1452 
f 1453/1/1453 2324/1/2324 2327/1/2327 
f 2327/1/2327 1452/1/1452 1453/1/1453 
f 2328/1/2328 2327/1/2327 2324/1/2324 
f 2324/1/2324 2326/1/2326 2328/1/2328 
f 2329/1/2329 2330/1/2330 2326/1/2326 
f 796/1/796 2329/1/2329 2325/1/2325 
f 2325/1/2325 798/1/798 796/1/796 
f 796/1/796 797/1/797 1455/1/1455 
f 1455/1/1455 2329/1/2329 796/1/796 
f 2329/1/2329 1455/1/1455 1459/1/1459 
f 2331/1/2331 2332/1/2332 2285/1/2285 
f 2328/1/2328 2331/1/2331 2290/1/2290 
f 2290/1/2290 2289/1/2289 2328/1/2328 
f 2331/1/2331 2328/1/2328 2326/1/2326 
f 2333/1/2333 2334/1/2334 2332/1/2332 
f 2335/1/2335 2336/1/2336 2294/1/2294 
f 2293/1/2293 1441/1/1441 2286/1/2286 
f 2335/1/2335 2286/1/2286 2285/1/2285 
f 2332/1/2332 2334/1/2334 2336/1/2336 
f 2322/1/2322 2319/1/2319 2337/1/2337 
f 2337/1/2337 2338/1/2338 2322/1/2322 
f 2296/1/2296 2337/1/2337 2319/1/2319 
f 2319/1/2319 2297/1/2297 2296/1/2296 
f 2294/1/2294 2336/1/2336 2337/1/2337 
f 2337/1/2337 2296/1/2296 2294/1/2294 
f 2336/1/2336 2334/1/2334 2338/1/2338 
f 2334/1/2334 2333/1/2333 2339/1/2339 
f 2339/1/2339 2340/1/2340 2334/1/2334 
f 2333/1/2333 2326/1/2326 2330/1/2330 
f 2339/1/2339 2330/1/2330 1459/1/1459 
f 2340/1/2340 2339/1/2339 2341/1/2341 
f 2341/1/2341 2342/1/2342 2340/1/2340 
f 2343/1/2343 2344/1/2344 2345/1/2345 
f 2345/1/2345 2346/1/2346 2343/1/2343 
f 2343/1/2343 1457/1/1457 1461/1/1461 
f 2344/1/2344 1461/1/1461 1463/1/1463 
f 2345/1/2345 2344/1/2344 1493/1/1493 
f 1493/1/1493 1492/1/1492 2345/1/2345 
f 2347/1/2347 2341/1/2341 1459/1/1459 
f 1458/1/1458 1457/1/1457 2343/1/2343 
f 2346/1/2346 2348/1/2348 2347/1/2347 
f 2347/1/2347 2343/1/2343 2346/1/2346 
f 2341/1/2341 2347/1/2347 2348/1/2348 
f 2348/1/2348 2342/1/2342 2341/1/2341 
f 2349/1/2349 2350/1/2350 2346/1/2346 
f 1499/1/1499 2349/1/2349 2345/1/2345 
f 2345/1/2345 1492/1/1492 1499/1/1499 
f 1501/1/1501 2351/1/2351 2349/1/2349 
f 2349/1/2349 1499/1/1499 1501/1/1501 
f 2350/1/2350 2349/1/2349 2351/1/2351 
f 2351/1/2351 2352/1/2352 2350/1/2350 
f 2352/1/2352 2351/1/2351 2353/1/2353 
f 2353/1/2353 2354/1/2354 2352/1/2352 
f 1503/1/1503 2353/1/2353 2351/1/2351 
f 2351/1/2351 1501/1/1501 1503/1/1503 
f 1503/1/1503 1497/1/1497 2355/1/2355 
f 2355/1/2355 2353/1/2353 1503/1/1503 
f 2354/1/2354 2353/1/2353 2355/1/2355 
f 2355/1/2355 2356/1/2356 2354/1/2354 
f 1497/1/1497 1496/1/1496 2357/1/2357 
f 2357/1/2357 2355/1/2355 1497/1/1497 
f 1473/1/1473 2357/1/2357 1496/1/1496 
f 1496/1/1496 1474/1/1474 1473/1/1473 
f 1423/1/1423 2358/1/2358 2357/1/2357 
f 2357/1/2357 1473/1/1473 1423/1/1423 
f 2355/1/2355 2357/1/2357 2358/1/2358 
f 2358/1/2358 2356/1/2356 2355/1/2355 
f 1422/1/1422 2359/1/2359 2358/1/2358 
f 2358/1/2358 1423/1/1423 1422/1/1422 
f 2360/1/2360 2359/1/2359 1422/1/1422 
f 1422/1/1422 1419/1/1419 2360/1/2360 
f 2361/1/2361 2359/1/2359 2360/1/2360 
f 2360/1/2360 2362/1/2362 2361/1/2361 
f 2356/1/2356 2358/1/2358 2359/1/2359 
f 2359/1/2359 2361/1/2361 2356/1/2356 
f 1419/1/1419 1418/1/1418 2363/1/2363 
f 2363/1/2363 2360/1/2360 1419/1/1419 
f 2364/1/2364 2363/1/2363 1418/1/1418 
f 1418/1/1418 1415/1/1415 2364/1/2364 
f 2365/1/2365 2366/1/2366 2363/1/2363 
f 2363/1/2363 2364/1/2364 2365/1/2365 
f 2366/1/2366 2362/1/2362 2360/1/2360 
f 2360/1/2360 2363/1/2363 2366/1/2366 
f 1415/1/1415 1414/1/1414 2367/1/2367 
f 2367/1/2367 2364/1/2364 1415/1/1415 
f 1414/1/1414 1411/1/1411 2368/1/2368 
f 2369/1/2369 2370/1/2370 2367/1/2367 
f 2367/1/2367 2368/1/2368 2369/1/2369 
f 2364/1/2364 2367/1/2367 2370/1/2370 
f 2370/1/2370 2365/1/2365 2364/1/2364 
f 2368/1/2368 2371/1/2371 2372/1/2372 
f 2372/1/2372 2369/1/2369 2368/1/2368 
f 1411/1/1411 1409/1/1409 2371/1/2371 
f 2371/1/2371 2368/1/2368 1411/1/1411 
f 1406/1/1406 2373/1/2373 2371/1/2371 
f 2371/1/2371 1409/1/1409 1406/1/1406 
f 2372/1/2372 2371/1/2371 2373/1/2373 
f 2373/1/2373 2374/1/2374 2372/1/2372 
f 2374/1/2374 2373/1/2373 2375/1/2375 
f 2375/1/2375 2376/1/2376 2374/1/2374 
f 1405/1/1405 2375/1/2375 2373/1/2373 
f 2373/1/2373 1406/1/1406 1405/1/1405 
f 1402/1/1402 2377/1/2377 2375/1/2375 
f 2375/1/2375 1405/1/1405 1402/1/1402 
f 2376/1/2376 2375/1/2375 2377/1/2377 
f 2377/1/2377 2378/1/2378 2376/1/2376 
f 2378/1/2378 2377/1/2377 2379/1/2379 
f 2379/1/2379 2380/1/2380 2378/1/2378 
f 1401/1/1401 2379/1/2379 2377/1/2377 
f 2377/1/2377 1402/1/1402 1401/1/1401 
f 2379/1/2379 1401/1/1401 1398/1/1398 
f 2381/1/2381 2382/1/2382 2380/1/2380 
f 2383/1/2383 2384/1/2384 2385/1/2385 
f 2385/1/2385 2386/1/2386 2383/1/2383 
f 2384/1/2384 2334/1/2334 2340/1/2340 
f 2342/1/2342 2386/1/2386 2385/1/2385 
f 2385/1/2385 2340/1/2340 2342/1/2342 
f 2387/1/2387 2388/1/2388 2389/1/2389 
f 2389/1/2389 2390/1/2390 2387/1/2387 
f 2338/1/2338 2389/1/2389 2388/1/2388 
f 2388/1/2388 2322/1/2322 2338/1/2338 
f 2334/1/2334 2384/1/2384 2389/1/2389 
f 2389/1/2389 2338/1/2338 2334/1/2334 
f 2390/1/2390 2389/1/2389 2384/1/2384 
f 2384/1/2384 2383/1/2383 2390/1/2390 
f 2391/1/2391 2392/1/2392 2393/1/2393 
f 2393/1/2393 2394/1/2394 2391/1/2391 
f 2321/1/2321 2393/1/2393 2392/1/2392 
f 2392/1/2392 2318/1/2318 2321/1/2321 
f 2322/1/2322 2388/1/2388 2393/1/2393 
f 2393/1/2393 2321/1/2321 2322/1/2322 
f 2394/1/2394 2393/1/2393 2388/1/2388 
f 2388/1/2388 2387/1/2387 2394/1/2394 
f 2395/1/2395 2396/1/2396 2397/1/2397 
f 2397/1/2397 2398/1/2398 2395/1/2395 
f 2316/1/2316 2397/1/2397 2396/1/2396 
f 2396/1/2396 2314/1/2314 2316/1/2316 
f 2318/1/2318 2392/1/2392 2397/1/2397 
f 2397/1/2397 2316/1/2316 2318/1/2318 
f 2398/1/2398 2397/1/2397 2392/1/2392 
f 2392/1/2392 2391/1/2391 2398/1/2398 
f 2310/1/2310 2399/1/2399 2400/1/2400 
f 2400/1/2400 2307/1/2307 2310/1/2310 
f 2314/1/2314 2396/1/2396 2399/1/2399 
f 2399/1/2399 2310/1/2310 2314/1/2314 
f 2401/1/2401 2399/1/2399 2396/1/2396 
f 2396/1/2396 2395/1/2395 2401/1/2401 
f 2402/1/2402 2400/1/2400 2399/1/2399 
f 2399/1/2399 2401/1/2401 2402/1/2402 
f 2342/1/2342 2348/1/2348 2403/1/2403 
f 2403/1/2403 2386/1/2386 2342/1/2342 
f 2348/1/2348 2346/1/2346 2404/1/2404 
f 2404/1/2404 2405/1/2405 2406/1/2406 
f 2406/1/2406 2383/1/2383 2386/1/2386 
f 2407/1/2407 2408/1/2408 2405/1/2405 
f 2404/1/2404 2346/1/2346 2350/1/2350 
f 2352/1/2352 2409/1/2409 2407/1/2407 
f 2407/1/2407 2350/1/2350 2352/1/2352 
f 2408/1/2408 2407/1/2407 2409/1/2409 
f 2409/1/2409 2410/1/2410 2408/1/2408 
f 2410/1/2410 2409/1/2409 2411/1/2411 
f 2411/1/2411 2412/1/2412 2410/1/2410 
f 2354/1/2354 2411/1/2411 2409/1/2409 
f 2409/1/2409 2352/1/2352 2354/1/2354 
f 2356/1/2356 2413/1/2413 2411/1/2411 
f 2411/1/2411 2354/1/2354 2356/1/2356 
f 2412/1/2412 2411/1/2411 2413/1/2413 
f 2413/1/2413 2414/1/2414 2412/1/2412 
f 2414/1/2414 2413/1/2413 2415/1/2415 
f 2415/1/2415 2416/1/2416 2414/1/2414 
f 2361/1/2361 2415/1/2415 2413/1/2413 
f 2413/1/2413 2356/1/2356 2361/1/2361 
f 2362/1/2362 2417/1/2417 2415/1/2415 
f 2415/1/2415 2361/1/2361 2362/1/2362 
f 2416/1/2416 2415/1/2415 2417/1/2417 
f 2417/1/2417 2418/1/2418 2416/1/2416 
f 2418/1/2418 2417/1/2417 2419/1/2419 
f 2419/1/2419 2420/1/2420 2418/1/2418 
f 2366/1/2366 2419/1/2419 2417/1/2417 
f 2417/1/2417 2362/1/2362 2366/1/2366 
f 2421/1/2421 2419/1/2419 2366/1/2366 
f 2366/1/2366 2365/1/2365 2421/1/2421 
f 2421/1/2421 2422/1/2422 2420/1/2420 
f 2420/1/2420 2419/1/2419 2421/1/2421 
f 2423/1/2423 2424/1/2424 2425/1/2425 
f 2425/1/2425 2426/1/2426 2423/1/2423 
f 2421/1/2421 2425/1/2425 2424/1/2424 
f 2424/1/2424 2422/1/2422 2421/1/2421 
f 2365/1/2365 2370/1/2370 2425/1/2425 
f 2425/1/2425 2421/1/2421 2365/1/2365 
f 2426/1/2426 2425/1/2425 2370/1/2370 
f 2370/1/2370 2369/1/2369 2426/1/2426 
f 2427/1/2427 2428/1/2428 2429/1/2429 
f 2429/1/2429 2430/1/2430 2427/1/2427 
f 2426/1/2426 2429/1/2429 2428/1/2428 
f 2428/1/2428 2423/1/2423 2426/1/2426 
f 2369/1/2369 2372/1/2372 2429/1/2429 
f 2429/1/2429 2426/1/2426 2369/1/2369 
f 2430/1/2430 2429/1/2429 2372/1/2372 
f 2372/1/2372 2374/1/2374 2430/1/2430 
f 2431/1/2431 2432/1/2432 2433/1/2433 
f 2433/1/2433 2434/1/2434 2431/1/2431 
f 2430/1/2430 2433/1/2433 2432/1/2432 
f 2432/1/2432 2427/1/2427 2430/1/2430 
f 2374/1/2374 2376/1/2376 2433/1/2433 
f 2433/1/2433 2430/1/2430 2374/1/2374 
f 2434/1/2434 2433/1/2433 2376/1/2376 
f 2376/1/2376 2378/1/2378 2434/1/2434 
f 2435/1/2435 2436/1/2436 2437/1/2437 
f 2437/1/2437 2438/1/2438 2435/1/2435 
f 2434/1/2434 2437/1/2437 2436/1/2436 
f 2436/1/2436 2431/1/2431 2434/1/2434 
f 2378/1/2378 2380/1/2380 2437/1/2437 
f 2437/1/2437 2434/1/2434 2378/1/2378 
f 2438/1/2438 2437/1/2437 2380/1/2380 
f 2380/1/2380 2382/1/2382 2438/1/2438 
f 2439/1/2439 2440/1/2440 2441/1/2441 
f 2441/1/2441 2442/1/2442 2439/1/2439 
f 2431/1/2431 2436/1/2436 2440/1/2440 
f 2440/1/2440 2439/1/2439 2431/1/2431 
f 2435/1/2435 2443/1/2443 2440/1/2440 
f 2440/1/2440 2436/1/2436 2435/1/2435 
f 2441/1/2441 2440/1/2440 2443/1/2443 
f 2443/1/2443 2444/1/2444 2441/1/2441 
f 2445/1/2445 2446/1/2446 2447/1/2447 
f 2447/1/2447 2448/1/2448 2445/1/2445 
f 2428/1/2428 2447/1/2447 2446/1/2446 
f 2446/1/2446 2423/1/2423 2428/1/2428 
f 2449/1/2449 2447/1/2447 2428/1/2428 
f 2428/1/2428 2427/1/2427 2449/1/2449 
f 2448/1/2448 2447/1/2447 2449/1/2449 
f 2449/1/2449 2450/1/2450 2448/1/2448 
f 2427/1/2427 2432/1/2432 2451/1/2451 
f 2451/1/2451 2449/1/2449 2427/1/2427 
f 2439/1/2439 2451/1/2451 2432/1/2432 
f 2432/1/2432 2431/1/2431 2439/1/2439 
f 2442/1/2442 2452/1/2452 2451/1/2451 
f 2451/1/2451 2439/1/2439 2442/1/2442 
f 2449/1/2449 2451/1/2451 2452/1/2452 
f 2452/1/2452 2450/1/2450 2449/1/2449 
f 2453/1/2453 2454/1/2454 2455/1/2455 
f 2455/1/2455 2456/1/2456 2453/1/2453 
f 2424/1/2424 2455/1/2455 2454/1/2454 
f 2454/1/2454 2422/1/2422 2424/1/2424 
f 2423/1/2423 2446/1/2446 2455/1/2455 
f 2455/1/2455 2424/1/2424 2423/1/2423 
f 2456/1/2456 2455/1/2455 2446/1/2446 
f 2446/1/2446 2445/1/2445 2456/1/2456 
f 2445/1/2445 2448/1/2448 2457/1/2457 
f 2457/1/2457 2456/1/2456 2445/1/2445 
f 2458/1/2458 2457/1/2457 2448/1/2448 
f 2448/1/2448 2450/1/2450 2458/1/2458 
f 2459/1/2459 2460/1/2460 2457/1/2457 
f 2457/1/2457 2458/1/2458 2459/1/2459 
f 2456/1/2456 2457/1/2457 2460/1/2460 
f 2460/1/2460 2453/1/2453 2456/1/2456 
f 2461/1/2461 2462/1/2462 2463/1/2463 
f 2463/1/2463 2464/1/2464 2461/1/2461 
f 2420/1/2420 2463/1/2463 2462/1/2462 
f 2462/1/2462 2418/1/2418 2420/1/2420 
f 2422/1/2422 2454/1/2454 2463/1/2463 
f 2463/1/2463 2420/1/2420 2422/1/2422 
f 2464/1/2464 2463/1/2463 2454/1/2454 
f 2454/1/2454 2453/1/2453 2464/1/2464 
f 2453/1/2453 2460/1/2460 2465/1/2465 
f 2465/1/2465 2464/1/2464 2453/1/2453 
f 2466/1/2466 2465/1/2465 2460/1/2460 
f 2460/1/2460 2459/1/2459 2466/1/2466 
f 2466/1/2466 2467/1/2467 2468/1/2468 
f 2468/1/2468 2465/1/2465 2466/1/2466 
f 2464/1/2464 2465/1/2465 2468/1/2468 
f 2468/1/2468 2461/1/2461 2464/1/2464 
f 2469/1/2469 2470/1/2470 2471/1/2471 
f 2471/1/2471 2472/1/2472 2469/1/2469 
f 2416/1/2416 2471/1/2471 2470/1/2470 
f 2470/1/2470 2414/1/2414 2416/1/2416 
f 2418/1/2418 2462/1/2462 2471/1/2471 
f 2471/1/2471 2416/1/2416 2418/1/2418 
f 2472/1/2472 2471/1/2471 2462/1/2462 
f 2462/1/2462 2461/1/2461 2472/1/2472 
f 2469/1/2469 2472/1/2472 2473/1/2473 
f 2473/1/2473 2474/1/2474 2469/1/2469 
f 2468/1/2468 2473/1/2473 2472/1/2472 
f 2472/1/2472 2461/1/2461 2468/1/2468 
f 2467/1/2467 2475/1/2475 2473/1/2473 
f 2473/1/2473 2468/1/2468 2467/1/2467 
f 2474/1/2474 2473/1/2473 2475/1/2475 
f 2475/1/2475 2476/1/2476 2474/1/2474 
f 2414/1/2414 2470/1/2470 2477/1/2477 
f 2477/1/2477 2412/1/2412 2414/1/2414 
f 2478/1/2478 2477/1/2477 2470/1/2470 
f 2470/1/2470 2469/1/2469 2478/1/2478 
f 2479/1/2479 2480/1/2480 2477/1/2477 
f 2477/1/2477 2478/1/2478 2479/1/2479 
f 2412/1/2412 2477/1/2477 2480/1/2480 
f 2480/1/2480 2410/1/2410 2412/1/2412 
f 2479/1/2479 2478/1/2478 2481/1/2481 
f 2481/1/2481 2482/1/2482 2479/1/2479 
f 2474/1/2474 2481/1/2481 2478/1/2478 
f 2478/1/2478 2469/1/2469 2474/1/2474 
f 2476/1/2476 2483/1/2483 2481/1/2481 
f 2481/1/2481 2474/1/2474 2476/1/2476 
f 2482/1/2482 2481/1/2481 2483/1/2483 
f 2483/1/2483 2484/1/2484 2482/1/2482 
f 2485/1/2485 2486/1/2486 2487/1/2487 
f 2408/1/2408 2485/1/2485 2488/1/2488 
f 2488/1/2488 2405/1/2405 2408/1/2408 
f 2410/1/2410 2480/1/2480 2485/1/2485 
f 2485/1/2485 2408/1/2408 2410/1/2410 
f 2480/1/2480 2479/1/2479 2486/1/2486 
f 2487/1/2487 2486/1/2486 2489/1/2489 
f 2486/1/2486 2479/1/2479 2482/1/2482 
f 2484/1/2484 2490/1/2490 2489/1/2489 
f 2489/1/2489 2482/1/2482 2484/1/2484 
f 2491/1/2491 2489/1/2489 2490/1/2490 
f 2490/1/2490 2492/1/2492 2491/1/2491 
f 2493/1/2493 2494/1/2494 2495/1/2495 
f 2495/1/2495 2496/1/2496 2493/1/2493 
f 2406/1/2406 2495/1/2495 2494/1/2494 
f 2494/1/2494 2383/1/2383 2406/1/2406 
f 2405/1/2405 2488/1/2488 2495/1/2495 
f 2495/1/2495 2406/1/2406 2405/1/2405 
f 2496/1/2496 2495/1/2495 2488/1/2488 
f 2488/1/2488 2487/1/2487 2496/1/2496 
f 2487/1/2487 2491/1/2491 2497/1/2497 
f 2497/1/2497 2496/1/2496 2487/1/2487 
f 2498/1/2498 2497/1/2497 2491/1/2491 
f 2491/1/2491 2492/1/2492 2498/1/2498 
f 2499/1/2499 2500/1/2500 2497/1/2497 
f 2497/1/2497 2498/1/2498 2499/1/2499 
f 2496/1/2496 2497/1/2497 2500/1/2500 
f 2500/1/2500 2493/1/2493 2496/1/2496 
f 2383/1/2383 2494/1/2494 2501/1/2501 
f 2501/1/2501 2390/1/2390 2383/1/2383 
f 2502/1/2502 2501/1/2501 2494/1/2494 
f 2494/1/2494 2493/1/2493 2502/1/2502 
f 2503/1/2503 2504/1/2504 2501/1/2501 
f 2501/1/2501 2502/1/2502 2503/1/2503 
f 2390/1/2390 2501/1/2501 2504/1/2504 
f 2504/1/2504 2387/1/2387 2390/1/2390 
f 2505/1/2505 2502/1/2502 2493/1/2493 
f 2506/1/2506 2505/1/2505 2500/1/2500 
f 2500/1/2500 2499/1/2499 2506/1/2506 
f 2507/1/2507 2508/1/2508 2505/1/2505 
f 2505/1/2505 2506/1/2506 2507/1/2507 
f 2502/1/2502 2505/1/2505 2508/1/2508 
f 2508/1/2508 2503/1/2503 2502/1/2502 
f 2387/1/2387 2504/1/2504 2509/1/2509 
f 2509/1/2509 2394/1/2394 2387/1/2387 
f 2510/1/2510 2509/1/2509 2504/1/2504 
f 2504/1/2504 2503/1/2503 2510/1/2510 
f 2511/1/2511 2512/1/2512 2509/1/2509 
f 2509/1/2509 2510/1/2510 2511/1/2511 
f 2394/1/2394 2509/1/2509 2512/1/2512 
f 2512/1/2512 2391/1/2391 2394/1/2394 
f 2503/1/2503 2508/1/2508 2513/1/2513 
f 2513/1/2513 2510/1/2510 2503/1/2503 
f 2514/1/2514 2513/1/2513 2508/1/2508 
f 2508/1/2508 2507/1/2507 2514/1/2514 
f 2515/1/2515 2516/1/2516 2513/1/2513 
f 2513/1/2513 2514/1/2514 2515/1/2515 
f 2510/1/2510 2513/1/2513 2516/1/2516 
f 2516/1/2516 2511/1/2511 2510/1/2510 
f 2391/1/2391 2512/1/2512 2517/1/2517 
f 2517/1/2517 2398/1/2398 2391/1/2391 
f 2518/1/2518 2517/1/2517 2512/1/2512 
f 2512/1/2512 2511/1/2511 2518/1/2518 
f 2519/1/2519 2520/1/2520 2517/1/2517 
f 2517/1/2517 2518/1/2518 2519/1/2519 
f 2398/1/2398 2517/1/2517 2520/1/2520 
f 2520/1/2520 2395/1/2395 2398/1/2398 
f 2511/1/2511 2516/1/2516 2521/1/2521 
f 2521/1/2521 2518/1/2518 2511/1/2511 
f 2522/1/2522 2521/1/2521 2516/1/2516 
f 2516/1/2516 2515/1/2515 2522/1/2522 
f 2523/1/2523 2524/1/2524 2521/1/2521 
f 2521/1/2521 2522/1/2522 2523/1/2523 
f 2518/1/2518 2521/1/2521 2524/1/2524 
f 2524/1/2524 2519/1/2519 2518/1/2518 
f 2395/1/2395 2520/1/2520 2525/1/2525 
f 2525/1/2525 2401/1/2401 2395/1/2395 
f 2526/1/2526 2525/1/2525 2520/1/2520 
f 2520/1/2520 2519/1/2519 2526/1/2526 
f 2527/1/2527 2528/1/2528 2525/1/2525 
f 2525/1/2525 2526/1/2526 2527/1/2527 
f 2401/1/2401 2525/1/2525 2528/1/2528 
f 2528/1/2528 2402/1/2402 2401/1/2401 
f 2519/1/2519 2524/1/2524 2529/1/2529 
f 2529/1/2529 2526/1/2526 2519/1/2519 
f 2530/1/2530 2529/1/2529 2524/1/2524 
f 2524/1/2524 2523/1/2523 2530/1/2530 
f 2531/1/2531 2532/1/2532 2529/1/2529 
f 2529/1/2529 2530/1/2530 2531/1/2531 
f 2526/1/2526 2529/1/2529 2532/1/2532 
f 2532/1/2532 2527/1/2527 2526/1/2526 
f 2282/1/2282 2304/1/2304 2533/1/2533 
f 2533/1/2533 2534/1/2534 2282/1/2282 
f 2311/1/2311 2533/1/2533 2304/1/2304 
f 2304/1/2304 2306/1/2306 2311/1/2311 
f 2312/1/2312 2535/1/2535 2533/1/2533 
f 2533/1/2533 2311/1/2311 2312/1/2312 
f 2534/1/2534 2533/1/2533 2535/1/2535 
f 2535/1/2535 2536/1/2536 2534/1/2534 
f 2536/1/2536 2535/1/2535 2537/1/2537 
f 2537/1/2537 2538/1/2538 2536/1/2536 
f 2539/1/2539 2537/1/2537 2535/1/2535 
f 2535/1/2535 2312/1/2312 2539/1/2539 
f 2540/1/2540 2538/1/2538 2537/1/2537 
f 2537/1/2537 2539/1/2539 2540/1/2540 
f 1150/1/1150 1149/1/1149 2541/1/2541 
f 2541/1/2541 2542/1/2542 1150/1/1150 
f 2543/1/2543 2541/1/2541 1149/1/1149 
f 1149/1/1149 1148/1/1148 2543/1/2543 
f 2544/1/2544 2545/1/2545 2541/1/2541 
f 2541/1/2541 2543/1/2543 2544/1/2544 
f 2545/1/2545 2546/1/2546 2542/1/2542 
f 2542/1/2542 2541/1/2541 2545/1/2545 
f 2547/1/2547 2548/1/2548 2549/1/2549 
f 2549/1/2549 2550/1/2550 2547/1/2547 
f 2551/1/2551 2549/1/2549 2548/1/2548 
f 2548/1/2548 2552/1/2552 2551/1/2551 
f 2553/1/2553 2554/1/2554 2549/1/2549 
f 2549/1/2549 2551/1/2551 2553/1/2553 
f 2550/1/2550 2549/1/2549 2554/1/2554 
f 2554/1/2554 2555/1/2555 2550/1/2550 
f 2556/1/2556 2557/1/2557 2558/1/2558 
f 2558/1/2558 2559/1/2559 2556/1/2556 
f 2536/1/2536 2538/1/2538 2557/1/2557 
f 2557/1/2557 2556/1/2556 2536/1/2536 
f 2560/1/2560 2557/1/2557 2538/1/2538 
f 2538/1/2538 2540/1/2540 2560/1/2560 
f 2561/1/2561 2558/1/2558 2557/1/2557 
f 2557/1/2557 2560/1/2560 2561/1/2561 
f 2562/1/2562 2563/1/2563 2564/1/2564 
f 2564/1/2564 2565/1/2565 2562/1/2562 
f 2566/1/2566 2564/1/2564 2563/1/2563 
f 2563/1/2563 2567/1/2567 2566/1/2566 
f 2559/1/2559 2558/1/2558 2564/1/2564 
f 2564/1/2564 2566/1/2566 2559/1/2559 
f 2565/1/2565 2564/1/2564 2558/1/2558 
f 2558/1/2558 2561/1/2561 2565/1/2565 
f 2568/1/2568 2569/1/2569 2570/1/2570 
f 2570/1/2570 2571/1/2571 2568/1/2568 
f 2572/1/2572 2570/1/2570 2569/1/2569 
f 2569/1/2569 2573/1/2573 2572/1/2572 
f 2567/1/2567 2563/1/2563 2570/1/2570 
f 2570/1/2570 2572/1/2572 2567/1/2567 
f 2571/1/2571 2570/1/2570 2563/1/2563 
f 2563/1/2563 2562/1/2562 2571/1/2571 
f 2573/1/2573 2569/1/2569 2574/1/2574 
f 2574/1/2574 2575/1/2575 2573/1/2573 
f 2576/1/2576 2574/1/2574 2569/1/2569 
f 2569/1/2569 2568/1/2568 2576/1/2576 
f 2577/1/2577 2578/1/2578 2574/1/2574 
f 2574/1/2574 2576/1/2576 2577/1/2577 
f 2575/1/2575 2574/1/2574 2578/1/2578 
f 2578/1/2578 2579/1/2579 2575/1/2575 
f 2579/1/2579 2578/1/2578 2580/1/2580 
f 2580/1/2580 2581/1/2581 2579/1/2579 
f 2582/1/2582 2580/1/2580 2578/1/2578 
f 2578/1/2578 2577/1/2577 2582/1/2582 
f 2580/1/2580 2582/1/2582 2552/1/2552 
f 2581/1/2581 2580/1/2580 2548/1/2548 
f 2548/1/2548 2547/1/2547 2581/1/2581 
f 2583/1/2583 2547/1/2547 2550/1/2550 
f 2555/1/2555 2584/1/2584 2585/1/2585 
f 2585/1/2585 2550/1/2550 2555/1/2555 
f 2586/1/2586 2585/1/2585 2584/1/2584 
f 2584/1/2584 2587/1/2587 2586/1/2586 
f 2586/1/2586 2588/1/2588 2583/1/2583 
f 2583/1/2583 2585/1/2585 2586/1/2586 
f 2589/1/2589 2590/1/2590 2591/1/2591 
f 2591/1/2591 2592/1/2592 2589/1/2589 
f 2593/1/2593 2591/1/2591 2590/1/2590 
f 2590/1/2590 2594/1/2594 2593/1/2593 
f 2595/1/2595 2596/1/2596 2591/1/2591 
f 2591/1/2591 2593/1/2593 2595/1/2595 
f 2592/1/2592 2591/1/2591 2596/1/2596 
f 2596/1/2596 2597/1/2597 2592/1/2592 
f 2545/1/2545 2598/1/2598 2599/1/2599 
f 2599/1/2599 2546/1/2546 2545/1/2545 
f 2600/1/2600 2598/1/2598 2545/1/2545 
f 2545/1/2545 2544/1/2544 2600/1/2600 
f 2588/1/2588 2586/1/2586 2598/1/2598 
f 2598/1/2598 2600/1/2600 2588/1/2588 
f 2587/1/2587 2599/1/2599 2598/1/2598 
f 2598/1/2598 2586/1/2586 2587/1/2587 
f 2544/1/2544 2601/1/2601 2602/1/2602 
f 2602/1/2602 2600/1/2600 2544/1/2544 
f 2603/1/2603 2602/1/2602 2601/1/2601 
f 2601/1/2601 2604/1/2604 2603/1/2603 
f 2605/1/2605 2606/1/2606 2602/1/2602 
f 2602/1/2602 2603/1/2603 2605/1/2605 
f 2600/1/2600 2602/1/2602 2606/1/2606 
f 2606/1/2606 2588/1/2588 2600/1/2600 
f 2588/1/2588 2606/1/2606 2607/1/2607 
f 2607/1/2607 2583/1/2583 2588/1/2588 
f 2608/1/2608 2607/1/2607 2606/1/2606 
f 2606/1/2606 2605/1/2605 2608/1/2608 
f 2581/1/2581 2607/1/2607 2608/1/2608 
f 2608/1/2608 2579/1/2579 2581/1/2581 
f 2547/1/2547 2583/1/2583 2607/1/2607 
f 2607/1/2607 2581/1/2581 2547/1/2547 
f 2604/1/2604 2609/1/2609 2610/1/2610 
f 2610/1/2610 2603/1/2603 2604/1/2604 
f 2590/1/2590 2610/1/2610 2609/1/2609 
f 2609/1/2609 2594/1/2594 2590/1/2590 
f 2611/1/2611 2610/1/2610 2590/1/2590 
f 2590/1/2590 2589/1/2589 2611/1/2611 
f 2603/1/2603 2610/1/2610 2611/1/2611 
f 2611/1/2611 2605/1/2605 2603/1/2603 
f 2597/1/2597 2612/1/2612 2613/1/2613 
f 2613/1/2613 2592/1/2592 2597/1/2597 
f 2572/1/2572 2613/1/2613 2612/1/2612 
f 2612/1/2612 2567/1/2567 2572/1/2572 
f 2573/1/2573 2614/1/2614 2613/1/2613 
f 2613/1/2613 2572/1/2572 2573/1/2573 
f 2592/1/2592 2613/1/2613 2614/1/2614 
f 2614/1/2614 2589/1/2589 2592/1/2592 
f 2575/1/2575 2615/1/2615 2614/1/2614 
f 2614/1/2614 2573/1/2573 2575/1/2575 
f 2579/1/2579 2608/1/2608 2615/1/2615 
f 2615/1/2615 2575/1/2575 2579/1/2579 
f 2605/1/2605 2611/1/2611 2615/1/2615 
f 2615/1/2615 2608/1/2608 2605/1/2605 
f 2589/1/2589 2614/1/2614 2615/1/2615 
f 2615/1/2615 2611/1/2611 2589/1/2589 
f 2616/1/2616 2617/1/2617 2618/1/2618 
f 2618/1/2618 2619/1/2619 2616/1/2616 
f 2280/1/2280 2618/1/2618 2617/1/2617 
f 2617/1/2617 1583/1/1583 2280/1/2280 
f 2282/1/2282 2534/1/2534 2618/1/2618 
f 2618/1/2618 2280/1/2280 2282/1/2282 
f 2534/1/2534 2536/1/2536 2619/1/2619 
f 2619/1/2619 2618/1/2618 2534/1/2534 
f 2620/1/2620 2595/1/2595 2593/1/2593 
f 2593/1/2593 2621/1/2621 2620/1/2620 
f 2594/1/2594 2622/1/2622 2621/1/2621 
f 2621/1/2621 2593/1/2593 2594/1/2594 
f 2623/1/2623 2621/1/2621 2622/1/2622 
f 2622/1/2622 2624/1/2624 2623/1/2623 
f 2620/1/2620 2621/1/2621 2623/1/2623 
f 2623/1/2623 2625/1/2625 2620/1/2620 
f 2626/1/2626 2627/1/2627 2628/1/2628 
f 2628/1/2628 2629/1/2629 2626/1/2626 
f 2626/1/2626 1526/1/1526 1537/1/1537 
f 1539/1/1539 2630/1/2630 2627/1/2627 
f 2627/1/2627 1537/1/1537 1539/1/1539 
f 2630/1/2630 2631/1/2631 2628/1/2628 
f 1512/1/1512 1527/1/1527 2632/1/2632 
f 2632/1/2632 2633/1/2633 1512/1/1512 
f 2626/1/2626 2632/1/2632 1527/1/1527 
f 1527/1/1527 1526/1/1526 2626/1/2626 
f 2634/1/2634 2632/1/2632 2626/1/2626 
f 2626/1/2626 2629/1/2629 2634/1/2634 
f 2633/1/2633 2632/1/2632 2634/1/2634 
f 2634/1/2634 2635/1/2635 2633/1/2633 
f 230/1/230 1513/1/1513 2636/1/2636 
f 2636/1/2636 238/1/238 230/1/230 
f 2633/1/2633 2636/1/2636 1513/1/1513 
f 1513/1/1513 1512/1/1512 2633/1/2633 
f 2635/1/2635 2637/1/2637 2636/1/2636 
f 2636/1/2636 2633/1/2633 2635/1/2635 
f 238/1/238 2636/1/2636 2637/1/2637 
f 2637/1/2637 239/1/239 238/1/238 
f 239/1/239 2637/1/2637 2638/1/2638 
f 2638/1/2638 2639/1/2639 239/1/239 
f 2640/1/2640 2638/1/2638 2637/1/2637 
f 2637/1/2637 2635/1/2635 2640/1/2640 
f 2641/1/2641 2642/1/2642 2638/1/2638 
f 2638/1/2638 2640/1/2640 2641/1/2641 
f 2639/1/2639 2638/1/2638 2642/1/2642 
f 2642/1/2642 2643/1/2643 2639/1/2639 
f 2635/1/2635 2634/1/2634 2644/1/2644 
f 2644/1/2644 2640/1/2640 2635/1/2635 
f 2634/1/2634 2629/1/2629 2645/1/2645 
f 2646/1/2646 2647/1/2647 2644/1/2644 
f 2644/1/2644 2645/1/2645 2646/1/2646 
f 2640/1/2640 2644/1/2644 2647/1/2647 
f 2647/1/2647 2641/1/2641 2640/1/2640 
f 2646/1/2646 2645/1/2645 2648/1/2648 
f 2648/1/2648 2649/1/2649 2646/1/2646 
f 2650/1/2650 2648/1/2648 2645/1/2645 
f 2645/1/2645 2629/1/2629 2650/1/2650 
f 2651/1/2651 2652/1/2652 2648/1/2648 
f 2648/1/2648 2650/1/2650 2651/1/2651 
f 2649/1/2649 2648/1/2648 2652/1/2652 
f 2652/1/2652 2653/1/2653 2649/1/2649 
f 2654/1/2654 2655/1/2655 2652/1/2652 
f 2652/1/2652 2651/1/2651 2654/1/2654 
f 2656/1/2656 2655/1/2655 2654/1/2654 
f 2654/1/2654 2625/1/2625 2656/1/2656 
f 2657/1/2657 2655/1/2655 2656/1/2656 
f 2656/1/2656 2658/1/2658 2657/1/2657 
f 2653/1/2653 2652/1/2652 2655/1/2655 
f 2655/1/2655 2657/1/2657 2653/1/2653 
f 2624/1/2624 2659/1/2659 2660/1/2660 
f 2660/1/2660 2623/1/2623 2624/1/2624 
f 2661/1/2661 2660/1/2660 2659/1/2659 
f 2659/1/2659 2662/1/2662 2661/1/2661 
f 2658/1/2658 2656/1/2656 2660/1/2660 
f 2660/1/2660 2661/1/2661 2658/1/2658 
f 2623/1/2623 2660/1/2660 2656/1/2656 
f 2656/1/2656 2625/1/2625 2623/1/2623 
f 1055/1/1055 1054/1/1054 2663/1/2663 
f 2663/1/2663 2664/1/2664 1055/1/1055 
f 2665/1/2665 2663/1/2663 1054/1/1054 
f 1054/1/1054 1015/1/1015 2665/1/2665 
f 2666/1/2666 2667/1/2667 2663/1/2663 
f 2663/1/2663 2665/1/2665 2666/1/2666 
f 2664/1/2664 2663/1/2663 2667/1/2667 
f 2667/1/2667 2662/1/2662 2664/1/2664 
f 2668/1/2668 2669/1/2669 2670/1/2670 
f 2670/1/2670 2671/1/2671 2668/1/2668 
f 2661/1/2661 2670/1/2670 2669/1/2669 
f 2669/1/2669 2658/1/2658 2661/1/2661 
f 2662/1/2662 2667/1/2667 2670/1/2670 
f 2670/1/2670 2661/1/2661 2662/1/2662 
f 2667/1/2667 2666/1/2666 2671/1/2671 
f 2672/1/2672 2673/1/2673 2674/1/2674 
f 2674/1/2674 2675/1/2675 2672/1/2672 
f 1581/1/1581 2674/1/2674 2673/1/2673 
f 2673/1/2673 1575/1/1575 1581/1/1581 
f 1583/1/1583 2617/1/2617 2674/1/2674 
f 2674/1/2674 1581/1/1581 1583/1/1583 
f 2675/1/2675 2674/1/2674 2617/1/2617 
f 2617/1/2617 2616/1/2616 2675/1/2675 
f 2559/1/2559 2676/1/2676 2677/1/2677 
f 2677/1/2677 2556/1/2556 2559/1/2559 
f 2678/1/2678 2677/1/2677 2676/1/2676 
f 2676/1/2676 2679/1/2679 2678/1/2678 
f 2619/1/2619 2677/1/2677 2678/1/2678 
f 2678/1/2678 2616/1/2616 2619/1/2619 
f 2556/1/2556 2677/1/2677 2619/1/2619 
f 2619/1/2619 2536/1/2536 2556/1/2556 
f 2567/1/2567 2612/1/2612 2680/1/2680 
f 2680/1/2680 2566/1/2566 2567/1/2567 
f 2681/1/2681 2680/1/2680 2612/1/2612 
f 2612/1/2612 2597/1/2597 2681/1/2681 
f 2679/1/2679 2676/1/2676 2680/1/2680 
f 2680/1/2680 2681/1/2681 2679/1/2679 
f 2566/1/2566 2680/1/2680 2676/1/2676 
f 2676/1/2676 2559/1/2559 2566/1/2566 
f 2682/1/2682 2683/1/2683 2684/1/2684 
f 2684/1/2684 2685/1/2685 2682/1/2682 
f 2675/1/2675 2684/1/2684 2683/1/2683 
f 2683/1/2683 2672/1/2672 2675/1/2675 
f 2616/1/2616 2678/1/2678 2684/1/2684 
f 2684/1/2684 2675/1/2675 2616/1/2616 
f 2685/1/2685 2684/1/2684 2678/1/2678 
f 2678/1/2678 2679/1/2679 2685/1/2685 
f 2686/1/2686 2687/1/2687 2596/1/2596 
f 2596/1/2596 2595/1/2595 2686/1/2686 
f 2688/1/2688 2687/1/2687 2686/1/2686 
f 2686/1/2686 2689/1/2689 2688/1/2688 
f 2681/1/2681 2687/1/2687 2688/1/2688 
f 2688/1/2688 2679/1/2679 2681/1/2681 
f 2597/1/2597 2596/1/2596 2687/1/2687 
f 2687/1/2687 2681/1/2681 2597/1/2597 
f 2651/1/2651 2650/1/2650 2690/1/2690 
f 2690/1/2690 2691/1/2691 2651/1/2651 
f 2629/1/2629 2628/1/2628 2690/1/2690 
f 2690/1/2690 2650/1/2650 2629/1/2629 
f 2631/1/2631 2692/1/2692 2690/1/2690 
f 2690/1/2690 2628/1/2628 2631/1/2631 
f 2691/1/2691 2690/1/2690 2692/1/2692 
f 2692/1/2692 2689/1/2689 2691/1/2691 
f 2625/1/2625 2654/1/2654 2693/1/2693 
f 2693/1/2693 2620/1/2620 2625/1/2625 
f 2691/1/2691 2693/1/2693 2654/1/2654 
f 2654/1/2654 2651/1/2651 2691/1/2691 
f 2689/1/2689 2686/1/2686 2693/1/2693 
f 2693/1/2693 2691/1/2691 2689/1/2689 
f 2620/1/2620 2693/1/2693 2686/1/2686 
f 2686/1/2686 2595/1/2595 2620/1/2620 
f 2694/1/2694 2695/1/2695 2631/1/2631 
f 1549/1/1549 2694/1/2694 2630/1/2630 
f 2630/1/2630 1539/1/1539 1549/1/1549 
f 1551/1/1551 2696/1/2696 2694/1/2694 
f 2694/1/2694 1549/1/1549 1551/1/1551 
f 2695/1/2695 2694/1/2694 2696/1/2696 
f 2696/1/2696 2697/1/2697 2695/1/2695 
f 2697/1/2697 2696/1/2696 2698/1/2698 
f 2698/1/2698 2699/1/2699 2697/1/2697 
f 1562/1/1562 2698/1/2698 2696/1/2696 
f 2696/1/2696 1551/1/1551 1562/1/1562 
f 1563/1/1563 2700/1/2700 2698/1/2698 
f 2698/1/2698 1562/1/1562 1563/1/1563 
f 2699/1/2699 2698/1/2698 2700/1/2700 
f 2700/1/2700 2701/1/2701 2699/1/2699 
f 2702/1/2702 2703/1/2703 2701/1/2701 
f 1573/1/1573 2702/1/2702 2700/1/2700 
f 2700/1/2700 1563/1/1563 1573/1/1573 
f 2702/1/2702 1573/1/1573 1575/1/1575 
f 2703/1/2703 2702/1/2702 2673/1/2673 
f 2673/1/2673 2672/1/2672 2703/1/2703 
f 2704/1/2704 2705/1/2705 2706/1/2706 
f 2706/1/2706 2707/1/2707 2704/1/2704 
f 2697/1/2697 2699/1/2699 2705/1/2705 
f 2705/1/2705 2704/1/2704 2697/1/2697 
f 2701/1/2701 2706/1/2706 2705/1/2705 
f 2705/1/2705 2699/1/2699 2701/1/2701 
f 2672/1/2672 2683/1/2683 2708/1/2708 
f 2708/1/2708 2703/1/2703 2672/1/2672 
f 2709/1/2709 2708/1/2708 2683/1/2683 
f 2683/1/2683 2682/1/2682 2709/1/2709 
f 2707/1/2707 2706/1/2706 2708/1/2708 
f 2708/1/2708 2709/1/2709 2707/1/2707 
f 2703/1/2703 2708/1/2708 2706/1/2706 
f 2706/1/2706 2701/1/2701 2703/1/2703 
f 2682/1/2682 2685/1/2685 2710/1/2710 
f 2710/1/2710 2709/1/2709 2682/1/2682 
f 2688/1/2688 2710/1/2710 2685/1/2685 
f 2685/1/2685 2679/1/2679 2688/1/2688 
f 2689/1/2689 2711/1/2711 2710/1/2710 
f 2710/1/2710 2688/1/2688 2689/1/2689 
f 2709/1/2709 2710/1/2710 2711/1/2711 
f 2711/1/2711 2707/1/2707 2709/1/2709 
f 2707/1/2707 2711/1/2711 2712/1/2712 
f 2712/1/2712 2704/1/2704 2707/1/2707 
f 2692/1/2692 2712/1/2712 2711/1/2711 
f 2711/1/2711 2689/1/2689 2692/1/2692 
f 2695/1/2695 2712/1/2712 2692/1/2692 
f 2692/1/2692 2631/1/2631 2695/1/2695 
f 2704/1/2704 2712/1/2712 2695/1/2695 
f 2695/1/2695 2697/1/2697 2704/1/2704 
f 335/1/335 334/1/334 2713/1/2713 
f 2713/1/2713 2714/1/2714 335/1/335 
f 297/1/297 2713/1/2713 334/1/334 
f 334/1/334 295/1/295 297/1/297 
f 299/1/299 2715/1/2715 2713/1/2713 
f 2713/1/2713 297/1/297 299/1/299 
f 2714/1/2714 2713/1/2713 2715/1/2715 
f 2715/1/2715 2716/1/2716 2714/1/2714 
f 375/1/375 374/1/374 2717/1/2717 
f 2717/1/2717 2718/1/2718 375/1/375 
f 2714/1/2714 2717/1/2717 374/1/374 
f 374/1/374 335/1/335 2714/1/2714 
f 2716/1/2716 2719/1/2719 2717/1/2717 
f 2717/1/2717 2714/1/2714 2716/1/2716 
f 2718/1/2718 2717/1/2717 2719/1/2719 
f 2719/1/2719 2720/1/2720 2718/1/2718 
f 2721/1/2721 2722/1/2722 2723/1/2723 
f 2723/1/2723 2724/1/2724 2721/1/2721 
f 1011/1/1011 2723/1/2723 2722/1/2722 
f 2722/1/2722 1008/1/1008 1011/1/1011 
f 375/1/375 2718/1/2718 2723/1/2723 
f 2723/1/2723 1011/1/1011 375/1/375 
f 2724/1/2724 2723/1/2723 2718/1/2718 
f 2718/1/2718 2720/1/2720 2724/1/2724 
f 2725/1/2725 2726/1/2726 2727/1/2727 
f 2727/1/2727 2728/1/2728 2725/1/2725 
f 1016/1/1016 2727/1/2727 2726/1/2726 
f 2726/1/2726 1017/1/1017 1016/1/1016 
f 1008/1/1008 2722/1/2722 2727/1/2727 
f 2727/1/2727 1016/1/1016 1008/1/1008 
f 2728/1/2728 2727/1/2727 2722/1/2722 
f 2722/1/2722 2721/1/2721 2728/1/2728 
f 2729/1/2729 2730/1/2730 2731/1/2731 
f 2730/1/2730 2653/1/2653 2657/1/2657 
f 2731/1/2731 2657/1/2657 2658/1/2658 
f 2668/1/2668 2732/1/2732 2731/1/2731 
f 2731/1/2731 2669/1/2669 2668/1/2668 
f 2733/1/2733 2734/1/2734 2735/1/2735 
f 2735/1/2735 2736/1/2736 2733/1/2733 
f 2649/1/2649 2735/1/2735 2734/1/2734 
f 2734/1/2734 2646/1/2646 2649/1/2649 
f 2735/1/2735 2649/1/2649 2653/1/2653 
f 2730/1/2730 2729/1/2729 2736/1/2736 
f 2737/1/2737 2738/1/2738 2739/1/2739 
f 2739/1/2739 2740/1/2740 2737/1/2737 
f 2665/1/2665 2739/1/2739 2738/1/2738 
f 2738/1/2738 2666/1/2666 2665/1/2665 
f 1015/1/1015 1014/1/1014 2739/1/2739 
f 2739/1/2739 2665/1/2665 1015/1/1015 
f 2740/1/2740 2739/1/2739 1014/1/1014 
f 1014/1/1014 1017/1/1017 2740/1/2740 
f 2729/1/2729 2732/1/2732 2741/1/2741 
f 2741/1/2741 2742/1/2742 2729/1/2729 
f 2671/1/2671 2741/1/2741 2732/1/2732 
f 2732/1/2732 2668/1/2668 2671/1/2671 
f 2666/1/2666 2738/1/2738 2741/1/2741 
f 2741/1/2741 2671/1/2671 2666/1/2666 
f 2742/1/2742 2741/1/2741 2738/1/2738 
f 2738/1/2738 2737/1/2737 2742/1/2742 
f 2743/1/2743 2744/1/2744 2745/1/2745 
f 2745/1/2745 2746/1/2746 2743/1/2743 
f 2740/1/2740 2745/1/2745 2744/1/2744 
f 2744/1/2744 2737/1/2737 2740/1/2740 
f 1017/1/1017 2726/1/2726 2745/1/2745 
f 2745/1/2745 2740/1/2740 1017/1/1017 
f 2746/1/2746 2745/1/2745 2726/1/2726 
f 2726/1/2726 2725/1/2725 2746/1/2746 
f 2641/1/2641 2647/1/2647 2747/1/2747 
f 2747/1/2747 2748/1/2748 2641/1/2641 
f 2734/1/2734 2747/1/2747 2647/1/2647 
f 2647/1/2647 2646/1/2646 2734/1/2734 
f 2733/1/2733 2749/1/2749 2747/1/2747 
f 2747/1/2747 2734/1/2734 2733/1/2733 
f 2748/1/2748 2747/1/2747 2749/1/2749 
f 2749/1/2749 2750/1/2750 2748/1/2748 
f 2751/1/2751 2752/1/2752 2733/1/2733 
f 2736/1/2736 2729/1/2729 2742/1/2742 
f 2737/1/2737 2753/1/2753 2751/1/2751 
f 2751/1/2751 2742/1/2742 2737/1/2737 
f 2752/1/2752 2751/1/2751 2753/1/2753 
f 2753/1/2753 2754/1/2754 2752/1/2752 
f 2754/1/2754 2753/1/2753 2755/1/2755 
f 2755/1/2755 2756/1/2756 2754/1/2754 
f 2744/1/2744 2755/1/2755 2753/1/2753 
f 2753/1/2753 2737/1/2737 2744/1/2744 
f 2757/1/2757 2755/1/2755 2744/1/2744 
f 2744/1/2744 2743/1/2743 2757/1/2757 
f 2758/1/2758 2756/1/2756 2755/1/2755 
f 2755/1/2755 2757/1/2757 2758/1/2758 
f 2748/1/2748 2759/1/2759 2642/1/2642 
f 2642/1/2642 2641/1/2641 2748/1/2748 
f 2750/1/2750 2760/1/2760 2759/1/2759 
f 2759/1/2759 2748/1/2748 2750/1/2750 
f 2642/1/2642 2759/1/2759 2760/1/2760 
f 2760/1/2760 2643/1/2643 2642/1/2642 
f 2752/1/2752 2761/1/2761 2749/1/2749 
f 2749/1/2749 2733/1/2733 2752/1/2752 
f 2754/1/2754 2762/1/2762 2761/1/2761 
f 2761/1/2761 2752/1/2752 2754/1/2754 
f 2763/1/2763 2761/1/2761 2762/1/2762 
f 2762/1/2762 2764/1/2764 2763/1/2763 
f 2750/1/2750 2749/1/2749 2761/1/2761 
f 2761/1/2761 2763/1/2763 2750/1/2750 
f 2764/1/2764 2762/1/2762 2765/1/2765 
f 2765/1/2765 2766/1/2766 2764/1/2764 
f 2756/1/2756 2765/1/2765 2762/1/2762 
f 2762/1/2762 2754/1/2754 2756/1/2756 
f 2767/1/2767 2765/1/2765 2756/1/2756 
f 2756/1/2756 2758/1/2758 2767/1/2767 
f 2766/1/2766 2765/1/2765 2767/1/2767 
f 2767/1/2767 2768/1/2768 2766/1/2766 
f 2769/1/2769 2770/1/2770 2771/1/2771 
f 2771/1/2771 2772/1/2772 2769/1/2769 
f 2773/1/2773 2771/1/2771 2770/1/2770 
f 2770/1/2770 2774/1/2774 2773/1/2773 
f 299/1/299 298/1/298 2771/1/2771 
f 2771/1/2771 2773/1/2773 299/1/299 
f 2772/1/2772 2771/1/2771 298/1/298 
f 298/1/298 241/1/241 2772/1/2772 
f 241/1/241 240/1/240 2775/1/2775 
f 2775/1/2775 2772/1/2772 241/1/241 
f 2639/1/2639 2775/1/2775 240/1/240 
f 240/1/240 239/1/239 2639/1/2639 
f 2643/1/2643 2776/1/2776 2775/1/2775 
f 2775/1/2775 2639/1/2639 2643/1/2643 
f 2772/1/2772 2775/1/2775 2776/1/2776 
f 2776/1/2776 2769/1/2769 2772/1/2772 
f 2643/1/2643 2760/1/2760 2777/1/2777 
f 2777/1/2777 2778/1/2778 2643/1/2643 
f 2763/1/2763 2777/1/2777 2760/1/2760 
f 2760/1/2760 2750/1/2750 2763/1/2763 
f 2764/1/2764 2779/1/2779 2777/1/2777 
f 2777/1/2777 2763/1/2763 2764/1/2764 
f 2778/1/2778 2777/1/2777 2779/1/2779 
f 2779/1/2779 2780/1/2780 2778/1/2778 
f 2780/1/2780 2779/1/2779 2781/1/2781 
f 2781/1/2781 2782/1/2782 2780/1/2780 
f 2766/1/2766 2781/1/2781 2779/1/2779 
f 2779/1/2779 2764/1/2764 2766/1/2766 
f 2768/1/2768 2783/1/2783 2781/1/2781 
f 2781/1/2781 2766/1/2766 2768/1/2768 
f 2782/1/2782 2781/1/2781 2783/1/2783 
f 2783/1/2783 2784/1/2784 2782/1/2782 
f 2716/1/2716 2715/1/2715 2785/1/2785 
f 2785/1/2785 2786/1/2786 2716/1/2716 
f 2773/1/2773 2785/1/2785 2715/1/2715 
f 2715/1/2715 299/1/299 2773/1/2773 
f 2774/1/2774 2787/1/2787 2785/1/2785 
f 2785/1/2785 2773/1/2773 2774/1/2774 
f 2786/1/2786 2785/1/2785 2787/1/2787 
f 2787/1/2787 2788/1/2788 2786/1/2786 
f 2769/1/2769 2776/1/2776 2789/1/2789 
f 2789/1/2789 2790/1/2790 2769/1/2769 
f 2778/1/2778 2789/1/2789 2776/1/2776 
f 2776/1/2776 2643/1/2643 2778/1/2778 
f 2780/1/2780 2791/1/2791 2789/1/2789 
f 2789/1/2789 2778/1/2778 2780/1/2780 
f 2790/1/2790 2789/1/2789 2791/1/2791 
f 2791/1/2791 2792/1/2792 2790/1/2790 
f 2774/1/2774 2770/1/2770 2793/1/2793 
f 2793/1/2793 2787/1/2787 2774/1/2774 
f 2790/1/2790 2793/1/2793 2770/1/2770 
f 2770/1/2770 2769/1/2769 2790/1/2790 
f 2792/1/2792 2794/1/2794 2793/1/2793 
f 2793/1/2793 2790/1/2790 2792/1/2792 
f 2787/1/2787 2793/1/2793 2794/1/2794 
f 2794/1/2794 2788/1/2788 2787/1/2787 
f 2792/1/2792 2791/1/2791 2795/1/2795 
f 2795/1/2795 2796/1/2796 2792/1/2792 
f 2782/1/2782 2795/1/2795 2791/1/2791 
f 2791/1/2791 2780/1/2780 2782/1/2782 
f 2784/1/2784 2797/1/2797 2795/1/2795 
f 2795/1/2795 2782/1/2782 2784/1/2784 
f 2796/1/2796 2795/1/2795 2797/1/2797 
f 2797/1/2797 2798/1/2798 2796/1/2796 
f 2788/1/2788 2794/1/2794 2799/1/2799 
f 2799/1/2799 2800/1/2800 2788/1/2788 
f 2796/1/2796 2799/1/2799 2794/1/2794 
f 2794/1/2794 2792/1/2792 2796/1/2796 
f 2798/1/2798 2801/1/2801 2799/1/2799 
f 2799/1/2799 2796/1/2796 2798/1/2798 
f 2800/1/2800 2799/1/2799 2801/1/2801 
f 2801/1/2801 2802/1/2802 2800/1/2800 
f 2720/1/2720 2719/1/2719 2803/1/2803 
f 2803/1/2803 2804/1/2804 2720/1/2720 
f 2786/1/2786 2803/1/2803 2719/1/2719 
f 2719/1/2719 2716/1/2716 2786/1/2786 
f 2788/1/2788 2805/1/2805 2803/1/2803 
f 2803/1/2803 2786/1/2786 2788/1/2788 
f 2804/1/2804 2803/1/2803 2805/1/2805 
f 2805/1/2805 2806/1/2806 2804/1/2804 
f 2804/1/2804 2807/1/2807 2724/1/2724 
f 2724/1/2724 2720/1/2720 2804/1/2804 
f 2806/1/2806 2808/1/2808 2807/1/2807 
f 2807/1/2807 2804/1/2804 2806/1/2806 
f 2809/1/2809 2810/1/2810 2807/1/2807 
f 2807/1/2807 2808/1/2808 2809/1/2809 
f 2724/1/2724 2807/1/2807 2810/1/2810 
f 2810/1/2810 2721/1/2721 2724/1/2724 
f 2806/1/2806 2805/1/2805 2811/1/2811 
f 2811/1/2811 2812/1/2812 2806/1/2806 
f 2800/1/2800 2811/1/2811 2805/1/2805 
f 2805/1/2805 2788/1/2788 2800/1/2800 
f 2802/1/2802 2813/1/2813 2811/1/2811 
f 2811/1/2811 2800/1/2800 2802/1/2802 
f 2812/1/2812 2811/1/2811 2813/1/2813 
f 2813/1/2813 2814/1/2814 2812/1/2812 
f 2721/1/2721 2810/1/2810 2815/1/2815 
f 2815/1/2815 2728/1/2728 2721/1/2721 
f 2816/1/2816 2815/1/2815 2810/1/2810 
f 2810/1/2810 2809/1/2809 2816/1/2816 
f 2817/1/2817 2818/1/2818 2815/1/2815 
f 2815/1/2815 2816/1/2816 2817/1/2817 
f 2728/1/2728 2815/1/2815 2818/1/2818 
f 2818/1/2818 2725/1/2725 2728/1/2728 
f 2808/1/2808 2819/1/2819 2820/1/2820 
f 2820/1/2820 2809/1/2809 2808/1/2808 
f 2812/1/2812 2819/1/2819 2808/1/2808 
f 2808/1/2808 2806/1/2806 2812/1/2812 
f 2814/1/2814 2821/1/2821 2819/1/2819 
f 2819/1/2819 2812/1/2812 2814/1/2814 
f 2822/1/2822 2820/1/2820 2819/1/2819 
f 2819/1/2819 2821/1/2821 2822/1/2822 
f 2725/1/2725 2818/1/2818 2823/1/2823 
f 2823/1/2823 2746/1/2746 2725/1/2725 
f 2824/1/2824 2823/1/2823 2818/1/2818 
f 2818/1/2818 2817/1/2817 2824/1/2824 
f 2825/1/2825 2826/1/2826 2823/1/2823 
f 2823/1/2823 2824/1/2824 2825/1/2825 
f 2746/1/2746 2823/1/2823 2826/1/2826 
f 2826/1/2826 2743/1/2743 2746/1/2746 
f 2827/1/2827 2828/1/2828 2829/1/2829 
f 2829/1/2829 2830/1/2830 2827/1/2827 
f 2816/1/2816 2829/1/2829 2828/1/2828 
f 2828/1/2828 2817/1/2817 2816/1/2816 
f 2809/1/2809 2820/1/2820 2829/1/2829 
f 2829/1/2829 2816/1/2816 2809/1/2809 
f 2830/1/2830 2829/1/2829 2820/1/2820 
f 2820/1/2820 2822/1/2822 2830/1/2830 
f 2831/1/2831 2832/1/2832 2833/1/2833 
f 2833/1/2833 2834/1/2834 2831/1/2831 
f 2757/1/2757 2833/1/2833 2832/1/2832 
f 2832/1/2832 2758/1/2758 2757/1/2757 
f 2743/1/2743 2826/1/2826 2833/1/2833 
f 2833/1/2833 2757/1/2757 2743/1/2743 
f 2834/1/2834 2833/1/2833 2826/1/2826 
f 2826/1/2826 2825/1/2825 2834/1/2834 
f 2835/1/2835 2836/1/2836 2837/1/2837 
f 2837/1/2837 2838/1/2838 2835/1/2835 
f 2768/1/2768 2767/1/2767 2837/1/2837 
f 2837/1/2837 2836/1/2836 2768/1/2768 
f 2758/1/2758 2832/1/2832 2837/1/2837 
f 2837/1/2837 2767/1/2767 2758/1/2758 
f 2838/1/2838 2837/1/2837 2832/1/2832 
f 2832/1/2832 2831/1/2831 2838/1/2838 
f 2817/1/2817 2828/1/2828 2839/1/2839 
f 2839/1/2839 2824/1/2824 2817/1/2817 
f 2840/1/2840 2839/1/2839 2828/1/2828 
f 2828/1/2828 2827/1/2827 2840/1/2840 
f 2841/1/2841 2842/1/2842 2839/1/2839 
f 2839/1/2839 2840/1/2840 2841/1/2841 
f 2824/1/2824 2839/1/2839 2842/1/2842 
f 2842/1/2842 2825/1/2825 2824/1/2824 
f 2784/1/2784 2783/1/2783 2843/1/2843 
f 2843/1/2843 2844/1/2844 2784/1/2784 
f 2836/1/2836 2843/1/2843 2783/1/2783 
f 2783/1/2783 2768/1/2768 2836/1/2836 
f 2835/1/2835 2845/1/2845 2843/1/2843 
f 2843/1/2843 2836/1/2836 2835/1/2835 
f 2844/1/2844 2843/1/2843 2845/1/2845 
f 2845/1/2845 2846/1/2846 2844/1/2844 
f 2847/1/2847 2848/1/2848 2849/1/2849 
f 2834/1/2834 2847/1/2847 2850/1/2850 
f 2850/1/2850 2831/1/2831 2834/1/2834 
f 2825/1/2825 2842/1/2842 2847/1/2847 
f 2847/1/2847 2834/1/2834 2825/1/2825 
f 2848/1/2848 2847/1/2847 2842/1/2842 
f 2842/1/2842 2841/1/2841 2848/1/2848 
f 2846/1/2846 2845/1/2845 2851/1/2851 
f 2851/1/2851 2852/1/2852 2846/1/2846 
f 2838/1/2838 2851/1/2851 2845/1/2845 
f 2845/1/2845 2835/1/2835 2838/1/2838 
f 2831/1/2831 2850/1/2850 2851/1/2851 
f 2851/1/2851 2838/1/2838 2831/1/2831 
f 2852/1/2852 2851/1/2851 2850/1/2850 
f 2850/1/2850 2849/1/2849 2852/1/2852 
f 2798/1/2798 2797/1/2797 2853/1/2853 
f 2853/1/2853 2854/1/2854 2798/1/2798 
f 2844/1/2844 2853/1/2853 2797/1/2797 
f 2797/1/2797 2784/1/2784 2844/1/2844 
f 2846/1/2846 2855/1/2855 2853/1/2853 
f 2853/1/2853 2844/1/2844 2846/1/2846 
f 2854/1/2854 2853/1/2853 2855/1/2855 
f 2855/1/2855 2856/1/2856 2854/1/2854 
f 2802/1/2802 2801/1/2801 2857/1/2857 
f 2857/1/2857 2858/1/2858 2802/1/2802 
f 2854/1/2854 2857/1/2857 2801/1/2801 
f 2801/1/2801 2798/1/2798 2854/1/2854 
f 2856/1/2856 2859/1/2859 2857/1/2857 
f 2857/1/2857 2854/1/2854 2856/1/2856 
f 2858/1/2858 2857/1/2857 2859/1/2859 
f 2859/1/2859 2860/1/2860 2858/1/2858 
f 2856/1/2856 2855/1/2855 2861/1/2861 
f 2861/1/2861 2862/1/2862 2856/1/2856 
f 2852/1/2852 2861/1/2861 2855/1/2855 
f 2855/1/2855 2846/1/2846 2852/1/2852 
f 2862/1/2862 2861/1/2861 2852/1/2852 
f 2852/1/2852 2849/1/2849 2862/1/2862 
f 2860/1/2860 2859/1/2859 2863/1/2863 
f 2863/1/2863 2864/1/2864 2860/1/2860 
f 2862/1/2862 2863/1/2863 2859/1/2859 
f 2859/1/2859 2856/1/2856 2862/1/2862 
f 2849/1/2849 2865/1/2865 2863/1/2863 
f 2863/1/2863 2862/1/2862 2849/1/2849 
f 2864/1/2864 2863/1/2863 2865/1/2865 
f 2865/1/2865 2866/1/2866 2864/1/2864 
f 2848/1/2848 2867/1/2867 2865/1/2865 
f 2865/1/2865 2849/1/2849 2848/1/2848 
f 2868/1/2868 2867/1/2867 2848/1/2848 
f 2848/1/2848 2841/1/2841 2868/1/2868 
f 2869/1/2869 2870/1/2870 2867/1/2867 
f 2867/1/2867 2868/1/2868 2869/1/2869 
f 2866/1/2866 2865/1/2865 2867/1/2867 
f 2867/1/2867 2870/1/2870 2866/1/2866 
f 2870/1/2870 2871/1/2871 2872/1/2872 
f 2872/1/2872 2866/1/2866 2870/1/2870 
f 2873/1/2873 2871/1/2871 2870/1/2870 
f 2870/1/2870 2869/1/2869 2873/1/2873 
f 2874/1/2874 2875/1/2875 2871/1/2871 
f 2871/1/2871 2873/1/2873 2874/1/2874 
f 2876/1/2876 2872/1/2872 2871/1/2871 
f 2871/1/2871 2875/1/2875 2876/1/2876 
f 2841/1/2841 2840/1/2840 2877/1/2877 
f 2877/1/2877 2868/1/2868 2841/1/2841 
f 2827/1/2827 2878/1/2878 2877/1/2877 
f 2877/1/2877 2840/1/2840 2827/1/2827 
f 2879/1/2879 2877/1/2877 2878/1/2878 
f 2878/1/2878 2880/1/2880 2879/1/2879 
f 2868/1/2868 2877/1/2877 2879/1/2879 
f 2879/1/2879 2869/1/2869 2868/1/2868 
f 2880/1/2880 2878/1/2878 2881/1/2881 
f 2881/1/2881 2882/1/2882 2880/1/2880 
f 2830/1/2830 2881/1/2881 2878/1/2878 
f 2878/1/2878 2827/1/2827 2830/1/2830 
f 2822/1/2822 2883/1/2883 2881/1/2881 
f 2881/1/2881 2830/1/2830 2822/1/2822 
f 2882/1/2882 2881/1/2881 2883/1/2883 
f 2883/1/2883 2884/1/2884 2882/1/2882 
f 2885/1/2885 2886/1/2886 2887/1/2887 
f 2864/1/2864 2885/1/2885 2888/1/2888 
f 2888/1/2888 2860/1/2860 2864/1/2864 
f 2866/1/2866 2872/1/2872 2885/1/2885 
f 2885/1/2885 2864/1/2864 2866/1/2866 
f 2876/1/2876 2886/1/2886 2885/1/2885 
f 2814/1/2814 2813/1/2813 2889/1/2889 
f 2889/1/2889 2890/1/2890 2814/1/2814 
f 2858/1/2858 2889/1/2889 2813/1/2813 
f 2813/1/2813 2802/1/2802 2858/1/2858 
f 2860/1/2860 2888/1/2888 2889/1/2889 
f 2889/1/2889 2858/1/2858 2860/1/2860 
f 2890/1/2890 2889/1/2889 2888/1/2888 
f 2888/1/2888 2887/1/2887 2890/1/2890 
f 2884/1/2884 2883/1/2883 2891/1/2891 
f 2891/1/2891 2892/1/2892 2884/1/2884 
f 2821/1/2821 2891/1/2891 2883/1/2883 
f 2883/1/2883 2822/1/2822 2821/1/2821 
f 2890/1/2890 2891/1/2891 2821/1/2821 
f 2821/1/2821 2814/1/2814 2890/1/2890 
f 2890/1/2890 2887/1/2887 2892/1/2892 
f 2892/1/2892 2891/1/2891 2890/1/2890 
f 2893/1/2893 2894/1/2894 2895/1/2895 
f 2882/1/2882 2893/1/2893 2896/1/2896 
f 2896/1/2896 2880/1/2880 2882/1/2882 
f 2884/1/2884 2892/1/2892 2893/1/2893 
f 2893/1/2893 2882/1/2882 2884/1/2884 
f 2892/1/2892 2887/1/2887 2894/1/2894 
f 2876/1/2876 2875/1/2875 2897/1/2897 
f 2897/1/2897 2886/1/2886 2876/1/2876 
f 2898/1/2898 2897/1/2897 2875/1/2875 
f 2875/1/2875 2874/1/2874 2898/1/2898 
f 2894/1/2894 2897/1/2897 2898/1/2898 
f 2898/1/2898 2895/1/2895 2894/1/2894 
f 2886/1/2886 2897/1/2897 2894/1/2894 
f 2894/1/2894 2887/1/2887 2886/1/2886 
f 2874/1/2874 2873/1/2873 2899/1/2899 
f 2899/1/2899 2898/1/2898 2874/1/2874 
f 2879/1/2879 2899/1/2899 2873/1/2873 
f 2873/1/2873 2869/1/2869 2879/1/2879 
f 2880/1/2880 2896/1/2896 2899/1/2899 
f 2899/1/2899 2879/1/2879 2880/1/2880 
f 2895/1/2895 2898/1/2898 2899/1/2899 
f 2899/1/2899 2896/1/2896 2895/1/2895 
f 2900/1/2900 2901/1/2901 2902/1/2902 
f 1086/1/1086 2900/1/2900 2903/1/2903 
f 2903/1/2903 1087/1/1087 1086/1/1086 
f 1068/1/1068 1073/1/1073 2900/1/2900 
f 2900/1/2900 1086/1/1086 1068/1/1068 
f 2901/1/2901 2900/1/2900 1073/1/1073 
f 1073/1/1073 1072/1/1072 2901/1/2901 
f 1170/1/1170 1173/1/1173 2904/1/2904 
f 2904/1/2904 2905/1/2905 1170/1/1170 
f 1167/1/1167 1166/1/1166 2904/1/2904 
f 2904/1/2904 1173/1/1173 1167/1/1167 
f 2903/1/2903 2904/1/2904 1166/1/1166 
f 1166/1/1166 1087/1/1087 2903/1/2903 
f 2905/1/2905 2904/1/2904 2903/1/2903 
f 2903/1/2903 2902/1/2902 2905/1/2905 
f 2906/1/2906 1177/1/1177 1176/1/1176 
f 1176/1/1176 2907/1/2907 2906/1/2906 
f 2905/1/2905 2907/1/2907 1176/1/1176 
f 1176/1/1176 1170/1/1170 2905/1/2905 
f 2905/1/2905 2902/1/2902 2908/1/2908 
f 2906/1/2906 2907/1/2907 2908/1/2908 
f 2908/1/2908 2909/1/2909 2906/1/2906 
f 1032/1/1032 1037/1/1037 2910/1/2910 
f 2910/1/2910 1071/1/1071 1032/1/1032 
f 2911/1/2911 2910/1/2910 1037/1/1037 
f 1037/1/1037 1036/1/1036 2911/1/2911 
f 2912/1/2912 2913/1/2913 2910/1/2910 
f 2910/1/2910 2911/1/2911 2912/1/2912 
f 1071/1/1071 2910/1/2910 2913/1/2913 
f 2913/1/2913 1072/1/1072 1071/1/1071 
f 1072/1/1072 2913/1/2913 2914/1/2914 
f 2914/1/2914 2901/1/2901 1072/1/1072 
f 2915/1/2915 2914/1/2914 2913/1/2913 
f 2913/1/2913 2912/1/2912 2915/1/2915 
f 2916/1/2916 2917/1/2917 2914/1/2914 
f 2914/1/2914 2915/1/2915 2916/1/2916 
f 2901/1/2901 2914/1/2914 2917/1/2917 
f 2917/1/2917 2902/1/2902 2901/1/2901 
f 2909/1/2909 2908/1/2908 2918/1/2918 
f 2918/1/2918 2919/1/2919 2909/1/2909 
f 2918/1/2918 2908/1/2908 2902/1/2902 
f 2919/1/2919 2918/1/2918 2917/1/2917 
f 2917/1/2917 2916/1/2916 2919/1/2919 
f 1036/1/1036 1041/1/1041 2920/1/2920 
f 2920/1/2920 2911/1/2911 1036/1/1036 
f 2921/1/2921 2920/1/2920 1041/1/1041 
f 1041/1/1041 1040/1/1040 2921/1/2921 
f 2922/1/2922 2923/1/2923 2920/1/2920 
f 2920/1/2920 2921/1/2921 2922/1/2922 
f 2911/1/2911 2920/1/2920 2923/1/2923 
f 2923/1/2923 2912/1/2912 2911/1/2911 
f 1177/1/1177 2906/1/2906 2924/1/2924 
f 2924/1/2924 1181/1/1181 1177/1/1177 
f 2909/1/2909 2925/1/2925 2924/1/2924 
f 2924/1/2924 2906/1/2906 2909/1/2909 
f 2926/1/2926 2927/1/2927 2924/1/2924 
f 2924/1/2924 2925/1/2925 2926/1/2926 
f 1181/1/1181 2924/1/2924 2927/1/2927 
f 2927/1/2927 1178/1/1178 1181/1/1181 
f 2912/1/2912 2923/1/2923 2928/1/2928 
f 2928/1/2928 2915/1/2915 2912/1/2912 
f 2923/1/2923 2922/1/2922 2929/1/2929 
f 2930/1/2930 2931/1/2931 2928/1/2928 
f 2928/1/2928 2929/1/2929 2930/1/2930 
f 2915/1/2915 2928/1/2928 2931/1/2931 
f 2931/1/2931 2916/1/2916 2915/1/2915 
f 2926/1/2926 2925/1/2925 2932/1/2932 
f 2932/1/2932 2933/1/2933 2926/1/2926 
f 2919/1/2919 2932/1/2932 2925/1/2925 
f 2925/1/2925 2909/1/2909 2919/1/2919 
f 2916/1/2916 2931/1/2931 2932/1/2932 
f 2932/1/2932 2919/1/2919 2916/1/2916 
f 2933/1/2933 2932/1/2932 2931/1/2931 
f 2931/1/2931 2930/1/2930 2933/1/2933 
f 2921/1/2921 2934/1/2934 2935/1/2935 
f 2935/1/2935 2922/1/2922 2921/1/2921 
f 2934/1/2934 2921/1/2921 1040/1/1040 
f 1040/1/1040 1045/1/1045 2934/1/2934 
f 1047/1/1047 2936/1/2936 2934/1/2934 
f 2934/1/2934 1045/1/1045 1047/1/1047 
f 2936/1/2936 2937/1/2937 2935/1/2935 
f 1178/1/1178 2927/1/2927 2938/1/2938 
f 2938/1/2938 1185/1/1185 1178/1/1178 
f 2939/1/2939 2938/1/2938 2927/1/2927 
f 2927/1/2927 2926/1/2926 2939/1/2939 
f 2940/1/2940 2941/1/2941 2938/1/2938 
f 2938/1/2938 2939/1/2939 2940/1/2940 
f 1185/1/1185 2938/1/2938 2941/1/2941 
f 2941/1/2941 1182/1/1182 1185/1/1185 
f 2929/1/2929 2942/1/2942 2943/1/2943 
f 2943/1/2943 2930/1/2930 2929/1/2929 
f 2942/1/2942 2929/1/2929 2922/1/2922 
f 2942/1/2942 2935/1/2935 2937/1/2937 
f 2943/1/2943 2942/1/2942 2944/1/2944 
f 2944/1/2944 2945/1/2945 2943/1/2943 
f 2926/1/2926 2933/1/2933 2946/1/2946 
f 2946/1/2946 2939/1/2939 2926/1/2926 
f 2930/1/2930 2943/1/2943 2946/1/2946 
f 2946/1/2946 2933/1/2933 2930/1/2930 
f 2945/1/2945 2947/1/2947 2946/1/2946 
f 2946/1/2946 2943/1/2943 2945/1/2945 
f 2939/1/2939 2946/1/2946 2947/1/2947 
f 2947/1/2947 2940/1/2940 2939/1/2939 
f 2948/1/2948 2949/1/2949 2937/1/2937 
f 1050/1/1050 2948/1/2948 2936/1/2936 
f 2936/1/2936 1047/1/1047 1050/1/1050 
f 1049/1/1049 2950/1/2950 2948/1/2948 
f 2948/1/2948 1050/1/1050 1049/1/1049 
f 2949/1/2949 2948/1/2948 2950/1/2950 
f 2950/1/2950 2951/1/2951 2949/1/2949 
f 2945/1/2945 2944/1/2944 2952/1/2952 
f 2952/1/2952 2953/1/2953 2945/1/2945 
f 2949/1/2949 2952/1/2952 2944/1/2944 
f 2944/1/2944 2937/1/2937 2949/1/2949 
f 2951/1/2951 2954/1/2954 2952/1/2952 
f 2952/1/2952 2949/1/2949 2951/1/2951 
f 2953/1/2953 2952/1/2952 2954/1/2954 
f 2954/1/2954 2955/1/2955 2953/1/2953 
f 2956/1/2956 2957/1/2957 2958/1/2958 
f 2958/1/2958 2959/1/2959 2956/1/2956 
f 2664/1/2664 2958/1/2958 2957/1/2957 
f 2957/1/2957 1055/1/1055 2664/1/2664 
f 2662/1/2662 2659/1/2659 2958/1/2958 
f 2958/1/2958 2664/1/2664 2662/1/2662 
f 2959/1/2959 2958/1/2958 2659/1/2659 
f 2659/1/2659 2624/1/2624 2959/1/2959 
f 2951/1/2951 2950/1/2950 2960/1/2960 
f 2960/1/2960 2961/1/2961 2951/1/2951 
f 1053/1/1053 2960/1/2960 2950/1/2950 
f 2950/1/2950 1049/1/1049 1053/1/1053 
f 1055/1/1055 2957/1/2957 2960/1/2960 
f 2960/1/2960 1053/1/1053 1055/1/1055 
f 2957/1/2957 2956/1/2956 2961/1/2961 
f 2955/1/2955 2954/1/2954 2962/1/2962 
f 2962/1/2962 2963/1/2963 2955/1/2955 
f 2961/1/2961 2962/1/2962 2954/1/2954 
f 2954/1/2954 2951/1/2951 2961/1/2961 
f 2962/1/2962 2961/1/2961 2956/1/2956 
f 2963/1/2963 2962/1/2962 2964/1/2964 
f 2964/1/2964 2965/1/2965 2963/1/2963 
f 1182/1/1182 2941/1/2941 2966/1/2966 
f 2966/1/2966 1189/1/1189 1182/1/1182 
f 2967/1/2967 2966/1/2966 2941/1/2941 
f 2941/1/2941 2940/1/2940 2967/1/2967 
f 2968/1/2968 2969/1/2969 2966/1/2966 
f 2966/1/2966 2967/1/2967 2968/1/2968 
f 1189/1/1189 2966/1/2966 2969/1/2969 
f 2969/1/2969 1186/1/1186 1189/1/1189 
f 2940/1/2940 2947/1/2947 2970/1/2970 
f 2970/1/2970 2967/1/2967 2940/1/2940 
f 2953/1/2953 2970/1/2970 2947/1/2947 
f 2947/1/2947 2945/1/2945 2953/1/2953 
f 2955/1/2955 2971/1/2971 2970/1/2970 
f 2970/1/2970 2953/1/2953 2955/1/2955 
f 2967/1/2967 2970/1/2970 2971/1/2971 
f 2971/1/2971 2968/1/2968 2967/1/2967 
f 2624/1/2624 2622/1/2622 2972/1/2972 
f 2972/1/2972 2959/1/2959 2624/1/2624 
f 2973/1/2973 2972/1/2972 2622/1/2622 
f 2622/1/2622 2594/1/2594 2973/1/2973 
f 2974/1/2974 2975/1/2975 2972/1/2972 
f 2972/1/2972 2973/1/2973 2974/1/2974 
f 2959/1/2959 2972/1/2972 2975/1/2975 
f 2975/1/2975 2956/1/2956 2959/1/2959 
f 2604/1/2604 2601/1/2601 2976/1/2976 
f 2976/1/2976 2977/1/2977 2604/1/2604 
f 2543/1/2543 2976/1/2976 2601/1/2601 
f 2601/1/2601 2544/1/2544 2543/1/2543 
f 1148/1/1148 2978/1/2978 2976/1/2976 
f 2976/1/2976 2543/1/2543 1148/1/1148 
f 2977/1/2977 2976/1/2976 2978/1/2978 
f 2978/1/2978 2979/1/2979 2977/1/2977 
f 2980/1/2980 2981/1/2981 2965/1/2965 
f 2964/1/2964 2956/1/2956 2975/1/2975 
f 2974/1/2974 2982/1/2982 2980/1/2980 
f 2982/1/2982 2983/1/2983 2981/1/2981 
f 2984/1/2984 2985/1/2985 2977/1/2977 
f 2977/1/2977 2979/1/2979 2984/1/2984 
f 2973/1/2973 2985/1/2985 2984/1/2984 
f 2984/1/2984 2974/1/2974 2973/1/2973 
f 2594/1/2594 2609/1/2609 2985/1/2985 
f 2985/1/2985 2973/1/2973 2594/1/2594 
f 2977/1/2977 2985/1/2985 2609/1/2609 
f 2609/1/2609 2604/1/2604 2977/1/2977 
f 2983/1/2983 2982/1/2982 2986/1/2986 
f 2986/1/2986 2987/1/2987 2983/1/2983 
f 2974/1/2974 2984/1/2984 2986/1/2986 
f 2986/1/2986 2982/1/2982 2974/1/2974 
f 2987/1/2987 2986/1/2986 2984/1/2984 
f 2984/1/2984 2979/1/2979 2987/1/2987 
f 1186/1/1186 2969/1/2969 2988/1/2988 
f 2988/1/2988 2989/1/2989 1186/1/1186 
f 2990/1/2990 2988/1/2988 2969/1/2969 
f 2969/1/2969 2968/1/2968 2990/1/2990 
f 2983/1/2983 2987/1/2987 2988/1/2988 
f 2988/1/2988 2990/1/2990 2983/1/2983 
f 2989/1/2989 2988/1/2988 2987/1/2987 
f 2987/1/2987 2979/1/2979 2989/1/2989 
f 1144/1/1144 1187/1/1187 2991/1/2991 
f 2991/1/2991 1147/1/1147 1144/1/1144 
f 2989/1/2989 2991/1/2991 1187/1/1187 
f 1187/1/1187 1186/1/1186 2989/1/2989 
f 2979/1/2979 2978/1/2978 2991/1/2991 
f 2991/1/2991 2989/1/2989 2979/1/2979 
f 1147/1/1147 2991/1/2991 2978/1/2978 
f 2978/1/2978 1148/1/1148 1147/1/1147 
f 2968/1/2968 2971/1/2971 2992/1/2992 
f 2992/1/2992 2990/1/2990 2968/1/2968 
f 2963/1/2963 2992/1/2992 2971/1/2971 
f 2971/1/2971 2955/1/2955 2963/1/2963 
f 2965/1/2965 2981/1/2981 2992/1/2992 
f 2992/1/2992 2963/1/2963 2965/1/2965 
f 2990/1/2990 2992/1/2992 2981/1/2981 
f 2981/1/2981 2983/1/2983 2990/1/2990 
f 1351/1/1351 2993/1/2993 2994/1/2994 
f 2994/1/2994 1348/1/1348 1351/1/1351 
f 2995/1/2995 2993/1/2993 1351/1/1351 
f 1351/1/1351 1353/1/1353 2995/1/2995 
f 2996/1/2996 2997/1/2997 2993/1/2993 
f 2993/1/2993 2995/1/2995 2996/1/2996 
f 2994/1/2994 2993/1/2993 2997/1/2997 
f 2997/1/2997 2998/1/2998 2994/1/2994 
f 2999/1/2999 1357/1/1357 1348/1/1348 
f 2998/1/2998 3000/1/3000 2999/1/2999 
f 2999/1/2999 2994/1/2994 2998/1/2998 
f 3001/1/3001 3002/1/3002 2999/1/2999 
f 2999/1/2999 3000/1/3000 3001/1/3001 
f 3002/1/3002 1354/1/1354 1357/1/1357 
f 2998/1/2998 2997/1/2997 3003/1/3003 
f 3003/1/3003 3000/1/3000 2998/1/2998 
f 3004/1/3004 3003/1/3003 2997/1/2997 
f 2997/1/2997 2996/1/2996 3004/1/3004 
f 3005/1/3005 3006/1/3006 3003/1/3003 
f 3003/1/3003 3004/1/3004 3005/1/3005 
f 3000/1/3000 3003/1/3003 3006/1/3006 
f 3006/1/3006 3001/1/3001 3000/1/3000 
f 1359/1/1359 3007/1/3007 3008/1/3008 
f 3008/1/3008 1360/1/1360 1359/1/1359 
f 3007/1/3007 1359/1/1359 1354/1/1354 
f 3009/1/3009 3007/1/3007 3002/1/3002 
f 3002/1/3002 3001/1/3001 3009/1/3009 
f 3008/1/3008 3007/1/3007 3009/1/3009 
f 3009/1/3009 3010/1/3010 3008/1/3008 
f 1364/1/1364 1363/1/1363 3011/1/3011 
f 3011/1/3011 1394/1/1394 1364/1/1364 
f 1363/1/1363 1360/1/1360 3008/1/3008 
f 3010/1/3010 3012/1/3012 3011/1/3011 
f 3011/1/3011 3008/1/3008 3010/1/3010 
f 1394/1/1394 3011/1/3011 3012/1/3012 
f 3012/1/3012 1397/1/1397 1394/1/1394 
f 1397/1/1397 3012/1/3012 3013/1/3013 
f 3013/1/3013 3014/1/3014 1397/1/1397 
f 3015/1/3015 3013/1/3013 3012/1/3012 
f 3012/1/3012 3010/1/3010 3015/1/3015 
f 3016/1/3016 3017/1/3017 3013/1/3013 
f 3013/1/3013 3015/1/3015 3016/1/3016 
f 3017/1/3017 3018/1/3018 3014/1/3014 
f 3019/1/3019 3020/1/3020 2382/1/2382 
f 1396/1/1396 3019/1/3019 2381/1/2381 
f 2381/1/2381 1398/1/1398 1396/1/1396 
f 1397/1/1397 3014/1/3014 3019/1/3019 
f 3019/1/3019 1396/1/1396 1397/1/1397 
f 3020/1/3020 3019/1/3019 3014/1/3014 
f 3014/1/3014 3018/1/3018 3020/1/3020 
f 2444/1/2444 2443/1/2443 3021/1/3021 
f 3021/1/3021 3022/1/3022 2444/1/2444 
f 2438/1/2438 3021/1/3021 2443/1/2443 
f 2443/1/2443 2435/1/2435 2438/1/2438 
f 2382/1/2382 3020/1/3020 3021/1/3021 
f 3021/1/3021 2438/1/2438 2382/1/2382 
f 3022/1/3022 3021/1/3021 3020/1/3020 
f 3020/1/3020 3018/1/3018 3022/1/3022 
f 3001/1/3001 3006/1/3006 3023/1/3023 
f 3023/1/3023 3009/1/3009 3001/1/3001 
f 3024/1/3024 3023/1/3023 3006/1/3006 
f 3006/1/3006 3005/1/3005 3024/1/3024 
f 3024/1/3024 3016/1/3016 3015/1/3015 
f 3015/1/3015 3023/1/3023 3024/1/3024 
f 3010/1/3010 3009/1/3009 3023/1/3023 
f 3023/1/3023 3015/1/3015 3010/1/3010 
f 3025/1/3025 3026/1/3026 3027/1/3027 
f 3027/1/3027 3028/1/3028 3025/1/3025 
f 3029/1/3029 3027/1/3027 3026/1/3026 
f 3026/1/3026 3030/1/3030 3029/1/3029 
f 3031/1/3031 3032/1/3032 3027/1/3027 
f 3027/1/3027 3029/1/3029 3031/1/3031 
f 3033/1/3033 3028/1/3028 3027/1/3027 
f 3027/1/3027 3032/1/3032 3033/1/3033 
f 3034/1/3034 3035/1/3035 3036/1/3036 
f 3036/1/3036 3037/1/3037 3034/1/3034 
f 3035/1/3035 3038/1/3038 3039/1/3039 
f 3029/1/3029 3036/1/3036 3039/1/3039 
f 3039/1/3039 3031/1/3031 3029/1/3029 
f 3029/1/3029 3030/1/3030 3037/1/3037 
f 3037/1/3037 3036/1/3036 3029/1/3029 
f 3040/1/3040 3041/1/3041 3042/1/3042 
f 3042/1/3042 3043/1/3043 3040/1/3040 
f 3044/1/3044 3045/1/3045 3042/1/3042 
f 3042/1/3042 3041/1/3041 3044/1/3044 
f 3045/1/3045 3030/1/3030 3026/1/3026 
f 3026/1/3026 3042/1/3042 3045/1/3045 
f 3043/1/3043 3042/1/3042 3026/1/3026 
f 3026/1/3026 3025/1/3025 3043/1/3043 
f 3034/1/3034 3037/1/3037 3046/1/3046 
f 3046/1/3046 3047/1/3047 3034/1/3034 
f 3030/1/3030 3045/1/3045 3046/1/3046 
f 3046/1/3046 3037/1/3037 3030/1/3030 
f 3045/1/3045 3044/1/3044 3048/1/3048 
f 3048/1/3048 3046/1/3046 3045/1/3045 
f 3047/1/3047 3046/1/3046 3048/1/3048 
f 3048/1/3048 3049/1/3049 3047/1/3047 
f 3049/1/3049 3050/1/3050 3051/1/3051 
f 3051/1/3051 3047/1/3047 3049/1/3049 
f 3052/1/3052 3051/1/3051 3050/1/3050 
f 3050/1/3050 3053/1/3053 3052/1/3052 
f 3038/1/3038 3035/1/3035 3051/1/3051 
f 3051/1/3051 3052/1/3052 3038/1/3038 
f 3047/1/3047 3051/1/3051 3035/1/3035 
f 3035/1/3035 3034/1/3034 3047/1/3047 
f 3033/1/3033 3054/1/3054 3055/1/3055 
f 3055/1/3055 3056/1/3056 3033/1/3033 
f 3057/1/3057 3055/1/3055 3054/1/3054 
f 3054/1/3054 3058/1/3058 3057/1/3057 
f 3059/1/3059 3060/1/3060 3055/1/3055 
f 3055/1/3055 3057/1/3057 3059/1/3059 
f 3056/1/3056 3055/1/3055 3060/1/3060 
f 3060/1/3060 3061/1/3061 3056/1/3056 
f 3031/1/3031 3062/1/3062 3063/1/3063 
f 3063/1/3063 3032/1/3032 3031/1/3031 
f 3064/1/3064 3063/1/3063 3062/1/3062 
f 3062/1/3062 3065/1/3065 3064/1/3064 
f 3058/1/3058 3054/1/3054 3063/1/3063 
f 3063/1/3063 3064/1/3064 3058/1/3058 
f 3032/1/3032 3063/1/3063 3054/1/3054 
f 3054/1/3054 3033/1/3033 3032/1/3032 
f 3066/1/3066 3062/1/3062 3031/1/3031 
f 3067/1/3067 3066/1/3066 3039/1/3039 
f 3039/1/3039 3038/1/3038 3067/1/3067 
f 3068/1/3068 3069/1/3069 3066/1/3066 
f 3066/1/3066 3067/1/3067 3068/1/3068 
f 3062/1/3062 3066/1/3066 3069/1/3069 
f 3069/1/3069 3065/1/3065 3062/1/3062 
f 3070/1/3070 3052/1/3052 3053/1/3053 
f 3071/1/3071 3072/1/3072 3073/1/3073 
f 3067/1/3067 3070/1/3070 3073/1/3073 
f 3073/1/3073 3068/1/3068 3067/1/3067 
f 3067/1/3067 3038/1/3038 3052/1/3052 
f 3074/1/3074 3075/1/3075 3076/1/3076 
f 3076/1/3076 3077/1/3077 3074/1/3074 
f 3078/1/3078 3077/1/3077 3076/1/3076 
f 3076/1/3076 3079/1/3079 3078/1/3078 
f 3049/1/3049 3048/1/3048 3077/1/3077 
f 3077/1/3077 3078/1/3078 3049/1/3049 
f 3074/1/3074 3077/1/3077 3048/1/3048 
f 3048/1/3048 3044/1/3044 3074/1/3074 
f 3053/1/3053 3050/1/3050 3080/1/3080 
f 3080/1/3080 3081/1/3081 3053/1/3053 
f 3078/1/3078 3080/1/3080 3050/1/3050 
f 3050/1/3050 3049/1/3049 3078/1/3078 
f 3080/1/3080 3078/1/3078 3079/1/3079 
f 3082/1/3082 3083/1/3083 3081/1/3081 
f 3084/1/3084 3072/1/3072 3071/1/3071 
f 3071/1/3071 3053/1/3053 3081/1/3081 
f 3085/1/3085 3086/1/3086 3081/1/3081 
f 3081/1/3081 3083/1/3083 3085/1/3085 
f 3087/1/3087 3084/1/3084 3086/1/3086 
f 3086/1/3086 3085/1/3085 3087/1/3087 
f 3087/1/3087 3088/1/3088 3089/1/3089 
f 3089/1/3089 3084/1/3084 3087/1/3087 
f 3088/1/3088 3090/1/3090 3091/1/3091 
f 3092/1/3092 3089/1/3089 3091/1/3091 
f 3091/1/3091 3093/1/3093 3092/1/3092 
f 3084/1/3084 3089/1/3089 3092/1/3092 
f 3092/1/3092 3072/1/3072 3084/1/3084 
f 3090/1/3090 3094/1/3094 3095/1/3095 
f 3095/1/3095 3091/1/3091 3090/1/3090 
f 3096/1/3096 3097/1/3097 3095/1/3095 
f 3095/1/3095 3094/1/3094 3096/1/3096 
f 3098/1/3098 3099/1/3099 3095/1/3095 
f 3095/1/3095 3097/1/3097 3098/1/3098 
f 3091/1/3091 3095/1/3095 3099/1/3099 
f 3099/1/3099 3093/1/3093 3091/1/3091 
f 3100/1/3100 3101/1/3101 3102/1/3102 
f 3102/1/3102 3103/1/3103 3100/1/3100 
f 3104/1/3104 3102/1/3102 3101/1/3101 
f 3101/1/3101 3105/1/3105 3104/1/3104 
f 3097/1/3097 3102/1/3102 3104/1/3104 
f 3104/1/3104 3098/1/3098 3097/1/3097 
f 3103/1/3103 3102/1/3102 3097/1/3097 
f 3097/1/3097 3096/1/3096 3103/1/3103 
f 3106/1/3106 3107/1/3107 3108/1/3108 
f 3108/1/3108 3109/1/3109 3106/1/3106 
f 3110/1/3110 3108/1/3108 3107/1/3107 
f 3107/1/3107 3059/1/3059 3110/1/3110 
f 3111/1/3111 3108/1/3108 3110/1/3110 
f 3110/1/3110 3112/1/3112 3111/1/3111 
f 3113/1/3113 3109/1/3109 3108/1/3108 
f 3108/1/3108 3111/1/3111 3113/1/3113 
f 3058/1/3058 3114/1/3114 3115/1/3115 
f 3115/1/3115 3057/1/3057 3058/1/3058 
f 3116/1/3116 3115/1/3115 3114/1/3114 
f 3114/1/3114 3117/1/3117 3116/1/3116 
f 3112/1/3112 3110/1/3110 3115/1/3115 
f 3115/1/3115 3116/1/3116 3112/1/3112 
f 3057/1/3057 3115/1/3115 3110/1/3110 
f 3110/1/3110 3059/1/3059 3057/1/3057 
f 3118/1/3118 3064/1/3064 3065/1/3065 
f 3119/1/3119 3118/1/3118 3120/1/3120 
f 3120/1/3120 3121/1/3121 3119/1/3119 
f 3117/1/3117 3114/1/3114 3118/1/3118 
f 3118/1/3118 3119/1/3119 3117/1/3117 
f 3064/1/3064 3118/1/3118 3114/1/3114 
f 3114/1/3114 3058/1/3058 3064/1/3064 
f 3065/1/3065 3069/1/3069 3122/1/3122 
f 3122/1/3122 3120/1/3120 3065/1/3065 
f 3123/1/3123 3122/1/3122 3069/1/3069 
f 3069/1/3069 3068/1/3068 3123/1/3123 
f 3124/1/3124 3125/1/3125 3122/1/3122 
f 3122/1/3122 3123/1/3123 3124/1/3124 
f 3120/1/3120 3122/1/3122 3125/1/3125 
f 3125/1/3125 3121/1/3121 3120/1/3120 
f 3068/1/3068 3073/1/3073 3126/1/3126 
f 3126/1/3126 3123/1/3123 3068/1/3068 
f 3127/1/3127 3126/1/3126 3073/1/3073 
f 3073/1/3073 3072/1/3072 3127/1/3127 
f 3127/1/3127 3128/1/3128 3129/1/3129 
f 3129/1/3129 3126/1/3126 3127/1/3127 
f 3123/1/3123 3126/1/3126 3129/1/3129 
f 3129/1/3129 3124/1/3124 3123/1/3123 
f 3093/1/3093 3130/1/3130 3131/1/3131 
f 3131/1/3131 3092/1/3092 3093/1/3093 
f 3132/1/3132 3131/1/3131 3130/1/3130 
f 3130/1/3130 3133/1/3133 3132/1/3132 
f 3128/1/3128 3127/1/3127 3131/1/3131 
f 3131/1/3131 3132/1/3132 3128/1/3128 
f 3092/1/3092 3131/1/3131 3127/1/3127 
f 3127/1/3127 3072/1/3072 3092/1/3092 
f 3134/1/3134 3135/1/3135 3099/1/3099 
f 3099/1/3099 3098/1/3098 3134/1/3134 
f 3136/1/3136 3135/1/3135 3134/1/3134 
f 3134/1/3134 3137/1/3137 3136/1/3136 
f 3133/1/3133 3130/1/3130 3135/1/3135 
f 3135/1/3135 3136/1/3136 3133/1/3133 
f 3099/1/3099 3135/1/3135 3130/1/3130 
f 3130/1/3130 3093/1/3093 3099/1/3099 
f 3098/1/3098 3104/1/3104 3138/1/3138 
f 3138/1/3138 3134/1/3134 3098/1/3098 
f 3105/1/3105 3139/1/3139 3138/1/3138 
f 3138/1/3138 3104/1/3104 3105/1/3105 
f 3140/1/3140 3138/1/3138 3139/1/3139 
f 3139/1/3139 3141/1/3141 3140/1/3140 
f 3137/1/3137 3134/1/3134 3138/1/3138 
f 3138/1/3138 3140/1/3140 3137/1/3137 
f 3113/1/3113 3111/1/3111 3142/1/3142 
f 3142/1/3142 3143/1/3143 3113/1/3113 
f 3144/1/3144 3142/1/3142 3111/1/3111 
f 3111/1/3111 3112/1/3112 3144/1/3144 
f 3145/1/3145 3146/1/3146 3142/1/3142 
f 3142/1/3142 3144/1/3144 3145/1/3145 
f 3143/1/3143 3142/1/3142 3146/1/3146 
f 3146/1/3146 3147/1/3147 3143/1/3143 
f 3116/1/3116 3148/1/3148 3144/1/3144 
f 3144/1/3144 3112/1/3112 3116/1/3116 
f 3117/1/3117 3149/1/3149 3148/1/3148 
f 3148/1/3148 3116/1/3116 3117/1/3117 
f 3150/1/3150 3151/1/3151 3148/1/3148 
f 3148/1/3148 3149/1/3149 3150/1/3150 
f 3144/1/3144 3148/1/3148 3151/1/3151 
f 3151/1/3151 3145/1/3145 3144/1/3144 
f 3152/1/3152 3153/1/3153 3154/1/3154 
f 3154/1/3154 3155/1/3155 3152/1/3152 
f 3149/1/3149 3154/1/3154 3153/1/3153 
f 3153/1/3153 3150/1/3150 3149/1/3149 
f 3119/1/3119 3154/1/3154 3149/1/3149 
f 3149/1/3149 3117/1/3117 3119/1/3119 
f 3121/1/3121 3155/1/3155 3154/1/3154 
f 3154/1/3154 3119/1/3119 3121/1/3121 
f 3156/1/3156 3157/1/3157 3153/1/3153 
f 3153/1/3153 3152/1/3152 3156/1/3156 
f 3157/1/3157 3156/1/3156 3158/1/3158 
f 3153/1/3153 3157/1/3157 3159/1/3159 
f 3159/1/3159 3150/1/3150 3153/1/3153 
f 3160/1/3160 3161/1/3161 3162/1/3162 
f 3162/1/3162 3163/1/3163 3160/1/3160 
f 3155/1/3155 3162/1/3162 3161/1/3161 
f 3161/1/3161 3152/1/3152 3155/1/3155 
f 3121/1/3121 3125/1/3125 3162/1/3162 
f 3162/1/3162 3155/1/3155 3121/1/3121 
f 3163/1/3163 3162/1/3162 3125/1/3125 
f 3125/1/3125 3124/1/3124 3163/1/3163 
f 3128/1/3128 3164/1/3164 3165/1/3165 
f 3165/1/3165 3129/1/3129 3128/1/3128 
f 3166/1/3166 3167/1/3167 3165/1/3165 
f 3165/1/3165 3164/1/3164 3166/1/3166 
f 3163/1/3163 3165/1/3165 3167/1/3167 
f 3167/1/3167 3160/1/3160 3163/1/3163 
f 3129/1/3129 3165/1/3165 3163/1/3163 
f 3163/1/3163 3124/1/3124 3129/1/3129 
f 3133/1/3133 3168/1/3168 3169/1/3169 
f 3169/1/3169 3132/1/3132 3133/1/3133 
f 3170/1/3170 3171/1/3171 3169/1/3169 
f 3169/1/3169 3168/1/3168 3170/1/3170 
f 3171/1/3171 3166/1/3166 3164/1/3164 
f 3164/1/3164 3169/1/3169 3171/1/3171 
f 3132/1/3132 3169/1/3169 3164/1/3164 
f 3164/1/3164 3128/1/3128 3132/1/3132 
f 3172/1/3172 3173/1/3173 3174/1/3174 
f 3174/1/3174 3175/1/3175 3172/1/3172 
f 3168/1/3168 3174/1/3174 3173/1/3173 
f 3173/1/3173 3170/1/3170 3168/1/3168 
f 3136/1/3136 3174/1/3174 3168/1/3168 
f 3168/1/3168 3133/1/3133 3136/1/3136 
f 3137/1/3137 3175/1/3175 3174/1/3174 
f 3174/1/3174 3136/1/3136 3137/1/3137 
f 3176/1/3176 3177/1/3177 3178/1/3178 
f 3178/1/3178 3179/1/3179 3176/1/3176 
f 3180/1/3180 3178/1/3178 3177/1/3177 
f 3177/1/3177 3181/1/3181 3180/1/3180 
f 3083/1/3083 3082/1/3082 3178/1/3178 
f 3178/1/3178 3180/1/3180 3083/1/3083 
f 3082/1/3082 3079/1/3079 3179/1/3179 
f 3182/1/3182 3183/1/3183 3184/1/3184 
f 3184/1/3184 3185/1/3185 3182/1/3182 
f 3186/1/3186 3184/1/3184 3183/1/3183 
f 3183/1/3183 3187/1/3187 3186/1/3186 
f 3181/1/3181 3177/1/3177 3184/1/3184 
f 3184/1/3184 3186/1/3186 3181/1/3181 
f 3185/1/3185 3184/1/3184 3177/1/3177 
f 3177/1/3177 3176/1/3176 3185/1/3185 
f 3181/1/3181 3188/1/3188 3189/1/3189 
f 3189/1/3189 3180/1/3180 3181/1/3181 
f 3190/1/3190 3189/1/3189 3188/1/3188 
f 3188/1/3188 3191/1/3191 3190/1/3190 
f 3087/1/3087 3085/1/3085 3189/1/3189 
f 3189/1/3189 3190/1/3190 3087/1/3087 
f 3180/1/3180 3189/1/3189 3085/1/3085 
f 3085/1/3085 3083/1/3083 3180/1/3180 
f 3187/1/3187 3192/1/3192 3193/1/3193 
f 3193/1/3193 3186/1/3186 3187/1/3187 
f 3194/1/3194 3193/1/3193 3192/1/3192 
f 3192/1/3192 3195/1/3195 3194/1/3194 
f 3191/1/3191 3188/1/3188 3193/1/3193 
f 3193/1/3193 3194/1/3194 3191/1/3191 
f 3186/1/3186 3193/1/3193 3188/1/3188 
f 3188/1/3188 3181/1/3181 3186/1/3186 
f 3196/1/3196 3197/1/3197 3198/1/3198 
f 3198/1/3198 3199/1/3199 3196/1/3196 
f 3200/1/3200 3198/1/3198 3197/1/3197 
f 3197/1/3197 3201/1/3201 3200/1/3200 
f 3195/1/3195 3192/1/3192 3198/1/3198 
f 3198/1/3198 3200/1/3200 3195/1/3195 
f 3199/1/3199 3198/1/3198 3192/1/3192 
f 3192/1/3192 3187/1/3187 3199/1/3199 
f 3191/1/3191 3202/1/3202 3203/1/3203 
f 3203/1/3203 3190/1/3190 3191/1/3191 
f 3204/1/3204 3203/1/3203 3202/1/3202 
f 3202/1/3202 3205/1/3205 3204/1/3204 
f 3090/1/3090 3088/1/3088 3203/1/3203 
f 3203/1/3203 3204/1/3204 3090/1/3090 
f 3190/1/3190 3203/1/3203 3088/1/3088 
f 3088/1/3088 3087/1/3087 3190/1/3190 
f 3206/1/3206 3207/1/3207 3208/1/3208 
f 3208/1/3208 3209/1/3209 3206/1/3206 
f 3200/1/3200 3208/1/3208 3207/1/3207 
f 3207/1/3207 3195/1/3195 3200/1/3200 
f 3201/1/3201 3210/1/3210 3208/1/3208 
f 3208/1/3208 3200/1/3200 3201/1/3201 
f 3209/1/3209 3208/1/3208 3210/1/3210 
f 3210/1/3210 3211/1/3211 3209/1/3209 
f 3195/1/3195 3207/1/3207 3212/1/3212 
f 3212/1/3212 3194/1/3194 3195/1/3195 
f 3213/1/3213 3212/1/3212 3207/1/3207 
f 3207/1/3207 3206/1/3206 3213/1/3213 
f 3205/1/3205 3202/1/3202 3212/1/3212 
f 3212/1/3212 3213/1/3213 3205/1/3205 
f 3194/1/3194 3212/1/3212 3202/1/3202 
f 3202/1/3202 3191/1/3191 3194/1/3194 
f 3205/1/3205 3214/1/3214 3215/1/3215 
f 3215/1/3215 3204/1/3204 3205/1/3205 
f 3214/1/3214 3216/1/3216 3217/1/3217 
f 3096/1/3096 3094/1/3094 3215/1/3215 
f 3215/1/3215 3217/1/3217 3096/1/3096 
f 3204/1/3204 3215/1/3215 3094/1/3094 
f 3094/1/3094 3090/1/3090 3204/1/3204 
f 3218/1/3218 3217/1/3217 3216/1/3216 
f 3219/1/3219 3218/1/3218 3220/1/3220 
f 3220/1/3220 3221/1/3221 3219/1/3219 
f 3100/1/3100 3103/1/3103 3218/1/3218 
f 3218/1/3218 3219/1/3219 3100/1/3100 
f 3217/1/3217 3218/1/3218 3103/1/3103 
f 3103/1/3103 3096/1/3096 3217/1/3217 
f 3206/1/3206 3222/1/3222 3223/1/3223 
f 3223/1/3223 3213/1/3213 3206/1/3206 
f 3224/1/3224 3223/1/3223 3222/1/3222 
f 3222/1/3222 3225/1/3225 3224/1/3224 
f 3216/1/3216 3214/1/3214 3223/1/3223 
f 3223/1/3223 3224/1/3224 3216/1/3216 
f 3213/1/3213 3223/1/3223 3214/1/3214 
f 3214/1/3214 3205/1/3205 3213/1/3213 
f 3211/1/3211 3226/1/3226 3227/1/3227 
f 3227/1/3227 3209/1/3209 3211/1/3211 
f 3228/1/3228 3227/1/3227 3226/1/3226 
f 3226/1/3226 3229/1/3229 3228/1/3228 
f 3225/1/3225 3222/1/3222 3227/1/3227 
f 3227/1/3227 3228/1/3228 3225/1/3225 
f 3209/1/3209 3227/1/3227 3222/1/3222 
f 3222/1/3222 3206/1/3206 3209/1/3209 
f 3225/1/3225 3230/1/3230 3231/1/3231 
f 3231/1/3231 3224/1/3224 3225/1/3225 
f 3232/1/3232 3231/1/3231 3230/1/3230 
f 3230/1/3230 3233/1/3233 3232/1/3232 
f 3221/1/3221 3220/1/3220 3231/1/3231 
f 3231/1/3231 3232/1/3232 3221/1/3221 
f 3224/1/3224 3231/1/3231 3220/1/3220 
f 3220/1/3220 3216/1/3216 3224/1/3224 
f 3229/1/3229 3234/1/3234 3235/1/3235 
f 3235/1/3235 3228/1/3228 3229/1/3229 
f 3236/1/3236 3235/1/3235 3234/1/3234 
f 3234/1/3234 3237/1/3237 3236/1/3236 
f 3233/1/3233 3230/1/3230 3235/1/3235 
f 3235/1/3235 3236/1/3236 3233/1/3233 
f 3228/1/3228 3235/1/3235 3230/1/3230 
f 3230/1/3230 3225/1/3225 3228/1/3228 
f 3233/1/3233 3238/1/3238 3239/1/3239 
f 3239/1/3239 3232/1/3232 3233/1/3233 
f 3240/1/3240 3239/1/3239 3238/1/3238 
f 3238/1/3238 3241/1/3241 3240/1/3240 
f 3242/1/3242 3243/1/3243 3239/1/3239 
f 3239/1/3239 3240/1/3240 3242/1/3242 
f 3232/1/3232 3239/1/3239 3243/1/3243 
f 3243/1/3243 3221/1/3221 3232/1/3232 
f 3237/1/3237 3244/1/3244 3245/1/3245 
f 3245/1/3245 3236/1/3236 3237/1/3237 
f 3246/1/3246 3245/1/3245 3244/1/3244 
f 3244/1/3244 3247/1/3247 3246/1/3246 
f 3241/1/3241 3238/1/3238 3245/1/3245 
f 3245/1/3245 3246/1/3246 3241/1/3241 
f 3236/1/3236 3245/1/3245 3238/1/3238 
f 3238/1/3238 3233/1/3233 3236/1/3236 
f 3247/1/3247 3248/1/3248 3249/1/3249 
f 3249/1/3249 3246/1/3246 3247/1/3247 
f 3250/1/3250 3249/1/3249 3248/1/3248 
f 3248/1/3248 3251/1/3251 3250/1/3250 
f 3252/1/3252 3253/1/3253 3249/1/3249 
f 3249/1/3249 3250/1/3250 3252/1/3252 
f 3246/1/3246 3249/1/3249 3253/1/3253 
f 3253/1/3253 3241/1/3241 3246/1/3246 
f 3254/1/3254 3255/1/3255 3256/1/3256 
f 3256/1/3256 3257/1/3257 3254/1/3254 
f 3250/1/3250 3256/1/3256 3255/1/3255 
f 3255/1/3255 3252/1/3252 3250/1/3250 
f 3251/1/3251 3258/1/3258 3256/1/3256 
f 3256/1/3256 3250/1/3250 3251/1/3251 
f 3257/1/3257 3256/1/3256 3258/1/3258 
f 3258/1/3258 3259/1/3259 3257/1/3257 
f 3259/1/3259 3260/1/3260 3261/1/3261 
f 3261/1/3261 3257/1/3257 3259/1/3259 
f 3262/1/3262 3261/1/3261 3260/1/3260 
f 3260/1/3260 3263/1/3263 3262/1/3262 
f 3264/1/3264 3265/1/3265 3261/1/3261 
f 3261/1/3261 3262/1/3262 3264/1/3264 
f 3257/1/3257 3261/1/3261 3265/1/3265 
f 3265/1/3265 3254/1/3254 3257/1/3257 
f 3158/1/3158 3156/1/3156 3266/1/3266 
f 3266/1/3266 3267/1/3267 3158/1/3158 
f 3268/1/3268 3266/1/3266 3156/1/3156 
f 3156/1/3156 3152/1/3152 3268/1/3268 
f 3269/1/3269 3270/1/3270 3266/1/3266 
f 3266/1/3266 3268/1/3268 3269/1/3269 
f 3267/1/3267 3266/1/3266 3270/1/3270 
f 3270/1/3270 3271/1/3271 3267/1/3267 
f 3161/1/3161 3272/1/3272 3268/1/3268 
f 3268/1/3268 3152/1/3152 3161/1/3161 
f 3273/1/3273 3272/1/3272 3161/1/3161 
f 3161/1/3161 3160/1/3160 3273/1/3273 
f 3274/1/3274 3275/1/3275 3272/1/3272 
f 3272/1/3272 3273/1/3273 3274/1/3274 
f 3268/1/3268 3272/1/3272 3275/1/3275 
f 3275/1/3275 3269/1/3269 3268/1/3268 
f 3160/1/3160 3167/1/3167 3276/1/3276 
f 3276/1/3276 3273/1/3273 3160/1/3160 
f 3277/1/3277 3276/1/3276 3167/1/3167 
f 3167/1/3167 3166/1/3166 3277/1/3277 
f 3278/1/3278 3279/1/3279 3276/1/3276 
f 3276/1/3276 3277/1/3277 3278/1/3278 
f 3273/1/3273 3276/1/3276 3279/1/3279 
f 3279/1/3279 3274/1/3274 3273/1/3273 
f 3166/1/3166 3171/1/3171 3280/1/3280 
f 3280/1/3280 3277/1/3277 3166/1/3166 
f 3281/1/3281 3280/1/3280 3171/1/3171 
f 3171/1/3171 3170/1/3170 3281/1/3281 
f 3282/1/3282 3283/1/3283 3280/1/3280 
f 3280/1/3280 3281/1/3281 3282/1/3282 
f 3277/1/3277 3280/1/3280 3283/1/3283 
f 3283/1/3283 3278/1/3278 3277/1/3277 
f 3278/1/3278 3283/1/3283 3284/1/3284 
f 3284/1/3284 3285/1/3285 3278/1/3278 
f 3286/1/3286 3284/1/3284 3283/1/3283 
f 3283/1/3283 3282/1/3282 3286/1/3286 
f 3287/1/3287 3288/1/3288 3284/1/3284 
f 3284/1/3284 3286/1/3286 3287/1/3287 
f 3285/1/3285 3284/1/3284 3288/1/3288 
f 3288/1/3288 3289/1/3289 3285/1/3285 
f 3290/1/3290 3291/1/3291 3292/1/3292 
f 3292/1/3292 3293/1/3293 3290/1/3290 
f 3294/1/3294 3292/1/3292 3291/1/3291 
f 3291/1/3291 3295/1/3295 3294/1/3294 
f 3201/1/3201 3197/1/3197 3292/1/3292 
f 3292/1/3292 3294/1/3294 3201/1/3201 
f 3293/1/3293 3292/1/3292 3197/1/3197 
f 3197/1/3197 3196/1/3196 3293/1/3293 
f 3295/1/3295 3296/1/3296 3297/1/3297 
f 3297/1/3297 3294/1/3294 3295/1/3295 
f 3298/1/3298 3297/1/3297 3296/1/3296 
f 3296/1/3296 3299/1/3299 3298/1/3298 
f 3211/1/3211 3210/1/3210 3297/1/3297 
f 3297/1/3297 3298/1/3298 3211/1/3211 
f 3294/1/3294 3297/1/3297 3210/1/3210 
f 3210/1/3210 3201/1/3201 3294/1/3294 
f 3299/1/3299 3300/1/3300 3301/1/3301 
f 3301/1/3301 3298/1/3298 3299/1/3299 
f 3302/1/3302 3301/1/3301 3300/1/3300 
f 3300/1/3300 3303/1/3303 3302/1/3302 
f 3229/1/3229 3226/1/3226 3301/1/3301 
f 3301/1/3301 3302/1/3302 3229/1/3229 
f 3298/1/3298 3301/1/3301 3226/1/3226 
f 3226/1/3226 3211/1/3211 3298/1/3298 
f 3303/1/3303 3304/1/3304 3305/1/3305 
f 3305/1/3305 3302/1/3302 3303/1/3303 
f 3306/1/3306 3305/1/3305 3304/1/3304 
f 3304/1/3304 3307/1/3307 3306/1/3306 
f 3237/1/3237 3234/1/3234 3305/1/3305 
f 3305/1/3305 3306/1/3306 3237/1/3237 
f 3302/1/3302 3305/1/3305 3234/1/3234 
f 3234/1/3234 3229/1/3229 3302/1/3302 
f 3307/1/3307 3308/1/3308 3309/1/3309 
f 3309/1/3309 3306/1/3306 3307/1/3307 
f 3310/1/3310 3309/1/3309 3308/1/3308 
f 3308/1/3308 3311/1/3311 3310/1/3310 
f 3247/1/3247 3244/1/3244 3309/1/3309 
f 3309/1/3309 3310/1/3310 3247/1/3247 
f 3306/1/3306 3309/1/3309 3244/1/3244 
f 3244/1/3244 3237/1/3237 3306/1/3306 
f 3311/1/3311 3312/1/3312 3313/1/3313 
f 3313/1/3313 3310/1/3310 3311/1/3311 
f 3314/1/3314 3313/1/3313 3312/1/3312 
f 3312/1/3312 3315/1/3315 3314/1/3314 
f 3251/1/3251 3248/1/3248 3313/1/3313 
f 3313/1/3313 3314/1/3314 3251/1/3251 
f 3310/1/3310 3313/1/3313 3248/1/3248 
f 3248/1/3248 3247/1/3247 3310/1/3310 
f 3315/1/3315 3316/1/3316 3317/1/3317 
f 3317/1/3317 3314/1/3314 3315/1/3315 
f 3318/1/3318 3317/1/3317 3316/1/3316 
f 3316/1/3316 3319/1/3319 3318/1/3318 
f 3259/1/3259 3258/1/3258 3317/1/3317 
f 3317/1/3317 3318/1/3318 3259/1/3259 
f 3314/1/3314 3317/1/3317 3258/1/3258 
f 3258/1/3258 3251/1/3251 3314/1/3314 
f 3319/1/3319 3320/1/3320 3321/1/3321 
f 3321/1/3321 3318/1/3318 3319/1/3319 
f 3322/1/3322 3321/1/3321 3320/1/3320 
f 3320/1/3320 3323/1/3323 3322/1/3322 
f 3263/1/3263 3260/1/3260 3321/1/3321 
f 3321/1/3321 3322/1/3322 3263/1/3263 
f 3318/1/3318 3321/1/3321 3260/1/3260 
f 3260/1/3260 3259/1/3259 3318/1/3318 
f 3324/1/3324 3325/1/3325 3326/1/3326 
f 3326/1/3326 3327/1/3327 3324/1/3324 
f 3328/1/3328 3326/1/3326 3325/1/3325 
f 3325/1/3325 3329/1/3329 3328/1/3328 
f 3290/1/3290 3330/1/3330 3326/1/3326 
f 3326/1/3326 3328/1/3328 3290/1/3290 
f 3327/1/3327 3326/1/3326 3330/1/3330 
f 3330/1/3330 3331/1/3331 3327/1/3327 
f 3329/1/3329 3332/1/3332 3333/1/3333 
f 3333/1/3333 3328/1/3328 3329/1/3329 
f 3334/1/3334 3333/1/3333 3332/1/3332 
f 3332/1/3332 3335/1/3335 3334/1/3334 
f 3295/1/3295 3291/1/3291 3333/1/3333 
f 3333/1/3333 3334/1/3334 3295/1/3295 
f 3328/1/3328 3333/1/3333 3291/1/3291 
f 3291/1/3291 3290/1/3290 3328/1/3328 
f 3335/1/3335 3336/1/3336 3337/1/3337 
f 3337/1/3337 3334/1/3334 3335/1/3335 
f 3338/1/3338 3337/1/3337 3336/1/3336 
f 3336/1/3336 3339/1/3339 3338/1/3338 
f 3299/1/3299 3296/1/3296 3337/1/3337 
f 3337/1/3337 3338/1/3338 3299/1/3299 
f 3334/1/3334 3337/1/3337 3296/1/3296 
f 3296/1/3296 3295/1/3295 3334/1/3334 
f 3339/1/3339 3340/1/3340 3341/1/3341 
f 3341/1/3341 3338/1/3338 3339/1/3339 
f 3342/1/3342 3341/1/3341 3340/1/3340 
f 3340/1/3340 3343/1/3343 3342/1/3342 
f 3303/1/3303 3300/1/3300 3341/1/3341 
f 3341/1/3341 3342/1/3342 3303/1/3303 
f 3338/1/3338 3341/1/3341 3300/1/3300 
f 3300/1/3300 3299/1/3299 3338/1/3338 
f 3343/1/3343 3344/1/3344 3345/1/3345 
f 3345/1/3345 3342/1/3342 3343/1/3343 
f 3346/1/3346 3345/1/3345 3344/1/3344 
f 3344/1/3344 3347/1/3347 3346/1/3346 
f 3307/1/3307 3304/1/3304 3345/1/3345 
f 3345/1/3345 3346/1/3346 3307/1/3307 
f 3342/1/3342 3345/1/3345 3304/1/3304 
f 3304/1/3304 3303/1/3303 3342/1/3342 
f 3347/1/3347 3348/1/3348 3349/1/3349 
f 3349/1/3349 3346/1/3346 3347/1/3347 
f 3350/1/3350 3349/1/3349 3348/1/3348 
f 3348/1/3348 3351/1/3351 3350/1/3350 
f 3311/1/3311 3308/1/3308 3349/1/3349 
f 3349/1/3349 3350/1/3350 3311/1/3311 
f 3346/1/3346 3349/1/3349 3308/1/3308 
f 3308/1/3308 3307/1/3307 3346/1/3346 
f 3351/1/3351 3352/1/3352 3353/1/3353 
f 3353/1/3353 3350/1/3350 3351/1/3351 
f 3354/1/3354 3353/1/3353 3352/1/3352 
f 3352/1/3352 3355/1/3355 3354/1/3354 
f 3315/1/3315 3312/1/3312 3353/1/3353 
f 3353/1/3353 3354/1/3354 3315/1/3315 
f 3350/1/3350 3353/1/3353 3312/1/3312 
f 3312/1/3312 3311/1/3311 3350/1/3350 
f 3355/1/3355 3356/1/3356 3357/1/3357 
f 3357/1/3357 3354/1/3354 3355/1/3355 
f 3358/1/3358 3357/1/3357 3356/1/3356 
f 3356/1/3356 3359/1/3359 3358/1/3358 
f 3319/1/3319 3316/1/3316 3357/1/3357 
f 3357/1/3357 3358/1/3358 3319/1/3319 
f 3354/1/3354 3357/1/3357 3316/1/3316 
f 3316/1/3316 3315/1/3315 3354/1/3354 
f 3360/1/3360 3361/1/3361 3362/1/3362 
f 3362/1/3362 3363/1/3363 3360/1/3360 
f 3364/1/3364 3362/1/3362 3361/1/3361 
f 3361/1/3361 3365/1/3365 3364/1/3364 
f 3324/1/3324 3366/1/3366 3362/1/3362 
f 3362/1/3362 3364/1/3364 3324/1/3324 
f 3363/1/3363 3362/1/3362 3366/1/3366 
f 3366/1/3366 3367/1/3367 3363/1/3363 
f 3365/1/3365 3368/1/3368 3369/1/3369 
f 3369/1/3369 3364/1/3364 3365/1/3365 
f 3370/1/3370 3369/1/3369 3368/1/3368 
f 3368/1/3368 3371/1/3371 3370/1/3370 
f 3329/1/3329 3325/1/3325 3369/1/3369 
f 3369/1/3369 3370/1/3370 3329/1/3329 
f 3364/1/3364 3369/1/3369 3325/1/3325 
f 3325/1/3325 3324/1/3324 3364/1/3364 
f 3371/1/3371 3372/1/3372 3373/1/3373 
f 3373/1/3373 3370/1/3370 3371/1/3371 
f 3374/1/3374 3373/1/3373 3372/1/3372 
f 3372/1/3372 3375/1/3375 3374/1/3374 
f 3335/1/3335 3332/1/3332 3373/1/3373 
f 3373/1/3373 3374/1/3374 3335/1/3335 
f 3370/1/3370 3373/1/3373 3332/1/3332 
f 3332/1/3332 3329/1/3329 3370/1/3370 
f 3375/1/3375 3376/1/3376 3377/1/3377 
f 3377/1/3377 3374/1/3374 3375/1/3375 
f 3378/1/3378 3377/1/3377 3376/1/3376 
f 3376/1/3376 3379/1/3379 3378/1/3378 
f 3339/1/3339 3336/1/3336 3377/1/3377 
f 3377/1/3377 3378/1/3378 3339/1/3339 
f 3374/1/3374 3377/1/3377 3336/1/3336 
f 3336/1/3336 3335/1/3335 3374/1/3374 
f 3379/1/3379 3380/1/3380 3381/1/3381 
f 3381/1/3381 3378/1/3378 3379/1/3379 
f 3382/1/3382 3381/1/3381 3380/1/3380 
f 3380/1/3380 3383/1/3383 3382/1/3382 
f 3343/1/3343 3340/1/3340 3381/1/3381 
f 3381/1/3381 3382/1/3382 3343/1/3343 
f 3378/1/3378 3381/1/3381 3340/1/3340 
f 3340/1/3340 3339/1/3339 3378/1/3378 
f 3383/1/3383 3384/1/3384 3385/1/3385 
f 3385/1/3385 3382/1/3382 3383/1/3383 
f 3386/1/3386 3385/1/3385 3384/1/3384 
f 3384/1/3384 3387/1/3387 3386/1/3386 
f 3347/1/3347 3344/1/3344 3385/1/3385 
f 3385/1/3385 3386/1/3386 3347/1/3347 
f 3382/1/3382 3385/1/3385 3344/1/3344 
f 3344/1/3344 3343/1/3343 3382/1/3382 
f 3387/1/3387 3388/1/3388 3389/1/3389 
f 3389/1/3389 3386/1/3386 3387/1/3387 
f 3390/1/3390 3389/1/3389 3388/1/3388 
f 3388/1/3388 3391/1/3391 3390/1/3390 
f 3351/1/3351 3348/1/3348 3389/1/3389 
f 3389/1/3389 3390/1/3390 3351/1/3351 
f 3386/1/3386 3389/1/3389 3348/1/3348 
f 3348/1/3348 3347/1/3347 3386/1/3386 
f 3391/1/3391 3392/1/3392 3393/1/3393 
f 3393/1/3393 3390/1/3390 3391/1/3391 
f 3394/1/3394 3393/1/3393 3392/1/3392 
f 3392/1/3392 3395/1/3395 3394/1/3394 
f 3355/1/3355 3352/1/3352 3393/1/3393 
f 3393/1/3393 3394/1/3394 3355/1/3355 
f 3390/1/3390 3393/1/3393 3352/1/3352 
f 3352/1/3352 3351/1/3351 3390/1/3390 
f 3395/1/3395 3396/1/3396 3397/1/3397 
f 3397/1/3397 3394/1/3394 3395/1/3395 
f 3398/1/3398 3397/1/3397 3396/1/3396 
f 3396/1/3396 3399/1/3399 3398/1/3398 
f 3359/1/3359 3356/1/3356 3397/1/3397 
f 3397/1/3397 3398/1/3398 3359/1/3359 
f 3394/1/3394 3397/1/3397 3356/1/3356 
f 3356/1/3356 3355/1/3355 3394/1/3394 
f 3400/1/3400 3401/1/3401 3402/1/3402 
f 3402/1/3402 3403/1/3403 3400/1/3400 
f 3404/1/3404 3401/1/3401 3400/1/3400 
f 3400/1/3400 3405/1/3405 3404/1/3404 
f 3059/1/3059 3107/1/3107 3401/1/3401 
f 3401/1/3401 3404/1/3404 3059/1/3059 
f 3402/1/3402 3401/1/3401 3107/1/3107 
f 3107/1/3107 3106/1/3106 3402/1/3402 
f 3406/1/3406 3056/1/3056 3061/1/3061 
f 3407/1/3407 3406/1/3406 3408/1/3408 
f 3408/1/3408 3409/1/3409 3407/1/3407 
f 3025/1/3025 3028/1/3028 3406/1/3406 
f 3406/1/3406 3407/1/3407 3025/1/3025 
f 3028/1/3028 3033/1/3033 3056/1/3056 
f 3025/1/3025 3407/1/3407 3410/1/3410 
f 3410/1/3410 3043/1/3043 3025/1/3025 
f 3411/1/3411 3410/1/3410 3407/1/3407 
f 3407/1/3407 3409/1/3409 3411/1/3411 
f 3412/1/3412 3413/1/3413 3410/1/3410 
f 3410/1/3410 3411/1/3411 3412/1/3412 
f 3043/1/3043 3410/1/3410 3413/1/3413 
f 3413/1/3413 3040/1/3040 3043/1/3043 
f 3412/1/3412 3411/1/3411 3414/1/3414 
f 3414/1/3414 3415/1/3415 3412/1/3412 
f 3411/1/3411 3409/1/3409 3416/1/3416 
f 3417/1/3417 3418/1/3418 3414/1/3414 
f 3414/1/3414 3416/1/3416 3417/1/3417 
f 3415/1/3415 3414/1/3414 3418/1/3418 
f 3418/1/3418 3419/1/3419 3415/1/3415 
f 3405/1/3405 3420/1/3420 3421/1/3421 
f 3421/1/3421 3404/1/3404 3405/1/3405 
f 3408/1/3408 3421/1/3421 3420/1/3420 
f 3420/1/3420 3409/1/3409 3408/1/3408 
f 3061/1/3061 3060/1/3060 3421/1/3421 
f 3421/1/3421 3408/1/3408 3061/1/3061 
f 3404/1/3404 3421/1/3421 3060/1/3060 
f 3060/1/3060 3059/1/3059 3404/1/3404 
f 3422/1/3422 3423/1/3423 3417/1/3417 
f 3416/1/3416 3409/1/3409 3420/1/3420 
f 3420/1/3420 3405/1/3405 3423/1/3423 
f 3424/1/3424 3425/1/3425 3426/1/3426 
f 3426/1/3426 3427/1/3427 3424/1/3424 
f 3428/1/3428 3426/1/3426 3425/1/3425 
f 3425/1/3425 3429/1/3429 3428/1/3428 
f 3430/1/3430 3431/1/3431 3426/1/3426 
f 3426/1/3426 3428/1/3428 3430/1/3430 
f 3427/1/3427 3426/1/3426 3431/1/3431 
f 3431/1/3431 3432/1/3432 3427/1/3427 
f 3429/1/3429 3433/1/3433 3434/1/3434 
f 3434/1/3434 3428/1/3428 3429/1/3429 
f 3435/1/3435 3434/1/3434 3433/1/3433 
f 3433/1/3433 3436/1/3436 3435/1/3435 
f 3437/1/3437 3438/1/3438 3434/1/3434 
f 3434/1/3434 3435/1/3435 3437/1/3437 
f 3428/1/3428 3434/1/3434 3438/1/3438 
f 3438/1/3438 3430/1/3430 3428/1/3428 
f 3439/1/3439 3440/1/3440 3441/1/3441 
f 3441/1/3441 3442/1/3442 3439/1/3439 
f 3435/1/3435 3441/1/3441 3440/1/3440 
f 3440/1/3440 3437/1/3437 3435/1/3435 
f 3436/1/3436 3443/1/3443 3441/1/3441 
f 3441/1/3441 3435/1/3435 3436/1/3436 
f 3442/1/3442 3441/1/3441 3443/1/3443 
f 3443/1/3443 3444/1/3444 3442/1/3442 
f 3444/1/3444 3445/1/3445 3446/1/3446 
f 3446/1/3446 3442/1/3442 3444/1/3444 
f 3447/1/3447 3446/1/3446 3445/1/3445 
f 3445/1/3445 3448/1/3448 3447/1/3447 
f 3449/1/3449 3450/1/3450 3446/1/3446 
f 3446/1/3446 3447/1/3447 3449/1/3449 
f 3442/1/3442 3446/1/3446 3450/1/3450 
f 3450/1/3450 3439/1/3439 3442/1/3442 
f 3451/1/3451 3452/1/3452 3453/1/3453 
f 3453/1/3453 3454/1/3454 3451/1/3451 
f 3455/1/3455 3453/1/3453 3452/1/3452 
f 3452/1/3452 3456/1/3456 3455/1/3455 
f 3457/1/3457 3458/1/3458 3453/1/3453 
f 3453/1/3453 3455/1/3455 3457/1/3457 
f 3454/1/3454 3453/1/3453 3458/1/3458 
f 3458/1/3458 3448/1/3448 3454/1/3454 
f 3459/1/3459 3460/1/3460 3461/1/3461 
f 3461/1/3461 3462/1/3462 3459/1/3459 
f 3447/1/3447 3461/1/3461 3460/1/3460 
f 3460/1/3460 3449/1/3449 3447/1/3447 
f 3448/1/3448 3458/1/3458 3461/1/3461 
f 3461/1/3461 3447/1/3447 3448/1/3448 
f 3458/1/3458 3457/1/3457 3462/1/3462 
f 3463/1/3463 3464/1/3464 3465/1/3465 
f 3465/1/3465 3466/1/3466 3463/1/3463 
f 3467/1/3467 3465/1/3465 3464/1/3464 
f 3464/1/3464 3468/1/3468 3467/1/3467 
f 3403/1/3403 3402/1/3402 3465/1/3465 
f 3465/1/3465 3467/1/3467 3403/1/3403 
f 3466/1/3466 3465/1/3465 3402/1/3402 
f 3402/1/3402 3106/1/3106 3466/1/3466 
f 3469/1/3469 3470/1/3470 3471/1/3471 
f 3471/1/3471 3472/1/3472 3469/1/3469 
f 3466/1/3466 3471/1/3471 3470/1/3470 
f 3470/1/3470 3463/1/3463 3466/1/3466 
f 3106/1/3106 3109/1/3109 3471/1/3471 
f 3471/1/3471 3466/1/3466 3106/1/3106 
f 3472/1/3472 3471/1/3471 3109/1/3109 
f 3109/1/3109 3113/1/3113 3472/1/3472 
f 3147/1/3147 3146/1/3146 3473/1/3473 
f 3473/1/3473 3474/1/3474 3147/1/3147 
f 3475/1/3475 3473/1/3473 3146/1/3146 
f 3146/1/3146 3145/1/3145 3475/1/3475 
f 3476/1/3476 3477/1/3477 3473/1/3473 
f 3473/1/3473 3475/1/3475 3476/1/3476 
f 3474/1/3474 3473/1/3473 3477/1/3477 
f 3477/1/3477 3478/1/3478 3474/1/3474 
f 3145/1/3145 3151/1/3151 3479/1/3479 
f 3479/1/3479 3475/1/3475 3145/1/3145 
f 3480/1/3480 3479/1/3479 3151/1/3151 
f 3151/1/3151 3150/1/3150 3480/1/3480 
f 3481/1/3481 3479/1/3479 3480/1/3480 
f 3480/1/3480 3482/1/3482 3481/1/3481 
f 3475/1/3475 3479/1/3479 3481/1/3481 
f 3481/1/3481 3476/1/3476 3475/1/3475 
f 3271/1/3271 3483/1/3483 3484/1/3484 
f 3484/1/3484 3267/1/3267 3271/1/3271 
f 3480/1/3480 3484/1/3484 3483/1/3483 
f 3483/1/3483 3482/1/3482 3480/1/3480 
f 3150/1/3150 3159/1/3159 3484/1/3484 
f 3484/1/3484 3480/1/3480 3150/1/3150 
f 3267/1/3267 3484/1/3484 3159/1/3159 
f 3159/1/3159 3158/1/3158 3267/1/3267 
f 3147/1/3147 3485/1/3485 3486/1/3486 
f 3486/1/3486 3143/1/3143 3147/1/3147 
f 3485/1/3485 3487/1/3487 3488/1/3488 
f 3469/1/3469 3472/1/3472 3486/1/3486 
f 3486/1/3486 3488/1/3488 3469/1/3469 
f 3143/1/3143 3486/1/3486 3472/1/3472 
f 3472/1/3472 3113/1/3113 3143/1/3143 
f 3489/1/3489 3490/1/3490 3491/1/3491 
f 3492/1/3492 3489/1/3489 3493/1/3493 
f 3493/1/3493 3494/1/3494 3492/1/3492 
f 3468/1/3468 3464/1/3464 3489/1/3489 
f 3489/1/3489 3492/1/3492 3468/1/3468 
f 3490/1/3490 3489/1/3489 3464/1/3464 
f 3464/1/3464 3463/1/3463 3490/1/3490 
f 3487/1/3487 3495/1/3495 3496/1/3496 
f 3496/1/3496 3488/1/3488 3487/1/3487 
f 3495/1/3495 3491/1/3491 3490/1/3490 
f 3463/1/3463 3470/1/3470 3496/1/3496 
f 3496/1/3496 3490/1/3490 3463/1/3463 
f 3488/1/3488 3496/1/3496 3470/1/3470 
f 3470/1/3470 3469/1/3469 3488/1/3488 
f 3478/1/3478 3497/1/3497 3498/1/3498 
f 3498/1/3498 3474/1/3474 3478/1/3478 
f 3497/1/3497 3487/1/3487 3485/1/3485 
f 3474/1/3474 3498/1/3498 3485/1/3485 
f 3485/1/3485 3147/1/3147 3474/1/3474 
f 3499/1/3499 3500/1/3500 3501/1/3501 
f 3501/1/3501 3502/1/3502 3499/1/3499 
f 3503/1/3503 3501/1/3501 3500/1/3500 
f 3500/1/3500 3504/1/3504 3503/1/3503 
f 3478/1/3478 3477/1/3477 3501/1/3501 
f 3501/1/3501 3503/1/3503 3478/1/3478 
f 3502/1/3502 3501/1/3501 3477/1/3477 
f 3477/1/3477 3476/1/3476 3502/1/3502 
f 3504/1/3504 3505/1/3505 3506/1/3506 
f 3506/1/3506 3503/1/3503 3504/1/3504 
f 3507/1/3507 3506/1/3506 3505/1/3505 
f 3505/1/3505 3508/1/3508 3507/1/3507 
f 3487/1/3487 3497/1/3497 3506/1/3506 
f 3506/1/3506 3507/1/3507 3487/1/3487 
f 3503/1/3503 3506/1/3506 3497/1/3497 
f 3497/1/3497 3478/1/3478 3503/1/3503 
f 3509/1/3509 3507/1/3507 3508/1/3508 
f 3510/1/3510 3511/1/3511 3512/1/3512 
f 3509/1/3509 3512/1/3512 3491/1/3491 
f 3495/1/3495 3487/1/3487 3507/1/3507 
f 3513/1/3513 3512/1/3512 3511/1/3511 
f 3514/1/3514 3513/1/3513 3515/1/3515 
f 3515/1/3515 3516/1/3516 3514/1/3514 
f 3491/1/3491 3512/1/3512 3513/1/3513 
f 3513/1/3513 3514/1/3514 3491/1/3491 
f 3517/1/3517 3514/1/3514 3516/1/3516 
f 3518/1/3518 3519/1/3519 3520/1/3520 
f 3494/1/3494 3493/1/3493 3517/1/3517 
f 3517/1/3517 3520/1/3520 3494/1/3494 
f 3514/1/3514 3517/1/3517 3493/1/3493 
f 3493/1/3493 3491/1/3491 3514/1/3514 
f 3521/1/3521 3522/1/3522 3523/1/3523 
f 3523/1/3523 3524/1/3524 3521/1/3521 
f 3522/1/3522 3525/1/3525 3526/1/3526 
f 3523/1/3523 3526/1/3526 3516/1/3516 
f 3524/1/3524 3523/1/3523 3515/1/3515 
f 3515/1/3515 3511/1/3511 3524/1/3524 
f 3527/1/3527 3528/1/3528 3529/1/3529 
f 3529/1/3529 3530/1/3530 3527/1/3527 
f 3524/1/3524 3529/1/3529 3528/1/3528 
f 3528/1/3528 3521/1/3521 3524/1/3524 
f 3511/1/3511 3510/1/3510 3529/1/3529 
f 3529/1/3529 3524/1/3524 3511/1/3511 
f 3530/1/3530 3529/1/3529 3510/1/3510 
f 3510/1/3510 3508/1/3508 3530/1/3530 
f 3531/1/3531 3532/1/3532 3533/1/3533 
f 3533/1/3533 3534/1/3534 3531/1/3531 
f 3530/1/3530 3533/1/3533 3532/1/3532 
f 3532/1/3532 3527/1/3527 3530/1/3530 
f 3508/1/3508 3505/1/3505 3533/1/3533 
f 3533/1/3533 3530/1/3530 3508/1/3508 
f 3534/1/3534 3533/1/3533 3505/1/3505 
f 3505/1/3505 3504/1/3504 3534/1/3534 
f 3535/1/3535 3536/1/3536 3537/1/3537 
f 3537/1/3537 3538/1/3538 3535/1/3535 
f 3534/1/3534 3536/1/3536 3535/1/3535 
f 3535/1/3535 3531/1/3531 3534/1/3534 
f 3504/1/3504 3500/1/3500 3536/1/3536 
f 3536/1/3536 3534/1/3534 3504/1/3504 
f 3499/1/3499 3537/1/3537 3536/1/3536 
f 3536/1/3536 3500/1/3500 3499/1/3499 
f 3539/1/3539 3540/1/3540 3541/1/3541 
f 3541/1/3541 3542/1/3542 3539/1/3539 
f 3543/1/3543 3541/1/3541 3540/1/3540 
f 3540/1/3540 3544/1/3544 3543/1/3543 
f 3520/1/3520 3541/1/3541 3543/1/3543 
f 3543/1/3543 3494/1/3494 3520/1/3520 
f 3542/1/3542 3541/1/3541 3520/1/3520 
f 3520/1/3520 3519/1/3519 3542/1/3542 
f 3432/1/3432 3431/1/3431 3545/1/3545 
f 3545/1/3545 3546/1/3546 3432/1/3432 
f 3547/1/3547 3545/1/3545 3431/1/3431 
f 3431/1/3431 3430/1/3430 3547/1/3547 
f 3548/1/3548 3549/1/3549 3545/1/3545 
f 3545/1/3545 3547/1/3547 3548/1/3548 
f 3546/1/3546 3545/1/3545 3549/1/3549 
f 3549/1/3549 3550/1/3550 3546/1/3546 
f 3551/1/3551 3552/1/3552 3553/1/3553 
f 3553/1/3553 3554/1/3554 3551/1/3551 
f 3555/1/3555 3553/1/3553 3552/1/3552 
f 3552/1/3552 3556/1/3556 3555/1/3555 
f 3544/1/3544 3540/1/3540 3553/1/3553 
f 3553/1/3553 3555/1/3555 3544/1/3544 
f 3554/1/3554 3553/1/3553 3540/1/3540 
f 3540/1/3540 3539/1/3539 3554/1/3554 
f 3550/1/3550 3549/1/3549 3557/1/3557 
f 3557/1/3557 3558/1/3558 3550/1/3550 
f 3559/1/3559 3557/1/3557 3549/1/3549 
f 3549/1/3549 3548/1/3548 3559/1/3559 
f 3556/1/3556 3552/1/3552 3557/1/3557 
f 3557/1/3557 3559/1/3559 3556/1/3556 
f 3558/1/3558 3557/1/3557 3552/1/3552 
f 3552/1/3552 3551/1/3551 3558/1/3558 
f 3494/1/3494 3543/1/3543 3560/1/3560 
f 3560/1/3560 3492/1/3492 3494/1/3494 
f 3561/1/3561 3560/1/3560 3543/1/3543 
f 3543/1/3543 3544/1/3544 3561/1/3561 
f 3562/1/3562 3563/1/3563 3560/1/3560 
f 3560/1/3560 3561/1/3561 3562/1/3562 
f 3492/1/3492 3560/1/3560 3563/1/3563 
f 3563/1/3563 3468/1/3468 3492/1/3492 
f 3564/1/3564 3565/1/3565 3566/1/3566 
f 3566/1/3566 3567/1/3567 3564/1/3564 
f 3547/1/3547 3566/1/3566 3565/1/3565 
f 3565/1/3565 3548/1/3548 3547/1/3547 
f 3430/1/3430 3438/1/3438 3566/1/3566 
f 3566/1/3566 3547/1/3547 3430/1/3430 
f 3567/1/3567 3566/1/3566 3438/1/3438 
f 3438/1/3438 3437/1/3437 3567/1/3567 
f 3544/1/3544 3555/1/3555 3568/1/3568 
f 3568/1/3568 3561/1/3561 3544/1/3544 
f 3569/1/3569 3568/1/3568 3555/1/3555 
f 3555/1/3555 3556/1/3556 3569/1/3569 
f 3570/1/3570 3571/1/3571 3568/1/3568 
f 3568/1/3568 3569/1/3569 3570/1/3570 
f 3561/1/3561 3568/1/3568 3571/1/3571 
f 3571/1/3571 3562/1/3562 3561/1/3561 
f 3564/1/3564 3572/1/3572 3573/1/3573 
f 3573/1/3573 3565/1/3565 3564/1/3564 
f 3569/1/3569 3573/1/3573 3572/1/3572 
f 3572/1/3572 3570/1/3570 3569/1/3569 
f 3556/1/3556 3559/1/3559 3573/1/3573 
f 3573/1/3573 3569/1/3569 3556/1/3556 
f 3565/1/3565 3573/1/3573 3559/1/3559 
f 3559/1/3559 3548/1/3548 3565/1/3565 
f 3468/1/3468 3563/1/3563 3574/1/3574 
f 3574/1/3574 3467/1/3467 3468/1/3468 
f 3563/1/3563 3562/1/3562 3575/1/3575 
f 3574/1/3574 3575/1/3575 3576/1/3576 
f 3467/1/3467 3574/1/3574 3577/1/3577 
f 3577/1/3577 3403/1/3403 3467/1/3467 
f 3437/1/3437 3440/1/3440 3578/1/3578 
f 3578/1/3578 3567/1/3567 3437/1/3437 
f 3579/1/3579 3578/1/3578 3440/1/3440 
f 3440/1/3440 3439/1/3439 3579/1/3579 
f 3580/1/3580 3581/1/3581 3578/1/3578 
f 3578/1/3578 3579/1/3579 3580/1/3580 
f 3567/1/3567 3578/1/3578 3581/1/3581 
f 3581/1/3581 3564/1/3564 3567/1/3567 
f 3582/1/3582 3575/1/3575 3562/1/3562 
f 3583/1/3583 3582/1/3582 3571/1/3571 
f 3571/1/3571 3570/1/3570 3583/1/3583 
f 3584/1/3584 3585/1/3585 3582/1/3582 
f 3582/1/3582 3583/1/3583 3584/1/3584 
f 3585/1/3585 3576/1/3576 3575/1/3575 
f 3580/1/3580 3586/1/3586 3587/1/3587 
f 3587/1/3587 3581/1/3581 3580/1/3580 
f 3583/1/3583 3587/1/3587 3586/1/3586 
f 3586/1/3586 3584/1/3584 3583/1/3583 
f 3570/1/3570 3572/1/3572 3587/1/3587 
f 3587/1/3587 3583/1/3583 3570/1/3570 
f 3581/1/3581 3587/1/3587 3572/1/3572 
f 3572/1/3572 3564/1/3564 3581/1/3581 
f 3588/1/3588 3589/1/3589 3450/1/3450 
f 3450/1/3450 3449/1/3449 3588/1/3588 
f 3590/1/3590 3589/1/3589 3588/1/3588 
f 3588/1/3588 3591/1/3591 3590/1/3590 
f 3580/1/3580 3579/1/3579 3589/1/3589 
f 3589/1/3589 3590/1/3590 3580/1/3580 
f 3439/1/3439 3450/1/3450 3589/1/3589 
f 3589/1/3589 3579/1/3579 3439/1/3439 
f 3403/1/3403 3577/1/3577 3592/1/3592 
f 3592/1/3592 3400/1/3400 3403/1/3403 
f 3577/1/3577 3576/1/3576 3593/1/3593 
f 3592/1/3592 3593/1/3593 3594/1/3594 
f 3400/1/3400 3592/1/3592 3595/1/3595 
f 3595/1/3595 3405/1/3405 3400/1/3400 
f 3576/1/3576 3585/1/3585 3596/1/3596 
f 3596/1/3596 3593/1/3593 3576/1/3576 
f 3597/1/3597 3596/1/3596 3585/1/3585 
f 3585/1/3585 3584/1/3584 3597/1/3597 
f 3598/1/3598 3599/1/3599 3596/1/3596 
f 3596/1/3596 3597/1/3597 3598/1/3598 
f 3593/1/3593 3596/1/3596 3599/1/3599 
f 3599/1/3599 3594/1/3594 3593/1/3593 
f 3591/1/3591 3600/1/3600 3601/1/3601 
f 3601/1/3601 3590/1/3590 3591/1/3591 
f 3597/1/3597 3601/1/3601 3600/1/3600 
f 3600/1/3600 3598/1/3598 3597/1/3597 
f 3584/1/3584 3586/1/3586 3601/1/3601 
f 3601/1/3601 3597/1/3597 3584/1/3584 
f 3590/1/3590 3601/1/3601 3586/1/3586 
f 3586/1/3586 3580/1/3580 3590/1/3590 
f 3602/1/3602 3603/1/3603 3460/1/3460 
f 3460/1/3460 3459/1/3459 3602/1/3602 
f 3604/1/3604 3603/1/3603 3602/1/3602 
f 3602/1/3602 3605/1/3605 3604/1/3604 
f 3591/1/3591 3588/1/3588 3603/1/3603 
f 3603/1/3603 3604/1/3604 3591/1/3591 
f 3449/1/3449 3460/1/3460 3603/1/3603 
f 3603/1/3603 3588/1/3588 3449/1/3449 
f 3606/1/3606 3607/1/3607 3608/1/3608 
f 3423/1/3423 3606/1/3606 3609/1/3609 
f 3609/1/3609 3417/1/3417 3423/1/3423 
f 3606/1/3606 3423/1/3423 3405/1/3405 
f 3607/1/3607 3606/1/3606 3595/1/3595 
f 3595/1/3595 3594/1/3594 3607/1/3607 
f 3605/1/3605 3610/1/3610 3611/1/3611 
f 3611/1/3611 3604/1/3604 3605/1/3605 
f 3612/1/3612 3611/1/3611 3610/1/3610 
f 3610/1/3610 3613/1/3613 3612/1/3612 
f 3611/1/3611 3612/1/3612 3598/1/3598 
f 3604/1/3604 3611/1/3611 3600/1/3600 
f 3600/1/3600 3591/1/3591 3604/1/3604 
f 3613/1/3613 3614/1/3614 3615/1/3615 
f 3615/1/3615 3612/1/3612 3613/1/3613 
f 3607/1/3607 3615/1/3615 3614/1/3614 
f 3614/1/3614 3608/1/3608 3607/1/3607 
f 3594/1/3594 3599/1/3599 3615/1/3615 
f 3615/1/3615 3607/1/3607 3594/1/3594 
f 3612/1/3612 3615/1/3615 3599/1/3599 
f 3599/1/3599 3598/1/3598 3612/1/3612 
f 3331/1/3331 3616/1/3616 3617/1/3617 
f 3617/1/3617 3327/1/3327 3331/1/3331 
f 3618/1/3618 3617/1/3617 3616/1/3616 
f 3616/1/3616 3619/1/3619 3618/1/3618 
f 3367/1/3367 3366/1/3366 3617/1/3617 
f 3617/1/3617 3618/1/3618 3367/1/3367 
f 3327/1/3327 3617/1/3617 3366/1/3366 
f 3366/1/3366 3324/1/3324 3327/1/3327 
f 3620/1/3620 3621/1/3621 3622/1/3622 
f 3179/1/3179 3620/1/3620 3623/1/3623 
f 3623/1/3623 3176/1/3176 3179/1/3179 
f 3620/1/3620 3179/1/3179 3079/1/3079 
f 3621/1/3621 3620/1/3620 3076/1/3076 
f 3076/1/3076 3075/1/3075 3621/1/3621 
f 3624/1/3624 3625/1/3625 3616/1/3616 
f 3616/1/3616 3331/1/3331 3624/1/3624 
f 3626/1/3626 3627/1/3627 3625/1/3625 
f 3625/1/3625 3624/1/3624 3626/1/3626 
f 3628/1/3628 3625/1/3625 3627/1/3627 
f 3627/1/3627 3629/1/3629 3628/1/3628 
f 3619/1/3619 3616/1/3616 3625/1/3625 
f 3625/1/3625 3628/1/3628 3619/1/3619 
f 3182/1/3182 3630/1/3630 3631/1/3631 
f 3631/1/3631 3183/1/3183 3182/1/3182 
f 3632/1/3632 3631/1/3631 3630/1/3630 
f 3630/1/3630 3626/1/3626 3632/1/3632 
f 3199/1/3199 3631/1/3631 3632/1/3632 
f 3632/1/3632 3196/1/3196 3199/1/3199 
f 3187/1/3187 3183/1/3183 3631/1/3631 
f 3631/1/3631 3199/1/3199 3187/1/3187 
f 3626/1/3626 3630/1/3630 3633/1/3633 
f 3633/1/3633 3634/1/3634 3626/1/3626 
f 3185/1/3185 3633/1/3633 3630/1/3630 
f 3630/1/3630 3182/1/3182 3185/1/3185 
f 3176/1/3176 3623/1/3623 3633/1/3633 
f 3633/1/3633 3185/1/3185 3176/1/3176 
f 3634/1/3634 3633/1/3633 3623/1/3623 
f 3623/1/3623 3622/1/3622 3634/1/3634 
f 3629/1/3629 3627/1/3627 3635/1/3635 
f 3635/1/3635 3636/1/3636 3629/1/3629 
f 3634/1/3634 3635/1/3635 3627/1/3627 
f 3627/1/3627 3626/1/3626 3634/1/3634 
f 3622/1/3622 3636/1/3636 3635/1/3635 
f 3635/1/3635 3634/1/3634 3622/1/3622 
f 3196/1/3196 3632/1/3632 3637/1/3637 
f 3637/1/3637 3293/1/3293 3196/1/3196 
f 3624/1/3624 3637/1/3637 3632/1/3632 
f 3632/1/3632 3626/1/3626 3624/1/3624 
f 3331/1/3331 3330/1/3330 3637/1/3637 
f 3637/1/3637 3624/1/3624 3331/1/3331 
f 3293/1/3293 3637/1/3637 3330/1/3330 
f 3330/1/3330 3290/1/3290 3293/1/3293 
f 3476/1/3476 3481/1/3481 3638/1/3638 
f 3638/1/3638 3502/1/3502 3476/1/3476 
f 3639/1/3639 3638/1/3638 3481/1/3481 
f 3481/1/3481 3482/1/3482 3639/1/3639 
f 3640/1/3640 3641/1/3641 3638/1/3638 
f 3638/1/3638 3639/1/3639 3640/1/3640 
f 3641/1/3641 3499/1/3499 3502/1/3502 
f 3642/1/3642 3643/1/3643 3641/1/3641 
f 3641/1/3641 3640/1/3640 3642/1/3642 
f 3644/1/3644 3645/1/3645 3643/1/3643 
f 3643/1/3643 3642/1/3642 3644/1/3644 
f 3538/1/3538 3537/1/3537 3643/1/3643 
f 3643/1/3643 3645/1/3645 3538/1/3538 
f 3641/1/3641 3643/1/3643 3537/1/3537 
f 3537/1/3537 3499/1/3499 3641/1/3641 
f 3645/1/3645 3644/1/3644 3646/1/3646 
f 3647/1/3647 3646/1/3646 3648/1/3648 
f 3645/1/3645 3647/1/3647 3649/1/3649 
f 3649/1/3649 3538/1/3538 3645/1/3645 
f 3650/1/3650 3649/1/3649 3648/1/3648 
f 3651/1/3651 3652/1/3652 3653/1/3653 
f 3531/1/3531 3535/1/3535 3650/1/3650 
f 3650/1/3650 3653/1/3653 3531/1/3531 
f 3538/1/3538 3649/1/3649 3650/1/3650 
f 3650/1/3650 3535/1/3535 3538/1/3538 
f 3652/1/3652 3654/1/3654 3655/1/3655 
f 3655/1/3655 3653/1/3653 3652/1/3652 
f 3656/1/3656 3655/1/3655 3654/1/3654 
f 3654/1/3654 3657/1/3657 3656/1/3656 
f 3527/1/3527 3532/1/3532 3655/1/3655 
f 3655/1/3655 3656/1/3656 3527/1/3527 
f 3653/1/3653 3655/1/3655 3532/1/3532 
f 3532/1/3532 3531/1/3531 3653/1/3653 
f 3657/1/3657 3658/1/3658 3659/1/3659 
f 3659/1/3659 3656/1/3656 3657/1/3657 
f 3660/1/3660 3659/1/3659 3658/1/3658 
f 3658/1/3658 3661/1/3661 3660/1/3660 
f 3521/1/3521 3528/1/3528 3659/1/3659 
f 3659/1/3659 3660/1/3660 3521/1/3521 
f 3656/1/3656 3659/1/3659 3528/1/3528 
f 3528/1/3528 3527/1/3527 3656/1/3656 
f 3661/1/3661 3662/1/3662 3663/1/3663 
f 3663/1/3663 3660/1/3660 3661/1/3661 
f 3664/1/3664 3663/1/3663 3662/1/3662 
f 3662/1/3662 3665/1/3665 3664/1/3664 
f 3525/1/3525 3522/1/3522 3663/1/3663 
f 3663/1/3663 3664/1/3664 3525/1/3525 
f 3660/1/3660 3663/1/3663 3522/1/3522 
f 3522/1/3522 3521/1/3521 3660/1/3660 
f 3666/1/3666 3667/1/3667 3668/1/3668 
f 3668/1/3668 3669/1/3669 3666/1/3666 
f 3665/1/3665 3662/1/3662 3667/1/3667 
f 3667/1/3667 3666/1/3666 3665/1/3665 
f 3668/1/3668 3667/1/3667 3662/1/3662 
f 3662/1/3662 3661/1/3661 3668/1/3668 
f 3670/1/3670 3671/1/3671 3672/1/3672 
f 3672/1/3672 3673/1/3673 3670/1/3670 
f 3668/1/3668 3672/1/3672 3671/1/3671 
f 3671/1/3671 3669/1/3669 3668/1/3668 
f 3661/1/3661 3658/1/3658 3672/1/3672 
f 3672/1/3672 3668/1/3668 3661/1/3661 
f 3673/1/3673 3672/1/3672 3658/1/3658 
f 3658/1/3658 3657/1/3657 3673/1/3673 
f 3674/1/3674 3675/1/3675 3676/1/3676 
f 3676/1/3676 3677/1/3677 3674/1/3674 
f 3673/1/3673 3676/1/3676 3675/1/3675 
f 3675/1/3675 3670/1/3670 3673/1/3673 
f 3657/1/3657 3654/1/3654 3676/1/3676 
f 3676/1/3676 3673/1/3673 3657/1/3657 
f 3677/1/3677 3676/1/3676 3654/1/3654 
f 3654/1/3654 3652/1/3652 3677/1/3677 
f 3678/1/3678 3679/1/3679 3651/1/3651 
f 3651/1/3651 3648/1/3648 3678/1/3678 
f 3680/1/3680 3679/1/3679 3678/1/3678 
f 3678/1/3678 3681/1/3681 3680/1/3680 
f 3674/1/3674 3677/1/3677 3679/1/3679 
f 3679/1/3679 3680/1/3680 3674/1/3674 
f 3652/1/3652 3651/1/3651 3679/1/3679 
f 3679/1/3679 3677/1/3677 3652/1/3652 
f 3682/1/3682 3683/1/3683 3684/1/3684 
f 3681/1/3681 3678/1/3678 3685/1/3685 
f 3685/1/3685 3684/1/3684 3681/1/3681 
f 3648/1/3648 3646/1/3646 3685/1/3685 
f 3685/1/3685 3678/1/3678 3648/1/3648 
f 3644/1/3644 3682/1/3682 3685/1/3685 
f 3685/1/3685 3646/1/3646 3644/1/3644 
f 3640/1/3640 3686/1/3686 3687/1/3687 
f 3687/1/3687 3642/1/3642 3640/1/3640 
f 3686/1/3686 3688/1/3688 3689/1/3689 
f 3687/1/3687 3689/1/3689 3683/1/3683 
f 3642/1/3642 3687/1/3687 3682/1/3682 
f 3682/1/3682 3644/1/3644 3642/1/3642 
f 3690/1/3690 3691/1/3691 3692/1/3692 
f 3688/1/3688 3686/1/3686 3690/1/3690 
f 3690/1/3690 3693/1/3693 3688/1/3688 
f 3639/1/3639 3690/1/3690 3686/1/3686 
f 3686/1/3686 3640/1/3640 3639/1/3639 
f 3691/1/3691 3690/1/3690 3639/1/3639 
f 3639/1/3639 3482/1/3482 3691/1/3691 
f 3694/1/3694 3691/1/3691 3482/1/3482 
f 3483/1/3483 3271/1/3271 3695/1/3695 
f 3696/1/3696 3697/1/3697 3694/1/3694 
f 3694/1/3694 3695/1/3695 3696/1/3696 
f 3697/1/3697 3692/1/3692 3691/1/3691 
f 3271/1/3271 3270/1/3270 3698/1/3698 
f 3698/1/3698 3695/1/3695 3271/1/3271 
f 3699/1/3699 3698/1/3698 3270/1/3270 
f 3270/1/3270 3269/1/3269 3699/1/3699 
f 3700/1/3700 3701/1/3701 3698/1/3698 
f 3698/1/3698 3699/1/3699 3700/1/3700 
f 3695/1/3695 3698/1/3698 3701/1/3701 
f 3701/1/3701 3696/1/3696 3695/1/3695 
f 3269/1/3269 3275/1/3275 3702/1/3702 
f 3702/1/3702 3699/1/3699 3269/1/3269 
f 3703/1/3703 3702/1/3702 3275/1/3275 
f 3275/1/3275 3274/1/3274 3703/1/3703 
f 3702/1/3702 3703/1/3703 3704/1/3704 
f 3699/1/3699 3702/1/3702 3705/1/3705 
f 3705/1/3705 3700/1/3700 3699/1/3699 
f 3289/1/3289 3706/1/3706 3707/1/3707 
f 3707/1/3707 3285/1/3285 3289/1/3289 
f 3703/1/3703 3707/1/3707 3706/1/3706 
f 3706/1/3706 3704/1/3704 3703/1/3703 
f 3274/1/3274 3279/1/3279 3707/1/3707 
f 3707/1/3707 3703/1/3703 3274/1/3274 
f 3285/1/3285 3707/1/3707 3279/1/3279 
f 3279/1/3279 3278/1/3278 3285/1/3285 
f 3708/1/3708 3709/1/3709 3710/1/3710 
f 3711/1/3711 3712/1/3712 3713/1/3713 
f 3713/1/3713 3710/1/3710 3711/1/3711 
f 3708/1/3708 3713/1/3713 3712/1/3712 
f 3712/1/3712 3714/1/3714 3708/1/3708 
f 3704/1/3704 3706/1/3706 3715/1/3715 
f 3715/1/3715 3716/1/3716 3704/1/3704 
f 3717/1/3717 3715/1/3715 3706/1/3706 
f 3706/1/3706 3289/1/3289 3717/1/3717 
f 3718/1/3718 3719/1/3719 3715/1/3715 
f 3715/1/3715 3717/1/3717 3718/1/3718 
f 3716/1/3716 3715/1/3715 3719/1/3719 
f 3719/1/3719 3709/1/3709 3716/1/3716 
f 3289/1/3289 3288/1/3288 3720/1/3720 
f 3720/1/3720 3717/1/3717 3289/1/3289 
f 3721/1/3721 3720/1/3720 3288/1/3288 
f 3288/1/3288 3287/1/3287 3721/1/3721 
f 3722/1/3722 3723/1/3723 3720/1/3720 
f 3720/1/3720 3721/1/3721 3722/1/3722 
f 3717/1/3717 3720/1/3720 3723/1/3723 
f 3723/1/3723 3718/1/3718 3717/1/3717 
f 3287/1/3287 3724/1/3724 3725/1/3725 
f 3725/1/3725 3721/1/3721 3287/1/3287 
f 3726/1/3726 3725/1/3725 3724/1/3724 
f 3724/1/3724 3727/1/3727 3726/1/3726 
f 3728/1/3728 3729/1/3729 3725/1/3725 
f 3725/1/3725 3726/1/3726 3728/1/3728 
f 3721/1/3721 3725/1/3725 3729/1/3729 
f 3729/1/3729 3722/1/3722 3721/1/3721 
f 3730/1/3730 3726/1/3726 3727/1/3727 
f 3731/1/3731 3732/1/3732 3733/1/3733 
f 3733/1/3733 3730/1/3730 3731/1/3731 
f 3734/1/3734 3730/1/3730 3733/1/3733 
f 3733/1/3733 3735/1/3735 3734/1/3734 
f 3730/1/3730 3734/1/3734 3728/1/3728 
f 3736/1/3736 3737/1/3737 3738/1/3738 
f 3738/1/3738 3739/1/3739 3736/1/3736 
f 3281/1/3281 3738/1/3738 3737/1/3737 
f 3737/1/3737 3282/1/3282 3281/1/3281 
f 3170/1/3170 3173/1/3173 3738/1/3738 
f 3738/1/3738 3281/1/3281 3170/1/3170 
f 3739/1/3739 3738/1/3738 3173/1/3173 
f 3173/1/3173 3172/1/3172 3739/1/3739 
f 3282/1/3282 3737/1/3737 3740/1/3740 
f 3740/1/3740 3286/1/3286 3282/1/3282 
f 3741/1/3741 3740/1/3740 3737/1/3737 
f 3737/1/3737 3736/1/3736 3741/1/3741 
f 3740/1/3740 3741/1/3741 3727/1/3727 
f 3724/1/3724 3287/1/3287 3286/1/3286 
f 3736/1/3736 3742/1/3742 3743/1/3743 
f 3743/1/3743 3741/1/3741 3736/1/3736 
f 3744/1/3744 3743/1/3743 3742/1/3742 
f 3742/1/3742 3745/1/3745 3744/1/3744 
f 3732/1/3732 3731/1/3731 3743/1/3743 
f 3743/1/3743 3744/1/3744 3732/1/3732 
f 3741/1/3741 3743/1/3743 3731/1/3731 
f 3731/1/3731 3727/1/3727 3741/1/3741 
f 3175/1/3175 3137/1/3137 3140/1/3140 
f 3140/1/3140 3746/1/3746 3175/1/3175 
f 3141/1/3141 3747/1/3747 3746/1/3746 
f 3746/1/3746 3140/1/3140 3141/1/3141 
f 3748/1/3748 3749/1/3749 3746/1/3746 
f 3746/1/3746 3747/1/3747 3748/1/3748 
f 3175/1/3175 3746/1/3746 3749/1/3749 
f 3749/1/3749 3172/1/3172 3175/1/3175 
f 3172/1/3172 3749/1/3749 3750/1/3750 
f 3750/1/3750 3739/1/3739 3172/1/3172 
f 3751/1/3751 3750/1/3750 3749/1/3749 
f 3749/1/3749 3748/1/3748 3751/1/3751 
f 3745/1/3745 3742/1/3742 3750/1/3750 
f 3750/1/3750 3751/1/3751 3745/1/3745 
f 3739/1/3739 3750/1/3750 3742/1/3742 
f 3742/1/3742 3736/1/3736 3739/1/3739 
f 3745/1/3745 3751/1/3751 3752/1/3752 
f 3752/1/3752 3753/1/3753 3745/1/3745 
f 3748/1/3748 3754/1/3754 3752/1/3752 
f 3752/1/3752 3751/1/3751 3748/1/3748 
f 3755/1/3755 3753/1/3753 3752/1/3752 
f 3752/1/3752 3754/1/3754 3755/1/3755 
f 3732/1/3732 3744/1/3744 3756/1/3756 
f 3756/1/3756 3757/1/3757 3732/1/3732 
f 3753/1/3753 3756/1/3756 3744/1/3744 
f 3744/1/3744 3745/1/3745 3753/1/3753 
f 3755/1/3755 3758/1/3758 3756/1/3756 
f 3756/1/3756 3753/1/3753 3755/1/3755 
f 3757/1/3757 3756/1/3756 3758/1/3758 
f 3758/1/3758 3759/1/3759 3757/1/3757 
f 3760/1/3760 3710/1/3710 3709/1/3709 
f 3761/1/3761 3760/1/3760 3719/1/3719 
f 3719/1/3719 3718/1/3718 3761/1/3761 
f 3762/1/3762 3763/1/3763 3760/1/3760 
f 3760/1/3760 3761/1/3761 3762/1/3762 
f 3763/1/3763 3711/1/3711 3710/1/3710 
f 3764/1/3764 3765/1/3765 3766/1/3766 
f 3766/1/3766 3767/1/3767 3764/1/3764 
f 3768/1/3768 3766/1/3766 3765/1/3765 
f 3765/1/3765 3711/1/3711 3768/1/3768 
f 3769/1/3769 3770/1/3770 3766/1/3766 
f 3766/1/3766 3768/1/3768 3769/1/3769 
f 3767/1/3767 3766/1/3766 3770/1/3770 
f 3770/1/3770 3771/1/3771 3767/1/3767 
f 3762/1/3762 3772/1/3772 3773/1/3773 
f 3773/1/3773 3763/1/3763 3762/1/3762 
f 3768/1/3768 3773/1/3773 3772/1/3772 
f 3772/1/3772 3769/1/3769 3768/1/3768 
f 3768/1/3768 3711/1/3711 3763/1/3763 
f 3718/1/3718 3723/1/3723 3774/1/3774 
f 3774/1/3774 3761/1/3761 3718/1/3718 
f 3775/1/3775 3774/1/3774 3723/1/3723 
f 3723/1/3723 3722/1/3722 3775/1/3775 
f 3776/1/3776 3777/1/3777 3774/1/3774 
f 3774/1/3774 3775/1/3775 3776/1/3776 
f 3761/1/3761 3774/1/3774 3777/1/3777 
f 3777/1/3777 3762/1/3762 3761/1/3761 
f 3776/1/3776 3778/1/3778 3779/1/3779 
f 3779/1/3779 3777/1/3777 3776/1/3776 
f 3780/1/3780 3779/1/3779 3778/1/3778 
f 3778/1/3778 3781/1/3781 3780/1/3780 
f 3769/1/3769 3772/1/3772 3779/1/3779 
f 3779/1/3779 3780/1/3780 3769/1/3769 
f 3777/1/3777 3779/1/3779 3772/1/3772 
f 3772/1/3772 3762/1/3762 3777/1/3777 
f 3781/1/3781 3782/1/3782 3783/1/3783 
f 3783/1/3783 3780/1/3780 3781/1/3781 
f 3784/1/3784 3783/1/3783 3782/1/3782 
f 3782/1/3782 3785/1/3785 3784/1/3784 
f 3771/1/3771 3770/1/3770 3783/1/3783 
f 3783/1/3783 3784/1/3784 3771/1/3771 
f 3780/1/3780 3783/1/3783 3770/1/3770 
f 3770/1/3770 3769/1/3769 3780/1/3780 
f 3786/1/3786 3775/1/3775 3722/1/3722 
f 3728/1/3728 3787/1/3787 3786/1/3786 
f 3786/1/3786 3729/1/3729 3728/1/3728 
f 3788/1/3788 3786/1/3786 3787/1/3787 
f 3787/1/3787 3789/1/3789 3788/1/3788 
f 3775/1/3775 3786/1/3786 3788/1/3788 
f 3788/1/3788 3776/1/3776 3775/1/3775 
f 3789/1/3789 3790/1/3790 3791/1/3791 
f 3791/1/3791 3788/1/3788 3789/1/3789 
f 3792/1/3792 3791/1/3791 3790/1/3790 
f 3790/1/3790 3793/1/3793 3792/1/3792 
f 3781/1/3781 3778/1/3778 3791/1/3791 
f 3791/1/3791 3792/1/3792 3781/1/3781 
f 3788/1/3788 3791/1/3791 3778/1/3778 
f 3778/1/3778 3776/1/3776 3788/1/3788 
f 3793/1/3793 3794/1/3794 3795/1/3795 
f 3795/1/3795 3792/1/3792 3793/1/3793 
f 3796/1/3796 3795/1/3795 3794/1/3794 
f 3794/1/3794 3797/1/3797 3796/1/3796 
f 3785/1/3785 3782/1/3782 3795/1/3795 
f 3795/1/3795 3796/1/3796 3785/1/3785 
f 3792/1/3792 3795/1/3795 3782/1/3782 
f 3782/1/3782 3781/1/3781 3792/1/3792 
f 3764/1/3764 3767/1/3767 3798/1/3798 
f 3798/1/3798 3799/1/3799 3764/1/3764 
f 3771/1/3771 3800/1/3800 3798/1/3798 
f 3798/1/3798 3767/1/3767 3771/1/3771 
f 3801/1/3801 3802/1/3802 3798/1/3798 
f 3798/1/3798 3800/1/3800 3801/1/3801 
f 3799/1/3799 3798/1/3798 3802/1/3802 
f 3802/1/3802 3803/1/3803 3799/1/3799 
f 3784/1/3784 3804/1/3804 3800/1/3800 
f 3800/1/3800 3771/1/3771 3784/1/3784 
f 3805/1/3805 3804/1/3804 3784/1/3784 
f 3784/1/3784 3785/1/3785 3805/1/3805 
f 3806/1/3806 3807/1/3807 3804/1/3804 
f 3804/1/3804 3805/1/3805 3806/1/3806 
f 3800/1/3800 3804/1/3804 3807/1/3807 
f 3807/1/3807 3801/1/3801 3800/1/3800 
f 3785/1/3785 3796/1/3796 3808/1/3808 
f 3808/1/3808 3805/1/3805 3785/1/3785 
f 3809/1/3809 3808/1/3808 3796/1/3796 
f 3796/1/3796 3797/1/3797 3809/1/3809 
f 3810/1/3810 3811/1/3811 3808/1/3808 
f 3808/1/3808 3809/1/3809 3810/1/3810 
f 3805/1/3805 3808/1/3808 3811/1/3811 
f 3811/1/3811 3806/1/3806 3805/1/3805 
f 3797/1/3797 3812/1/3812 3813/1/3813 
f 3813/1/3813 3809/1/3809 3797/1/3797 
f 3814/1/3814 3813/1/3813 3812/1/3812 
f 3812/1/3812 3815/1/3815 3814/1/3814 
f 3816/1/3816 3817/1/3817 3813/1/3813 
f 3813/1/3813 3814/1/3814 3816/1/3816 
f 3809/1/3809 3813/1/3813 3817/1/3817 
f 3817/1/3817 3810/1/3810 3809/1/3809 
f 3810/1/3810 3817/1/3817 3818/1/3818 
f 3818/1/3818 3819/1/3819 3810/1/3810 
f 3820/1/3820 3818/1/3818 3817/1/3817 
f 3817/1/3817 3816/1/3816 3820/1/3820 
f 3821/1/3821 3822/1/3822 3818/1/3818 
f 3818/1/3818 3820/1/3820 3821/1/3821 
f 3819/1/3819 3818/1/3818 3822/1/3822 
f 3822/1/3822 3823/1/3823 3819/1/3819 
f 3824/1/3824 3714/1/3714 3825/1/3825 
f 3826/1/3826 3827/1/3827 3828/1/3828 
f 3828/1/3828 3825/1/3825 3826/1/3826 
f 3827/1/3827 3829/1/3829 3824/1/3824 
f 3714/1/3714 3712/1/3712 3830/1/3830 
f 3830/1/3830 3825/1/3825 3714/1/3714 
f 3831/1/3831 3830/1/3830 3712/1/3712 
f 3712/1/3712 3711/1/3711 3831/1/3831 
f 3832/1/3832 3833/1/3833 3830/1/3830 
f 3830/1/3830 3831/1/3831 3832/1/3832 
f 3825/1/3825 3830/1/3830 3833/1/3833 
f 3833/1/3833 3826/1/3826 3825/1/3825 
f 3803/1/3803 3834/1/3834 3835/1/3835 
f 3835/1/3835 3799/1/3799 3803/1/3803 
f 3831/1/3831 3835/1/3835 3834/1/3834 
f 3834/1/3834 3832/1/3832 3831/1/3831 
f 3711/1/3711 3765/1/3765 3835/1/3835 
f 3835/1/3835 3831/1/3831 3711/1/3711 
f 3799/1/3799 3835/1/3835 3765/1/3765 
f 3765/1/3765 3764/1/3764 3799/1/3799 
f 3836/1/3836 3837/1/3837 3834/1/3834 
f 3834/1/3834 3803/1/3803 3836/1/3836 
f 3838/1/3838 3839/1/3839 3837/1/3837 
f 3837/1/3837 3836/1/3836 3838/1/3838 
f 3834/1/3834 3837/1/3837 3839/1/3839 
f 3839/1/3839 3832/1/3832 3834/1/3834 
f 3803/1/3803 3802/1/3802 3840/1/3840 
f 3840/1/3840 3836/1/3836 3803/1/3803 
f 3841/1/3841 3840/1/3840 3802/1/3802 
f 3802/1/3802 3801/1/3801 3841/1/3841 
f 3842/1/3842 3843/1/3843 3840/1/3840 
f 3840/1/3840 3841/1/3841 3842/1/3842 
f 3836/1/3836 3840/1/3840 3843/1/3843 
f 3843/1/3843 3838/1/3838 3836/1/3836 
f 3801/1/3801 3807/1/3807 3844/1/3844 
f 3844/1/3844 3841/1/3841 3801/1/3801 
f 3845/1/3845 3844/1/3844 3807/1/3807 
f 3807/1/3807 3806/1/3806 3845/1/3845 
f 3846/1/3846 3847/1/3847 3844/1/3844 
f 3844/1/3844 3845/1/3845 3846/1/3846 
f 3841/1/3841 3844/1/3844 3847/1/3847 
f 3847/1/3847 3842/1/3842 3841/1/3841 
f 3823/1/3823 3848/1/3848 3849/1/3849 
f 3849/1/3849 3819/1/3819 3823/1/3823 
f 3845/1/3845 3849/1/3849 3848/1/3848 
f 3848/1/3848 3846/1/3846 3845/1/3845 
f 3806/1/3806 3811/1/3811 3849/1/3849 
f 3849/1/3849 3845/1/3845 3806/1/3806 
f 3819/1/3819 3849/1/3849 3811/1/3811 
f 3811/1/3811 3810/1/3810 3819/1/3819 
f 3829/1/3829 3827/1/3827 3850/1/3850 
f 3850/1/3850 3851/1/3851 3829/1/3829 
f 3852/1/3852 3850/1/3850 3827/1/3827 
f 3827/1/3827 3826/1/3826 3852/1/3852 
f 3853/1/3853 3854/1/3854 3850/1/3850 
f 3850/1/3850 3852/1/3852 3853/1/3853 
f 3851/1/3851 3850/1/3850 3854/1/3854 
f 3854/1/3854 3855/1/3855 3851/1/3851 
f 3826/1/3826 3833/1/3833 3856/1/3856 
f 3856/1/3856 3852/1/3852 3826/1/3826 
f 3857/1/3857 3856/1/3856 3833/1/3833 
f 3833/1/3833 3832/1/3832 3857/1/3857 
f 3858/1/3858 3859/1/3859 3856/1/3856 
f 3856/1/3856 3857/1/3857 3858/1/3858 
f 3852/1/3852 3856/1/3856 3859/1/3859 
f 3859/1/3859 3853/1/3853 3852/1/3852 
f 3860/1/3860 3861/1/3861 3862/1/3862 
f 3862/1/3862 3863/1/3863 3860/1/3860 
f 3853/1/3853 3859/1/3859 3863/1/3863 
f 3863/1/3863 3862/1/3862 3853/1/3853 
f 3859/1/3859 3858/1/3858 3864/1/3864 
f 3860/1/3860 3863/1/3863 3864/1/3864 
f 3864/1/3864 3865/1/3865 3860/1/3860 
f 3832/1/3832 3839/1/3839 3866/1/3866 
f 3866/1/3866 3857/1/3857 3832/1/3832 
f 3867/1/3867 3866/1/3866 3839/1/3839 
f 3839/1/3839 3838/1/3838 3867/1/3867 
f 3868/1/3868 3869/1/3869 3866/1/3866 
f 3866/1/3866 3867/1/3867 3868/1/3868 
f 3857/1/3857 3866/1/3866 3869/1/3869 
f 3869/1/3869 3858/1/3858 3857/1/3857 
f 3870/1/3870 3871/1/3871 3869/1/3869 
f 3869/1/3869 3868/1/3868 3870/1/3870 
f 3872/1/3872 3871/1/3871 3870/1/3870 
f 3870/1/3870 3873/1/3873 3872/1/3872 
f 3865/1/3865 3864/1/3864 3871/1/3871 
f 3871/1/3871 3872/1/3872 3865/1/3865 
f 3858/1/3858 3869/1/3869 3871/1/3871 
f 3871/1/3871 3864/1/3864 3858/1/3858 
f 3838/1/3838 3843/1/3843 3874/1/3874 
f 3874/1/3874 3867/1/3867 3838/1/3838 
f 3875/1/3875 3874/1/3874 3843/1/3843 
f 3843/1/3843 3842/1/3842 3875/1/3875 
f 3876/1/3876 3877/1/3877 3874/1/3874 
f 3874/1/3874 3875/1/3875 3876/1/3876 
f 3867/1/3867 3874/1/3874 3877/1/3877 
f 3877/1/3877 3868/1/3868 3867/1/3867 
f 3878/1/3878 3879/1/3879 3880/1/3880 
f 3880/1/3880 3881/1/3881 3878/1/3878 
f 3870/1/3870 3880/1/3880 3879/1/3879 
f 3879/1/3879 3873/1/3873 3870/1/3870 
f 3868/1/3868 3877/1/3877 3880/1/3880 
f 3880/1/3880 3870/1/3870 3868/1/3868 
f 3881/1/3881 3880/1/3880 3877/1/3877 
f 3877/1/3877 3876/1/3876 3881/1/3881 
f 3842/1/3842 3847/1/3847 3882/1/3882 
f 3882/1/3882 3875/1/3875 3842/1/3842 
f 3883/1/3883 3882/1/3882 3847/1/3847 
f 3847/1/3847 3846/1/3846 3883/1/3883 
f 3883/1/3883 3884/1/3884 3885/1/3885 
f 3885/1/3885 3882/1/3882 3883/1/3883 
f 3875/1/3875 3882/1/3882 3885/1/3885 
f 3885/1/3885 3876/1/3876 3875/1/3875 
f 3886/1/3886 3887/1/3887 3888/1/3888 
f 3888/1/3888 3889/1/3889 3886/1/3886 
f 3887/1/3887 3878/1/3878 3881/1/3881 
f 3876/1/3876 3885/1/3885 3888/1/3888 
f 3888/1/3888 3881/1/3881 3876/1/3876 
f 3889/1/3889 3888/1/3888 3885/1/3885 
f 3885/1/3885 3884/1/3884 3889/1/3889 
f 866/1/866 3890/1/3890 3891/1/3891 
f 3891/1/3891 867/1/867 866/1/866 
f 3892/1/3892 3891/1/3891 3890/1/3890 
f 3890/1/3890 3893/1/3893 3892/1/3892 
f 3894/1/3894 3895/1/3895 3891/1/3891 
f 3891/1/3891 3892/1/3892 3894/1/3894 
f 867/1/867 3891/1/3891 3895/1/3895 
f 3895/1/3895 871/1/871 867/1/867 
f 3896/1/3896 3897/1/3897 3898/1/3898 
f 3898/1/3898 3899/1/3899 3896/1/3896 
f 882/1/882 3898/1/3898 3897/1/3897 
f 3897/1/3897 883/1/883 882/1/882 
f 881/1/881 3900/1/3900 3898/1/3898 
f 3898/1/3898 882/1/882 881/1/881 
f 3899/1/3899 3898/1/3898 3900/1/3900 
f 3900/1/3900 3901/1/3901 3899/1/3899 
f 3902/1/3902 3903/1/3903 3904/1/3904 
f 3904/1/3904 3905/1/3905 3902/1/3902 
f 888/1/888 3904/1/3904 3903/1/3903 
f 3903/1/3903 889/1/889 888/1/888 
f 883/1/883 3897/1/3897 3904/1/3904 
f 3904/1/3904 888/1/888 883/1/883 
f 3905/1/3905 3904/1/3904 3897/1/3897 
f 3897/1/3897 3896/1/3896 3905/1/3905 
f 889/1/889 3903/1/3903 3906/1/3906 
f 3906/1/3906 890/1/890 889/1/889 
f 3907/1/3907 3906/1/3906 3903/1/3903 
f 3903/1/3903 3902/1/3902 3907/1/3907 
f 3893/1/3893 3890/1/3890 3906/1/3906 
f 3906/1/3906 3907/1/3907 3893/1/3893 
f 890/1/890 3906/1/3906 3890/1/3890 
f 3890/1/3890 866/1/866 890/1/890 
f 3901/1/3901 3908/1/3908 3909/1/3909 
f 3909/1/3909 3899/1/3899 3901/1/3901 
f 3910/1/3910 3909/1/3909 3908/1/3908 
f 3908/1/3908 3911/1/3911 3910/1/3910 
f 3912/1/3912 3913/1/3913 3909/1/3909 
f 3909/1/3909 3910/1/3910 3912/1/3912 
f 3899/1/3899 3909/1/3909 3913/1/3913 
f 3913/1/3913 3896/1/3896 3899/1/3899 
f 3914/1/3914 3915/1/3915 3916/1/3916 
f 3916/1/3916 3917/1/3917 3914/1/3914 
f 3905/1/3905 3916/1/3916 3915/1/3915 
f 3915/1/3915 3902/1/3902 3905/1/3905 
f 3896/1/3896 3913/1/3913 3916/1/3916 
f 3916/1/3916 3905/1/3905 3896/1/3896 
f 3917/1/3917 3916/1/3916 3913/1/3913 
f 3913/1/3913 3912/1/3912 3917/1/3917 
f 3902/1/3902 3915/1/3915 3918/1/3918 
f 3918/1/3918 3907/1/3907 3902/1/3902 
f 3919/1/3919 3918/1/3918 3915/1/3915 
f 3915/1/3915 3914/1/3914 3919/1/3919 
f 3920/1/3920 3921/1/3921 3918/1/3918 
f 3918/1/3918 3919/1/3919 3920/1/3920 
f 3921/1/3921 3893/1/3893 3907/1/3907 
f 3911/1/3911 3922/1/3922 3923/1/3923 
f 3923/1/3923 3910/1/3910 3911/1/3911 
f 3924/1/3924 3923/1/3923 3922/1/3922 
f 3922/1/3922 3925/1/3925 3924/1/3924 
f 3926/1/3926 3927/1/3927 3923/1/3923 
f 3923/1/3923 3924/1/3924 3926/1/3926 
f 3910/1/3910 3923/1/3923 3927/1/3927 
f 3927/1/3927 3912/1/3912 3910/1/3910 
f 3855/1/3855 3928/1/3928 3929/1/3929 
f 3929/1/3929 3851/1/3851 3855/1/3855 
f 3930/1/3930 3929/1/3929 3928/1/3928 
f 3928/1/3928 3931/1/3931 3930/1/3930 
f 3932/1/3932 3933/1/3933 3929/1/3929 
f 3929/1/3929 3930/1/3930 3932/1/3932 
f 3851/1/3851 3929/1/3929 3933/1/3933 
f 3933/1/3933 3829/1/3829 3851/1/3851 
f 3925/1/3925 3934/1/3934 3935/1/3935 
f 3935/1/3935 3924/1/3924 3925/1/3925 
f 3936/1/3936 3935/1/3935 3934/1/3934 
f 3934/1/3934 3937/1/3937 3936/1/3936 
f 3938/1/3938 3939/1/3939 3935/1/3935 
f 3935/1/3935 3936/1/3936 3938/1/3938 
f 3924/1/3924 3935/1/3935 3939/1/3939 
f 3939/1/3939 3926/1/3926 3924/1/3924 
f 3940/1/3940 3941/1/3941 3942/1/3942 
f 3942/1/3942 3943/1/3943 3940/1/3940 
f 3917/1/3917 3942/1/3942 3941/1/3941 
f 3941/1/3941 3914/1/3914 3917/1/3917 
f 3912/1/3912 3927/1/3927 3942/1/3942 
f 3942/1/3942 3917/1/3917 3912/1/3912 
f 3943/1/3943 3942/1/3942 3927/1/3927 
f 3927/1/3927 3926/1/3926 3943/1/3943 
f 3944/1/3944 3939/1/3939 3938/1/3938 
f 3938/1/3938 3945/1/3945 3944/1/3944 
f 3944/1/3944 3945/1/3945 3940/1/3940 
f 3926/1/3926 3939/1/3939 3944/1/3944 
f 3944/1/3944 3943/1/3943 3926/1/3926 
f 3914/1/3914 3941/1/3941 3946/1/3946 
f 3946/1/3946 3919/1/3919 3914/1/3914 
f 3947/1/3947 3946/1/3946 3941/1/3941 
f 3941/1/3941 3940/1/3940 3947/1/3947 
f 3946/1/3946 3947/1/3947 3948/1/3948 
f 3919/1/3919 3946/1/3946 3949/1/3949 
f 3949/1/3949 3920/1/3920 3919/1/3919 
f 3950/1/3950 3947/1/3947 3940/1/3940 
f 3945/1/3945 3938/1/3938 3951/1/3951 
f 3952/1/3952 3953/1/3953 3950/1/3950 
f 3950/1/3950 3951/1/3951 3952/1/3952 
f 3953/1/3953 3948/1/3948 3947/1/3947 
f 3931/1/3931 3954/1/3954 3955/1/3955 
f 3955/1/3955 3930/1/3930 3931/1/3931 
f 3936/1/3936 3955/1/3955 3954/1/3954 
f 3954/1/3954 3938/1/3938 3936/1/3936 
f 3937/1/3937 3956/1/3956 3955/1/3955 
f 3955/1/3955 3936/1/3936 3937/1/3937 
f 3930/1/3930 3955/1/3955 3956/1/3956 
f 3956/1/3956 3932/1/3932 3930/1/3930 
f 3893/1/3893 3921/1/3921 3957/1/3957 
f 3957/1/3957 3892/1/3892 3893/1/3893 
f 3958/1/3958 3957/1/3957 3921/1/3921 
f 3921/1/3921 3920/1/3920 3958/1/3958 
f 3959/1/3959 3960/1/3960 3957/1/3957 
f 3957/1/3957 3958/1/3958 3959/1/3959 
f 3892/1/3892 3957/1/3957 3960/1/3960 
f 3960/1/3960 3894/1/3894 3892/1/3892 
f 3920/1/3920 3949/1/3949 3961/1/3961 
f 3961/1/3961 3958/1/3958 3920/1/3920 
f 3962/1/3962 3961/1/3961 3949/1/3949 
f 3949/1/3949 3948/1/3948 3962/1/3962 
f 3963/1/3963 3964/1/3964 3961/1/3961 
f 3961/1/3961 3962/1/3962 3963/1/3963 
f 3964/1/3964 3959/1/3959 3958/1/3958 
f 3963/1/3963 3965/1/3965 3966/1/3966 
f 3966/1/3966 3964/1/3964 3963/1/3963 
f 3967/1/3967 3966/1/3966 3965/1/3965 
f 3965/1/3965 3968/1/3968 3967/1/3967 
f 3969/1/3969 3970/1/3970 3966/1/3966 
f 3966/1/3966 3967/1/3967 3969/1/3969 
f 3970/1/3970 3959/1/3959 3964/1/3964 
f 3971/1/3971 3972/1/3972 3973/1/3973 
f 3973/1/3973 3974/1/3974 3971/1/3971 
f 3951/1/3951 3973/1/3973 3972/1/3972 
f 3972/1/3972 3952/1/3952 3951/1/3951 
f 3938/1/3938 3954/1/3954 3973/1/3973 
f 3973/1/3973 3951/1/3951 3938/1/3938 
f 3974/1/3974 3973/1/3973 3954/1/3954 
f 3954/1/3954 3931/1/3931 3974/1/3974 
f 3952/1/3952 3972/1/3972 3975/1/3975 
f 3975/1/3975 3953/1/3953 3952/1/3952 
f 3976/1/3976 3975/1/3975 3972/1/3972 
f 3972/1/3972 3971/1/3971 3976/1/3976 
f 3963/1/3963 3962/1/3962 3975/1/3975 
f 3975/1/3975 3976/1/3976 3963/1/3963 
f 3953/1/3953 3975/1/3975 3962/1/3962 
f 3962/1/3962 3948/1/3948 3953/1/3953 
f 3861/1/3861 3977/1/3977 3978/1/3978 
f 3978/1/3978 3862/1/3862 3861/1/3861 
f 3979/1/3979 3978/1/3978 3977/1/3977 
f 3977/1/3977 3980/1/3980 3979/1/3979 
f 3855/1/3855 3854/1/3854 3978/1/3978 
f 3978/1/3978 3979/1/3979 3855/1/3855 
f 3862/1/3862 3978/1/3978 3854/1/3854 
f 3854/1/3854 3853/1/3853 3862/1/3862 
f 3981/1/3981 3982/1/3982 3983/1/3983 
f 3983/1/3983 3984/1/3984 3981/1/3981 
f 3982/1/3982 3968/1/3968 3965/1/3965 
f 3976/1/3976 3983/1/3983 3965/1/3965 
f 3965/1/3965 3963/1/3963 3976/1/3976 
f 3976/1/3976 3971/1/3971 3984/1/3984 
f 3980/1/3980 3985/1/3985 3986/1/3986 
f 3986/1/3986 3979/1/3979 3980/1/3980 
f 3974/1/3974 3986/1/3986 3985/1/3985 
f 3985/1/3985 3971/1/3971 3974/1/3974 
f 3931/1/3931 3928/1/3928 3986/1/3986 
f 3986/1/3986 3974/1/3974 3931/1/3931 
f 3928/1/3928 3855/1/3855 3979/1/3979 
f 3987/1/3987 3988/1/3988 3985/1/3985 
f 3985/1/3985 3980/1/3980 3987/1/3987 
f 3981/1/3981 3984/1/3984 3988/1/3988 
f 3988/1/3988 3987/1/3987 3981/1/3981 
f 3971/1/3971 3985/1/3985 3988/1/3988 
f 3988/1/3988 3984/1/3984 3971/1/3971 
f 3989/1/3989 3990/1/3990 3991/1/3991 
f 3991/1/3991 3992/1/3992 3989/1/3989 
f 3993/1/3993 3991/1/3991 3990/1/3990 
f 3990/1/3990 3994/1/3994 3993/1/3993 
f 3365/1/3365 3361/1/3361 3991/1/3991 
f 3991/1/3991 3993/1/3993 3365/1/3365 
f 3992/1/3992 3991/1/3991 3361/1/3361 
f 3361/1/3361 3360/1/3360 3992/1/3992 
f 3994/1/3994 3995/1/3995 3996/1/3996 
f 3996/1/3996 3993/1/3993 3994/1/3994 
f 3997/1/3997 3996/1/3996 3995/1/3995 
f 3995/1/3995 3998/1/3998 3997/1/3997 
f 3371/1/3371 3368/1/3368 3996/1/3996 
f 3996/1/3996 3997/1/3997 3371/1/3371 
f 3993/1/3993 3996/1/3996 3368/1/3368 
f 3368/1/3368 3365/1/3365 3993/1/3993 
f 3999/1/3999 4000/1/4000 4001/1/4001 
f 4001/1/4001 4002/1/4002 3999/1/3999 
f 3375/1/3375 3372/1/3372 3999/1/3999 
f 3999/1/3999 4002/1/4002 3375/1/3375 
f 3997/1/3997 3999/1/3999 3372/1/3372 
f 3372/1/3372 3371/1/3371 3997/1/3997 
f 4000/1/4000 3999/1/3999 3997/1/3997 
f 3997/1/3997 3998/1/3998 4000/1/4000 
f 4001/1/4001 4003/1/4003 4004/1/4004 
f 4004/1/4004 4002/1/4002 4001/1/4001 
f 4005/1/4005 4004/1/4004 4003/1/4003 
f 4003/1/4003 4006/1/4006 4005/1/4005 
f 3379/1/3379 3376/1/3376 4004/1/4004 
f 4004/1/4004 4005/1/4005 3379/1/3379 
f 4002/1/4002 4004/1/4004 3376/1/3376 
f 3376/1/3376 3375/1/3375 4002/1/4002 
f 4006/1/4006 4007/1/4007 4008/1/4008 
f 4008/1/4008 4005/1/4005 4006/1/4006 
f 4009/1/4009 4008/1/4008 4007/1/4007 
f 4007/1/4007 4010/1/4010 4009/1/4009 
f 3383/1/3383 3380/1/3380 4008/1/4008 
f 4008/1/4008 4009/1/4009 3383/1/3383 
f 4005/1/4005 4008/1/4008 3380/1/3380 
f 3380/1/3380 3379/1/3379 4005/1/4005 
f 4010/1/4010 4011/1/4011 4012/1/4012 
f 4012/1/4012 4009/1/4009 4010/1/4010 
f 4013/1/4013 4012/1/4012 4011/1/4011 
f 4011/1/4011 4014/1/4014 4013/1/4013 
f 3387/1/3387 3384/1/3384 4012/1/4012 
f 4012/1/4012 4013/1/4013 3387/1/3387 
f 4009/1/4009 4012/1/4012 3384/1/3384 
f 3384/1/3384 3383/1/3383 4009/1/4009 
f 4014/1/4014 4015/1/4015 4016/1/4016 
f 4016/1/4016 4013/1/4013 4014/1/4014 
f 4017/1/4017 4016/1/4016 4015/1/4015 
f 4015/1/4015 4018/1/4018 4017/1/4017 
f 3391/1/3391 3388/1/3388 4016/1/4016 
f 4016/1/4016 4017/1/4017 3391/1/3391 
f 4013/1/4013 4016/1/4016 3388/1/3388 
f 3388/1/3388 3387/1/3387 4013/1/4013 
f 4018/1/4018 4019/1/4019 4020/1/4020 
f 4020/1/4020 4017/1/4017 4018/1/4018 
f 4021/1/4021 4020/1/4020 4019/1/4019 
f 4019/1/4019 4022/1/4022 4021/1/4021 
f 3395/1/3395 3392/1/3392 4020/1/4020 
f 4020/1/4020 4021/1/4021 3395/1/3395 
f 4017/1/4017 4020/1/4020 3392/1/3392 
f 3392/1/3392 3391/1/3391 4017/1/4017 
f 4023/1/4023 4024/1/4024 4025/1/4025 
f 4025/1/4025 4026/1/4026 4023/1/4023 
f 3399/1/3399 3396/1/3396 4025/1/4025 
f 4025/1/4025 4024/1/4024 3399/1/3399 
f 4021/1/4021 4025/1/4025 3396/1/3396 
f 3396/1/3396 3395/1/3395 4021/1/4021 
f 4026/1/4026 4025/1/4025 4021/1/4021 
f 4021/1/4021 4022/1/4022 4026/1/4026 
f 4027/1/4027 4028/1/4028 4029/1/4029 
f 4029/1/4029 4030/1/4030 4027/1/4027 
f 4031/1/4031 4032/1/4032 4028/1/4028 
f 4028/1/4028 4027/1/4027 4031/1/4031 
f 4026/1/4026 4028/1/4028 4032/1/4032 
f 4032/1/4032 4023/1/4023 4026/1/4026 
f 4029/1/4029 4028/1/4028 4026/1/4026 
f 4026/1/4026 4022/1/4022 4029/1/4029 
f 4033/1/4033 4034/1/4034 4035/1/4035 
f 4035/1/4035 4036/1/4036 4033/1/4033 
f 3990/1/3990 4035/1/4035 4034/1/4034 
f 4034/1/4034 3994/1/3994 3990/1/3990 
f 3989/1/3989 4037/1/4037 4035/1/4035 
f 4035/1/4035 3990/1/3990 3989/1/3989 
f 4036/1/4036 4035/1/4035 4037/1/4037 
f 4037/1/4037 4038/1/4038 4036/1/4036 
f 4039/1/4039 4040/1/4040 4041/1/4041 
f 4041/1/4041 4042/1/4042 4039/1/4039 
f 3995/1/3995 4041/1/4041 4040/1/4040 
f 4040/1/4040 3998/1/3998 3995/1/3995 
f 3994/1/3994 4034/1/4034 4041/1/4041 
f 4041/1/4041 3995/1/3995 3994/1/3994 
f 4042/1/4042 4041/1/4041 4034/1/4034 
f 4034/1/4034 4033/1/4033 4042/1/4042 
f 4043/1/4043 4044/1/4044 4045/1/4045 
f 4045/1/4045 4046/1/4046 4043/1/4043 
f 4000/1/4000 4045/1/4045 4044/1/4044 
f 4044/1/4044 4001/1/4001 4000/1/4000 
f 3998/1/3998 4040/1/4040 4045/1/4045 
f 4045/1/4045 4000/1/4000 3998/1/3998 
f 4046/1/4046 4045/1/4045 4040/1/4040 
f 4040/1/4040 4039/1/4039 4046/1/4046 
f 4047/1/4047 4048/1/4048 4049/1/4049 
f 4049/1/4049 4050/1/4050 4047/1/4047 
f 4006/1/4006 4003/1/4003 4049/1/4049 
f 4049/1/4049 4048/1/4048 4006/1/4006 
f 4001/1/4001 4044/1/4044 4049/1/4049 
f 4049/1/4049 4003/1/4003 4001/1/4001 
f 4050/1/4050 4049/1/4049 4044/1/4044 
f 4044/1/4044 4043/1/4043 4050/1/4050 
f 4051/1/4051 4052/1/4052 4053/1/4053 
f 4053/1/4053 4054/1/4054 4051/1/4051 
f 4010/1/4010 4007/1/4007 4053/1/4053 
f 4053/1/4053 4052/1/4052 4010/1/4010 
f 4048/1/4048 4053/1/4053 4007/1/4007 
f 4007/1/4007 4006/1/4006 4048/1/4048 
f 4054/1/4054 4053/1/4053 4048/1/4048 
f 4048/1/4048 4047/1/4047 4054/1/4054 
f 4055/1/4055 4056/1/4056 4057/1/4057 
f 4057/1/4057 4058/1/4058 4055/1/4055 
f 4014/1/4014 4011/1/4011 4057/1/4057 
f 4057/1/4057 4056/1/4056 4014/1/4014 
f 4052/1/4052 4057/1/4057 4011/1/4011 
f 4011/1/4011 4010/1/4010 4052/1/4052 
f 4058/1/4058 4057/1/4057 4052/1/4052 
f 4052/1/4052 4051/1/4051 4058/1/4058 
f 4055/1/4055 4059/1/4059 4060/1/4060 
f 4060/1/4060 4056/1/4056 4055/1/4055 
f 4061/1/4061 4060/1/4060 4059/1/4059 
f 4059/1/4059 4062/1/4062 4061/1/4061 
f 4018/1/4018 4015/1/4015 4060/1/4060 
f 4060/1/4060 4061/1/4061 4018/1/4018 
f 4056/1/4056 4060/1/4060 4015/1/4015 
f 4015/1/4015 4014/1/4014 4056/1/4056 
f 4063/1/4063 4064/1/4064 4065/1/4065 
f 4019/1/4019 4066/1/4066 4065/1/4065 
f 4065/1/4065 4022/1/4022 4019/1/4019 
f 4061/1/4061 4066/1/4066 4019/1/4019 
f 4019/1/4019 4018/1/4018 4061/1/4061 
f 4062/1/4062 4063/1/4063 4066/1/4066 
f 4066/1/4066 4061/1/4061 4062/1/4062 
f 4064/1/4064 4067/1/4067 4068/1/4068 
f 4068/1/4068 4065/1/4065 4064/1/4064 
f 4069/1/4069 4068/1/4068 4067/1/4067 
f 4067/1/4067 4070/1/4070 4069/1/4069 
f 4030/1/4030 4029/1/4029 4068/1/4068 
f 4068/1/4068 4069/1/4069 4030/1/4030 
f 4065/1/4065 4068/1/4068 4029/1/4029 
f 4029/1/4029 4022/1/4022 4065/1/4065 
f 4038/1/4038 4071/1/4071 4072/1/4072 
f 4072/1/4072 4036/1/4036 4038/1/4038 
f 4073/1/4073 4072/1/4072 4071/1/4071 
f 4071/1/4071 4074/1/4074 4073/1/4073 
f 4075/1/4075 4076/1/4076 4072/1/4072 
f 4072/1/4072 4073/1/4073 4075/1/4075 
f 4036/1/4036 4072/1/4072 4076/1/4076 
f 4076/1/4076 4033/1/4033 4036/1/4036 
f 4033/1/4033 4076/1/4076 4077/1/4077 
f 4077/1/4077 4042/1/4042 4033/1/4033 
f 4078/1/4078 4077/1/4077 4076/1/4076 
f 4076/1/4076 4075/1/4075 4078/1/4078 
f 4079/1/4079 4080/1/4080 4077/1/4077 
f 4077/1/4077 4078/1/4078 4079/1/4079 
f 4042/1/4042 4077/1/4077 4080/1/4080 
f 4080/1/4080 4039/1/4039 4042/1/4042 
f 4039/1/4039 4080/1/4080 4081/1/4081 
f 4081/1/4081 4046/1/4046 4039/1/4039 
f 4082/1/4082 4081/1/4081 4080/1/4080 
f 4080/1/4080 4079/1/4079 4082/1/4082 
f 4083/1/4083 4084/1/4084 4081/1/4081 
f 4081/1/4081 4082/1/4082 4083/1/4083 
f 4046/1/4046 4081/1/4081 4084/1/4084 
f 4084/1/4084 4043/1/4043 4046/1/4046 
f 4043/1/4043 4084/1/4084 4085/1/4085 
f 4085/1/4085 4050/1/4050 4043/1/4043 
f 4086/1/4086 4085/1/4085 4084/1/4084 
f 4084/1/4084 4083/1/4083 4086/1/4086 
f 4087/1/4087 4088/1/4088 4085/1/4085 
f 4085/1/4085 4086/1/4086 4087/1/4087 
f 4050/1/4050 4085/1/4085 4088/1/4088 
f 4088/1/4088 4047/1/4047 4050/1/4050 
f 4089/1/4089 4090/1/4090 4091/1/4091 
f 4091/1/4091 4092/1/4092 4089/1/4089 
f 4073/1/4073 4091/1/4091 4090/1/4090 
f 4090/1/4090 4075/1/4075 4073/1/4073 
f 4074/1/4074 4093/1/4093 4091/1/4091 
f 4091/1/4091 4073/1/4073 4074/1/4074 
f 4092/1/4092 4091/1/4091 4093/1/4093 
f 4093/1/4093 4094/1/4094 4092/1/4092 
f 4095/1/4095 4096/1/4096 4097/1/4097 
f 4097/1/4097 4098/1/4098 4095/1/4095 
f 4078/1/4078 4096/1/4096 4095/1/4095 
f 4095/1/4095 4079/1/4079 4078/1/4078 
f 4075/1/4075 4090/1/4090 4096/1/4096 
f 4096/1/4096 4078/1/4078 4075/1/4075 
f 4097/1/4097 4096/1/4096 4090/1/4090 
f 4090/1/4090 4089/1/4089 4097/1/4097 
f 4099/1/4099 4100/1/4100 4101/1/4101 
f 4101/1/4101 4102/1/4102 4099/1/4099 
f 4082/1/4082 4100/1/4100 4099/1/4099 
f 4099/1/4099 4083/1/4083 4082/1/4082 
f 4079/1/4079 4095/1/4095 4100/1/4100 
f 4100/1/4100 4082/1/4082 4079/1/4079 
f 4098/1/4098 4101/1/4101 4100/1/4100 
f 4100/1/4100 4095/1/4095 4098/1/4098 
f 4103/1/4103 1089/1/1089 1088/1/1088 
f 1088/1/1088 4104/1/4104 4103/1/4103 
f 4105/1/4105 4104/1/4104 1088/1/1088 
f 1088/1/1088 1096/1/1096 4105/1/4105 
f 4106/1/4106 4104/1/4104 4105/1/4105 
f 4105/1/4105 4107/1/4107 4106/1/4106 
f 4108/1/4108 4103/1/4103 4104/1/4104 
f 4104/1/4104 4106/1/4106 4108/1/4108 
f 1096/1/1096 1098/1/1098 4109/1/4109 
f 4109/1/4109 4105/1/4105 1096/1/1096 
f 4110/1/4110 4109/1/4109 1098/1/1098 
f 1098/1/1098 1102/1/1102 4110/1/4110 
f 4111/1/4111 4112/1/4112 4109/1/4109 
f 4109/1/4109 4110/1/4110 4111/1/4111 
f 4105/1/4105 4109/1/4109 4112/1/4112 
f 4112/1/4112 4107/1/4107 4105/1/4105 
f 1102/1/1102 1104/1/1104 4113/1/4113 
f 4113/1/4113 4110/1/4110 1102/1/1102 
f 4114/1/4114 4113/1/4113 1104/1/1104 
f 1104/1/1104 1108/1/1108 4114/1/4114 
f 4115/1/4115 4116/1/4116 4113/1/4113 
f 4113/1/4113 4114/1/4114 4115/1/4115 
f 4110/1/4110 4113/1/4113 4116/1/4116 
f 4116/1/4116 4111/1/4111 4110/1/4110 
f 1108/1/1108 1110/1/1110 4117/1/4117 
f 4117/1/4117 4114/1/4114 1108/1/1108 
f 4118/1/4118 4117/1/4117 1110/1/1110 
f 1110/1/1110 1114/1/1114 4118/1/4118 
f 4119/1/4119 4120/1/4120 4117/1/4117 
f 4117/1/4117 4118/1/4118 4119/1/4119 
f 4114/1/4114 4117/1/4117 4120/1/4120 
f 4120/1/4120 4115/1/4115 4114/1/4114 
f 1114/1/1114 1116/1/1116 4121/1/4121 
f 4121/1/4121 4118/1/4118 1114/1/1114 
f 4122/1/4122 4121/1/4121 1116/1/1116 
f 1116/1/1116 1120/1/1120 4122/1/4122 
f 4123/1/4123 4124/1/4124 4121/1/4121 
f 4121/1/4121 4122/1/4122 4123/1/4123 
f 4118/1/4118 4121/1/4121 4124/1/4124 
f 4124/1/4124 4119/1/4119 4118/1/4118 
f 1120/1/1120 1122/1/1122 4125/1/4125 
f 4125/1/4125 4122/1/4122 1120/1/1120 
f 4126/1/4126 4125/1/4125 1122/1/1122 
f 1122/1/1122 1126/1/1126 4126/1/4126 
f 4127/1/4127 4128/1/4128 4125/1/4125 
f 4125/1/4125 4126/1/4126 4127/1/4127 
f 4122/1/4122 4125/1/4125 4128/1/4128 
f 4128/1/4128 4123/1/4123 4122/1/4122 
f 4129/1/4129 4130/1/4130 1129/1/1129 
f 1129/1/1129 1128/1/1128 4129/1/4129 
f 4131/1/4131 4132/1/4132 4130/1/4130 
f 4130/1/4130 4129/1/4129 4131/1/4131 
f 4126/1/4126 4130/1/4130 4132/1/4132 
f 4132/1/4132 4127/1/4127 4126/1/4126 
f 4126/1/4126 1126/1/1126 1129/1/1129 
f 1129/1/1129 4130/1/4130 4126/1/4126 
f 4133/1/4133 4134/1/4134 4135/1/4135 
f 4135/1/4135 4136/1/4136 4133/1/4133 
f 4129/1/4129 4135/1/4135 4134/1/4134 
f 4134/1/4134 4131/1/4131 4129/1/4129 
f 1128/1/1128 1134/1/1134 4135/1/4135 
f 4135/1/4135 4129/1/4129 1128/1/1128 
f 4136/1/4136 4135/1/4135 1134/1/1134 
f 1134/1/1134 1138/1/1138 4136/1/4136 
f 1140/1/1140 1139/1/1139 4137/1/4137 
f 4137/1/4137 4138/1/4138 1140/1/1140 
f 4139/1/4139 4140/1/4140 4138/1/4138 
f 4138/1/4138 4137/1/4137 4139/1/4139 
f 4136/1/4136 4138/1/4138 4140/1/4140 
f 4140/1/4140 4133/1/4133 4136/1/4136 
f 4136/1/4136 1138/1/1138 1140/1/1140 
f 1140/1/1140 4138/1/4138 4136/1/4136 
f 1139/1/1139 1146/1/1146 4141/1/4141 
f 4141/1/4141 4137/1/4137 1139/1/1139 
f 4142/1/4142 4141/1/4141 1146/1/1146 
f 1146/1/1146 1150/1/1150 4142/1/4142 
f 4143/1/4143 4144/1/4144 4141/1/4141 
f 4141/1/4141 4142/1/4142 4143/1/4143 
f 4137/1/4137 4141/1/4141 4144/1/4144 
f 4144/1/4144 4139/1/4139 4137/1/4137 
f 4145/1/4145 4146/1/4146 4147/1/4147 
f 4147/1/4147 4148/1/4148 4145/1/4145 
f 4112/1/4112 4147/1/4147 4146/1/4146 
f 4146/1/4146 4107/1/4107 4112/1/4112 
f 4149/1/4149 4147/1/4147 4112/1/4112 
f 4112/1/4112 4111/1/4111 4149/1/4149 
f 4149/1/4149 4150/1/4150 4148/1/4148 
f 4148/1/4148 4147/1/4147 4149/1/4149 
f 4150/1/4150 4151/1/4151 4152/1/4152 
f 4152/1/4152 4153/1/4153 4150/1/4150 
f 4154/1/4154 4152/1/4152 4151/1/4151 
f 4151/1/4151 4155/1/4155 4154/1/4154 
f 4098/1/4098 4097/1/4097 4152/1/4152 
f 4152/1/4152 4154/1/4154 4098/1/4098 
f 4153/1/4153 4152/1/4152 4097/1/4097 
f 4097/1/4097 4089/1/4089 4153/1/4153 
f 4155/1/4155 4151/1/4151 4156/1/4156 
f 4156/1/4156 4157/1/4157 4155/1/4155 
f 4149/1/4149 4156/1/4156 4151/1/4151 
f 4151/1/4151 4150/1/4150 4149/1/4149 
f 4111/1/4111 4116/1/4116 4156/1/4156 
f 4156/1/4156 4149/1/4149 4111/1/4111 
f 4157/1/4157 4156/1/4156 4116/1/4116 
f 4116/1/4116 4115/1/4115 4157/1/4157 
f 4155/1/4155 4158/1/4158 4159/1/4159 
f 4159/1/4159 4154/1/4154 4155/1/4155 
f 4160/1/4160 4159/1/4159 4158/1/4158 
f 4158/1/4158 4161/1/4161 4160/1/4160 
f 4102/1/4102 4101/1/4101 4159/1/4159 
f 4159/1/4159 4160/1/4160 4102/1/4102 
f 4154/1/4154 4159/1/4159 4101/1/4101 
f 4101/1/4101 4098/1/4098 4154/1/4154 
f 4161/1/4161 4158/1/4158 4162/1/4162 
f 4162/1/4162 4163/1/4163 4161/1/4161 
f 4157/1/4157 4162/1/4162 4158/1/4158 
f 4158/1/4158 4155/1/4155 4157/1/4157 
f 4115/1/4115 4120/1/4120 4162/1/4162 
f 4162/1/4162 4157/1/4157 4115/1/4115 
f 4163/1/4163 4162/1/4162 4120/1/4120 
f 4120/1/4120 4119/1/4119 4163/1/4163 
f 4119/1/4119 4124/1/4124 4164/1/4164 
f 4164/1/4164 4163/1/4163 4119/1/4119 
f 4165/1/4165 4164/1/4164 4124/1/4124 
f 4124/1/4124 4123/1/4123 4165/1/4165 
f 4166/1/4166 4167/1/4167 4164/1/4164 
f 4164/1/4164 4165/1/4165 4166/1/4166 
f 4163/1/4163 4164/1/4164 4167/1/4167 
f 4167/1/4167 4161/1/4161 4163/1/4163 
f 4168/1/4168 4169/1/4169 4128/1/4128 
f 4128/1/4128 4127/1/4127 4168/1/4168 
f 4170/1/4170 4171/1/4171 4169/1/4169 
f 4169/1/4169 4168/1/4168 4170/1/4170 
f 4165/1/4165 4169/1/4169 4171/1/4171 
f 4171/1/4171 4166/1/4166 4165/1/4165 
f 4123/1/4123 4128/1/4128 4169/1/4169 
f 4169/1/4169 4165/1/4165 4123/1/4123 
f 4172/1/4172 4173/1/4173 4174/1/4174 
f 4174/1/4174 4175/1/4175 4172/1/4172 
f 4168/1/4168 4174/1/4174 4173/1/4173 
f 4173/1/4173 4170/1/4170 4168/1/4168 
f 4127/1/4127 4132/1/4132 4174/1/4174 
f 4174/1/4174 4168/1/4168 4127/1/4127 
f 4175/1/4175 4174/1/4174 4132/1/4132 
f 4132/1/4132 4131/1/4131 4175/1/4175 
f 4176/1/4176 4177/1/4177 4178/1/4178 
f 4178/1/4178 4179/1/4179 4176/1/4176 
f 4175/1/4175 4178/1/4178 4177/1/4177 
f 4177/1/4177 4172/1/4172 4175/1/4175 
f 4131/1/4131 4134/1/4134 4178/1/4178 
f 4178/1/4178 4175/1/4175 4131/1/4131 
f 4179/1/4179 4178/1/4178 4134/1/4134 
f 4134/1/4134 4133/1/4133 4179/1/4179 
f 4180/1/4180 4181/1/4181 4182/1/4182 
f 4182/1/4182 4183/1/4183 4180/1/4180 
f 4179/1/4179 4182/1/4182 4181/1/4181 
f 4181/1/4181 4176/1/4176 4179/1/4179 
f 4133/1/4133 4140/1/4140 4182/1/4182 
f 4182/1/4182 4179/1/4179 4133/1/4133 
f 4183/1/4183 4182/1/4182 4140/1/4140 
f 4140/1/4140 4139/1/4139 4183/1/4183 
f 4184/1/4184 4185/1/4185 4186/1/4186 
f 4187/1/4187 4184/1/4184 4188/1/4188 
f 4188/1/4188 4189/1/4189 4187/1/4187 
f 4145/1/4145 4190/1/4190 4184/1/4184 
f 4184/1/4184 4187/1/4187 4145/1/4145 
f 4185/1/4185 4184/1/4184 4190/1/4190 
f 4190/1/4190 4094/1/4094 4185/1/4185 
f 4107/1/4107 4146/1/4146 4191/1/4191 
f 4191/1/4191 4106/1/4106 4107/1/4107 
f 4187/1/4187 4191/1/4191 4146/1/4146 
f 4146/1/4146 4145/1/4145 4187/1/4187 
f 4189/1/4189 4192/1/4192 4191/1/4191 
f 4191/1/4191 4187/1/4187 4189/1/4189 
f 4106/1/4106 4191/1/4191 4192/1/4192 
f 4192/1/4192 4108/1/4108 4106/1/4106 
f 4094/1/4094 4190/1/4190 4193/1/4193 
f 4193/1/4193 4092/1/4092 4094/1/4094 
f 4148/1/4148 4193/1/4193 4190/1/4190 
f 4190/1/4190 4145/1/4145 4148/1/4148 
f 4150/1/4150 4153/1/4153 4193/1/4193 
f 4193/1/4193 4148/1/4148 4150/1/4150 
f 4092/1/4092 4193/1/4193 4153/1/4153 
f 4153/1/4153 4089/1/4089 4092/1/4092 
f 3419/1/3419 4194/1/4194 4195/1/4195 
f 4195/1/4195 3415/1/3415 3419/1/3419 
f 4196/1/4196 4195/1/4195 4194/1/4194 
f 4194/1/4194 4197/1/4197 4196/1/4196 
f 3040/1/3040 3413/1/3413 4195/1/4195 
f 4195/1/4195 4196/1/4196 3040/1/3040 
f 3415/1/3415 4195/1/4195 3413/1/3413 
f 3413/1/3413 3412/1/3412 3415/1/3415 
f 4198/1/4198 4199/1/4199 4196/1/4196 
f 4196/1/4196 4197/1/4197 4198/1/4198 
f 3074/1/3074 4199/1/4199 4198/1/4198 
f 4198/1/4198 3075/1/3075 3074/1/3074 
f 3044/1/3044 3041/1/3041 4199/1/4199 
f 4199/1/4199 3074/1/3074 3044/1/3044 
f 4196/1/4196 4199/1/4199 3041/1/3041 
f 3041/1/3041 3040/1/3040 4196/1/4196 
f 3609/1/3609 3608/1/3608 4200/1/4200 
f 4201/1/4201 4202/1/4202 4203/1/4203 
f 4203/1/4203 4200/1/4200 4201/1/4201 
f 3419/1/3419 3418/1/3418 4203/1/4203 
f 4203/1/4203 4202/1/4202 3419/1/3419 
f 3609/1/3609 4203/1/4203 3418/1/3418 
f 3418/1/3418 3417/1/3417 3609/1/3609 
f 4204/1/4204 4205/1/4205 4206/1/4206 
f 4206/1/4206 3622/1/3622 3621/1/3621 
f 3075/1/3075 4198/1/4198 4207/1/4207 
f 4207/1/4207 3621/1/3621 3075/1/3075 
f 4198/1/4198 4197/1/4197 4204/1/4204 
f 4208/1/4208 4209/1/4209 4210/1/4210 
f 4210/1/4210 4211/1/4211 4208/1/4208 
f 4194/1/4194 4210/1/4210 4209/1/4209 
f 4209/1/4209 4197/1/4197 4194/1/4194 
f 3419/1/3419 4202/1/4202 4210/1/4210 
f 4210/1/4210 4194/1/4194 3419/1/3419 
f 4202/1/4202 4201/1/4201 4211/1/4211 
f 4212/1/4212 4213/1/4213 4209/1/4209 
f 4209/1/4209 4208/1/4208 4212/1/4212 
f 4205/1/4205 4204/1/4204 4213/1/4213 
f 4213/1/4213 4212/1/4212 4205/1/4205 
f 4197/1/4197 4209/1/4209 4213/1/4213 
f 4213/1/4213 4204/1/4204 4197/1/4197 
f 3608/1/3608 3614/1/3614 4214/1/4214 
f 4214/1/4214 4200/1/4200 3608/1/3608 
f 4215/1/4215 4214/1/4214 3614/1/3614 
f 3614/1/3614 3613/1/3613 4215/1/4215 
f 4216/1/4216 4217/1/4217 4214/1/4214 
f 4214/1/4214 4215/1/4215 4216/1/4216 
f 4217/1/4217 4201/1/4201 4200/1/4200 
f 4205/1/4205 4218/1/4218 4219/1/4219 
f 4219/1/4219 4206/1/4206 4205/1/4205 
f 4220/1/4220 4219/1/4219 4218/1/4218 
f 4218/1/4218 4221/1/4221 4220/1/4220 
f 3629/1/3629 3636/1/3636 4219/1/4219 
f 4219/1/4219 4220/1/4220 3629/1/3629 
f 4206/1/4206 4219/1/4219 3636/1/3636 
f 3636/1/3636 3622/1/3622 4206/1/4206 
f 4222/1/4222 4223/1/4223 4224/1/4224 
f 4224/1/4224 4225/1/4225 4222/1/4222 
f 4211/1/4211 4224/1/4224 4223/1/4223 
f 4223/1/4223 4208/1/4208 4211/1/4211 
f 4201/1/4201 4217/1/4217 4224/1/4224 
f 4224/1/4224 4211/1/4211 4201/1/4201 
f 4225/1/4225 4224/1/4224 4217/1/4217 
f 4217/1/4217 4216/1/4216 4225/1/4225 
f 4208/1/4208 4223/1/4223 4226/1/4226 
f 4226/1/4226 4212/1/4212 4208/1/4208 
f 4227/1/4227 4226/1/4226 4223/1/4223 
f 4223/1/4223 4222/1/4222 4227/1/4227 
f 4221/1/4221 4218/1/4218 4226/1/4226 
f 4226/1/4226 4227/1/4227 4221/1/4221 
f 4212/1/4212 4226/1/4226 4218/1/4218 
f 4218/1/4218 4205/1/4205 4212/1/4212 
f 3628/1/3628 3629/1/3629 4220/1/4220 
f 4220/1/4220 4228/1/4228 3628/1/3628 
f 4221/1/4221 4229/1/4229 4228/1/4228 
f 4228/1/4228 4220/1/4220 4221/1/4221 
f 4230/1/4230 4228/1/4228 4229/1/4229 
f 4229/1/4229 4231/1/4231 4230/1/4230 
f 3628/1/3628 4228/1/4228 4230/1/4230 
f 4230/1/4230 3619/1/3619 3628/1/3628 
f 4232/1/4232 4233/1/4233 4234/1/4234 
f 4234/1/4234 4235/1/4235 4232/1/4232 
f 4215/1/4215 4234/1/4234 4233/1/4233 
f 4233/1/4233 4216/1/4216 4215/1/4215 
f 3613/1/3613 3610/1/3610 4234/1/4234 
f 4234/1/4234 4215/1/4215 3613/1/3613 
f 4235/1/4235 4234/1/4234 3610/1/3610 
f 3610/1/3610 3605/1/3605 4235/1/4235 
f 4236/1/4236 4237/1/4237 4238/1/4238 
f 4238/1/4238 4239/1/4239 4236/1/4236 
f 4225/1/4225 4238/1/4238 4237/1/4237 
f 4237/1/4237 4222/1/4222 4225/1/4225 
f 4216/1/4216 4233/1/4233 4238/1/4238 
f 4238/1/4238 4225/1/4225 4216/1/4216 
f 4239/1/4239 4238/1/4238 4233/1/4233 
f 4233/1/4233 4232/1/4232 4239/1/4239 
f 4231/1/4231 4229/1/4229 4240/1/4240 
f 4240/1/4240 4241/1/4241 4231/1/4231 
f 4227/1/4227 4240/1/4240 4229/1/4229 
f 4229/1/4229 4221/1/4221 4227/1/4227 
f 4222/1/4222 4237/1/4237 4240/1/4240 
f 4240/1/4240 4227/1/4227 4222/1/4222 
f 4241/1/4241 4240/1/4240 4237/1/4237 
f 4237/1/4237 4236/1/4236 4241/1/4241 
f 3459/1/3459 4242/1/4242 4243/1/4243 
f 4243/1/4243 3602/1/3602 3459/1/3459 
f 4244/1/4244 4243/1/4243 4242/1/4242 
f 4242/1/4242 4245/1/4245 4244/1/4244 
f 4232/1/4232 4235/1/4235 4243/1/4243 
f 4243/1/4243 4244/1/4244 4232/1/4232 
f 4235/1/4235 3605/1/3605 3602/1/3602 
f 4245/1/4245 4242/1/4242 4246/1/4246 
f 4246/1/4246 4247/1/4247 4245/1/4245 
f 3462/1/3462 4246/1/4246 4242/1/4242 
f 4242/1/4242 3459/1/3459 3462/1/3462 
f 3457/1/3457 4247/1/4247 4246/1/4246 
f 4246/1/4246 3462/1/3462 3457/1/3457 
f 4231/1/4231 4248/1/4248 4249/1/4249 
f 4249/1/4249 4230/1/4230 4231/1/4231 
f 4250/1/4250 4249/1/4249 4248/1/4248 
f 4248/1/4248 4251/1/4251 4250/1/4250 
f 3618/1/3618 4249/1/4249 4250/1/4250 
f 4250/1/4250 3367/1/3367 3618/1/3618 
f 4249/1/4249 3618/1/3618 3619/1/3619 
f 4252/1/4252 4253/1/4253 4254/1/4254 
f 4254/1/4254 4255/1/4255 4252/1/4252 
f 4239/1/4239 4254/1/4254 4253/1/4253 
f 4253/1/4253 4236/1/4236 4239/1/4239 
f 4232/1/4232 4244/1/4244 4254/1/4254 
f 4254/1/4254 4239/1/4239 4232/1/4232 
f 4255/1/4255 4254/1/4254 4244/1/4244 
f 4244/1/4244 4245/1/4245 4255/1/4255 
f 4236/1/4236 4253/1/4253 4256/1/4256 
f 4256/1/4256 4241/1/4241 4236/1/4236 
f 4253/1/4253 4252/1/4252 4257/1/4257 
f 4251/1/4251 4248/1/4248 4256/1/4256 
f 4256/1/4256 4257/1/4257 4251/1/4251 
f 4241/1/4241 4256/1/4256 4248/1/4248 
f 4248/1/4248 4231/1/4231 4241/1/4241 
f 3457/1/3457 3455/1/3455 4258/1/4258 
f 4258/1/4258 4247/1/4247 3457/1/3457 
f 4259/1/4259 4258/1/4258 3455/1/3455 
f 3455/1/3455 3456/1/3456 4259/1/4259 
f 4260/1/4260 4261/1/4261 4258/1/4258 
f 4258/1/4258 4259/1/4259 4260/1/4260 
f 4247/1/4247 4258/1/4258 4261/1/4261 
f 4261/1/4261 4245/1/4245 4247/1/4247 
f 4262/1/4262 4263/1/4263 4264/1/4264 
f 4264/1/4264 4265/1/4265 4262/1/4262 
f 3363/1/3363 4264/1/4264 4263/1/4263 
f 4263/1/4263 3360/1/3360 3363/1/3363 
f 3367/1/3367 4250/1/4250 4264/1/4264 
f 4264/1/4264 3363/1/3363 3367/1/3367 
f 4265/1/4265 4264/1/4264 4250/1/4250 
f 4250/1/4250 4251/1/4251 4265/1/4265 
f 4260/1/4260 4266/1/4266 4267/1/4267 
f 4267/1/4267 4261/1/4261 4260/1/4260 
f 4268/1/4268 4267/1/4267 4266/1/4266 
f 4266/1/4266 4269/1/4269 4268/1/4268 
f 4255/1/4255 4267/1/4267 4268/1/4268 
f 4268/1/4268 4252/1/4252 4255/1/4255 
f 4261/1/4261 4267/1/4267 4255/1/4255 
f 4255/1/4255 4245/1/4245 4261/1/4261 
f 4252/1/4252 4268/1/4268 4270/1/4270 
f 4270/1/4270 4257/1/4257 4252/1/4252 
f 4271/1/4271 4270/1/4270 4268/1/4268 
f 4268/1/4268 4269/1/4269 4271/1/4271 
f 4265/1/4265 4270/1/4270 4271/1/4271 
f 4271/1/4271 4262/1/4262 4265/1/4265 
f 4265/1/4265 4251/1/4251 4257/1/4257 
f 4257/1/4257 4270/1/4270 4265/1/4265 
f 4272/1/4272 4273/1/4273 4274/1/4274 
f 4274/1/4274 4275/1/4275 4272/1/4272 
f 4276/1/4276 4277/1/4277 4273/1/4273 
f 4273/1/4273 4272/1/4272 4276/1/4276 
f 3456/1/3456 3452/1/3452 4273/1/4273 
f 4273/1/4273 4277/1/4277 3456/1/3456 
f 4274/1/4274 4273/1/4273 3452/1/3452 
f 3452/1/3452 3451/1/3451 4274/1/4274 
f 4278/1/4278 4279/1/4279 4280/1/4280 
f 4280/1/4280 4281/1/4281 4278/1/4278 
f 3992/1/3992 4280/1/4280 4279/1/4279 
f 4279/1/4279 3989/1/3989 3992/1/3992 
f 3360/1/3360 4263/1/4263 4280/1/4280 
f 4280/1/4280 3992/1/3992 3360/1/3360 
f 4281/1/4281 4280/1/4280 4263/1/4263 
f 4263/1/4263 4262/1/4262 4281/1/4281 
f 3456/1/3456 4277/1/4277 4282/1/4282 
f 4282/1/4282 4259/1/4259 3456/1/3456 
f 4283/1/4283 4282/1/4282 4277/1/4277 
f 4277/1/4277 4276/1/4276 4283/1/4283 
f 4260/1/4260 4259/1/4259 4282/1/4282 
f 4282/1/4282 4283/1/4283 4260/1/4260 
f 4284/1/4284 4272/1/4272 4275/1/4275 
f 4285/1/4285 4284/1/4284 4286/1/4286 
f 4286/1/4286 4186/1/4186 4285/1/4285 
f 4287/1/4287 4288/1/4288 4284/1/4284 
f 4284/1/4284 4285/1/4285 4287/1/4287 
f 4272/1/4272 4284/1/4284 4288/1/4288 
f 4288/1/4288 4276/1/4276 4272/1/4272 
f 4189/1/4189 4188/1/4188 4289/1/4289 
f 4289/1/4289 4290/1/4290 4189/1/4189 
f 4188/1/4188 4186/1/4186 4286/1/4286 
f 4286/1/4286 4289/1/4289 4188/1/4188 
f 4286/1/4286 4275/1/4275 4290/1/4290 
f 4291/1/4291 4292/1/4292 4279/1/4279 
f 4279/1/4279 4278/1/4278 4291/1/4291 
f 4293/1/4293 4292/1/4292 4291/1/4291 
f 4291/1/4291 4186/1/4186 4293/1/4293 
f 4038/1/4038 4037/1/4037 4292/1/4292 
f 4292/1/4292 4293/1/4293 4038/1/4038 
f 3989/1/3989 4279/1/4279 4292/1/4292 
f 4292/1/4292 4037/1/4037 3989/1/3989 
f 4285/1/4285 4294/1/4294 4295/1/4295 
f 4295/1/4295 4287/1/4287 4285/1/4285 
f 4291/1/4291 4294/1/4294 4285/1/4285 
f 4285/1/4285 4186/1/4186 4291/1/4291 
f 4278/1/4278 4295/1/4295 4294/1/4294 
f 4294/1/4294 4291/1/4291 4278/1/4278 
f 4038/1/4038 4293/1/4293 4296/1/4296 
f 4296/1/4296 4071/1/4071 4038/1/4038 
f 4293/1/4293 4186/1/4186 4185/1/4185 
f 4094/1/4094 4093/1/4093 4296/1/4296 
f 4296/1/4296 4185/1/4185 4094/1/4094 
f 4071/1/4071 4296/1/4296 4093/1/4093 
f 4093/1/4093 4074/1/4074 4071/1/4071 
f 4262/1/4262 4271/1/4271 4297/1/4297 
f 4297/1/4297 4281/1/4281 4262/1/4262 
f 4298/1/4298 4297/1/4297 4271/1/4271 
f 4271/1/4271 4269/1/4269 4298/1/4298 
f 4287/1/4287 4295/1/4295 4297/1/4297 
f 4297/1/4297 4298/1/4298 4287/1/4287 
f 4281/1/4281 4297/1/4297 4295/1/4295 
f 4295/1/4295 4278/1/4278 4281/1/4281 
f 4276/1/4276 4288/1/4288 4299/1/4299 
f 4299/1/4299 4283/1/4283 4276/1/4276 
f 4298/1/4298 4299/1/4299 4288/1/4288 
f 4288/1/4288 4287/1/4287 4298/1/4298 
f 4269/1/4269 4266/1/4266 4299/1/4299 
f 4299/1/4299 4298/1/4298 4269/1/4269 
f 4283/1/4283 4299/1/4299 4266/1/4266 
f 4266/1/4266 4260/1/4260 4283/1/4283 
f 4300/1/4300 4290/1/4290 4275/1/4275 
f 4301/1/4301 4300/1/4300 4302/1/4302 
f 4302/1/4302 4303/1/4303 4301/1/4301 
f 4108/1/4108 4192/1/4192 4300/1/4300 
f 4300/1/4300 4301/1/4301 4108/1/4108 
f 4290/1/4290 4300/1/4300 4192/1/4192 
f 4192/1/4192 4189/1/4189 4290/1/4290 
f 1312/1/1312 1311/1/1311 4304/1/4304 
f 4304/1/4304 4305/1/4305 1312/1/1312 
f 4103/1/4103 4304/1/4304 1311/1/1311 
f 1311/1/1311 1089/1/1089 4103/1/4103 
f 4301/1/4301 4304/1/4304 4103/1/4103 
f 4103/1/4103 4108/1/4108 4301/1/4301 
f 4305/1/4305 4304/1/4304 4301/1/4301 
f 4301/1/4301 4303/1/4303 4305/1/4305 
f 4306/1/4306 4307/1/4307 4308/1/4308 
f 4308/1/4308 4309/1/4309 4306/1/4306 
f 4310/1/4310 4307/1/4307 4306/1/4306 
f 4306/1/4306 4311/1/4311 4310/1/4310 
f 3429/1/3429 3425/1/3425 4307/1/4307 
f 4307/1/4307 4310/1/4310 3429/1/3429 
f 3424/1/3424 4308/1/4308 4307/1/4307 
f 4307/1/4307 3425/1/3425 3424/1/3424 
f 4311/1/4311 4312/1/4312 4313/1/4313 
f 4313/1/4313 4310/1/4310 4311/1/4311 
f 4314/1/4314 4313/1/4313 4312/1/4312 
f 4312/1/4312 4315/1/4315 4314/1/4314 
f 3436/1/3436 3433/1/3433 4313/1/4313 
f 4313/1/4313 4314/1/4314 3436/1/3436 
f 4310/1/4310 4313/1/4313 3433/1/3433 
f 3433/1/3433 3429/1/3429 4310/1/4310 
f 4315/1/4315 4316/1/4316 4317/1/4317 
f 4317/1/4317 4314/1/4314 4315/1/4315 
f 4318/1/4318 4317/1/4317 4316/1/4316 
f 4316/1/4316 4319/1/4319 4318/1/4318 
f 3444/1/3444 3443/1/3443 4317/1/4317 
f 4317/1/4317 4318/1/4318 3444/1/3444 
f 4314/1/4314 4317/1/4317 3443/1/3443 
f 3443/1/3443 3436/1/3436 4314/1/4314 
f 4319/1/4319 4320/1/4320 4321/1/4321 
f 4321/1/4321 4318/1/4318 4319/1/4319 
f 3454/1/3454 4321/1/4321 4320/1/4320 
f 4320/1/4320 3451/1/3451 3454/1/3454 
f 3448/1/3448 3445/1/3445 4321/1/4321 
f 4321/1/4321 3454/1/3454 3448/1/3448 
f 4318/1/4318 4321/1/4321 3445/1/3445 
f 3445/1/3445 3444/1/3444 4318/1/4318 
f 3451/1/3451 4320/1/4320 4322/1/4322 
f 4322/1/4322 4274/1/4274 3451/1/3451 
f 4323/1/4323 4322/1/4322 4320/1/4320 
f 4320/1/4320 4319/1/4319 4323/1/4323 
f 4303/1/4303 4302/1/4302 4322/1/4322 
f 4322/1/4322 4323/1/4323 4303/1/4303 
f 4274/1/4274 4322/1/4322 4302/1/4302 
f 4302/1/4302 4275/1/4275 4274/1/4274 
f 4324/1/4324 4325/1/4325 4326/1/4326 
f 4326/1/4326 4327/1/4327 4324/1/4324 
f 4328/1/4328 4326/1/4326 4325/1/4325 
f 4325/1/4325 4329/1/4329 4328/1/4328 
f 4326/1/4326 4328/1/4328 4319/1/4319 
f 4327/1/4327 4326/1/4326 4316/1/4316 
f 4316/1/4316 4315/1/4315 4327/1/4327 
f 4328/1/4328 4330/1/4330 4323/1/4323 
f 4323/1/4323 4319/1/4319 4328/1/4328 
f 4329/1/4329 4331/1/4331 4330/1/4330 
f 4330/1/4330 4328/1/4328 4329/1/4329 
f 4323/1/4323 4330/1/4330 4331/1/4331 
f 4331/1/4331 4303/1/4303 4323/1/4323 
f 4332/1/4332 4305/1/4305 4303/1/4303 
f 4333/1/4333 4332/1/4332 4331/1/4331 
f 4331/1/4331 4329/1/4329 4333/1/4333 
f 1340/1/1340 1343/1/1343 4332/1/4332 
f 4332/1/4332 4333/1/4333 1340/1/1340 
f 1343/1/1343 1312/1/1312 4305/1/4305 
f 4329/1/4329 4325/1/4325 4334/1/4334 
f 4334/1/4334 4333/1/4333 4329/1/4329 
f 4335/1/4335 4334/1/4334 4325/1/4325 
f 4325/1/4325 4324/1/4324 4335/1/4335 
f 1346/1/1346 1345/1/1345 4334/1/4334 
f 4334/1/4334 4335/1/4335 1346/1/1346 
f 1345/1/1345 1340/1/1340 4333/1/4333 
f 4336/1/4336 4337/1/4337 4338/1/4338 
f 4338/1/4338 4339/1/4339 4336/1/4336 
f 1352/1/1352 4338/1/4338 4337/1/4337 
f 4337/1/4337 1353/1/1353 1352/1/1352 
f 871/1/871 3895/1/3895 4338/1/4338 
f 4338/1/4338 1352/1/1352 871/1/871 
f 4339/1/4339 4338/1/4338 3895/1/3895 
f 3895/1/3895 3894/1/3894 4339/1/4339 
f 4340/1/4340 4341/1/4341 4342/1/4342 
f 4342/1/4342 4343/1/4343 4340/1/4340 
f 4339/1/4339 4342/1/4342 4341/1/4341 
f 4341/1/4341 4336/1/4336 4339/1/4339 
f 3894/1/3894 3960/1/3960 4342/1/4342 
f 4342/1/4342 4339/1/4339 3894/1/3894 
f 4343/1/4343 4342/1/4342 3960/1/3960 
f 3960/1/3960 3959/1/3959 4343/1/4343 
f 3959/1/3959 3970/1/3970 4344/1/4344 
f 4344/1/4344 4343/1/4343 3959/1/3959 
f 4345/1/4345 4344/1/4344 3970/1/3970 
f 3970/1/3970 3969/1/3969 4345/1/4345 
f 4346/1/4346 4347/1/4347 4344/1/4344 
f 4344/1/4344 4345/1/4345 4346/1/4346 
f 4343/1/4343 4344/1/4344 4347/1/4347 
f 4347/1/4347 4340/1/4340 4343/1/4343 
f 3969/1/3969 3967/1/3967 4348/1/4348 
f 4348/1/4348 4345/1/4345 3969/1/3969 
f 4349/1/4349 4348/1/4348 3967/1/3967 
f 3967/1/3967 3968/1/3968 4349/1/4349 
f 4350/1/4350 4351/1/4351 4348/1/4348 
f 4348/1/4348 4349/1/4349 4350/1/4350 
f 4351/1/4351 4346/1/4346 4345/1/4345 
f 3968/1/3968 3982/1/3982 4352/1/4352 
f 4352/1/4352 4349/1/4349 3968/1/3968 
f 4353/1/4353 4352/1/4352 3982/1/3982 
f 3982/1/3982 3981/1/3981 4353/1/4353 
f 4354/1/4354 4355/1/4355 4352/1/4352 
f 4352/1/4352 4353/1/4353 4354/1/4354 
f 4349/1/4349 4352/1/4352 4355/1/4355 
f 4355/1/4355 4350/1/4350 4349/1/4349 
f 4356/1/4356 4357/1/4357 4358/1/4358 
f 4353/1/4353 4356/1/4356 4359/1/4359 
f 4359/1/4359 4354/1/4354 4353/1/4353 
f 3981/1/3981 3987/1/3987 4356/1/4356 
f 4356/1/4356 4353/1/4353 3981/1/3981 
f 4357/1/4357 4356/1/4356 3987/1/3987 
f 3987/1/3987 3980/1/3980 4357/1/4357 
f 3977/1/3977 4360/1/4360 4357/1/4357 
f 4357/1/4357 3980/1/3980 3977/1/3977 
f 3861/1/3861 4361/1/4361 4360/1/4360 
f 4360/1/4360 3977/1/3977 3861/1/3861 
f 4362/1/4362 4363/1/4363 4360/1/4360 
f 4360/1/4360 4361/1/4361 4362/1/4362 
f 4357/1/4357 4360/1/4360 4363/1/4363 
f 4363/1/4363 4358/1/4358 4357/1/4357 
f 3865/1/3865 4364/1/4364 4365/1/4365 
f 4365/1/4365 3860/1/3860 3865/1/3865 
f 4366/1/4366 4365/1/4365 4364/1/4364 
f 4364/1/4364 4367/1/4367 4366/1/4366 
f 4362/1/4362 4361/1/4361 4365/1/4365 
f 4365/1/4365 4366/1/4366 4362/1/4362 
f 3860/1/3860 4365/1/4365 4361/1/4361 
f 4361/1/4361 3861/1/3861 3860/1/3860 
f 3873/1/3873 4368/1/4368 4369/1/4369 
f 4369/1/4369 3872/1/3872 3873/1/3873 
f 4370/1/4370 4369/1/4369 4368/1/4368 
f 4368/1/4368 4371/1/4371 4370/1/4370 
f 4367/1/4367 4364/1/4364 4369/1/4369 
f 4369/1/4369 4370/1/4370 4367/1/4367 
f 3872/1/3872 4369/1/4369 4364/1/4364 
f 4364/1/4364 3865/1/3865 3872/1/3872 
f 3873/1/3873 3879/1/3879 4372/1/4372 
f 4372/1/4372 4368/1/4368 3873/1/3873 
f 4373/1/4373 4372/1/4372 3879/1/3879 
f 3879/1/3879 3878/1/3878 4373/1/4373 
f 4374/1/4374 4372/1/4372 4373/1/4373 
f 4373/1/4373 4375/1/4375 4374/1/4374 
f 4371/1/4371 4368/1/4368 4372/1/4372 
f 4372/1/4372 4374/1/4374 4371/1/4371 
f 3886/1/3886 4376/1/4376 4377/1/4377 
f 4377/1/4377 3887/1/3887 3886/1/3886 
f 4378/1/4378 4377/1/4377 4376/1/4376 
f 4376/1/4376 4379/1/4379 4378/1/4378 
f 4375/1/4375 4373/1/4373 4377/1/4377 
f 4377/1/4377 4378/1/4378 4375/1/4375 
f 3878/1/3878 3887/1/3887 4377/1/4377 
f 4377/1/4377 4373/1/4373 3878/1/3878 
f 4350/1/4350 4355/1/4355 4380/1/4380 
f 4380/1/4380 4381/1/4381 4350/1/4350 
f 4382/1/4382 4380/1/4380 4355/1/4355 
f 4355/1/4355 4354/1/4354 4382/1/4382 
f 4383/1/4383 4384/1/4384 4380/1/4380 
f 4380/1/4380 4382/1/4382 4383/1/4383 
f 4381/1/4381 4380/1/4380 4384/1/4384 
f 4384/1/4384 4385/1/4385 4381/1/4381 
f 4354/1/4354 4359/1/4359 4386/1/4386 
f 4386/1/4386 4382/1/4382 4354/1/4354 
f 4387/1/4387 4386/1/4386 4359/1/4359 
f 4359/1/4359 4358/1/4358 4387/1/4387 
f 4388/1/4388 4389/1/4389 4386/1/4386 
f 4386/1/4386 4387/1/4387 4388/1/4388 
f 4382/1/4382 4386/1/4386 4389/1/4389 
f 4389/1/4389 4383/1/4383 4382/1/4382 
f 4358/1/4358 4363/1/4363 4390/1/4390 
f 4390/1/4390 4387/1/4387 4358/1/4358 
f 4391/1/4391 4390/1/4390 4363/1/4363 
f 4363/1/4363 4362/1/4362 4391/1/4391 
f 4392/1/4392 4393/1/4393 4390/1/4390 
f 4390/1/4390 4391/1/4391 4392/1/4392 
f 4387/1/4387 4390/1/4390 4393/1/4393 
f 4393/1/4393 4388/1/4388 4387/1/4387 
f 4391/1/4391 4394/1/4394 4395/1/4395 
f 4395/1/4395 4392/1/4392 4391/1/4391 
f 4362/1/4362 4366/1/4366 4394/1/4394 
f 4394/1/4394 4391/1/4391 4362/1/4362 
f 4367/1/4367 4396/1/4396 4394/1/4394 
f 4394/1/4394 4366/1/4366 4367/1/4367 
f 4395/1/4395 4394/1/4394 4396/1/4396 
f 4396/1/4396 4397/1/4397 4395/1/4395 
f 4371/1/4371 4398/1/4398 4399/1/4399 
f 4399/1/4399 4370/1/4370 4371/1/4371 
f 4400/1/4400 4399/1/4399 4398/1/4398 
f 4398/1/4398 4401/1/4401 4400/1/4400 
f 4397/1/4397 4396/1/4396 4399/1/4399 
f 4399/1/4399 4400/1/4400 4397/1/4397 
f 4370/1/4370 4399/1/4399 4396/1/4396 
f 4396/1/4396 4367/1/4367 4370/1/4370 
f 4375/1/4375 4402/1/4402 4403/1/4403 
f 4403/1/4403 4374/1/4374 4375/1/4375 
f 4402/1/4402 4404/1/4404 4405/1/4405 
f 4401/1/4401 4398/1/4398 4403/1/4403 
f 4403/1/4403 4405/1/4405 4401/1/4401 
f 4374/1/4374 4403/1/4403 4398/1/4398 
f 4398/1/4398 4371/1/4371 4374/1/4374 
f 4379/1/4379 4406/1/4406 4407/1/4407 
f 4407/1/4407 4378/1/4378 4379/1/4379 
f 4408/1/4408 4407/1/4407 4406/1/4406 
f 4406/1/4406 4409/1/4409 4408/1/4408 
f 4404/1/4404 4402/1/4402 4407/1/4407 
f 4407/1/4407 4408/1/4408 4404/1/4404 
f 4378/1/4378 4407/1/4407 4402/1/4402 
f 4402/1/4402 4375/1/4375 4378/1/4378 
f 3797/1/3797 3794/1/3794 4410/1/4410 
f 4410/1/4410 3812/1/3812 3797/1/3797 
f 4411/1/4411 4410/1/4410 3794/1/3794 
f 3794/1/3794 3793/1/3793 4411/1/4411 
f 4412/1/4412 4413/1/4413 4410/1/4410 
f 4410/1/4410 4411/1/4411 4412/1/4412 
f 3812/1/3812 4410/1/4410 4413/1/4413 
f 4413/1/4413 3815/1/3815 3812/1/3812 
f 3816/1/3816 4414/1/4414 4415/1/4415 
f 4415/1/4415 3820/1/3820 3816/1/3816 
f 4416/1/4416 4415/1/4415 4414/1/4414 
f 4414/1/4414 4417/1/4417 4416/1/4416 
f 4418/1/4418 4419/1/4419 4415/1/4415 
f 4415/1/4415 4416/1/4416 4418/1/4418 
f 3820/1/3820 4415/1/4415 4419/1/4419 
f 4419/1/4419 3821/1/3821 3820/1/3820 
f 4420/1/4420 4421/1/4421 4422/1/4422 
f 4422/1/4422 4423/1/4423 4420/1/4420 
f 4421/1/4421 4417/1/4417 4414/1/4414 
f 4414/1/4414 4422/1/4422 4421/1/4421 
f 3814/1/3814 4422/1/4422 4414/1/4414 
f 4414/1/4414 3816/1/3816 3814/1/3814 
f 4423/1/4423 4422/1/4422 3814/1/3814 
f 3814/1/3814 3815/1/3815 4423/1/4423 
f 3790/1/3790 3789/1/3789 4424/1/4424 
f 4425/1/4425 4426/1/4426 4427/1/4427 
f 4411/1/4411 4427/1/4427 4426/1/4426 
f 4426/1/4426 4412/1/4412 4411/1/4411 
f 3793/1/3793 3790/1/3790 4427/1/4427 
f 4427/1/4427 4411/1/4411 3793/1/3793 
f 4428/1/4428 4429/1/4429 4430/1/4430 
f 4430/1/4430 4431/1/4431 4428/1/4428 
f 4420/1/4420 4423/1/4423 4430/1/4430 
f 4430/1/4430 4429/1/4429 4420/1/4420 
f 3815/1/3815 4413/1/4413 4430/1/4430 
f 4430/1/4430 4423/1/4423 3815/1/3815 
f 4431/1/4431 4430/1/4430 4413/1/4413 
f 4413/1/4413 4412/1/4412 4431/1/4431 
f 4432/1/4432 4433/1/4433 4434/1/4434 
f 4434/1/4434 4435/1/4435 4432/1/4432 
f 4417/1/4417 4421/1/4421 4434/1/4434 
f 4434/1/4434 4433/1/4433 4417/1/4417 
f 4429/1/4429 4434/1/4434 4421/1/4421 
f 4421/1/4421 4420/1/4420 4429/1/4429 
f 4435/1/4435 4434/1/4434 4429/1/4429 
f 4429/1/4429 4428/1/4428 4435/1/4435 
f 4436/1/4436 4437/1/4437 4438/1/4438 
f 4438/1/4438 4439/1/4439 4436/1/4436 
f 4436/1/4436 4418/1/4418 4416/1/4416 
f 4417/1/4417 4433/1/4433 4437/1/4437 
f 4437/1/4437 4416/1/4416 4417/1/4417 
f 4432/1/4432 4438/1/4438 4437/1/4437 
f 4437/1/4437 4433/1/4433 4432/1/4432 
f 3823/1/3823 4440/1/4440 4441/1/4441 
f 4441/1/4441 3848/1/3848 3823/1/3823 
f 4442/1/4442 4441/1/4441 4440/1/4440 
f 4440/1/4440 4443/1/4443 4442/1/4442 
f 4441/1/4441 4442/1/4442 4444/1/4444 
f 4445/1/4445 3846/1/3846 3848/1/3848 
f 4446/1/4446 4445/1/4445 4444/1/4444 
f 4447/1/4447 4448/1/4448 4449/1/4449 
f 3884/1/3884 3883/1/3883 4446/1/4446 
f 4446/1/4446 4449/1/4449 3884/1/3884 
f 3883/1/3883 3846/1/3846 4445/1/4445 
f 3886/1/3886 3889/1/3889 4450/1/4450 
f 4450/1/4450 4451/1/4451 3886/1/3886 
f 4449/1/4449 4450/1/4450 3889/1/3889 
f 3889/1/3889 3884/1/3884 4449/1/4449 
f 4450/1/4450 4449/1/4449 4448/1/4448 
f 4451/1/4451 4450/1/4450 4452/1/4452 
f 4452/1/4452 4453/1/4453 4451/1/4451 
f 4453/1/4453 4454/1/4454 4455/1/4455 
f 4455/1/4455 4451/1/4451 4453/1/4453 
f 4456/1/4456 4455/1/4455 4454/1/4454 
f 4454/1/4454 4457/1/4457 4456/1/4456 
f 4379/1/4379 4376/1/4376 4455/1/4455 
f 4455/1/4455 4456/1/4456 4379/1/4379 
f 4451/1/4451 4455/1/4455 4376/1/4376 
f 4376/1/4376 3886/1/3886 4451/1/4451 
f 4406/1/4406 4379/1/4379 4456/1/4456 
f 4457/1/4457 4458/1/4458 4459/1/4459 
f 4459/1/4459 4456/1/4456 4457/1/4457 
f 4460/1/4460 4461/1/4461 4459/1/4459 
f 4459/1/4459 4458/1/4458 4460/1/4460 
f 4406/1/4406 4459/1/4459 4461/1/4461 
f 4461/1/4461 4409/1/4409 4406/1/4406 
f 4462/1/4462 4463/1/4463 4464/1/4464 
f 4464/1/4464 4465/1/4465 4462/1/4462 
f 4458/1/4458 4464/1/4464 4463/1/4463 
f 4463/1/4463 4460/1/4460 4458/1/4458 
f 4457/1/4457 4466/1/4466 4464/1/4464 
f 4464/1/4464 4458/1/4458 4457/1/4457 
f 4464/1/4464 4466/1/4466 4467/1/4467 
f 4467/1/4467 4466/1/4466 4468/1/4468 
f 4468/1/4468 4469/1/4469 4467/1/4467 
f 4457/1/4457 4454/1/4454 4468/1/4468 
f 4468/1/4468 4466/1/4466 4457/1/4457 
f 4470/1/4470 4468/1/4468 4454/1/4454 
f 4454/1/4454 4453/1/4453 4470/1/4470 
f 4471/1/4471 4469/1/4469 4468/1/4468 
f 4468/1/4468 4470/1/4470 4471/1/4471 
f 4471/1/4471 4472/1/4472 4473/1/4473 
f 4473/1/4473 4469/1/4469 4471/1/4471 
f 4474/1/4474 4473/1/4473 4472/1/4472 
f 4472/1/4472 4475/1/4475 4474/1/4474 
f 4462/1/4462 4465/1/4465 4473/1/4473 
f 4473/1/4473 4474/1/4474 4462/1/4462 
f 4469/1/4469 4473/1/4473 4465/1/4465 
f 4465/1/4465 4467/1/4467 4469/1/4469 
f 4476/1/4476 4477/1/4477 4478/1/4478 
f 4478/1/4478 4479/1/4479 4476/1/4476 
f 4470/1/4470 4478/1/4478 4477/1/4477 
f 4477/1/4477 4471/1/4471 4470/1/4470 
f 4453/1/4453 4452/1/4452 4478/1/4478 
f 4478/1/4478 4470/1/4470 4453/1/4453 
f 4479/1/4479 4478/1/4478 4452/1/4452 
f 4452/1/4452 4448/1/4448 4479/1/4479 
f 4462/1/4462 4480/1/4480 4481/1/4481 
f 4481/1/4481 4463/1/4463 4462/1/4462 
f 4482/1/4482 4481/1/4481 4480/1/4480 
f 4480/1/4480 4483/1/4483 4482/1/4482 
f 4460/1/4460 4463/1/4463 4481/1/4481 
f 4481/1/4481 4482/1/4482 4460/1/4460 
f 4476/1/4476 4484/1/4484 4485/1/4485 
f 4485/1/4485 4477/1/4477 4476/1/4476 
f 4486/1/4486 4485/1/4485 4484/1/4484 
f 4484/1/4484 4487/1/4487 4486/1/4486 
f 4475/1/4475 4472/1/4472 4485/1/4485 
f 4485/1/4485 4486/1/4486 4475/1/4475 
f 4477/1/4477 4485/1/4485 4472/1/4472 
f 4472/1/4472 4471/1/4471 4477/1/4477 
f 4475/1/4475 4486/1/4486 4488/1/4488 
f 4488/1/4488 4474/1/4474 4475/1/4475 
f 4487/1/4487 4489/1/4489 4488/1/4488 
f 4488/1/4488 4486/1/4486 4487/1/4487 
f 4483/1/4483 4480/1/4480 4488/1/4488 
f 4488/1/4488 4489/1/4489 4483/1/4483 
f 4474/1/4474 4488/1/4488 4480/1/4480 
f 4480/1/4480 4462/1/4462 4474/1/4474 
f 3221/1/3221 3243/1/3243 4490/1/4490 
f 4490/1/4490 3219/1/3219 3221/1/3221 
f 4491/1/4491 4490/1/4490 3243/1/3243 
f 3243/1/3243 3242/1/3242 4491/1/4491 
f 4492/1/4492 4493/1/4493 4490/1/4490 
f 4490/1/4490 4491/1/4491 4492/1/4492 
f 3219/1/3219 4490/1/4490 4493/1/4493 
f 4493/1/4493 3100/1/3100 3219/1/3219 
f 3241/1/3241 3253/1/3253 4494/1/4494 
f 4494/1/4494 3240/1/3240 3241/1/3241 
f 4495/1/4495 4494/1/4494 3253/1/3253 
f 3253/1/3253 3252/1/3252 4495/1/4495 
f 4496/1/4496 4497/1/4497 4494/1/4494 
f 4494/1/4494 4495/1/4495 4496/1/4496 
f 3240/1/3240 4494/1/4494 4497/1/4497 
f 4497/1/4497 3242/1/3242 3240/1/3240 
f 4498/1/4498 4499/1/4499 4500/1/4500 
f 4500/1/4500 4501/1/4501 4498/1/4498 
f 4495/1/4495 4500/1/4500 4499/1/4499 
f 4499/1/4499 4496/1/4496 4495/1/4495 
f 3252/1/3252 3255/1/3255 4500/1/4500 
f 4500/1/4500 4495/1/4495 3252/1/3252 
f 4501/1/4501 4500/1/4500 3255/1/3255 
f 3255/1/3255 3254/1/3254 4501/1/4501 
f 4502/1/4502 4503/1/4503 4493/1/4493 
f 4493/1/4493 4492/1/4492 4502/1/4502 
f 4504/1/4504 4503/1/4503 4502/1/4502 
f 4502/1/4502 4505/1/4505 4504/1/4504 
f 3105/1/3105 3101/1/3101 4503/1/4503 
f 4503/1/4503 4504/1/4504 3105/1/3105 
f 3101/1/3101 3100/1/3100 4493/1/4493 
f 4493/1/4493 4503/1/4503 3101/1/3101 
f 3242/1/3242 4497/1/4497 4506/1/4506 
f 4506/1/4506 4491/1/4491 3242/1/3242 
f 4507/1/4507 4506/1/4506 4497/1/4497 
f 4497/1/4497 4496/1/4496 4507/1/4507 
f 4508/1/4508 4509/1/4509 4506/1/4506 
f 4506/1/4506 4507/1/4507 4508/1/4508 
f 4491/1/4491 4506/1/4506 4509/1/4509 
f 4509/1/4509 4492/1/4492 4491/1/4491 
f 4496/1/4496 4499/1/4499 4510/1/4510 
f 4510/1/4510 4507/1/4507 4496/1/4496 
f 4511/1/4511 4510/1/4510 4499/1/4499 
f 4499/1/4499 4498/1/4498 4511/1/4511 
f 4512/1/4512 4513/1/4513 4510/1/4510 
f 4510/1/4510 4511/1/4511 4512/1/4512 
f 4507/1/4507 4510/1/4510 4513/1/4513 
f 4513/1/4513 4508/1/4508 4507/1/4507 
f 4514/1/4514 4509/1/4509 4508/1/4508 
f 4515/1/4515 4514/1/4514 4516/1/4516 
f 4516/1/4516 4517/1/4517 4515/1/4515 
f 4505/1/4505 4502/1/4502 4514/1/4514 
f 4514/1/4514 4515/1/4515 4505/1/4505 
f 4509/1/4509 4514/1/4514 4502/1/4502 
f 4502/1/4502 4492/1/4492 4509/1/4509 
f 4505/1/4505 4518/1/4518 4519/1/4519 
f 4519/1/4519 4504/1/4504 4505/1/4505 
f 4520/1/4520 4519/1/4519 4518/1/4518 
f 4518/1/4518 4521/1/4521 4520/1/4520 
f 3141/1/3141 3139/1/3139 4519/1/4519 
f 4519/1/4519 4520/1/4520 3141/1/3141 
f 4504/1/4504 4519/1/4519 3139/1/3139 
f 3139/1/3139 3105/1/3105 4504/1/4504 
f 4512/1/4512 4522/1/4522 4523/1/4523 
f 4523/1/4523 4513/1/4513 4512/1/4512 
f 4524/1/4524 4523/1/4523 4522/1/4522 
f 4522/1/4522 4525/1/4525 4524/1/4524 
f 4517/1/4517 4516/1/4516 4523/1/4523 
f 4523/1/4523 4524/1/4524 4517/1/4517 
f 4513/1/4513 4523/1/4523 4516/1/4516 
f 4516/1/4516 4508/1/4508 4513/1/4513 
f 4521/1/4521 4526/1/4526 4527/1/4527 
f 4527/1/4527 4520/1/4520 4521/1/4521 
f 4528/1/4528 4527/1/4527 4526/1/4526 
f 4526/1/4526 4529/1/4529 4528/1/4528 
f 3747/1/3747 4527/1/4527 4528/1/4528 
f 4528/1/4528 3748/1/3748 3747/1/3747 
f 4520/1/4520 4527/1/4527 3747/1/3747 
f 3747/1/3747 3141/1/3141 4520/1/4520 
f 4517/1/4517 4530/1/4530 4531/1/4531 
f 4531/1/4531 4515/1/4515 4517/1/4517 
f 4532/1/4532 4531/1/4531 4530/1/4530 
f 4530/1/4530 4533/1/4533 4532/1/4532 
f 4521/1/4521 4518/1/4518 4531/1/4531 
f 4531/1/4531 4532/1/4532 4521/1/4521 
f 4518/1/4518 4505/1/4505 4515/1/4515 
f 4525/1/4525 4534/1/4534 4535/1/4535 
f 4535/1/4535 4524/1/4524 4525/1/4525 
f 4536/1/4536 4535/1/4535 4534/1/4534 
f 4534/1/4534 4537/1/4537 4536/1/4536 
f 4533/1/4533 4530/1/4530 4535/1/4535 
f 4535/1/4535 4536/1/4536 4533/1/4533 
f 4524/1/4524 4535/1/4535 4530/1/4530 
f 4530/1/4530 4517/1/4517 4524/1/4524 
f 4529/1/4529 4538/1/4538 4539/1/4539 
f 4539/1/4539 4528/1/4528 4529/1/4529 
f 4538/1/4538 4540/1/4540 4541/1/4541 
f 4541/1/4541 4539/1/4539 4538/1/4538 
f 3755/1/3755 3754/1/3754 4539/1/4539 
f 4539/1/4539 4541/1/4541 3755/1/3755 
f 4528/1/4528 4539/1/4539 3754/1/3754 
f 3754/1/3754 3748/1/3748 4528/1/4528 
f 4533/1/4533 4542/1/4542 4543/1/4543 
f 4543/1/4543 4532/1/4532 4533/1/4533 
f 4544/1/4544 4543/1/4543 4542/1/4542 
f 4542/1/4542 4545/1/4545 4544/1/4544 
f 4529/1/4529 4526/1/4526 4543/1/4543 
f 4543/1/4543 4544/1/4544 4529/1/4529 
f 4532/1/4532 4543/1/4543 4526/1/4526 
f 4526/1/4526 4521/1/4521 4532/1/4532 
f 4537/1/4537 4546/1/4546 4547/1/4547 
f 4547/1/4547 4536/1/4536 4537/1/4537 
f 4548/1/4548 4547/1/4547 4546/1/4546 
f 4546/1/4546 4549/1/4549 4548/1/4548 
f 4545/1/4545 4542/1/4542 4547/1/4547 
f 4547/1/4547 4548/1/4548 4545/1/4545 
f 4536/1/4536 4547/1/4547 4542/1/4542 
f 4542/1/4542 4533/1/4533 4536/1/4536 
f 4550/1/4550 4541/1/4541 4540/1/4540 
f 4551/1/4551 4550/1/4550 4552/1/4552 
f 4552/1/4552 4553/1/4553 4551/1/4551 
f 3759/1/3759 3758/1/3758 4550/1/4550 
f 4550/1/4550 4551/1/4551 3759/1/3759 
f 4541/1/4541 4550/1/4550 3758/1/3758 
f 3758/1/3758 3755/1/3755 4541/1/4541 
f 4554/1/4554 4538/1/4538 4529/1/4529 
f 4545/1/4545 4555/1/4555 4554/1/4554 
f 4554/1/4554 4544/1/4544 4545/1/4545 
f 4556/1/4556 4557/1/4557 4554/1/4554 
f 4554/1/4554 4555/1/4555 4556/1/4556 
f 4538/1/4538 4554/1/4554 4557/1/4557 
f 4557/1/4557 4540/1/4540 4538/1/4538 
f 4549/1/4549 4558/1/4558 4559/1/4559 
f 4559/1/4559 4548/1/4548 4549/1/4549 
f 4558/1/4558 4560/1/4560 4561/1/4561 
f 4556/1/4556 4555/1/4555 4559/1/4559 
f 4559/1/4559 4561/1/4561 4556/1/4556 
f 4548/1/4548 4559/1/4559 4555/1/4555 
f 4555/1/4555 4545/1/4545 4548/1/4548 
f 4556/1/4556 4562/1/4562 4563/1/4563 
f 4563/1/4563 4557/1/4557 4556/1/4556 
f 4564/1/4564 4563/1/4563 4562/1/4562 
f 4562/1/4562 4565/1/4565 4564/1/4564 
f 4553/1/4553 4552/1/4552 4563/1/4563 
f 4563/1/4563 4564/1/4564 4553/1/4553 
f 4557/1/4557 4563/1/4563 4552/1/4552 
f 4552/1/4552 4540/1/4540 4557/1/4557 
f 4566/1/4566 4561/1/4561 4560/1/4560 
f 4567/1/4567 4566/1/4566 4568/1/4568 
f 4568/1/4568 4569/1/4569 4567/1/4567 
f 4565/1/4565 4562/1/4562 4566/1/4566 
f 4566/1/4566 4567/1/4567 4565/1/4565 
f 4561/1/4561 4566/1/4566 4562/1/4562 
f 4562/1/4562 4556/1/4556 4561/1/4561 
f 4570/1/4570 3526/1/3526 3525/1/3525 
f 4571/1/4571 4570/1/4570 4572/1/4572 
f 4572/1/4572 4573/1/4573 4571/1/4571 
f 4574/1/4574 4575/1/4575 4570/1/4570 
f 4570/1/4570 4571/1/4571 4574/1/4574 
f 4575/1/4575 3516/1/3516 3526/1/3526 
f 4575/1/4575 4574/1/4574 4576/1/4576 
f 4577/1/4577 4576/1/4576 4578/1/4578 
f 3519/1/3519 3518/1/3518 4577/1/4577 
f 4577/1/4577 4579/1/4579 3519/1/3519 
f 4575/1/4575 4577/1/4577 3518/1/3518 
f 3518/1/3518 3516/1/3516 4575/1/4575 
f 4580/1/4580 4581/1/4581 4582/1/4582 
f 4582/1/4582 4583/1/4583 4580/1/4580 
f 4576/1/4576 4582/1/4582 4581/1/4581 
f 4581/1/4581 4578/1/4578 4576/1/4576 
f 4574/1/4574 4584/1/4584 4582/1/4582 
f 4582/1/4582 4576/1/4576 4574/1/4574 
f 4583/1/4583 4582/1/4582 4584/1/4584 
f 4584/1/4584 4585/1/4585 4583/1/4583 
f 3519/1/3519 4579/1/4579 4586/1/4586 
f 4586/1/4586 3542/1/3542 3519/1/3519 
f 4587/1/4587 4586/1/4586 4579/1/4579 
f 4579/1/4579 4578/1/4578 4587/1/4587 
f 4588/1/4588 4589/1/4589 4586/1/4586 
f 4586/1/4586 4587/1/4587 4588/1/4588 
f 3542/1/3542 4586/1/4586 4589/1/4589 
f 4589/1/4589 3539/1/3539 3542/1/3542 
f 4590/1/4590 4589/1/4589 4588/1/4588 
f 4588/1/4588 4591/1/4591 4590/1/4590 
f 4590/1/4590 4591/1/4591 3551/1/3551 
f 3551/1/3551 3554/1/3554 4590/1/4590 
f 4590/1/4590 3554/1/3554 3539/1/3539 
f 3539/1/3539 4589/1/4589 4590/1/4590 
f 4578/1/4578 4581/1/4581 4592/1/4592 
f 4592/1/4592 4587/1/4587 4578/1/4578 
f 4593/1/4593 4592/1/4592 4581/1/4581 
f 4581/1/4581 4580/1/4580 4593/1/4593 
f 4594/1/4594 4595/1/4595 4592/1/4592 
f 4592/1/4592 4593/1/4593 4594/1/4594 
f 4587/1/4587 4592/1/4592 4595/1/4595 
f 4595/1/4595 4588/1/4588 4587/1/4587 
f 4596/1/4596 4597/1/4597 4598/1/4598 
f 4598/1/4598 4599/1/4599 4596/1/4596 
f 3558/1/3558 4598/1/4598 4597/1/4597 
f 4597/1/4597 3550/1/3550 3558/1/3558 
f 3551/1/3551 4591/1/4591 4598/1/4598 
f 4598/1/4598 3558/1/3558 3551/1/3551 
f 4599/1/4599 4598/1/4598 4591/1/4591 
f 4591/1/4591 4588/1/4588 4599/1/4599 
f 4588/1/4588 4595/1/4595 4600/1/4600 
f 4600/1/4600 4599/1/4599 4588/1/4588 
f 4601/1/4601 4600/1/4600 4595/1/4595 
f 4595/1/4595 4594/1/4594 4601/1/4601 
f 4602/1/4602 4603/1/4603 4600/1/4600 
f 4600/1/4600 4601/1/4601 4602/1/4602 
f 4603/1/4603 4596/1/4596 4599/1/4599 
f 4596/1/4596 4604/1/4604 4605/1/4605 
f 4605/1/4605 4597/1/4597 4596/1/4596 
f 4606/1/4606 4605/1/4605 4604/1/4604 
f 4604/1/4604 4607/1/4607 4606/1/4606 
f 3432/1/3432 3546/1/3546 4605/1/4605 
f 4605/1/4605 4606/1/4606 3432/1/3432 
f 3550/1/3550 4597/1/4597 4605/1/4605 
f 4605/1/4605 3546/1/3546 3550/1/3550 
f 4608/1/4608 4609/1/4609 4610/1/4610 
f 4610/1/4610 4611/1/4611 4608/1/4608 
f 4612/1/4612 4610/1/4610 4609/1/4609 
f 4609/1/4609 4585/1/4585 4612/1/4612 
f 4613/1/4613 4614/1/4614 4610/1/4610 
f 4610/1/4610 4612/1/4612 4613/1/4613 
f 4611/1/4611 4610/1/4610 4614/1/4614 
f 4614/1/4614 4615/1/4615 4611/1/4611 
f 4616/1/4616 4617/1/4617 4618/1/4618 
f 4618/1/4618 4619/1/4619 4616/1/4616 
f 4583/1/4583 4618/1/4618 4617/1/4617 
f 4617/1/4617 4580/1/4580 4583/1/4583 
f 4585/1/4585 4609/1/4609 4618/1/4618 
f 4618/1/4618 4583/1/4583 4585/1/4585 
f 4619/1/4619 4618/1/4618 4609/1/4609 
f 4609/1/4609 4608/1/4608 4619/1/4619 
f 4620/1/4620 4621/1/4621 4622/1/4622 
f 4622/1/4622 4623/1/4623 4620/1/4620 
f 4593/1/4593 4622/1/4622 4621/1/4621 
f 4621/1/4621 4594/1/4594 4593/1/4593 
f 4580/1/4580 4617/1/4617 4622/1/4622 
f 4622/1/4622 4593/1/4593 4580/1/4580 
f 4623/1/4623 4622/1/4622 4617/1/4617 
f 4617/1/4617 4616/1/4616 4623/1/4623 
f 4624/1/4624 4625/1/4625 4626/1/4626 
f 4626/1/4626 4627/1/4627 4624/1/4624 
f 4602/1/4602 4601/1/4601 4625/1/4625 
f 4625/1/4625 4624/1/4624 4602/1/4602 
f 4594/1/4594 4621/1/4621 4625/1/4625 
f 4625/1/4625 4601/1/4601 4594/1/4594 
f 4621/1/4621 4620/1/4620 4626/1/4626 
f 4626/1/4626 4625/1/4625 4621/1/4621 
f 4615/1/4615 4628/1/4628 4629/1/4629 
f 4629/1/4629 4611/1/4611 4615/1/4615 
f 4630/1/4630 4629/1/4629 4628/1/4628 
f 4628/1/4628 4631/1/4631 4630/1/4630 
f 4632/1/4632 4633/1/4633 4629/1/4629 
f 4629/1/4629 4630/1/4630 4632/1/4632 
f 4611/1/4611 4629/1/4629 4633/1/4633 
f 4633/1/4633 4608/1/4608 4611/1/4611 
f 4608/1/4608 4633/1/4633 4634/1/4634 
f 4634/1/4634 4619/1/4619 4608/1/4608 
f 4635/1/4635 4634/1/4634 4633/1/4633 
f 4633/1/4633 4632/1/4632 4635/1/4635 
f 4634/1/4634 4635/1/4635 4636/1/4636 
f 4636/1/4636 4637/1/4637 4634/1/4634 
f 4637/1/4637 4616/1/4616 4619/1/4619 
f 4619/1/4619 4634/1/4634 4637/1/4637 
f 4638/1/4638 4623/1/4623 4616/1/4616 
f 4616/1/4616 4637/1/4637 4638/1/4638 
f 4638/1/4638 4637/1/4637 4636/1/4636 
f 4636/1/4636 4639/1/4639 4638/1/4638 
f 4638/1/4638 4639/1/4639 4640/1/4640 
f 4640/1/4640 4641/1/4641 4638/1/4638 
f 4638/1/4638 4641/1/4641 4620/1/4620 
f 4620/1/4620 4623/1/4623 4638/1/4638 
f 4642/1/4642 4641/1/4641 4640/1/4640 
f 4640/1/4640 4643/1/4643 4642/1/4642 
f 4644/1/4644 4645/1/4645 4642/1/4642 
f 4642/1/4642 4643/1/4643 4644/1/4644 
f 4627/1/4627 4626/1/4626 4642/1/4642 
f 4642/1/4642 4645/1/4645 4627/1/4627 
f 4642/1/4642 4626/1/4626 4620/1/4620 
f 4620/1/4620 4641/1/4641 4642/1/4642 
f 4644/1/4644 4646/1/4646 4647/1/4647 
f 4647/1/4647 4645/1/4645 4644/1/4644 
f 4646/1/4646 4648/1/4648 4649/1/4649 
f 4650/1/4650 4651/1/4651 4647/1/4647 
f 4647/1/4647 4649/1/4649 4650/1/4650 
f 4645/1/4645 4647/1/4647 4651/1/4651 
f 4651/1/4651 4627/1/4627 4645/1/4645 
f 4652/1/4652 4649/1/4649 4648/1/4648 
f 4653/1/4653 4652/1/4652 4654/1/4654 
f 4654/1/4654 4655/1/4655 4653/1/4653 
f 4652/1/4652 4653/1/4653 4656/1/4656 
f 4657/1/4657 4650/1/4650 4649/1/4649 
f 4658/1/4658 4653/1/4653 4655/1/4655 
f 4655/1/4655 4659/1/4659 4658/1/4658 
f 4659/1/4659 4660/1/4660 4661/1/4661 
f 4661/1/4661 4658/1/4658 4659/1/4659 
f 4662/1/4662 4663/1/4663 4658/1/4658 
f 4658/1/4658 4661/1/4661 4662/1/4662 
f 4653/1/4653 4658/1/4658 4663/1/4663 
f 4663/1/4663 4656/1/4656 4653/1/4653 
f 4660/1/4660 4664/1/4664 4665/1/4665 
f 4665/1/4665 4661/1/4661 4660/1/4660 
f 4666/1/4666 4665/1/4665 4664/1/4664 
f 4664/1/4664 4667/1/4667 4666/1/4666 
f 4668/1/4668 4669/1/4669 4665/1/4665 
f 4665/1/4665 4666/1/4666 4668/1/4668 
f 4661/1/4661 4665/1/4665 4669/1/4669 
f 4669/1/4669 4662/1/4662 4661/1/4661 
f 4670/1/4670 4671/1/4671 4672/1/4672 
f 4670/1/4670 4673/1/4673 4674/1/4674 
f 4666/1/4666 4670/1/4670 4675/1/4675 
f 4675/1/4675 4668/1/4668 4666/1/4666 
f 4667/1/4667 4671/1/4671 4670/1/4670 
f 4670/1/4670 4666/1/4666 4667/1/4667 
f 4676/1/4676 4677/1/4677 4674/1/4674 
f 4673/1/4673 4672/1/4672 4678/1/4678 
f 4679/1/4679 4680/1/4680 4676/1/4676 
f 4676/1/4676 4678/1/4678 4679/1/4679 
f 4677/1/4677 4676/1/4676 4680/1/4680 
f 4680/1/4680 4681/1/4681 4677/1/4677 
f 4680/1/4680 4682/1/4682 4683/1/4683 
f 4683/1/4683 4681/1/4681 4680/1/4680 
f 4684/1/4684 4682/1/4682 4680/1/4680 
f 4680/1/4680 4679/1/4679 4684/1/4684 
f 4685/1/4685 4682/1/4682 4684/1/4684 
f 4684/1/4684 4686/1/4686 4685/1/4685 
f 4687/1/4687 4683/1/4683 4682/1/4682 
f 4682/1/4682 4685/1/4685 4687/1/4687 
f 4686/1/4686 4688/1/4688 4689/1/4689 
f 4689/1/4689 4685/1/4685 4686/1/4686 
f 4690/1/4690 4689/1/4689 4688/1/4688 
f 4688/1/4688 4691/1/4691 4690/1/4690 
f 4692/1/4692 4693/1/4693 4689/1/4689 
f 4689/1/4689 4690/1/4690 4692/1/4692 
f 4685/1/4685 4689/1/4689 4693/1/4693 
f 4693/1/4693 4687/1/4687 4685/1/4685 
f 4631/1/4631 4628/1/4628 4694/1/4694 
f 4694/1/4694 4695/1/4695 4631/1/4631 
f 4696/1/4696 4694/1/4694 4628/1/4628 
f 4628/1/4628 4615/1/4615 4696/1/4696 
f 4690/1/4690 4694/1/4694 4696/1/4696 
f 4696/1/4696 4692/1/4692 4690/1/4690 
f 4691/1/4691 4695/1/4695 4694/1/4694 
f 4694/1/4694 4690/1/4690 4691/1/4691 
f 4697/1/4697 4698/1/4698 4699/1/4699 
f 4700/1/4700 4701/1/4701 4702/1/4702 
f 4702/1/4702 4697/1/4697 4700/1/4700 
f 4655/1/4655 4654/1/4654 4697/1/4697 
f 4697/1/4697 4702/1/4702 4655/1/4655 
f 4654/1/4654 4648/1/4648 4698/1/4698 
f 4655/1/4655 4702/1/4702 4703/1/4703 
f 4703/1/4703 4659/1/4659 4655/1/4655 
f 4704/1/4704 4703/1/4703 4702/1/4702 
f 4702/1/4702 4701/1/4701 4704/1/4704 
f 4705/1/4705 4706/1/4706 4703/1/4703 
f 4703/1/4703 4704/1/4704 4705/1/4705 
f 4659/1/4659 4703/1/4703 4706/1/4706 
f 4706/1/4706 4660/1/4660 4659/1/4659 
f 4705/1/4705 4707/1/4707 4708/1/4708 
f 4708/1/4708 4706/1/4706 4705/1/4705 
f 4709/1/4709 4708/1/4708 4707/1/4707 
f 4707/1/4707 4710/1/4710 4709/1/4709 
f 4667/1/4667 4664/1/4664 4708/1/4708 
f 4708/1/4708 4709/1/4709 4667/1/4667 
f 4706/1/4706 4708/1/4708 4664/1/4664 
f 4664/1/4664 4660/1/4660 4706/1/4706 
f 4667/1/4667 4709/1/4709 4711/1/4711 
f 4711/1/4711 4671/1/4671 4667/1/4667 
f 4712/1/4712 4711/1/4711 4709/1/4709 
f 4709/1/4709 4710/1/4710 4712/1/4712 
f 4713/1/4713 4714/1/4714 4711/1/4711 
f 4711/1/4711 4712/1/4712 4713/1/4713 
f 4671/1/4671 4711/1/4711 4714/1/4714 
f 4714/1/4714 4672/1/4672 4671/1/4671 
f 4672/1/4672 4714/1/4714 4715/1/4715 
f 4715/1/4715 4678/1/4678 4672/1/4672 
f 4716/1/4716 4715/1/4715 4714/1/4714 
f 4714/1/4714 4713/1/4713 4716/1/4716 
f 4717/1/4717 4718/1/4718 4715/1/4715 
f 4715/1/4715 4716/1/4716 4717/1/4717 
f 4678/1/4678 4715/1/4715 4718/1/4718 
f 4718/1/4718 4679/1/4679 4678/1/4678 
f 4679/1/4679 4718/1/4718 4719/1/4719 
f 4719/1/4719 4684/1/4684 4679/1/4679 
f 4720/1/4720 4719/1/4719 4718/1/4718 
f 4718/1/4718 4717/1/4717 4720/1/4720 
f 4721/1/4721 4722/1/4722 4719/1/4719 
f 4719/1/4719 4720/1/4720 4721/1/4721 
f 4684/1/4684 4719/1/4719 4722/1/4722 
f 4722/1/4722 4686/1/4686 4684/1/4684 
f 4723/1/4723 4724/1/4724 4725/1/4725 
f 4725/1/4725 4726/1/4726 4723/1/4723 
f 4695/1/4695 4725/1/4725 4724/1/4724 
f 4724/1/4724 4631/1/4631 4695/1/4695 
f 4727/1/4727 4725/1/4725 4695/1/4695 
f 4695/1/4695 4691/1/4691 4727/1/4727 
f 4728/1/4728 4726/1/4726 4725/1/4725 
f 4725/1/4725 4727/1/4727 4728/1/4728 
f 4721/1/4721 4729/1/4729 4730/1/4730 
f 4730/1/4730 4722/1/4722 4721/1/4721 
f 4727/1/4727 4730/1/4730 4729/1/4729 
f 4729/1/4729 4728/1/4728 4727/1/4727 
f 4691/1/4691 4688/1/4688 4730/1/4730 
f 4730/1/4730 4727/1/4727 4691/1/4691 
f 4722/1/4722 4730/1/4730 4688/1/4688 
f 4688/1/4688 4686/1/4686 4722/1/4722 
f 4701/1/4701 4731/1/4731 4732/1/4732 
f 4732/1/4732 4704/1/4704 4701/1/4701 
f 4733/1/4733 4734/1/4734 4732/1/4732 
f 4735/1/4735 4732/1/4732 4734/1/4734 
f 4734/1/4734 4736/1/4736 4735/1/4735 
f 4704/1/4704 4732/1/4732 4735/1/4735 
f 4735/1/4735 4705/1/4705 4704/1/4704 
f 4736/1/4736 4737/1/4737 4738/1/4738 
f 4738/1/4738 4735/1/4735 4736/1/4736 
f 4737/1/4737 4739/1/4739 4740/1/4740 
f 4710/1/4710 4707/1/4707 4738/1/4738 
f 4738/1/4738 4740/1/4740 4710/1/4710 
f 4735/1/4735 4738/1/4738 4707/1/4707 
f 4707/1/4707 4705/1/4705 4735/1/4735 
f 4710/1/4710 4740/1/4740 4741/1/4741 
f 4741/1/4741 4712/1/4712 4710/1/4710 
f 4742/1/4742 4741/1/4741 4740/1/4740 
f 4740/1/4740 4739/1/4739 4742/1/4742 
f 4743/1/4743 4744/1/4744 4741/1/4741 
f 4741/1/4741 4742/1/4742 4743/1/4743 
f 4712/1/4712 4741/1/4741 4744/1/4744 
f 4744/1/4744 4713/1/4713 4712/1/4712 
f 4745/1/4745 4746/1/4746 4747/1/4747 
f 4747/1/4747 4748/1/4748 4745/1/4745 
f 4716/1/4716 4747/1/4747 4746/1/4746 
f 4746/1/4746 4717/1/4717 4716/1/4716 
f 4713/1/4713 4744/1/4744 4747/1/4747 
f 4747/1/4747 4716/1/4716 4713/1/4713 
f 4748/1/4748 4747/1/4747 4744/1/4744 
f 4744/1/4744 4743/1/4743 4748/1/4748 
f 4717/1/4717 4746/1/4746 4749/1/4749 
f 4749/1/4749 4720/1/4720 4717/1/4717 
f 4750/1/4750 4749/1/4749 4746/1/4746 
f 4746/1/4746 4745/1/4745 4750/1/4750 
f 4751/1/4751 4752/1/4752 4749/1/4749 
f 4749/1/4749 4750/1/4750 4751/1/4751 
f 4720/1/4720 4749/1/4749 4752/1/4752 
f 4752/1/4752 4721/1/4721 4720/1/4720 
f 4751/1/4751 4753/1/4753 4754/1/4754 
f 4754/1/4754 4752/1/4752 4751/1/4751 
f 4755/1/4755 4754/1/4754 4753/1/4753 
f 4753/1/4753 4756/1/4756 4755/1/4755 
f 4728/1/4728 4729/1/4729 4754/1/4754 
f 4754/1/4754 4755/1/4755 4728/1/4728 
f 4752/1/4752 4754/1/4754 4729/1/4729 
f 4729/1/4729 4721/1/4721 4752/1/4752 
f 4757/1/4757 4635/1/4635 4632/1/4632 
f 4632/1/4632 4758/1/4758 4757/1/4757 
f 4757/1/4757 4758/1/4758 4759/1/4759 
f 4759/1/4759 4760/1/4760 4757/1/4757 
f 4757/1/4757 4760/1/4760 4761/1/4761 
f 4761/1/4761 4762/1/4762 4757/1/4757 
f 4757/1/4757 4762/1/4762 4636/1/4636 
f 4636/1/4636 4635/1/4635 4757/1/4757 
f 4763/1/4763 4764/1/4764 4765/1/4765 
f 4765/1/4765 4766/1/4766 4763/1/4763 
f 4763/1/4763 4766/1/4766 4756/1/4756 
f 4756/1/4756 4753/1/4753 4763/1/4763 
f 4763/1/4763 4753/1/4753 4751/1/4751 
f 4751/1/4751 4764/1/4764 4763/1/4763 
f 4767/1/4767 4768/1/4768 4765/1/4765 
f 4765/1/4765 4769/1/4769 4767/1/4767 
f 4743/1/4743 4742/1/4742 4767/1/4767 
f 4767/1/4767 4769/1/4769 4743/1/4743 
f 4739/1/4739 4768/1/4768 4767/1/4767 
f 4767/1/4767 4742/1/4742 4739/1/4739 
f 4770/1/4770 4762/1/4762 4761/1/4761 
f 4761/1/4761 4771/1/4771 4770/1/4770 
f 4770/1/4770 4771/1/4771 4772/1/4772 
f 4772/1/4772 4773/1/4773 4770/1/4770 
f 4770/1/4770 4773/1/4773 4640/1/4640 
f 4640/1/4640 4639/1/4639 4770/1/4770 
f 4770/1/4770 4639/1/4639 4636/1/4636 
f 4636/1/4636 4762/1/4762 4770/1/4770 
f 4774/1/4774 4775/1/4775 4776/1/4776 
f 4776/1/4776 4765/1/4765 4774/1/4774 
f 4736/1/4736 4734/1/4734 4775/1/4775 
f 4775/1/4775 4774/1/4774 4736/1/4736 
f 4733/1/4733 4776/1/4776 4775/1/4775 
f 4775/1/4775 4734/1/4734 4733/1/4733 
f 4768/1/4768 4777/1/4777 4774/1/4774 
f 4774/1/4774 4765/1/4765 4768/1/4768 
f 4739/1/4739 4737/1/4737 4777/1/4777 
f 4777/1/4777 4768/1/4768 4739/1/4739 
f 4736/1/4736 4774/1/4774 4777/1/4777 
f 4777/1/4777 4737/1/4737 4736/1/4736 
f 4778/1/4778 4769/1/4769 4765/1/4765 
f 4765/1/4765 4779/1/4779 4778/1/4778 
f 4778/1/4778 4779/1/4779 4745/1/4745 
f 4745/1/4745 4748/1/4748 4778/1/4778 
f 4778/1/4778 4748/1/4748 4743/1/4743 
f 4743/1/4743 4769/1/4769 4778/1/4778 
f 4780/1/4780 4779/1/4779 4765/1/4765 
f 4765/1/4765 4764/1/4764 4780/1/4780 
f 4780/1/4780 4764/1/4764 4751/1/4751 
f 4751/1/4751 4750/1/4750 4780/1/4780 
f 4780/1/4780 4750/1/4750 4745/1/4745 
f 4745/1/4745 4779/1/4779 4780/1/4780 
f 4781/1/4781 4782/1/4782 4755/1/4755 
f 4755/1/4755 4756/1/4756 4781/1/4781 
f 4783/1/4783 4784/1/4784 4782/1/4782 
f 4782/1/4782 4781/1/4781 4783/1/4783 
f 4726/1/4726 4782/1/4782 4784/1/4784 
f 4784/1/4784 4723/1/4723 4726/1/4726 
f 4755/1/4755 4782/1/4782 4726/1/4726 
f 4726/1/4726 4728/1/4728 4755/1/4755 
f 4785/1/4785 4766/1/4766 4765/1/4765 
f 4765/1/4765 4786/1/4786 4785/1/4785 
f 4783/1/4783 4781/1/4781 4785/1/4785 
f 4785/1/4785 4786/1/4786 4783/1/4783 
f 4756/1/4756 4766/1/4766 4785/1/4785 
f 4785/1/4785 4781/1/4781 4756/1/4756 
f 4787/1/4787 4788/1/4788 4789/1/4789 
f 4789/1/4789 4790/1/4790 4787/1/4787 
f 4787/1/4787 4765/1/4765 4776/1/4776 
f 4733/1/4733 4789/1/4789 4788/1/4788 
f 4788/1/4788 4776/1/4776 4733/1/4733 
f 4631/1/4631 4724/1/4724 4791/1/4791 
f 4791/1/4791 4630/1/4630 4631/1/4631 
f 4792/1/4792 4791/1/4791 4724/1/4724 
f 4724/1/4724 4723/1/4723 4792/1/4792 
f 4759/1/4759 4758/1/4758 4791/1/4791 
f 4791/1/4791 4792/1/4792 4759/1/4759 
f 4630/1/4630 4791/1/4791 4758/1/4758 
f 4758/1/4758 4632/1/4632 4630/1/4630 
f 4760/1/4760 4759/1/4759 4793/1/4793 
f 4793/1/4793 4794/1/4794 4760/1/4760 
f 4794/1/4794 4793/1/4793 4795/1/4795 
f 4795/1/4795 4796/1/4796 4794/1/4794 
f 4794/1/4794 4796/1/4796 4772/1/4772 
f 4772/1/4772 4771/1/4771 4794/1/4794 
f 4794/1/4794 4771/1/4771 4761/1/4761 
f 4761/1/4761 4760/1/4760 4794/1/4794 
f 4795/1/4795 4793/1/4793 4797/1/4797 
f 4797/1/4797 4798/1/4798 4795/1/4795 
f 4792/1/4792 4797/1/4797 4793/1/4793 
f 4793/1/4793 4759/1/4759 4792/1/4792 
f 4723/1/4723 4784/1/4784 4797/1/4797 
f 4797/1/4797 4792/1/4792 4723/1/4723 
f 4798/1/4798 4797/1/4797 4784/1/4784 
f 4784/1/4784 4783/1/4783 4798/1/4798 
f 4799/1/4799 4773/1/4773 4772/1/4772 
f 4772/1/4772 4800/1/4800 4799/1/4799 
f 4801/1/4801 4799/1/4799 4800/1/4800 
f 4800/1/4800 4802/1/4802 4801/1/4801 
f 4801/1/4801 4644/1/4644 4643/1/4643 
f 4643/1/4643 4799/1/4799 4801/1/4801 
f 4799/1/4799 4643/1/4643 4640/1/4640 
f 4640/1/4640 4773/1/4773 4799/1/4799 
f 4803/1/4803 4801/1/4801 4802/1/4802 
f 4802/1/4802 4804/1/4804 4803/1/4803 
f 4804/1/4804 4699/1/4699 4698/1/4698 
f 4803/1/4803 4698/1/4698 4648/1/4648 
f 4801/1/4801 4803/1/4803 4646/1/4646 
f 4646/1/4646 4644/1/4644 4801/1/4801 
f 4795/1/4795 4805/1/4805 4806/1/4806 
f 4806/1/4806 4796/1/4796 4795/1/4795 
f 4807/1/4807 4806/1/4806 4805/1/4805 
f 4805/1/4805 4790/1/4790 4807/1/4807 
f 4806/1/4806 4807/1/4807 4802/1/4802 
f 4802/1/4802 4800/1/4800 4806/1/4806 
f 4772/1/4772 4796/1/4796 4806/1/4806 
f 4806/1/4806 4800/1/4800 4772/1/4772 
f 4804/1/4804 4802/1/4802 4807/1/4807 
f 4808/1/4808 4807/1/4807 4790/1/4790 
f 4790/1/4790 4809/1/4809 4808/1/4808 
f 4808/1/4808 4809/1/4809 4699/1/4699 
f 4699/1/4699 4804/1/4804 4808/1/4808 
f 4809/1/4809 4790/1/4790 4789/1/4789 
f 4789/1/4789 4733/1/4733 4731/1/4731 
f 4700/1/4700 4810/1/4810 4731/1/4731 
f 4731/1/4731 4701/1/4701 4700/1/4700 
f 4700/1/4700 4699/1/4699 4809/1/4809 
f 4790/1/4790 4805/1/4805 4811/1/4811 
f 4811/1/4811 4787/1/4787 4790/1/4790 
f 4798/1/4798 4811/1/4811 4805/1/4805 
f 4805/1/4805 4795/1/4795 4798/1/4798 
f 4783/1/4783 4786/1/4786 4811/1/4811 
f 4811/1/4811 4798/1/4798 4783/1/4783 
f 4787/1/4787 4811/1/4811 4786/1/4786 
f 4786/1/4786 4765/1/4765 4787/1/4787 
f 4573/1/4573 4812/1/4812 4813/1/4813 
f 4813/1/4813 4571/1/4571 4573/1/4573 
f 4612/1/4612 4813/1/4813 4812/1/4812 
f 4812/1/4812 4613/1/4613 4612/1/4612 
f 4585/1/4585 4584/1/4584 4813/1/4813 
f 4813/1/4813 4612/1/4612 4585/1/4585 
f 4571/1/4571 4813/1/4813 4584/1/4584 
f 4584/1/4584 4574/1/4574 4571/1/4571 
f 4615/1/4615 4614/1/4614 4814/1/4814 
f 4814/1/4814 4696/1/4696 4615/1/4615 
f 4815/1/4815 4814/1/4814 4614/1/4614 
f 4614/1/4614 4613/1/4613 4815/1/4815 
f 4816/1/4816 4814/1/4814 4815/1/4815 
f 4815/1/4815 4817/1/4817 4816/1/4816 
f 4692/1/4692 4696/1/4696 4814/1/4814 
f 4814/1/4814 4816/1/4816 4692/1/4692 
f 4817/1/4817 4818/1/4818 4819/1/4819 
f 4819/1/4819 4816/1/4816 4817/1/4817 
f 4820/1/4820 4819/1/4819 4818/1/4818 
f 4818/1/4818 4821/1/4821 4820/1/4820 
f 4687/1/4687 4693/1/4693 4819/1/4819 
f 4819/1/4819 4820/1/4820 4687/1/4687 
f 4816/1/4816 4819/1/4819 4693/1/4693 
f 4693/1/4693 4692/1/4692 4816/1/4816 
f 4821/1/4821 4822/1/4822 4823/1/4823 
f 4823/1/4823 4820/1/4820 4821/1/4821 
f 4824/1/4824 4823/1/4823 4822/1/4822 
f 4822/1/4822 4825/1/4825 4824/1/4824 
f 4681/1/4681 4683/1/4683 4823/1/4823 
f 4823/1/4823 4824/1/4824 4681/1/4681 
f 4820/1/4820 4823/1/4823 4683/1/4683 
f 4683/1/4683 4687/1/4687 4820/1/4820 
f 4826/1/4826 4827/1/4827 4824/1/4824 
f 4824/1/4824 4825/1/4825 4826/1/4826 
f 4828/1/4828 4827/1/4827 4826/1/4826 
f 4826/1/4826 4829/1/4829 4828/1/4828 
f 4827/1/4827 4828/1/4828 4674/1/4674 
f 4824/1/4824 4827/1/4827 4677/1/4677 
f 4677/1/4677 4681/1/4681 4824/1/4824 
f 1844/1/1844 1847/1/1847 4830/1/4830 
f 4830/1/4830 4831/1/4831 1844/1/1844 
f 4826/1/4826 4831/1/4831 4830/1/4830 
f 4830/1/4830 4829/1/4829 4826/1/4826 
f 4832/1/4832 4831/1/4831 4826/1/4826 
f 4826/1/4826 4825/1/4825 4832/1/4832 
f 1844/1/1844 4831/1/4831 4832/1/4832 
f 4832/1/4832 1849/1/1849 1844/1/1844 
f 4833/1/4833 4834/1/4834 4835/1/4835 
f 4835/1/4835 4836/1/4836 4833/1/4833 
f 4668/1/4668 4675/1/4675 4834/1/4834 
f 4834/1/4834 4833/1/4833 4668/1/4668 
f 4828/1/4828 4834/1/4834 4675/1/4675 
f 4675/1/4675 4674/1/4674 4828/1/4828 
f 4835/1/4835 4834/1/4834 4828/1/4828 
f 4828/1/4828 4829/1/4829 4835/1/4835 
f 4836/1/4836 4837/1/4837 4838/1/4838 
f 4838/1/4838 4833/1/4833 4836/1/4836 
f 4839/1/4839 4838/1/4838 4837/1/4837 
f 4837/1/4837 4840/1/4840 4839/1/4839 
f 4662/1/4662 4669/1/4669 4838/1/4838 
f 4838/1/4838 4839/1/4839 4662/1/4662 
f 4833/1/4833 4838/1/4838 4669/1/4669 
f 4669/1/4669 4668/1/4668 4833/1/4833 
f 4840/1/4840 4841/1/4841 4842/1/4842 
f 4842/1/4842 4839/1/4839 4840/1/4840 
f 4843/1/4843 4842/1/4842 4841/1/4841 
f 4841/1/4841 4844/1/4844 4843/1/4843 
f 4656/1/4656 4663/1/4663 4842/1/4842 
f 4842/1/4842 4843/1/4843 4656/1/4656 
f 4839/1/4839 4842/1/4842 4663/1/4663 
f 4663/1/4663 4662/1/4662 4839/1/4839 
f 4627/1/4627 4651/1/4651 4845/1/4845 
f 4845/1/4845 4624/1/4624 4627/1/4627 
f 4846/1/4846 4845/1/4845 4651/1/4651 
f 4651/1/4651 4650/1/4650 4846/1/4846 
f 4847/1/4847 4848/1/4848 4845/1/4845 
f 4845/1/4845 4846/1/4846 4847/1/4847 
f 4624/1/4624 4845/1/4845 4848/1/4848 
f 4848/1/4848 4602/1/4602 4624/1/4624 
f 4602/1/4602 4848/1/4848 4849/1/4849 
f 4849/1/4849 4603/1/4603 4602/1/4602 
f 4850/1/4850 4849/1/4849 4848/1/4848 
f 4848/1/4848 4847/1/4847 4850/1/4850 
f 4607/1/4607 4604/1/4604 4849/1/4849 
f 4849/1/4849 4850/1/4850 4607/1/4607 
f 4603/1/4603 4849/1/4849 4604/1/4604 
f 4604/1/4604 4596/1/4596 4603/1/4603 
f 4844/1/4844 4851/1/4851 4852/1/4852 
f 4852/1/4852 4843/1/4843 4844/1/4844 
f 4846/1/4846 4852/1/4852 4851/1/4851 
f 4851/1/4851 4847/1/4847 4846/1/4846 
f 4650/1/4650 4657/1/4657 4852/1/4852 
f 4852/1/4852 4846/1/4846 4650/1/4650 
f 4843/1/4843 4852/1/4852 4657/1/4657 
f 4657/1/4657 4656/1/4656 4843/1/4843 
f 4607/1/4607 4853/1/4853 4854/1/4854 
f 4854/1/4854 4606/1/4606 4607/1/4607 
f 4855/1/4855 4854/1/4854 4853/1/4853 
f 4853/1/4853 4856/1/4856 4855/1/4855 
f 3424/1/3424 3427/1/3427 4854/1/4854 
f 4854/1/4854 4855/1/4855 3424/1/3424 
f 4606/1/4606 4854/1/4854 3427/1/3427 
f 3427/1/3427 3432/1/3432 4606/1/4606 
f 4856/1/4856 4853/1/4853 4857/1/4857 
f 4857/1/4857 4858/1/4858 4856/1/4856 
f 4850/1/4850 4857/1/4857 4853/1/4853 
f 4853/1/4853 4607/1/4607 4850/1/4850 
f 4847/1/4847 4859/1/4859 4857/1/4857 
f 4857/1/4857 4850/1/4850 4847/1/4847 
f 4858/1/4858 4857/1/4857 4859/1/4859 
f 4859/1/4859 4860/1/4860 4858/1/4858 
f 4856/1/4856 4861/1/4861 4862/1/4862 
f 4862/1/4862 4855/1/4855 4856/1/4856 
f 4863/1/4863 4862/1/4862 4861/1/4861 
f 4861/1/4861 4864/1/4864 4863/1/4863 
f 4309/1/4309 4308/1/4308 4862/1/4862 
f 4862/1/4862 4863/1/4863 4309/1/4309 
f 4855/1/4855 4862/1/4862 4308/1/4308 
f 4308/1/4308 3424/1/3424 4855/1/4855 
f 4860/1/4860 4865/1/4865 4866/1/4866 
f 4866/1/4866 4858/1/4858 4860/1/4860 
f 4867/1/4867 4866/1/4866 4865/1/4865 
f 4865/1/4865 4868/1/4868 4867/1/4867 
f 4864/1/4864 4861/1/4861 4866/1/4866 
f 4866/1/4866 4867/1/4867 4864/1/4864 
f 4858/1/4858 4866/1/4866 4861/1/4861 
f 4861/1/4861 4856/1/4856 4858/1/4858 
f 4844/1/4844 4869/1/4869 4870/1/4870 
f 4870/1/4870 4851/1/4851 4844/1/4844 
f 4865/1/4865 4870/1/4870 4869/1/4869 
f 4869/1/4869 4868/1/4868 4865/1/4865 
f 4860/1/4860 4859/1/4859 4870/1/4870 
f 4870/1/4870 4865/1/4865 4860/1/4860 
f 4851/1/4851 4870/1/4870 4859/1/4859 
f 4859/1/4859 4847/1/4847 4851/1/4851 
f 4871/1/4871 4872/1/4872 4873/1/4873 
f 4873/1/4873 4874/1/4874 4871/1/4871 
f 4869/1/4869 4873/1/4873 4872/1/4872 
f 4872/1/4872 4868/1/4868 4869/1/4869 
f 4869/1/4869 4844/1/4844 4841/1/4841 
f 4841/1/4841 4873/1/4873 4869/1/4869 
f 4874/1/4874 4873/1/4873 4841/1/4841 
f 4841/1/4841 4840/1/4840 4874/1/4874 
f 4875/1/4875 4876/1/4876 4877/1/4877 
f 4878/1/4878 4871/1/4871 4874/1/4874 
f 4840/1/4840 4837/1/4837 4875/1/4875 
f 4875/1/4875 4874/1/4874 4840/1/4840 
f 4837/1/4837 4836/1/4836 4876/1/4876 
f 4879/1/4879 4880/1/4880 4835/1/4835 
f 4835/1/4835 4829/1/4829 4879/1/4879 
f 4881/1/4881 4880/1/4880 4879/1/4879 
f 4879/1/4879 1900/1/1900 4881/1/4881 
f 4876/1/4876 4880/1/4880 4881/1/4881 
f 4881/1/4881 4877/1/4877 4876/1/4876 
f 4880/1/4880 4876/1/4876 4836/1/4836 
f 4879/1/4879 4882/1/4882 1898/1/1898 
f 1898/1/1898 1900/1/1900 4879/1/4879 
f 4829/1/4829 4830/1/4830 4882/1/4882 
f 4882/1/4882 4879/1/4879 4829/1/4829 
f 1847/1/1847 1898/1/1898 4882/1/4882 
f 4882/1/4882 4830/1/4830 1847/1/1847 
f 4877/1/4877 4881/1/4881 4883/1/4883 
f 4883/1/4883 4884/1/4884 4877/1/4877 
f 1906/1/1906 4883/1/4883 4881/1/4881 
f 4881/1/4881 1900/1/1900 1906/1/1906 
f 1905/1/1905 4885/1/4885 4883/1/4883 
f 4883/1/4883 1906/1/1906 1905/1/1905 
f 4884/1/4884 4883/1/4883 4885/1/4885 
f 4885/1/4885 4886/1/4886 4884/1/4884 
f 4886/1/4886 4887/1/4887 4888/1/4888 
f 4888/1/4888 4884/1/4884 4886/1/4886 
f 4889/1/4889 4888/1/4888 4887/1/4887 
f 4887/1/4887 4890/1/4890 4889/1/4889 
f 4871/1/4871 4878/1/4878 4888/1/4888 
f 4888/1/4888 4889/1/4889 4871/1/4871 
f 4884/1/4884 4888/1/4888 4878/1/4878 
f 4878/1/4878 4877/1/4877 4884/1/4884 
f 1914/1/1914 1913/1/1913 4891/1/4891 
f 4891/1/4891 4892/1/4892 1914/1/1914 
f 4887/1/4887 4892/1/4892 4891/1/4891 
f 4891/1/4891 4890/1/4890 4887/1/4887 
f 4886/1/4886 4885/1/4885 4892/1/4892 
f 4892/1/4892 4887/1/4887 4886/1/4886 
f 1914/1/1914 4892/1/4892 4885/1/4885 
f 4885/1/4885 1905/1/1905 1914/1/1914 
f 4872/1/4872 4871/1/4871 4889/1/4889 
f 4890/1/4890 4893/1/4893 4894/1/4894 
f 4894/1/4894 4889/1/4889 4890/1/4890 
f 4893/1/4893 4895/1/4895 4896/1/4896 
f 4896/1/4896 4868/1/4868 4872/1/4872 
f 1913/1/1913 1920/1/1920 4897/1/4897 
f 4897/1/4897 4891/1/4891 1913/1/1913 
f 4898/1/4898 4897/1/4897 1920/1/1920 
f 1920/1/1920 1924/1/1924 4898/1/4898 
f 4899/1/4899 4900/1/4900 4897/1/4897 
f 4897/1/4897 4898/1/4898 4899/1/4899 
f 4891/1/4891 4897/1/4897 4900/1/4900 
f 4900/1/4900 4890/1/4890 4891/1/4891 
f 4901/1/4901 4902/1/4902 4903/1/4903 
f 4903/1/4903 1927/1/1927 4901/1/4901 
f 4898/1/4898 4902/1/4902 4901/1/4901 
f 4901/1/4901 4899/1/4899 4898/1/4898 
f 1924/1/1924 4903/1/4903 4902/1/4902 
f 4902/1/4902 4898/1/4898 1924/1/1924 
f 4904/1/4904 4903/1/4903 1924/1/1924 
f 4904/1/4904 1930/1/1930 1929/1/1929 
f 1929/1/1929 1928/1/1928 4904/1/4904 
f 1928/1/1928 1927/1/1927 4903/1/4903 
f 4899/1/4899 4901/1/4901 4905/1/4905 
f 4905/1/4905 4906/1/4906 4899/1/4899 
f 1936/1/1936 4905/1/4905 4901/1/4901 
f 4901/1/4901 1927/1/1927 1936/1/1936 
f 1935/1/1935 4907/1/4907 4905/1/4905 
f 4905/1/4905 1936/1/1936 1935/1/1935 
f 4906/1/4906 4905/1/4905 4907/1/4907 
f 4907/1/4907 4908/1/4908 4906/1/4906 
f 4899/1/4899 4906/1/4906 4909/1/4909 
f 4909/1/4909 4900/1/4900 4899/1/4899 
f 4906/1/4906 4908/1/4908 4910/1/4910 
f 4909/1/4909 4910/1/4910 4895/1/4895 
f 4900/1/4900 4909/1/4909 4893/1/4893 
f 4893/1/4893 4890/1/4890 4900/1/4900 
f 4911/1/4911 4912/1/4912 1941/1/1941 
f 1941/1/1941 4913/1/4913 4911/1/4911 
f 4908/1/4908 4907/1/4907 4911/1/4911 
f 4911/1/4911 4913/1/4913 4908/1/4908 
f 4911/1/4911 4907/1/4907 1935/1/1935 
f 1935/1/1935 4912/1/4912 4911/1/4911 
f 4914/1/4914 4912/1/4912 1935/1/1935 
f 1935/1/1935 1944/1/1944 4914/1/4914 
f 4914/1/4914 1944/1/1944 1943/1/1943 
f 1943/1/1943 1942/1/1942 4914/1/4914 
f 4914/1/4914 1942/1/1942 1941/1/1941 
f 1941/1/1941 4912/1/4912 4914/1/4914 
f 1946/1/1946 4915/1/4915 4913/1/4913 
f 4913/1/4913 1941/1/1941 1946/1/1946 
f 4916/1/4916 4915/1/4915 1946/1/1946 
f 1946/1/1946 1950/1/1950 4916/1/4916 
f 4917/1/4917 4918/1/4918 4915/1/4915 
f 4915/1/4915 4916/1/4916 4917/1/4917 
f 4913/1/4913 4915/1/4915 4918/1/4918 
f 4918/1/4918 4908/1/4908 4913/1/4913 
f 4919/1/4919 4920/1/4920 4921/1/4921 
f 4921/1/4921 4922/1/4922 4919/1/4919 
f 1955/1/1955 4921/1/4921 4920/1/4920 
f 4920/1/4920 1956/1/1956 1955/1/1955 
f 4921/1/4921 1955/1/1955 1346/1/1346 
f 4335/1/4335 4324/1/4324 4922/1/4922 
f 4922/1/4922 4921/1/4921 4335/1/4335 
f 4923/1/4923 4924/1/4924 4925/1/4925 
f 4925/1/4925 4926/1/4926 4923/1/4923 
f 4927/1/4927 4923/1/4923 4926/1/4926 
f 4926/1/4926 4928/1/4928 4927/1/4927 
f 1961/1/1961 1963/1/1963 4923/1/4923 
f 4923/1/4923 4927/1/4927 1961/1/1961 
f 4923/1/4923 1963/1/1963 1956/1/1956 
f 4919/1/4919 4929/1/4929 4930/1/4930 
f 4930/1/4930 4920/1/4920 4919/1/4919 
f 4931/1/4931 4930/1/4930 4929/1/4929 
f 4929/1/4929 4932/1/4932 4931/1/4931 
f 4930/1/4930 4931/1/4931 4925/1/4925 
f 4925/1/4925 4924/1/4924 4930/1/4930 
f 4920/1/4920 4930/1/4930 4924/1/4924 
f 4924/1/4924 1956/1/1956 4920/1/4920 
f 4933/1/4933 4934/1/4934 4327/1/4327 
f 4327/1/4327 4315/1/4315 4933/1/4933 
f 4932/1/4932 4929/1/4929 4934/1/4934 
f 4934/1/4934 4933/1/4933 4932/1/4932 
f 4919/1/4919 4922/1/4922 4934/1/4934 
f 4934/1/4934 4929/1/4929 4919/1/4919 
f 4922/1/4922 4324/1/4324 4327/1/4327 
f 4935/1/4935 4926/1/4926 4925/1/4925 
f 4925/1/4925 4931/1/4931 4935/1/4935 
f 4936/1/4936 4935/1/4935 4931/1/4931 
f 4931/1/4931 4932/1/4932 4936/1/4936 
f 4937/1/4937 4938/1/4938 4935/1/4935 
f 4935/1/4935 4936/1/4936 4937/1/4937 
f 4928/1/4928 4926/1/4926 4935/1/4935 
f 4935/1/4935 4938/1/4938 4928/1/4928 
f 4939/1/4939 4940/1/4940 4941/1/4941 
f 4941/1/4941 4942/1/4942 4939/1/4939 
f 4933/1/4933 4941/1/4941 4940/1/4940 
f 4940/1/4940 4932/1/4932 4933/1/4933 
f 4315/1/4315 4312/1/4312 4941/1/4941 
f 4941/1/4941 4933/1/4933 4315/1/4315 
f 4942/1/4942 4941/1/4941 4312/1/4312 
f 4312/1/4312 4311/1/4311 4942/1/4942 
f 4943/1/4943 4944/1/4944 4945/1/4945 
f 4945/1/4945 4946/1/4946 4943/1/4943 
f 1983/1/1983 4944/1/4944 4943/1/4943 
f 4943/1/4943 1984/1/1984 1983/1/1983 
f 4927/1/4927 4944/1/4944 1983/1/1983 
f 1983/1/1983 1961/1/1961 4927/1/4927 
f 4928/1/4928 4945/1/4945 4944/1/4944 
f 4944/1/4944 4927/1/4927 4928/1/4928 
f 4947/1/4947 4948/1/4948 4949/1/4949 
f 4949/1/4949 4950/1/4950 4947/1/4947 
f 4936/1/4936 4949/1/4949 4948/1/4948 
f 4948/1/4948 4937/1/4937 4936/1/4936 
f 4932/1/4932 4940/1/4940 4949/1/4949 
f 4949/1/4949 4936/1/4936 4932/1/4932 
f 4950/1/4950 4949/1/4949 4940/1/4940 
f 4940/1/4940 4939/1/4939 4950/1/4950 
f 4937/1/4937 4948/1/4948 4951/1/4951 
f 4951/1/4951 4938/1/4938 4937/1/4937 
f 4952/1/4952 4951/1/4951 4948/1/4948 
f 4948/1/4948 4947/1/4947 4952/1/4952 
f 4946/1/4946 4945/1/4945 4951/1/4951 
f 4951/1/4951 4952/1/4952 4946/1/4946 
f 4938/1/4938 4951/1/4951 4945/1/4945 
f 4945/1/4945 4928/1/4928 4938/1/4938 
f 4953/1/4953 4954/1/4954 4955/1/4955 
f 4955/1/4955 4956/1/4956 4953/1/4953 
f 1995/1/1995 4955/1/4955 4954/1/4954 
f 4954/1/4954 1996/1/1996 1995/1/1995 
f 1984/1/1984 4943/1/4943 4955/1/4955 
f 4955/1/4955 1995/1/1995 1984/1/1984 
f 4956/1/4956 4955/1/4955 4943/1/4943 
f 4943/1/4943 4946/1/4946 4956/1/4956 
f 4957/1/4957 4958/1/4958 4959/1/4959 
f 4959/1/4959 4960/1/4960 4957/1/4957 
f 4942/1/4942 4959/1/4959 4958/1/4958 
f 4958/1/4958 4939/1/4939 4942/1/4942 
f 4311/1/4311 4306/1/4306 4959/1/4959 
f 4959/1/4959 4942/1/4942 4311/1/4311 
f 4306/1/4306 4309/1/4309 4960/1/4960 
f 1996/1/1996 4954/1/4954 4961/1/4961 
f 4961/1/4961 2001/1/2001 1996/1/1996 
f 4962/1/4962 4961/1/4961 4954/1/4954 
f 4954/1/4954 4953/1/4953 4962/1/4962 
f 4962/1/4962 4917/1/4917 4916/1/4916 
f 4916/1/4916 4961/1/4961 4962/1/4962 
f 2001/1/2001 4961/1/4961 4916/1/4916 
f 4916/1/4916 1950/1/1950 2001/1/2001 
f 4963/1/4963 4896/1/4896 4895/1/4895 
f 4964/1/4964 4963/1/4963 4965/1/4965 
f 4965/1/4965 4966/1/4966 4964/1/4964 
f 4867/1/4867 4963/1/4963 4964/1/4964 
f 4964/1/4964 4864/1/4864 4867/1/4867 
f 4868/1/4868 4896/1/4896 4963/1/4963 
f 4963/1/4963 4867/1/4867 4868/1/4868 
f 4967/1/4967 4968/1/4968 4969/1/4969 
f 4969/1/4969 4970/1/4970 4967/1/4967 
f 4950/1/4950 4969/1/4969 4968/1/4968 
f 4968/1/4968 4947/1/4947 4950/1/4950 
f 4939/1/4939 4958/1/4958 4969/1/4969 
f 4969/1/4969 4950/1/4950 4939/1/4939 
f 4970/1/4970 4969/1/4969 4958/1/4958 
f 4958/1/4958 4957/1/4957 4970/1/4970 
f 4960/1/4960 4309/1/4309 4863/1/4863 
f 4864/1/4864 4964/1/4964 4971/1/4971 
f 4971/1/4971 4863/1/4863 4864/1/4864 
f 4971/1/4971 4964/1/4964 4966/1/4966 
f 4972/1/4972 4957/1/4957 4960/1/4960 
f 4973/1/4973 4974/1/4974 4972/1/4972 
f 4972/1/4972 4966/1/4966 4973/1/4973 
f 4967/1/4967 4970/1/4970 4974/1/4974 
f 4974/1/4974 4973/1/4973 4967/1/4967 
f 4957/1/4957 4972/1/4972 4974/1/4974 
f 4974/1/4974 4970/1/4970 4957/1/4957 
f 4975/1/4975 4910/1/4910 4908/1/4908 
f 4976/1/4976 4975/1/4975 4918/1/4918 
f 4918/1/4918 4917/1/4917 4976/1/4976 
f 4966/1/4966 4965/1/4965 4975/1/4975 
f 4975/1/4975 4976/1/4976 4966/1/4966 
f 4965/1/4965 4895/1/4895 4910/1/4910 
f 4973/1/4973 4977/1/4977 4978/1/4978 
f 4978/1/4978 4967/1/4967 4973/1/4973 
f 4973/1/4973 4966/1/4966 4976/1/4976 
f 4976/1/4976 4977/1/4977 4973/1/4973 
f 4917/1/4917 4962/1/4962 4977/1/4977 
f 4977/1/4977 4976/1/4976 4917/1/4917 
f 4978/1/4978 4977/1/4977 4962/1/4962 
f 4962/1/4962 4953/1/4953 4978/1/4978 
f 4947/1/4947 4968/1/4968 4979/1/4979 
f 4979/1/4979 4952/1/4952 4947/1/4947 
f 4978/1/4978 4979/1/4979 4968/1/4968 
f 4968/1/4968 4967/1/4967 4978/1/4978 
f 4953/1/4953 4956/1/4956 4979/1/4979 
f 4979/1/4979 4978/1/4978 4953/1/4953 
f 4952/1/4952 4979/1/4979 4956/1/4956 
f 4956/1/4956 4946/1/4946 4952/1/4952 
f 3665/1/3665 4980/1/4980 4981/1/4981 
f 4981/1/4981 3664/1/3664 3665/1/3665 
f 4982/1/4982 4981/1/4981 4980/1/4980 
f 4980/1/4980 4983/1/4983 4982/1/4982 
f 4981/1/4981 4982/1/4982 4573/1/4573 
f 3664/1/3664 4981/1/4981 4572/1/4572 
f 4572/1/4572 3525/1/3525 3664/1/3664 
f 3669/1/3669 4984/1/4984 4985/1/4985 
f 4985/1/4985 3666/1/3666 3669/1/3669 
f 4986/1/4986 4985/1/4985 4984/1/4984 
f 4984/1/4984 4987/1/4987 4986/1/4986 
f 4983/1/4983 4980/1/4980 4985/1/4985 
f 4985/1/4985 4986/1/4986 4983/1/4983 
f 3666/1/3666 4985/1/4985 4980/1/4980 
f 4980/1/4980 3665/1/3665 3666/1/3666 
f 4812/1/4812 4573/1/4573 4988/1/4988 
f 4989/1/4989 4990/1/4990 4988/1/4988 
f 4988/1/4988 4991/1/4991 4989/1/4989 
f 4817/1/4817 4815/1/4815 4990/1/4990 
f 4990/1/4990 4989/1/4989 4817/1/4817 
f 4613/1/4613 4812/1/4812 4990/1/4990 
f 4990/1/4990 4815/1/4815 4613/1/4613 
f 4991/1/4991 4992/1/4992 4993/1/4993 
f 4993/1/4993 4989/1/4989 4991/1/4991 
f 4994/1/4994 4993/1/4993 4992/1/4992 
f 4992/1/4992 4995/1/4995 4994/1/4994 
f 4821/1/4821 4818/1/4818 4993/1/4993 
f 4993/1/4993 4994/1/4994 4821/1/4821 
f 4989/1/4989 4993/1/4993 4818/1/4818 
f 4818/1/4818 4817/1/4817 4989/1/4989 
f 4825/1/4825 4822/1/4822 4996/1/4996 
f 4996/1/4996 4997/1/4997 4825/1/4825 
f 4994/1/4994 4996/1/4996 4822/1/4822 
f 4822/1/4822 4821/1/4821 4994/1/4994 
f 4995/1/4995 4998/1/4998 4996/1/4996 
f 4996/1/4996 4994/1/4994 4995/1/4995 
f 4997/1/4997 4996/1/4996 4998/1/4998 
f 4998/1/4998 2040/1/2040 4997/1/4997 
f 2042/1/2042 4999/1/4999 4997/1/4997 
f 4997/1/4997 2040/1/2040 2042/1/2042 
f 1849/1/1849 4832/1/4832 4999/1/4999 
f 4999/1/4999 2042/1/2042 1849/1/1849 
f 4997/1/4997 4999/1/4999 4832/1/4832 
f 4832/1/4832 4825/1/4825 4997/1/4997 
f 4983/1/4983 5000/1/5000 5001/1/5001 
f 5001/1/5001 4982/1/4982 4983/1/4983 
f 5000/1/5000 5002/1/5002 5003/1/5003 
f 5001/1/5001 5003/1/5003 4991/1/4991 
f 4982/1/4982 5001/1/5001 4988/1/4988 
f 4988/1/4988 4573/1/4573 4982/1/4982 
f 5004/1/5004 5005/1/5005 4986/1/4986 
f 4986/1/4986 4987/1/4987 5004/1/5004 
f 5006/1/5006 5005/1/5005 5004/1/5004 
f 5004/1/5004 5007/1/5007 5006/1/5006 
f 5005/1/5005 5006/1/5006 5002/1/5002 
f 4986/1/4986 5005/1/5005 5000/1/5000 
f 5000/1/5000 4983/1/4983 4986/1/4986 
f 5008/1/5008 5003/1/5003 5002/1/5002 
f 5009/1/5009 5010/1/5010 5008/1/5008 
f 5008/1/5008 5011/1/5011 5009/1/5009 
f 4995/1/4995 4992/1/4992 5008/1/5008 
f 5008/1/5008 5010/1/5010 4995/1/4995 
f 5003/1/5003 5008/1/5008 4992/1/4992 
f 4992/1/4992 4991/1/4991 5003/1/5003 
f 2055/1/2055 2058/1/2058 5012/1/5012 
f 5012/1/5012 5013/1/5013 2055/1/2055 
f 4998/1/4998 5012/1/5012 2058/1/2058 
f 2058/1/2058 2040/1/2040 4998/1/4998 
f 5012/1/5012 4998/1/4998 4995/1/4995 
f 5013/1/5013 5012/1/5012 5010/1/5010 
f 5010/1/5010 5009/1/5009 5013/1/5013 
f 4987/1/4987 4984/1/4984 5014/1/5014 
f 5014/1/5014 5004/1/5004 4987/1/4987 
f 5015/1/5015 5014/1/5014 4984/1/4984 
f 4984/1/4984 3669/1/3669 5015/1/5015 
f 5016/1/5016 5017/1/5017 5014/1/5014 
f 5014/1/5014 5015/1/5015 5016/1/5016 
f 5004/1/5004 5014/1/5014 5017/1/5017 
f 5017/1/5017 5007/1/5007 5004/1/5004 
f 3669/1/3669 3671/1/3671 5018/1/5018 
f 5018/1/5018 5015/1/5015 3669/1/3669 
f 5019/1/5019 5018/1/5018 3671/1/3671 
f 3671/1/3671 3670/1/3670 5019/1/5019 
f 5020/1/5020 5021/1/5021 5018/1/5018 
f 5018/1/5018 5019/1/5019 5020/1/5020 
f 5015/1/5015 5018/1/5018 5021/1/5021 
f 5021/1/5021 5016/1/5016 5015/1/5015 
f 3674/1/3674 5022/1/5022 5023/1/5023 
f 5023/1/5023 3675/1/3675 3674/1/3674 
f 5024/1/5024 5023/1/5023 5022/1/5022 
f 5022/1/5022 5025/1/5025 5024/1/5024 
f 5020/1/5020 5019/1/5019 5023/1/5023 
f 5023/1/5023 5024/1/5024 5020/1/5020 
f 3670/1/3670 3675/1/3675 5023/1/5023 
f 5023/1/5023 5019/1/5019 3670/1/3670 
f 3688/1/3688 5026/1/5026 5027/1/5027 
f 5027/1/5027 3689/1/3689 3688/1/3688 
f 5028/1/5028 5027/1/5027 5026/1/5026 
f 5026/1/5026 5029/1/5029 5028/1/5028 
f 5030/1/5030 5031/1/5031 5027/1/5027 
f 5027/1/5027 5028/1/5028 5030/1/5030 
f 3689/1/3689 5027/1/5027 5031/1/5031 
f 5031/1/5031 3683/1/3683 3689/1/3689 
f 3692/1/3692 5032/1/5032 5033/1/5033 
f 5033/1/5033 3693/1/3693 3692/1/3692 
f 5032/1/5032 5034/1/2461 5035/1/5034 
f 5035/1/5034 5033/1/5033 5032/1/5032 
f 5029/1/5029 5026/1/5026 5033/1/5033 
f 5033/1/5033 5035/1/5034 5029/1/5029 
f 3693/1/3693 5033/1/5033 5026/1/5026 
f 5026/1/5026 3688/1/3688 3693/1/3693 
f 5036/1/5035 2082/1/2082 2081/1/2081 
f 2081/1/2081 5037/1/5036 5036/1/5035 
f 2086/1/2086 5038/1/5037 5037/1/5036 
f 5037/1/5036 2081/1/2081 2086/1/2086 
f 5035/1/5034 5037/1/5036 5038/1/5037 
f 5038/1/5037 5029/1/5029 5035/1/5034 
f 5035/1/5034 5034/1/2461 5036/1/5035 
f 5039/1/5038 5040/1/5039 5041/1/5040 
f 5041/1/5040 5042/1/5041 5039/1/5038 
f 5040/1/5039 5034/1/2461 5032/1/5032 
f 3692/1/3692 3697/1/3697 5041/1/5040 
f 5041/1/5040 5032/1/5032 3692/1/3692 
f 5042/1/5041 5041/1/5040 3697/1/3697 
f 3697/1/3697 3696/1/3696 5042/1/5041 
f 5043/1/5042 5044/1/5043 5040/1/5039 
f 5040/1/5039 5039/1/5038 5043/1/5042 
f 2094/1/2094 2093/1/2093 5044/1/5043 
f 5044/1/5043 5043/1/5042 2094/1/2094 
f 2093/1/2093 2082/1/2082 5036/1/5035 
f 5036/1/5035 5044/1/5043 2093/1/2093 
f 5034/1/2461 5040/1/5039 5044/1/5043 
f 5044/1/5043 5036/1/5035 5034/1/2461 
f 3696/1/3696 3701/1/3701 5045/1/5044 
f 5045/1/5044 5042/1/5041 3696/1/3696 
f 5046/1/5045 5045/1/5044 3701/1/3701 
f 3701/1/3701 3700/1/3700 5046/1/5045 
f 5047/1/5046 5048/1/5047 5045/1/5044 
f 5045/1/5044 5046/1/5045 5047/1/5046 
f 5042/1/5041 5045/1/5044 5048/1/5047 
f 5048/1/5047 5039/1/5038 5042/1/5041 
f 5039/1/5038 5048/1/5047 5049/1/5048 
f 5049/1/5048 5043/1/5042 5039/1/5038 
f 5050/1/5049 5049/1/5048 5048/1/5047 
f 5048/1/5047 5047/1/5046 5050/1/5049 
f 2101/1/2101 2100/1/2100 5049/1/5048 
f 5049/1/5048 5050/1/5049 2101/1/2101 
f 5043/1/5042 5049/1/5048 2100/1/2100 
f 2100/1/2100 2094/1/2094 5043/1/5042 
f 5051/1/5050 5046/1/5045 3700/1/3700 
f 3705/1/3705 3704/1/3704 5052/1/5051 
f 5053/1/5052 5054/1/5053 5051/1/5050 
f 5051/1/5050 5052/1/5051 5053/1/5052 
f 5046/1/5045 5051/1/5050 5054/1/5053 
f 5054/1/5053 5047/1/5046 5046/1/5045 
f 3681/1/3681 5055/1/5054 5056/1/5055 
f 5056/1/5055 3680/1/3680 3681/1/3681 
f 5057/1/5056 5056/1/5055 5055/1/5054 
f 5055/1/5054 5058/1/5057 5057/1/5056 
f 5025/1/5025 5022/1/5022 5056/1/5055 
f 5056/1/5055 5057/1/5056 5025/1/5025 
f 3680/1/3680 5056/1/5055 5022/1/5022 
f 5022/1/5022 3674/1/3674 3680/1/3680 
f 3683/1/3683 5031/1/5031 5059/1/5058 
f 5059/1/5058 3684/1/3684 3683/1/3683 
f 5060/1/5059 5059/1/5058 5031/1/5031 
f 5031/1/5031 5030/1/5030 5060/1/5059 
f 5058/1/5057 5055/1/5054 5059/1/5058 
f 5059/1/5058 5060/1/5059 5058/1/5057 
f 3684/1/3684 5059/1/5058 5055/1/5054 
f 5055/1/5054 3681/1/3681 3684/1/3684 
f 5029/1/5029 5038/1/5037 5061/1/5060 
f 5061/1/5060 5028/1/5028 5029/1/5029 
f 2116/1/2116 5061/1/5060 5038/1/5037 
f 5038/1/5037 2086/1/2086 2116/1/2116 
f 2115/1/2115 5062/1/5061 5061/1/5060 
f 5061/1/5060 2116/1/2116 2115/1/2115 
f 5028/1/5028 5061/1/5060 5062/1/5061 
f 5062/1/5061 5030/1/5030 5028/1/5028 
f 5025/1/5025 5063/1/5062 5064/1/5063 
f 5064/1/5063 5024/1/5024 5025/1/5025 
f 2118/1/2118 5064/1/5063 5063/1/5062 
f 5063/1/5062 2122/1/2122 2118/1/2118 
f 2117/1/2117 5065/1/5064 5064/1/5063 
f 5064/1/5063 2118/1/2118 2117/1/2117 
f 5024/1/5024 5064/1/5063 5065/1/5064 
f 5065/1/5064 5020/1/5020 5024/1/5024 
f 5058/1/5057 5066/1/5065 5067/1/5066 
f 5067/1/5066 5057/1/5056 5058/1/5057 
f 2125/1/2125 5067/1/5066 5066/1/5065 
f 5066/1/5065 2126/1/2126 2125/1/2125 
f 2122/1/2122 5063/1/5062 5067/1/5066 
f 5067/1/5066 2125/1/2125 2122/1/2122 
f 5057/1/5056 5067/1/5066 5063/1/5062 
f 5063/1/5062 5025/1/5025 5057/1/5056 
f 5030/1/5030 5062/1/5061 5068/1/5067 
f 5068/1/5067 5060/1/5059 5030/1/5030 
f 2128/1/2128 5068/1/5067 5062/1/5061 
f 5062/1/5061 2115/1/2115 2128/1/2128 
f 2126/1/2126 5066/1/5065 5068/1/5067 
f 5068/1/5067 2128/1/2128 2126/1/2126 
f 5060/1/5059 5068/1/5067 5066/1/5065 
f 5066/1/5065 5058/1/5057 5060/1/5059 
f 5016/1/5016 5069/1/5068 5070/1/5069 
f 5070/1/5069 5017/1/5017 5016/1/5016 
f 5071/1/5070 5070/1/5069 5069/1/5068 
f 5069/1/5068 2134/1/2134 5071/1/5070 
f 5072/1/5071 5073/1/5072 5070/1/5069 
f 5070/1/5069 5071/1/5070 5072/1/5071 
f 5017/1/5017 5070/1/5069 5073/1/5072 
f 5073/1/5072 5007/1/5007 5017/1/5017 
f 5007/1/5007 5073/1/5072 5074/1/5073 
f 5074/1/5073 5006/1/5006 5007/1/5007 
f 5075/1/5074 5074/1/5073 5073/1/5072 
f 5073/1/5072 5072/1/5071 5075/1/5074 
f 5011/1/5011 5074/1/5073 5075/1/5074 
f 5075/1/5074 5009/1/5009 5011/1/5011 
f 5006/1/5006 5074/1/5073 5011/1/5011 
f 5011/1/5011 5002/1/5002 5006/1/5006 
f 5009/1/5009 5075/1/5074 5076/1/5075 
f 5076/1/5075 5013/1/5013 5009/1/5009 
f 5077/1/5076 5076/1/5075 5075/1/5074 
f 5075/1/5074 5072/1/5071 5077/1/5076 
f 2139/1/2139 2138/1/2138 5076/1/5075 
f 5076/1/5075 5077/1/5076 2139/1/2139 
f 5013/1/5013 5076/1/5075 2138/1/2138 
f 2138/1/2138 2055/1/2055 5013/1/5013 
f 5072/1/5071 5071/1/5070 5078/1/5077 
f 5078/1/5077 5077/1/5076 5072/1/5071 
f 2142/1/2142 5078/1/5077 5071/1/5070 
f 5071/1/5070 2134/1/2134 2142/1/2142 
f 2139/1/2139 5077/1/5076 5078/1/5077 
f 5078/1/5077 2142/1/2142 2139/1/2139 
f 5065/1/5064 2117/1/2117 2144/1/2144 
f 2144/1/2144 5079/1/5078 5065/1/5064 
f 5069/1/5068 5079/1/5078 2144/1/2144 
f 2144/1/2144 2134/1/2134 5069/1/5068 
f 5069/1/5068 5016/1/5016 5021/1/5021 
f 5021/1/5021 5079/1/5078 5069/1/5068 
f 5065/1/5064 5079/1/5078 5021/1/5021 
f 5021/1/5021 5020/1/5020 5065/1/5064 
f 5080/1/5079 5081/1/5080 5082/1/5081 
f 5082/1/5081 5083/1/5082 5080/1/5079 
f 5084/1/5083 5082/1/5081 5081/1/5080 
f 5081/1/5080 5085/1/5084 5084/1/5083 
f 3911/1/3911 3908/1/3908 5082/1/5081 
f 5082/1/5081 5084/1/5083 3911/1/3911 
f 5083/1/5082 5082/1/5081 3908/1/3908 
f 3908/1/3908 3901/1/3901 5083/1/5082 
f 5084/1/5083 5086/1/5085 3922/1/3922 
f 3922/1/3922 3911/1/3911 5084/1/5083 
f 5086/1/5085 5084/1/5083 5085/1/5084 
f 5085/1/5084 5087/1/5086 5086/1/5085 
f 5088/1/5087 5089/1/5088 5086/1/5085 
f 5086/1/5085 5087/1/5086 5088/1/5087 
f 3922/1/3922 5086/1/5085 5089/1/5088 
f 5089/1/5088 3925/1/3925 3922/1/3922 
f 3925/1/3925 5089/1/5088 5090/1/5089 
f 5090/1/5089 3934/1/3934 3925/1/3925 
f 5091/1/5090 5090/1/5089 5089/1/5088 
f 5089/1/5088 5088/1/5087 5091/1/5090 
f 5092/1/5091 5093/1/5092 5090/1/5089 
f 5090/1/5089 5091/1/5090 5092/1/5091 
f 3934/1/3934 5090/1/5089 5093/1/5092 
f 5093/1/5092 3937/1/3937 3934/1/3934 
f 3937/1/3937 5093/1/5092 5094/1/5093 
f 5094/1/5093 3956/1/3956 3937/1/3937 
f 5095/1/5094 5094/1/5093 5093/1/5092 
f 5093/1/5092 5092/1/5091 5095/1/5094 
f 5096/1/5095 5094/1/5093 5095/1/5094 
f 5095/1/5094 5097/1/5096 5096/1/5095 
f 3932/1/3932 3956/1/3956 5094/1/5093 
f 5094/1/5093 5096/1/5095 3932/1/3932 
f 2163/1/2163 5098/1/5097 5099/1/5098 
f 5099/1/5098 2164/1/2164 2163/1/2163 
f 5083/1/5082 5099/1/5098 5098/1/5097 
f 5098/1/5097 5080/1/5079 5083/1/5082 
f 3901/1/3901 3900/1/3900 5099/1/5098 
f 5099/1/5098 5083/1/5082 3901/1/3901 
f 2164/1/2164 5099/1/5098 3900/1/3900 
f 3900/1/3900 881/1/881 2164/1/2164 
f 5100/1/5099 5101/1/5100 5102/1/5101 
f 5102/1/5101 5103/1/5102 5100/1/5099 
f 5101/1/5100 5100/1/5099 5080/1/5079 
f 5098/1/5097 2163/1/2163 2167/1/2167 
f 5102/1/5101 5101/1/5100 2167/1/2167 
f 2167/1/2167 2172/1/2172 5102/1/5101 
f 5103/1/5102 5104/1/5103 5105/1/5104 
f 5105/1/5104 5100/1/5099 5103/1/5102 
f 5106/1/5105 5105/1/5104 5104/1/5103 
f 5104/1/5103 5107/1/5106 5106/1/5105 
f 5085/1/5084 5081/1/5080 5105/1/5104 
f 5105/1/5104 5106/1/5105 5085/1/5084 
f 5100/1/5099 5105/1/5104 5081/1/5080 
f 5081/1/5080 5080/1/5079 5100/1/5099 
f 5108/1/5107 5109/1/5108 5110/1/5109 
f 5110/1/5109 5111/1/5110 5108/1/5107 
f 5087/1/5086 5110/1/5109 5109/1/5108 
f 5109/1/5108 5088/1/5087 5087/1/5086 
f 5106/1/5105 5110/1/5109 5087/1/5086 
f 5087/1/5086 5085/1/5084 5106/1/5105 
f 5106/1/5105 5107/1/5106 5111/1/5110 
f 5111/1/5110 5110/1/5109 5106/1/5105 
f 5112/1/5111 5113/1/5112 5114/1/5113 
f 5114/1/5113 5115/1/5114 5112/1/5111 
f 5091/1/5090 5114/1/5113 5113/1/5112 
f 5113/1/5112 5092/1/5091 5091/1/5090 
f 5088/1/5087 5109/1/5108 5114/1/5113 
f 5114/1/5113 5091/1/5090 5088/1/5087 
f 5115/1/5114 5114/1/5113 5109/1/5108 
f 5109/1/5108 5108/1/5107 5115/1/5114 
f 5116/1/5115 5117/1/5116 5118/1/5117 
f 5118/1/5117 5119/1/5118 5116/1/5115 
f 5097/1/5096 5095/1/5094 5117/1/5116 
f 5117/1/5116 5116/1/5115 5097/1/5096 
f 5092/1/5091 5113/1/5112 5117/1/5116 
f 5117/1/5116 5095/1/5094 5092/1/5091 
f 5118/1/5117 5117/1/5116 5113/1/5112 
f 5113/1/5112 5112/1/5111 5118/1/5117 
f 2172/1/2172 2190/1/2190 5120/1/5119 
f 5120/1/5119 5102/1/5101 2172/1/2172 
f 5121/1/5120 5120/1/5119 2190/1/2190 
f 2190/1/2190 2192/1/2192 5121/1/5120 
f 5107/1/5106 5104/1/5103 5120/1/5119 
f 5120/1/5119 5121/1/5120 5107/1/5106 
f 5102/1/5101 5120/1/5119 5104/1/5103 
f 5104/1/5103 5103/1/5102 5102/1/5101 
f 5122/1/5121 5123/1/5122 5124/1/5123 
f 5124/1/5123 5125/1/5124 5122/1/5121 
f 5111/1/5110 5124/1/5123 5123/1/5122 
f 5123/1/5122 5108/1/5107 5111/1/5110 
f 5107/1/5106 5121/1/5120 5124/1/5123 
f 5124/1/5123 5111/1/5110 5107/1/5106 
f 5125/1/5124 5124/1/5123 5121/1/5120 
f 5121/1/5120 2192/1/2192 5125/1/5124 
f 2197/1/2197 5126/1/5125 5127/1/5126 
f 5127/1/5126 2198/1/2198 2197/1/2197 
f 5126/1/5125 5122/1/5121 5125/1/5124 
f 5125/1/5124 5127/1/5126 5126/1/5125 
f 2198/1/2198 5127/1/5126 5125/1/5124 
f 5125/1/5124 2192/1/2192 2198/1/2198 
f 5128/1/5127 5129/1/5128 5130/1/5129 
f 5130/1/5129 5131/1/5130 5128/1/5127 
f 5115/1/5114 5130/1/5129 5129/1/5128 
f 5129/1/5128 5112/1/5111 5115/1/5114 
f 5108/1/5107 5123/1/5122 5130/1/5129 
f 5130/1/5129 5115/1/5114 5108/1/5107 
f 5131/1/5130 5130/1/5129 5123/1/5122 
f 5123/1/5122 5122/1/5121 5131/1/5130 
f 2205/1/2205 5132/1/5131 5133/1/5132 
f 5133/1/5132 2206/1/2206 2205/1/2205 
f 5131/1/5130 5133/1/5132 5132/1/5131 
f 5132/1/5131 5128/1/5127 5131/1/5130 
f 5122/1/5121 5126/1/5125 5133/1/5132 
f 5133/1/5132 5131/1/5130 5122/1/5121 
f 2206/1/2206 5133/1/5132 5126/1/5125 
f 5126/1/5125 2197/1/2197 2206/1/2206 
f 5134/1/5133 5135/1/5134 5129/1/5128 
f 5129/1/5128 5128/1/5127 5134/1/5133 
f 5136/1/5135 5135/1/5134 5134/1/5133 
f 5134/1/5133 5137/1/5136 5136/1/5135 
f 5119/1/5118 5118/1/5117 5135/1/5134 
f 5135/1/5134 5136/1/5135 5119/1/5118 
f 5112/1/5111 5129/1/5128 5135/1/5134 
f 5135/1/5134 5118/1/5117 5112/1/5111 
f 5138/1/5137 5139/1/5138 2213/1/2213 
f 2213/1/2213 2216/1/2216 5138/1/5137 
f 5137/1/5136 5134/1/5133 5139/1/5138 
f 5139/1/5138 5138/1/5137 5137/1/5136 
f 5128/1/5127 5132/1/5131 5139/1/5138 
f 5139/1/5138 5134/1/5133 5128/1/5127 
f 2213/1/2213 5139/1/5138 5132/1/5131 
f 5132/1/5131 2205/1/2205 2213/1/2213 
f 2216/1/2216 2218/1/2218 5140/1/5139 
f 5140/1/5139 5138/1/5137 2216/1/2216 
f 5141/1/5140 5140/1/5139 2218/1/2218 
f 2218/1/2218 2222/1/2222 5141/1/5140 
f 5142/1/5141 5143/1/5142 5140/1/5139 
f 5140/1/5139 5141/1/5140 5142/1/5141 
f 5138/1/5137 5140/1/5139 5143/1/5142 
f 5143/1/5142 5137/1/5136 5138/1/5137 
f 5142/1/5141 5144/1/5143 5145/1/5144 
f 5145/1/5144 5143/1/5142 5142/1/5141 
f 5146/1/5145 5145/1/5144 5144/1/5143 
f 5144/1/5143 5147/1/5146 5146/1/5145 
f 5136/1/5135 5145/1/5144 5146/1/5145 
f 5146/1/5145 5119/1/5118 5136/1/5135 
f 5137/1/5136 5143/1/5142 5145/1/5144 
f 5145/1/5144 5136/1/5135 5137/1/5136 
f 2222/1/2222 2228/1/2228 5148/1/5147 
f 5148/1/5147 5141/1/5140 2222/1/2222 
f 5149/1/5148 5148/1/5147 2228/1/2228 
f 2228/1/2228 2230/1/2230 5149/1/5148 
f 5147/1/5146 5144/1/5143 5148/1/5147 
f 5148/1/5147 5149/1/5148 5147/1/5146 
f 5141/1/5140 5148/1/5147 5144/1/5143 
f 5144/1/5143 5142/1/5141 5141/1/5140 
f 5147/1/5146 5150/1/5149 5151/1/5150 
f 5151/1/5150 5146/1/5145 5147/1/5146 
f 5152/1/5151 5151/1/5150 5150/1/5149 
f 5150/1/5149 5153/1/5152 5152/1/5151 
f 5116/1/5115 5151/1/5150 5152/1/5151 
f 5152/1/5151 5097/1/5096 5116/1/5115 
f 5146/1/5145 5151/1/5150 5116/1/5115 
f 5116/1/5115 5119/1/5118 5146/1/5145 
f 5097/1/5096 5152/1/5151 5154/1/5153 
f 5154/1/5153 5096/1/5095 5097/1/5096 
f 5155/1/5154 5154/1/5153 5152/1/5151 
f 5152/1/5151 5153/1/5152 5155/1/5154 
f 3829/1/3829 3933/1/3933 5154/1/5153 
f 5154/1/5153 5155/1/5154 3829/1/3829 
f 5096/1/5095 5154/1/5153 3933/1/3933 
f 3933/1/3933 3932/1/3932 5096/1/5095 
f 2230/1/2230 2238/1/2238 5156/1/5155 
f 5156/1/5155 5149/1/5148 2230/1/2230 
f 5157/1/5156 5156/1/5155 2238/1/2238 
f 2238/1/2238 2240/1/2240 5157/1/5156 
f 5153/1/5152 5150/1/5149 5156/1/5155 
f 5156/1/5155 5157/1/5156 5153/1/5152 
f 5149/1/5148 5156/1/5155 5150/1/5149 
f 5150/1/5149 5147/1/5146 5149/1/5148 
f 3829/1/3829 5155/1/5154 5158/1/5157 
f 5158/1/5157 3824/1/3824 3829/1/3829 
f 5159/1/5158 5158/1/5157 5155/1/5154 
f 5155/1/5154 5153/1/5152 5159/1/5158 
f 5160/1/5159 5161/1/5160 5158/1/5157 
f 5158/1/5157 5159/1/5158 5160/1/5159 
f 3824/1/3824 5158/1/5157 5161/1/5160 
f 5161/1/5160 3714/1/3714 3824/1/3824 
f 2245/1/2245 5162/1/5161 5163/1/5162 
f 5163/1/5162 2246/1/2246 2245/1/2245 
f 5159/1/5158 5163/1/5162 5162/1/5161 
f 5162/1/5161 5160/1/5159 5159/1/5158 
f 5157/1/5156 5163/1/5162 5159/1/5158 
f 5159/1/5158 5153/1/5152 5157/1/5156 
f 5157/1/5156 2240/1/2240 2246/1/2246 
f 2246/1/2246 5163/1/5162 5157/1/5156 
f 3714/1/3714 5161/1/5160 5164/1/5163 
f 5164/1/5163 3708/1/3708 3714/1/3714 
f 5165/1/5164 5164/1/5163 5161/1/5160 
f 5161/1/5160 5160/1/5159 5165/1/5164 
f 5166/1/5165 5167/1/5166 5164/1/5163 
f 5164/1/5163 5165/1/5164 5166/1/5165 
f 3708/1/3708 5164/1/5163 5167/1/5166 
f 5167/1/5166 3709/1/3709 3708/1/3708 
f 3709/1/3709 5167/1/5166 5168/1/5167 
f 5168/1/5167 3716/1/3716 3709/1/3709 
f 5169/1/5168 5168/1/5167 5167/1/5166 
f 5167/1/5166 5166/1/5165 5169/1/5168 
f 5053/1/5052 5052/1/5051 5168/1/5167 
f 5168/1/5167 5169/1/5168 5053/1/5052 
f 3716/1/3716 5168/1/5167 5052/1/5051 
f 5052/1/5051 3704/1/3704 3716/1/3716 
f 2257/1/2257 5170/1/5169 5171/1/5170 
f 5171/1/5170 2258/1/2258 2257/1/2257 
f 5165/1/5164 5171/1/5170 5170/1/5169 
f 5170/1/5169 5166/1/5165 5165/1/5164 
f 5160/1/5159 5162/1/5161 5171/1/5170 
f 5171/1/5170 5165/1/5164 5160/1/5159 
f 2258/1/2258 5171/1/5170 5162/1/5161 
f 5162/1/5161 2245/1/2245 2258/1/2258 
f 5172/1/5171 2261/1/2261 2260/1/2260 
f 2260/1/2260 5173/1/5172 5172/1/5171 
f 5050/1/5049 5173/1/5172 2260/1/2260 
f 2260/1/2260 2101/1/2101 5050/1/5049 
f 5047/1/5046 5054/1/5053 5173/1/5172 
f 5173/1/5172 5050/1/5049 5047/1/5046 
f 5172/1/5171 5173/1/5172 5054/1/5053 
f 5054/1/5053 5053/1/5052 5172/1/5171 
f 5166/1/5165 5170/1/5169 5174/1/5173 
f 5174/1/5173 5169/1/5168 5166/1/5165 
f 2264/1/2264 5174/1/5173 5170/1/5169 
f 5170/1/5169 2257/1/2257 2264/1/2264 
f 2261/1/2261 5172/1/5171 5174/1/5173 
f 5174/1/5173 2264/1/2264 2261/1/2261 
f 5169/1/5168 5174/1/5173 5172/1/5171 
f 5172/1/5171 5053/1/5052 5169/1/5168 
f 3735/1/3735 5175/1/5174 5176/1/5175 
f 5176/1/5175 3734/1/3734 3735/1/3735 
f 5175/1/5174 4425/1/4425 4424/1/4424 
f 3789/1/3789 3787/1/3787 5176/1/5175 
f 5176/1/5175 4424/1/4424 3789/1/3789 
f 3734/1/3734 5176/1/5175 3787/1/3787 
f 3787/1/3787 3728/1/3728 3734/1/3734 
f 3759/1/3759 5177/1/5176 5178/1/5177 
f 5178/1/5177 3757/1/3757 3759/1/3759 
f 5179/1/5178 5178/1/5177 5177/1/5176 
f 5177/1/5176 5180/1/5179 5179/1/5178 
f 5178/1/5177 5179/1/5178 3735/1/3735 
f 3733/1/3733 3732/1/3732 3757/1/3757 
f 4553/1/4553 5181/1/5180 5182/1/5181 
f 5182/1/5181 4551/1/4551 4553/1/4553 
f 5183/1/5182 5182/1/5181 5181/1/5180 
f 5181/1/5180 5184/1/5183 5183/1/5182 
f 5180/1/5179 5177/1/5176 5182/1/5181 
f 5182/1/5181 5183/1/5182 5180/1/5179 
f 4551/1/4551 5182/1/5181 5177/1/5176 
f 5177/1/5176 3759/1/3759 4551/1/4551 
f 4565/1/4565 5185/1/5184 5186/1/5185 
f 5186/1/5185 4564/1/4564 4565/1/4565 
f 5187/1/5186 5186/1/5185 5185/1/5184 
f 5185/1/5184 5188/1/5187 5187/1/5186 
f 5184/1/5183 5181/1/5180 5186/1/5185 
f 5186/1/5185 5187/1/5186 5184/1/5183 
f 4564/1/4564 5186/1/5185 5181/1/5180 
f 5181/1/5180 4553/1/4553 4564/1/4564 
f 4569/1/4569 5189/1/5188 5190/1/5189 
f 5190/1/5189 4567/1/4567 4569/1/4569 
f 5191/1/5190 5190/1/5189 5189/1/5188 
f 5189/1/5188 5192/1/5191 5191/1/5190 
f 5188/1/5187 5185/1/5184 5190/1/5189 
f 5190/1/5189 5191/1/5190 5188/1/5187 
f 4567/1/4567 5190/1/5189 5185/1/5184 
f 5185/1/5184 4565/1/4565 4567/1/4567 
f 5193/1/5192 5194/1/5193 5195/1/5194 
f 5196/1/5195 4428/1/4428 4431/1/4431 
f 5193/1/5192 4431/1/4431 4412/1/4412 
f 4426/1/4426 4425/1/4425 5194/1/5193 
f 4428/1/4428 5196/1/5195 5197/1/5196 
f 5197/1/5196 4435/1/4435 4428/1/4428 
f 5198/1/5197 5197/1/5196 5196/1/5195 
f 5196/1/5195 5195/1/5194 5198/1/5197 
f 5199/1/5198 5200/1/5199 5197/1/5196 
f 5197/1/5196 5198/1/5197 5199/1/5198 
f 4435/1/4435 5197/1/5196 5200/1/5199 
f 5200/1/5199 4432/1/4432 4435/1/4435 
f 5201/1/5200 5179/1/5178 5180/1/5179 
f 5202/1/5201 5203/1/5202 5204/1/5203 
f 5201/1/5200 5204/1/5203 4425/1/4425 
f 5175/1/5174 3735/1/3735 5179/1/5178 
f 5183/1/5182 5205/1/5204 5202/1/5201 
f 5202/1/5201 5180/1/5179 5183/1/5182 
f 5184/1/5183 5206/1/5205 5205/1/5204 
f 5205/1/5204 5183/1/5182 5184/1/5183 
f 5207/1/5206 5208/1/5207 5205/1/5204 
f 5205/1/5204 5206/1/5205 5207/1/5206 
f 5202/1/5201 5205/1/5204 5208/1/5207 
f 5208/1/5207 5203/1/5202 5202/1/5201 
f 5187/1/5186 5209/1/5208 5206/1/5205 
f 5206/1/5205 5184/1/5183 5187/1/5186 
f 5188/1/5187 5210/1/5209 5209/1/5208 
f 5209/1/5208 5187/1/5186 5188/1/5187 
f 5211/1/5210 5209/1/5208 5210/1/5209 
f 5210/1/5209 5212/1/5211 5211/1/5210 
f 5206/1/5205 5209/1/5208 5211/1/5210 
f 5211/1/5210 5207/1/5206 5206/1/5205 
f 5192/1/5191 5213/1/5212 5214/1/5213 
f 5214/1/5213 5191/1/5190 5192/1/5191 
f 5215/1/5214 5216/1/5215 5214/1/5213 
f 5214/1/5213 5213/1/5212 5215/1/5214 
f 5212/1/5211 5210/1/5209 5214/1/5213 
f 5214/1/5213 5216/1/5215 5212/1/5211 
f 5191/1/5190 5214/1/5213 5210/1/5209 
f 5210/1/5209 5188/1/5187 5191/1/5190 
f 5217/1/5216 5218/1/5217 5219/1/5218 
f 5219/1/5218 5220/1/5219 5217/1/5216 
f 5221/1/5220 5222/1/5221 5218/1/5217 
f 5218/1/5217 5217/1/5216 5221/1/5220 
f 5215/1/5214 5223/1/5222 5218/1/5217 
f 5218/1/5217 5222/1/5221 5215/1/5214 
f 5224/1/5223 5219/1/5218 5218/1/5217 
f 5218/1/5217 5223/1/5222 5224/1/5223 
f 5221/1/5220 5225/1/5224 5226/1/5225 
f 5226/1/5225 5222/1/5221 5221/1/5220 
f 5227/1/5226 5226/1/5225 5225/1/5224 
f 5225/1/5224 5228/1/5227 5227/1/5226 
f 5212/1/5211 5216/1/5215 5226/1/5225 
f 5226/1/5225 5227/1/5226 5212/1/5211 
f 5222/1/5221 5226/1/5225 5216/1/5215 
f 5216/1/5215 5215/1/5214 5222/1/5221 
f 5228/1/5227 5229/1/5228 5230/1/5229 
f 5230/1/5229 5227/1/5226 5228/1/5227 
f 5231/1/5230 5230/1/5229 5229/1/5228 
f 5229/1/5228 5232/1/5231 5231/1/5230 
f 5207/1/5206 5211/1/5210 5230/1/5229 
f 5230/1/5229 5231/1/5230 5207/1/5206 
f 5227/1/5226 5230/1/5229 5211/1/5210 
f 5211/1/5210 5212/1/5211 5227/1/5226 
f 4439/1/4439 5233/1/5232 5234/1/5233 
f 5234/1/5233 4436/1/4436 4439/1/4439 
f 5235/1/5234 5234/1/5233 5233/1/5232 
f 5233/1/5232 5236/1/5235 5235/1/5234 
f 3821/1/3821 4419/1/4419 5234/1/5233 
f 5234/1/5233 5235/1/5234 3821/1/3821 
f 4436/1/4436 5234/1/5233 4419/1/4419 
f 4419/1/4419 4418/1/4418 4436/1/4436 
f 5199/1/5198 5237/1/5236 5238/1/5237 
f 5238/1/5237 5200/1/5199 5199/1/5198 
f 5233/1/5232 5238/1/5237 5237/1/5236 
f 5237/1/5236 5236/1/5235 5233/1/5232 
f 4439/1/4439 4438/1/4438 5238/1/5237 
f 5238/1/5237 5233/1/5232 4439/1/4439 
f 5200/1/5199 5238/1/5237 4438/1/4438 
f 4438/1/4438 4432/1/4432 5200/1/5199 
f 5236/1/5235 5239/1/5238 5240/1/5239 
f 5240/1/5239 5239/1/5238 4443/1/4443 
f 4440/1/4440 3823/1/3823 3822/1/3822 
f 3822/1/3822 5240/1/5239 4440/1/4440 
f 5235/1/5234 5240/1/5239 3822/1/3822 
f 3822/1/3822 3821/1/3821 5235/1/5234 
f 5241/1/5240 5198/1/5197 5195/1/5194 
f 5242/1/5241 5243/1/5242 5244/1/5243 
f 5236/1/5235 5237/1/5236 5241/1/5240 
f 5241/1/5240 5244/1/5243 5236/1/5235 
f 5237/1/5236 5199/1/5198 5198/1/5197 
f 5245/1/5244 5204/1/5203 5203/1/5202 
f 5246/1/5245 5243/1/5242 5242/1/5241 
f 5245/1/5244 5242/1/5241 5195/1/5194 
f 5194/1/5193 4425/1/4425 5204/1/5203 
f 5232/1/5231 5247/1/5246 5248/1/5247 
f 5248/1/5247 5231/1/5230 5232/1/5231 
f 5246/1/5245 5248/1/5247 5247/1/5246 
f 5247/1/5246 5243/1/5242 5246/1/5245 
f 5203/1/5202 5208/1/5207 5248/1/5247 
f 5248/1/5247 5246/1/5245 5203/1/5202 
f 5231/1/5230 5248/1/5247 5208/1/5207 
f 5208/1/5207 5207/1/5206 5231/1/5230 
f 5243/1/5242 5249/1/5248 5250/1/5249 
f 5250/1/5249 5244/1/5243 5243/1/5242 
f 5251/1/5250 5250/1/5249 5249/1/5248 
f 5249/1/5248 5252/1/5251 5251/1/5250 
f 5250/1/5249 5251/1/5250 4443/1/4443 
f 5239/1/5238 5236/1/5235 5244/1/5243 
f 5253/1/5252 5254/1/5253 5255/1/5254 
f 5255/1/5254 5256/1/5255 5253/1/5252 
f 4479/1/4479 5254/1/5253 5253/1/5252 
f 5253/1/5252 4476/1/4476 4479/1/4479 
f 5254/1/5253 4479/1/4479 4448/1/4448 
f 4447/1/4447 4444/1/4444 5255/1/5254 
f 5257/1/5256 4442/1/4442 4443/1/4443 
f 5258/1/5257 5257/1/5256 5251/1/5250 
f 5251/1/5250 5252/1/5251 5258/1/5257 
f 5256/1/5255 5255/1/5254 5257/1/5256 
f 5257/1/5256 5258/1/5257 5256/1/5255 
f 5255/1/5254 4444/1/4444 4442/1/4442 
f 5259/1/5258 5253/1/5252 5256/1/5255 
f 5260/1/5259 5259/1/5258 5261/1/5260 
f 5261/1/5260 5262/1/5261 5260/1/5259 
f 4487/1/4487 4484/1/4484 5259/1/5258 
f 5259/1/5258 5260/1/5259 4487/1/4487 
f 5253/1/5252 5259/1/5258 4484/1/4484 
f 4484/1/4484 4476/1/4476 5253/1/5252 
f 5262/1/5261 5263/1/5262 5264/1/5263 
f 5264/1/5263 5260/1/5259 5262/1/5261 
f 5265/1/5264 5264/1/5263 5263/1/5262 
f 5263/1/5262 5266/1/5265 5265/1/5264 
f 5265/1/5264 4483/1/4483 4489/1/4489 
f 4489/1/4489 5264/1/5263 5265/1/5264 
f 5260/1/5259 5264/1/5263 4489/1/4489 
f 4489/1/4489 4487/1/4487 5260/1/5259 
f 4483/1/4483 5265/1/5264 5267/1/5266 
f 5267/1/5266 4482/1/4482 4483/1/4483 
f 5268/1/5267 5267/1/5266 5265/1/5264 
f 5265/1/5264 5266/1/5265 5268/1/5267 
f 4409/1/4409 4461/1/4461 5267/1/5266 
f 5267/1/5266 5268/1/5267 4409/1/4409 
f 4482/1/4482 5267/1/5266 4461/1/4461 
f 4461/1/4461 4460/1/4460 4482/1/4482 
f 5268/1/5267 5269/1/5268 4408/1/4408 
f 4408/1/4408 4409/1/4409 5268/1/5267 
f 5266/1/5265 5270/1/5269 5269/1/5268 
f 5269/1/5268 5268/1/5267 5266/1/5265 
f 5271/1/5270 5269/1/5268 5270/1/5269 
f 5270/1/5269 5272/1/5271 5271/1/5270 
f 4408/1/4408 5269/1/5268 5271/1/5270 
f 5271/1/5270 4404/1/4404 4408/1/4408 
f 5273/1/5272 5274/1/5273 5275/1/5274 
f 5275/1/5274 5276/1/5275 5273/1/5272 
f 4405/1/4405 5275/1/5274 5274/1/5273 
f 5274/1/5273 4401/1/4401 4405/1/4405 
f 4404/1/4404 5271/1/5270 5275/1/5274 
f 5275/1/5274 4405/1/4405 4404/1/4404 
f 5275/1/5274 5271/1/5270 5272/1/5271 
f 5272/1/5271 5276/1/5275 5275/1/5274 
f 4401/1/4401 5274/1/5273 5277/1/5276 
f 5277/1/5276 4400/1/4400 4401/1/4401 
f 5278/1/5277 5277/1/5276 5274/1/5273 
f 5274/1/5273 5273/1/5272 5278/1/5277 
f 5279/1/5278 5280/1/5279 5277/1/5276 
f 5277/1/5276 5278/1/5277 5279/1/5278 
f 5280/1/5279 4397/1/4397 4400/1/4400 
f 5281/1/5280 5282/1/5281 5280/1/5279 
f 5280/1/5279 5279/1/5278 5281/1/5280 
f 5283/1/5282 5282/1/5281 5281/1/5280 
f 5281/1/5280 5284/1/5283 5283/1/5282 
f 4392/1/4392 4395/1/4395 5282/1/5281 
f 5282/1/5281 5283/1/5282 4392/1/4392 
f 4397/1/4397 5280/1/5279 5282/1/5281 
f 5282/1/5281 4395/1/4395 4397/1/4397 
f 5284/1/5283 5285/1/5284 5286/1/5285 
f 5286/1/5285 5283/1/5282 5284/1/5283 
f 5287/1/5286 5286/1/5285 5285/1/5284 
f 5285/1/5284 5288/1/5287 5287/1/5286 
f 4388/1/4388 4393/1/4393 5286/1/5285 
f 5286/1/5285 5287/1/5286 4388/1/4388 
f 5283/1/5282 5286/1/5285 4393/1/4393 
f 4393/1/4393 4392/1/4392 5283/1/5282 
f 5288/1/5287 5289/1/5288 5290/1/5289 
f 5290/1/5289 5287/1/5286 5288/1/5287 
f 5289/1/5288 5291/1/5290 5292/1/5291 
f 5290/1/5289 5292/1/5291 4383/1/4383 
f 5287/1/5286 5290/1/5289 4389/1/4389 
f 4389/1/4389 4388/1/4388 5287/1/5286 
f 5293/1/5292 5294/1/5293 5295/1/5294 
f 5295/1/5294 5296/1/5295 5293/1/5292 
f 5252/1/5251 5249/1/5248 5295/1/5294 
f 5295/1/5294 5294/1/5293 5252/1/5251 
f 5249/1/5248 5243/1/5242 5296/1/5295 
f 5297/1/5296 5298/1/5297 5299/1/5298 
f 5299/1/5298 5300/1/5299 5297/1/5296 
f 5296/1/5295 5299/1/5298 5298/1/5297 
f 5298/1/5297 5293/1/5292 5296/1/5295 
f 5243/1/5242 5247/1/5246 5299/1/5298 
f 5299/1/5298 5296/1/5295 5243/1/5242 
f 5300/1/5299 5299/1/5298 5247/1/5246 
f 5247/1/5246 5232/1/5231 5300/1/5299 
f 5301/1/5300 5302/1/5301 5303/1/5302 
f 5303/1/5302 5304/1/5303 5301/1/5300 
f 5300/1/5299 5303/1/5302 5302/1/5301 
f 5302/1/5301 5297/1/5296 5300/1/5299 
f 5232/1/5231 5229/1/5228 5303/1/5302 
f 5303/1/5302 5300/1/5299 5232/1/5231 
f 5304/1/5303 5303/1/5302 5229/1/5228 
f 5229/1/5228 5228/1/5227 5304/1/5303 
f 5305/1/5304 5306/1/5305 5307/1/5306 
f 5307/1/5306 5308/1/5307 5305/1/5304 
f 5304/1/5303 5307/1/5306 5306/1/5305 
f 5306/1/5305 5301/1/5300 5304/1/5303 
f 5228/1/5227 5225/1/5224 5307/1/5306 
f 5307/1/5306 5304/1/5303 5228/1/5227 
f 5308/1/5307 5307/1/5306 5225/1/5224 
f 5225/1/5224 5221/1/5220 5308/1/5307 
f 5220/1/5219 5309/1/5308 5310/1/5309 
f 5310/1/5309 5217/1/5216 5220/1/5219 
f 5311/1/5310 5310/1/5309 5309/1/5308 
f 5309/1/5308 5312/1/5311 5311/1/5310 
f 5305/1/5304 5308/1/5307 5310/1/5309 
f 5310/1/5309 5311/1/5310 5305/1/5304 
f 5217/1/5216 5310/1/5309 5308/1/5307 
f 5308/1/5307 5221/1/5220 5217/1/5216 
f 5313/1/5312 5314/1/5313 5315/1/5314 
f 5315/1/5314 5256/1/5255 5258/1/5257 
f 5316/1/5315 5258/1/5257 5252/1/5251 
f 5294/1/5293 5293/1/5292 5313/1/5312 
f 5317/1/5316 5315/1/5314 5314/1/5313 
f 5318/1/5317 5317/1/5316 5319/1/5318 
f 5319/1/5318 5320/1/5319 5318/1/5317 
f 5262/1/5261 5261/1/5260 5317/1/5316 
f 5317/1/5316 5318/1/5317 5262/1/5261 
f 5261/1/5260 5256/1/5255 5315/1/5314 
f 5320/1/5319 5321/1/5320 5322/1/5321 
f 5322/1/5321 5318/1/5317 5320/1/5319 
f 5323/1/5322 5322/1/5321 5321/1/5320 
f 5321/1/5320 5324/1/5323 5323/1/5322 
f 5266/1/5265 5263/1/5262 5322/1/5321 
f 5322/1/5321 5323/1/5322 5266/1/5265 
f 5318/1/5317 5322/1/5321 5263/1/5262 
f 5263/1/5262 5262/1/5261 5318/1/5317 
f 5324/1/5323 5325/1/5324 5326/1/5325 
f 5326/1/5325 5323/1/5322 5324/1/5323 
f 5327/1/5326 5326/1/5325 5325/1/5324 
f 5325/1/5324 5328/1/5327 5327/1/5326 
f 5272/1/5271 5270/1/5269 5326/1/5325 
f 5326/1/5325 5327/1/5326 5272/1/5271 
f 5323/1/5322 5326/1/5325 5270/1/5269 
f 5270/1/5269 5266/1/5265 5323/1/5322 
f 5328/1/5327 5329/1/5328 5330/1/5329 
f 5330/1/5329 5327/1/5326 5328/1/5327 
f 5331/1/5330 5330/1/5329 5329/1/5328 
f 5329/1/5328 5332/1/5331 5331/1/5330 
f 5276/1/5275 5330/1/5329 5331/1/5330 
f 5331/1/5330 5273/1/5272 5276/1/5275 
f 5327/1/5326 5330/1/5329 5276/1/5275 
f 5276/1/5275 5272/1/5271 5327/1/5326 
f 5333/1/5332 5334/1/5333 5335/1/5334 
f 5335/1/5334 5336/1/5335 5333/1/5332 
f 5278/1/5277 5335/1/5334 5334/1/5333 
f 5334/1/5333 5279/1/5278 5278/1/5277 
f 5273/1/5272 5331/1/5330 5335/1/5334 
f 5335/1/5334 5278/1/5277 5273/1/5272 
f 5336/1/5335 5335/1/5334 5331/1/5330 
f 5331/1/5330 5332/1/5331 5336/1/5335 
f 5337/1/5336 5338/1/5337 5339/1/5338 
f 5339/1/5338 5340/1/5339 5337/1/5336 
f 5281/1/5280 5339/1/5338 5338/1/5337 
f 5338/1/5337 5284/1/5283 5281/1/5280 
f 5279/1/5278 5334/1/5333 5339/1/5338 
f 5339/1/5338 5281/1/5280 5279/1/5278 
f 5340/1/5339 5339/1/5338 5334/1/5333 
f 5334/1/5333 5333/1/5332 5340/1/5339 
f 5341/1/5340 5342/1/5341 5343/1/5342 
f 5343/1/5342 5344/1/5343 5341/1/5340 
f 5285/1/5284 5343/1/5342 5342/1/5341 
f 5342/1/5341 5288/1/5287 5285/1/5284 
f 5284/1/5283 5338/1/5337 5343/1/5342 
f 5343/1/5342 5285/1/5284 5284/1/5283 
f 5344/1/5343 5343/1/5342 5338/1/5337 
f 5338/1/5337 5337/1/5336 5344/1/5343 
f 5345/1/5344 5346/1/5345 5347/1/5346 
f 5347/1/5346 5348/1/5347 5345/1/5344 
f 5289/1/5288 5347/1/5346 5346/1/5345 
f 5346/1/5345 5291/1/5290 5289/1/5288 
f 5288/1/5287 5342/1/5341 5347/1/5346 
f 5347/1/5346 5289/1/5288 5288/1/5287 
f 5348/1/5347 5347/1/5346 5342/1/5341 
f 5342/1/5341 5341/1/5340 5348/1/5347 
f 5345/1/5344 5348/1/5347 5349/1/5348 
f 5349/1/5348 5350/1/5349 5345/1/5344 
f 5341/1/5340 5351/1/5350 5349/1/5348 
f 5349/1/5348 5348/1/5347 5341/1/5340 
f 2441/1/2441 5349/1/5348 5351/1/5350 
f 5351/1/5350 2442/1/2442 2441/1/2441 
f 5350/1/5349 5349/1/5348 2441/1/2441 
f 2441/1/2441 2444/1/2444 5350/1/5349 
f 5352/1/5351 5353/1/5352 5354/1/5353 
f 5354/1/5353 5355/1/5354 5352/1/5351 
f 5356/1/5355 5354/1/5353 5353/1/5352 
f 5353/1/5352 2450/1/2450 5356/1/5355 
f 5340/1/5339 5354/1/5353 5356/1/5355 
f 5356/1/5355 5337/1/5336 5340/1/5339 
f 5355/1/5354 5354/1/5353 5340/1/5339 
f 5340/1/5339 5333/1/5332 5355/1/5354 
f 5337/1/5336 5356/1/5355 5357/1/5356 
f 5357/1/5356 5344/1/5343 5337/1/5336 
f 2452/1/2452 5357/1/5356 5356/1/5355 
f 5356/1/5355 2450/1/2450 2452/1/2452 
f 2442/1/2442 5351/1/5350 5357/1/5356 
f 5357/1/5356 2452/1/2452 2442/1/2442 
f 5344/1/5343 5357/1/5356 5351/1/5350 
f 5351/1/5350 5341/1/5340 5344/1/5343 
f 5358/1/5357 5359/1/5358 5360/1/5359 
f 5360/1/5359 5361/1/5360 5358/1/5357 
f 5355/1/5354 5360/1/5359 5359/1/5358 
f 5359/1/5358 5352/1/5351 5355/1/5354 
f 5333/1/5332 5336/1/5335 5360/1/5359 
f 5360/1/5359 5355/1/5354 5333/1/5332 
f 5361/1/5360 5360/1/5359 5336/1/5335 
f 5336/1/5335 5332/1/5331 5361/1/5360 
f 5352/1/5351 5359/1/5358 5362/1/5361 
f 5362/1/5361 5353/1/5352 5352/1/5351 
f 5363/1/5362 5362/1/5361 5359/1/5358 
f 5359/1/5358 5358/1/5357 5363/1/5362 
f 2459/1/2459 2458/1/2458 5362/1/5361 
f 5362/1/5361 5363/1/5362 2459/1/2459 
f 5353/1/5352 5362/1/5361 2458/1/2458 
f 2458/1/2458 2450/1/2450 5353/1/5352 
f 5364/1/5363 5365/1/5364 5366/1/5365 
f 5366/1/5365 5367/1/5366 5364/1/5363 
f 5361/1/5360 5366/1/5365 5365/1/5364 
f 5365/1/5364 5358/1/5357 5361/1/5360 
f 5332/1/5331 5329/1/5328 5366/1/5365 
f 5366/1/5365 5361/1/5360 5332/1/5331 
f 5367/1/5366 5366/1/5365 5329/1/5328 
f 5329/1/5328 5328/1/5327 5367/1/5366 
f 5368/1/5367 2467/1/2467 2466/1/2466 
f 2466/1/2466 5369/1/5368 5368/1/5367 
f 5363/1/5362 5369/1/5368 2466/1/2466 
f 2466/1/2466 2459/1/2459 5363/1/5362 
f 5358/1/5357 5365/1/5364 5369/1/5368 
f 5369/1/5368 5363/1/5362 5358/1/5357 
f 5368/1/5367 5369/1/5368 5365/1/5364 
f 5365/1/5364 5364/1/5363 5368/1/5367 
f 5370/1/5369 5371/1/5370 5372/1/5371 
f 5372/1/5371 5373/1/5372 5370/1/5369 
f 5367/1/5366 5372/1/5371 5371/1/5370 
f 5371/1/5370 5364/1/5363 5367/1/5366 
f 5328/1/5327 5325/1/5324 5372/1/5371 
f 5372/1/5371 5367/1/5366 5328/1/5327 
f 5373/1/5372 5372/1/5371 5325/1/5324 
f 5325/1/5324 5324/1/5323 5373/1/5372 
f 5370/1/5369 5374/1/5373 5375/1/5374 
f 5375/1/5374 5371/1/5370 5370/1/5369 
f 2475/1/2475 5375/1/5374 5374/1/5373 
f 5374/1/5373 2476/1/2476 2475/1/2475 
f 2467/1/2467 5368/1/5367 5375/1/5374 
f 5375/1/5374 2475/1/2475 2467/1/2467 
f 5371/1/5370 5375/1/5374 5368/1/5367 
f 5368/1/5367 5364/1/5363 5371/1/5370 
f 5376/1/5375 5377/1/5376 5378/1/5377 
f 5373/1/5372 5376/1/5375 5379/1/5378 
f 5379/1/5378 5370/1/5369 5373/1/5372 
f 5324/1/5323 5321/1/5320 5376/1/5375 
f 5376/1/5375 5373/1/5372 5324/1/5323 
f 5377/1/5376 5376/1/5375 5321/1/5320 
f 5321/1/5320 5320/1/5319 5377/1/5376 
f 5378/1/5377 5380/1/5379 5381/1/5380 
f 5381/1/5380 5379/1/5378 5378/1/5377 
f 2483/1/2483 5381/1/5380 5380/1/5379 
f 5380/1/5379 2484/1/2484 2483/1/2483 
f 2476/1/2476 5374/1/5373 5381/1/5380 
f 5381/1/5380 2483/1/2483 2476/1/2476 
f 5379/1/5378 5381/1/5380 5374/1/5373 
f 5374/1/5373 5370/1/5369 5379/1/5378 
f 5382/1/5381 5383/1/5382 5384/1/5383 
f 5384/1/5383 5385/1/5384 5382/1/5381 
f 5383/1/5382 5378/1/5377 5377/1/5376 
f 5320/1/5319 5319/1/5318 5384/1/5383 
f 5384/1/5383 5377/1/5376 5320/1/5319 
f 5319/1/5318 5314/1/5313 5385/1/5384 
f 5383/1/5382 5382/1/5381 5386/1/5385 
f 5386/1/5385 5387/1/5386 5383/1/5382 
f 2490/1/2490 5387/1/5386 5386/1/5385 
f 5386/1/5385 2492/1/2492 2490/1/2490 
f 2484/1/2484 5380/1/5379 5387/1/5386 
f 5387/1/5386 2490/1/2490 2484/1/2484 
f 5380/1/5379 5378/1/5377 5383/1/5382 
f 5388/1/5387 5389/1/5388 5390/1/5389 
f 5390/1/5389 5391/1/5390 5388/1/5387 
f 5385/1/5384 5390/1/5389 5389/1/5388 
f 5389/1/5388 5382/1/5381 5385/1/5384 
f 5314/1/5313 5313/1/5312 5390/1/5389 
f 5390/1/5389 5385/1/5384 5314/1/5313 
f 5391/1/5390 5390/1/5389 5313/1/5312 
f 5313/1/5312 5293/1/5292 5391/1/5390 
f 5382/1/5381 5389/1/5388 5392/1/5391 
f 5392/1/5391 5386/1/5385 5382/1/5381 
f 5393/1/5392 5392/1/5391 5389/1/5388 
f 5389/1/5388 5388/1/5387 5393/1/5392 
f 2499/1/2499 2498/1/2498 5392/1/5391 
f 5392/1/5391 5393/1/5392 2499/1/2499 
f 5386/1/5385 5392/1/5391 2498/1/2498 
f 2498/1/2498 2492/1/2492 5386/1/5385 
f 5293/1/5292 5298/1/5297 5394/1/5393 
f 5394/1/5393 5391/1/5390 5293/1/5292 
f 5395/1/5394 5394/1/5393 5298/1/5297 
f 5298/1/5297 5297/1/5296 5395/1/5394 
f 5396/1/5395 5397/1/5396 5394/1/5393 
f 5394/1/5393 5395/1/5394 5396/1/5395 
f 5391/1/5390 5394/1/5393 5397/1/5396 
f 5397/1/5396 5388/1/5387 5391/1/5390 
f 5398/1/5397 5393/1/5392 5388/1/5387 
f 5399/1/5398 5398/1/5397 5397/1/5396 
f 5397/1/5396 5396/1/5395 5399/1/5398 
f 2507/1/2507 2506/1/2506 5398/1/5397 
f 5398/1/5397 5399/1/5398 2507/1/2507 
f 2506/1/2506 2499/1/2499 5393/1/5392 
f 5297/1/5296 5302/1/5301 5400/1/5399 
f 5400/1/5399 5395/1/5394 5297/1/5296 
f 5401/1/5400 5400/1/5399 5302/1/5301 
f 5302/1/5301 5301/1/5300 5401/1/5400 
f 5402/1/5401 5403/1/5402 5400/1/5399 
f 5400/1/5399 5401/1/5400 5402/1/5401 
f 5395/1/5394 5400/1/5399 5403/1/5402 
f 5403/1/5402 5396/1/5395 5395/1/5394 
f 5396/1/5395 5403/1/5402 5404/1/5403 
f 5404/1/5403 5399/1/5398 5396/1/5395 
f 5405/1/5404 5404/1/5403 5403/1/5402 
f 5403/1/5402 5402/1/5401 5405/1/5404 
f 2515/1/2515 2514/1/2514 5404/1/5403 
f 5404/1/5403 5405/1/5404 2515/1/2515 
f 5399/1/5398 5404/1/5403 2514/1/2514 
f 2514/1/2514 2507/1/2507 5399/1/5398 
f 5301/1/5300 5306/1/5305 5406/1/5405 
f 5406/1/5405 5401/1/5400 5301/1/5300 
f 5407/1/5406 5406/1/5405 5306/1/5305 
f 5306/1/5305 5305/1/5304 5407/1/5406 
f 5408/1/5407 5409/1/5408 5406/1/5405 
f 5406/1/5405 5407/1/5406 5408/1/5407 
f 5401/1/5400 5406/1/5405 5409/1/5408 
f 5409/1/5408 5402/1/5401 5401/1/5400 
f 5402/1/5401 5409/1/5408 5410/1/5409 
f 5410/1/5409 5405/1/5404 5402/1/5401 
f 5411/1/5410 5410/1/5409 5409/1/5408 
f 5409/1/5408 5408/1/5407 5411/1/5410 
f 2522/1/2522 5410/1/5409 5411/1/5410 
f 5411/1/5410 2523/1/2523 2522/1/2522 
f 5405/1/5404 5410/1/5409 2522/1/2522 
f 2522/1/2522 2515/1/2515 5405/1/5404 
f 5305/1/5304 5311/1/5310 5412/1/5411 
f 5412/1/5411 5407/1/5406 5305/1/5304 
f 5312/1/5311 5413/1/5412 5412/1/5411 
f 5412/1/5411 5311/1/5310 5312/1/5311 
f 5414/1/5413 5412/1/5411 5413/1/5412 
f 5413/1/5412 5415/1/5414 5414/1/5413 
f 5407/1/5406 5412/1/5411 5414/1/5413 
f 5414/1/5413 5408/1/5407 5407/1/5406 
f 5408/1/5407 5414/1/5413 5416/1/5415 
f 5416/1/5415 5411/1/5410 5408/1/5407 
f 5415/1/5414 5417/1/5416 5416/1/5415 
f 5416/1/5415 5414/1/5413 5415/1/5414 
f 2530/1/2530 5416/1/5415 5417/1/5416 
f 5417/1/5416 2531/1/2531 2530/1/2530 
f 2523/1/2523 5411/1/5410 5416/1/5415 
f 5416/1/5415 2530/1/2530 2523/1/2523 
f 5192/1/5191 5418/1/5417 5419/1/5418 
f 5419/1/5418 5213/1/5212 5192/1/5191 
f 5420/1/5419 5419/1/5418 5418/1/5417 
f 5418/1/5417 5421/1/5420 5420/1/5419 
f 5223/1/5222 5419/1/5418 5420/1/5419 
f 5420/1/5419 5224/1/5223 5223/1/5222 
f 5213/1/5212 5419/1/5418 5223/1/5222 
f 5223/1/5222 5215/1/5214 5213/1/5212 
f 5421/1/5420 5422/1/5421 5423/1/5422 
f 5423/1/5422 5420/1/5419 5421/1/5420 
f 5424/1/5423 5425/1/5424 5423/1/5422 
f 5423/1/5422 5422/1/5421 5424/1/5423 
f 5420/1/5419 5423/1/5422 5425/1/5424 
f 5425/1/5424 5224/1/5223 5420/1/5419 
f 1150/1/1150 2542/1/2542 5426/1/5425 
f 5426/1/5425 4142/1/4142 1150/1/1150 
f 5427/1/5426 5426/1/5425 2542/1/2542 
f 2542/1/2542 2546/1/2546 5427/1/5426 
f 5428/1/5427 5429/1/5428 5426/1/5425 
f 5426/1/5425 5427/1/5426 5428/1/5427 
f 4142/1/4142 5426/1/5425 5429/1/5428 
f 5429/1/5428 4143/1/4143 4142/1/4142 
f 5430/1/5429 5431/1/5430 5432/1/5431 
f 5432/1/5431 5433/1/5432 5430/1/5429 
f 2554/1/2554 5432/1/5431 5431/1/5430 
f 5431/1/5430 2555/1/2555 2554/1/2554 
f 2553/1/2553 5434/1/5433 5432/1/5431 
f 5432/1/5431 2554/1/2554 2553/1/2553 
f 5433/1/5432 5432/1/5431 5434/1/5433 
f 5434/1/5433 5435/1/5434 5433/1/5432 
f 5436/1/5435 5437/1/5436 5438/1/5437 
f 5438/1/5437 5439/1/5438 5436/1/5435 
f 5440/1/5439 5441/1/5440 5437/1/5436 
f 5437/1/5436 5436/1/5435 5440/1/5439 
f 5422/1/5421 5437/1/5436 5441/1/5440 
f 5441/1/5440 5424/1/5423 5422/1/5421 
f 5421/1/5420 5438/1/5437 5437/1/5436 
f 5437/1/5436 5422/1/5421 5421/1/5420 
f 5439/1/5438 5442/1/5441 5443/1/5442 
f 5443/1/5442 5436/1/5435 5439/1/5438 
f 5444/1/5443 5443/1/5442 5442/1/5441 
f 5442/1/5441 5445/1/5444 5444/1/5443 
f 5446/1/5445 5447/1/5446 5443/1/5442 
f 5443/1/5442 5444/1/5443 5446/1/5445 
f 5436/1/5435 5443/1/5442 5447/1/5446 
f 5447/1/5446 5440/1/5439 5436/1/5435 
f 5445/1/5444 5448/1/5447 5449/1/5448 
f 5449/1/5448 5444/1/5443 5445/1/5444 
f 5450/1/5449 5449/1/5448 5448/1/5447 
f 5448/1/5447 5451/1/5450 5450/1/5449 
f 5452/1/5451 5453/1/5452 5449/1/5448 
f 5449/1/5448 5450/1/5449 5452/1/5451 
f 5444/1/5443 5449/1/5448 5453/1/5452 
f 5453/1/5452 5446/1/5445 5444/1/5443 
f 5451/1/5450 5454/1/5453 5455/1/5454 
f 5455/1/5454 5450/1/5449 5451/1/5450 
f 5456/1/5455 5455/1/5454 5454/1/5453 
f 5454/1/5453 5457/1/5456 5456/1/5455 
f 5458/1/5457 5459/1/5458 5455/1/5454 
f 5455/1/5454 5456/1/5455 5458/1/5457 
f 5450/1/5449 5455/1/5454 5459/1/5458 
f 5459/1/5458 5452/1/5451 5450/1/5449 
f 5457/1/5456 5460/1/5459 5461/1/5460 
f 5461/1/5460 5456/1/5455 5457/1/5456 
f 5433/1/5432 5461/1/5460 5460/1/5459 
f 5460/1/5459 5430/1/5429 5433/1/5432 
f 5435/1/5434 5462/1/5461 5461/1/5460 
f 5461/1/5460 5433/1/5432 5435/1/5434 
f 5456/1/5455 5461/1/5460 5462/1/5461 
f 5462/1/5461 5458/1/5457 5456/1/5455 
f 5430/1/5429 5463/1/5462 5464/1/5463 
f 5464/1/5463 5431/1/5430 5430/1/5429 
f 5465/1/5464 5464/1/5463 5463/1/5462 
f 5463/1/5462 5466/1/5465 5465/1/5464 
f 2587/1/2587 2584/1/2584 5464/1/5463 
f 5464/1/5463 5465/1/5464 2587/1/2587 
f 5431/1/5430 5464/1/5463 2584/1/2584 
f 2584/1/2584 2555/1/2555 5431/1/5430 
f 5467/1/5466 5468/1/5467 5469/1/5468 
f 5469/1/5468 5470/1/5469 5467/1/5466 
f 5471/1/5470 5469/1/5468 5468/1/5467 
f 5468/1/5467 5472/1/5471 5471/1/5470 
f 5473/1/5472 5474/1/5473 5469/1/5468 
f 5469/1/5468 5471/1/5470 5473/1/5472 
f 5470/1/5469 5469/1/5468 5474/1/5473 
f 5474/1/5473 5475/1/5474 5470/1/5469 
f 5466/1/5465 5476/1/5475 5477/1/5476 
f 5477/1/5476 5465/1/5464 5466/1/5465 
f 5427/1/5426 5477/1/5476 5476/1/5475 
f 5476/1/5475 5428/1/5427 5427/1/5426 
f 2546/1/2546 2599/1/2599 5477/1/5476 
f 5477/1/5476 5427/1/5426 2546/1/2546 
f 5465/1/5464 5477/1/5476 2599/1/2599 
f 2599/1/2599 2587/1/2587 5465/1/5464 
f 5428/1/5427 5476/1/5475 5478/1/5477 
f 5478/1/5477 5479/1/5478 5428/1/5427 
f 5480/1/5479 5478/1/5477 5476/1/5475 
f 5476/1/5475 5466/1/5465 5480/1/5479 
f 5481/1/5480 5482/1/5481 5478/1/5477 
f 5478/1/5477 5480/1/5479 5481/1/5480 
f 5479/1/5478 5478/1/5477 5482/1/5481 
f 5482/1/5481 5483/1/5482 5479/1/5478 
f 5466/1/5465 5463/1/5462 5484/1/5483 
f 5484/1/5483 5480/1/5479 5466/1/5465 
f 5460/1/5459 5484/1/5483 5463/1/5462 
f 5463/1/5462 5430/1/5429 5460/1/5459 
f 5457/1/5456 5485/1/5484 5484/1/5483 
f 5484/1/5483 5460/1/5459 5457/1/5456 
f 5480/1/5479 5484/1/5483 5485/1/5484 
f 5485/1/5484 5481/1/5480 5480/1/5479 
f 5483/1/5482 5482/1/5481 5486/1/5485 
f 5486/1/5485 5487/1/5486 5483/1/5482 
f 5488/1/5487 5486/1/5485 5482/1/5481 
f 5482/1/5481 5481/1/5480 5488/1/5487 
f 5467/1/5466 5470/1/5469 5486/1/5485 
f 5486/1/5485 5488/1/5487 5467/1/5466 
f 5487/1/5486 5486/1/5485 5470/1/5469 
f 5470/1/5469 5475/1/5474 5487/1/5486 
f 5472/1/5471 5468/1/5467 5489/1/5488 
f 5489/1/5488 5490/1/5489 5472/1/5471 
f 5491/1/5490 5489/1/5488 5468/1/5467 
f 5468/1/5467 5467/1/5466 5491/1/5490 
f 5451/1/5450 5448/1/5447 5489/1/5488 
f 5489/1/5488 5491/1/5490 5451/1/5450 
f 5490/1/5489 5489/1/5488 5448/1/5447 
f 5448/1/5447 5445/1/5444 5490/1/5489 
f 5491/1/5490 5492/1/5491 5454/1/5453 
f 5454/1/5453 5451/1/5450 5491/1/5490 
f 5488/1/5487 5492/1/5491 5491/1/5490 
f 5491/1/5490 5467/1/5466 5488/1/5487 
f 5481/1/5480 5485/1/5484 5492/1/5491 
f 5492/1/5491 5488/1/5487 5481/1/5480 
f 5485/1/5484 5457/1/5456 5454/1/5453 
f 5454/1/5453 5492/1/5491 5485/1/5484 
f 5493/1/5492 5494/1/5493 5495/1/5494 
f 5495/1/5494 5496/1/5495 5493/1/5492 
f 5418/1/5417 5495/1/5494 5494/1/5493 
f 5494/1/5493 5421/1/5420 5418/1/5417 
f 5192/1/5191 5189/1/5188 5495/1/5494 
f 5495/1/5494 5418/1/5417 5192/1/5191 
f 5496/1/5495 5495/1/5494 5189/1/5188 
f 5189/1/5188 4569/1/4569 5496/1/5495 
f 5473/1/5472 5497/1/5496 5498/1/5497 
f 5498/1/5497 5474/1/5473 5473/1/5472 
f 5499/1/5498 5498/1/5497 5497/1/5496 
f 5497/1/5496 5500/1/5499 5499/1/5498 
f 5501/1/5500 5498/1/5497 5499/1/5498 
f 5499/1/5498 5502/1/5501 5501/1/5500 
f 5475/1/5474 5474/1/5473 5498/1/5497 
f 5498/1/5497 5501/1/5500 5475/1/5474 
f 5503/1/5502 5504/1/5503 5505/1/5504 
f 5505/1/5504 5506/1/5505 5503/1/5502 
f 5503/1/5502 5507/1/5506 5508/1/5507 
f 4525/1/4525 4522/1/4522 5504/1/5503 
f 5504/1/5503 5508/1/5507 4525/1/4525 
f 4522/1/4522 4512/1/4512 5505/1/5504 
f 4498/1/4498 5509/1/5508 5510/1/5509 
f 5510/1/5509 4511/1/4511 4498/1/4498 
f 5511/1/5510 5510/1/5509 5509/1/5508 
f 5509/1/5508 5512/1/5511 5511/1/5510 
f 5505/1/5504 5510/1/5509 5511/1/5510 
f 5511/1/5510 5506/1/5505 5505/1/5504 
f 4511/1/4511 5510/1/5509 5505/1/5504 
f 5505/1/5504 4512/1/4512 4511/1/4511 
f 3254/1/3254 3265/1/3265 5513/1/5512 
f 5513/1/5512 4501/1/4501 3254/1/3254 
f 5514/1/5513 5513/1/5512 3265/1/3265 
f 3265/1/3265 3264/1/3264 5514/1/5513 
f 5512/1/5511 5509/1/5508 5513/1/5512 
f 5513/1/5512 5514/1/5513 5512/1/5511 
f 4501/1/4501 5513/1/5512 5509/1/5508 
f 5509/1/5508 4498/1/4498 4501/1/4501 
f 3264/1/3264 5515/1/5514 5516/1/5515 
f 5516/1/5515 5514/1/5513 3264/1/3264 
f 5517/1/5516 5516/1/5515 5515/1/5514 
f 5515/1/5514 5518/1/5517 5517/1/5516 
f 5519/1/5518 5520/1/5519 5516/1/5515 
f 5516/1/5515 5517/1/5516 5519/1/5518 
f 5514/1/5513 5516/1/5515 5520/1/5519 
f 5520/1/5519 5512/1/5511 5514/1/5513 
f 5512/1/5511 5520/1/5519 5521/1/5520 
f 5521/1/5520 5511/1/5510 5512/1/5511 
f 5522/1/5521 5521/1/5520 5520/1/5519 
f 5520/1/5519 5519/1/5518 5522/1/5521 
f 5523/1/5522 5524/1/5523 5521/1/5520 
f 5521/1/5520 5522/1/5521 5523/1/5522 
f 5524/1/5523 5506/1/5505 5511/1/5510 
f 5523/1/5522 5525/1/5524 5526/1/5525 
f 5526/1/5525 5524/1/5523 5523/1/5522 
f 5527/1/5526 5526/1/5525 5525/1/5524 
f 5525/1/5524 5528/1/5527 5527/1/5526 
f 5529/1/5528 5530/1/5529 5526/1/5525 
f 5526/1/5525 5527/1/5526 5529/1/5528 
f 5524/1/5523 5526/1/5525 5530/1/5529 
f 5530/1/5529 5506/1/5505 5524/1/5523 
f 5531/1/5530 5532/1/5531 5533/1/5532 
f 5533/1/5532 5534/1/5533 5531/1/5530 
f 5535/1/5534 5532/1/5531 5531/1/5530 
f 5531/1/5530 5500/1/5499 5535/1/5534 
f 5535/1/5534 5529/1/5528 5527/1/5526 
f 5527/1/5526 5532/1/5531 5535/1/5534 
f 5528/1/5527 5533/1/5532 5532/1/5531 
f 5532/1/5531 5527/1/5526 5528/1/5527 
f 5502/1/5501 5499/1/5498 5536/1/5535 
f 5536/1/5535 5537/1/5536 5502/1/5501 
f 5531/1/5530 5536/1/5535 5499/1/5498 
f 5499/1/5498 5500/1/5499 5531/1/5530 
f 5534/1/5533 5538/1/5537 5536/1/5535 
f 5536/1/5535 5531/1/5530 5534/1/5533 
f 5537/1/5536 5536/1/5535 5538/1/5537 
f 5538/1/5537 5539/1/5538 5537/1/5536 
f 4070/1/4070 5540/1/5539 5541/1/5540 
f 5541/1/5540 4069/1/4069 4070/1/4070 
f 5542/1/5541 5541/1/5540 5540/1/5539 
f 5540/1/5539 5539/1/5538 5542/1/5541 
f 5543/1/5542 5544/1/5543 5541/1/5540 
f 5541/1/5540 5542/1/5541 5543/1/5542 
f 4069/1/4069 5541/1/5540 5544/1/5543 
f 5544/1/5543 4030/1/4030 4069/1/4069 
f 5545/1/5544 5546/1/5545 5547/1/5546 
f 5548/1/5547 5543/1/5542 5542/1/5541 
f 5539/1/5538 5538/1/5537 5545/1/5544 
f 5545/1/5544 5542/1/5541 5539/1/5538 
f 5546/1/5545 5545/1/5544 5538/1/5537 
f 5538/1/5537 5534/1/5533 5546/1/5545 
f 5549/1/5548 5550/1/5549 5551/1/5550 
f 5551/1/5550 5552/1/5551 5549/1/5548 
f 5496/1/5495 5551/1/5550 5550/1/5549 
f 5550/1/5549 5493/1/5492 5496/1/5495 
f 4569/1/4569 4568/1/4568 5551/1/5550 
f 5551/1/5550 5496/1/5495 4569/1/4569 
f 5552/1/5551 5551/1/5550 4568/1/4568 
f 4568/1/4568 4560/1/4560 5552/1/5551 
f 5553/1/5552 5554/1/5553 5494/1/5493 
f 5494/1/5493 5493/1/5492 5553/1/5552 
f 5555/1/5554 5554/1/5553 5553/1/5552 
f 5553/1/5552 5556/1/5555 5555/1/5554 
f 5439/1/5438 5438/1/5437 5554/1/5553 
f 5554/1/5553 5555/1/5554 5439/1/5438 
f 5494/1/5493 5554/1/5553 5438/1/5437 
f 5438/1/5437 5421/1/5420 5494/1/5493 
f 5445/1/5444 5442/1/5441 5557/1/5556 
f 5557/1/5556 5490/1/5489 5445/1/5444 
f 5555/1/5554 5557/1/5556 5442/1/5441 
f 5442/1/5441 5439/1/5438 5555/1/5554 
f 5558/1/5557 5557/1/5556 5555/1/5554 
f 5555/1/5554 5556/1/5555 5558/1/5557 
f 5490/1/5489 5557/1/5556 5558/1/5557 
f 5558/1/5557 5472/1/5471 5490/1/5489 
f 5559/1/5558 5560/1/5559 5561/1/5560 
f 5561/1/5560 5562/1/5561 5559/1/5558 
f 5553/1/5552 5561/1/5560 5560/1/5559 
f 5560/1/5559 5556/1/5555 5553/1/5552 
f 5493/1/5492 5550/1/5549 5561/1/5560 
f 5561/1/5560 5553/1/5552 5493/1/5492 
f 5562/1/5561 5561/1/5560 5550/1/5549 
f 5550/1/5549 5549/1/5548 5562/1/5561 
f 5556/1/5555 5563/1/5562 5564/1/5563 
f 5564/1/5563 5558/1/5557 5556/1/5555 
f 5565/1/5564 5564/1/5563 5563/1/5562 
f 5563/1/5562 5566/1/5565 5565/1/5564 
f 5473/1/5472 5471/1/5470 5564/1/5563 
f 5564/1/5563 5565/1/5564 5473/1/5472 
f 5472/1/5471 5558/1/5557 5564/1/5563 
f 5564/1/5563 5471/1/5470 5472/1/5471 
f 5529/1/5528 5567/1/5566 5568/1/5567 
f 5568/1/5567 5530/1/5529 5529/1/5528 
f 5569/1/5568 5568/1/5567 5567/1/5566 
f 5567/1/5566 5566/1/5565 5569/1/5568 
f 5507/1/5506 5503/1/5502 5568/1/5567 
f 5568/1/5567 5569/1/5568 5507/1/5506 
f 5506/1/5505 5530/1/5529 5568/1/5567 
f 5568/1/5567 5503/1/5502 5506/1/5505 
f 5500/1/5499 5497/1/5496 5570/1/5569 
f 5570/1/5569 5535/1/5534 5500/1/5499 
f 5565/1/5564 5570/1/5569 5497/1/5496 
f 5497/1/5496 5473/1/5472 5565/1/5564 
f 5566/1/5565 5567/1/5566 5570/1/5569 
f 5570/1/5569 5565/1/5564 5566/1/5565 
f 5535/1/5534 5570/1/5569 5567/1/5566 
f 5567/1/5566 5529/1/5528 5535/1/5534 
f 5571/1/5570 5508/1/5507 5507/1/5506 
f 5572/1/5571 5571/1/5570 5573/1/5572 
f 5573/1/5572 5574/1/5573 5572/1/5571 
f 4537/1/4537 4534/1/4534 5571/1/5570 
f 5571/1/5570 5572/1/5571 4537/1/4537 
f 5508/1/5507 5571/1/5570 4534/1/4534 
f 4534/1/4534 4525/1/4525 5508/1/5507 
f 5574/1/5573 5575/1/5574 5576/1/5575 
f 5576/1/5575 5572/1/5571 5574/1/5573 
f 5577/1/5576 5576/1/5575 5575/1/5574 
f 5575/1/5574 5578/1/5577 5577/1/5576 
f 4549/1/4549 4546/1/4546 5576/1/5575 
f 5576/1/5575 5577/1/5576 4549/1/4549 
f 5572/1/5571 5576/1/5575 4546/1/4546 
f 4546/1/4546 4537/1/4537 5572/1/5571 
f 5579/1/5578 5577/1/5576 5578/1/5577 
f 5552/1/5551 5579/1/5578 5580/1/5579 
f 5580/1/5579 5549/1/5548 5552/1/5551 
f 5579/1/5578 5552/1/5551 4560/1/4560 
f 5577/1/5576 5579/1/5578 4558/1/4558 
f 4558/1/4558 4549/1/4549 5577/1/5576 
f 5581/1/5580 5582/1/5581 5583/1/5582 
f 5583/1/5582 5584/1/5583 5581/1/5580 
f 5578/1/5577 5575/1/5574 5582/1/5581 
f 5582/1/5581 5581/1/5580 5578/1/5577 
f 5574/1/5573 5583/1/5582 5582/1/5581 
f 5582/1/5581 5575/1/5574 5574/1/5573 
f 5549/1/5548 5580/1/5579 5585/1/5584 
f 5585/1/5584 5562/1/5561 5549/1/5548 
f 5581/1/5580 5585/1/5584 5580/1/5579 
f 5580/1/5579 5578/1/5577 5581/1/5580 
f 5584/1/5583 5586/1/5585 5585/1/5584 
f 5585/1/5584 5581/1/5580 5584/1/5583 
f 5562/1/5561 5585/1/5584 5586/1/5585 
f 5586/1/5585 5559/1/5558 5562/1/5561 
f 5559/1/5558 5586/1/5585 5587/1/5586 
f 5587/1/5586 5560/1/5559 5559/1/5558 
f 5588/1/5587 5587/1/5586 5586/1/5585 
f 5586/1/5585 5584/1/5583 5588/1/5587 
f 5566/1/5565 5563/1/5562 5587/1/5586 
f 5587/1/5586 5588/1/5587 5566/1/5565 
f 5560/1/5559 5587/1/5586 5563/1/5562 
f 5563/1/5562 5556/1/5555 5560/1/5559 
f 5584/1/5583 5583/1/5582 5589/1/5588 
f 5589/1/5588 5588/1/5587 5584/1/5583 
f 5573/1/5572 5589/1/5588 5583/1/5582 
f 5583/1/5582 5574/1/5573 5573/1/5572 
f 5569/1/5568 5589/1/5588 5573/1/5572 
f 5573/1/5572 5507/1/5506 5569/1/5568 
f 5588/1/5587 5589/1/5588 5569/1/5568 
f 5569/1/5568 5566/1/5565 5588/1/5587 
f 3359/1/3359 5590/1/5589 5591/1/5590 
f 5591/1/5590 3358/1/3358 3359/1/3359 
f 5592/1/5591 5591/1/5590 5590/1/5589 
f 5590/1/5589 5593/1/5592 5592/1/5591 
f 3323/1/3323 3320/1/3320 5591/1/5590 
f 5591/1/5590 5592/1/5591 3323/1/3323 
f 3358/1/3358 5591/1/5590 3320/1/3320 
f 3320/1/3320 3319/1/3319 3358/1/3358 
f 3399/1/3399 5594/1/5593 5595/1/5594 
f 5595/1/5594 3398/1/3398 3399/1/3399 
f 5596/1/5595 5595/1/5594 5594/1/5593 
f 5594/1/5593 5597/1/5596 5596/1/5595 
f 5593/1/5592 5590/1/5589 5595/1/5594 
f 5595/1/5594 5596/1/5595 5593/1/5592 
f 3398/1/3398 5595/1/5594 5590/1/5589 
f 5590/1/5589 3359/1/3359 3398/1/3398 
f 5598/1/5597 5599/1/5598 5600/1/5599 
f 5600/1/5599 5601/1/5600 5598/1/5597 
f 5594/1/5593 5600/1/5599 5599/1/5598 
f 5599/1/5598 5597/1/5596 5594/1/5593 
f 3399/1/3399 4024/1/4024 5600/1/5599 
f 5600/1/5599 5594/1/5593 3399/1/3399 
f 5601/1/5600 5600/1/5599 4024/1/4024 
f 4024/1/4024 4023/1/4023 5601/1/5600 
f 5602/1/5601 5603/1/5602 5604/1/5603 
f 5604/1/5603 5605/1/5604 5602/1/5601 
f 5601/1/5600 5604/1/5603 5603/1/5602 
f 5603/1/5602 5598/1/5597 5601/1/5600 
f 4023/1/4023 4032/1/4032 5604/1/5603 
f 5604/1/5603 5601/1/5600 4023/1/4023 
f 5605/1/5604 5604/1/5603 4032/1/4032 
f 4032/1/4032 4031/1/4031 5605/1/5604 
f 5606/1/5605 5607/1/5606 5608/1/5607 
f 5609/1/5608 5608/1/5607 5547/1/5546 
f 5609/1/5608 5546/1/5545 5534/1/5533 
f 5533/1/5532 5528/1/5527 5606/1/5605 
f 5610/1/5609 5611/1/5610 5612/1/5611 
f 5612/1/5611 5613/1/5612 5610/1/5609 
f 5611/1/5610 5607/1/5606 5606/1/5605 
f 5612/1/5611 5606/1/5605 5528/1/5527 
f 5613/1/5612 5612/1/5611 5525/1/5524 
f 5525/1/5524 5523/1/5522 5613/1/5612 
f 5614/1/5613 5615/1/5614 5616/1/5615 
f 5616/1/5615 5617/1/5616 5614/1/5613 
f 4027/1/4027 5616/1/5615 5615/1/5614 
f 5615/1/5614 4031/1/4031 4027/1/4027 
f 4030/1/4030 5544/1/5543 5616/1/5615 
f 5616/1/5615 4027/1/4027 4030/1/4030 
f 5617/1/5616 5616/1/5615 5544/1/5543 
f 5544/1/5543 5543/1/5542 5617/1/5616 
f 5607/1/5606 5618/1/5617 5619/1/5618 
f 5619/1/5618 5608/1/5607 5607/1/5606 
f 5617/1/5616 5619/1/5618 5618/1/5617 
f 5618/1/5617 5614/1/5613 5617/1/5616 
f 5543/1/5542 5548/1/5547 5619/1/5618 
f 5619/1/5618 5617/1/5616 5543/1/5542 
f 5608/1/5607 5619/1/5618 5548/1/5547 
f 5548/1/5547 5547/1/5546 5608/1/5607 
f 5620/1/5619 5621/1/5620 5622/1/5621 
f 5622/1/5621 5623/1/5622 5620/1/5619 
f 5605/1/5604 5622/1/5621 5621/1/5620 
f 5621/1/5620 5602/1/5601 5605/1/5604 
f 4031/1/4031 5615/1/5614 5622/1/5621 
f 5622/1/5621 5605/1/5604 4031/1/4031 
f 5623/1/5622 5622/1/5621 5615/1/5614 
f 5615/1/5614 5614/1/5613 5623/1/5622 
f 5519/1/5518 5624/1/5623 5625/1/5624 
f 5625/1/5624 5522/1/5521 5519/1/5518 
f 5626/1/5625 5625/1/5624 5624/1/5623 
f 5624/1/5623 5627/1/5626 5626/1/5625 
f 5610/1/5609 5613/1/5612 5625/1/5624 
f 5625/1/5624 5626/1/5625 5610/1/5609 
f 5522/1/5521 5625/1/5624 5613/1/5612 
f 5613/1/5612 5523/1/5522 5522/1/5521 
f 5628/1/5627 5611/1/5610 5610/1/5609 
f 5629/1/5628 5628/1/5627 5630/1/5629 
f 5630/1/5629 5631/1/5630 5629/1/5628 
f 5614/1/5613 5618/1/5617 5628/1/5627 
f 5628/1/5627 5629/1/5628 5614/1/5613 
f 5618/1/5617 5607/1/5606 5611/1/5610 
f 5631/1/5630 5632/1/5631 5633/1/5632 
f 5633/1/5632 5629/1/5628 5631/1/5630 
f 5634/1/5633 5635/1/5634 5633/1/5632 
f 5633/1/5632 5632/1/5631 5634/1/5633 
f 5623/1/5622 5633/1/5632 5635/1/5634 
f 5635/1/5634 5620/1/5619 5623/1/5622 
f 5629/1/5628 5633/1/5632 5623/1/5622 
f 5623/1/5622 5614/1/5613 5629/1/5628 
f 5517/1/5516 5636/1/5635 5624/1/5623 
f 5624/1/5623 5519/1/5518 5517/1/5516 
f 5637/1/5636 5636/1/5635 5517/1/5516 
f 5517/1/5516 5518/1/5517 5637/1/5636 
f 5627/1/5626 5624/1/5623 5636/1/5635 
f 5636/1/5635 5637/1/5636 5627/1/5626 
f 5626/1/5625 5638/1/5637 5630/1/5629 
f 5630/1/5629 5610/1/5609 5626/1/5625 
f 5627/1/5626 5639/1/5638 5638/1/5637 
f 5638/1/5637 5626/1/5625 5627/1/5626 
f 5640/1/5639 5638/1/5637 5639/1/5638 
f 5639/1/5638 5641/1/5640 5640/1/5639 
f 5631/1/5630 5630/1/5629 5638/1/5637 
f 5638/1/5637 5640/1/5639 5631/1/5630 
f 5632/1/5631 5642/1/5641 5643/1/5642 
f 5643/1/5642 5634/1/5633 5632/1/5631 
f 5640/1/5639 5642/1/5641 5632/1/5631 
f 5632/1/5631 5631/1/5630 5640/1/5639 
f 5641/1/5640 5644/1/5643 5642/1/5641 
f 5642/1/5641 5640/1/5639 5641/1/5640 
f 5643/1/5642 5642/1/5641 5644/1/5643 
f 5644/1/5643 5645/1/5644 5643/1/5642 
f 5646/1/5645 5647/1/5646 5648/1/5647 
f 5648/1/5647 5649/1/5648 5646/1/5645 
f 3322/1/3322 5648/1/5647 5647/1/5646 
f 5647/1/5646 3263/1/3263 3322/1/3322 
f 3323/1/3323 5650/1/5649 5648/1/5647 
f 5648/1/5647 3322/1/3322 3323/1/3323 
f 5649/1/5648 5648/1/5647 5650/1/5649 
f 5650/1/5649 5651/1/5650 5649/1/5648 
f 3263/1/3263 5647/1/5646 5652/1/5651 
f 5652/1/5651 3262/1/3262 3263/1/3263 
f 5653/1/5652 5652/1/5651 5647/1/5646 
f 5647/1/5646 5646/1/5645 5653/1/5652 
f 5518/1/5517 5515/1/5514 5652/1/5651 
f 5652/1/5651 5653/1/5652 5518/1/5517 
f 3262/1/3262 5652/1/5651 5515/1/5514 
f 5515/1/5514 3264/1/3264 3262/1/3262 
f 5518/1/5517 5654/1/5653 5655/1/5654 
f 5655/1/5654 5637/1/5636 5518/1/5517 
f 5656/1/5655 5655/1/5654 5654/1/5653 
f 5654/1/5653 5657/1/5656 5656/1/5655 
f 5641/1/5640 5639/1/5638 5655/1/5654 
f 5655/1/5654 5656/1/5655 5641/1/5640 
f 5637/1/5636 5655/1/5654 5639/1/5638 
f 5639/1/5638 5627/1/5626 5637/1/5636 
f 5657/1/5656 5658/1/5657 5659/1/5658 
f 5659/1/5658 5656/1/5655 5657/1/5656 
f 5660/1/5659 5659/1/5658 5658/1/5657 
f 5658/1/5657 5661/1/5660 5660/1/5659 
f 5645/1/5644 5644/1/5643 5659/1/5658 
f 5659/1/5658 5660/1/5659 5645/1/5644 
f 5656/1/5655 5659/1/5658 5644/1/5643 
f 5644/1/5643 5641/1/5640 5656/1/5655 
f 5593/1/5592 5662/1/5661 5663/1/5662 
f 5663/1/5662 5592/1/5591 5593/1/5592 
f 5664/1/5663 5663/1/5662 5662/1/5661 
f 5662/1/5661 5665/1/5664 5664/1/5663 
f 5651/1/5650 5650/1/5649 5663/1/5662 
f 5663/1/5662 5664/1/5663 5651/1/5650 
f 5592/1/5591 5663/1/5662 5650/1/5649 
f 5650/1/5649 3323/1/3323 5592/1/5591 
f 5646/1/5645 5666/1/5665 5667/1/5666 
f 5667/1/5666 5653/1/5652 5646/1/5645 
f 5668/1/5667 5667/1/5666 5666/1/5665 
f 5666/1/5665 5669/1/5668 5668/1/5667 
f 5657/1/5656 5654/1/5653 5667/1/5666 
f 5667/1/5666 5668/1/5667 5657/1/5656 
f 5653/1/5652 5667/1/5666 5654/1/5653 
f 5654/1/5653 5518/1/5517 5653/1/5652 
f 5651/1/5650 5664/1/5663 5670/1/5669 
f 5670/1/5669 5649/1/5648 5651/1/5650 
f 5671/1/5670 5670/1/5669 5664/1/5663 
f 5664/1/5663 5665/1/5664 5671/1/5670 
f 5669/1/5668 5666/1/5665 5670/1/5669 
f 5670/1/5669 5671/1/5670 5669/1/5668 
f 5649/1/5648 5670/1/5669 5666/1/5665 
f 5666/1/5665 5646/1/5645 5649/1/5648 
f 5669/1/5668 5672/1/5671 5673/1/5672 
f 5673/1/5672 5668/1/5667 5669/1/5668 
f 5674/1/5673 5673/1/5672 5672/1/5671 
f 5672/1/5671 5675/1/5674 5674/1/5673 
f 5661/1/5660 5658/1/5657 5673/1/5672 
f 5673/1/5672 5674/1/5673 5661/1/5660 
f 5668/1/5667 5673/1/5672 5658/1/5657 
f 5658/1/5657 5657/1/5656 5668/1/5667 
f 5665/1/5664 5676/1/5675 5677/1/5676 
f 5677/1/5676 5671/1/5670 5665/1/5664 
f 5678/1/5677 5677/1/5676 5676/1/5675 
f 5676/1/5675 5679/1/5678 5678/1/5677 
f 5675/1/5674 5672/1/5671 5677/1/5676 
f 5677/1/5676 5678/1/5677 5675/1/5674 
f 5671/1/5670 5677/1/5676 5672/1/5671 
f 5672/1/5671 5669/1/5668 5671/1/5670 
f 5597/1/5596 5680/1/5679 5681/1/5680 
f 5681/1/5680 5596/1/5595 5597/1/5596 
f 5682/1/5681 5681/1/5680 5680/1/5679 
f 5680/1/5679 5683/1/5682 5682/1/5681 
f 5665/1/5664 5662/1/5661 5681/1/5680 
f 5681/1/5680 5682/1/5681 5665/1/5664 
f 5596/1/5595 5681/1/5680 5662/1/5661 
f 5662/1/5661 5593/1/5592 5596/1/5595 
f 5599/1/5598 5684/1/5683 5680/1/5679 
f 5680/1/5679 5597/1/5596 5599/1/5598 
f 5685/1/5684 5684/1/5683 5599/1/5598 
f 5599/1/5598 5598/1/5597 5685/1/5684 
f 5686/1/5685 5687/1/5686 5684/1/5683 
f 5684/1/5683 5685/1/5684 5686/1/5685 
f 5683/1/5682 5680/1/5679 5684/1/5683 
f 5684/1/5683 5687/1/5686 5683/1/5682 
f 5683/1/5682 5688/1/5687 5689/1/5688 
f 5689/1/5688 5682/1/5681 5683/1/5682 
f 5690/1/5689 5689/1/5688 5688/1/5687 
f 5688/1/5687 5691/1/5690 5690/1/5689 
f 5679/1/5678 5676/1/5675 5689/1/5688 
f 5689/1/5688 5690/1/5689 5679/1/5678 
f 5682/1/5681 5689/1/5688 5676/1/5675 
f 5676/1/5675 5665/1/5664 5682/1/5681 
f 5598/1/5597 5603/1/5602 5692/1/5691 
f 5692/1/5691 5685/1/5684 5598/1/5597 
f 5693/1/5692 5692/1/5691 5603/1/5602 
f 5603/1/5602 5602/1/5601 5693/1/5692 
f 5694/1/5693 5695/1/5694 5692/1/5691 
f 5692/1/5691 5693/1/5692 5694/1/5693 
f 5685/1/5684 5692/1/5691 5695/1/5694 
f 5695/1/5694 5686/1/5685 5685/1/5684 
f 5691/1/5690 5688/1/5687 5696/1/5695 
f 5696/1/5695 5697/1/5696 5691/1/5690 
f 5687/1/5686 5696/1/5695 5688/1/5687 
f 5688/1/5687 5683/1/5682 5687/1/5686 
f 5698/1/5697 5696/1/5695 5687/1/5686 
f 5687/1/5686 5686/1/5685 5698/1/5697 
f 5699/1/5698 5697/1/5696 5696/1/5695 
f 5696/1/5695 5698/1/5697 5699/1/5698 
f 5602/1/5601 5621/1/5620 5700/1/5699 
f 5700/1/5699 5693/1/5692 5602/1/5601 
f 5701/1/5700 5700/1/5699 5621/1/5620 
f 5621/1/5620 5620/1/5619 5701/1/5700 
f 5702/1/5701 5703/1/5702 5700/1/5699 
f 5700/1/5699 5701/1/5700 5702/1/5701 
f 5693/1/5692 5700/1/5699 5703/1/5702 
f 5703/1/5702 5694/1/5693 5693/1/5692 
f 5704/1/5703 5705/1/5704 5706/1/5705 
f 5706/1/5705 5707/1/5706 5704/1/5703 
f 5698/1/5697 5706/1/5705 5705/1/5704 
f 5705/1/5704 5699/1/5698 5698/1/5697 
f 5686/1/5685 5695/1/5694 5706/1/5705 
f 5706/1/5705 5698/1/5697 5686/1/5685 
f 5707/1/5706 5706/1/5705 5695/1/5694 
f 5695/1/5694 5694/1/5693 5707/1/5706 
f 5708/1/5707 5709/1/5708 5710/1/5709 
f 5710/1/5709 5711/1/5710 5708/1/5707 
f 5701/1/5700 5710/1/5709 5709/1/5708 
f 5709/1/5708 5702/1/5701 5701/1/5700 
f 5620/1/5619 5635/1/5634 5710/1/5709 
f 5710/1/5709 5701/1/5700 5620/1/5619 
f 5711/1/5710 5710/1/5709 5635/1/5634 
f 5635/1/5634 5634/1/5633 5711/1/5710 
f 5712/1/5711 5713/1/5712 5714/1/5713 
f 5714/1/5713 5715/1/5714 5712/1/5711 
f 5711/1/5710 5714/1/5713 5713/1/5712 
f 5713/1/5712 5708/1/5707 5711/1/5710 
f 5634/1/5633 5643/1/5642 5714/1/5713 
f 5714/1/5713 5711/1/5710 5634/1/5633 
f 5645/1/5644 5715/1/5714 5714/1/5713 
f 5714/1/5713 5643/1/5642 5645/1/5644 
f 5716/1/5715 5717/1/5716 5718/1/5717 
f 5718/1/5717 5719/1/5718 5716/1/5715 
f 5707/1/5706 5718/1/5717 5717/1/5716 
f 5717/1/5716 5704/1/5703 5707/1/5706 
f 5694/1/5693 5703/1/5702 5718/1/5717 
f 5718/1/5717 5707/1/5706 5694/1/5693 
f 5719/1/5718 5718/1/5717 5703/1/5702 
f 5703/1/5702 5702/1/5701 5719/1/5718 
f 5661/1/5660 5720/1/5719 5721/1/5720 
f 5721/1/5720 5660/1/5659 5661/1/5660 
f 5722/1/5721 5721/1/5720 5720/1/5719 
f 5720/1/5719 5723/1/5722 5722/1/5721 
f 5712/1/5711 5715/1/5714 5721/1/5720 
f 5721/1/5720 5722/1/5721 5712/1/5711 
f 5660/1/5659 5721/1/5720 5715/1/5714 
f 5715/1/5714 5645/1/5644 5660/1/5659 
f 5724/1/5723 5725/1/5724 5726/1/5725 
f 5719/1/5718 5724/1/5723 5727/1/5726 
f 5727/1/5726 5716/1/5715 5719/1/5718 
f 5702/1/5701 5709/1/5708 5724/1/5723 
f 5724/1/5723 5719/1/5718 5702/1/5701 
f 5725/1/5724 5724/1/5723 5709/1/5708 
f 5709/1/5708 5708/1/5707 5725/1/5724 
f 5723/1/5722 5728/1/5727 5729/1/5728 
f 5729/1/5728 5722/1/5721 5723/1/5722 
f 5725/1/5724 5729/1/5728 5728/1/5727 
f 5728/1/5727 5726/1/5725 5725/1/5724 
f 5708/1/5707 5713/1/5712 5729/1/5728 
f 5729/1/5728 5725/1/5724 5708/1/5707 
f 5722/1/5721 5729/1/5728 5713/1/5712 
f 5713/1/5712 5712/1/5711 5722/1/5721 
f 5675/1/5674 5730/1/5729 5731/1/5730 
f 5731/1/5730 5674/1/5673 5675/1/5674 
f 5732/1/5731 5731/1/5730 5730/1/5729 
f 5730/1/5729 5733/1/5732 5732/1/5731 
f 5723/1/5722 5720/1/5719 5731/1/5730 
f 5731/1/5730 5732/1/5731 5723/1/5722 
f 5674/1/5673 5731/1/5730 5720/1/5719 
f 5720/1/5719 5661/1/5660 5674/1/5673 
f 5679/1/5678 5734/1/5733 5735/1/5734 
f 5735/1/5734 5678/1/5677 5679/1/5678 
f 5736/1/5735 5735/1/5734 5734/1/5733 
f 5734/1/5733 5737/1/5736 5736/1/5735 
f 5733/1/5732 5730/1/5729 5735/1/5734 
f 5735/1/5734 5736/1/5735 5733/1/5732 
f 5678/1/5677 5735/1/5734 5730/1/5729 
f 5730/1/5729 5675/1/5674 5678/1/5677 
f 5733/1/5732 5738/1/5737 5739/1/5738 
f 5739/1/5738 5732/1/5731 5733/1/5732 
f 5728/1/5727 5739/1/5738 5738/1/5737 
f 5738/1/5737 5726/1/5725 5728/1/5727 
f 5732/1/5731 5739/1/5738 5728/1/5727 
f 5728/1/5727 5723/1/5722 5732/1/5731 
f 5737/1/5736 5740/1/5739 5741/1/5740 
f 5741/1/5740 5736/1/5735 5737/1/5736 
f 5742/1/5741 5741/1/5740 5740/1/5739 
f 5740/1/5739 5743/1/5742 5742/1/5741 
f 5726/1/5725 5738/1/5737 5741/1/5740 
f 5741/1/5740 5742/1/5741 5726/1/5725 
f 5736/1/5735 5741/1/5740 5738/1/5737 
f 5738/1/5737 5733/1/5732 5736/1/5735 
f 5742/1/5741 5744/1/5743 5727/1/5726 
f 5727/1/5726 5726/1/5725 5742/1/5741 
f 5743/1/5742 5745/1/5744 5744/1/5743 
f 5744/1/5743 5742/1/5741 5743/1/5742 
f 5746/1/5745 5747/1/5746 5744/1/5743 
f 5744/1/5743 5745/1/5744 5746/1/5745 
f 5727/1/5726 5744/1/5743 5747/1/5746 
f 5747/1/5746 5716/1/5715 5727/1/5726 
f 5748/1/5747 5749/1/5748 5745/1/5744 
f 5745/1/5744 5743/1/5742 5748/1/5747 
f 5750/1/5749 5751/1/5750 5749/1/5748 
f 5749/1/5748 5748/1/5747 5750/1/5749 
f 5752/1/5751 5753/1/5752 5749/1/5748 
f 5749/1/5748 5751/1/5750 5752/1/5751 
f 5745/1/5744 5749/1/5748 5753/1/5752 
f 5753/1/5752 5746/1/5745 5745/1/5744 
f 5716/1/5715 5747/1/5746 5754/1/5753 
f 5754/1/5753 5717/1/5716 5716/1/5715 
f 5755/1/5754 5754/1/5753 5747/1/5746 
f 5747/1/5746 5746/1/5745 5755/1/5754 
f 5756/1/5755 5754/1/5753 5755/1/5754 
f 5755/1/5754 5757/1/5756 5756/1/5755 
f 5704/1/5703 5717/1/5716 5754/1/5753 
f 5754/1/5753 5756/1/5755 5704/1/5703 
f 5757/1/5756 5758/1/5757 5759/1/5758 
f 5759/1/5758 5756/1/5755 5757/1/5756 
f 5760/1/5759 5759/1/5758 5758/1/5757 
f 5758/1/5757 5761/1/5760 5760/1/5759 
f 5699/1/5698 5705/1/5704 5759/1/5758 
f 5759/1/5758 5760/1/5759 5699/1/5698 
f 5756/1/5755 5759/1/5758 5705/1/5704 
f 5705/1/5704 5704/1/5703 5756/1/5755 
f 5762/1/5761 5763/1/5762 5764/1/5763 
f 5762/1/5761 5765/1/5764 5750/1/5749 
f 5743/1/5742 5740/1/5739 5762/1/5761 
f 5762/1/5761 5748/1/5747 5743/1/5742 
f 5763/1/5762 5762/1/5761 5740/1/5739 
f 5740/1/5739 5737/1/5736 5763/1/5762 
f 5691/1/5690 5766/1/5765 5767/1/5766 
f 5767/1/5766 5690/1/5689 5691/1/5690 
f 5763/1/5762 5767/1/5766 5766/1/5765 
f 5766/1/5765 5764/1/5763 5763/1/5762 
f 5737/1/5736 5734/1/5733 5767/1/5766 
f 5767/1/5766 5763/1/5762 5737/1/5736 
f 5690/1/5689 5767/1/5766 5734/1/5733 
f 5734/1/5733 5679/1/5678 5690/1/5689 
f 5761/1/5760 5768/1/5767 5769/1/5768 
f 5769/1/5768 5760/1/5759 5761/1/5760 
f 5764/1/5763 5766/1/5765 5769/1/5768 
f 5769/1/5768 5768/1/5767 5764/1/5763 
f 5697/1/5696 5769/1/5768 5766/1/5765 
f 5766/1/5765 5691/1/5690 5697/1/5696 
f 5760/1/5759 5769/1/5768 5697/1/5696 
f 5697/1/5696 5699/1/5698 5760/1/5759 
f 5770/1/5769 5771/1/5770 5772/1/5771 
f 5773/1/5772 5764/1/5763 5768/1/5767 
f 5761/1/5760 5758/1/5757 5770/1/5769 
f 5770/1/5769 5768/1/5767 5761/1/5760 
f 5771/1/5770 5770/1/5769 5758/1/5757 
f 5758/1/5757 5757/1/5756 5771/1/5770 
f 5750/1/5749 5765/1/5764 5774/1/5773 
f 5774/1/5773 5751/1/5750 5750/1/5749 
f 5773/1/5772 5774/1/5773 5765/1/5764 
f 5765/1/5764 5764/1/5763 5773/1/5772 
f 5774/1/5773 5773/1/5772 5772/1/5771 
f 5751/1/5750 5774/1/5773 5775/1/5774 
f 5775/1/5774 5752/1/5751 5751/1/5750 
f 5752/1/5751 5775/1/5774 5776/1/5775 
f 5776/1/5775 5753/1/5752 5752/1/5751 
f 5775/1/5774 5772/1/5771 5771/1/5770 
f 5771/1/5770 5776/1/5775 5775/1/5774 
f 5757/1/5756 5755/1/5754 5776/1/5775 
f 5776/1/5775 5771/1/5770 5757/1/5756 
f 5753/1/5752 5776/1/5775 5755/1/5754 
f 5755/1/5754 5746/1/5745 5753/1/5752 
f 5777/1/5776 5778/1/5777 5779/1/5778 
f 4086/1/4086 5777/1/5776 5780/1/5779 
f 5780/1/5779 4087/1/4087 4086/1/4086 
f 4083/1/4083 4099/1/4099 5777/1/5776 
f 5777/1/5776 4086/1/4086 4083/1/4083 
f 5778/1/5777 5777/1/5776 4099/1/4099 
f 4099/1/4099 4102/1/4102 5778/1/5777 
f 5781/1/5780 4167/1/4167 4166/1/4166 
f 4166/1/4166 5782/1/5781 5781/1/5780 
f 5778/1/5777 5781/1/5780 5782/1/5781 
f 5782/1/5781 5779/1/5778 5778/1/5777 
f 4160/1/4160 5781/1/5780 5778/1/5777 
f 5778/1/5777 4102/1/4102 4160/1/4160 
f 4161/1/4161 4167/1/4167 5781/1/5780 
f 5781/1/5780 4160/1/4160 4161/1/4161 
f 4171/1/4171 4170/1/4170 5783/1/5782 
f 5783/1/5782 5784/1/5783 4171/1/4171 
f 5785/1/5784 5784/1/5783 5783/1/5782 
f 5783/1/5782 5786/1/5785 5785/1/5784 
f 5779/1/5778 5782/1/5781 5784/1/5783 
f 4171/1/4171 5784/1/5783 5782/1/5781 
f 5782/1/5781 4166/1/4166 4171/1/4171 
f 4047/1/4047 4088/1/4088 5787/1/5786 
f 5787/1/5786 4054/1/4054 4047/1/4047 
f 5788/1/5787 5787/1/5786 4088/1/4088 
f 4088/1/4088 4087/1/4087 5788/1/5787 
f 5789/1/5788 5790/1/5789 5787/1/5786 
f 5787/1/5786 5788/1/5787 5789/1/5788 
f 4054/1/4054 5787/1/5786 5790/1/5789 
f 5790/1/5789 4051/1/4051 4054/1/4054 
f 4087/1/4087 5780/1/5779 5791/1/5790 
f 5791/1/5790 5788/1/5787 4087/1/4087 
f 5792/1/5791 5791/1/5790 5780/1/5779 
f 5780/1/5779 5779/1/5778 5792/1/5791 
f 5793/1/5792 5794/1/5793 5791/1/5790 
f 5791/1/5790 5792/1/5791 5793/1/5792 
f 5788/1/5787 5791/1/5790 5794/1/5793 
f 5794/1/5793 5789/1/5788 5788/1/5787 
f 5786/1/5785 5795/1/5794 5796/1/5795 
f 5796/1/5795 5785/1/5784 5786/1/5785 
f 5792/1/5791 5796/1/5795 5795/1/5794 
f 5795/1/5794 5793/1/5792 5792/1/5791 
f 5796/1/5795 5792/1/5791 5779/1/5778 
f 4051/1/4051 5790/1/5789 5797/1/5796 
f 5797/1/5796 4058/1/4058 4051/1/4051 
f 5798/1/5797 5797/1/5796 5790/1/5789 
f 5790/1/5789 5789/1/5788 5798/1/5797 
f 5799/1/5798 5800/1/5799 5797/1/5796 
f 5797/1/5796 5798/1/5797 5799/1/5798 
f 4058/1/4058 5797/1/5796 5800/1/5799 
f 5800/1/5799 4055/1/4055 4058/1/4058 
f 4170/1/4170 4173/1/4173 5801/1/5800 
f 5801/1/5800 5783/1/5782 4170/1/4170 
f 5802/1/5801 5801/1/5800 4173/1/4173 
f 4173/1/4173 4172/1/4172 5802/1/5801 
f 5803/1/5802 5804/1/5803 5801/1/5800 
f 5801/1/5800 5802/1/5801 5803/1/5802 
f 5804/1/5803 5786/1/5785 5783/1/5782 
f 5783/1/5782 5801/1/5800 5804/1/5803 
f 5789/1/5788 5794/1/5793 5805/1/5804 
f 5805/1/5804 5798/1/5797 5789/1/5788 
f 5806/1/5805 5805/1/5804 5794/1/5793 
f 5794/1/5793 5793/1/5792 5806/1/5805 
f 5807/1/5806 5808/1/5807 5805/1/5804 
f 5805/1/5804 5806/1/5805 5807/1/5806 
f 5808/1/5807 5799/1/5798 5798/1/5797 
f 5803/1/5802 5809/1/5808 5810/1/5809 
f 5810/1/5809 5804/1/5803 5803/1/5802 
f 5806/1/5805 5810/1/5809 5809/1/5808 
f 5809/1/5808 5807/1/5806 5806/1/5805 
f 5793/1/5792 5795/1/5794 5810/1/5809 
f 5810/1/5809 5806/1/5805 5793/1/5792 
f 5804/1/5803 5810/1/5809 5795/1/5794 
f 5795/1/5794 5786/1/5785 5804/1/5803 
f 5811/1/5810 5812/1/5811 5800/1/5799 
f 5800/1/5799 5799/1/5798 5811/1/5810 
f 5811/1/5810 5813/1/5812 5814/1/5813 
f 4062/1/4062 4059/1/4059 5812/1/5811 
f 5812/1/5811 5814/1/5813 4062/1/4062 
f 4059/1/4059 4055/1/4055 5800/1/5799 
f 5800/1/5799 5812/1/5811 4059/1/4059 
f 4172/1/4172 4177/1/4177 5815/1/5814 
f 5815/1/5814 5802/1/5801 4172/1/4172 
f 5816/1/5815 5815/1/5814 4177/1/4177 
f 4177/1/4177 4176/1/4176 5816/1/5815 
f 5817/1/5816 5818/1/5817 5815/1/5814 
f 5815/1/5814 5816/1/5815 5817/1/5816 
f 5802/1/5801 5815/1/5814 5818/1/5817 
f 5818/1/5817 5803/1/5802 5802/1/5801 
f 5819/1/5818 5820/1/5819 5808/1/5807 
f 5808/1/5807 5807/1/5806 5819/1/5818 
f 5821/1/5820 5820/1/5819 5819/1/5818 
f 5819/1/5818 5822/1/5821 5821/1/5820 
f 5820/1/5819 5821/1/5820 5813/1/5812 
f 5820/1/5819 5811/1/5810 5799/1/5798 
f 5803/1/5802 5818/1/5817 5823/1/5822 
f 5823/1/5822 5809/1/5808 5803/1/5802 
f 5824/1/5823 5823/1/5822 5818/1/5817 
f 5818/1/5817 5817/1/5816 5824/1/5823 
f 5822/1/5821 5819/1/5818 5823/1/5822 
f 5823/1/5822 5824/1/5823 5822/1/5821 
f 5807/1/5806 5809/1/5808 5823/1/5822 
f 5823/1/5822 5819/1/5818 5807/1/5806 
f 5825/1/5824 5814/1/5813 5813/1/5812 
f 5826/1/5825 5825/1/5824 5827/1/5826 
f 5827/1/5826 5828/1/5827 5826/1/5825 
f 4064/1/4064 4063/1/4063 5825/1/5824 
f 5825/1/5824 5826/1/5825 4064/1/4064 
f 5814/1/5813 5825/1/5824 4063/1/4063 
f 4063/1/4063 4062/1/4062 5814/1/5813 
f 5822/1/5821 5829/1/5828 5830/1/5829 
f 5830/1/5829 5821/1/5820 5822/1/5821 
f 5831/1/5830 5830/1/5829 5829/1/5828 
f 5829/1/5828 5832/1/5831 5831/1/5830 
f 5828/1/5827 5827/1/5826 5830/1/5829 
f 5830/1/5829 5831/1/5830 5828/1/5827 
f 5821/1/5820 5830/1/5829 5827/1/5826 
f 5827/1/5826 5813/1/5812 5821/1/5820 
f 5833/1/5832 5834/1/5833 5835/1/5834 
f 5835/1/5834 5836/1/5835 5833/1/5832 
f 5537/1/5536 5835/1/5834 5834/1/5833 
f 5834/1/5833 5502/1/5501 5537/1/5536 
f 5539/1/5538 5540/1/5539 5835/1/5834 
f 5835/1/5834 5537/1/5536 5539/1/5538 
f 5836/1/5835 5835/1/5834 5540/1/5539 
f 5540/1/5539 4070/1/4070 5836/1/5835 
f 5828/1/5827 5837/1/5836 5838/1/5837 
f 5838/1/5837 5826/1/5825 5828/1/5827 
f 5837/1/5836 5833/1/5832 5836/1/5835 
f 4070/1/4070 4067/1/4067 5838/1/5837 
f 5838/1/5837 5836/1/5835 4070/1/4070 
f 5826/1/5825 5838/1/5837 4067/1/4067 
f 4067/1/4067 4064/1/4064 5826/1/5825 
f 5832/1/5831 5839/1/5838 5840/1/5839 
f 5840/1/5839 5831/1/5830 5832/1/5831 
f 5841/1/5840 5840/1/5839 5839/1/5838 
f 5839/1/5838 5842/1/5841 5841/1/5840 
f 5840/1/5839 5841/1/5840 5833/1/5832 
f 5831/1/5830 5840/1/5839 5837/1/5836 
f 5837/1/5836 5828/1/5827 5831/1/5830 
f 4176/1/4176 4181/1/4181 5843/1/5842 
f 5843/1/5842 5816/1/5815 4176/1/4176 
f 5844/1/5843 5843/1/5842 4181/1/4181 
f 4181/1/4181 4180/1/4180 5844/1/5843 
f 5845/1/5844 5846/1/5845 5843/1/5842 
f 5843/1/5842 5844/1/5843 5845/1/5844 
f 5816/1/5815 5843/1/5842 5846/1/5845 
f 5846/1/5845 5817/1/5816 5816/1/5815 
f 5817/1/5816 5846/1/5845 5847/1/5846 
f 5847/1/5846 5824/1/5823 5817/1/5816 
f 5848/1/5847 5847/1/5846 5846/1/5845 
f 5846/1/5845 5845/1/5844 5848/1/5847 
f 5832/1/5831 5829/1/5828 5847/1/5846 
f 5847/1/5846 5848/1/5847 5832/1/5831 
f 5824/1/5823 5847/1/5846 5829/1/5828 
f 5829/1/5828 5822/1/5821 5824/1/5823 
f 5502/1/5501 5834/1/5833 5849/1/5848 
f 5849/1/5848 5501/1/5500 5502/1/5501 
f 5850/1/5849 5849/1/5848 5834/1/5833 
f 5834/1/5833 5833/1/5832 5850/1/5849 
f 5851/1/5850 5852/1/5851 5849/1/5848 
f 5849/1/5848 5850/1/5849 5851/1/5850 
f 5501/1/5500 5849/1/5848 5852/1/5851 
f 5852/1/5851 5475/1/5474 5501/1/5500 
f 5483/1/5482 5853/1/5852 5854/1/5853 
f 5854/1/5853 5479/1/5478 5483/1/5482 
f 5855/1/5854 5854/1/5853 5853/1/5852 
f 5853/1/5852 5856/1/5855 5855/1/5854 
f 4143/1/4143 5429/1/5428 5854/1/5853 
f 5854/1/5853 5855/1/5854 4143/1/4143 
f 5479/1/5478 5854/1/5853 5429/1/5428 
f 5429/1/5428 5428/1/5427 5479/1/5478 
f 5857/1/5856 5841/1/5840 5842/1/5841 
f 5858/1/5857 5859/1/5858 5860/1/5859 
f 5860/1/5859 5851/1/5850 5850/1/5849 
f 5850/1/5849 5833/1/5832 5841/1/5840 
f 5856/1/5855 5853/1/5852 5861/1/5860 
f 5861/1/5860 5862/1/5861 5856/1/5855 
f 5487/1/5486 5861/1/5860 5853/1/5852 
f 5853/1/5852 5483/1/5482 5487/1/5486 
f 5475/1/5474 5852/1/5851 5861/1/5860 
f 5861/1/5860 5487/1/5486 5475/1/5474 
f 5862/1/5861 5861/1/5860 5852/1/5851 
f 5852/1/5851 5851/1/5850 5862/1/5861 
f 5860/1/5859 5859/1/5858 5863/1/5862 
f 5863/1/5862 5864/1/5863 5860/1/5859 
f 5862/1/5861 5864/1/5863 5863/1/5862 
f 5863/1/5862 5856/1/5855 5862/1/5861 
f 5851/1/5850 5860/1/5859 5864/1/5863 
f 5864/1/5863 5862/1/5861 5851/1/5850 
f 4180/1/4180 5865/1/5864 5866/1/5865 
f 5866/1/5865 5844/1/5843 4180/1/4180 
f 5863/1/5862 5866/1/5865 5865/1/5864 
f 5865/1/5864 5856/1/5855 5863/1/5862 
f 5859/1/5858 5867/1/5866 5866/1/5865 
f 5866/1/5865 5863/1/5862 5859/1/5858 
f 5844/1/5843 5866/1/5865 5867/1/5866 
f 5867/1/5866 5845/1/5844 5844/1/5843 
f 4139/1/4139 4144/1/4144 5868/1/5867 
f 5868/1/5867 4183/1/4183 4139/1/4139 
f 5855/1/5854 5868/1/5867 4144/1/4144 
f 4144/1/4144 4143/1/4143 5855/1/5854 
f 5856/1/5855 5865/1/5864 5868/1/5867 
f 5868/1/5867 5855/1/5854 5856/1/5855 
f 4183/1/4183 5868/1/5867 5865/1/5864 
f 5865/1/5864 4180/1/4180 4183/1/4183 
f 5845/1/5844 5867/1/5866 5869/1/5868 
f 5869/1/5868 5848/1/5847 5845/1/5844 
f 5858/1/5857 5869/1/5868 5867/1/5866 
f 5867/1/5866 5859/1/5858 5858/1/5857 
f 5842/1/5841 5839/1/5838 5869/1/5868 
f 5869/1/5868 5858/1/5857 5842/1/5841 
f 5848/1/5847 5869/1/5868 5839/1/5838 
f 5839/1/5838 5832/1/5831 5848/1/5847 
f 5870/1/5869 5871/1/5870 4337/1/4337 
f 4337/1/4337 4336/1/4336 5870/1/5869 
f 5872/1/5871 5871/1/5870 5870/1/5869 
f 5870/1/5869 5873/1/5872 5872/1/5871 
f 2996/1/2996 2995/1/2995 5871/1/5870 
f 5871/1/5870 5872/1/5871 2996/1/2996 
f 4337/1/4337 5871/1/5870 2995/1/2995 
f 2995/1/2995 1353/1/1353 4337/1/4337 
f 5874/1/5873 5870/1/5869 4336/1/4336 
f 4341/1/4341 4340/1/4340 5875/1/5874 
f 5876/1/5875 5877/1/5876 5874/1/5873 
f 5874/1/5873 5875/1/5874 5876/1/5875 
f 5873/1/5872 5870/1/5869 5874/1/5873 
f 5874/1/5873 5877/1/5876 5873/1/5872 
f 5873/1/5872 5877/1/5876 5878/1/5877 
f 5878/1/5877 5872/1/5871 5873/1/5872 
f 5879/1/5878 5878/1/5877 5877/1/5876 
f 5877/1/5876 5876/1/5875 5879/1/5878 
f 3005/1/3005 3004/1/3004 5878/1/5877 
f 5878/1/5877 5879/1/5878 3005/1/3005 
f 5872/1/5871 5878/1/5877 3004/1/3004 
f 3004/1/3004 2996/1/2996 5872/1/5871 
f 5880/1/5879 5881/1/5880 4347/1/4347 
f 4347/1/4347 4346/1/4346 5880/1/5879 
f 5882/1/5881 5881/1/5880 5880/1/5879 
f 5880/1/5879 5883/1/5882 5882/1/5881 
f 5882/1/5881 5876/1/5875 5875/1/5874 
f 5875/1/5874 5881/1/5880 5882/1/5881 
f 4340/1/4340 4347/1/4347 5881/1/5880 
f 5881/1/5880 5875/1/5874 4340/1/4340 
f 4350/1/4350 4381/1/4381 5884/1/5883 
f 5884/1/5883 4351/1/4351 4350/1/4350 
f 5885/1/5884 5884/1/5883 4381/1/4381 
f 4381/1/4381 4385/1/4385 5885/1/5884 
f 5883/1/5882 5880/1/5879 5884/1/5883 
f 5884/1/5883 5885/1/5884 5883/1/5882 
f 5880/1/5879 4346/1/4346 4351/1/4351 
f 4385/1/4385 5886/1/5885 5887/1/5886 
f 5887/1/5886 5885/1/5884 4385/1/4385 
f 5886/1/5885 3018/1/3018 3017/1/3017 
f 3016/1/3016 5888/1/5887 5887/1/5886 
f 5887/1/5886 3017/1/3017 3016/1/3016 
f 5885/1/5884 5887/1/5886 5888/1/5887 
f 5888/1/5887 5883/1/5882 5885/1/5884 
f 5889/1/5888 5292/1/5291 5291/1/5290 
f 5886/1/5885 5889/1/5888 5890/1/5889 
f 5890/1/5889 3018/1/3018 5886/1/5885 
f 4385/1/4385 4384/1/4384 5889/1/5888 
f 5889/1/5888 5886/1/5885 4385/1/4385 
f 5292/1/5291 5889/1/5888 4384/1/4384 
f 4384/1/4384 4383/1/4383 5292/1/5291 
f 2444/1/2444 3022/1/3022 5891/1/5890 
f 5891/1/5890 5350/1/5349 2444/1/2444 
f 5890/1/5889 5891/1/5890 3022/1/3022 
f 3022/1/3022 3018/1/3018 5890/1/5889 
f 5291/1/5290 5346/1/5345 5891/1/5890 
f 5891/1/5890 5890/1/5889 5291/1/5290 
f 5350/1/5349 5891/1/5890 5346/1/5345 
f 5346/1/5345 5345/1/5344 5350/1/5349 
f 5876/1/5875 5882/1/5881 5892/1/5891 
f 5892/1/5891 5879/1/5878 5876/1/5875 
f 5883/1/5882 5888/1/5887 5892/1/5891 
f 5892/1/5891 5882/1/5881 5883/1/5882 
f 5888/1/5887 3016/1/3016 3024/1/3024 
f 3024/1/3024 5892/1/5891 5888/1/5887 
f 5879/1/5878 5892/1/5891 3024/1/3024 
f 3024/1/3024 3005/1/3005 5879/1/5878 
f 5893/1/5892 5894/1/5893 5895/1/5894 
f 5895/1/5894 5896/1/5895 5893/1/5892 
f 5897/1/5896 5895/1/5894 5894/1/5893 
f 5894/1/5893 5898/1/5897 5897/1/5896 
f 5899/1/5898 5900/1/5899 5895/1/5894 
f 5895/1/5894 5897/1/5896 5899/1/5898 
f 5896/1/5895 5895/1/5894 5900/1/5899 
f 5900/1/5899 5901/1/5900 5896/1/5895 
f 5902/1/5901 5903/1/5902 5904/1/5903 
f 5904/1/5903 5905/1/5904 5902/1/5901 
f 5896/1/5895 5904/1/5903 5903/1/5902 
f 5903/1/5902 5893/1/5892 5896/1/5895 
f 5901/1/5900 5906/1/5905 5904/1/5903 
f 5904/1/5903 5896/1/5895 5901/1/5900 
f 5905/1/5904 5904/1/5903 5906/1/5905 
f 5906/1/5905 5907/1/5906 5905/1/5904 
f 5908/1/5907 5909/1/5908 5910/1/5909 
f 5910/1/5909 5911/1/5910 5908/1/5907 
f 5912/1/5911 5913/1/5912 5909/1/5908 
f 5909/1/5908 5908/1/5907 5912/1/5911 
f 5898/1/5897 5914/1/5913 5915/1/5914 
f 5915/1/5914 5897/1/5896 5898/1/5897 
f 5914/1/5913 5916/1/5915 5917/1/5916 
f 5918/1/5917 5919/1/5918 5915/1/5914 
f 5915/1/5914 5917/1/5916 5918/1/5917 
f 5897/1/5896 5915/1/5914 5919/1/5918 
f 5919/1/5918 5899/1/5898 5897/1/5896 
f 5920/1/5919 5921/1/5920 5922/1/5921 
f 5922/1/5921 5923/1/5922 5920/1/5919 
f 5924/1/5923 5921/1/5920 5920/1/5919 
f 5920/1/5919 5925/1/5924 5924/1/5923 
f 5899/1/5898 5919/1/5918 5921/1/5920 
f 5921/1/5920 5924/1/5923 5899/1/5898 
f 5922/1/5921 5921/1/5920 5919/1/5918 
f 5919/1/5918 5918/1/5917 5922/1/5921 
f 5926/1/5925 5927/1/5926 5928/1/5927 
f 5928/1/5927 5929/1/5928 5926/1/5925 
f 5930/1/5929 5927/1/5926 5926/1/5925 
f 5926/1/5925 5931/1/5930 5930/1/5929 
f 5930/1/5929 5916/1/5915 5914/1/5913 
f 5914/1/5913 5927/1/5926 5930/1/5929 
f 5928/1/5927 5927/1/5926 5914/1/5913 
f 5914/1/5913 5898/1/5897 5928/1/5927 
f 5932/1/5931 5933/1/5932 5934/1/5933 
f 5934/1/5933 5935/1/5934 5932/1/5931 
f 5935/1/5934 5934/1/5933 5936/1/5935 
f 5936/1/5935 5937/1/5936 5935/1/5934 
f 5938/1/5937 5939/1/5938 5908/1/5907 
f 5908/1/5907 5911/1/5910 5938/1/5937 
f 5940/1/5939 5939/1/5938 5938/1/5937 
f 5938/1/5937 5929/1/5928 5940/1/5939 
f 5941/1/5940 5942/1/5941 5939/1/5938 
f 5939/1/5938 5940/1/5939 5941/1/5940 
f 5908/1/5907 5939/1/5938 5942/1/5941 
f 5942/1/5941 5912/1/5911 5908/1/5907 
f 5894/1/5893 5893/1/5892 5943/1/5942 
f 5943/1/5942 5944/1/5943 5894/1/5893 
f 5943/1/5942 5941/1/5940 5940/1/5939 
f 5929/1/5928 5928/1/5927 5944/1/5943 
f 5944/1/5943 5940/1/5939 5929/1/5928 
f 5894/1/5893 5944/1/5943 5928/1/5927 
f 5928/1/5927 5898/1/5897 5894/1/5893 
f 5945/1/5944 5946/1/5945 5947/1/5946 
f 5912/1/5911 5942/1/5941 5948/1/5947 
f 5948/1/5947 5947/1/5946 5912/1/5911 
f 5945/1/5944 5948/1/5947 5942/1/5941 
f 5942/1/5941 5941/1/5940 5945/1/5944 
f 5893/1/5892 5903/1/5902 5949/1/5948 
f 5949/1/5948 5943/1/5942 5893/1/5892 
f 5950/1/5949 5949/1/5948 5903/1/5902 
f 5903/1/5902 5902/1/5901 5950/1/5949 
f 5950/1/5949 5951/1/5950 5952/1/5951 
f 5941/1/5940 5943/1/5942 5949/1/5948 
f 5949/1/5948 5952/1/5951 5941/1/5940 
f 5953/1/5952 5954/1/5953 5955/1/5954 
f 5955/1/5954 5956/1/5955 5953/1/5952 
f 5957/1/5956 5955/1/5954 5954/1/5953 
f 5954/1/5953 5951/1/5950 5957/1/5956 
f 5957/1/5956 5958/1/5957 5959/1/5958 
f 5956/1/5955 5955/1/5954 5959/1/5958 
f 5959/1/5958 5960/1/5959 5956/1/5955 
f 5951/1/5950 5954/1/5953 5961/1/5960 
f 5961/1/5960 5952/1/5951 5951/1/5950 
f 5962/1/5961 5961/1/5960 5954/1/5953 
f 5954/1/5953 5953/1/5952 5962/1/5961 
f 5946/1/5945 5945/1/5944 5961/1/5960 
f 5961/1/5960 5962/1/5961 5946/1/5945 
f 5945/1/5944 5941/1/5940 5952/1/5951 
f 5946/1/5945 5963/1/5962 5964/1/5963 
f 5964/1/5963 5947/1/5946 5946/1/5945 
f 5913/1/5912 5912/1/5911 5947/1/5946 
f 5965/1/5964 5966/1/5965 5967/1/5966 
f 5967/1/5966 5960/1/5959 5965/1/5964 
f 5966/1/5965 5965/1/5964 5937/1/5936 
f 5953/1/5952 5968/1/5967 5969/1/5968 
f 5969/1/5968 5962/1/5961 5953/1/5952 
f 5962/1/5961 5969/1/5968 5963/1/5962 
f 5963/1/5962 5946/1/5945 5962/1/5961 
f 5956/1/5955 5970/1/5969 5968/1/5967 
f 5968/1/5967 5953/1/5952 5956/1/5955 
f 5960/1/5959 5967/1/5966 5970/1/5969 
f 5970/1/5969 5956/1/5955 5960/1/5959 
f 5971/1/5970 5972/1/5971 5973/1/5972 
f 5973/1/5972 5974/1/5973 5971/1/5970 
f 5975/1/5974 5973/1/5972 5972/1/5971 
f 5972/1/5971 5976/1/5975 5975/1/5974 
f 5977/1/5976 5978/1/5977 5973/1/5972 
f 5973/1/5972 5975/1/5974 5977/1/5976 
f 5974/1/5973 5973/1/5972 5978/1/5977 
f 5978/1/5977 5979/1/5978 5974/1/5973 
f 5976/1/5975 5972/1/5971 5980/1/5979 
f 5980/1/5979 5981/1/5980 5976/1/5975 
f 5982/1/5981 5980/1/5979 5972/1/5971 
f 5972/1/5971 5971/1/5970 5982/1/5981 
f 5983/1/5982 5984/1/5983 5980/1/5979 
f 5980/1/5979 5982/1/5981 5983/1/5982 
f 5981/1/5980 5980/1/5979 5984/1/5983 
f 5984/1/5983 5985/1/5984 5981/1/5980 
f 5985/1/5984 5984/1/5983 5986/1/5985 
f 5986/1/5985 5987/1/5986 5985/1/5984 
f 5988/1/5987 5986/1/5985 5984/1/5983 
f 5984/1/5983 5983/1/5982 5988/1/5987 
f 5989/1/5988 5990/1/5989 5986/1/5985 
f 5986/1/5985 5988/1/5987 5989/1/5988 
f 5987/1/5986 5986/1/5985 5990/1/5989 
f 5990/1/5989 5991/1/5990 5987/1/5986 
f 5991/1/5990 5990/1/5989 5992/1/5991 
f 5992/1/5991 5993/1/5992 5991/1/5990 
f 5994/1/5993 5992/1/5991 5990/1/5989 
f 5990/1/5989 5989/1/5988 5994/1/5993 
f 5995/1/5994 5996/1/5995 5992/1/5991 
f 5992/1/5991 5994/1/5993 5995/1/5994 
f 5993/1/5992 5992/1/5991 5996/1/5995 
f 5996/1/5995 5997/1/5996 5993/1/5992 
f 5997/1/5996 5996/1/5995 5998/1/5997 
f 5998/1/5997 5999/1/5998 5997/1/5996 
f 6000/1/5999 5998/1/5997 5996/1/5995 
f 5996/1/5995 5995/1/5994 6000/1/5999 
f 6001/1/6000 6002/1/6001 5998/1/5997 
f 5998/1/5997 6000/1/5999 6001/1/6000 
f 5999/1/5998 5998/1/5997 6002/1/6001 
f 6002/1/6001 6003/1/6002 5999/1/5998 
f 6004/1/6003 6005/1/6004 6006/1/6005 
f 6006/1/6005 6007/1/6006 6004/1/6003 
f 6003/1/6002 6002/1/6001 6005/1/6004 
f 6005/1/6004 6004/1/6003 6003/1/6002 
f 6008/1/6007 6005/1/6004 6002/1/6001 
f 6002/1/6001 6001/1/6000 6008/1/6007 
f 6009/1/6008 6006/1/6005 6005/1/6004 
f 6005/1/6004 6008/1/6007 6009/1/6008 
f 6010/1/6009 6011/1/6010 6012/1/6011 
f 6012/1/6011 6013/1/6012 6010/1/6009 
f 6007/1/6006 6006/1/6005 6011/1/6010 
f 6011/1/6010 6010/1/6009 6007/1/6006 
f 6014/1/6013 6011/1/6010 6006/1/6005 
f 6006/1/6005 6009/1/6008 6014/1/6013 
f 6015/1/6014 6012/1/6011 6011/1/6010 
f 6011/1/6010 6014/1/6013 6015/1/6014 
f 6016/1/6015 6017/1/6016 6018/1/6017 
f 6018/1/6017 6019/1/6018 6016/1/6015 
f 6013/1/6012 6012/1/6011 6017/1/6016 
f 6017/1/6016 6016/1/6015 6013/1/6012 
f 6020/1/6019 6017/1/6016 6012/1/6011 
f 6012/1/6011 6015/1/6014 6020/1/6019 
f 6021/1/6020 6018/1/6017 6017/1/6016 
f 6017/1/6016 6020/1/6019 6021/1/6020 
f 6022/1/6021 6023/1/6022 6024/1/6023 
f 6024/1/6023 6025/1/6024 6022/1/6021 
f 6019/1/6018 6018/1/6017 6023/1/6022 
f 6023/1/6022 6022/1/6021 6019/1/6018 
f 6026/1/6025 6023/1/6022 6018/1/6017 
f 6018/1/6017 6021/1/6020 6026/1/6025 
f 6027/1/6026 6024/1/6023 6023/1/6022 
f 6023/1/6022 6026/1/6025 6027/1/6026 
f 6028/1/6027 6029/1/6028 6030/1/6029 
f 6030/1/6029 6031/1/6030 6028/1/6027 
f 6029/1/6028 6025/1/6024 6024/1/6023 
f 6024/1/6023 6030/1/6029 6029/1/6028 
f 6032/1/6031 6030/1/6029 6024/1/6023 
f 6024/1/6023 6027/1/6026 6032/1/6031 
f 6031/1/6030 6030/1/6029 6032/1/6031 
f 6032/1/6031 6033/1/6032 6031/1/6030 
f 6034/1/6033 6035/1/6034 6036/1/6035 
f 6036/1/6035 6037/1/6036 6034/1/6033 
f 6031/1/6030 6036/1/6035 6035/1/6034 
f 6035/1/6034 6028/1/6027 6031/1/6030 
f 6033/1/6032 6038/1/6037 6036/1/6035 
f 6036/1/6035 6031/1/6030 6033/1/6032 
f 6037/1/6036 6036/1/6035 6038/1/6037 
f 6038/1/6037 6039/1/6038 6037/1/6036 
f 6040/1/6039 6041/1/6040 6042/1/6041 
f 6042/1/6041 6043/1/6042 6040/1/6039 
f 6037/1/6036 6042/1/6041 6041/1/6040 
f 6041/1/6040 6034/1/6033 6037/1/6036 
f 6039/1/6038 6044/1/6043 6042/1/6041 
f 6042/1/6041 6037/1/6036 6039/1/6038 
f 6043/1/6042 6042/1/6041 6044/1/6043 
f 6044/1/6043 6045/1/6044 6043/1/6042 
f 6046/1/6045 6047/1/6046 6048/1/6047 
f 6048/1/6047 6049/1/6048 6046/1/6045 
f 6047/1/6046 6040/1/6039 6043/1/6042 
f 6043/1/6042 6048/1/6047 6047/1/6046 
f 6050/1/6049 6048/1/6047 6043/1/6042 
f 6043/1/6042 6045/1/6044 6050/1/6049 
f 6049/1/6048 6048/1/6047 6050/1/6049 
f 6050/1/6049 6051/1/6050 6049/1/6048 
f 6052/1/6051 6053/1/6052 6054/1/6053 
f 6054/1/6053 6055/1/6054 6052/1/6051 
f 6049/1/6048 6054/1/6053 6053/1/6052 
f 6053/1/6052 6046/1/6045 6049/1/6048 
f 6051/1/6050 6056/1/6055 6054/1/6053 
f 6054/1/6053 6049/1/6048 6051/1/6050 
f 6055/1/6054 6054/1/6053 6056/1/6055 
f 6056/1/6055 6057/1/6056 6055/1/6054 
f 6058/1/6057 6059/1/6058 6060/1/6059 
f 6060/1/6059 6061/1/6060 6058/1/6057 
f 6062/1/6061 6060/1/6059 6059/1/6058 
f 6059/1/6058 6063/1/6062 6062/1/6061 
f 6060/1/6059 6062/1/6061 6064/1/6063 
f 6065/1/6064 6066/1/6065 6061/1/6060 
f 6064/1/6063 6067/1/6066 6068/1/6067 
f 6068/1/6067 6067/1/6066 6069/1/6068 
f 6070/1/6069 6071/1/6070 6072/1/6071 
f 6065/1/6064 6068/1/6067 6072/1/6071 
f 6072/1/6071 6066/1/6065 6065/1/6064 
f 6071/1/6070 6070/1/6069 6073/1/6072 
f 6073/1/6072 6074/1/6073 6071/1/6070 
f 6070/1/6069 6069/1/6068 6075/1/6074 
f 6076/1/6075 6077/1/6076 6073/1/6072 
f 6073/1/6072 6075/1/6074 6076/1/6075 
f 6077/1/6076 6078/1/6077 6074/1/6073 
f 6079/1/6078 6080/1/6079 6081/1/6080 
f 6081/1/6080 6082/1/6081 6079/1/6078 
f 6083/1/6082 6081/1/6080 6080/1/6079 
f 6080/1/6079 6084/1/6083 6083/1/6082 
f 6063/1/6062 6059/1/6058 6081/1/6080 
f 6081/1/6080 6083/1/6082 6063/1/6062 
f 6082/1/6081 6081/1/6080 6059/1/6058 
f 6059/1/6058 6058/1/6057 6082/1/6081 
f 6084/1/6083 6080/1/6079 6085/1/6084 
f 6085/1/6084 6086/1/6085 6084/1/6083 
f 6087/1/6086 6085/1/6084 6080/1/6079 
f 6080/1/6079 6079/1/6078 6087/1/6086 
f 5979/1/5978 5978/1/5977 6085/1/6084 
f 6085/1/6084 6087/1/6086 5979/1/5978 
f 6086/1/6085 6085/1/6084 5978/1/5977 
f 5978/1/5977 5977/1/5976 6086/1/6085 
f 6088/1/6087 6089/1/6088 6090/1/6089 
f 6091/1/6090 6088/1/6087 6092/1/6091 
f 6092/1/6091 6093/1/6092 6091/1/6090 
f 6094/1/6093 6095/1/6094 6088/1/6087 
f 6088/1/6087 6091/1/6090 6094/1/6093 
f 6089/1/6088 6088/1/6087 6095/1/6094 
f 6095/1/6094 6096/1/6095 6089/1/6088 
f 6097/1/6096 6098/1/6097 6090/1/6089 
f 6089/1/6088 6096/1/6095 6099/1/6098 
f 6078/1/6077 6077/1/6076 6097/1/6096 
f 6097/1/6096 6099/1/6098 6078/1/6077 
f 6098/1/6097 6097/1/6096 6077/1/6076 
f 6077/1/6076 6076/1/6075 6098/1/6097 
f 6057/1/6056 6100/1/6099 6101/1/6100 
f 6101/1/6100 6055/1/6054 6057/1/6056 
f 6102/1/6101 6101/1/6100 6100/1/6099 
f 6100/1/6099 6103/1/6102 6102/1/6101 
f 6104/1/6103 6105/1/6104 6101/1/6100 
f 6101/1/6100 6102/1/6101 6104/1/6103 
f 6055/1/6054 6101/1/6100 6105/1/6104 
f 6105/1/6104 6052/1/6051 6055/1/6054 
f 6106/1/6105 6107/1/6106 6091/1/6090 
f 6091/1/6090 6093/1/6092 6106/1/6105 
f 6106/1/6105 6104/1/6103 6102/1/6101 
f 6103/1/6102 6108/1/6107 6107/1/6106 
f 6107/1/6106 6102/1/6101 6103/1/6102 
f 6107/1/6106 6108/1/6107 6094/1/6093 
f 6109/1/6108 6072/1/6071 6071/1/6070 
f 6110/1/6109 6109/1/6108 6111/1/6110 
f 6111/1/6110 6112/1/6111 6110/1/6109 
f 6113/1/6112 6114/1/6113 6109/1/6108 
f 6109/1/6108 6110/1/6109 6113/1/6112 
f 6114/1/6113 6066/1/6065 6072/1/6071 
f 6072/1/6071 6109/1/6108 6114/1/6113 
f 6115/1/6114 6116/1/6115 6117/1/6116 
f 6117/1/6116 6118/1/6117 6115/1/6114 
f 6119/1/6118 6117/1/6116 6116/1/6115 
f 6116/1/6115 6120/1/6119 6119/1/6118 
f 6113/1/6112 6121/1/6120 6117/1/6116 
f 6117/1/6116 6119/1/6118 6113/1/6112 
f 6118/1/6117 6117/1/6116 6121/1/6120 
f 6121/1/6120 6122/1/6121 6118/1/6117 
f 6123/1/6122 6124/1/6123 6125/1/6124 
f 6125/1/6124 6126/1/6125 6123/1/6122 
f 6127/1/6126 6125/1/6124 6124/1/6123 
f 6124/1/6123 6128/1/6127 6127/1/6126 
f 6129/1/6128 6130/1/6129 6125/1/6124 
f 6125/1/6124 6127/1/6126 6129/1/6128 
f 6126/1/6125 6125/1/6124 6130/1/6129 
f 6130/1/6129 6131/1/6130 6126/1/6125 
f 6112/1/6111 6111/1/6110 6132/1/6131 
f 6132/1/6131 6133/1/6132 6112/1/6111 
f 6074/1/6073 6132/1/6131 6111/1/6110 
f 6111/1/6110 6071/1/6070 6074/1/6073 
f 6078/1/6077 6134/1/6133 6132/1/6131 
f 6132/1/6131 6074/1/6073 6078/1/6077 
f 6133/1/6132 6132/1/6131 6134/1/6133 
f 6134/1/6133 6135/1/6134 6133/1/6132 
f 6096/1/6095 6136/1/6135 6137/1/6136 
f 6137/1/6136 6099/1/6098 6096/1/6095 
f 6138/1/6137 6137/1/6136 6136/1/6135 
f 6136/1/6135 6139/1/6138 6138/1/6137 
f 6135/1/6134 6134/1/6133 6137/1/6136 
f 6137/1/6136 6138/1/6137 6135/1/6134 
f 6099/1/6098 6137/1/6136 6134/1/6133 
f 6134/1/6133 6078/1/6077 6099/1/6098 
f 6058/1/6057 6140/1/6139 6141/1/6140 
f 6141/1/6140 6082/1/6081 6058/1/6057 
f 6142/1/6141 6141/1/6140 6140/1/6139 
f 6140/1/6139 6120/1/6119 6142/1/6141 
f 6143/1/6142 6144/1/6143 6141/1/6140 
f 6141/1/6140 6142/1/6141 6143/1/6142 
f 6082/1/6081 6141/1/6140 6144/1/6143 
f 6144/1/6143 6079/1/6078 6082/1/6081 
f 6066/1/6065 6114/1/6113 6145/1/6144 
f 6145/1/6144 6061/1/6060 6066/1/6065 
f 6119/1/6118 6145/1/6144 6114/1/6113 
f 6114/1/6113 6113/1/6112 6119/1/6118 
f 6120/1/6119 6140/1/6139 6145/1/6144 
f 6145/1/6144 6119/1/6118 6120/1/6119 
f 6061/1/6060 6145/1/6144 6140/1/6139 
f 6140/1/6139 6058/1/6057 6061/1/6060 
f 6079/1/6078 6144/1/6143 6146/1/6145 
f 6146/1/6145 6087/1/6086 6079/1/6078 
f 6147/1/6146 6146/1/6145 6144/1/6143 
f 6144/1/6143 6143/1/6142 6147/1/6146 
f 6148/1/6147 6149/1/6148 6146/1/6145 
f 6146/1/6145 6147/1/6146 6148/1/6147 
f 6087/1/6086 6146/1/6145 6149/1/6148 
f 6149/1/6148 5979/1/5978 6087/1/6086 
f 6150/1/6149 6151/1/6150 6152/1/6151 
f 6152/1/6151 6153/1/6152 6150/1/6149 
f 6139/1/6138 6136/1/6135 6151/1/6150 
f 6151/1/6150 6150/1/6149 6139/1/6138 
f 6096/1/6095 6095/1/6094 6151/1/6150 
f 6151/1/6150 6136/1/6135 6096/1/6095 
f 6152/1/6151 6151/1/6150 6095/1/6094 
f 6095/1/6094 6094/1/6093 6152/1/6151 
f 6123/1/6122 6154/1/6153 6155/1/6154 
f 6155/1/6154 6156/1/6155 6123/1/6122 
f 6154/1/6153 6153/1/6152 6152/1/6151 
f 6155/1/6154 6152/1/6151 6094/1/6093 
f 6156/1/6155 6155/1/6154 6108/1/6107 
f 6108/1/6107 6103/1/6102 6156/1/6155 
f 5979/1/5978 6149/1/6148 6157/1/6156 
f 6157/1/6156 5974/1/5973 5979/1/5978 
f 6158/1/6157 6157/1/6156 6149/1/6148 
f 6149/1/6148 6148/1/6147 6158/1/6157 
f 6159/1/6158 6160/1/6159 6157/1/6156 
f 6157/1/6156 6158/1/6157 6159/1/6158 
f 5974/1/5973 6157/1/6156 6160/1/6159 
f 6160/1/6159 5971/1/5970 5974/1/5973 
f 5971/1/5970 6160/1/6159 6161/1/6160 
f 6161/1/6160 5982/1/5981 5971/1/5970 
f 6162/1/6161 6161/1/6160 6160/1/6159 
f 6160/1/6159 6159/1/6158 6162/1/6161 
f 6163/1/6162 6164/1/6163 6161/1/6160 
f 6161/1/6160 6162/1/6161 6163/1/6162 
f 5982/1/5981 6161/1/6160 6164/1/6163 
f 6164/1/6163 5983/1/5982 5982/1/5981 
f 5983/1/5982 6164/1/6163 6165/1/6164 
f 6165/1/6164 5988/1/5987 5983/1/5982 
f 6166/1/6165 6165/1/6164 6164/1/6163 
f 6164/1/6163 6163/1/6162 6166/1/6165 
f 6167/1/6166 6168/1/6167 6165/1/6164 
f 6165/1/6164 6166/1/6165 6167/1/6166 
f 5988/1/5987 6165/1/6164 6168/1/6167 
f 6168/1/6167 5989/1/5988 5988/1/5987 
f 5989/1/5988 6168/1/6167 6169/1/6168 
f 6169/1/6168 5994/1/5993 5989/1/5988 
f 6170/1/6169 6169/1/6168 6168/1/6167 
f 6168/1/6167 6167/1/6166 6170/1/6169 
f 6171/1/6170 6172/1/6171 6169/1/6168 
f 6169/1/6168 6170/1/6169 6171/1/6170 
f 5994/1/5993 6169/1/6168 6172/1/6171 
f 6172/1/6171 5995/1/5994 5994/1/5993 
f 6167/1/6166 6173/1/6172 6174/1/6173 
f 6174/1/6173 6170/1/6169 6167/1/6166 
f 6175/1/6174 6174/1/6173 6173/1/6172 
f 6173/1/6172 6176/1/6175 6175/1/6174 
f 6177/1/6176 6178/1/6177 6174/1/6173 
f 6174/1/6173 6175/1/6174 6177/1/6176 
f 6170/1/6169 6174/1/6173 6178/1/6177 
f 6178/1/6177 6171/1/6170 6170/1/6169 
f 6179/1/6178 6180/1/6179 6172/1/6171 
f 6172/1/6171 6171/1/6170 6179/1/6178 
f 6181/1/6180 6182/1/6181 6180/1/6179 
f 6180/1/6179 6179/1/6178 6181/1/6180 
f 6000/1/5999 6180/1/6179 6182/1/6181 
f 6182/1/6181 6001/1/6000 6000/1/5999 
f 5995/1/5994 6172/1/6171 6180/1/6179 
f 6180/1/6179 6000/1/5999 5995/1/5994 
f 6171/1/6170 6178/1/6177 6183/1/6182 
f 6183/1/6182 6179/1/6178 6171/1/6170 
f 6184/1/6183 6183/1/6182 6178/1/6177 
f 6178/1/6177 6177/1/6176 6184/1/6183 
f 6185/1/6184 6186/1/6185 6183/1/6182 
f 6183/1/6182 6184/1/6183 6185/1/6184 
f 6179/1/6178 6183/1/6182 6186/1/6185 
f 6186/1/6185 6181/1/6180 6179/1/6178 
f 6187/1/6186 6188/1/6187 6182/1/6181 
f 6182/1/6181 6181/1/6180 6187/1/6186 
f 6189/1/6188 6190/1/6189 6188/1/6187 
f 6188/1/6187 6187/1/6186 6189/1/6188 
f 6008/1/6007 6188/1/6187 6190/1/6189 
f 6190/1/6189 6009/1/6008 6008/1/6007 
f 6001/1/6000 6182/1/6181 6188/1/6187 
f 6188/1/6187 6008/1/6007 6001/1/6000 
f 6187/1/6186 6191/1/6190 6192/1/6191 
f 6192/1/6191 6189/1/6188 6187/1/6186 
f 6181/1/6180 6186/1/6185 6191/1/6190 
f 6191/1/6190 6187/1/6186 6181/1/6180 
f 6193/1/6192 6191/1/6190 6186/1/6185 
f 6186/1/6185 6185/1/6184 6193/1/6192 
f 6194/1/6193 6192/1/6191 6191/1/6190 
f 6191/1/6190 6193/1/6192 6194/1/6193 
f 6195/1/6194 6196/1/6195 6190/1/6189 
f 6190/1/6189 6189/1/6188 6195/1/6194 
f 6197/1/6196 6198/1/6197 6196/1/6195 
f 6196/1/6195 6195/1/6194 6197/1/6196 
f 6014/1/6013 6196/1/6195 6198/1/6197 
f 6198/1/6197 6015/1/6014 6014/1/6013 
f 6009/1/6008 6190/1/6189 6196/1/6195 
f 6196/1/6195 6014/1/6013 6009/1/6008 
f 6195/1/6194 6199/1/6198 6200/1/6199 
f 6200/1/6199 6197/1/6196 6195/1/6194 
f 6189/1/6188 6192/1/6191 6199/1/6198 
f 6199/1/6198 6195/1/6194 6189/1/6188 
f 6201/1/6200 6199/1/6198 6192/1/6191 
f 6192/1/6191 6194/1/6193 6201/1/6200 
f 6202/1/6201 6200/1/6199 6199/1/6198 
f 6199/1/6198 6201/1/6200 6202/1/6201 
f 6203/1/6202 6204/1/6203 6198/1/6197 
f 6198/1/6197 6197/1/6196 6203/1/6202 
f 6205/1/6204 6206/1/6205 6204/1/6203 
f 6204/1/6203 6203/1/6202 6205/1/6204 
f 6020/1/6019 6204/1/6203 6206/1/6205 
f 6206/1/6205 6021/1/6020 6020/1/6019 
f 6015/1/6014 6198/1/6197 6204/1/6203 
f 6204/1/6203 6020/1/6019 6015/1/6014 
f 6203/1/6202 6207/1/6206 6208/1/6207 
f 6208/1/6207 6205/1/6204 6203/1/6202 
f 6197/1/6196 6200/1/6199 6207/1/6206 
f 6207/1/6206 6203/1/6202 6197/1/6196 
f 6209/1/6208 6207/1/6206 6200/1/6199 
f 6200/1/6199 6202/1/6201 6209/1/6208 
f 6210/1/6209 6208/1/6207 6207/1/6206 
f 6207/1/6206 6209/1/6208 6210/1/6209 
f 6211/1/6210 6212/1/6211 6206/1/6205 
f 6206/1/6205 6205/1/6204 6211/1/6210 
f 6213/1/6212 6214/1/6213 6212/1/6211 
f 6212/1/6211 6211/1/6210 6213/1/6212 
f 6026/1/6025 6212/1/6211 6214/1/6213 
f 6214/1/6213 6027/1/6026 6026/1/6025 
f 6021/1/6020 6206/1/6205 6212/1/6211 
f 6212/1/6211 6026/1/6025 6021/1/6020 
f 6205/1/6204 6208/1/6207 6215/1/6214 
f 6215/1/6214 6211/1/6210 6205/1/6204 
f 6216/1/6215 6215/1/6214 6208/1/6207 
f 6208/1/6207 6210/1/6209 6216/1/6215 
f 6217/1/6216 6218/1/6217 6215/1/6214 
f 6215/1/6214 6216/1/6215 6217/1/6216 
f 6211/1/6210 6215/1/6214 6218/1/6217 
f 6218/1/6217 6213/1/6212 6211/1/6210 
f 6219/1/6218 6220/1/6219 6214/1/6213 
f 6214/1/6213 6213/1/6212 6219/1/6218 
f 6221/1/6220 6222/1/6221 6220/1/6219 
f 6220/1/6219 6219/1/6218 6221/1/6220 
f 6032/1/6031 6220/1/6219 6222/1/6221 
f 6222/1/6221 6033/1/6032 6032/1/6031 
f 6027/1/6026 6214/1/6213 6220/1/6219 
f 6220/1/6219 6032/1/6031 6027/1/6026 
f 6213/1/6212 6218/1/6217 6223/1/6222 
f 6223/1/6222 6219/1/6218 6213/1/6212 
f 6224/1/6223 6223/1/6222 6218/1/6217 
f 6218/1/6217 6217/1/6216 6224/1/6223 
f 6225/1/6224 6226/1/6225 6223/1/6222 
f 6223/1/6222 6224/1/6223 6225/1/6224 
f 6219/1/6218 6223/1/6222 6226/1/6225 
f 6226/1/6225 6221/1/6220 6219/1/6218 
f 6227/1/6226 6228/1/6227 6222/1/6221 
f 6222/1/6221 6221/1/6220 6227/1/6226 
f 6229/1/6228 6228/1/6227 6227/1/6226 
f 6227/1/6226 6230/1/6229 6229/1/6228 
f 6039/1/6038 6038/1/6037 6228/1/6227 
f 6228/1/6227 6229/1/6228 6039/1/6038 
f 6222/1/6221 6228/1/6227 6038/1/6037 
f 6038/1/6037 6033/1/6032 6222/1/6221 
f 6230/1/6229 6227/1/6226 6231/1/6230 
f 6231/1/6230 6232/1/6231 6230/1/6229 
f 6221/1/6220 6226/1/6225 6231/1/6230 
f 6231/1/6230 6227/1/6226 6221/1/6220 
f 6233/1/6232 6231/1/6230 6226/1/6225 
f 6226/1/6225 6225/1/6224 6233/1/6232 
f 6234/1/6233 6232/1/6231 6231/1/6230 
f 6231/1/6230 6233/1/6232 6234/1/6233 
f 6230/1/6229 6235/1/6234 6236/1/6235 
f 6236/1/6235 6229/1/6228 6230/1/6229 
f 6237/1/6236 6236/1/6235 6235/1/6234 
f 6235/1/6234 6238/1/6237 6237/1/6236 
f 6045/1/6044 6044/1/6043 6236/1/6235 
f 6236/1/6235 6237/1/6236 6045/1/6044 
f 6229/1/6228 6236/1/6235 6044/1/6043 
f 6044/1/6043 6039/1/6038 6229/1/6228 
f 6238/1/6237 6235/1/6234 6239/1/6238 
f 6239/1/6238 6240/1/6239 6238/1/6237 
f 6232/1/6231 6239/1/6238 6235/1/6234 
f 6235/1/6234 6230/1/6229 6232/1/6231 
f 6241/1/6240 6239/1/6238 6232/1/6231 
f 6232/1/6231 6234/1/6233 6241/1/6240 
f 6240/1/6239 6239/1/6238 6241/1/6240 
f 6241/1/6240 6242/1/6241 6240/1/6239 
f 6238/1/6237 6243/1/6242 6244/1/6243 
f 6244/1/6243 6237/1/6236 6238/1/6237 
f 6245/1/6244 6244/1/6243 6243/1/6242 
f 6243/1/6242 6246/1/6245 6245/1/6244 
f 6051/1/6050 6050/1/6049 6244/1/6243 
f 6244/1/6243 6245/1/6244 6051/1/6050 
f 6045/1/6044 6237/1/6236 6244/1/6243 
f 6244/1/6243 6050/1/6049 6045/1/6044 
f 6246/1/6245 6243/1/6242 6247/1/6246 
f 6247/1/6246 6248/1/6247 6246/1/6245 
f 6240/1/6239 6247/1/6246 6243/1/6242 
f 6243/1/6242 6238/1/6237 6240/1/6239 
f 6242/1/6241 6249/1/6248 6247/1/6246 
f 6247/1/6246 6240/1/6239 6242/1/6241 
f 6248/1/6247 6247/1/6246 6249/1/6248 
f 6249/1/6248 6250/1/6249 6248/1/6247 
f 6246/1/6245 6251/1/6250 6252/1/6251 
f 6252/1/6251 6245/1/6244 6246/1/6245 
f 6253/1/6252 6252/1/6251 6251/1/6250 
f 6251/1/6250 6128/1/6127 6253/1/6252 
f 6057/1/6056 6056/1/6055 6252/1/6251 
f 6252/1/6251 6253/1/6252 6057/1/6056 
f 6245/1/6244 6252/1/6251 6056/1/6055 
f 6056/1/6055 6051/1/6050 6245/1/6244 
f 6128/1/6127 6251/1/6250 6254/1/6253 
f 6254/1/6253 6127/1/6126 6128/1/6127 
f 6248/1/6247 6254/1/6253 6251/1/6250 
f 6251/1/6250 6246/1/6245 6248/1/6247 
f 6250/1/6249 6255/1/6254 6254/1/6253 
f 6254/1/6253 6248/1/6247 6250/1/6249 
f 6127/1/6126 6254/1/6253 6255/1/6254 
f 6255/1/6254 6129/1/6128 6127/1/6126 
f 6128/1/6127 6124/1/6123 6256/1/6255 
f 6256/1/6255 6253/1/6252 6128/1/6127 
f 6156/1/6155 6256/1/6255 6124/1/6123 
f 6124/1/6123 6123/1/6122 6156/1/6155 
f 6103/1/6102 6100/1/6099 6256/1/6255 
f 6256/1/6255 6156/1/6155 6103/1/6102 
f 6253/1/6252 6256/1/6255 6100/1/6099 
f 6100/1/6099 6057/1/6056 6253/1/6252 
f 5985/1/5984 6257/1/6256 6258/1/6257 
f 6258/1/6257 5981/1/5980 5985/1/5984 
f 6259/1/6258 6258/1/6257 6257/1/6256 
f 6257/1/6256 6260/1/6259 6259/1/6258 
f 6261/1/6260 6262/1/6261 6258/1/6257 
f 6258/1/6257 6259/1/6258 6261/1/6260 
f 5981/1/5980 6258/1/6257 6262/1/6261 
f 6262/1/6261 5976/1/5975 5981/1/5980 
f 5991/1/5990 6263/1/6262 6264/1/6263 
f 6264/1/6263 5987/1/5986 5991/1/5990 
f 6265/1/6264 6264/1/6263 6263/1/6262 
f 6263/1/6262 6266/1/6265 6265/1/6264 
f 6260/1/6259 6257/1/6256 6264/1/6263 
f 6264/1/6263 6265/1/6264 6260/1/6259 
f 5987/1/5986 6264/1/6263 6257/1/6256 
f 6257/1/6256 5985/1/5984 5987/1/5986 
f 5997/1/5996 6267/1/6266 6268/1/6267 
f 6268/1/6267 5993/1/5992 5997/1/5996 
f 6269/1/6268 6268/1/6267 6267/1/6266 
f 6267/1/6266 6270/1/6269 6269/1/6268 
f 6266/1/6265 6263/1/6262 6268/1/6267 
f 6268/1/6267 6269/1/6268 6266/1/6265 
f 5993/1/5992 6268/1/6267 6263/1/6262 
f 6263/1/6262 5991/1/5990 5993/1/5992 
f 6003/1/6002 6271/1/6270 6272/1/6271 
f 6272/1/6271 5999/1/5998 6003/1/6002 
f 6273/1/6272 6272/1/6271 6271/1/6270 
f 6271/1/6270 6274/1/6273 6273/1/6272 
f 6270/1/6269 6267/1/6266 6272/1/6271 
f 6272/1/6271 6273/1/6272 6270/1/6269 
f 5999/1/5998 6272/1/6271 6267/1/6266 
f 6267/1/6266 5997/1/5996 5999/1/5998 
f 6007/1/6006 6275/1/6274 6276/1/6275 
f 6276/1/6275 6004/1/6003 6007/1/6006 
f 6277/1/6276 6276/1/6275 6275/1/6274 
f 6275/1/6274 6278/1/6277 6277/1/6276 
f 6274/1/6273 6271/1/6270 6276/1/6275 
f 6276/1/6275 6277/1/6276 6274/1/6273 
f 6004/1/6003 6276/1/6275 6271/1/6270 
f 6271/1/6270 6003/1/6002 6004/1/6003 
f 6010/1/6009 6279/1/6278 6275/1/6274 
f 6275/1/6274 6007/1/6006 6010/1/6009 
f 6013/1/6012 6280/1/6279 6279/1/6278 
f 6279/1/6278 6010/1/6009 6013/1/6012 
f 6281/1/6280 6279/1/6278 6280/1/6279 
f 6280/1/6279 6282/1/6281 6281/1/6280 
f 6278/1/6277 6275/1/6274 6279/1/6278 
f 6279/1/6278 6281/1/6280 6278/1/6277 
f 6016/1/6015 6283/1/6282 6280/1/6279 
f 6280/1/6279 6013/1/6012 6016/1/6015 
f 6019/1/6018 6284/1/6283 6283/1/6282 
f 6283/1/6282 6016/1/6015 6019/1/6018 
f 6285/1/6284 6283/1/6282 6284/1/6283 
f 6284/1/6283 6286/1/6285 6285/1/6284 
f 6282/1/6281 6280/1/6279 6283/1/6282 
f 6283/1/6282 6285/1/6284 6282/1/6281 
f 6022/1/6021 6287/1/6286 6284/1/6283 
f 6284/1/6283 6019/1/6018 6022/1/6021 
f 6025/1/6024 6288/1/6287 6287/1/6286 
f 6287/1/6286 6022/1/6021 6025/1/6024 
f 6288/1/6287 6289/1/6288 6290/1/6289 
f 6290/1/6289 6287/1/6286 6288/1/6287 
f 6286/1/6285 6284/1/6283 6287/1/6286 
f 6287/1/6286 6290/1/6289 6286/1/6285 
f 6025/1/6024 6029/1/6028 6291/1/6290 
f 6291/1/6290 6288/1/6287 6025/1/6024 
f 6292/1/6291 6291/1/6290 6029/1/6028 
f 6029/1/6028 6028/1/6027 6292/1/6291 
f 6293/1/6292 6294/1/6293 6291/1/6290 
f 6291/1/6290 6292/1/6291 6293/1/6292 
f 6288/1/6287 6291/1/6290 6294/1/6293 
f 6294/1/6293 6289/1/6288 6288/1/6287 
f 6028/1/6027 6035/1/6034 6295/1/6294 
f 6295/1/6294 6292/1/6291 6028/1/6027 
f 6296/1/6295 6295/1/6294 6035/1/6034 
f 6035/1/6034 6034/1/6033 6296/1/6295 
f 6297/1/6296 6298/1/6297 6295/1/6294 
f 6295/1/6294 6296/1/6295 6297/1/6296 
f 6292/1/6291 6295/1/6294 6298/1/6297 
f 6298/1/6297 6293/1/6292 6292/1/6291 
f 6034/1/6033 6041/1/6040 6299/1/6298 
f 6299/1/6298 6296/1/6295 6034/1/6033 
f 6300/1/6299 6299/1/6298 6041/1/6040 
f 6041/1/6040 6040/1/6039 6300/1/6299 
f 6301/1/6300 6302/1/6301 6299/1/6298 
f 6299/1/6298 6300/1/6299 6301/1/6300 
f 6296/1/6295 6299/1/6298 6302/1/6301 
f 6302/1/6301 6297/1/6296 6296/1/6295 
f 6040/1/6039 6047/1/6046 6303/1/6302 
f 6303/1/6302 6300/1/6299 6040/1/6039 
f 6304/1/6303 6303/1/6302 6047/1/6046 
f 6047/1/6046 6046/1/6045 6304/1/6303 
f 6305/1/6304 6306/1/6305 6303/1/6302 
f 6303/1/6302 6304/1/6303 6305/1/6304 
f 6300/1/6299 6303/1/6302 6306/1/6305 
f 6306/1/6305 6301/1/6300 6300/1/6299 
f 6046/1/6045 6053/1/6052 6307/1/6306 
f 6307/1/6306 6304/1/6303 6046/1/6045 
f 6308/1/6307 6307/1/6306 6053/1/6052 
f 6053/1/6052 6052/1/6051 6308/1/6307 
f 6309/1/6308 6310/1/6309 6307/1/6306 
f 6307/1/6306 6308/1/6307 6309/1/6308 
f 6304/1/6303 6307/1/6306 6310/1/6309 
f 6310/1/6309 6305/1/6304 6304/1/6303 
f 6052/1/6051 6105/1/6104 6311/1/6310 
f 6311/1/6310 6308/1/6307 6052/1/6051 
f 6312/1/6311 6311/1/6310 6105/1/6104 
f 6105/1/6104 6104/1/6103 6312/1/6311 
f 6313/1/6312 6314/1/6313 6311/1/6310 
f 6311/1/6310 6312/1/6311 6313/1/6312 
f 6308/1/6307 6311/1/6310 6314/1/6313 
f 6314/1/6313 6309/1/6308 6308/1/6307 
f 6315/1/6314 6316/1/6315 6317/1/6316 
f 6317/1/6316 6318/1/6317 6315/1/6314 
f 6316/1/6315 6313/1/6312 6312/1/6311 
f 6317/1/6316 6312/1/6311 6104/1/6103 
f 6093/1/6092 6318/1/6317 6317/1/6316 
f 6093/1/6092 6092/1/6091 6319/1/6318 
f 6319/1/6318 6318/1/6317 6093/1/6092 
f 6092/1/6091 6090/1/6089 6320/1/6319 
f 6321/1/6320 6319/1/6318 6320/1/6319 
f 6320/1/6319 6322/1/6321 6321/1/6320 
f 6321/1/6320 6315/1/6314 6318/1/6317 
f 6076/1/6075 6323/1/6322 6324/1/6323 
f 6324/1/6323 6098/1/6097 6076/1/6075 
f 6325/1/6324 6324/1/6323 6323/1/6322 
f 6323/1/6322 6326/1/6325 6325/1/6324 
f 6322/1/6321 6320/1/6319 6324/1/6323 
f 6324/1/6323 6325/1/6324 6322/1/6321 
f 6098/1/6097 6324/1/6323 6320/1/6319 
f 6320/1/6319 6090/1/6089 6098/1/6097 
f 6326/1/6325 6323/1/6322 6327/1/6326 
f 6327/1/6326 6328/1/6327 6326/1/6325 
f 6075/1/6074 6327/1/6326 6323/1/6322 
f 6323/1/6322 6076/1/6075 6075/1/6074 
f 6069/1/6068 6329/1/6328 6327/1/6326 
f 6327/1/6326 6075/1/6074 6069/1/6068 
f 6328/1/6327 6327/1/6326 6329/1/6328 
f 6329/1/6328 6330/1/6329 6328/1/6327 
f 6084/1/6083 6331/1/6330 6332/1/6331 
f 6332/1/6331 6083/1/6082 6084/1/6083 
f 6333/1/6332 6332/1/6331 6331/1/6330 
f 6331/1/6330 6334/1/6333 6333/1/6332 
f 6335/1/6334 6336/1/6335 6332/1/6331 
f 6332/1/6331 6333/1/6332 6335/1/6334 
f 6083/1/6082 6332/1/6331 6336/1/6335 
f 6336/1/6335 6063/1/6062 6083/1/6082 
f 5977/1/5976 6337/1/6336 6338/1/6337 
f 6338/1/6337 6086/1/6085 5977/1/5976 
f 6339/1/6338 6338/1/6337 6337/1/6336 
f 6337/1/6336 6340/1/6339 6339/1/6338 
f 6334/1/6333 6331/1/6330 6338/1/6337 
f 6338/1/6337 6339/1/6338 6334/1/6333 
f 6086/1/6085 6338/1/6337 6331/1/6330 
f 6331/1/6330 6084/1/6083 6086/1/6085 
f 6340/1/6339 6337/1/6336 6341/1/6340 
f 6341/1/6340 6342/1/6341 6340/1/6339 
f 5975/1/5974 6341/1/6340 6337/1/6336 
f 6337/1/6336 5977/1/5976 5975/1/5974 
f 5976/1/5975 6262/1/6261 6341/1/6340 
f 6341/1/6340 5975/1/5974 5976/1/5975 
f 6342/1/6341 6341/1/6340 6262/1/6261 
f 6262/1/6261 6261/1/6260 6342/1/6341 
f 6063/1/6062 6336/1/6335 6343/1/6342 
f 6343/1/6342 6062/1/6061 6063/1/6062 
f 6344/1/6343 6343/1/6342 6336/1/6335 
f 6336/1/6335 6335/1/6334 6344/1/6343 
f 6345/1/6344 6346/1/6345 6343/1/6342 
f 6343/1/6342 6344/1/6343 6345/1/6344 
f 6062/1/6061 6343/1/6342 6346/1/6345 
f 6346/1/6345 6064/1/6063 6062/1/6061 
f 6064/1/6063 6346/1/6345 6347/1/6346 
f 6347/1/6346 6067/1/6066 6064/1/6063 
f 6348/1/6347 6347/1/6346 6346/1/6345 
f 6346/1/6345 6345/1/6344 6348/1/6347 
f 6330/1/6329 6329/1/6328 6347/1/6346 
f 6347/1/6346 6348/1/6347 6330/1/6329 
f 6329/1/6328 6069/1/6068 6067/1/6066 
f 6261/1/6260 6349/1/6348 6350/1/6349 
f 6350/1/6349 6342/1/6341 6261/1/6260 
f 6351/1/6350 6350/1/6349 6349/1/6348 
f 6349/1/6348 6352/1/6351 6351/1/6350 
f 6353/1/6352 6354/1/6353 6350/1/6349 
f 6350/1/6349 6351/1/6350 6353/1/6352 
f 6342/1/6341 6350/1/6349 6354/1/6353 
f 6354/1/6353 6340/1/6339 6342/1/6341 
f 6355/1/6354 6356/1/6355 6357/1/6356 
f 6357/1/6356 6358/1/6357 6355/1/6354 
f 6359/1/6358 6357/1/6356 6356/1/6355 
f 6356/1/6355 6360/1/6359 6359/1/6358 
f 6361/1/6360 6362/1/6361 6357/1/6356 
f 6357/1/6356 6359/1/6358 6361/1/6360 
f 6358/1/6357 6357/1/6356 6362/1/6361 
f 6362/1/6361 6363/1/6362 6358/1/6357 
f 6335/1/6334 6364/1/6363 6365/1/6364 
f 6365/1/6364 6344/1/6343 6335/1/6334 
f 6366/1/6365 6365/1/6364 6364/1/6363 
f 6364/1/6363 6367/1/6366 6366/1/6365 
f 6368/1/6367 6369/1/6368 6365/1/6364 
f 6365/1/6364 6366/1/6365 6368/1/6367 
f 6344/1/6343 6365/1/6364 6369/1/6368 
f 6369/1/6368 6345/1/6344 6344/1/6343 
f 6370/1/6369 6371/1/6370 6372/1/6371 
f 6372/1/6371 6373/1/6372 6370/1/6369 
f 6374/1/6373 6372/1/6371 6371/1/6370 
f 6371/1/6370 6352/1/6351 6374/1/6373 
f 6375/1/6374 6376/1/6375 6372/1/6371 
f 6372/1/6371 6374/1/6373 6375/1/6374 
f 6373/1/6372 6372/1/6371 6376/1/6375 
f 6376/1/6375 6377/1/6376 6373/1/6372 
f 6378/1/6377 6379/1/6378 6380/1/6379 
f 6380/1/6379 6381/1/6380 6378/1/6377 
f 6351/1/6350 6380/1/6379 6379/1/6378 
f 6379/1/6378 6353/1/6352 6351/1/6350 
f 6352/1/6351 6371/1/6370 6380/1/6379 
f 6380/1/6379 6351/1/6350 6352/1/6351 
f 6381/1/6380 6380/1/6379 6371/1/6370 
f 6371/1/6370 6370/1/6369 6381/1/6380 
f 6352/1/6351 6349/1/6348 6382/1/6381 
f 6382/1/6381 6374/1/6373 6352/1/6351 
f 6259/1/6258 6382/1/6381 6349/1/6348 
f 6349/1/6348 6261/1/6260 6259/1/6258 
f 6260/1/6259 6383/1/6382 6382/1/6381 
f 6382/1/6381 6259/1/6258 6260/1/6259 
f 6374/1/6373 6382/1/6381 6383/1/6382 
f 6383/1/6382 6375/1/6374 6374/1/6373 
f 6377/1/6376 6376/1/6375 6384/1/6383 
f 6384/1/6383 6385/1/6384 6377/1/6376 
f 6386/1/6385 6384/1/6383 6376/1/6375 
f 6376/1/6375 6375/1/6374 6386/1/6385 
f 6387/1/6386 6388/1/6387 6384/1/6383 
f 6384/1/6383 6386/1/6385 6387/1/6386 
f 6385/1/6384 6384/1/6383 6388/1/6387 
f 6388/1/6387 6389/1/6388 6385/1/6384 
f 6375/1/6374 6383/1/6382 6390/1/6389 
f 6390/1/6389 6386/1/6385 6375/1/6374 
f 6265/1/6264 6390/1/6389 6383/1/6382 
f 6383/1/6382 6260/1/6259 6265/1/6264 
f 6266/1/6265 6391/1/6390 6390/1/6389 
f 6390/1/6389 6265/1/6264 6266/1/6265 
f 6386/1/6385 6390/1/6389 6391/1/6390 
f 6391/1/6390 6387/1/6386 6386/1/6385 
f 6389/1/6388 6388/1/6387 6392/1/6391 
f 6392/1/6391 6393/1/6392 6389/1/6388 
f 6394/1/6393 6392/1/6391 6388/1/6387 
f 6388/1/6387 6387/1/6386 6394/1/6393 
f 6395/1/6394 6396/1/6395 6392/1/6391 
f 6392/1/6391 6394/1/6393 6395/1/6394 
f 6393/1/6392 6392/1/6391 6396/1/6395 
f 6396/1/6395 6397/1/6396 6393/1/6392 
f 6387/1/6386 6391/1/6390 6398/1/6397 
f 6398/1/6397 6394/1/6393 6387/1/6386 
f 6269/1/6268 6398/1/6397 6391/1/6390 
f 6391/1/6390 6266/1/6265 6269/1/6268 
f 6270/1/6269 6399/1/6398 6398/1/6397 
f 6398/1/6397 6269/1/6268 6270/1/6269 
f 6394/1/6393 6398/1/6397 6399/1/6398 
f 6399/1/6398 6395/1/6394 6394/1/6393 
f 6397/1/6396 6396/1/6395 6400/1/6399 
f 6400/1/6399 6401/1/6400 6397/1/6396 
f 6402/1/6401 6400/1/6399 6396/1/6395 
f 6396/1/6395 6395/1/6394 6402/1/6401 
f 6403/1/6402 6404/1/6403 6400/1/6399 
f 6400/1/6399 6402/1/6401 6403/1/6402 
f 6401/1/6400 6400/1/6399 6404/1/6403 
f 6404/1/6403 6405/1/6404 6401/1/6400 
f 6395/1/6394 6399/1/6398 6406/1/6405 
f 6406/1/6405 6402/1/6401 6395/1/6394 
f 6273/1/6272 6406/1/6405 6399/1/6398 
f 6399/1/6398 6270/1/6269 6273/1/6272 
f 6274/1/6273 6407/1/6406 6406/1/6405 
f 6406/1/6405 6273/1/6272 6274/1/6273 
f 6402/1/6401 6406/1/6405 6407/1/6406 
f 6407/1/6406 6403/1/6402 6402/1/6401 
f 6408/1/6407 6409/1/6408 6404/1/6403 
f 6404/1/6403 6403/1/6402 6408/1/6407 
f 6410/1/6409 6411/1/6410 6409/1/6408 
f 6409/1/6408 6408/1/6407 6410/1/6409 
f 6412/1/6411 6409/1/6408 6411/1/6410 
f 6411/1/6410 6413/1/6412 6412/1/6411 
f 6405/1/6404 6404/1/6403 6409/1/6408 
f 6409/1/6408 6412/1/6411 6405/1/6404 
f 6408/1/6407 6414/1/6413 6415/1/6414 
f 6415/1/6414 6410/1/6409 6408/1/6407 
f 6403/1/6402 6407/1/6406 6414/1/6413 
f 6414/1/6413 6408/1/6407 6403/1/6402 
f 6277/1/6276 6414/1/6413 6407/1/6406 
f 6407/1/6406 6274/1/6273 6277/1/6276 
f 6278/1/6277 6415/1/6414 6414/1/6413 
f 6414/1/6413 6277/1/6276 6278/1/6277 
f 6416/1/6415 6417/1/6416 6411/1/6410 
f 6411/1/6410 6410/1/6409 6416/1/6415 
f 6418/1/6417 6419/1/6418 6417/1/6416 
f 6417/1/6416 6416/1/6415 6418/1/6417 
f 6420/1/6419 6421/1/6420 6417/1/6416 
f 6417/1/6416 6419/1/6418 6420/1/6419 
f 6413/1/6412 6411/1/6410 6417/1/6416 
f 6417/1/6416 6421/1/6420 6413/1/6412 
f 6416/1/6415 6422/1/6421 6423/1/6422 
f 6423/1/6422 6418/1/6417 6416/1/6415 
f 6410/1/6409 6415/1/6414 6422/1/6421 
f 6422/1/6421 6416/1/6415 6410/1/6409 
f 6281/1/6280 6422/1/6421 6415/1/6414 
f 6415/1/6414 6278/1/6277 6281/1/6280 
f 6282/1/6281 6423/1/6422 6422/1/6421 
f 6422/1/6421 6281/1/6280 6282/1/6281 
f 6418/1/6417 6424/1/6423 6425/1/6424 
f 6425/1/6424 6419/1/6418 6418/1/6417 
f 6426/1/6425 6425/1/6424 6424/1/6423 
f 6424/1/6423 6427/1/6426 6426/1/6425 
f 6428/1/6427 6429/1/6428 6425/1/6424 
f 6425/1/6424 6426/1/6425 6428/1/6427 
f 6419/1/6418 6425/1/6424 6429/1/6428 
f 6429/1/6428 6420/1/6419 6419/1/6418 
f 6424/1/6423 6430/1/6429 6431/1/6430 
f 6431/1/6430 6427/1/6426 6424/1/6423 
f 6418/1/6417 6423/1/6422 6430/1/6429 
f 6430/1/6429 6424/1/6423 6418/1/6417 
f 6285/1/6284 6430/1/6429 6423/1/6422 
f 6423/1/6422 6282/1/6281 6285/1/6284 
f 6286/1/6285 6431/1/6430 6430/1/6429 
f 6430/1/6429 6285/1/6284 6286/1/6285 
f 6427/1/6426 6432/1/6431 6433/1/6432 
f 6433/1/6432 6426/1/6425 6427/1/6426 
f 6434/1/6433 6433/1/6432 6432/1/6431 
f 6432/1/6431 6435/1/6434 6434/1/6433 
f 6436/1/6435 6437/1/6436 6433/1/6432 
f 6433/1/6432 6434/1/6433 6436/1/6435 
f 6426/1/6425 6433/1/6432 6437/1/6436 
f 6437/1/6436 6428/1/6427 6426/1/6425 
f 6435/1/6434 6432/1/6431 6438/1/6437 
f 6438/1/6437 6439/1/6438 6435/1/6434 
f 6431/1/6430 6438/1/6437 6432/1/6431 
f 6432/1/6431 6427/1/6426 6431/1/6430 
f 6290/1/6289 6438/1/6437 6431/1/6430 
f 6431/1/6430 6286/1/6285 6290/1/6289 
f 6289/1/6288 6439/1/6438 6438/1/6437 
f 6438/1/6437 6290/1/6289 6289/1/6288 
f 6435/1/6434 6440/1/6439 6441/1/6440 
f 6441/1/6440 6434/1/6433 6435/1/6434 
f 6442/1/6441 6441/1/6440 6440/1/6439 
f 6440/1/6439 6443/1/6442 6442/1/6441 
f 6444/1/6443 6445/1/6444 6441/1/6440 
f 6441/1/6440 6442/1/6441 6444/1/6443 
f 6434/1/6433 6441/1/6440 6445/1/6444 
f 6445/1/6444 6436/1/6435 6434/1/6433 
f 6443/1/6442 6440/1/6439 6446/1/6445 
f 6446/1/6445 6447/1/6446 6443/1/6442 
f 6439/1/6438 6446/1/6445 6440/1/6439 
f 6440/1/6439 6435/1/6434 6439/1/6438 
f 6289/1/6288 6294/1/6293 6446/1/6445 
f 6446/1/6445 6439/1/6438 6289/1/6288 
f 6447/1/6446 6446/1/6445 6294/1/6293 
f 6294/1/6293 6293/1/6292 6447/1/6446 
f 6443/1/6442 6448/1/6447 6449/1/6448 
f 6449/1/6448 6442/1/6441 6443/1/6442 
f 6450/1/6449 6449/1/6448 6448/1/6447 
f 6448/1/6447 6451/1/6450 6450/1/6449 
f 6452/1/6451 6453/1/6452 6449/1/6448 
f 6449/1/6448 6450/1/6449 6452/1/6451 
f 6442/1/6441 6449/1/6448 6453/1/6452 
f 6453/1/6452 6444/1/6443 6442/1/6441 
f 6451/1/6450 6448/1/6447 6454/1/6453 
f 6454/1/6453 6455/1/6454 6451/1/6450 
f 6447/1/6446 6454/1/6453 6448/1/6447 
f 6448/1/6447 6443/1/6442 6447/1/6446 
f 6293/1/6292 6298/1/6297 6454/1/6453 
f 6454/1/6453 6447/1/6446 6293/1/6292 
f 6455/1/6454 6454/1/6453 6298/1/6297 
f 6298/1/6297 6297/1/6296 6455/1/6454 
f 6451/1/6450 6456/1/6455 6457/1/6456 
f 6457/1/6456 6450/1/6449 6451/1/6450 
f 6458/1/6457 6457/1/6456 6456/1/6455 
f 6456/1/6455 6459/1/6458 6458/1/6457 
f 6460/1/6459 6461/1/6460 6457/1/6456 
f 6457/1/6456 6458/1/6457 6460/1/6459 
f 6450/1/6449 6457/1/6456 6461/1/6460 
f 6461/1/6460 6452/1/6451 6450/1/6449 
f 6459/1/6458 6456/1/6455 6462/1/6461 
f 6462/1/6461 6463/1/6462 6459/1/6458 
f 6455/1/6454 6462/1/6461 6456/1/6455 
f 6456/1/6455 6451/1/6450 6455/1/6454 
f 6297/1/6296 6302/1/6301 6462/1/6461 
f 6462/1/6461 6455/1/6454 6297/1/6296 
f 6463/1/6462 6462/1/6461 6302/1/6301 
f 6302/1/6301 6301/1/6300 6463/1/6462 
f 6459/1/6458 6464/1/6463 6465/1/6464 
f 6465/1/6464 6458/1/6457 6459/1/6458 
f 6466/1/6465 6465/1/6464 6464/1/6463 
f 6464/1/6463 6467/1/6466 6466/1/6465 
f 6468/1/6467 6469/1/6468 6465/1/6464 
f 6465/1/6464 6466/1/6465 6468/1/6467 
f 6458/1/6457 6465/1/6464 6469/1/6468 
f 6469/1/6468 6460/1/6459 6458/1/6457 
f 6467/1/6466 6464/1/6463 6470/1/6469 
f 6470/1/6469 6471/1/6470 6467/1/6466 
f 6463/1/6462 6470/1/6469 6464/1/6463 
f 6464/1/6463 6459/1/6458 6463/1/6462 
f 6301/1/6300 6306/1/6305 6470/1/6469 
f 6470/1/6469 6463/1/6462 6301/1/6300 
f 6471/1/6470 6470/1/6469 6306/1/6305 
f 6306/1/6305 6305/1/6304 6471/1/6470 
f 6467/1/6466 6472/1/6471 6473/1/6472 
f 6473/1/6472 6466/1/6465 6467/1/6466 
f 6474/1/6473 6473/1/6472 6472/1/6471 
f 6472/1/6471 6475/1/6474 6474/1/6473 
f 6476/1/6475 6477/1/6476 6473/1/6472 
f 6473/1/6472 6474/1/6473 6476/1/6475 
f 6466/1/6465 6473/1/6472 6477/1/6476 
f 6477/1/6476 6468/1/6467 6466/1/6465 
f 6475/1/6474 6472/1/6471 6478/1/6477 
f 6478/1/6477 6479/1/6478 6475/1/6474 
f 6471/1/6470 6478/1/6477 6472/1/6471 
f 6472/1/6471 6467/1/6466 6471/1/6470 
f 6305/1/6304 6310/1/6309 6478/1/6477 
f 6478/1/6477 6471/1/6470 6305/1/6304 
f 6479/1/6478 6478/1/6477 6310/1/6309 
f 6310/1/6309 6309/1/6308 6479/1/6478 
f 6475/1/6474 6480/1/6479 6481/1/6480 
f 6481/1/6480 6474/1/6473 6475/1/6474 
f 6482/1/6481 6481/1/6480 6480/1/6479 
f 6480/1/6479 6483/1/6482 6482/1/6481 
f 6484/1/6483 6485/1/6484 6481/1/6480 
f 6481/1/6480 6482/1/6481 6484/1/6483 
f 6474/1/6473 6481/1/6480 6485/1/6484 
f 6485/1/6484 6476/1/6475 6474/1/6473 
f 6483/1/6482 6480/1/6479 6486/1/6485 
f 6486/1/6485 6487/1/6486 6483/1/6482 
f 6479/1/6478 6486/1/6485 6480/1/6479 
f 6480/1/6479 6475/1/6474 6479/1/6478 
f 6309/1/6308 6314/1/6313 6486/1/6485 
f 6486/1/6485 6479/1/6478 6309/1/6308 
f 6487/1/6486 6486/1/6485 6314/1/6313 
f 6314/1/6313 6313/1/6312 6487/1/6486 
f 6483/1/6482 6488/1/6487 6489/1/6488 
f 6489/1/6488 6482/1/6481 6483/1/6482 
f 6358/1/6357 6489/1/6488 6488/1/6487 
f 6488/1/6487 6355/1/6354 6358/1/6357 
f 6363/1/6362 6490/1/6489 6489/1/6488 
f 6489/1/6488 6358/1/6357 6363/1/6362 
f 6482/1/6481 6489/1/6488 6490/1/6489 
f 6490/1/6489 6484/1/6483 6482/1/6481 
f 6355/1/6354 6488/1/6487 6491/1/6490 
f 6491/1/6490 6492/1/6491 6355/1/6354 
f 6487/1/6486 6491/1/6490 6488/1/6487 
f 6488/1/6487 6483/1/6482 6487/1/6486 
f 6313/1/6312 6316/1/6315 6491/1/6490 
f 6491/1/6490 6487/1/6486 6313/1/6312 
f 6492/1/6491 6491/1/6490 6316/1/6315 
f 6316/1/6315 6315/1/6314 6492/1/6491 
f 6360/1/6359 6493/1/6492 6494/1/6493 
f 6494/1/6493 6359/1/6358 6360/1/6359 
f 6493/1/6492 6495/1/6494 6496/1/6495 
f 6496/1/6495 6494/1/6493 6493/1/6492 
f 6497/1/6496 6498/1/6497 6494/1/6493 
f 6494/1/6493 6496/1/6495 6497/1/6496 
f 6359/1/6358 6494/1/6493 6498/1/6497 
f 6498/1/6497 6361/1/6360 6359/1/6358 
f 6315/1/6314 6321/1/6320 6499/1/6498 
f 6499/1/6498 6492/1/6491 6315/1/6314 
f 6500/1/6499 6499/1/6498 6321/1/6320 
f 6321/1/6320 6322/1/6321 6500/1/6499 
f 6360/1/6359 6356/1/6355 6499/1/6498 
f 6499/1/6498 6500/1/6499 6360/1/6359 
f 6492/1/6491 6499/1/6498 6356/1/6355 
f 6356/1/6355 6355/1/6354 6492/1/6491 
f 6500/1/6499 6501/1/6500 6493/1/6492 
f 6493/1/6492 6360/1/6359 6500/1/6499 
f 6325/1/6324 6501/1/6500 6500/1/6499 
f 6500/1/6499 6322/1/6321 6325/1/6324 
f 6326/1/6325 6502/1/6501 6501/1/6500 
f 6501/1/6500 6325/1/6324 6326/1/6325 
f 6493/1/6492 6501/1/6500 6502/1/6501 
f 6502/1/6501 6495/1/6494 6493/1/6492 
f 6496/1/6495 6503/1/6502 6504/1/6503 
f 6504/1/6503 6497/1/6496 6496/1/6495 
f 6505/1/6504 6503/1/6502 6496/1/6495 
f 6496/1/6495 6495/1/6494 6505/1/6504 
f 6506/1/6505 6507/1/6506 6503/1/6502 
f 6503/1/6502 6505/1/6504 6506/1/6505 
f 6508/1/6507 6504/1/6503 6503/1/6502 
f 6503/1/6502 6507/1/6506 6508/1/6507 
f 6495/1/6494 6502/1/6501 6509/1/6508 
f 6509/1/6508 6505/1/6504 6495/1/6494 
f 6328/1/6327 6509/1/6508 6502/1/6501 
f 6502/1/6501 6326/1/6325 6328/1/6327 
f 6330/1/6329 6510/1/6509 6509/1/6508 
f 6509/1/6508 6328/1/6327 6330/1/6329 
f 6505/1/6504 6509/1/6508 6510/1/6509 
f 6510/1/6509 6506/1/6505 6505/1/6504 
f 6511/1/6510 6512/1/6511 6513/1/6512 
f 6513/1/6512 6514/1/6513 6511/1/6510 
f 6515/1/6514 6513/1/6512 6512/1/6511 
f 6512/1/6511 6367/1/6366 6515/1/6514 
f 6516/1/6515 6517/1/6516 6513/1/6512 
f 6513/1/6512 6515/1/6514 6516/1/6515 
f 6514/1/6513 6513/1/6512 6517/1/6516 
f 6517/1/6516 6518/1/6517 6514/1/6513 
f 6519/1/6518 6520/1/6519 6521/1/6520 
f 6521/1/6520 6522/1/6521 6519/1/6518 
f 6366/1/6365 6522/1/6521 6521/1/6520 
f 6521/1/6520 6368/1/6367 6366/1/6365 
f 6367/1/6366 6512/1/6511 6522/1/6521 
f 6522/1/6521 6366/1/6365 6367/1/6366 
f 6519/1/6518 6522/1/6521 6512/1/6511 
f 6512/1/6511 6511/1/6510 6519/1/6518 
f 6367/1/6366 6364/1/6363 6523/1/6522 
f 6523/1/6522 6515/1/6514 6367/1/6366 
f 6333/1/6332 6523/1/6522 6364/1/6363 
f 6364/1/6363 6335/1/6334 6333/1/6332 
f 6334/1/6333 6524/1/6523 6523/1/6522 
f 6523/1/6522 6333/1/6332 6334/1/6333 
f 6515/1/6514 6523/1/6522 6524/1/6523 
f 6524/1/6523 6516/1/6515 6515/1/6514 
f 6518/1/6517 6517/1/6516 6525/1/6524 
f 6525/1/6524 6526/1/6525 6518/1/6517 
f 6527/1/6526 6525/1/6524 6517/1/6516 
f 6517/1/6516 6516/1/6515 6527/1/6526 
f 6353/1/6352 6379/1/6378 6525/1/6524 
f 6525/1/6524 6527/1/6526 6353/1/6352 
f 6526/1/6525 6525/1/6524 6379/1/6378 
f 6379/1/6378 6378/1/6377 6526/1/6525 
f 6516/1/6515 6524/1/6523 6528/1/6527 
f 6528/1/6527 6527/1/6526 6516/1/6515 
f 6339/1/6338 6528/1/6527 6524/1/6523 
f 6524/1/6523 6334/1/6333 6339/1/6338 
f 6340/1/6339 6354/1/6353 6528/1/6527 
f 6528/1/6527 6339/1/6338 6340/1/6339 
f 6527/1/6526 6528/1/6527 6354/1/6353 
f 6354/1/6353 6353/1/6352 6527/1/6526 
f 6507/1/6506 6529/1/6528 6530/1/6529 
f 6530/1/6529 6508/1/6507 6507/1/6506 
f 6531/1/6530 6529/1/6528 6507/1/6506 
f 6507/1/6506 6506/1/6505 6531/1/6530 
f 6368/1/6367 6521/1/6520 6529/1/6528 
f 6529/1/6528 6531/1/6530 6368/1/6367 
f 6520/1/6519 6530/1/6529 6529/1/6528 
f 6529/1/6528 6521/1/6520 6520/1/6519 
f 6345/1/6344 6369/1/6368 6532/1/6531 
f 6532/1/6531 6348/1/6347 6345/1/6344 
f 6531/1/6530 6532/1/6531 6369/1/6368 
f 6369/1/6368 6368/1/6367 6531/1/6530 
f 6506/1/6505 6510/1/6509 6532/1/6531 
f 6532/1/6531 6531/1/6530 6506/1/6505 
f 6348/1/6347 6532/1/6531 6510/1/6509 
f 6510/1/6509 6330/1/6329 6348/1/6347 
f 6533/1/6532 6110/1/6109 6112/1/6111 
f 6534/1/6533 6533/1/6532 6535/1/6534 
f 6535/1/6534 6536/1/6535 6534/1/6533 
f 6122/1/6121 6121/1/6120 6533/1/6532 
f 6533/1/6532 6534/1/6533 6122/1/6121 
f 6110/1/6109 6533/1/6532 6121/1/6120 
f 6121/1/6120 6113/1/6112 6110/1/6109 
f 6537/1/6536 5959/1/5958 5958/1/5957 
f 6538/1/6537 6539/1/6538 6540/1/6539 
f 6537/1/6536 6540/1/6539 6541/1/6540 
f 6542/1/6541 5960/1/5959 5959/1/5958 
f 6112/1/6111 6133/1/6132 6543/1/6542 
f 6543/1/6542 6535/1/6534 6112/1/6111 
f 6544/1/6543 6543/1/6542 6133/1/6132 
f 6133/1/6132 6135/1/6134 6544/1/6543 
f 6545/1/6544 6546/1/6545 6543/1/6542 
f 6543/1/6542 6544/1/6543 6545/1/6544 
f 6535/1/6534 6543/1/6542 6546/1/6545 
f 6546/1/6545 6536/1/6535 6535/1/6534 
f 6545/1/6544 6547/1/6546 6548/1/6547 
f 6548/1/6547 6546/1/6545 6545/1/6544 
f 6547/1/6546 6541/1/6540 6540/1/6539 
f 6539/1/6538 6549/1/6548 6548/1/6547 
f 6548/1/6547 6540/1/6539 6539/1/6538 
f 6536/1/6535 6546/1/6545 6548/1/6547 
f 6548/1/6547 6549/1/6548 6536/1/6535 
f 6550/1/6549 6551/1/6550 6552/1/6551 
f 6552/1/6551 6553/1/6552 6550/1/6549 
f 6142/1/6141 6552/1/6551 6551/1/6550 
f 6551/1/6550 6143/1/6142 6142/1/6141 
f 6120/1/6119 6116/1/6115 6552/1/6551 
f 6552/1/6551 6142/1/6141 6120/1/6119 
f 6553/1/6552 6552/1/6551 6116/1/6115 
f 6116/1/6115 6115/1/6114 6553/1/6552 
f 6139/1/6138 6554/1/6553 6555/1/6554 
f 6555/1/6554 6138/1/6137 6139/1/6138 
f 6556/1/6555 6555/1/6554 6554/1/6553 
f 6554/1/6553 6557/1/6556 6556/1/6555 
f 6545/1/6544 6544/1/6543 6555/1/6554 
f 6555/1/6554 6556/1/6555 6545/1/6544 
f 6138/1/6137 6555/1/6554 6544/1/6543 
f 6544/1/6543 6135/1/6134 6138/1/6137 
f 6558/1/6557 6556/1/6555 6557/1/6556 
f 6559/1/6558 6558/1/6557 6560/1/6559 
f 6560/1/6559 6561/1/6560 6559/1/6558 
f 6541/1/6540 6547/1/6546 6558/1/6557 
f 6558/1/6557 6559/1/6558 6541/1/6540 
f 6547/1/6546 6545/1/6544 6556/1/6555 
f 6562/1/6561 5935/1/5934 5937/1/5936 
f 6563/1/6562 6562/1/6561 6564/1/6563 
f 6564/1/6563 6561/1/6560 6563/1/6562 
f 6565/1/6564 6566/1/6565 6562/1/6561 
f 6562/1/6561 6563/1/6562 6565/1/6564 
f 6566/1/6565 5932/1/5931 5935/1/5934 
f 5960/1/5959 6542/1/6541 6567/1/6566 
f 6567/1/6566 5965/1/5964 5960/1/5959 
f 6559/1/6558 6567/1/6566 6542/1/6541 
f 6542/1/6541 6541/1/6540 6559/1/6558 
f 6561/1/6560 6564/1/6563 6567/1/6566 
f 6567/1/6566 6559/1/6558 6561/1/6560 
f 5965/1/5964 6567/1/6566 6564/1/6563 
f 6564/1/6563 5937/1/5936 5965/1/5964 
f 6153/1/6152 6568/1/6567 6569/1/6568 
f 6569/1/6568 6150/1/6149 6153/1/6152 
f 6570/1/6569 6569/1/6568 6568/1/6567 
f 6568/1/6567 6571/1/6570 6570/1/6569 
f 6557/1/6556 6554/1/6553 6569/1/6568 
f 6569/1/6568 6570/1/6569 6557/1/6556 
f 6150/1/6149 6569/1/6568 6554/1/6553 
f 6554/1/6553 6139/1/6138 6150/1/6149 
f 6572/1/6571 6570/1/6569 6571/1/6570 
f 6563/1/6562 6572/1/6571 6573/1/6572 
f 6573/1/6572 6565/1/6564 6563/1/6562 
f 6561/1/6560 6560/1/6559 6572/1/6571 
f 6572/1/6571 6563/1/6562 6561/1/6560 
f 6570/1/6569 6572/1/6571 6560/1/6559 
f 6560/1/6559 6557/1/6556 6570/1/6569 
f 6131/1/6130 6574/1/6573 6575/1/6574 
f 6575/1/6574 6126/1/6125 6131/1/6130 
f 6568/1/6567 6575/1/6574 6574/1/6573 
f 6574/1/6573 6571/1/6570 6568/1/6567 
f 6153/1/6152 6154/1/6153 6575/1/6574 
f 6575/1/6574 6568/1/6567 6153/1/6152 
f 6126/1/6125 6575/1/6574 6154/1/6153 
f 6154/1/6153 6123/1/6122 6126/1/6125 
f 6576/1/6575 6577/1/6576 6578/1/6577 
f 6578/1/6577 6579/1/6578 6576/1/6575 
f 6580/1/6579 6578/1/6577 6577/1/6576 
f 6577/1/6576 6581/1/6580 6580/1/6579 
f 6582/1/6581 6583/1/6582 6578/1/6577 
f 6578/1/6577 6580/1/6579 6582/1/6581 
f 6579/1/6578 6578/1/6577 6583/1/6582 
f 6583/1/6582 6584/1/6583 6579/1/6578 
f 6122/1/6121 6585/1/6584 6586/1/6585 
f 6586/1/6585 6118/1/6117 6122/1/6121 
f 6579/1/6578 6586/1/6585 6585/1/6584 
f 6585/1/6584 6576/1/6575 6579/1/6578 
f 6584/1/6583 6587/1/6586 6586/1/6585 
f 6586/1/6585 6579/1/6578 6584/1/6583 
f 6118/1/6117 6586/1/6585 6587/1/6586 
f 6587/1/6586 6115/1/6114 6118/1/6117 
f 5902/1/5901 6588/1/6587 6589/1/6588 
f 6589/1/6588 5950/1/5949 5902/1/5901 
f 6590/1/6589 6589/1/6588 6588/1/6587 
f 6588/1/6587 6581/1/6580 6590/1/6589 
f 5958/1/5957 5957/1/5956 6589/1/6588 
f 6589/1/6588 6590/1/6589 5958/1/5957 
f 5950/1/5949 6589/1/6588 5957/1/5956 
f 5957/1/5956 5951/1/5950 5950/1/5949 
f 6581/1/6580 6577/1/6576 6591/1/6590 
f 6591/1/6590 6590/1/6589 6581/1/6580 
f 6592/1/6591 6591/1/6590 6577/1/6576 
f 6577/1/6576 6576/1/6575 6592/1/6591 
f 6539/1/6538 6538/1/6537 6591/1/6590 
f 6591/1/6590 6592/1/6591 6539/1/6538 
f 6590/1/6589 6591/1/6590 6538/1/6537 
f 6538/1/6537 5958/1/5957 6590/1/6589 
f 5907/1/5906 6593/1/6592 6594/1/6593 
f 6594/1/6593 5905/1/5904 5907/1/5906 
f 6580/1/6579 6594/1/6593 6593/1/6592 
f 6593/1/6592 6582/1/6581 6580/1/6579 
f 6581/1/6580 6588/1/6587 6594/1/6593 
f 6594/1/6593 6580/1/6579 6581/1/6580 
f 5905/1/5904 6594/1/6593 6588/1/6587 
f 6588/1/6587 5902/1/5901 5905/1/5904 
f 6595/1/6594 6534/1/6533 6536/1/6535 
f 6549/1/6548 6539/1/6538 6592/1/6591 
f 6576/1/6575 6585/1/6584 6595/1/6594 
f 6595/1/6594 6592/1/6591 6576/1/6575 
f 6534/1/6533 6595/1/6594 6585/1/6584 
f 6585/1/6584 6122/1/6121 6534/1/6533 
f 6596/1/6595 6566/1/6565 6565/1/6564 
f 6597/1/6596 6596/1/6595 6598/1/6597 
f 6598/1/6597 6599/1/6598 6597/1/6596 
f 6596/1/6595 6597/1/6596 6600/1/6599 
f 6566/1/6565 6596/1/6595 6601/1/6600 
f 6601/1/6600 5932/1/5931 6566/1/6565 
f 6599/1/6598 6598/1/6597 6602/1/6601 
f 6602/1/6601 6603/1/6602 6599/1/6598 
f 6573/1/6572 6602/1/6601 6598/1/6597 
f 6598/1/6597 6565/1/6564 6573/1/6572 
f 6602/1/6601 6573/1/6572 6571/1/6570 
f 6603/1/6602 6602/1/6601 6574/1/6573 
f 6574/1/6573 6131/1/6130 6603/1/6602 
f 6599/1/6598 6604/1/6603 6605/1/6604 
f 6605/1/6604 6597/1/6596 6599/1/6598 
f 6606/1/6605 6605/1/6604 6604/1/6603 
f 6604/1/6603 6607/1/6606 6606/1/6605 
f 6608/1/6607 6609/1/6608 6605/1/6604 
f 6605/1/6604 6606/1/6605 6608/1/6607 
f 6609/1/6608 6600/1/6599 6597/1/6596 
f 6610/1/6609 6611/1/6610 6612/1/6611 
f 6612/1/6611 6613/1/6612 6610/1/6609 
f 6614/1/6613 6611/1/6610 6610/1/6609 
f 6610/1/6609 6607/1/6606 6614/1/6613 
f 6129/1/6128 6255/1/6254 6611/1/6610 
f 6611/1/6610 6614/1/6613 6129/1/6128 
f 6612/1/6611 6611/1/6610 6255/1/6254 
f 6255/1/6254 6250/1/6249 6612/1/6611 
f 6607/1/6606 6604/1/6603 6615/1/6614 
f 6615/1/6614 6614/1/6613 6607/1/6606 
f 6603/1/6602 6615/1/6614 6604/1/6603 
f 6604/1/6603 6599/1/6598 6603/1/6602 
f 6131/1/6130 6130/1/6129 6615/1/6614 
f 6615/1/6614 6603/1/6602 6131/1/6130 
f 6614/1/6613 6615/1/6614 6130/1/6129 
f 6130/1/6129 6129/1/6128 6614/1/6613 
f 6607/1/6606 6610/1/6609 6616/1/6615 
f 6616/1/6615 6606/1/6605 6607/1/6606 
f 6616/1/6615 6610/1/6609 6613/1/6612 
f 6617/1/6616 6616/1/6615 6618/1/6617 
f 6618/1/6617 6619/1/6618 6617/1/6616 
f 6617/1/6616 6608/1/6607 6606/1/6605 
f 6620/1/6619 6621/1/6620 6618/1/6617 
f 6618/1/6617 6613/1/6612 6620/1/6619 
f 6622/1/6621 6623/1/6622 6621/1/6620 
f 6621/1/6620 6620/1/6619 6622/1/6621 
f 6624/1/6623 6621/1/6620 6623/1/6622 
f 6623/1/6622 6625/1/6624 6624/1/6623 
f 6619/1/6618 6618/1/6617 6621/1/6620 
f 6621/1/6620 6624/1/6623 6619/1/6618 
f 6234/1/6233 6626/1/6625 6627/1/6626 
f 6627/1/6626 6241/1/6240 6234/1/6233 
f 6628/1/6627 6627/1/6626 6626/1/6625 
f 6626/1/6625 6629/1/6628 6628/1/6627 
f 6622/1/6621 6630/1/6629 6627/1/6626 
f 6627/1/6626 6628/1/6627 6622/1/6621 
f 6241/1/6240 6627/1/6626 6630/1/6629 
f 6630/1/6629 6242/1/6241 6241/1/6240 
f 6620/1/6619 6631/1/6630 6630/1/6629 
f 6630/1/6629 6622/1/6621 6620/1/6619 
f 6613/1/6612 6612/1/6611 6631/1/6630 
f 6631/1/6630 6620/1/6619 6613/1/6612 
f 6249/1/6248 6631/1/6630 6612/1/6611 
f 6612/1/6611 6250/1/6249 6249/1/6248 
f 6242/1/6241 6630/1/6629 6631/1/6630 
f 6631/1/6630 6249/1/6248 6242/1/6241 
f 6629/1/6628 6632/1/6631 6633/1/6632 
f 6633/1/6632 6628/1/6627 6629/1/6628 
f 6634/1/6633 6633/1/6632 6632/1/6631 
f 6632/1/6631 6635/1/6634 6634/1/6633 
f 6625/1/6624 6623/1/6622 6633/1/6632 
f 6633/1/6632 6634/1/6633 6625/1/6624 
f 6628/1/6627 6633/1/6632 6623/1/6622 
f 6623/1/6622 6622/1/6621 6628/1/6627 
f 6225/1/6224 6636/1/6635 6637/1/6636 
f 6637/1/6636 6233/1/6232 6225/1/6224 
f 6638/1/6637 6637/1/6636 6636/1/6635 
f 6636/1/6635 6639/1/6638 6638/1/6637 
f 6629/1/6628 6626/1/6625 6637/1/6636 
f 6637/1/6636 6638/1/6637 6629/1/6628 
f 6233/1/6232 6637/1/6636 6626/1/6625 
f 6626/1/6625 6234/1/6233 6233/1/6232 
f 6639/1/6638 6640/1/6639 6641/1/6640 
f 6641/1/6640 6638/1/6637 6639/1/6638 
f 6640/1/6639 6642/1/6641 6643/1/6642 
f 6635/1/6634 6632/1/6631 6641/1/6640 
f 6641/1/6640 6643/1/6642 6635/1/6634 
f 6638/1/6637 6641/1/6640 6632/1/6631 
f 6632/1/6631 6629/1/6628 6638/1/6637 
f 6217/1/6216 6644/1/6643 6645/1/6644 
f 6645/1/6644 6224/1/6223 6217/1/6216 
f 6644/1/6643 6646/1/6645 6647/1/6646 
f 6639/1/6638 6636/1/6635 6645/1/6644 
f 6645/1/6644 6647/1/6646 6639/1/6638 
f 6224/1/6223 6645/1/6644 6636/1/6635 
f 6636/1/6635 6225/1/6224 6224/1/6223 
f 6648/1/6647 6649/1/6648 6650/1/6649 
f 6646/1/6645 6651/1/6650 6652/1/6651 
f 6652/1/6651 6647/1/6646 6646/1/6645 
f 6649/1/6648 6652/1/6651 6651/1/6650 
f 6651/1/6650 6650/1/6649 6649/1/6648 
f 6652/1/6651 6649/1/6648 6642/1/6641 
f 6640/1/6639 6639/1/6638 6647/1/6646 
f 6210/1/6209 6653/1/6652 6654/1/6653 
f 6654/1/6653 6216/1/6215 6210/1/6209 
f 6655/1/6654 6654/1/6653 6653/1/6652 
f 6653/1/6652 6656/1/6655 6655/1/6654 
f 6646/1/6645 6644/1/6643 6654/1/6653 
f 6654/1/6653 6655/1/6654 6646/1/6645 
f 6644/1/6643 6217/1/6216 6216/1/6215 
f 6657/1/6656 6658/1/6657 6659/1/6658 
f 6659/1/6658 6650/1/6649 6657/1/6656 
f 6660/1/6659 6661/1/6660 6658/1/6657 
f 6658/1/6657 6657/1/6656 6660/1/6659 
f 6656/1/6655 6662/1/6661 6663/1/6662 
f 6663/1/6662 6655/1/6654 6656/1/6655 
f 6657/1/6656 6663/1/6662 6662/1/6661 
f 6662/1/6661 6660/1/6659 6657/1/6656 
f 6650/1/6649 6651/1/6650 6663/1/6662 
f 6663/1/6662 6657/1/6656 6650/1/6649 
f 6655/1/6654 6663/1/6662 6651/1/6650 
f 6651/1/6650 6646/1/6645 6655/1/6654 
f 6202/1/6201 6664/1/6663 6665/1/6664 
f 6665/1/6664 6209/1/6208 6202/1/6201 
f 6666/1/6665 6665/1/6664 6664/1/6663 
f 6664/1/6663 6667/1/6666 6666/1/6665 
f 6656/1/6655 6653/1/6652 6665/1/6664 
f 6665/1/6664 6666/1/6665 6656/1/6655 
f 6209/1/6208 6665/1/6664 6653/1/6652 
f 6653/1/6652 6210/1/6209 6209/1/6208 
f 6668/1/6667 6669/1/6668 6661/1/6660 
f 6661/1/6660 6660/1/6659 6668/1/6667 
f 6670/1/6669 6671/1/6670 6669/1/6668 
f 6669/1/6668 6668/1/6667 6670/1/6669 
f 6672/1/6671 6669/1/6668 6671/1/6670 
f 6671/1/6670 6673/1/6672 6672/1/6671 
f 6674/1/6673 6661/1/6660 6669/1/6668 
f 6669/1/6668 6672/1/6671 6674/1/6673 
f 6666/1/6665 6675/1/6674 6662/1/6661 
f 6662/1/6661 6656/1/6655 6666/1/6665 
f 6667/1/6666 6676/1/6675 6675/1/6674 
f 6675/1/6674 6666/1/6665 6667/1/6666 
f 6676/1/6675 6670/1/6669 6668/1/6667 
f 6660/1/6659 6662/1/6661 6675/1/6674 
f 6675/1/6674 6668/1/6667 6660/1/6659 
f 6194/1/6193 6677/1/6676 6678/1/6677 
f 6678/1/6677 6201/1/6200 6194/1/6193 
f 6679/1/6678 6678/1/6677 6677/1/6676 
f 6677/1/6676 6680/1/6679 6679/1/6678 
f 6667/1/6666 6664/1/6663 6678/1/6677 
f 6678/1/6677 6679/1/6678 6667/1/6666 
f 6201/1/6200 6678/1/6677 6664/1/6663 
f 6664/1/6663 6202/1/6201 6201/1/6200 
f 6681/1/6680 6682/1/6681 6683/1/6682 
f 6683/1/6682 6684/1/6683 6681/1/6680 
f 6685/1/6684 6683/1/6682 6682/1/6681 
f 6682/1/6681 6686/1/6685 6685/1/6684 
f 6673/1/6672 6671/1/6670 6683/1/6682 
f 6683/1/6682 6685/1/6684 6673/1/6672 
f 6684/1/6683 6683/1/6682 6671/1/6670 
f 6671/1/6670 6670/1/6669 6684/1/6683 
f 6680/1/6679 6687/1/6686 6688/1/6687 
f 6688/1/6687 6679/1/6678 6680/1/6679 
f 6684/1/6683 6688/1/6687 6687/1/6686 
f 6687/1/6686 6681/1/6680 6684/1/6683 
f 6670/1/6669 6676/1/6675 6688/1/6687 
f 6688/1/6687 6684/1/6683 6670/1/6669 
f 6679/1/6678 6688/1/6687 6676/1/6675 
f 6676/1/6675 6667/1/6666 6679/1/6678 
f 6689/1/6688 6690/1/6689 6691/1/6690 
f 6691/1/6690 6692/1/6691 6689/1/6688 
f 6680/1/6679 6677/1/6676 6690/1/6689 
f 6690/1/6689 6689/1/6688 6680/1/6679 
f 6193/1/6192 6690/1/6689 6677/1/6676 
f 6677/1/6676 6194/1/6193 6193/1/6192 
f 6185/1/6184 6691/1/6690 6690/1/6689 
f 6690/1/6689 6193/1/6192 6185/1/6184 
f 6693/1/6692 6694/1/6693 6695/1/6694 
f 6695/1/6694 6696/1/6695 6693/1/6692 
f 6697/1/6696 6695/1/6694 6694/1/6693 
f 6694/1/6693 6698/1/6697 6697/1/6696 
f 6686/1/6685 6682/1/6681 6695/1/6694 
f 6695/1/6694 6697/1/6696 6686/1/6685 
f 6696/1/6695 6695/1/6694 6682/1/6681 
f 6682/1/6681 6681/1/6680 6696/1/6695 
f 6692/1/6691 6699/1/6698 6700/1/6699 
f 6700/1/6699 6689/1/6688 6692/1/6691 
f 6696/1/6695 6700/1/6699 6699/1/6698 
f 6699/1/6698 6693/1/6692 6696/1/6695 
f 6681/1/6680 6687/1/6686 6700/1/6699 
f 6700/1/6699 6696/1/6695 6681/1/6680 
f 6689/1/6688 6700/1/6699 6687/1/6686 
f 6687/1/6686 6680/1/6679 6689/1/6688 
f 6177/1/6176 6701/1/6700 6702/1/6701 
f 6702/1/6701 6184/1/6183 6177/1/6176 
f 6703/1/6702 6702/1/6701 6701/1/6700 
f 6701/1/6700 6704/1/6703 6703/1/6702 
f 6692/1/6691 6691/1/6690 6702/1/6701 
f 6702/1/6701 6703/1/6702 6692/1/6691 
f 6184/1/6183 6702/1/6701 6691/1/6690 
f 6691/1/6690 6185/1/6184 6184/1/6183 
f 6705/1/6704 6706/1/6705 6707/1/6706 
f 6707/1/6706 6708/1/6707 6705/1/6704 
f 6709/1/6708 6707/1/6706 6706/1/6705 
f 6706/1/6705 6710/1/6709 6709/1/6708 
f 6698/1/6697 6694/1/6693 6707/1/6706 
f 6707/1/6706 6709/1/6708 6698/1/6697 
f 6708/1/6707 6707/1/6706 6694/1/6693 
f 6694/1/6693 6693/1/6692 6708/1/6707 
f 6704/1/6703 6711/1/6710 6712/1/6711 
f 6712/1/6711 6703/1/6702 6704/1/6703 
f 6708/1/6707 6712/1/6711 6711/1/6710 
f 6711/1/6710 6705/1/6704 6708/1/6707 
f 6693/1/6692 6699/1/6698 6712/1/6711 
f 6712/1/6711 6708/1/6707 6693/1/6692 
f 6703/1/6702 6712/1/6711 6699/1/6698 
f 6699/1/6698 6692/1/6691 6703/1/6702 
f 6713/1/6712 6714/1/6713 6715/1/6714 
f 6715/1/6714 6716/1/6715 6713/1/6712 
f 6704/1/6703 6701/1/6700 6715/1/6714 
f 6715/1/6714 6714/1/6713 6704/1/6703 
f 6175/1/6174 6715/1/6714 6701/1/6700 
f 6701/1/6700 6177/1/6176 6175/1/6174 
f 6716/1/6715 6715/1/6714 6175/1/6174 
f 6175/1/6174 6176/1/6175 6716/1/6715 
f 6714/1/6713 6717/1/6716 6711/1/6710 
f 6711/1/6710 6704/1/6703 6714/1/6713 
f 6718/1/6717 6717/1/6716 6714/1/6713 
f 6714/1/6713 6713/1/6712 6718/1/6717 
f 6719/1/6718 6720/1/6719 6717/1/6716 
f 6717/1/6716 6718/1/6717 6719/1/6718 
f 6705/1/6704 6711/1/6710 6717/1/6716 
f 6717/1/6716 6720/1/6719 6705/1/6704 
f 6719/1/6718 6721/1/6720 6722/1/6721 
f 6722/1/6721 6720/1/6719 6719/1/6718 
f 6721/1/6720 6723/1/6722 6724/1/6723 
f 6710/1/6709 6706/1/6705 6722/1/6721 
f 6722/1/6721 6724/1/6723 6710/1/6709 
f 6720/1/6719 6722/1/6721 6706/1/6705 
f 6706/1/6705 6705/1/6704 6720/1/6719 
f 6725/1/6724 6726/1/6725 6727/1/6726 
f 6727/1/6726 6728/1/6727 6725/1/6724 
f 6553/1/6552 6727/1/6726 6726/1/6725 
f 6726/1/6725 6550/1/6549 6553/1/6552 
f 6115/1/6114 6587/1/6586 6727/1/6726 
f 6727/1/6726 6553/1/6552 6115/1/6114 
f 6728/1/6727 6727/1/6726 6587/1/6586 
f 6587/1/6586 6584/1/6583 6728/1/6727 
f 6729/1/6728 6730/1/6729 6731/1/6730 
f 6731/1/6730 6732/1/6731 6729/1/6728 
f 6147/1/6146 6731/1/6730 6730/1/6729 
f 6730/1/6729 6148/1/6147 6147/1/6146 
f 6143/1/6142 6551/1/6550 6731/1/6730 
f 6731/1/6730 6147/1/6146 6143/1/6142 
f 6732/1/6731 6731/1/6730 6551/1/6550 
f 6551/1/6550 6550/1/6549 6732/1/6731 
f 6733/1/6732 6734/1/6733 6735/1/6734 
f 6735/1/6734 6736/1/6735 6733/1/6732 
f 6158/1/6157 6735/1/6734 6734/1/6733 
f 6734/1/6733 6159/1/6158 6158/1/6157 
f 6148/1/6147 6730/1/6729 6735/1/6734 
f 6735/1/6734 6158/1/6157 6148/1/6147 
f 6736/1/6735 6735/1/6734 6730/1/6729 
f 6730/1/6729 6729/1/6728 6736/1/6735 
f 6163/1/6162 6737/1/6736 6738/1/6737 
f 6738/1/6737 6166/1/6165 6163/1/6162 
f 6739/1/6738 6738/1/6737 6737/1/6736 
f 6737/1/6736 6740/1/6739 6739/1/6738 
f 6176/1/6175 6173/1/6172 6738/1/6737 
f 6738/1/6737 6739/1/6738 6176/1/6175 
f 6166/1/6165 6738/1/6737 6173/1/6172 
f 6173/1/6172 6167/1/6166 6166/1/6165 
f 6740/1/6739 6737/1/6736 6741/1/6740 
f 6741/1/6740 6742/1/6741 6740/1/6739 
f 6162/1/6161 6741/1/6740 6737/1/6736 
f 6737/1/6736 6163/1/6162 6162/1/6161 
f 6159/1/6158 6734/1/6733 6741/1/6740 
f 6741/1/6740 6162/1/6161 6159/1/6158 
f 6742/1/6741 6741/1/6740 6734/1/6733 
f 6734/1/6733 6733/1/6732 6742/1/6741 
f 6743/1/6742 6744/1/6743 6745/1/6744 
f 6745/1/6744 6746/1/6745 6743/1/6742 
f 6716/1/6715 6745/1/6744 6744/1/6743 
f 6744/1/6743 6713/1/6712 6716/1/6715 
f 6176/1/6175 6739/1/6738 6745/1/6744 
f 6745/1/6744 6716/1/6715 6176/1/6175 
f 6746/1/6745 6745/1/6744 6739/1/6738 
f 6739/1/6738 6740/1/6739 6746/1/6745 
f 6747/1/6746 6721/1/6720 6719/1/6718 
f 6748/1/6747 6749/1/6748 6750/1/6749 
f 6751/1/6750 6752/1/6751 6747/1/6746 
f 6747/1/6746 6750/1/6749 6751/1/6750 
f 6721/1/6720 6747/1/6746 6752/1/6751 
f 6752/1/6751 6723/1/6722 6721/1/6720 
f 6713/1/6712 6744/1/6743 6753/1/6752 
f 6753/1/6752 6718/1/6717 6713/1/6712 
f 6754/1/6753 6753/1/6752 6744/1/6743 
f 6744/1/6743 6743/1/6742 6754/1/6753 
f 6749/1/6748 6748/1/6747 6753/1/6752 
f 6753/1/6752 6754/1/6753 6749/1/6748 
f 6718/1/6717 6753/1/6752 6748/1/6747 
f 6748/1/6747 6719/1/6718 6718/1/6717 
f 6755/1/6754 6756/1/6755 6757/1/6756 
f 6757/1/6756 6758/1/6757 6755/1/6754 
f 6759/1/6758 6757/1/6756 6756/1/6755 
f 6756/1/6755 6760/1/6759 6759/1/6758 
f 6582/1/6581 6593/1/6592 6757/1/6756 
f 6757/1/6756 6759/1/6758 6582/1/6581 
f 6758/1/6757 6757/1/6756 6593/1/6592 
f 6593/1/6592 5907/1/5906 6758/1/6757 
f 6760/1/6759 6761/1/6760 6762/1/6761 
f 6762/1/6761 6759/1/6758 6760/1/6759 
f 6728/1/6727 6762/1/6761 6761/1/6760 
f 6761/1/6760 6725/1/6724 6728/1/6727 
f 6584/1/6583 6583/1/6582 6762/1/6761 
f 6762/1/6761 6728/1/6727 6584/1/6583 
f 6759/1/6758 6762/1/6761 6583/1/6582 
f 6583/1/6582 6582/1/6581 6759/1/6758 
f 6763/1/6762 6764/1/6763 6726/1/6725 
f 6726/1/6725 6725/1/6724 6763/1/6762 
f 6765/1/6764 6764/1/6763 6763/1/6762 
f 6763/1/6762 6766/1/6765 6765/1/6764 
f 6732/1/6731 6764/1/6763 6765/1/6764 
f 6765/1/6764 6729/1/6728 6732/1/6731 
f 6550/1/6549 6726/1/6725 6764/1/6763 
f 6764/1/6763 6732/1/6731 6550/1/6549 
f 6767/1/6766 6768/1/6767 6769/1/6768 
f 6769/1/6768 6770/1/6769 6767/1/6766 
f 6771/1/6770 6769/1/6768 6768/1/6767 
f 6768/1/6767 6772/1/6771 6771/1/6770 
f 6760/1/6759 6756/1/6755 6769/1/6768 
f 6769/1/6768 6771/1/6770 6760/1/6759 
f 6770/1/6769 6769/1/6768 6756/1/6755 
f 6756/1/6755 6755/1/6754 6770/1/6769 
f 6760/1/6759 6771/1/6770 6773/1/6772 
f 6773/1/6772 6761/1/6760 6760/1/6759 
f 6774/1/6773 6773/1/6772 6771/1/6770 
f 6771/1/6770 6772/1/6771 6774/1/6773 
f 6766/1/6765 6763/1/6762 6773/1/6772 
f 6773/1/6772 6774/1/6773 6766/1/6765 
f 6761/1/6760 6773/1/6772 6763/1/6762 
f 6763/1/6762 6725/1/6724 6761/1/6760 
f 6766/1/6765 6775/1/6774 6776/1/6775 
f 6776/1/6775 6765/1/6764 6766/1/6765 
f 6777/1/6776 6776/1/6775 6775/1/6774 
f 6775/1/6774 6778/1/6777 6777/1/6776 
f 6736/1/6735 6776/1/6775 6777/1/6776 
f 6777/1/6776 6733/1/6732 6736/1/6735 
f 6729/1/6728 6765/1/6764 6776/1/6775 
f 6776/1/6775 6736/1/6735 6729/1/6728 
f 6779/1/6778 6780/1/6779 6781/1/6780 
f 6781/1/6780 6778/1/6777 6775/1/6774 
f 6775/1/6774 6766/1/6765 6774/1/6773 
f 6772/1/6771 6779/1/6778 6782/1/6781 
f 6782/1/6781 6774/1/6773 6772/1/6771 
f 5938/1/5937 6783/1/6782 6784/1/6783 
f 6784/1/6783 5929/1/5928 5938/1/5937 
f 5911/1/5910 6785/1/6784 6783/1/6782 
f 6783/1/6782 5938/1/5937 5911/1/5910 
f 6784/1/6783 6786/1/6785 5926/1/5925 
f 5926/1/5925 5929/1/5928 6784/1/6783 
f 2527/1/2527 2532/1/2532 6787/1/6786 
f 6787/1/6786 6788/1/6787 2527/1/2527 
f 6789/1/6788 6787/1/6786 2532/1/2532 
f 2532/1/2532 2531/1/2531 6789/1/6788 
f 6787/1/6786 6789/1/6788 6361/1/6360 
f 6788/1/6787 6787/1/6786 6498/1/6497 
f 6498/1/6497 6497/1/6496 6788/1/6787 
f 2531/1/2531 5417/1/5416 6790/1/6789 
f 6790/1/6789 6789/1/6788 2531/1/2531 
f 6791/1/6790 6790/1/6789 5417/1/5416 
f 5417/1/5416 5415/1/5414 6791/1/6790 
f 6363/1/6362 6362/1/6361 6790/1/6789 
f 6790/1/6789 6791/1/6790 6363/1/6362 
f 6789/1/6788 6790/1/6789 6362/1/6361 
f 6362/1/6361 6361/1/6360 6789/1/6788 
f 5415/1/5414 5413/1/5412 6792/1/6791 
f 6792/1/6791 6791/1/6790 5415/1/5414 
f 6793/1/6792 6792/1/6791 5413/1/5412 
f 5413/1/5412 5312/1/5311 6793/1/6792 
f 6484/1/6483 6490/1/6489 6792/1/6791 
f 6792/1/6791 6793/1/6792 6484/1/6483 
f 6791/1/6790 6792/1/6791 6490/1/6489 
f 6490/1/6489 6363/1/6362 6791/1/6790 
f 5312/1/5311 5309/1/5308 6794/1/6793 
f 6794/1/6793 6793/1/6792 5312/1/5311 
f 6795/1/6794 6794/1/6793 5309/1/5308 
f 5309/1/5308 5220/1/5219 6795/1/6794 
f 6476/1/6475 6485/1/6484 6794/1/6793 
f 6794/1/6793 6795/1/6794 6476/1/6475 
f 6793/1/6792 6794/1/6793 6485/1/6484 
f 6485/1/6484 6484/1/6483 6793/1/6792 
f 5220/1/5219 5219/1/5218 6796/1/6795 
f 6796/1/6795 6795/1/6794 5220/1/5219 
f 6797/1/6796 6796/1/6795 5219/1/5218 
f 5219/1/5218 5224/1/5223 6797/1/6796 
f 6468/1/6467 6477/1/6476 6796/1/6795 
f 6796/1/6795 6797/1/6796 6468/1/6467 
f 6795/1/6794 6796/1/6795 6477/1/6476 
f 6477/1/6476 6476/1/6475 6795/1/6794 
f 5224/1/5223 5425/1/5424 6798/1/6797 
f 6798/1/6797 6797/1/6796 5224/1/5223 
f 6799/1/6798 6798/1/6797 5425/1/5424 
f 5425/1/5424 5424/1/5423 6799/1/6798 
f 6460/1/6459 6469/1/6468 6798/1/6797 
f 6798/1/6797 6799/1/6798 6460/1/6459 
f 6797/1/6796 6798/1/6797 6469/1/6468 
f 6469/1/6468 6468/1/6467 6797/1/6796 
f 5424/1/5423 5441/1/5440 6800/1/6799 
f 6800/1/6799 6799/1/6798 5424/1/5423 
f 6801/1/6800 6800/1/6799 5441/1/5440 
f 5441/1/5440 5440/1/5439 6801/1/6800 
f 6452/1/6451 6461/1/6460 6800/1/6799 
f 6800/1/6799 6801/1/6800 6452/1/6451 
f 6799/1/6798 6800/1/6799 6461/1/6460 
f 6461/1/6460 6460/1/6459 6799/1/6798 
f 5440/1/5439 5447/1/5446 6802/1/6801 
f 6802/1/6801 6801/1/6800 5440/1/5439 
f 6803/1/6802 6802/1/6801 5447/1/5446 
f 5447/1/5446 5446/1/5445 6803/1/6802 
f 6444/1/6443 6453/1/6452 6802/1/6801 
f 6802/1/6801 6803/1/6802 6444/1/6443 
f 6801/1/6800 6802/1/6801 6453/1/6452 
f 6453/1/6452 6452/1/6451 6801/1/6800 
f 6804/1/6803 6803/1/6802 5446/1/5445 
f 6805/1/6804 6804/1/6803 5453/1/5452 
f 5453/1/5452 5452/1/5451 6805/1/6804 
f 6436/1/6435 6445/1/6444 6804/1/6803 
f 6804/1/6803 6805/1/6804 6436/1/6435 
f 6803/1/6802 6804/1/6803 6445/1/6444 
f 6445/1/6444 6444/1/6443 6803/1/6802 
f 5452/1/5451 5459/1/5458 6806/1/6805 
f 6806/1/6805 6805/1/6804 5452/1/5451 
f 6807/1/6806 6806/1/6805 5459/1/5458 
f 5459/1/5458 5458/1/5457 6807/1/6806 
f 6428/1/6427 6437/1/6436 6806/1/6805 
f 6806/1/6805 6807/1/6806 6428/1/6427 
f 6805/1/6804 6806/1/6805 6437/1/6436 
f 6437/1/6436 6436/1/6435 6805/1/6804 
f 5458/1/5457 5462/1/5461 6808/1/6807 
f 6808/1/6807 6807/1/6806 5458/1/5457 
f 6809/1/6808 6808/1/6807 5462/1/5461 
f 5462/1/5461 5435/1/5434 6809/1/6808 
f 6420/1/6419 6429/1/6428 6808/1/6807 
f 6808/1/6807 6809/1/6808 6420/1/6419 
f 6807/1/6806 6808/1/6807 6429/1/6428 
f 6429/1/6428 6428/1/6427 6807/1/6806 
f 5435/1/5434 5434/1/5433 6810/1/6809 
f 6810/1/6809 6809/1/6808 5435/1/5434 
f 6811/1/6810 6810/1/6809 5434/1/5433 
f 5434/1/5433 2553/1/2553 6811/1/6810 
f 6413/1/6412 6421/1/6420 6810/1/6809 
f 6810/1/6809 6811/1/6810 6413/1/6412 
f 6809/1/6808 6810/1/6809 6421/1/6420 
f 6421/1/6420 6420/1/6419 6809/1/6808 
f 6811/1/6810 2553/1/2553 2551/1/2551 
f 2551/1/2551 6812/1/6811 6811/1/6810 
f 2552/1/2552 6813/1/6812 6812/1/6811 
f 6812/1/6811 2551/1/2551 2552/1/2552 
f 6412/1/6411 6812/1/6811 6813/1/6812 
f 6813/1/6812 6405/1/6404 6412/1/6411 
f 6413/1/6412 6811/1/6810 6812/1/6811 
f 6812/1/6811 6412/1/6411 6413/1/6412 
f 2582/1/2582 6814/1/6813 6813/1/6812 
f 6813/1/6812 2552/1/2552 2582/1/2582 
f 2577/1/2577 6815/1/6814 6814/1/6813 
f 6814/1/6813 2582/1/2582 2577/1/2577 
f 6401/1/6400 6814/1/6813 6815/1/6814 
f 6815/1/6814 6397/1/6396 6401/1/6400 
f 6405/1/6404 6813/1/6812 6814/1/6813 
f 6814/1/6813 6401/1/6400 6405/1/6404 
f 2576/1/2576 6816/1/6815 6815/1/6814 
f 6815/1/6814 2577/1/2577 2576/1/2576 
f 2568/1/2568 6817/1/6816 6816/1/6815 
f 6816/1/6815 2576/1/2576 2568/1/2568 
f 6393/1/6392 6816/1/6815 6817/1/6816 
f 6817/1/6816 6389/1/6388 6393/1/6392 
f 6397/1/6396 6815/1/6814 6816/1/6815 
f 6816/1/6815 6393/1/6392 6397/1/6396 
f 2571/1/2571 6818/1/6817 6817/1/6816 
f 6817/1/6816 2568/1/2568 2571/1/2571 
f 2562/1/2562 6819/1/6818 6818/1/6817 
f 6818/1/6817 2571/1/2571 2562/1/2562 
f 6385/1/6384 6818/1/6817 6819/1/6818 
f 6819/1/6818 6377/1/6376 6385/1/6384 
f 6389/1/6388 6817/1/6816 6818/1/6817 
f 6818/1/6817 6385/1/6384 6389/1/6388 
f 2565/1/2565 6820/1/6819 6819/1/6818 
f 6819/1/6818 2562/1/2562 2565/1/2565 
f 2561/1/2561 6821/1/6820 6820/1/6819 
f 6820/1/6819 2565/1/2565 2561/1/2561 
f 6373/1/6372 6820/1/6819 6821/1/6820 
f 6821/1/6820 6370/1/6369 6373/1/6372 
f 6377/1/6376 6819/1/6818 6820/1/6819 
f 6820/1/6819 6373/1/6372 6377/1/6376 
f 2560/1/2560 6822/1/6821 6821/1/6820 
f 6821/1/6820 2561/1/2561 2560/1/2560 
f 2540/1/2540 6823/1/6822 6822/1/6821 
f 6822/1/6821 2560/1/2560 2540/1/2540 
f 6381/1/6380 6822/1/6821 6823/1/6822 
f 6823/1/6822 6378/1/6377 6381/1/6380 
f 6370/1/6369 6821/1/6820 6822/1/6821 
f 6822/1/6821 6381/1/6380 6370/1/6369 
f 2539/1/2539 6824/1/6823 6823/1/6822 
f 6823/1/6822 2540/1/2540 2539/1/2539 
f 2312/1/2312 6825/1/6824 6824/1/6823 
f 6824/1/6823 2539/1/2539 2312/1/2312 
f 6526/1/6525 6824/1/6823 6825/1/6824 
f 6825/1/6824 6518/1/6517 6526/1/6525 
f 6378/1/6377 6823/1/6822 6824/1/6823 
f 6824/1/6823 6526/1/6525 6378/1/6377 
f 2308/1/2308 6826/1/6825 6825/1/6824 
f 6825/1/6824 2312/1/2312 2308/1/2308 
f 6827/1/6826 6826/1/6825 2308/1/2308 
f 2308/1/2308 2307/1/2307 6827/1/6826 
f 6514/1/6513 6826/1/6825 6827/1/6826 
f 6827/1/6826 6511/1/6510 6514/1/6513 
f 6518/1/6517 6825/1/6824 6826/1/6825 
f 6826/1/6825 6514/1/6513 6518/1/6517 
f 2307/1/2307 2400/1/2400 6828/1/6827 
f 6828/1/6827 6827/1/6826 2307/1/2307 
f 6829/1/6828 6828/1/6827 2400/1/2400 
f 2400/1/2400 2402/1/2402 6829/1/6828 
f 6520/1/6519 6519/1/6518 6828/1/6827 
f 6828/1/6827 6829/1/6828 6520/1/6519 
f 6827/1/6826 6828/1/6827 6519/1/6518 
f 6519/1/6518 6511/1/6510 6827/1/6826 
f 2402/1/2402 2528/1/2528 6830/1/6829 
f 6830/1/6829 6829/1/6828 2402/1/2402 
f 6831/1/6830 6830/1/6829 2528/1/2528 
f 2528/1/2528 2527/1/2527 6831/1/6830 
f 6508/1/6507 6530/1/6529 6830/1/6829 
f 6830/1/6829 6831/1/6830 6508/1/6507 
f 6829/1/6828 6830/1/6829 6530/1/6529 
f 6530/1/6529 6520/1/6519 6829/1/6828 
f 2527/1/2527 6788/1/6787 6832/1/6831 
f 6832/1/6831 6831/1/6830 2527/1/2527 
f 6497/1/6496 6504/1/6503 6832/1/6831 
f 6832/1/6831 6788/1/6787 6497/1/6496 
f 6831/1/6830 6832/1/6831 6504/1/6503 
f 6504/1/6503 6508/1/6507 6831/1/6830 
f 5901/1/5900 5900/1/5899 6833/1/6832 
f 6833/1/6832 6834/1/6833 5901/1/5900 
f 5924/1/5923 6833/1/6832 5900/1/5899 
f 5900/1/5899 5899/1/5898 5924/1/5923 
f 5925/1/5924 6835/1/6834 6833/1/6832 
f 6833/1/6832 5924/1/5923 5925/1/5924 
f 6835/1/6834 6836/1/6835 6834/1/6833 
f 6758/1/6757 6837/1/6836 6838/1/6837 
f 6838/1/6837 6755/1/6754 6758/1/6757 
f 5907/1/5906 5906/1/5905 6837/1/6836 
f 6837/1/6836 6758/1/6757 5907/1/5906 
f 5906/1/5905 5901/1/5900 6834/1/6833 
f 6837/1/6836 6834/1/6833 6836/1/6835 
f 6839/1/6838 6840/1/6839 6746/1/6745 
f 6746/1/6745 6740/1/6739 6839/1/6838 
f 6841/1/6840 6842/1/6841 6843/1/6842 
f 6742/1/6741 6841/1/6840 6839/1/6838 
f 6839/1/6838 6740/1/6739 6742/1/6741 
f 6733/1/6732 6777/1/6776 6841/1/6840 
f 6841/1/6840 6742/1/6741 6733/1/6732 
f 6777/1/6776 6778/1/6777 6842/1/6841 
f 6780/1/6779 6779/1/6778 6844/1/6843 
f 6844/1/6843 6845/1/6844 6780/1/6779 
f 6779/1/6778 6772/1/6771 6768/1/6767 
f 6767/1/6766 6846/1/6845 6844/1/6843 
f 6844/1/6843 6768/1/6767 6767/1/6766 
f 6847/1/6846 6845/1/6844 6844/1/6843 
f 6844/1/6843 6846/1/6845 6847/1/6846 
f 6846/1/6845 6848/1/6847 6849/1/6848 
f 6849/1/6848 6847/1/6846 6846/1/6845 
f 6846/1/6845 6767/1/6766 6770/1/6769 
f 6755/1/6754 6838/1/6837 6848/1/6847 
f 6848/1/6847 6770/1/6769 6755/1/6754 
f 6838/1/6837 6836/1/6835 6849/1/6848 
f 7/1/7 39/1/39 42/1/42 
f 29/1/29 28/1/28 47/1/47 
f 45/1/45 47/1/47 28/1/28 
f 55/1/55 54/1/54 56/1/56 
f 57/1/57 56/1/56 58/1/58 
f 48/1/48 60/1/60 58/1/58 
f 62/1/62 60/1/60 48/1/48 
f 63/1/63 61/1/61 60/1/60 
f 66/1/66 64/1/64 62/1/62 
f 41/1/41 40/1/40 94/1/94 
f 135/1/135 133/1/133 132/1/132 
f 57/1/57 154/1/154 153/1/153 
f 181/1/181 180/1/180 190/1/190 
f 191/1/191 190/1/190 192/1/192 
f 193/1/193 192/1/192 194/1/194 
f 34/1/34 30/1/30 382/1/382 
f 2/1/2 382/1/382 30/1/30 
f 387/1/387 386/1/386 21/1/21 
f 389/1/389 391/1/391 395/1/395 
f 394/1/394 399/1/399 398/1/398 
f 397/1/397 398/1/398 399/1/399 
f 395/1/395 398/1/398 397/1/397 
f 431/1/431 437/1/437 436/1/436 
f 462/1/462 461/1/461 463/1/463 
f 467/1/467 468/1/468 465/1/465 
f 472/1/472 471/1/471 468/1/468 
f 474/1/474 473/1/473 462/1/462 
f 484/1/484 481/1/481 485/1/485 
f 472/1/472 485/1/485 481/1/481 
f 467/1/467 487/1/487 485/1/485 
f 486/1/486 485/1/485 487/1/487 
f 488/1/488 487/1/487 489/1/489 
f 492/1/492 491/1/491 493/1/493 
f 494/1/494 493/1/493 495/1/495 
f 500/1/500 499/1/499 501/1/501 
f 552/1/552 553/1/553 550/1/550 
f 537/1/537 550/1/550 553/1/553 
f 538/1/538 553/1/553 558/1/558 
f 559/1/559 558/1/558 553/1/553 
f 570/1/570 571/1/571 568/1/568 
f 551/1/551 568/1/568 571/1/571 
f 584/1/584 585/1/585 582/1/582 
f 381/1/381 399/1/399 582/1/582 
f 574/1/574 588/1/588 586/1/586 
f 598/1/598 599/1/599 596/1/596 
f 55/1/55 153/1/153 596/1/596 
f 615/1/615 614/1/614 480/1/480 
f 620/1/620 624/1/624 622/1/622 
f 622/1/622 624/1/624 623/1/623 
f 629/1/629 627/1/627 626/1/626 
f 625/1/625 623/1/623 627/1/627 
f 660/1/660 661/1/661 658/1/658 
f 659/1/659 664/1/664 662/1/662 
f 663/1/663 662/1/662 664/1/664 
f 668/1/668 669/1/669 666/1/666 
f 458/1/458 669/1/669 670/1/670 
f 671/1/671 670/1/670 669/1/669 
f 460/1/460 670/1/670 673/1/673 
f 680/1/680 681/1/681 678/1/678 
f 686/1/686 688/1/688 684/1/684 
f 705/1/705 704/1/704 706/1/706 
f 703/1/703 709/1/709 706/1/706 
f 701/1/701 716/1/716 265/1/265 
f 705/1/705 717/1/717 716/1/716 
f 685/1/685 684/1/684 736/1/736 
f 737/1/737 736/1/736 684/1/684 
f 747/1/747 748/1/748 737/1/737 
f 698/1/698 753/1/753 762/1/762 
f 801/1/801 805/1/805 800/1/800 
f 803/1/803 805/1/805 801/1/801 
f 833/1/833 839/1/839 840/1/840 
f 865/1/865 864/1/864 855/1/855 
f 904/1/904 903/1/903 892/1/892 
f 925/1/925 930/1/930 929/1/929 
f 933/1/933 934/1/934 931/1/931 
f 925/1/925 934/1/934 935/1/935 
f 936/1/936 935/1/935 934/1/934 
f 930/1/930 935/1/935 938/1/938 
f 952/1/952 950/1/950 947/1/947 
f 953/1/953 954/1/954 950/1/950 
f 961/1/961 968/1/968 967/1/967 
f 969/1/969 968/1/968 951/1/951 
f 914/1/914 970/1/970 962/1/962 
f 918/1/918 957/1/957 970/1/970 
f 1050/1/1050 1051/1/1051 1048/1/1048 
f 1192/1/1192 1194/1/1194 1190/1/1190 
f 583/1/583 1207/1/1207 1206/1/1206 
f 1212/1/1212 1213/1/1213 1210/1/1210 
f 1205/1/1205 1213/1/1213 1212/1/1212 
f 1210/1/1210 1213/1/1213 599/1/599 
f 1208/1/1208 1216/1/1216 1215/1/1215 
f 1221/1/1221 1220/1/1220 1206/1/1206 
f 1239/1/1239 1248/1/1248 579/1/579 
f 595/1/595 594/1/594 1254/1/1254 
f 1261/1/1261 1262/1/1262 1263/1/1263 
f 1281/1/1281 1280/1/1280 1290/1/1290 
f 1291/1/1291 1296/1/1296 1295/1/1295 
f 1299/1/1299 1302/1/1302 1194/1/1194 
f 1281/1/1281 1295/1/1295 1306/1/1306 
f 1327/1/1327 1336/1/1336 1334/1/1334 
f 1309/1/1309 1313/1/1313 1342/1/1342 
f 1343/1/1343 1342/1/1342 1313/1/1313 
f 1345/1/1345 1344/1/1344 1341/1/1341 
f 1363/1/1363 1362/1/1362 1361/1/1361 
f 1372/1/1372 1373/1/1373 1370/1/1370 
f 1377/1/1377 1379/1/1379 838/1/838 
f 1417/1/1417 1416/1/1416 1418/1/1418 
f 767/1/767 1439/1/1439 1438/1/1438 
f 1441/1/1441 1438/1/1438 1439/1/1439 
f 1451/1/1451 1450/1/1450 1432/1/1432 
f 1456/1/1456 1454/1/1454 825/1/825 
f 1457/1/1457 1458/1/1458 1454/1/1454 
f 1457/1/1457 1456/1/1456 1460/1/1460 
f 861/1/861 1460/1/1460 1456/1/1456 
f 1461/1/1461 1460/1/1460 1462/1/1462 
f 1463/1/1463 1462/1/1462 1464/1/1464 
f 1472/1/1472 1470/1/1470 1393/1/1393 
f 1481/1/1481 1477/1/1477 1476/1/1476 
f 1481/1/1481 1484/1/1484 1482/1/1482 
f 1522/1/1522 1521/1/1521 1529/1/1529 
f 1533/1/1533 1544/1/1544 1528/1/1528 
f 1554/1/1554 1552/1/1552 1564/1/1564 
f 1543/1/1543 1555/1/1555 1568/1/1568 
f 1570/1/1570 1574/1/1574 1572/1/1572 
f 1573/1/1573 1572/1/1572 1574/1/1574 
f 1575/1/1575 1574/1/1574 1580/1/1580 
f 502/1/502 501/1/501 1584/1/1584 
f 1586/1/1586 1584/1/1584 501/1/501 
f 1587/1/1587 1588/1/1588 1584/1/1584 
f 1586/1/1586 1591/1/1591 1590/1/1590 
f 1593/1/1593 1590/1/1590 1591/1/1591 
f 1615/1/1615 1614/1/1614 1611/1/1611 
f 1665/1/1665 1664/1/1664 1666/1/1666 
f 1668/1/1668 1666/1/1666 1664/1/1664 
f 1669/1/1669 1670/1/1670 1666/1/1666 
f 1686/1/1686 1687/1/1687 1684/1/1684 
f 1689/1/1689 1692/1/1692 1690/1/1690 
f 1685/1/1685 1690/1/1690 1695/1/1695 
f 1713/1/1713 1714/1/1714 1711/1/1711 
f 1667/1/1667 1711/1/1711 1714/1/1714 
f 1750/1/1750 1746/1/1746 1745/1/1745 
f 1752/1/1752 1751/1/1751 1753/1/1753 
f 1790/1/1790 1791/1/1791 1783/1/1783 
f 1803/1/1803 1802/1/1802 1788/1/1788 
f 1815/1/1815 1818/1/1818 1817/1/1817 
f 1665/1/1665 1714/1/1714 1818/1/1818 
f 1817/1/1817 1818/1/1818 1714/1/1714 
f 1823/1/1823 1824/1/1824 1801/1/1801 
f 1712/1/1712 1824/1/1824 1823/1/1823 
f 1689/1/1689 1842/1/1842 1840/1/1840 
f 1681/1/1681 1852/1/1852 1850/1/1850 
f 1890/1/1890 1891/1/1891 1888/1/1888 
f 1894/1/1894 1895/1/1895 1892/1/1892 
f 1855/1/1855 1892/1/1892 1895/1/1895 
f 1893/1/1893 1892/1/1892 1891/1/1891 
f 1889/1/1889 1918/1/1918 1909/1/1909 
f 1915/1/1915 1918/1/1918 1889/1/1889 
f 1917/1/1917 1918/1/1918 1915/1/1915 
f 1927/1/1927 1928/1/1928 1926/1/1926 
f 1916/1/1916 1938/1/1938 1937/1/1937 
f 1931/1/1931 1937/1/1937 1938/1/1938 
f 1944/1/1944 1935/1/1935 1933/1/1933 
f 1959/1/1959 1960/1/1960 1957/1/1957 
f 1956/1/1956 1963/1/1963 1957/1/1957 
f 1952/1/1952 1969/1/1969 1333/1/1333 
f 1316/1/1316 1999/1/1999 1998/1/1998 
f 1916/1/1916 1915/1/1915 2004/1/2004 
f 1998/1/1998 2013/1/2013 1880/1/1880 
f 2012/1/2012 2013/1/2013 1998/1/1998 
f 2007/1/2007 2006/1/2006 2013/1/2013 
f 1934/1/1934 1938/1/1938 2016/1/2016 
f 1589/1/1589 2023/1/2023 2021/1/2021 
f 1827/1/1827 2030/1/2030 2029/1/2029 
f 2032/1/2032 2045/1/2045 2043/1/2043 
f 2044/1/2044 2043/1/2043 2045/1/2045 
f 2046/1/2046 2049/1/2049 2047/1/2047 
f 2046/1/2046 2045/1/2045 2051/1/2051 
f 2036/1/2036 2038/1/2038 2057/1/2057 
f 646/1/646 2066/1/2066 2067/1/2067 
f 2079/1/2079 2084/1/2084 2083/1/2083 
f 2088/1/2088 2087/1/2087 2078/1/2078 
f 676/1/676 2098/1/2098 2103/1/2103 
f 679/1/679 2103/1/2103 2106/1/2106 
f 2166/1/2166 2168/1/2168 2167/1/2167 
f 2145/1/2145 2170/1/2170 2168/1/2168 
f 2266/1/2266 2265/1/2265 1438/1/1438 
f 708/1/708 2267/1/2267 732/1/732 
f 710/1/710 2269/1/2269 2267/1/2267 
f 2285/1/2285 2286/1/2286 2283/1/2283 
f 1440/1/1440 2283/1/2283 2286/1/2286 
f 1426/1/1426 1443/1/1443 2283/1/2283 
f 2284/1/2284 2283/1/2283 1443/1/1443 
f 2270/1/2270 2269/1/2269 2291/1/2291 
f 2266/1/2266 2291/1/2291 2269/1/2269 
f 1441/1/1441 2293/1/2293 2291/1/2291 
f 2292/1/2292 2291/1/2291 2293/1/2293 
f 2326/1/2326 2325/1/2325 2329/1/2329 
f 1459/1/1459 2330/1/2330 2329/1/2329 
f 2285/1/2285 2290/1/2290 2331/1/2331 
f 2326/1/2326 2333/1/2333 2331/1/2331 
f 2332/1/2332 2331/1/2331 2333/1/2333 
f 2294/1/2294 2293/1/2293 2335/1/2335 
f 2286/1/2286 2335/1/2335 2293/1/2293 
f 2285/1/2285 2332/1/2332 2335/1/2335 
f 2336/1/2336 2335/1/2335 2332/1/2332 
f 2338/1/2338 2337/1/2337 2336/1/2336 
f 2330/1/2330 2339/1/2339 2333/1/2333 
f 1459/1/1459 2341/1/2341 2339/1/2339 
f 1461/1/1461 2344/1/2344 2343/1/2343 
f 1463/1/1463 1493/1/1493 2344/1/2344 
f 1459/1/1459 1458/1/1458 2347/1/2347 
f 2343/1/2343 2347/1/2347 1458/1/1458 
f 2346/1/2346 2345/1/2345 2349/1/2349 
f 2368/1/2368 2367/1/2367 1414/1/1414 
f 1398/1/1398 2381/1/2381 2379/1/2379 
f 2380/1/2380 2379/1/2379 2381/1/2381 
f 2340/1/2340 2385/1/2385 2384/1/2384 
f 2404/1/2404 2403/1/2403 2348/1/2348 
f 2406/1/2406 2403/1/2403 2404/1/2404 
f 2386/1/2386 2403/1/2403 2406/1/2406 
f 2405/1/2405 2404/1/2404 2407/1/2407 
f 2350/1/2350 2407/1/2407 2404/1/2404 
f 2487/1/2487 2488/1/2488 2485/1/2485 
f 2486/1/2486 2485/1/2485 2480/1/2480 
f 2489/1/2489 2491/1/2491 2487/1/2487 
f 2482/1/2482 2489/1/2489 2486/1/2486 
f 2493/1/2493 2500/1/2500 2505/1/2505 
f 2552/1/2552 2548/1/2548 2580/1/2580 
f 2550/1/2550 2585/1/2585 2583/1/2583 
f 1537/1/1537 2627/1/2627 2626/1/2626 
f 2628/1/2628 2627/1/2627 2630/1/2630 
f 2645/1/2645 2644/1/2644 2634/1/2634 
f 2671/1/2671 2670/1/2670 2667/1/2667 
f 2631/1/2631 2630/1/2630 2694/1/2694 
f 2701/1/2701 2700/1/2700 2702/1/2702 
f 1575/1/1575 2673/1/2673 2702/1/2702 
f 2731/1/2731 2732/1/2732 2729/1/2729 
f 2657/1/2657 2731/1/2731 2730/1/2730 
f 2658/1/2658 2669/1/2669 2731/1/2731 
f 2653/1/2653 2730/1/2730 2735/1/2735 
f 2736/1/2736 2735/1/2735 2730/1/2730 
f 2733/1/2733 2736/1/2736 2751/1/2751 
f 2742/1/2742 2751/1/2751 2736/1/2736 
f 2849/1/2849 2850/1/2850 2847/1/2847 
f 2887/1/2887 2888/1/2888 2885/1/2885 
f 2885/1/2885 2872/1/2872 2876/1/2876 
f 2895/1/2895 2896/1/2896 2893/1/2893 
f 2894/1/2894 2893/1/2893 2892/1/2892 
f 2902/1/2902 2903/1/2903 2900/1/2900 
f 2908/1/2908 2907/1/2907 2905/1/2905 
f 2902/1/2902 2917/1/2917 2918/1/2918 
f 2929/1/2929 2928/1/2928 2923/1/2923 
f 2935/1/2935 2934/1/2934 2936/1/2936 
f 2922/1/2922 2935/1/2935 2942/1/2942 
f 2937/1/2937 2944/1/2944 2942/1/2942 
f 2937/1/2937 2936/1/2936 2948/1/2948 
f 2961/1/2961 2960/1/2960 2957/1/2957 
f 2956/1/2956 2964/1/2964 2962/1/2962 
f 2965/1/2965 2964/1/2964 2980/1/2980 
f 2975/1/2975 2980/1/2980 2964/1/2964 
f 2980/1/2980 2975/1/2975 2974/1/2974 
f 2981/1/2981 2980/1/2980 2982/1/2982 
f 1348/1/1348 2994/1/2994 2999/1/2999 
f 1357/1/1357 2999/1/2999 3002/1/3002 
f 1354/1/1354 3002/1/3002 3007/1/3007 
f 3008/1/3008 3011/1/3011 1363/1/1363 
f 3014/1/3014 3013/1/3013 3017/1/3017 
f 2382/1/2382 2381/1/2381 3019/1/3019 
f 3039/1/3039 3036/1/3036 3035/1/3035 
f 3031/1/3031 3039/1/3039 3066/1/3066 
f 3053/1/3053 3071/1/3071 3070/1/3070 
f 3073/1/3073 3070/1/3070 3071/1/3071 
f 3052/1/3052 3070/1/3070 3067/1/3067 
f 3079/1/3079 3082/1/3082 3080/1/3080 
f 3081/1/3081 3080/1/3080 3082/1/3082 
f 3071/1/3071 3086/1/3086 3084/1/3084 
f 3081/1/3081 3086/1/3086 3071/1/3071 
f 3091/1/3091 3089/1/3089 3088/1/3088 
f 3065/1/3065 3120/1/3120 3118/1/3118 
f 3158/1/3158 3159/1/3159 3157/1/3157 
f 3179/1/3179 3178/1/3178 3082/1/3082 
f 3217/1/3217 3215/1/3215 3214/1/3214 
f 3216/1/3216 3220/1/3220 3218/1/3218 
f 3061/1/3061 3408/1/3408 3406/1/3406 
f 3056/1/3056 3406/1/3406 3028/1/3028 
f 3416/1/3416 3414/1/3414 3411/1/3411 
f 3417/1/3417 3416/1/3416 3422/1/3422 
f 3420/1/3420 3422/1/3422 3416/1/3416 
f 3423/1/3423 3422/1/3422 3420/1/3420 
f 3462/1/3462 3461/1/3461 3458/1/3458 
f 3488/1/3488 3486/1/3486 3485/1/3485 
f 3491/1/3491 3493/1/3493 3489/1/3489 
f 3490/1/3490 3496/1/3496 3495/1/3495 
f 3485/1/3485 3498/1/3498 3497/1/3497 
f 3508/1/3508 3510/1/3510 3509/1/3509 
f 3512/1/3512 3509/1/3509 3510/1/3510 
f 3491/1/3491 3495/1/3495 3509/1/3509 
f 3507/1/3507 3509/1/3509 3495/1/3495 
f 3511/1/3511 3515/1/3515 3513/1/3513 
f 3516/1/3516 3518/1/3518 3517/1/3517 
f 3520/1/3520 3517/1/3517 3518/1/3518 
f 3526/1/3526 3523/1/3523 3522/1/3522 
f 3516/1/3516 3515/1/3515 3523/1/3523 
f 3575/1/3575 3574/1/3574 3563/1/3563 
f 3576/1/3576 3577/1/3577 3574/1/3574 
f 3562/1/3562 3571/1/3571 3582/1/3582 
f 3575/1/3575 3582/1/3582 3585/1/3585 
f 3593/1/3593 3592/1/3592 3577/1/3577 
f 3594/1/3594 3595/1/3595 3592/1/3592 
f 3608/1/3608 3609/1/3609 3606/1/3606 
f 3405/1/3405 3595/1/3595 3606/1/3606 
f 3598/1/3598 3600/1/3600 3611/1/3611 
f 3622/1/3622 3623/1/3623 3620/1/3620 
f 3079/1/3079 3076/1/3076 3620/1/3620 
f 3502/1/3502 3638/1/3638 3641/1/3641 
f 3646/1/3646 3647/1/3647 3645/1/3645 
f 3648/1/3648 3649/1/3649 3647/1/3647 
f 3648/1/3648 3651/1/3651 3650/1/3650 
f 3653/1/3653 3650/1/3650 3651/1/3651 
f 3684/1/3684 3685/1/3685 3682/1/3682 
f 3689/1/3689 3687/1/3687 3686/1/3686 
f 3683/1/3683 3682/1/3682 3687/1/3687 
f 3692/1/3692 3693/1/3693 3690/1/3690 
f 3482/1/3482 3483/1/3483 3694/1/3694 
f 3695/1/3695 3694/1/3694 3483/1/3483 
f 3691/1/3691 3694/1/3694 3697/1/3697 
f 3704/1/3704 3705/1/3705 3702/1/3702 
f 3710/1/3710 3713/1/3713 3708/1/3708 
f 3727/1/3727 3731/1/3731 3730/1/3730 
f 3728/1/3728 3726/1/3726 3730/1/3730 
f 3727/1/3727 3724/1/3724 3740/1/3740 
f 3286/1/3286 3740/1/3740 3724/1/3724 
f 3709/1/3709 3719/1/3719 3760/1/3760 
f 3710/1/3710 3760/1/3760 3763/1/3763 
f 3763/1/3763 3773/1/3773 3768/1/3768 
f 3722/1/3722 3729/1/3729 3786/1/3786 
f 3825/1/3825 3828/1/3828 3824/1/3824 
f 3824/1/3824 3828/1/3828 3827/1/3827 
f 3864/1/3864 3863/1/3863 3859/1/3859 
f 3881/1/3881 3888/1/3888 3887/1/3887 
f 3907/1/3907 3918/1/3918 3921/1/3921 
f 3940/1/3940 3943/1/3943 3944/1/3944 
f 3948/1/3948 3949/1/3949 3946/1/3946 
f 3940/1/3940 3945/1/3945 3950/1/3950 
f 3951/1/3951 3950/1/3950 3945/1/3945 
f 3947/1/3947 3950/1/3950 3953/1/3953 
f 3958/1/3958 3961/1/3961 3964/1/3964 
f 3964/1/3964 3966/1/3966 3970/1/3970 
f 3965/1/3965 3983/1/3983 3982/1/3982 
f 3984/1/3984 3983/1/3983 3976/1/3976 
f 3979/1/3979 3986/1/3986 3928/1/3928 
f 4065/1/4065 4066/1/4066 4063/1/4063 
f 4186/1/4186 4188/1/4188 4184/1/4184 
f 4200/1/4200 4203/1/4203 3609/1/3609 
f 4206/1/4206 4207/1/4207 4204/1/4204 
f 3621/1/3621 4207/1/4207 4206/1/4206 
f 4204/1/4204 4207/1/4207 4198/1/4198 
f 4211/1/4211 4210/1/4210 4202/1/4202 
f 4200/1/4200 4214/1/4214 4217/1/4217 
f 3602/1/3602 4243/1/4243 4235/1/4235 
f 3619/1/3619 4230/1/4230 4249/1/4249 
f 4257/1/4257 4256/1/4256 4253/1/4253 
f 4275/1/4275 4286/1/4286 4284/1/4284 
f 4290/1/4290 4289/1/4289 4286/1/4286 
f 4185/1/4185 4296/1/4296 4293/1/4293 
f 4275/1/4275 4302/1/4302 4300/1/4300 
f 4319/1/4319 4316/1/4316 4326/1/4326 
f 4303/1/4303 4331/1/4331 4332/1/4332 
f 4305/1/4305 4332/1/4332 1343/1/1343 
f 4333/1/4333 4334/1/4334 1345/1/1345 
f 4345/1/4345 4348/1/4348 4351/1/4351 
f 4358/1/4358 4359/1/4359 4356/1/4356 
f 4405/1/4405 4403/1/4403 4402/1/4402 
f 4424/1/4424 4427/1/4427 3790/1/3790 
f 4427/1/4427 4424/1/4424 4425/1/4425 
f 4416/1/4416 4437/1/4437 4436/1/4436 
f 4444/1/4444 4445/1/4445 4441/1/4441 
f 3848/1/3848 4441/1/4441 4445/1/4445 
f 4444/1/4444 4447/1/4447 4446/1/4446 
f 4449/1/4449 4446/1/4446 4447/1/4447 
f 4445/1/4445 4446/1/4446 3883/1/3883 
f 4448/1/4448 4452/1/4452 4450/1/4450 
f 4456/1/4456 4459/1/4459 4406/1/4406 
f 4467/1/4467 4465/1/4465 4464/1/4464 
f 4508/1/4508 4516/1/4516 4514/1/4514 
f 4515/1/4515 4531/1/4531 4518/1/4518 
f 4540/1/4540 4552/1/4552 4550/1/4550 
f 4529/1/4529 4544/1/4544 4554/1/4554 
f 4561/1/4561 4559/1/4559 4558/1/4558 
f 4560/1/4560 4568/1/4568 4566/1/4566 
f 3525/1/3525 4572/1/4572 4570/1/4570 
f 3526/1/3526 4570/1/4570 4575/1/4575 
f 4576/1/4576 4577/1/4577 4575/1/4575 
f 4578/1/4578 4579/1/4579 4577/1/4577 
f 4599/1/4599 4600/1/4600 4603/1/4603 
f 4649/1/4649 4647/1/4647 4646/1/4646 
f 4648/1/4648 4654/1/4654 4652/1/4652 
f 4656/1/4656 4657/1/4657 4652/1/4652 
f 4649/1/4649 4652/1/4652 4657/1/4657 
f 4672/1/4672 4673/1/4673 4670/1/4670 
f 4674/1/4674 4675/1/4675 4670/1/4670 
f 4674/1/4674 4673/1/4673 4676/1/4676 
f 4678/1/4678 4676/1/4676 4673/1/4673 
f 4699/1/4699 4700/1/4700 4697/1/4697 
f 4698/1/4698 4697/1/4697 4654/1/4654 
f 4732/1/4732 4731/1/4731 4733/1/4733 
f 4740/1/4740 4738/1/4738 4737/1/4737 
f 4776/1/4776 4788/1/4788 4787/1/4787 
f 4698/1/4698 4803/1/4803 4804/1/4804 
f 4648/1/4648 4646/1/4646 4803/1/4803 
f 4807/1/4807 4808/1/4808 4804/1/4804 
f 4789/1/4789 4810/1/4810 4809/1/4809 
f 4731/1/4731 4810/1/4810 4789/1/4789 
f 4809/1/4809 4810/1/4810 4700/1/4700 
f 4674/1/4674 4677/1/4677 4827/1/4827 
f 4877/1/4877 4878/1/4878 4875/1/4875 
f 4874/1/4874 4875/1/4875 4878/1/4878 
f 4876/1/4876 4875/1/4875 4837/1/4837 
f 4836/1/4836 4835/1/4835 4880/1/4880 
f 4889/1/4889 4894/1/4894 4872/1/4872 
f 4896/1/4896 4894/1/4894 4893/1/4893 
f 4872/1/4872 4894/1/4894 4896/1/4896 
f 1924/1/1924 1930/1/1930 4904/1/4904 
f 4903/1/4903 4904/1/4904 1928/1/1928 
f 4910/1/4910 4909/1/4909 4906/1/4906 
f 4895/1/4895 4893/1/4893 4909/1/4909 
f 1346/1/1346 4335/1/4335 4921/1/4921 
f 1956/1/1956 4924/1/4924 4923/1/4923 
f 4327/1/4327 4934/1/4934 4922/1/4922 
f 4960/1/4960 4959/1/4959 4306/1/4306 
f 4895/1/4895 4965/1/4965 4963/1/4963 
f 4863/1/4863 4971/1/4971 4960/1/4960 
f 4966/1/4966 4972/1/4972 4971/1/4971 
f 4960/1/4960 4971/1/4971 4972/1/4972 
f 4908/1/4908 4918/1/4918 4975/1/4975 
f 4910/1/4910 4975/1/4975 4965/1/4965 
f 4573/1/4573 4572/1/4572 4981/1/4981 
f 4988/1/4988 4990/1/4990 4812/1/4812 
f 5003/1/5003 5001/1/5001 5000/1/5000 
f 4991/1/4991 4988/1/4988 5001/1/5001 
f 5002/1/5002 5000/1/5000 5005/1/5005 
f 5002/1/5002 5011/1/5011 5008/1/5008 
f 4995/1/4995 5010/1/5010 5012/1/5012 
f 5036/1/5035 5037/1/5036 5035/1/5034 
f 5032/1/5032 5041/1/5040 5040/1/5039 
f 3700/1/3700 3705/1/3705 5051/1/5050 
f 5052/1/5051 5051/1/5050 3705/1/3705 
f 5080/1/5079 5098/1/5097 5101/1/5100 
f 2167/1/2167 5101/1/5100 5098/1/5097 
f 4424/1/4424 5176/1/5175 5175/1/5174 
f 3735/1/3735 3733/1/3733 5178/1/5177 
f 3757/1/3757 5178/1/5177 3733/1/3733 
f 5195/1/5194 5196/1/5195 5193/1/5192 
f 4431/1/4431 5193/1/5192 5196/1/5195 
f 4412/1/4412 4426/1/4426 5193/1/5192 
f 5194/1/5193 5193/1/5192 4426/1/4426 
f 5180/1/5179 5202/1/5201 5201/1/5200 
f 5204/1/5203 5201/1/5200 5202/1/5201 
f 4425/1/4425 5175/1/5174 5201/1/5200 
f 5179/1/5178 5201/1/5200 5175/1/5174 
f 5240/1/5239 5235/1/5234 5236/1/5235 
f 4443/1/4443 4440/1/4440 5240/1/5239 
f 5195/1/5194 5242/1/5241 5241/1/5240 
f 5244/1/5243 5241/1/5240 5242/1/5241 
f 5198/1/5197 5241/1/5240 5237/1/5236 
f 5203/1/5202 5246/1/5245 5245/1/5244 
f 5242/1/5241 5245/1/5244 5246/1/5245 
f 5195/1/5194 5194/1/5193 5245/1/5244 
f 5204/1/5203 5245/1/5244 5194/1/5193 
f 4443/1/4443 5239/1/5238 5250/1/5249 
f 5244/1/5243 5250/1/5249 5239/1/5238 
f 4448/1/4448 4447/1/4447 5254/1/5253 
f 5255/1/5254 5254/1/5253 4447/1/4447 
f 4443/1/4443 5251/1/5250 5257/1/5256 
f 4442/1/4442 5257/1/5256 5255/1/5254 
f 5256/1/5255 5261/1/5260 5259/1/5258 
f 4400/1/4400 5277/1/5276 5280/1/5279 
f 5292/1/5291 5290/1/5289 5289/1/5288 
f 4383/1/4383 4389/1/4389 5290/1/5289 
f 5296/1/5295 5295/1/5294 5249/1/5248 
f 5315/1/5314 5316/1/5315 5313/1/5312 
f 5258/1/5257 5316/1/5315 5315/1/5314 
f 5252/1/5251 5294/1/5293 5316/1/5315 
f 5313/1/5312 5316/1/5315 5294/1/5293 
f 5314/1/5313 5319/1/5318 5317/1/5316 
f 5315/1/5314 5317/1/5316 5261/1/5260 
f 5378/1/5377 5379/1/5378 5376/1/5375 
f 5377/1/5376 5384/1/5383 5383/1/5382 
f 5385/1/5384 5384/1/5383 5319/1/5318 
f 5383/1/5382 5387/1/5386 5380/1/5379 
f 5388/1/5387 5397/1/5396 5398/1/5397 
f 5393/1/5392 5398/1/5397 2506/1/2506 
f 5508/1/5507 5504/1/5503 5503/1/5502 
f 5505/1/5504 5504/1/5503 4522/1/4522 
f 5511/1/5510 5521/1/5520 5524/1/5523 
f 5547/1/5546 5548/1/5547 5545/1/5544 
f 5542/1/5541 5545/1/5544 5548/1/5547 
f 5507/1/5506 5573/1/5572 5571/1/5570 
f 5578/1/5577 5580/1/5579 5579/1/5578 
f 4560/1/4560 4558/1/4558 5579/1/5578 
f 5608/1/5607 5609/1/5608 5606/1/5605 
f 5547/1/5546 5546/1/5545 5609/1/5608 
f 5534/1/5533 5533/1/5532 5609/1/5608 
f 5606/1/5605 5609/1/5608 5533/1/5532 
f 5606/1/5605 5612/1/5611 5611/1/5610 
f 5528/1/5527 5525/1/5524 5612/1/5611 
f 5610/1/5609 5630/1/5629 5628/1/5627 
f 5611/1/5610 5628/1/5627 5618/1/5617 
f 5726/1/5725 5727/1/5726 5724/1/5723 
f 5764/1/5763 5765/1/5764 5762/1/5761 
f 5750/1/5749 5748/1/5747 5762/1/5761 
f 5772/1/5771 5773/1/5772 5770/1/5769 
f 5768/1/5767 5770/1/5769 5773/1/5772 
f 5772/1/5771 5775/1/5774 5774/1/5773 
f 5779/1/5778 5780/1/5779 5777/1/5776 
f 5784/1/5783 5785/1/5784 5779/1/5778 
f 5779/1/5778 5785/1/5784 5796/1/5795 
f 5798/1/5797 5805/1/5804 5808/1/5807 
f 5814/1/5813 5812/1/5811 5811/1/5810 
f 5813/1/5812 5811/1/5810 5820/1/5819 
f 5799/1/5798 5808/1/5807 5820/1/5819 
f 5813/1/5812 5827/1/5826 5825/1/5824 
f 5836/1/5835 5838/1/5837 5837/1/5836 
f 5833/1/5832 5837/1/5836 5840/1/5839 
f 5842/1/5841 5858/1/5857 5857/1/5856 
f 5860/1/5859 5857/1/5856 5858/1/5857 
f 5850/1/5849 5857/1/5856 5860/1/5859 
f 5841/1/5840 5857/1/5856 5850/1/5849 
f 4336/1/4336 4341/1/4341 5874/1/5873 
f 5875/1/5874 5874/1/5873 4341/1/4341 
f 4351/1/4351 5884/1/5883 5880/1/5879 
f 3017/1/3017 5887/1/5886 5886/1/5885 
f 5291/1/5290 5890/1/5889 5889/1/5888 
f 5917/1/5916 5915/1/5914 5914/1/5913 
f 5940/1/5939 5944/1/5943 5943/1/5942 
f 5947/1/5946 5948/1/5947 5945/1/5944 
f 5952/1/5951 5949/1/5948 5950/1/5949 
f 5959/1/5958 5955/1/5954 5957/1/5956 
f 5952/1/5951 5961/1/5960 5945/1/5944 
f 5937/1/5936 5936/1/5935 5966/1/5965 
f 6064/1/6063 6065/1/6064 6060/1/6059 
f 6061/1/6060 6060/1/6059 6065/1/6064 
f 6068/1/6067 6065/1/6064 6064/1/6063 
f 6069/1/6068 6070/1/6069 6068/1/6067 
f 6072/1/6071 6068/1/6067 6070/1/6069 
f 6075/1/6074 6073/1/6072 6070/1/6069 
f 6074/1/6073 6073/1/6072 6077/1/6076 
f 6090/1/6089 6092/1/6091 6088/1/6087 
f 6090/1/6089 6089/1/6088 6097/1/6096 
f 6099/1/6098 6097/1/6096 6089/1/6088 
f 6102/1/6101 6107/1/6106 6106/1/6105 
f 6094/1/6093 6091/1/6090 6107/1/6106 
f 6071/1/6070 6111/1/6110 6109/1/6108 
f 6152/1/6151 6155/1/6154 6154/1/6153 
f 6094/1/6093 6108/1/6107 6155/1/6154 
f 6312/1/6311 6317/1/6316 6316/1/6315 
f 6104/1/6103 6106/1/6105 6317/1/6316 
f 6317/1/6316 6106/1/6105 6093/1/6092 
f 6320/1/6319 6319/1/6318 6092/1/6091 
f 6318/1/6317 6319/1/6318 6321/1/6320 
f 6067/1/6066 6347/1/6346 6329/1/6328 
f 6112/1/6111 6535/1/6534 6533/1/6532 
f 5958/1/5957 6538/1/6537 6537/1/6536 
f 6540/1/6539 6537/1/6536 6538/1/6537 
f 6541/1/6540 6542/1/6541 6537/1/6536 
f 5959/1/5958 6537/1/6536 6542/1/6541 
f 6540/1/6539 6548/1/6547 6547/1/6546 
f 6557/1/6556 6560/1/6559 6558/1/6557 
f 6556/1/6555 6558/1/6557 6547/1/6546 
f 5937/1/5936 6564/1/6563 6562/1/6561 
f 5935/1/5934 6562/1/6561 6566/1/6565 
f 6571/1/6570 6573/1/6572 6572/1/6571 
f 6536/1/6535 6549/1/6548 6595/1/6594 
f 6592/1/6591 6595/1/6594 6549/1/6548 
f 6565/1/6564 6598/1/6597 6596/1/6595 
f 6600/1/6599 6601/1/6600 6596/1/6595 
f 6571/1/6570 6574/1/6573 6602/1/6601 
f 6597/1/6596 6605/1/6604 6609/1/6608 
f 6613/1/6612 6618/1/6617 6616/1/6615 
f 6606/1/6605 6616/1/6615 6617/1/6616 
f 6643/1/6642 6641/1/6640 6640/1/6639 
f 6647/1/6646 6645/1/6644 6644/1/6643 
f 6650/1/6649 6659/1/6658 6648/1/6647 
f 6642/1/6641 6640/1/6639 6652/1/6651 
f 6647/1/6646 6652/1/6651 6640/1/6639 
f 6216/1/6215 6654/1/6653 6644/1/6643 
f 6668/1/6667 6675/1/6674 6676/1/6675 
f 6724/1/6723 6722/1/6721 6721/1/6720 
f 6719/1/6718 6748/1/6747 6747/1/6746 
f 6750/1/6749 6747/1/6746 6748/1/6747 
f 6781/1/6780 6782/1/6781 6779/1/6778 
f 6775/1/6774 6782/1/6781 6781/1/6780 
f 6774/1/6773 6782/1/6781 6775/1/6774 
f 5931/1/5930 5926/1/5925 6786/1/6785 
f 6361/1/6360 6498/1/6497 6787/1/6786 
f 5446/1/5445 5453/1/5452 6804/1/6803 
f 6834/1/6833 6833/1/6832 6835/1/6834 
f 6834/1/6833 6837/1/6836 5906/1/5905 
f 6836/1/6835 6838/1/6837 6837/1/6836 
f 6843/1/6842 6839/1/6838 6841/1/6840 
f 6842/1/6841 6841/1/6840 6777/1/6776 
f 6768/1/6767 6844/1/6843 6779/1/6778 
f 6770/1/6769 6848/1/6847 6846/1/6845 
f 6849/1/6848 6848/1/6847 6838/1/6837 
f 1627/1/1627 1623/1/1623 1643/1/1643 
f 1643/1/1643 1646/1/1646 1627/1/1627 
f 1680/1/1680 1854/1/1854 1852/1/1852 
f 1852/1/1852 1681/1/1681 1680/1/1680 
f 1896/1/1896 1851/1/1851 1853/1/1853 
f 6850/1/6849 1896/1/1896 1895/1/1895 
f 1895/1/1895 1894/1/1894 6850/1/6849 
f 1897/1/1897 1896/1/1896 6850/1/6849 
f 6850/1/6849 1900/1/1900 1897/1/1897 
f 1894/1/1894 1903/1/1903 1902/1/1902 
f 1902/1/1902 6850/1/6849 1894/1/1894 
f 6850/1/6849 1902/1/1902 1906/1/1906 
f 1906/1/1906 1900/1/1900 6850/1/6849 
f 1853/1/1853 1895/1/1895 1896/1/1896 
# 13622 faces

