# 3ds Max Wavefront OBJ Exporter v0.99 - (c)2007 guruware
# File Created: 26.04.2025 15:48:53

mtllib cabeza_supDer.mtl

#
# object cabeza_supDer
#

v  -1.6469 1.5775 -1.6895
v  -1.6234 1.5762 -1.6887
v  -1.6238 1.5594 -1.6978
v  -1.6474 1.5617 -1.7015
v  -1.6016 1.5574 -1.6894
v  -1.6024 1.5736 -1.6820
v  -1.5997 1.5402 -1.6965
v  -1.6233 1.5397 -1.7062
v  -1.6461 1.5436 -1.7130
v  -1.5710 1.5672 -1.6635
v  -1.5657 1.5560 -1.6614
v  -1.5814 1.5557 -1.6774
v  -1.5840 1.5703 -1.6722
v  -1.5774 1.5413 -1.6812
v  -1.5608 1.5400 -1.6587
v  -1.6216 1.5950 -1.6829
v  -1.6018 1.5910 -1.6765
v  -1.6428 1.5970 -1.6836
v  -1.6376 1.6155 -1.6884
v  -1.6174 1.6127 -1.6851
v  -1.5977 1.6073 -1.6763
v  -1.5776 1.5983 -1.6625
v  -1.5825 1.5848 -1.6666
v  -1.5652 1.5754 -1.6556
v  -1.5586 1.5859 -1.6468
v  -1.5425 1.5697 -1.6321
v  -1.5528 1.5618 -1.6454
v  -1.5468 1.5441 -1.6345
v  -1.5320 1.5533 -1.6161
v  -1.6390 1.5413 -1.7362
v  -1.6646 1.5471 -1.7378
v  -1.6684 1.5473 -1.7151
v  -1.6585 1.5486 -1.7649
v  -1.6283 1.5418 -1.7645
v  -1.6940 1.5523 -1.7609
v  -1.6882 1.5529 -1.7315
v  -1.6839 1.5529 -1.7156
v  -1.5879 1.5339 -1.7157
v  -1.6132 1.5361 -1.7290
v  -1.5996 1.5333 -1.7565
v  -1.5718 1.5274 -1.7407
v  -1.5651 1.5313 -1.6949
v  -1.5469 1.5281 -1.6674
v  -1.5267 1.5162 -1.6831
v  -1.5467 1.5221 -1.7154
v  -1.5332 1.5285 -1.6357
v  -1.5104 1.5158 -1.6478
v  -1.5221 1.5354 -1.6074
v  -1.4969 1.5182 -1.6079
v  -1.5886 1.6201 -1.6833
v  -1.5771 1.6278 -1.6950
v  -1.5542 1.6171 -1.6752
v  -1.5676 1.6113 -1.6650
v  -1.5483 1.5974 -1.6451
v  -1.5336 1.6027 -1.6526
v  -1.5312 1.5793 -1.6265
v  -1.5158 1.5871 -1.6298
v  -1.5043 1.5735 -1.6075
v  -1.5179 1.5626 -1.6093
v  -1.4967 1.5625 -1.5918
v  -1.5094 1.5480 -1.5958
v  -1.4885 1.5528 -1.5779
v  -1.4995 1.5342 -1.5839
v  -1.4773 1.5430 -1.5597
v  -1.4851 1.5226 -1.5666
v  -1.4647 1.5344 -1.5370
v  -1.4666 1.5144 -1.5440
v  -1.4706 1.5052 -1.5829
v  -1.4485 1.4981 -1.5571
v  -1.4564 1.5270 -1.5078
v  -1.4556 1.5065 -1.5124
v  -1.4546 1.5228 -1.4736
v  -1.4528 1.4989 -1.4747
v  -1.4253 1.4825 -1.4833
v  -1.4341 1.4903 -1.5227
v  -1.4370 1.5351 -1.4039
v  -1.4371 1.5045 -1.3939
v  -1.4504 1.4976 -1.4336
v  -1.4514 1.5264 -1.4377
v  -1.4177 1.4795 -1.4411
v  -1.4028 1.4859 -1.4026
v  -1.7420 1.5650 -1.8098
v  -1.7184 1.5589 -1.7866
v  -1.7027 1.5609 -1.8122
v  -1.7299 1.5640 -1.8270
v  -1.6764 1.5531 -1.8006
v  -1.6942 1.5571 -1.8369
v  -1.6657 1.5507 -1.8320
v  -1.7237 1.5582 -1.8428
v  -1.6140 1.5383 -1.7984
v  -1.6460 1.5464 -1.7990
v  -1.6357 1.5410 -1.8322
v  -1.6049 1.5265 -1.8300
v  -1.5842 1.5236 -1.7886
v  -1.5742 1.5073 -1.8177
v  -1.5562 1.5091 -1.7687
v  -1.5438 1.4884 -1.7945
v  -1.5298 1.4980 -1.7381
v  -1.5047 1.4920 -1.7028
v  -1.4872 1.4642 -1.7206
v  -1.5155 1.4735 -1.7589
v  -1.4813 1.4927 -1.6690
v  -1.4593 1.4923 -1.6367
v  -1.4339 1.4585 -1.6574
v  -1.4604 1.4607 -1.6874
v  -1.4100 1.4787 -1.5786
v  -1.4354 1.4851 -1.6080
v  -1.4054 1.4537 -1.6289
v  -1.3759 1.4493 -1.5986
v  -1.3735 1.4685 -1.5025
v  -1.3892 1.4736 -1.5427
v  -1.3489 1.4462 -1.5623
v  -1.3260 1.4437 -1.5218
v  -1.3594 1.4692 -1.4607
v  -1.3413 1.4779 -1.4235
v  -1.3063 1.4449 -1.4796
v  -1.2849 1.4499 -1.4395
v  -1.6954 1.5463 -1.8531
v  -1.7241 1.5515 -1.8547
v  -1.6679 1.5375 -1.8516
v  -1.6812 1.5207 -1.8562
v  -1.7052 1.5328 -1.8584
v  -1.7303 1.5416 -1.8593
v  -1.6401 1.5245 -1.8518
v  -1.6096 1.5076 -1.8499
v  -1.6280 1.4840 -1.8514
v  -1.6576 1.5052 -1.8533
v  -1.5586 1.4398 -1.8164
v  -1.5871 1.4666 -1.8421
v  -1.5751 1.4864 -1.8381
v  -1.5408 1.4652 -1.8125
v  -1.5913 1.4378 -1.8329
v  -1.5968 1.4554 -1.8427
v  -1.6141 1.4395 -1.8400
v  -1.6219 1.4576 -1.8444
v  -1.5096 1.4488 -1.7729
v  -1.4804 1.4381 -1.7304
v  -1.4883 1.4156 -1.7297
v  -1.5206 1.4257 -1.7720
v  -1.4263 1.4289 -1.6643
v  -1.4542 1.4323 -1.6944
v  -1.4324 1.4063 -1.6615
v  -1.4609 1.4105 -1.6925
v  -1.3621 1.4217 -1.6086
v  -1.3952 1.4249 -1.6371
v  -1.3676 1.3969 -1.6062
v  -1.4009 1.4016 -1.6341
v  -1.3086 1.3930 -1.5315
v  -1.3356 1.3936 -1.5717
v  -1.3298 1.4201 -1.5740
v  -1.3035 1.4191 -1.5330
v  -1.5177 1.6278 -1.6397
v  -1.5033 1.6155 -1.6133
v  -1.5088 1.6016 -1.6219
v  -1.5235 1.6148 -1.6497
v  -1.5002 1.5903 -1.5966
v  -1.4947 1.6078 -1.5879
v  -1.4855 1.6369 -1.6316
v  -1.4715 1.6312 -1.6180
v  -1.4882 1.6240 -1.6128
v  -1.5013 1.6347 -1.6340
v  -1.4760 1.6171 -1.5925
v  -1.4559 1.6266 -1.6011
v  -1.4892 1.6036 -1.5679
v  -1.4939 1.5821 -1.5784
v  -1.4861 1.5747 -1.5636
v  -1.4815 1.5985 -1.5515
v  -1.4419 1.6220 -1.5874
v  -1.4660 1.6130 -1.5758
v  -1.4558 1.6092 -1.5612
v  -1.4278 1.6168 -1.5756
v  -1.4236 1.6595 -1.6160
v  -1.4022 1.6575 -1.6015
v  -1.4221 1.6380 -1.5948
v  -1.4396 1.6413 -1.6084
v  -1.4060 1.6349 -1.5823
v  -1.3846 1.6574 -1.5870
v  -1.4696 1.5903 -1.5371
v  -1.4750 1.5659 -1.5474
v  -1.4634 1.5575 -1.5280
v  -1.4571 1.5824 -1.5219
v  -1.3958 1.6097 -1.5481
v  -1.4125 1.6124 -1.5624
v  -1.3884 1.6326 -1.5693
v  -1.3693 1.6315 -1.5559
v  -1.3658 1.6575 -1.5731
v  -1.3458 1.6586 -1.5592
v  -1.4432 1.6042 -1.5465
v  -1.4295 1.5988 -1.5320
v  -1.4554 1.5514 -1.5031
v  -1.4461 1.5776 -1.5029
v  -1.4352 1.5785 -1.4815
v  -1.4514 1.5509 -1.4744
v  -1.4434 1.5575 -1.4457
v  -1.4262 1.5674 -1.4180
v  -1.4185 1.5821 -1.4619
v  -1.3968 1.5892 -1.4410
v  -1.3778 1.6089 -1.5332
v  -1.4148 1.5942 -1.5165
v  -1.3991 1.5935 -1.4999
v  -1.3593 1.6103 -1.5185
v  -1.3240 1.6605 -1.5451
v  -1.3485 1.6323 -1.5422
v  -1.3279 1.6347 -1.5284
v  -1.3021 1.6634 -1.5315
v  -1.3398 1.6108 -1.5058
v  -1.3802 1.5946 -1.4849
v  -1.3581 1.5986 -1.4676
v  -1.3186 1.6124 -1.4913
v  -1.2811 1.6661 -1.5198
v  -1.3079 1.6369 -1.5161
v  -1.2872 1.6392 -1.5023
v  -1.2598 1.6688 -1.5066
v  -1.2948 1.6161 -1.4720
v  -1.3326 1.6064 -1.4449
v  -1.3016 1.6121 -1.4190
v  -1.2652 1.6179 -1.4486
v  -1.3365 1.6069 -1.3867
v  -1.3699 1.6000 -1.4145
v  -1.2364 1.6708 -1.4892
v  -1.2638 1.6411 -1.4849
v  -1.2337 1.6398 -1.4639
v  -1.2057 1.6694 -1.4685
v  -1.1649 1.6649 -1.4422
v  -1.1941 1.6355 -1.4373
v  -1.1530 1.6349 -1.4051
v  -1.1236 1.6655 -1.4080
v  -1.1855 1.6115 -1.3926
v  -1.2264 1.6138 -1.4218
v  -1.1111 1.6151 -1.3362
v  -1.1491 1.6120 -1.3652
v  -1.1141 1.6369 -1.3752
v  -1.0734 1.6426 -1.3436
v  -1.0821 1.6678 -1.3776
v  -1.0390 1.6749 -1.3448
v  -0.9865 1.6831 -1.3106
v  -1.0252 1.6511 -1.3079
v  -0.9773 1.6641 -1.2673
v  -0.9378 1.6978 -1.2696
v  -1.0190 1.6312 -1.2621
v  -1.0658 1.6219 -1.3013
v  -1.6033 1.4209 -1.8188
v  -1.6317 1.4257 -1.8320
v  -1.5721 1.4215 -1.7956
v  -1.5908 1.4095 -1.7786
v  -1.6240 1.4063 -1.8001
v  -1.6565 1.4093 -1.8130
v  -1.5387 1.4154 -1.7603
v  -1.5039 1.4031 -1.7232
v  -1.5229 1.3963 -1.7142
v  -1.5573 1.4083 -1.7466
v  -1.4733 1.3970 -1.6885
v  -1.4439 1.3926 -1.6567
v  -1.4593 1.3829 -1.6511
v  -1.4903 1.3882 -1.6824
v  -1.4131 1.3878 -1.6274
v  -1.3823 1.3828 -1.5969
v  -1.3998 1.3743 -1.5872
v  -1.4290 1.3787 -1.6200
v  -1.4475 1.3742 -1.6117
v  -1.4785 1.3782 -1.6430
v  -1.4180 1.3696 -1.5784
v  -1.4304 1.3525 -1.5771
v  -1.4639 1.3599 -1.6080
v  -1.4975 1.3666 -1.6370
v  -1.3810 1.7109 -1.6296
v  -1.3489 1.7121 -1.6171
v  -1.3764 1.6784 -1.6122
v  -1.4029 1.6795 -1.6263
v  -1.3578 1.6819 -1.5943
v  -1.3293 1.7161 -1.5958
v  -1.3080 1.7171 -1.5820
v  -1.3382 1.6835 -1.5797
v  -1.3174 1.6844 -1.5665
v  -1.2859 1.7168 -1.5702
v  -1.2681 1.7195 -1.5506
v  -1.2968 1.6875 -1.5502
v  -1.2749 1.6901 -1.5359
v  -1.2470 1.7213 -1.5359
v  -1.2246 1.7232 -1.5272
v  -1.2531 1.6920 -1.5258
v  -1.2315 1.6950 -1.5125
v  -1.2023 1.7258 -1.5132
v  -1.1796 1.7295 -1.4894
v  -1.2080 1.6982 -1.4930
v  -1.1763 1.6982 -1.4707
v  -1.1453 1.7308 -1.4665
v  -1.1045 1.7324 -1.4344
v  -1.1347 1.6963 -1.4424
v  -1.0908 1.6969 -1.4087
v  -1.0577 1.7348 -1.4021
v  -1.0152 1.7414 -1.3665
v  -1.0466 1.7000 -1.3779
v  -1.0049 1.7099 -1.3408
v  -0.9745 1.7513 -1.3271
v  -0.9301 1.7633 -1.2850
v  -0.9546 1.7209 -1.3034
v  -0.9072 1.7350 -1.2636
v  -0.8865 1.7769 -1.2466
v  -1.4252 1.8072 -1.6602
v  -1.3825 1.8078 -1.6223
v  -1.3920 1.7568 -1.6492
v  -1.4305 1.7554 -1.6839
v  -1.3593 1.7588 -1.6192
v  -1.3478 1.8070 -1.5881
v  -1.4126 1.7086 -1.6537
v  -1.4483 1.7074 -1.6828
v  -1.3137 1.8134 -1.5691
v  -1.3241 1.7641 -1.6058
v  -1.3018 1.7657 -1.5842
v  -1.2866 1.8129 -1.5505
v  -1.2610 1.8125 -1.5384
v  -1.2789 1.7655 -1.5699
v  -1.2552 1.7648 -1.5596
v  -1.2357 1.8138 -1.5299
v  -1.2181 1.8091 -1.5123
v  -1.2397 1.7635 -1.5383
v  -1.2207 1.7642 -1.5227
v  -1.2013 1.8079 -1.4959
v  -1.1816 1.8105 -1.4822
v  -1.1989 1.7675 -1.5125
v  -1.1744 1.7705 -1.4989
v  -1.1565 1.8153 -1.4673
v  -1.1331 1.8127 -1.4388
v  -1.1522 1.7717 -1.4712
v  -1.1165 1.7751 -1.4471
v  -1.1005 1.8173 -1.4101
v  -1.0626 1.8218 -1.3743
v  -1.0774 1.7785 -1.4119
v  -1.0303 1.7852 -1.3794
v  -1.0195 1.8306 -1.3379
v  -0.9796 1.8364 -1.2971
v  -0.9910 1.7919 -1.3385
v  -0.9476 1.8022 -1.3026
v  -0.9369 1.8492 -1.2634
v  -1.5564 1.8552 -1.6106
v  -1.5015 1.8549 -1.5788
v  -1.4855 1.8478 -1.6479
v  -1.5431 1.8423 -1.6803
v  -1.4344 1.8405 -1.6067
v  -1.4496 1.8454 -1.5434
v  -1.4726 1.8106 -1.7048
v  -1.5303 1.8047 -1.7354
v  -1.4039 1.8414 -1.5091
v  -1.3890 1.8400 -1.5692
v  -1.3519 1.8358 -1.5364
v  -1.3641 1.8371 -1.4806
v  -1.3298 1.8413 -1.4613
v  -1.3182 1.8414 -1.5160
v  -1.2885 1.8423 -1.5005
v  -1.2996 1.8442 -1.4470
v  -1.2736 1.8465 -1.4333
v  -1.2618 1.8433 -1.4883
v  -1.2373 1.8463 -1.4773
v  -1.2508 1.8477 -1.4199
v  -1.2302 1.8459 -1.4064
v  -1.2168 1.8441 -1.4632
v  -1.1997 1.8406 -1.4478
v  -1.2107 1.8441 -1.3928
v  -1.1901 1.8448 -1.3783
v  -1.1805 1.8400 -1.4330
v  -1.1570 1.8423 -1.4159
v  -1.1670 1.8443 -1.3612
v  -1.1412 1.8431 -1.3395
v  -1.1315 1.8390 -1.3911
v  -1.1013 1.8428 -1.3617
v  -1.1124 1.8481 -1.3115
v  -1.0787 1.8555 -1.2761
v  -1.0647 1.8502 -1.3267
v  -1.0245 1.8607 -1.2894
v  -1.0415 1.8656 -1.2385
v  -1.0019 1.8785 -1.2033
v  -0.9836 1.8698 -1.2522
v  -0.9437 1.8836 -1.2189
v  -0.9627 1.8943 -1.1717
v  -1.7555 1.5752 -1.7550
v  -1.7373 1.5636 -1.7653
v  -1.7583 1.5661 -1.7942
v  -1.7740 1.5738 -1.7855
v  -1.7201 1.5627 -1.7372
v  -1.7370 1.5813 -1.7207
v  -1.6715 1.5613 -1.6979
v  -1.6724 1.5770 -1.6822
v  -1.6930 1.5611 -1.6999
v  -1.7012 1.5798 -1.6816
v  -1.6664 1.5977 -1.6767
v  -1.6877 1.6031 -1.6753
v  -1.6762 1.6149 -1.6854
v  -1.6596 1.6160 -1.6865
v  -1.6959 1.6108 -1.6919
v  -1.6787 1.6218 -1.6971
v  -1.7097 1.5979 -1.6898
v  -1.7126 1.6097 -1.7069
v  -1.6975 1.6193 -1.7098
v  -1.6810 1.6302 -1.7125
v  -1.7178 1.5776 -1.7001
v  -1.7069 1.5632 -1.7153
v  -1.7197 1.5898 -1.6964
v  -1.7268 1.5992 -1.7099
v  -1.9621 1.6476 -1.8098
v  -1.9421 1.6454 -1.7937
v  -1.9317 1.6442 -1.8131
v  -1.9508 1.6446 -1.8258
v  -1.9130 1.6477 -1.8007
v  -1.9228 1.6483 -1.7780
v  -1.9069 1.6425 -1.8183
v  -1.9260 1.6388 -1.8285
v  -1.9452 1.6376 -1.8390
v  -1.9042 1.6529 -1.7643
v  -1.8944 1.6524 -1.7904
v  -1.8751 1.6571 -1.7818
v  -1.8843 1.6589 -1.7533
v  -1.8682 1.6514 -1.8009
v  -1.8878 1.6467 -1.8092
v  -1.8618 1.6680 -1.7461
v  -1.8543 1.6641 -1.7754
v  -1.8347 1.6739 -1.7710
v  -1.8404 1.6800 -1.7423
v  -1.8284 1.6665 -1.7876
v  -1.8479 1.6581 -1.7936
v  -1.8218 1.6915 -1.7396
v  -1.8172 1.6835 -1.7668
v  -1.8001 1.6889 -1.7599
v  -1.8040 1.6980 -1.7345
v  -1.7945 1.6803 -1.7746
v  -1.8111 1.6748 -1.7824
v  -1.8056 1.7278 -1.6387
v  -1.7875 1.7334 -1.6328
v  -1.7905 1.7185 -1.6848
v  -1.8073 1.7108 -1.6916
v  -1.7809 1.7331 -1.6826
v  -1.7768 1.7467 -1.6306
v  -1.7758 1.7149 -1.7263
v  -1.7877 1.7035 -1.7275
v  -1.7645 1.6928 -1.7568
v  -1.7785 1.6850 -1.7647
v  -1.7839 1.6928 -1.7510
v  -1.7703 1.7007 -1.7461
v  -1.8019 1.5642 -1.8421
v  -1.8125 1.5681 -1.8368
v  -1.7842 1.5669 -1.8178
v  -1.7714 1.5649 -1.8278
v  -1.7952 1.5758 -1.8128
v  -1.8203 1.5769 -1.8345
v  -1.7754 1.5607 -1.8518
v  -1.7886 1.5628 -1.8480
v  -1.7605 1.5629 -1.8383
v  -1.7539 1.5591 -1.8479
v  -1.7224 1.5190 -1.8480
v  -1.7408 1.5298 -1.8525
v  -1.7037 1.5054 -1.8422
v  -1.7282 1.4905 -1.8296
v  -1.7413 1.5052 -1.8364
v  -1.7563 1.5193 -1.8424
v  -1.6866 1.4881 -1.8369
v  -1.6701 1.4678 -1.8340
v  -1.7179 1.4732 -1.8231
v  -1.7119 1.4486 -1.8151
v  -1.6851 1.4263 -1.8169
v  -1.6530 1.4454 -1.8336
v  -1.7569 1.5472 -1.8583
v  -1.7541 1.5548 -1.8567
v  -1.7894 1.5476 -1.8576
v  -1.7831 1.5585 -1.8591
v  -1.8418 1.5681 -1.8518
v  -1.8299 1.5635 -1.8546
v  -1.8611 1.5579 -1.8640
v  -1.8487 1.5760 -1.8496
v  -1.8723 1.5661 -1.8640
v  -1.8784 1.5746 -1.8627
v  -1.8253 1.5527 -1.8595
v  -1.8094 1.5615 -1.8576
v  -1.7725 1.5337 -1.8478
v  -1.7574 1.5387 -1.8544
v  -1.7565 1.4949 -1.8272
v  -1.7706 1.5089 -1.8314
v  -1.7463 1.4811 -1.8225
v  -1.7587 1.4725 -1.8294
v  -1.7678 1.4845 -1.8320
v  -1.7821 1.4958 -1.8347
v  -1.7877 1.5228 -1.8377
v  -1.8096 1.5340 -1.8480
v  -1.8007 1.5067 -1.8389
v  -1.8217 1.5175 -1.8480
v  -1.8377 1.5417 -1.8571
v  -1.8446 1.5280 -1.8611
v  -1.8691 1.5378 -1.8753
v  -1.8662 1.5471 -1.8656
v  -1.8891 1.5512 -1.8757
v  -1.8965 1.5572 -1.8781
v  -1.8927 1.5480 -1.8911
v  -1.9180 1.5604 -1.9060
v  -1.9032 1.5631 -1.8790
v  -1.9289 1.5672 -1.9000
v  -1.9344 1.5743 -1.8952
v  -1.9081 1.5733 -1.8782
v  -1.8581 1.5267 -1.9216
v  -1.8869 1.5356 -1.9326
v  -1.8894 1.5450 -1.9112
v  -1.8637 1.5333 -1.8966
v  -1.9229 1.5406 -1.9417
v  -1.9199 1.5542 -1.9262
v  -1.8168 1.5019 -1.8987
v  -1.8351 1.5148 -1.9097
v  -1.8408 1.5211 -1.8832
v  -1.8207 1.5087 -1.8714
v  -1.7874 1.4776 -1.8821
v  -1.8015 1.4891 -1.8892
v  -1.8022 1.4975 -1.8629
v  -1.7856 1.4870 -1.8572
v  -1.7741 1.4676 -1.8771
v  -1.7730 1.4753 -1.8528
v  -1.7638 1.4636 -1.8504
v  -1.7623 1.4576 -1.8739
v  -1.9360 1.5899 -1.8808
v  -1.9127 1.5910 -1.8678
v  -1.9108 1.5834 -1.8741
v  -1.9359 1.5832 -1.8886
v  -1.8831 1.5843 -1.8592
v  -1.8871 1.5920 -1.8534
v  -1.9212 1.6272 -1.8412
v  -1.9403 1.6268 -1.8523
v  -1.9014 1.6299 -1.8302
v  -1.8965 1.6183 -1.8391
v  -1.9173 1.6161 -1.8511
v  -1.9366 1.6159 -1.8639
v  -1.9357 1.5998 -1.8726
v  -1.9143 1.6019 -1.8597
v  -1.9137 1.5966 -1.8630
v  -1.9348 1.5950 -1.8754
v  -1.8898 1.5980 -1.8489
v  -1.8913 1.6041 -1.8464
v  -1.9151 1.6082 -1.8566
v  -1.9356 1.6068 -1.8697
v  -1.8933 1.6104 -1.8440
v  -1.8549 1.5855 -1.8467
v  -1.8608 1.5941 -1.8420
v  -1.8352 1.5966 -1.8302
v  -1.8278 1.5867 -1.8329
v  -1.8814 1.6334 -1.8207
v  -1.8612 1.6382 -1.8119
v  -1.8550 1.6264 -1.8195
v  -1.8758 1.6216 -1.8289
v  -1.8653 1.6006 -1.8378
v  -1.8688 1.6068 -1.8346
v  -1.8466 1.6107 -1.8234
v  -1.8413 1.6044 -1.8271
v  -1.8507 1.6176 -1.8220
v  -1.8718 1.6133 -1.8329
v  -1.8030 1.5877 -1.8145
v  -1.8107 1.6002 -1.8165
v  -1.7883 1.6045 -1.8005
v  -1.7822 1.5894 -1.7912
v  -1.8407 1.6452 -1.8037
v  -1.8210 1.6536 -1.7970
v  -1.8138 1.6425 -1.8035
v  -1.8341 1.6337 -1.8106
v  -1.8172 1.6106 -1.8170
v  -1.8240 1.6179 -1.8140
v  -1.8024 1.6258 -1.8047
v  -1.7943 1.6170 -1.8066
v  -1.8083 1.6336 -1.8046
v  -1.8291 1.6250 -1.8126
v  -1.8032 1.6622 -1.7921
v  -1.7953 1.6506 -1.7981
v  -1.7864 1.6693 -1.7855
v  -1.7777 1.6579 -1.7915
v  -1.7634 1.5942 -1.7666
v  -1.7678 1.6102 -1.7846
v  -1.7488 1.6171 -1.7702
v  -1.7474 1.6025 -1.7451
v  -1.7738 1.6230 -1.7949
v  -1.7830 1.6329 -1.7952
v  -1.7651 1.6397 -1.7849
v  -1.7553 1.6298 -1.7826
v  -1.7716 1.6482 -1.7892
v  -1.7894 1.6412 -1.7971
v  -1.7556 1.6812 -1.7665
v  -1.7697 1.6753 -1.7760
v  -1.7604 1.6638 -1.7814
v  -1.7467 1.6682 -1.7690
v  -1.7314 1.6126 -1.7326
v  -1.7340 1.6251 -1.7560
v  -1.7207 1.6334 -1.7447
v  -1.7153 1.6211 -1.7276
v  -1.7417 1.6593 -1.7634
v  -1.7549 1.6540 -1.7771
v  -1.7507 1.6459 -1.7695
v  -1.7377 1.6522 -1.7546
v  -1.7298 1.6437 -1.7508
v  -1.7423 1.6367 -1.7654
v  -1.4849 1.7059 -1.7218
v  -1.4726 1.7552 -1.7265
v  -1.5232 1.7536 -1.7594
v  -1.5270 1.7055 -1.7545
v  -1.5428 1.6279 -1.6775
v  -1.5673 1.6392 -1.7003
v  -1.5549 1.6542 -1.7005
v  -1.5336 1.6409 -1.6681
v  -1.4667 1.6794 -1.6729
v  -1.5012 1.6800 -1.7083
v  -1.4860 1.6606 -1.6612
v  -1.5160 1.6678 -1.6981
v  -1.5370 1.6806 -1.7414
v  -1.5465 1.6681 -1.7289
v  -1.4606 1.6439 -1.6256
v  -1.4500 1.6601 -1.6350
v  -1.4849 1.6460 -1.6424
v  -1.5118 1.6467 -1.6563
v  -1.5208 1.6568 -1.6781
v  -1.5298 1.6621 -1.6974
v  -1.5542 1.6612 -1.7185
v  -1.4331 1.6792 -1.6464
v  -1.7399 1.4669 -1.8192
v  -1.7396 1.4515 -1.8142
v  -1.7533 1.4503 -1.8253
v  -1.7528 1.4617 -1.8298
v  -1.7558 1.4423 -1.8455
v  -1.7558 1.4533 -1.8512
v  -1.7537 1.4323 -1.8645
v  -1.7526 1.4457 -1.8726
v  -1.7633 1.4289 -1.8755
v  -1.7560 1.4391 -1.8848
v  -1.7763 1.4323 -1.8823
v  -1.7650 1.4469 -1.8885
v  -1.7781 1.4544 -1.8917
v  -1.7930 1.4631 -1.8970
v  -1.7895 1.4382 -1.8910
v  -1.8042 1.4461 -1.9009
v  -1.8078 1.4734 -1.9048
v  -1.8235 1.4847 -1.9146
v  -1.8195 1.4556 -1.9112
v  -1.8364 1.4664 -1.9221
v  -1.8553 1.4777 -1.9335
v  -1.8416 1.4965 -1.9253
v  -1.8638 1.5076 -1.9362
v  -1.8764 1.4882 -1.9443
v  -1.9006 1.4969 -1.9522
v  -1.8919 1.5164 -1.9464
v  -1.9287 1.5214 -1.9535
v  -1.9354 1.5002 -1.9544
v  -1.9403 1.4866 -1.9394
v  -1.9117 1.4861 -1.9431
v  -1.8996 1.4775 -1.9327
v  -1.9414 1.4706 -1.9147
v  -1.8941 1.4469 -1.8795
v  -1.9161 1.4588 -1.8947
v  -1.8816 1.4679 -1.9198
v  -1.8615 1.4562 -1.9072
v  -1.8549 1.4267 -1.8503
v  -1.8737 1.4352 -1.8651
v  -1.8432 1.4444 -1.8952
v  -1.8266 1.4345 -1.8830
v  -1.7969 1.4222 -1.8589
v  -1.8113 1.4268 -1.8705
v  -1.8384 1.4217 -1.8348
v  -1.8232 1.4192 -1.8206
v  -1.7713 1.4248 -1.8404
v  -1.7954 1.4182 -1.7996
v  -1.8085 1.4177 -1.8096
v  -1.7823 1.4205 -1.8503
v  -1.7632 1.4378 -1.8097
v  -1.7690 1.4331 -1.8260
v  -1.7782 1.4214 -1.7785
v  -1.7866 1.4204 -1.7888
v  -1.7500 1.4363 -1.7992
v  -1.7320 1.4288 -1.7936
v  -1.7511 1.4214 -1.7611
v  -1.7670 1.4219 -1.7694
v  -1.7085 1.4162 -1.7900
v  -1.6782 1.4070 -1.7830
v  -1.7005 1.4123 -1.7449
v  -1.7282 1.4183 -1.7527
v  -1.6454 1.4038 -1.7728
v  -1.6113 1.4041 -1.7564
v  -1.6361 1.4034 -1.7259
v  -1.6691 1.4078 -1.7371
v  -1.5772 1.4039 -1.7304
v  -1.5439 1.3919 -1.7029
v  -1.5720 1.3763 -1.6904
v  -1.6035 1.3974 -1.7067
v  -1.5301 1.3705 -1.6676
v  -1.5108 1.3836 -1.6737
v  -1.6440 1.2931 -1.7149
v  -1.5986 1.3123 -1.6921
v  -1.5998 1.2822 -1.6964
v  -1.5994 1.2505 -1.7082
v  -1.6445 1.2577 -1.7292
v  -1.6278 1.2780 -1.7158
v  -1.6867 1.2687 -1.7424
v  -1.5431 1.3437 -1.6697
v  -1.5822 1.3457 -1.6837
v  -1.5092 1.3397 -1.6402
v  -1.5274 1.3125 -1.6362
v  -1.5574 1.3133 -1.6689
v  -1.4753 1.3343 -1.6104
v  -1.4396 1.3275 -1.5793
v  -1.4519 1.3013 -1.5769
v  -1.4928 1.3086 -1.6048
v  -1.3969 1.3452 -1.5424
v  -1.4036 1.3210 -1.5442
v  -1.3702 1.3169 -1.5094
v  -1.3684 1.3403 -1.5070
v  -1.3721 1.2918 -1.5097
v  -1.4111 1.2952 -1.5439
v  -1.3443 1.3183 -1.4759
v  -1.3504 1.3408 -1.4735
v  -1.3418 1.3438 -1.4400
v  -1.3330 1.3200 -1.4389
v  -1.3375 1.2940 -1.4759
v  -1.3218 1.2940 -1.4357
v  -1.3534 1.3791 -1.5607
v  -1.3286 1.3780 -1.5216
v  -1.3506 1.3693 -1.5112
v  -1.3730 1.3707 -1.5495
v  -1.3905 1.3647 -1.5408
v  -1.3679 1.3612 -1.5038
v  -1.3339 1.3699 -1.4773
v  -1.3525 1.3613 -1.4720
v  -1.3422 1.3639 -1.4422
v  -1.3229 1.3722 -1.4474
v  -1.2830 1.4193 -1.4891
v  -1.2624 1.4212 -1.4456
v  -1.2682 1.3933 -1.4418
v  -1.2884 1.3943 -1.4884
v  -1.3093 1.3784 -1.4834
v  -1.2985 1.3788 -1.4509
v  -1.2994 1.3782 -1.4289
v  -1.3175 1.3750 -1.4211
v  -1.2826 1.3821 -1.4126
v  -1.3042 1.3787 -1.3945
v  -1.3327 1.3668 -1.4128
v  -1.3325 1.3459 -1.4077
v  -1.3186 1.3694 -1.3799
v  -1.3170 1.3461 -1.3733
v  -1.5732 1.2859 -1.6684
v  -1.5467 1.2885 -1.6329
v  -1.5566 1.2647 -1.6335
v  -1.5788 1.2640 -1.6704
v  -1.5335 1.2030 -1.7110
v  -1.5602 1.2223 -1.7124
v  -1.5306 1.2289 -1.6910
v  -1.5034 1.2021 -1.6979
v  -1.5594 1.2471 -1.6818
v  -1.5284 1.2427 -1.6524
v  -1.4976 1.2237 -1.6626
v  -1.4701 1.1984 -1.6719
v  -1.5449 1.2537 -1.6424
v  -1.5669 1.2561 -1.6695
v  -1.5143 1.2880 -1.5942
v  -1.4664 1.2802 -1.5700
v  -1.4719 1.2597 -1.5698
v  -1.5255 1.2596 -1.5919
v  -1.4605 1.2523 -1.5820
v  -1.5092 1.2492 -1.6106
v  -1.4891 1.2402 -1.6223
v  -1.4418 1.2443 -1.5946
v  -1.4144 1.2286 -1.6105
v  -1.4585 1.2235 -1.6357
v  -1.4339 1.1979 -1.6455
v  -1.3934 1.2015 -1.6212
v  -1.4181 1.2735 -1.5408
v  -1.3719 1.2702 -1.5073
v  -1.4191 1.2577 -1.5413
v  -1.3704 1.2533 -1.5044
v  -1.3603 1.2444 -1.5131
v  -1.4098 1.2505 -1.5499
v  -1.3923 1.2457 -1.5644
v  -1.3448 1.2409 -1.5280
v  -1.3265 1.2297 -1.5451
v  -1.3692 1.2324 -1.5824
v  -1.3526 1.2055 -1.5947
v  -1.3156 1.2052 -1.5557
v  -1.5021 1.1721 -1.6994
v  -1.5418 1.1817 -1.7125
v  -1.4681 1.1681 -1.6723
v  -1.4777 1.1389 -1.6736
v  -1.5133 1.1442 -1.7029
v  -1.5555 1.1572 -1.7128
v  -1.4328 1.1687 -1.6447
v  -1.3926 1.1709 -1.6214
v  -1.4045 1.1397 -1.6163
v  -1.4443 1.1400 -1.6418
v  -1.3528 1.1731 -1.5955
v  -1.3157 1.1758 -1.5582
v  -1.3208 1.1442 -1.5576
v  -1.3625 1.1400 -1.5913
v  -1.2772 1.2032 -1.5073
v  -1.2756 1.1781 -1.5112
v  -1.2366 1.1797 -1.4673
v  -1.2399 1.2017 -1.4633
v  -1.2381 1.1554 -1.4687
v  -1.2784 1.1505 -1.5122
v  -1.2924 1.1232 -1.5032
v  -1.3388 1.1141 -1.5440
v  -1.2498 1.1314 -1.4632
v  -1.2669 1.1131 -1.4508
v  -1.3122 1.1032 -1.4852
v  -1.3603 1.0922 -1.5211
v  -1.7434 1.2495 -1.7562
v  -1.6984 1.2377 -1.7523
v  -1.7138 1.2136 -1.7597
v  -1.7487 1.2244 -1.7753
v  -1.7313 1.2396 -1.7635
v  -1.7882 1.2341 -1.7850
v  -1.6636 1.2276 -1.7340
v  -1.6257 1.2128 -1.7178
v  -1.6424 1.1765 -1.7196
v  -1.6798 1.1985 -1.7409
v  -1.5967 1.1700 -1.7136
v  -1.5839 1.1964 -1.7145
v  -1.5694 1.1410 -1.7082
v  -1.5989 1.1535 -1.7113
v  -1.5858 1.1317 -1.7077
v  -1.6181 1.1494 -1.7140
v  -1.5314 1.1254 -1.6978
v  -1.4947 1.1145 -1.6706
v  -1.5108 1.0973 -1.6692
v  -1.5463 1.1144 -1.6960
v  -1.4629 1.1105 -1.6360
v  -1.4271 1.1086 -1.6036
v  -1.4533 1.0751 -1.5838
v  -1.4847 1.0856 -1.6298
v  -1.4052 1.0832 -1.5523
v  -1.3847 1.1093 -1.5757
v  -1.7530 1.2120 -1.7974
v  -1.7887 1.2218 -1.8192
v  -1.7178 1.1986 -1.7801
v  -1.7195 1.1853 -1.7987
v  -1.7519 1.1992 -1.8193
v  -1.7859 1.2106 -1.8434
v  -1.6858 1.1815 -1.7608
v  -1.6579 1.1604 -1.7415
v  -1.6601 1.1507 -1.7622
v  -1.6892 1.1690 -1.7792
v  -1.6927 1.1440 -1.7981
v  -1.7225 1.1562 -1.8177
v  -1.7213 1.1716 -1.8102
v  -1.6915 1.1570 -1.7902
v  -1.6602 1.1427 -1.7755
v  -1.6612 1.1311 -1.7844
v  -1.6267 1.1414 -1.7321
v  -1.5911 1.1245 -1.7239
v  -1.5897 1.1213 -1.7439
v  -1.6272 1.1356 -1.7528
v  -1.5891 1.1149 -1.7580
v  -1.6264 1.1298 -1.7671
v  -1.6284 1.1179 -1.7758
v  -1.5927 1.1015 -1.7657
v  -1.5507 1.1061 -1.7081
v  -1.5143 1.0836 -1.6814
v  -1.5097 1.0752 -1.6993
v  -1.5478 1.1017 -1.7265
v  -1.5137 1.0526 -1.7216
v  -1.5526 1.0801 -1.7484
v  -1.5471 1.0939 -1.7409
v  -1.5087 1.0655 -1.7127
v  -1.4911 1.0592 -1.6413
v  -1.4653 1.0376 -1.6008
v  -1.4561 1.0110 -1.6190
v  -1.4835 1.0423 -1.6613
v  -1.4452 0.9846 -1.6450
v  -1.4799 1.0198 -1.6868
v  -1.4793 1.0312 -1.6758
v  -1.4491 0.9962 -1.6334
v  -2.2404 1.1578 -1.9818
v  -2.2260 1.1590 -1.9903
v  -2.2347 1.1257 -2.0046
v  -2.2529 1.1253 -1.9985
v  -2.2067 1.1303 -2.0084
v  -2.1999 1.1622 -1.9966
v  -2.2129 1.0892 -2.0198
v  -2.2418 1.0823 -2.0165
v  -2.2601 1.0814 -2.0118
v  -2.1770 1.1879 -1.9605
v  -2.2006 1.1875 -1.9583
v  -2.1968 1.1994 -1.9557
v  -2.1729 1.2006 -1.9593
v  -2.2114 1.1983 -1.9467
v  -2.2141 1.1868 -1.9509
v  -2.2039 1.2093 -1.9377
v  -2.1895 1.2109 -1.9471
v  -2.1669 1.2119 -1.9506
v  -2.1849 1.1770 -1.9703
v  -2.2088 1.1776 -1.9670
v  -2.2040 1.1810 -1.9611
v  -2.1804 1.1802 -1.9630
v  -2.2162 1.1801 -1.9540
v  -2.2210 1.1764 -1.9596
v  -2.2166 1.1734 -1.9769
v  -2.2291 1.1718 -1.9685
v  -2.1919 1.1745 -1.9816
v  -2.1328 1.2130 -1.9474
v  -2.1353 1.2021 -1.9571
v  -2.0896 1.2054 -1.9521
v  -2.0907 1.2168 -1.9413
v  -2.0894 1.1925 -1.9569
v  -2.1373 1.1887 -1.9591
v  -2.0911 1.1786 -1.9683
v  -2.1420 1.1745 -1.9701
v  -2.1392 1.1789 -1.9618
v  -2.0899 1.1838 -1.9609
v  -2.1469 1.1733 -1.9823
v  -2.0936 1.1759 -1.9796
v  -2.0964 1.1702 -1.9958
v  -2.1526 1.1661 -1.9997
v  -2.0440 1.2209 -1.9328
v  -2.0418 1.2104 -1.9442
v  -1.9965 1.2151 -1.9338
v  -1.9987 1.2234 -1.9218
v  -1.9983 1.2036 -1.9393
v  -2.0419 1.1975 -1.9485
v  -1.8246 1.2141 -1.8688
v  -1.8249 1.2265 -1.8493
v  -1.8612 1.2246 -1.8773
v  -1.8622 1.2141 -1.8925
v  -1.8673 1.2257 -1.8569
v  -1.8332 1.2305 -1.8226
v  -1.9610 1.2240 -1.9092
v  -1.9585 1.2180 -1.9225
v  -1.9253 1.2193 -1.9096
v  -1.9285 1.2229 -1.8949
v  -1.9309 1.2094 -1.9218
v  -1.9626 1.2086 -1.9304
v  -2.0000 1.1917 -1.9487
v  -2.0430 1.1842 -1.9600
v  -2.0424 1.1886 -1.9527
v  -2.0016 1.1955 -1.9438
v  -1.9724 1.2014 -1.9361
v  -1.9643 1.1992 -1.9358
v  -2.0438 1.1814 -1.9699
v  -1.9991 1.1879 -1.9557
v  -1.9977 1.1806 -1.9620
v  -2.0440 1.1751 -1.9816
v  -1.9618 1.1941 -1.9385
v  -1.9292 1.1996 -1.9239
v  -1.9341 1.1915 -1.9269
v  -1.9592 1.1866 -1.9403
v  -1.8945 1.2135 -1.9094
v  -1.8940 1.2206 -1.8956
v  -1.8982 1.2220 -1.8791
v  -2.1577 1.1389 -2.0124
v  -2.0992 1.1487 -2.0073
v  -2.1006 1.1151 -2.0149
v  -2.1644 1.1013 -2.0221
v  -2.0443 1.1582 -1.9900
v  -1.9955 1.1675 -1.9634
v  -1.9944 1.1522 -1.9589
v  -2.0431 1.1377 -1.9884
v  -1.9958 1.1372 -1.9476
v  -2.0387 1.1222 -1.9751
v  -2.0362 1.1043 -1.9608
v  -1.9974 1.1162 -1.9379
v  -2.0546 1.0921 -1.9855
v  -2.0686 1.1005 -2.0022
v  -1.8897 1.1789 -1.9013
v  -1.9169 1.1875 -1.9175
v  -1.9002 1.1999 -1.9123
v  -1.8703 1.1975 -1.8957
v  -1.9515 1.1773 -1.9360
v  -1.9452 1.1657 -1.9270
v  -1.7512 1.1849 -1.8345
v  -1.7869 1.1937 -1.8577
v  -1.7524 1.1658 -1.8424
v  -1.7938 1.1716 -1.8690
v  -1.8873 1.1403 -1.9004
v  -1.9437 1.1280 -1.9184
v  -1.9438 1.1507 -1.9198
v  -1.8914 1.1604 -1.9005
v  -1.8386 1.1801 -1.8826
v  -1.8301 1.1962 -1.8769
v  -1.8384 1.1538 -1.8859
v  -1.8518 1.1673 -1.8879
v  -1.5729 1.8046 -1.4909
v  -1.5246 1.7996 -1.4724
v  -1.5138 1.8345 -1.5170
v  -1.5654 1.8390 -1.5427
v  -1.4627 1.8258 -1.4899
v  -1.4743 1.7940 -1.4530
v  -1.4295 1.7959 -1.4309
v  -1.4171 1.8227 -1.4627
v  -1.3769 1.8229 -1.4387
v  -1.3895 1.7998 -1.4102
v  -1.3243 1.8058 -1.3776
v  -1.3125 1.8301 -1.4059
v  -1.3425 1.8270 -1.4204
v  -1.3546 1.8038 -1.3925
v  -1.2992 1.8064 -1.3639
v  -1.2871 1.8318 -1.3918
v  -1.2647 1.8321 -1.3782
v  -1.2773 1.8063 -1.3508
v  -1.2566 1.8056 -1.3377
v  -1.2438 1.8309 -1.3652
v  -1.2236 1.8298 -1.3516
v  -1.2357 1.8040 -1.3243
v  -1.2139 1.8029 -1.3092
v  -1.2025 1.8299 -1.3365
v  -1.1795 1.8290 -1.3192
v  -1.1911 1.8018 -1.2912
v  -1.1674 1.8011 -1.2685
v  -1.1550 1.8297 -1.2970
v  -1.1282 1.8316 -1.2684
v  -1.1416 1.7981 -1.2410
v  -1.1144 1.7947 -1.2060
v  -1.0978 1.8337 -1.2326
v  -1.0631 1.8395 -1.1952
v  -1.0841 1.7899 -1.1595
v  -0.9995 1.8392 -1.0973
v  -0.9850 1.8753 -1.1305
v  -1.0243 1.8544 -1.1609
v  -1.0393 1.8147 -1.1267
v  -1.0600 1.7662 -1.0606
v  -1.0518 1.7898 -1.0918
v  -1.0876 1.7669 -1.1133
v  -1.0920 1.7443 -1.0813
v  -1.0224 1.7894 -1.0365
v  -1.0129 1.8144 -1.0651
v  -1.5045 1.7528 -1.4199
v  -1.4870 1.7666 -1.4362
v  -1.5370 1.7699 -1.4512
v  -1.5509 1.7504 -1.4366
v  -1.5841 1.7744 -1.4630
v  -1.5945 1.7509 -1.4473
v  -1.4173 1.7609 -1.3777
v  -1.3997 1.7747 -1.3958
v  -1.4410 1.7697 -1.4161
v  -1.4594 1.7567 -1.3992
v  -1.3503 1.7687 -1.3395
v  -1.3332 1.7813 -1.3612
v  -1.3639 1.7795 -1.3771
v  -1.3808 1.7655 -1.3574
v  -1.3068 1.7693 -1.3114
v  -1.2885 1.7828 -1.3334
v  -1.3091 1.7823 -1.3469
v  -1.3269 1.7697 -1.3245
v  -1.2647 1.7656 -1.2871
v  -1.2467 1.7807 -1.3075
v  -1.2679 1.7823 -1.3206
v  -1.2862 1.7678 -1.2994
v  -1.2207 1.7614 -1.2551
v  -1.2015 1.7768 -1.2749
v  -1.2243 1.7789 -1.2927
v  -1.2424 1.7634 -1.2727
v  -1.2007 1.7594 -1.2336
v  -1.1785 1.7732 -1.2534
v  -1.1554 1.7672 -1.2285
v  -1.1827 1.7569 -1.2082
v  -1.1651 1.7495 -1.1803
v  -1.1509 1.7358 -1.1518
v  -1.1184 1.7543 -1.1609
v  -1.1332 1.7616 -1.1968
v  -1.1439 1.7158 -1.1238
v  -1.1141 1.7385 -1.1267
v  -1.1125 1.7148 -1.0994
v  -1.1393 1.6906 -1.1003
v  -1.5999 1.7406 -1.4306
v  -1.5635 1.7396 -1.4201
v  -1.5770 1.7332 -1.4052
v  -1.5990 1.7359 -1.4174
v  -1.5427 1.7323 -1.3841
v  -1.5231 1.7409 -1.4023
v  -1.4814 1.7444 -1.3791
v  -1.5053 1.7347 -1.3572
v  -1.4683 1.7403 -1.3285
v  -1.4413 1.7490 -1.3543
v  -1.4058 1.7529 -1.3313
v  -1.4348 1.7445 -1.3022
v  -1.4064 1.7460 -1.2799
v  -1.3760 1.7548 -1.3115
v  -1.3534 1.7543 -1.2959
v  -1.3848 1.7464 -1.2628
v  -1.3655 1.7453 -1.2501
v  -1.3340 1.7523 -1.2834
v  -1.5832 1.7385 -1.3490
v  -1.5642 1.7299 -1.3650
v  -1.5950 1.7324 -1.3915
v  -1.6123 1.7408 -1.3802
v  -1.6180 1.7378 -1.4139
v  -1.6368 1.7448 -1.4073
v  -1.4958 1.7416 -1.3026
v  -1.5302 1.7335 -1.3341
v  -1.5514 1.7432 -1.3147
v  -1.5185 1.7526 -1.2814
v  -1.4366 1.7481 -1.2484
v  -1.4640 1.7473 -1.2735
v  -1.4872 1.7593 -1.2499
v  -1.4608 1.7587 -1.2218
v  -1.7653 1.7894 -1.4245
v  -1.7734 1.7903 -1.4173
v  -1.7443 1.7901 -1.3870
v  -1.7375 1.7899 -1.3937
v  -1.7085 1.7909 -1.3641
v  -1.7151 1.7899 -1.3567
v  -1.7278 1.7866 -1.4007
v  -1.6993 1.7893 -1.3732
v  -1.7543 1.7844 -1.4309
v  -1.6818 1.7959 -1.3211
v  -1.6737 1.7970 -1.3306
v  -1.6367 1.8098 -1.2945
v  -1.6463 1.8089 -1.2826
v  -1.6265 1.8047 -1.3080
v  -1.6642 1.7948 -1.3420
v  -1.6101 1.8273 -1.2425
v  -1.6003 1.8276 -1.2560
v  -1.5651 1.8462 -1.2182
v  -1.5757 1.8485 -1.2042
v  -1.5560 1.8342 -1.2337
v  -1.5905 1.8199 -1.2715
v  -1.5424 1.8579 -1.1682
v  -1.5319 1.8539 -1.1815
v  -1.5028 1.8492 -1.1475
v  -1.5115 1.8531 -1.1365
v  -1.4957 1.8381 -1.1602
v  -1.5234 1.8415 -1.1959
v  -1.4848 1.8395 -1.1103
v  -1.4778 1.8368 -1.1198
v  -1.4553 1.8211 -1.0971
v  -1.4617 1.8229 -1.0883
v  -1.4498 1.8137 -1.1097
v  -1.4720 1.8274 -1.1320
v  -1.4418 1.8055 -1.0697
v  -1.4350 1.8049 -1.0780
v  -1.4232 1.7905 -1.0523
v  -1.4157 1.7901 -1.0609
v  -1.4083 1.7853 -1.0743
v  -1.4286 1.7993 -1.0909
v  -1.4051 1.7783 -1.0349
v  -1.3871 1.7679 -1.0175
v  -1.3788 1.7663 -1.0272
v  -1.3970 1.7773 -1.0442
v  -1.3713 1.7603 -1.0415
v  -1.3893 1.7721 -1.0582
v  -1.3689 1.7591 -0.9996
v  -1.3608 1.7570 -1.0090
v  -1.3411 1.7479 -0.9897
v  -1.3492 1.7499 -0.9803
v  -1.3333 1.7421 -1.0035
v  -1.3535 1.7508 -1.0230
v  -1.3045 1.7197 -0.9376
v  -1.2958 1.7177 -0.9486
v  -1.3184 1.7355 -0.9692
v  -1.3271 1.7375 -0.9588
v  -1.2882 1.7121 -0.9633
v  -1.3101 1.7299 -0.9834
v  -1.2832 1.6965 -0.9183
v  -1.2753 1.6951 -0.9296
v  -1.2554 1.6703 -0.9107
v  -1.2627 1.6704 -0.9005
v  -1.2506 1.6670 -0.9258
v  -1.2694 1.6904 -0.9446
v  -1.6672 1.7683 -1.3932
v  -1.6842 1.7808 -1.3835
v  -1.6507 1.7834 -1.3536
v  -1.6366 1.7684 -1.3642
v  -1.6150 1.7896 -1.3204
v  -1.6035 1.7716 -1.3314
v  -1.5697 1.7819 -1.2971
v  -1.5611 1.7634 -1.3064
v  -1.5935 1.7557 -1.3407
v  -1.5281 1.7734 -1.2719
v  -1.5358 1.7937 -1.2622
v  -1.5798 1.8024 -1.2853
v  -1.5457 1.8155 -1.2488
v  -1.5035 1.8008 -1.2270
v  -1.4975 1.7788 -1.2373
v  -1.4720 1.7773 -1.2056
v  -1.4773 1.7995 -1.1932
v  -1.5131 1.8229 -1.2121
v  -1.4866 1.8205 -1.1765
v  -1.4352 1.7819 -1.1501
v  -1.4557 1.7920 -1.1685
v  -1.4642 1.8113 -1.1495
v  -1.4427 1.7995 -1.1289
v  -1.4013 1.7727 -1.0956
v  -1.4212 1.7867 -1.1115
v  -1.3964 1.7561 -1.1188
v  -1.4152 1.7697 -1.1339
v  -1.3626 1.7293 -1.0871
v  -1.3793 1.7421 -1.1035
v  -1.3833 1.7587 -1.0799
v  -1.3656 1.7468 -1.0636
v  -1.3256 1.7102 -1.0473
v  -1.3451 1.7192 -1.0680
v  -1.3469 1.7381 -1.0451
v  -1.3265 1.7298 -1.0253
v  -1.2817 1.6867 -1.0056
v  -1.3031 1.7001 -1.0259
v  -1.3035 1.7185 -1.0048
v  -1.2827 1.7015 -0.9840
v  -1.6744 1.7573 -1.4244
v  -1.6540 1.7472 -1.4302
v  -1.6717 1.7547 -1.4598
v  -1.6932 1.7679 -1.4169
v  -1.6956 1.7570 -1.4461
v  -1.7177 1.7659 -1.4417
v  -1.6518 1.7566 -1.4011
v  -1.7120 1.7786 -1.4088
v  -1.7379 1.7756 -1.4366
v  -1.6240 1.7551 -1.3730
v  -1.6588 1.6381 -1.7136
v  -1.6571 1.6276 -1.6999
v  -1.6336 1.6284 -1.6997
v  -1.6310 1.6399 -1.7168
v  -1.6026 1.6340 -1.7078
v  -1.6106 1.6255 -1.6948
v  -1.7074 1.6416 -1.7376
v  -1.6908 1.6472 -1.7372
v  -1.6851 1.6376 -1.7269
v  -1.7006 1.6291 -1.7268
v  -1.6186 1.6470 -1.7296
v  -1.6134 1.6502 -1.7428
v  -1.5879 1.6531 -1.7266
v  -1.5948 1.6447 -1.7170
v  -1.6494 1.6461 -1.7503
v  -1.6437 1.6441 -1.7352
v  -1.6637 1.6432 -1.7298
v  -1.6703 1.6465 -1.7441
v  -1.6322 1.6479 -1.7512
v  -1.6318 1.6461 -1.7397
v  -1.7153 1.6514 -1.7425
v  -1.7219 1.6591 -1.7488
v  -1.7028 1.6605 -1.7532
v  -1.6969 1.6544 -1.7448
v  -1.6099 1.6550 -1.7539
v  -1.5824 1.6583 -1.7385
v  -1.5780 1.6656 -1.7508
v  -1.6078 1.6629 -1.7643
v  -1.6565 1.6587 -1.7703
v  -1.6534 1.6512 -1.7612
v  -1.6759 1.6522 -1.7539
v  -1.6809 1.6584 -1.7631
v  -1.6325 1.6530 -1.7610
v  -1.6330 1.6609 -1.7703
v  -1.5729 1.6786 -1.7632
v  -1.6063 1.6758 -1.7751
v  -1.5705 1.7035 -1.7730
v  -1.6091 1.6999 -1.7822
v  -1.7157 1.6813 -1.7734
v  -1.7077 1.6683 -1.7632
v  -1.7262 1.6655 -1.7585
v  -1.7324 1.6751 -1.7670
v  -1.6852 1.6685 -1.7728
v  -1.6931 1.6861 -1.7820
v  -1.6666 1.6908 -1.7867
v  -1.6597 1.6705 -1.7790
v  -1.6343 1.6732 -1.7797
v  -1.6395 1.6956 -1.7864
v  -1.7570 1.7092 -1.7598
v  -1.7450 1.6937 -1.7691
v  -1.7315 1.7082 -1.7775
v  -1.7514 1.7376 -1.7547
v  -1.7644 1.7131 -1.7502
v  -1.7690 1.7298 -1.7353
v  -1.6196 1.7414 -1.7813
v  -1.5765 1.7472 -1.7709
v  -1.5872 1.7920 -1.7473
v  -1.6340 1.7871 -1.7603
v  -1.6935 1.7630 -1.7537
v  -1.6810 1.7275 -1.7859
v  -1.7081 1.7199 -1.7844
v  -1.7240 1.7577 -1.7578
v  -1.6525 1.7346 -1.7850
v  -1.6674 1.7751 -1.7585
v  -1.7760 1.7522 -1.6912
v  -1.7728 1.7661 -1.6391
v  -1.7618 1.7890 -1.6449
v  -1.7613 1.7741 -1.7031
v  -1.6544 1.8412 -1.6443
v  -1.6088 1.8475 -1.6321
v  -1.5990 1.8296 -1.6987
v  -1.6474 1.8242 -1.7109
v  -1.7381 1.8057 -1.6466
v  -1.7352 1.7892 -1.7079
v  -1.7026 1.7900 -1.7039
v  -1.7079 1.8091 -1.6453
v  -1.6793 1.8071 -1.7093
v  -1.6841 1.8235 -1.6465
v  -1.7539 1.7600 -1.5402
v  -1.7741 1.7452 -1.5825
v  -1.7903 1.7360 -1.5797
v  -1.7641 1.7546 -1.5185
v  -1.7523 1.7733 -1.5608
v  -1.7668 1.7574 -1.5888
v  -1.6473 1.8112 -1.5153
v  -1.6139 1.8110 -1.5033
v  -1.6121 1.8417 -1.5609
v  -1.6521 1.8372 -1.5734
v  -1.7655 1.7701 -1.6035
v  -1.7565 1.7868 -1.5954
v  -1.7218 1.7706 -1.5103
v  -1.6895 1.7786 -1.4951
v  -1.7196 1.7564 -1.4882
v  -1.6989 1.8022 -1.5301
v  -1.7281 1.7908 -1.5411
v  -1.7194 1.7560 -1.4692
v  -1.7432 1.7620 -1.4742
v  -1.6518 1.7811 -1.4824
v  -1.6227 1.7775 -1.4724
v  -1.6307 1.7515 -1.4534
v  -1.6698 1.7876 -1.4952
v  -1.6733 1.8085 -1.5253
v  -1.6297 1.7417 -1.4334
v  -1.6813 1.8253 -1.5803
v  -1.7067 1.8153 -1.5837
v  -1.7353 1.8055 -1.5884
v  -1.7660 1.7693 -1.4732
v  -1.7846 1.7761 -1.4686
v  -1.7932 1.7522 -1.5183
v  -1.8209 1.7534 -1.5136
v  -1.7967 1.7813 -1.4611
v  -1.8276 1.7637 -1.4944
v  -1.8353 1.7651 -1.4850
v  -1.8059 1.7823 -1.4519
v  -1.9798 1.6601 -1.7478
v  -1.9614 1.6496 -1.7690
v  -1.9832 1.6512 -1.7888
v  -2.0036 1.6578 -1.7693
v  -1.9409 1.6532 -1.7494
v  -1.9591 1.6655 -1.7258
v  -1.9421 1.6738 -1.7028
v  -1.9221 1.6594 -1.7306
v  -1.9013 1.6677 -1.7141
v  -1.9249 1.6885 -1.6748
v  -1.8750 1.6801 -1.7030
v  -1.8490 1.6934 -1.6968
v  -1.8904 1.7014 -1.6599
v  -1.8570 1.7200 -1.6377
v  -1.8269 1.7041 -1.6948
v  -1.8277 1.7241 -1.6401
v  -1.8141 1.7311 -1.5762
v  -1.8372 1.7291 -1.5720
v  -1.9312 1.7255 -1.6230
v  -1.9045 1.7392 -1.6009
v  -1.8992 1.7192 -1.6246
v  -1.9271 1.7107 -1.6432
v  -1.8711 1.7257 -1.5972
v  -1.8766 1.7453 -1.5690
v  -1.8529 1.7308 -1.5677
v  -1.8525 1.7471 -1.5393
v  -1.8922 1.7772 -1.5427
v  -1.8636 1.7691 -1.5137
v  -1.8557 1.7621 -1.5236
v  -1.8813 1.7656 -1.5542
v  -1.9105 1.7527 -1.5859
v  -1.9380 1.7345 -1.6100
v  -1.9449 1.7366 -1.6027
v  -1.9202 1.7579 -1.5747
v  -2.2238 1.0146 -2.0523
v  -2.2568 1.0102 -2.0543
v  -2.2502 1.0419 -2.0341
v  -2.2192 1.0483 -2.0353
v  -2.2726 1.0410 -2.0298
v  -2.2842 1.0072 -2.0462
v  -2.1414 1.0245 -2.0374
v  -2.1842 1.0198 -2.0483
v  -2.1746 1.0589 -2.0365
v  -2.1263 1.0671 -2.0336
v  -2.0872 1.0672 -2.0190
v  -2.0605 1.0690 -1.9906
v  -2.0723 1.0421 -1.9832
v  -2.1030 1.0307 -2.0146
v  -2.0370 1.0776 -1.9593
v  -1.9980 1.0863 -1.9386
v  -1.9994 1.0558 -1.9384
v  -2.0419 1.0513 -1.9553
v  -1.9437 1.0967 -1.9219
v  -1.8856 1.1096 -1.9049
v  -1.8843 1.0762 -1.9138
v  -1.9437 1.0644 -1.9262
v  -1.8327 1.1256 -1.8906
v  -1.7873 1.1376 -1.8720
v  -1.7919 1.1056 -1.8667
v  -1.8327 1.0913 -1.8935
v  -1.7548 1.1400 -1.8447
v  -1.7249 1.1354 -1.8225
v  -1.7290 1.1124 -1.8224
v  -1.7598 1.1132 -1.8406
v  -1.6942 1.1267 -1.8073
v  -1.6987 1.1057 -1.8114
v  -1.6635 1.1151 -1.7957
v  -1.6689 1.0951 -1.8020
v  -1.5975 1.0844 -1.7748
v  -1.6318 1.1015 -1.7862
v  -1.6384 1.0812 -1.7922
v  -1.6055 1.0637 -1.7802
v  -1.5591 1.0628 -1.7575
v  -1.5195 1.0362 -1.7322
v  -1.5683 1.0420 -1.7636
v  -1.5277 1.0155 -1.7413
v  -1.4429 0.9712 -1.6550
v  -1.4816 1.0050 -1.6982
v  -1.4855 0.9846 -1.7096
v  -1.4421 0.9553 -1.6645
v  -1.9473 1.0360 -1.9141
v  -2.0030 1.0304 -1.9241
v  -1.8906 1.0494 -1.8999
v  -1.9032 1.0341 -1.8723
v  -1.9576 1.0217 -1.8831
v  -2.0113 1.0160 -1.8932
v  -1.8428 1.0662 -1.8774
v  -1.8027 1.0809 -1.8526
v  -1.8172 1.0588 -1.8316
v  -1.8571 1.0474 -1.8535
v  -1.7687 1.0894 -1.8301
v  -1.7373 1.0901 -1.8129
v  -1.7499 1.0670 -1.7940
v  -1.7820 1.0659 -1.8109
v  -1.7081 1.0853 -1.8007
v  -1.6797 1.0755 -1.7908
v  -1.7210 1.0632 -1.7814
v  -1.6941 1.0545 -1.7707
v  -1.6206 1.0427 -1.7681
v  -1.6512 1.0607 -1.7810
v  -1.6682 1.0400 -1.7599
v  -1.6403 1.0244 -1.7450
v  -1.5481 0.9950 -1.7292
v  -1.5861 1.0211 -1.7519
v  -1.5720 0.9901 -1.6985
v  -1.6085 1.0082 -1.7250
v  -1.4589 0.9343 -1.6586
v  -1.5067 0.9643 -1.6982
v  -1.5305 0.9650 -1.6654
v  -1.4821 0.9348 -1.6291
v  -1.2864 1.2237 -1.4984
v  -1.3016 1.2339 -1.4845
v  -1.2621 1.2309 -1.4450
v  -1.2489 1.2199 -1.4557
v  -1.2077 1.1581 -1.4350
v  -1.2180 1.1377 -1.4312
v  -1.1981 1.1413 -1.4061
v  -1.1889 1.1606 -1.4082
v  -1.2135 1.1287 -1.4072
v  -1.2324 1.1228 -1.4231
v  -1.1978 1.1967 -1.4161
v  -1.1895 1.1815 -1.4112
v  -1.2067 1.1799 -1.4358
v  -1.2119 1.1996 -1.4326
v  -1.3220 1.2544 -1.4668
v  -1.2842 1.2510 -1.4210
v  -1.2734 1.2394 -1.4350
v  -1.3140 1.2395 -1.4718
v  -1.2110 1.2150 -1.3909
v  -1.1994 1.2058 -1.4035
v  -1.2196 1.2160 -1.4251
v  -1.2307 1.2281 -1.4150
v  -1.1971 1.1685 -1.3679
v  -1.1809 1.1639 -1.3832
v  -1.1855 1.1879 -1.3903
v  -1.1986 1.1936 -1.3749
v  -1.1928 1.1414 -1.3827
v  -1.2105 1.1462 -1.3720
v  -1.2167 1.1286 -1.3920
v  -1.2275 1.1337 -1.3829
v  -1.3765 1.0828 -1.4925
v  -1.4136 1.0682 -1.5221
v  -1.4237 1.0628 -1.4926
v  -1.3931 1.0818 -1.4643
v  -1.4351 1.0337 -1.5150
v  -1.4411 1.0501 -1.5443
v  -1.4349 1.0168 -1.5626
v  -1.4166 0.9967 -1.5277
v  -1.3852 0.9678 -1.5369
v  -1.4177 0.9870 -1.5765
v  -1.4061 0.9679 -1.5891
v  -1.4004 0.9524 -1.5987
v  -1.3626 0.9505 -1.5481
v  -1.3505 0.9336 -1.5588
v  -1.3459 0.9144 -1.5671
v  -1.3970 0.9381 -1.6058
v  -1.3952 0.9258 -1.6112
v  -1.3455 0.8964 -1.5739
v  -1.3560 0.8770 -1.5752
v  -1.4042 0.9062 -1.6131
v  -1.3762 0.8711 -1.5617
v  -1.4252 0.9012 -1.5929
v  -1.3108 0.8771 -1.5459
v  -1.3276 0.8581 -1.5451
v  -1.3020 0.8680 -1.5233
v  -1.3196 0.8568 -1.5162
v  -1.3470 0.8526 -1.5135
v  -1.3510 0.8546 -1.5367
v  -1.3093 0.9009 -1.5360
v  -1.3035 0.8841 -1.5068
v  -1.3173 0.9235 -1.5234
v  -1.3152 0.9047 -1.4924
v  -1.3350 0.8860 -1.4832
v  -1.3235 0.8695 -1.4960
v  -1.3496 0.8629 -1.4949
v  -1.3525 0.8757 -1.4843
v  -1.3350 0.9412 -1.5119
v  -1.3654 0.9579 -1.5037
v  -1.3678 0.9418 -1.4820
v  -1.3344 0.9230 -1.4825
v  -1.3764 0.8554 -1.5145
v  -1.3716 0.8560 -1.5311
v  -1.3991 0.8686 -1.5454
v  -1.4162 0.8664 -1.5230
v  -1.3847 0.9214 -1.4729
v  -1.3540 0.9012 -1.4756
v  -1.3724 0.8828 -1.4812
v  -1.4052 0.8994 -1.4795
v  -1.3783 0.8656 -1.4952
v  -1.4173 0.8788 -1.4972
v  -1.3990 1.5787 -1.3886
v  -1.3641 1.5862 -1.3613
v  -1.3750 1.5535 -1.3495
v  -1.4102 1.5455 -1.3737
v  -1.2634 1.6105 -1.3922
v  -1.2248 1.6055 -1.3668
v  -1.2607 1.5989 -1.3402
v  -1.2976 1.6035 -1.3623
v  -1.1994 1.5959 -1.2992
v  -1.2312 1.5972 -1.3206
v  -1.1923 1.6047 -1.3435
v  -1.1580 1.6058 -1.3185
v  -1.4099 1.5160 -1.3624
v  -1.3774 1.4965 -1.3731
v  -1.3733 1.5273 -1.3418
v  -1.3439 1.5092 -1.3532
v  -1.3225 1.5830 -1.3420
v  -1.2852 1.5805 -1.3231
v  -1.2968 1.5583 -1.3144
v  -1.3342 1.5567 -1.3325
v  -1.2557 1.5789 -1.3051
v  -1.2253 1.5781 -1.2828
v  -1.2355 1.5559 -1.2734
v  -1.2670 1.5580 -1.2954
v  -1.3321 1.5353 -1.3292
v  -1.3060 1.5187 -1.3404
v  -1.2926 1.5395 -1.3167
v  -1.2695 1.5223 -1.3242
v  -1.2841 1.4960 -1.3694
v  -1.3147 1.4885 -1.3932
v  -1.2581 1.4560 -1.4025
v  -1.2303 1.4609 -1.3702
v  -1.2302 1.5358 -1.2739
v  -1.2597 1.5393 -1.2996
v  -1.2361 1.5234 -1.3064
v  -1.2087 1.5190 -1.2787
v  -1.2368 1.4247 -1.4041
v  -1.2377 1.3994 -1.3987
v  -1.2106 1.4284 -1.3673
v  -1.2093 1.4025 -1.3623
v  -1.2254 1.4980 -1.3260
v  -1.2535 1.4984 -1.3482
v  -1.2067 1.4624 -1.3429
v  -1.1860 1.4635 -1.3185
v  -1.1774 1.4971 -1.2751
v  -1.1995 1.4979 -1.3035
v  -1.1669 1.4661 -1.2940
v  -1.1511 1.4696 -1.2658
v  -1.2572 1.3854 -1.3807
v  -1.2799 1.3816 -1.3592
v  -1.2265 1.3856 -1.3463
v  -1.2464 1.3795 -1.3263
v  -1.1684 1.4326 -1.3128
v  -1.1882 1.4303 -1.3380
v  -1.1844 1.4045 -1.3336
v  -1.1615 1.4071 -1.3086
v  -1.1508 1.4377 -1.2871
v  -1.1428 1.4142 -1.2812
v  -1.1383 1.4442 -1.2576
v  -1.1323 1.4242 -1.2493
v  -1.2924 1.3691 -1.3409
v  -1.2876 1.3429 -1.3342
v  -1.2507 1.3623 -1.3133
v  -1.2450 1.3364 -1.3049
v  -1.1956 1.3851 -1.3210
v  -1.1667 1.3873 -1.2977
v  -1.1781 1.3788 -1.2808
v  -1.2105 1.3768 -1.3033
v  -1.1336 1.4101 -1.2366
v  -1.1451 1.3967 -1.2696
v  -1.1327 1.3961 -1.2223
v  -1.1516 1.3855 -1.2548
v  -1.1750 1.3592 -1.2698
v  -1.2098 1.3582 -1.2935
v  -1.2038 1.3316 -1.2829
v  -1.1673 1.3306 -1.2592
v  -1.1459 1.3655 -1.2429
v  -1.1361 1.3350 -1.2313
v  -1.1189 1.3750 -1.2116
v  -1.1048 1.3436 -1.1982
v  -1.9567 1.5574 -1.9383
v  -1.9886 1.5587 -1.9454
v  -1.9659 1.5422 -1.9488
v  -2.0134 1.5396 -1.9536
v  -1.9767 1.5701 -1.9370
v  -1.9507 1.5678 -1.9270
v  -1.9715 1.5784 -1.9302
v  -1.9525 1.5734 -1.9176
v  -1.9697 1.5847 -1.9233
v  -1.9559 1.5780 -1.9100
v  -1.9865 1.5751 -1.9492
v  -1.9783 1.5843 -1.9421
v  -1.9853 1.5909 -1.9494
v  -1.9938 1.5817 -1.9575
v  -1.9806 1.5981 -1.9416
v  -1.9739 1.5917 -1.9343
v  -1.9557 1.5851 -1.9011
v  -1.9683 1.5903 -1.9128
v  -1.9677 1.5952 -1.8983
v  -1.9539 1.5906 -1.8913
v  -1.9496 1.5937 -1.8839
v  -1.9540 1.5970 -1.8829
v  -1.9719 1.5975 -1.9241
v  -1.9782 1.6043 -1.9329
v  -1.9779 1.6108 -1.9236
v  -1.9716 1.6040 -1.9133
v  -1.9697 1.6173 -1.8821
v  -1.9545 1.6163 -1.8740
v  -1.9544 1.6046 -1.8800
v  -1.9687 1.6055 -1.8908
v  -1.9730 1.6124 -1.9033
v  -1.9800 1.6188 -1.9135
v  -1.9852 1.6292 -1.9027
v  -1.9768 1.6237 -1.8926
v  -1.9752 1.6315 -1.8699
v  -1.9588 1.6289 -1.8619
v  -1.9650 1.6401 -1.8481
v  -1.9829 1.6442 -1.8569
v  -2.0191 1.5964 -1.9651
v  -2.0062 1.5896 -1.9629
v  -2.0207 1.5785 -1.9712
v  -2.0334 1.5862 -1.9725
v  -2.0084 1.5701 -1.9662
v  -2.0302 1.5557 -1.9748
v  -2.0412 1.5655 -1.9779
v  -2.0520 1.5744 -1.9780
v  -2.0049 1.6099 -1.9503
v  -1.9925 1.6044 -1.9467
v  -1.9974 1.5978 -1.9546
v  -2.0100 1.6041 -1.9576
v  -2.0027 1.6199 -1.9371
v  -1.9898 1.6162 -1.9317
v  -1.9901 1.6100 -1.9393
v  -2.0026 1.6147 -1.9438
v  -1.9978 1.6325 -1.9129
v  -1.9919 1.6238 -1.9227
v  -2.0051 1.6261 -1.9292
v  -2.0109 1.6331 -1.9209
v  -2.0600 1.5804 -1.9725
v  -2.0429 1.5905 -1.9672
v  -2.0499 1.5918 -1.9591
v  -2.0656 1.5835 -1.9639
v  -2.0374 1.5992 -1.9540
v  -2.0293 1.5994 -1.9609
v  -2.0208 1.6065 -1.9548
v  -2.0297 1.6053 -1.9491
v  -2.0255 1.6097 -1.9444
v  -2.0162 1.6120 -1.9490
v  -2.0140 1.6158 -1.9438
v  -2.0238 1.6128 -1.9401
v  -2.0240 1.6155 -1.9350
v  -2.0142 1.6196 -1.9381
v  -2.0163 1.6241 -1.9310
v  -2.0212 1.6293 -1.9235
v  -2.0256 1.6187 -1.9284
v  -2.0295 1.6230 -1.9212
v  -2.0367 1.6285 -1.9144
v  -2.0300 1.6360 -1.9168
v  -2.0422 1.6425 -1.9125
v  -2.0468 1.6345 -1.9084
v  -2.0347 1.6494 -1.9088
v  -2.0208 1.6411 -1.9129
v  -2.0573 1.6474 -1.9110
v  -2.0754 1.6497 -1.9129
v  -2.0604 1.6402 -1.9050
v  -2.0773 1.6431 -1.9057
v  -2.0732 1.6581 -1.9156
v  -2.0525 1.6556 -1.9104
v  -2.1169 1.6479 -1.9320
v  -2.0951 1.6557 -1.9234
v  -2.0957 1.6472 -1.9187
v  -2.1158 1.6387 -1.9262
v  -2.0967 1.6410 -1.9102
v  -2.1163 1.6332 -1.9164
v  -2.1342 1.6204 -1.9205
v  -2.1348 1.6253 -1.9312
v  -2.1530 1.6100 -1.9328
v  -2.1508 1.6059 -1.9229
v  -2.1574 1.6168 -1.9401
v  -2.1381 1.6341 -1.9376
v  -2.1678 1.5928 -1.9336
v  -2.1643 1.5898 -1.9250
v  -2.1698 1.5729 -1.9301
v  -2.1844 1.5790 -1.9436
v  -2.1736 1.5983 -1.9416
v  -2.1759 1.5749 -1.9371
v  -2.1758 1.5592 -1.9447
v  -2.1865 1.5593 -1.9492
v  -2.1681 1.5597 -1.9382
v  -2.1620 1.5507 -1.9472
v  -2.1695 1.5480 -1.9542
v  -2.1795 1.5446 -1.9597
v  -2.1585 1.5430 -1.9644
v  -2.1664 1.5372 -1.9711
v  -2.1525 1.5468 -1.9562
v  -2.1434 1.5454 -1.9735
v  -2.1392 1.5493 -1.9637
v  -2.1481 1.5382 -1.9824
v  -2.1214 1.5562 -1.9678
v  -2.1230 1.5525 -1.9784
v  -2.1003 1.5614 -1.9793
v  -2.1017 1.5657 -1.9689
v  -2.0979 1.5526 -1.9874
v  -2.1242 1.5442 -1.9880
v  -2.0791 1.5702 -1.9766
v  -2.0737 1.5626 -1.9829
v  -2.0829 1.5744 -1.9673
v  -2.0623 1.6326 -1.8959
v  -2.0504 1.6255 -1.9012
v  -2.0532 1.6159 -1.8927
v  -2.0635 1.6242 -1.8846
v  -2.0802 1.6293 -1.8829
v  -2.0788 1.6365 -1.8952
v  -2.0976 1.6349 -1.8992
v  -2.0986 1.6283 -1.8863
v  -2.1168 1.6222 -1.8913
v  -2.1166 1.6280 -1.9046
v  -2.1330 1.6114 -1.8948
v  -2.1337 1.6162 -1.9083
v  -2.1471 1.5986 -1.8980
v  -2.1489 1.6023 -1.9111
v  -2.1608 1.5874 -1.9143
v  -2.1571 1.5845 -1.9022
v  -2.1593 1.5703 -1.9087
v  -2.1644 1.5720 -1.9203
v  -2.1614 1.5605 -1.9284
v  -2.1554 1.5599 -1.9164
v  -2.1480 1.5535 -1.9245
v  -2.1550 1.5530 -1.9368
v  -2.1462 1.5498 -1.9452
v  -2.1395 1.5517 -1.9326
v  -2.1290 1.5539 -1.9390
v  -2.1345 1.5520 -1.9519
v  -2.1019 1.5673 -1.9562
v  -2.0855 1.5758 -1.9550
v  -2.1012 1.5677 -1.9420
v  -2.0871 1.5751 -1.9409
v  -2.0735 1.5816 -1.9394
v  -2.0701 1.5835 -1.9525
v  -2.1156 1.5597 -1.9417
v  -2.1189 1.5583 -1.9554
v  -2.0813 1.6209 -1.8694
v  -2.0997 1.6210 -1.8722
v  -2.0844 1.6077 -1.8590
v  -2.1012 1.6109 -1.8597
v  -2.1172 1.6066 -1.8637
v  -2.1171 1.6156 -1.8773
v  -2.1304 1.5982 -1.8679
v  -2.1323 1.6057 -1.8808
v  -2.1393 1.5857 -1.8722
v  -2.1452 1.5934 -1.8841
v  -2.1524 1.5795 -1.8896
v  -2.1448 1.5738 -1.8783
v  -2.1435 1.5632 -1.8850
v  -2.1528 1.5668 -1.8968
v  -2.1481 1.5578 -1.9043
v  -2.1393 1.5563 -1.8924
v  -2.1315 1.5535 -1.8984
v  -2.1403 1.5532 -1.9118
v  -2.1319 1.5528 -1.9196
v  -2.1244 1.5541 -1.9062
v  -2.1161 1.5573 -1.9103
v  -2.1224 1.5555 -1.9256
v  -2.1077 1.5618 -1.9127
v  -2.1113 1.5610 -1.9276
v  -2.0995 1.5675 -1.9273
v  -2.0986 1.5663 -1.9110
v  -2.0378 1.6018 -1.9430
v  -2.0449 1.5966 -1.9463
v  -2.0513 1.5932 -1.9373
v  -2.0445 1.5982 -1.9359
v  -2.0400 1.6019 -1.9350
v  -2.0340 1.6055 -1.9392
v  -2.1062 1.5617 -1.8967
v  -2.1116 1.5594 -1.8916
v  -2.1069 1.5657 -1.8672
v  -2.1007 1.5644 -1.8920
v  -2.1339 1.5690 -1.8701
v  -2.1280 1.5759 -1.8638
v  -2.1295 1.5617 -1.8742
v  -2.0328 1.6078 -1.9347
v  -2.0413 1.6020 -1.9298
v  -2.0425 1.6029 -1.9229
v  -2.0333 1.6095 -1.9292
v  -2.1140 1.5891 -1.8572
v  -2.1032 1.5952 -1.8557
v  -2.0928 1.5886 -1.8569
v  -2.1244 1.5869 -1.8605
v  -2.1290 1.5572 -1.8819
v  -2.1214 1.5568 -1.8840
v  -2.1181 1.5567 -1.8921
v  -2.0895 1.5709 -1.9111
v  -2.0878 1.5734 -1.9263
v  -2.0806 1.5753 -1.9093
v  -2.0763 1.5790 -1.9253
v  -2.0938 1.5675 -1.8953
v  -2.0884 1.5705 -1.8902
v  -2.0787 1.5765 -1.8737
v  -2.0797 1.5856 -1.8619
v  -2.0690 1.5997 -1.8657
v  -2.0617 1.5915 -1.8836
v  -2.0560 1.5903 -1.9496
v  -2.0613 1.5876 -1.9383
v  -2.0561 1.5906 -1.9259
v  -2.0485 1.5963 -1.9271
v  -2.0594 1.5889 -1.9129
v  -2.0507 1.5959 -1.9173
v  -2.0655 1.5847 -1.9253
v  -2.0699 1.5815 -1.9100
v  -2.0348 1.6121 -1.9227
v  -2.0439 1.6047 -1.9152
v  -2.0379 1.6155 -1.9157
v  -2.0457 1.6075 -1.9077
v  -2.0430 1.6200 -1.9085
v  -2.0482 1.6113 -1.9010
v  -2.0618 1.5882 -1.8986
v  -2.0521 1.5970 -1.9067
v  -2.0528 1.5995 -1.8983
v  -2.0523 1.6038 -1.8945
v  -2.0560 1.6051 -1.8852
v  -2.0640 1.6137 -1.8731
v  -2.0753 1.5777 -1.8920
v  -2.0231 1.5468 -1.9669
v  -2.0006 1.5630 -1.9577
v  -2.0666 1.5512 -1.9852
v  -2.0596 1.5384 -1.9849
v  -2.0950 1.5383 -1.9929
v  -2.0921 1.5214 -1.9961
v  -2.1266 1.5097 -1.9999
v  -2.1254 1.5289 -1.9957
v  -2.1542 1.5243 -1.9903
v  -2.1604 1.5057 -1.9952
v  -2.1906 1.5113 -1.9824
v  -2.1779 1.5269 -1.9780
v  -2.1948 1.5386 -1.9649
v  -2.2171 1.5264 -1.9669
v  -2.2199 1.5594 -1.9529
v  -2.2024 1.5596 -1.9528
v  -2.1983 1.5863 -1.9501
v  -2.2196 1.5965 -1.9540
v  -2.2409 1.5874 -1.9525
v  -2.2359 1.5579 -1.9496
v  -2.2496 1.5560 -1.9423
v  -2.2563 1.5854 -1.9459
v  -2.2388 1.5290 -1.9581
v  -2.2534 1.5271 -1.9500
v  -2.1849 1.6086 -1.9467
v  -2.1984 1.6217 -1.9476
v  -2.1660 1.6285 -1.9409
v  -2.1757 1.6413 -1.9377
v  -2.1514 1.6598 -1.9292
v  -2.1444 1.6470 -1.9349
v  -2.1209 1.6613 -1.9284
v  -2.1258 1.6746 -1.9212
v  -2.0992 1.6813 -1.9115
v  -2.0964 1.6684 -1.9199
v  -2.0714 1.6685 -1.9103
v  -2.0717 1.6787 -1.9002
v  -2.0084 1.6425 -1.9027
v  -2.0241 1.6534 -1.8973
v  -2.0112 1.6571 -1.8798
v  -1.9951 1.6419 -1.8907
v  -1.9848 1.6379 -1.8800
v  -1.9951 1.6501 -1.8670
v  -2.0425 1.6698 -1.8889
v  -2.0461 1.6630 -1.9014
v  -1.9713 1.6481 -1.8364
v  -1.9834 1.6529 -1.8234
v  -1.9901 1.6531 -1.8459
v  -2.0031 1.6589 -1.8359
v  -2.0209 1.6641 -1.8662
v  -2.0044 1.6576 -1.8561
v  -2.0181 1.6639 -1.8482
v  -2.0290 1.6679 -1.8585
v  -2.0265 1.6654 -1.8262
v  -2.0061 1.6567 -1.8079
v  -2.0283 1.6626 -1.7926
v  -2.0499 1.6726 -1.8165
v  -2.0499 1.6755 -1.8613
v  -2.0420 1.6723 -1.8445
v  -2.0668 1.6794 -1.8403
v  -2.0832 1.6846 -1.8667
v  -2.0768 1.6836 -1.8860
v  -2.0471 1.6738 -1.8758
v  -2.1043 1.6885 -1.8986
v  -2.1315 1.6815 -1.9098
v  -2.1368 1.6872 -1.8984
v  -2.1108 1.6910 -1.8851
v  -2.1581 1.6673 -1.9190
v  -2.1848 1.6517 -1.9300
v  -2.1914 1.6637 -1.9240
v  -2.1639 1.6760 -1.9106
v  -2.2337 1.6190 -1.9510
v  -2.2116 1.6358 -1.9441
v  -2.2194 1.6497 -1.9332
v  -2.2505 1.6319 -1.9341
v  -2.2464 1.6067 -1.9530
v  -2.2597 1.6084 -1.9469
v  -2.2168 1.6651 -1.9196
v  -2.1931 1.6761 -1.9163
v  -2.2344 1.6596 -1.9137
v  -2.2198 1.6816 -1.8959
v  -2.2053 1.6834 -1.9042
v  -2.1906 1.6869 -1.9071
v  -2.1725 1.6998 -1.8975
v  -2.1667 1.6893 -1.9054
v  -2.1401 1.6998 -1.8915
v  -2.1429 1.7186 -1.8795
v  -2.1857 1.7047 -1.8865
v  -2.2016 1.7057 -1.8740
v  -2.1812 1.7293 -1.8498
v  -2.1633 1.7266 -1.8652
v  -2.1175 1.7144 -1.8641
v  -2.1178 1.6989 -1.8744
v  -2.1063 1.7012 -1.8418
v  -2.1008 1.6888 -1.8540
v  -2.1611 1.7508 -1.8258
v  -2.1442 1.7478 -1.8405
v  -2.1310 1.7674 -1.8167
v  -2.1422 1.7729 -1.8030
v  -2.1162 1.7624 -1.8251
v  -2.1263 1.7420 -1.8510
v  -2.1261 1.7849 -1.7990
v  -2.1143 1.7829 -1.8016
v  -2.1314 1.7872 -1.7946
v  -2.1268 1.7952 -1.7890
v  -2.1260 1.7964 -1.7810
v  -2.1023 1.7695 -1.7954
v  -2.1025 1.7475 -1.8188
v  -2.1133 1.7829 -1.7713
v  -2.1121 1.7686 -1.7715
v  -2.1043 1.7554 -1.7890
v  -2.1059 1.7271 -1.8020
v  -2.1089 1.7297 -1.8443
v  -2.1055 1.7139 -1.8240
v  -2.1083 1.7497 -1.7816
v  -2.1095 1.7280 -1.7872
v  -2.1100 1.7648 -1.7742
v  -2.1112 1.7514 -1.7769
v  -2.1144 1.7301 -1.7800
v  -2.1090 1.7139 -1.7768
v  -2.1053 1.7131 -1.7823
v  -2.0906 1.7134 -1.7681
v  -2.0962 1.7149 -1.7630
v  -2.0848 1.7084 -1.7745
v  -2.1013 1.7095 -1.7910
v  -1.9549 1.7417 -1.6494
v  -1.9652 1.7544 -1.6449
v  -1.9622 1.7346 -1.6299
v  -1.9521 1.7265 -1.6388
v  -1.9683 1.7379 -1.6278
v  -1.9839 1.7710 -1.6391
v  -1.9854 1.7762 -1.6591
v  -1.9746 1.7737 -1.6558
v  -1.9709 1.7658 -1.6656
v  -1.9775 1.7656 -1.6679
v  -1.9945 1.7720 -1.6674
v  -1.9852 1.7622 -1.6741
v  -2.0043 1.7762 -1.6597
v  -1.9947 1.7801 -1.6491
v  -1.9479 1.7408 -1.6630
v  -1.9589 1.7611 -1.6595
v  -1.9613 1.7553 -1.6719
v  -1.9494 1.7345 -1.6833
v  -1.9431 1.7198 -1.6568
v  -1.9423 1.7102 -1.6780
v  -1.9678 1.7520 -1.6768
v  -1.9617 1.7374 -1.6876
v  -1.9697 1.7390 -1.6889
v  -1.9756 1.7493 -1.6818
v  -1.9698 1.7025 -1.7215
v  -1.9564 1.7162 -1.7030
v  -1.9506 1.6979 -1.6998
v  -1.9658 1.6859 -1.7214
v  -2.0189 1.7547 -1.6940
v  -2.0056 1.7647 -1.6795
v  -1.9948 1.7552 -1.6844
v  -2.0069 1.7455 -1.6976
v  -2.0162 1.7687 -1.6729
v  -2.0298 1.7582 -1.6884
v  -1.9842 1.7200 -1.7112
v  -1.9737 1.7305 -1.6980
v  -1.9652 1.7239 -1.7012
v  -1.9766 1.7116 -1.7166
v  -1.9840 1.7422 -1.6912
v  -1.9950 1.7325 -1.7038
v  -2.0410 1.7233 -1.7306
v  -2.0515 1.7306 -1.7278
v  -2.0340 1.7427 -1.7099
v  -2.0222 1.7345 -1.7127
v  -2.0444 1.7457 -1.7052
v  -2.0606 1.7333 -1.7237
v  -2.0144 1.6815 -1.7533
v  -1.9895 1.6905 -1.7383
v  -1.9868 1.6762 -1.7406
v  -2.0128 1.6693 -1.7582
v  -2.0718 1.7203 -1.7489
v  -2.0793 1.7226 -1.7445
v  -2.0636 1.7135 -1.7527
v  -2.0829 1.6841 -1.8311
v  -2.0640 1.6777 -1.8055
v  -2.0922 1.6912 -1.8184
v  -2.0691 1.6862 -1.7907
v  -2.0223 1.7000 -1.7427
v  -2.0009 1.7096 -1.7258
v  -1.9944 1.7002 -1.7324
v  -2.0153 1.6911 -1.7474
v  -2.0406 1.6694 -1.7800
v  -2.0418 1.6789 -1.7709
v  -2.0466 1.6926 -1.7635
v  -2.0360 1.6863 -1.7619
v  -2.0969 1.7018 -1.8043
v  -2.0785 1.6994 -1.7834
v  -2.0556 1.7030 -1.7590
v  -2.0312 1.7117 -1.7362
v  -2.0108 1.7222 -1.7185
v  -1.9824 1.5005 -1.9513
v  -1.9753 1.5215 -1.9554
v  -2.0228 1.5153 -1.9523
v  -2.0295 1.4950 -1.9493
v  -1.9935 1.4704 -1.9191
v  -1.9846 1.4855 -1.9377
v  -2.0300 1.4789 -1.9377
v  -2.0249 1.4696 -1.9240
v  -2.0586 1.5166 -1.9630
v  -2.0914 1.5047 -1.9887
v  -2.0555 1.5261 -1.9777
v  -2.0933 1.4918 -1.9754
v  -2.1277 1.4733 -1.9810
v  -2.1275 1.4899 -1.9935
v  -2.1643 1.4836 -1.9921
v  -2.1643 1.4632 -1.9804
v  -2.2053 1.4651 -1.9717
v  -2.2018 1.4893 -1.9818
v  -2.2303 1.4999 -1.9683
v  -2.2491 1.4771 -1.9515
v  -2.2547 1.5040 -1.9541
v  -2.2438 1.5088 -1.9611
v  -2.0641 1.4823 -1.9499
v  -2.0617 1.4999 -1.9573
v  -2.0928 1.4682 -1.9480
v  -2.0944 1.4795 -1.9632
v  -2.0495 1.4614 -1.9131
v  -2.0619 1.4688 -1.9338
v  -2.0872 1.4599 -1.9251
v  -2.0752 1.4542 -1.8977
v  -2.1262 1.4627 -1.9640
v  -2.1498 1.4470 -1.9349
v  -2.1593 1.4501 -1.9609
v  -2.1212 1.4560 -1.9427
v  -2.2054 1.4375 -1.9108
v  -2.2302 1.4439 -1.9354
v  -2.1972 1.4445 -1.9537
v  -2.1797 1.4405 -1.9259
v  -2.0210 1.4567 -1.8946
v  -1.9873 1.4505 -1.8768
v  -2.0280 1.4395 -1.8415
v  -2.0542 1.4476 -1.8690
v  -1.9589 1.4431 -1.8573
v  -1.9335 1.4368 -1.8371
v  -1.9721 1.4283 -1.7923
v  -2.0003 1.4325 -1.8161
v  -1.8870 1.4256 -1.8013
v  -1.9092 1.4306 -1.8188
v  -1.9445 1.4265 -1.7700
v  -1.9190 1.4271 -1.7493
v  -1.8014 1.4267 -1.7240
v  -1.8125 1.4252 -1.7319
v  -1.8388 1.4393 -1.6708
v  -1.8259 1.4415 -1.6639
v  -1.8507 1.4360 -1.6807
v  -1.8234 1.4236 -1.7415
v  -1.7708 1.4291 -1.7097
v  -1.7878 1.4283 -1.7169
v  -1.7929 1.4391 -1.6509
v  -1.8101 1.4423 -1.6573
v  -1.8212 1.4358 -1.5960
v  -1.8573 1.4308 -1.5489
v  -1.8675 1.4414 -1.5583
v  -1.8350 1.4440 -1.6031
v  -1.8785 1.4466 -1.5691
v  -1.8492 1.4471 -1.6111
v  -1.7502 1.4263 -1.7021
v  -1.7269 1.4176 -1.6954
v  -1.7579 1.4186 -1.6395
v  -1.7763 1.4307 -1.6445
v  -1.7945 1.4118 -1.5834
v  -1.8087 1.4247 -1.5897
v  -1.8370 1.4061 -1.5307
v  -1.8478 1.4190 -1.5403
v  -1.6989 1.4076 -1.6909
v  -1.6688 1.3990 -1.6843
v  -1.7094 1.3910 -1.6326
v  -1.7345 1.4047 -1.6366
v  -1.7760 1.3969 -1.5775
v  -1.7564 1.3812 -1.5706
v  -1.8108 1.3731 -1.5075
v  -1.8240 1.3908 -1.5191
v  -1.6414 1.3864 -1.6730
v  -1.6259 1.3662 -1.6669
v  -1.6727 1.3576 -1.6190
v  -1.6874 1.3761 -1.6253
v  -1.8511 1.4228 -1.7685
v  -1.8678 1.4234 -1.7845
v  -1.8971 1.4280 -1.7310
v  -1.8786 1.4296 -1.7136
v  -1.8363 1.4227 -1.7540
v  -1.8636 1.4324 -1.6959
v  -1.8614 1.4456 -1.6193
v  -1.8887 1.4454 -1.5797
v  -1.9000 1.4412 -1.5920
v  -1.8735 1.4417 -1.6303
v  -2.0295 1.4093 -1.7310
v  -2.0023 1.4169 -1.7587
v  -1.9732 1.4185 -1.7318
v  -2.0009 1.4121 -1.7009
v  -1.9465 1.4238 -1.7071
v  -1.9751 1.4194 -1.6729
v  -1.9041 1.4308 -1.6663
v  -1.9236 1.4272 -1.6858
v  -1.9529 1.4239 -1.6493
v  -1.9333 1.4284 -1.6283
v  -1.8874 1.4360 -1.6468
v  -1.9152 1.4348 -1.6086
v  -2.0584 1.4315 -1.8147
v  -2.0799 1.4422 -1.8481
v  -2.1002 1.4397 -1.8358
v  -2.0925 1.4284 -1.7942
v  -2.1166 1.4450 -1.8708
v  -2.0972 1.4490 -1.8829
v  -2.1113 1.4528 -1.9150
v  -2.1346 1.4471 -1.9043
v  -2.1575 1.4423 -1.8944
v  -2.1346 1.4423 -1.8629
v  -2.1481 1.4403 -1.8507
v  -2.1774 1.4395 -1.8814
v  -2.1171 1.4399 -1.8363
v  -2.1217 1.4379 -1.8236
v  -2.0317 1.4218 -1.7858
v  -2.0585 1.4151 -1.7603
v  -2.1480 1.2099 -1.9164
v  -2.1244 1.2124 -1.9129
v  -2.1289 1.2145 -1.9307
v  -2.1578 1.2130 -1.9338
v  -2.0923 1.2198 -1.9237
v  -2.0936 1.2174 -1.9052
v  -2.0491 1.2240 -1.9152
v  -2.0549 1.2215 -1.8967
v  -2.0151 1.2231 -1.8868
v  -2.0060 1.2255 -1.9046
v  -1.9700 1.2252 -1.8919
v  -1.9814 1.2223 -1.8745
v  -1.9523 1.2205 -1.8597
v  -1.9390 1.2235 -1.8772
v  -1.9108 1.2226 -1.8605
v  -1.9264 1.2184 -1.8426
v  -1.8826 1.2242 -1.8346
v  -1.9008 1.2170 -1.8147
v  -2.1747 1.2085 -1.9070
v  -2.1642 1.2093 -1.9137
v  -2.1773 1.2140 -1.9308
v  -2.1900 1.2138 -1.9226
v  -2.1625 1.1935 -1.8963
v  -2.1397 1.1835 -1.8926
v  -2.1531 1.1976 -1.9016
v  -2.1505 1.1738 -1.8863
v  -2.1394 1.2027 -1.9028
v  -2.1324 1.1931 -1.8952
v  -2.1169 1.1920 -1.8901
v  -2.1197 1.2056 -1.8988
v  -2.0931 1.2083 -1.8912
v  -2.0926 1.1917 -1.8817
v  -2.0282 1.1966 -1.8633
v  -2.0220 1.2119 -1.8741
v  -2.0585 1.2106 -1.8833
v  -2.0614 1.1944 -1.8727
v  -1.9720 1.1970 -1.8375
v  -1.9629 1.2106 -1.8474
v  -1.9903 1.2114 -1.8622
v  -1.9986 1.1977 -1.8513
v  -1.9156 1.2069 -1.8027
v  -1.9382 1.2079 -1.8308
v  -1.9492 1.1965 -1.8200
v  -1.9297 1.1974 -1.7931
v  -2.1322 1.1614 -1.8684
v  -2.1199 1.1729 -1.8820
v  -2.0959 1.1713 -1.8690
v  -2.1053 1.1599 -1.8406
v  -2.0451 1.1712 -1.8315
v  -2.0355 1.1802 -1.8493
v  -2.0663 1.1749 -1.8589
v  -2.0722 1.1659 -1.8395
v  -2.0695 1.1662 -1.8026
v  -2.0553 1.1678 -1.8156
v  -2.0729 1.1651 -1.8251
v  -2.0849 1.1633 -1.8190
v  -1.9972 1.1772 -1.8079
v  -1.9827 1.1850 -1.8242
v  -2.0077 1.1843 -1.8376
v  -2.0198 1.1744 -1.8212
v  -2.0388 1.1724 -1.7699
v  -2.0170 1.1735 -1.7895
v  -2.0361 1.1703 -1.8040
v  -2.0544 1.1691 -1.7865
v  -1.9784 1.1811 -1.7904
v  -1.9620 1.1870 -1.8066
v  -1.9450 1.1904 -1.7816
v  -1.9624 1.1864 -1.7677
v  -1.9825 1.1850 -1.7507
v  -1.9994 1.1787 -1.7721
v  -2.0223 1.1781 -1.7520
v  -2.0034 1.1836 -1.7316
v  -1.9809 1.1850 -1.7079
v  -1.9641 1.1872 -1.7245
v  -1.9447 1.1869 -1.6998
v  -1.9580 1.1842 -1.6843
v  -1.9372 1.1899 -1.7156
v  -1.9473 1.1899 -1.7382
v  -1.9301 1.1939 -1.7464
v  -1.9121 1.1997 -1.7514
v  -1.9214 1.1924 -1.7104
v  -1.9012 1.1973 -1.7069
v  -1.9380 1.1833 -1.6635
v  -1.9248 1.1877 -1.6831
v  -1.9037 1.1897 -1.6707
v  -1.9194 1.1836 -1.6442
v  -1.8784 1.2036 -1.7042
v  -1.8931 1.2074 -1.7562
v  -1.8731 1.2166 -1.7674
v  -1.8421 1.2158 -1.7055
v  -1.8515 1.2268 -1.7924
v  -1.8135 1.2325 -1.7510
v  -1.9005 1.1849 -1.6242
v  -1.8807 1.1933 -1.6591
v  -1.8519 1.2010 -1.6450
v  -1.8786 1.1905 -1.6006
v  -1.7652 1.2489 -1.7266
v  -1.7906 1.2379 -1.6814
v  -1.7469 1.2658 -1.6644
v  -1.7171 1.2756 -1.7100
v  -1.8266 1.2295 -1.5415
v  -1.7788 1.2433 -1.6033
v  -1.8144 1.2180 -1.6253
v  -1.8522 1.2062 -1.5711
v  -1.6766 1.3030 -1.6915
v  -1.7111 1.2903 -1.6454
v  -1.6848 1.3117 -1.6289
v  -1.6451 1.3230 -1.6750
v  -1.6278 1.3440 -1.6675
v  -1.6705 1.3344 -1.6189
v  -1.7505 1.2688 -1.5819
v  -1.8048 1.2544 -1.5157
v  -1.7861 1.2768 -1.4934
v  -1.7278 1.2914 -1.5628
v  -1.7387 1.3649 -1.5621
v  -1.7240 1.3455 -1.5537
v  -1.7874 1.3336 -1.4879
v  -1.7985 1.3543 -1.4971
v  -1.7166 1.3185 -1.5511
v  -1.7792 1.3060 -1.4826
v  -1.3062 1.2718 -1.4304
v  -1.3279 1.2729 -1.4724
v  -1.3159 1.3149 -1.3634
v  -1.3288 1.3184 -1.4015
v  -1.3279 1.2877 -1.3949
v  -1.3188 1.2810 -1.3542
v  -1.2379 1.2999 -1.2934
v  -1.2834 1.3085 -1.3230
v  -1.2796 1.2707 -1.3182
v  -1.2312 1.2604 -1.2897
v  -1.1615 1.2913 -1.2456
v  -1.1973 1.2938 -1.2700
v  -1.1910 1.2532 -1.2647
v  -1.1553 1.2485 -1.2388
v  -1.0908 1.3001 -1.1847
v  -1.1278 1.2928 -1.2182
v  -1.1192 1.2470 -1.2109
v  -1.0779 1.2530 -1.1763
v  -1.2476 1.2333 -1.4039
v  -1.2730 1.2280 -1.3929
v  -1.2667 1.2063 -1.3793
v  -1.2340 1.2150 -1.3824
v  -1.2239 1.1928 -1.3703
v  -1.2567 1.1852 -1.3721
v  -1.2508 1.1692 -1.3706
v  -1.2239 1.1701 -1.3664
v  -1.3224 1.2593 -1.3925
v  -1.3233 1.2499 -1.3532
v  -1.3343 1.2222 -1.3560
v  -1.3146 1.2352 -1.3883
v  -1.2833 1.2384 -1.3220
v  -1.2331 1.2278 -1.2946
v  -1.2396 1.1982 -1.3057
v  -1.2927 1.2089 -1.3304
v  -1.1910 1.2185 -1.2681
v  -1.1525 1.2106 -1.2409
v  -1.1951 1.1869 -1.2762
v  -1.1535 1.1758 -1.2471
v  -1.0722 1.2082 -1.1764
v  -1.1136 1.2062 -1.2113
v  -1.0761 1.1635 -1.1795
v  -1.1150 1.1673 -1.2148
v  -1.0498 1.0435 -1.1097
v  -1.0872 1.0617 -1.1439
v  -1.0550 1.1093 -1.1456
v  -1.0122 1.0917 -1.1106
v  -1.0928 1.1192 -1.1806
v  -1.1213 1.0750 -1.1786
v  -1.0329 1.1622 -1.1407
v  -0.9796 1.1557 -1.0936
v  -1.1552 1.0874 -1.2119
v  -1.1274 1.1288 -1.2156
v  -1.1616 1.1412 -1.2502
v  -1.1905 1.1005 -1.2455
v  -1.2041 1.1546 -1.2810
v  -1.2521 1.1672 -1.3109
v  -1.2268 1.1151 -1.2798
v  -1.2741 1.1303 -1.3109
v  -1.2550 1.1306 -1.3912
v  -1.2485 1.1195 -1.4078
v  -1.2870 1.1077 -1.4296
v  -1.3059 1.1264 -1.4057
v  -1.2734 1.1523 -1.3806
v  -1.2406 1.1474 -1.3750
v  -1.3550 1.1023 -1.4349
v  -1.3310 1.0931 -1.4598
v  -1.2985 1.1671 -1.3815
v  -1.3137 1.1876 -1.3805
v  -1.3740 1.1609 -1.3764
v  -1.3433 1.1436 -1.3971
v  -1.3144 1.2109 -1.3812
v  -1.3487 1.1966 -1.3623
v  -1.3317 1.1465 -1.3381
v  -1.3080 1.1796 -1.3359
v  -1.4116 1.1210 -1.4007
v  -1.3832 1.1139 -1.4164
v  -1.4155 1.0862 -1.4429
v  -1.4419 1.0943 -1.4240
v  -1.4166 0.9700 -1.4893
v  -1.4133 0.9808 -1.5029
v  -1.4431 1.0230 -1.4951
v  -1.4633 1.0165 -1.4724
v  -1.4384 1.0592 -1.4714
v  -1.4627 1.0621 -1.4508
v  -1.4309 0.9528 -1.4754
v  -1.4532 0.9292 -1.4821
v  -1.4849 0.9865 -1.4725
v  -1.5062 0.9648 -1.4864
v  -1.5253 0.9473 -1.5136
v  -1.4706 0.9080 -1.5052
v  -1.4737 0.8934 -1.5375
v  -1.5440 0.9375 -1.5561
v  -1.4513 0.8971 -1.5680
v  -1.5095 0.9336 -1.5965
v  -1.5579 0.9641 -1.6305
v  -1.5926 0.9631 -1.5973
v  -1.5988 0.9875 -1.6640
v  -1.6295 0.9839 -1.6296
v  -1.6340 1.0030 -1.6906
v  -1.6618 0.9970 -1.6548
v  -1.6890 1.0057 -1.6747
v  -1.6638 1.0144 -1.7112
v  -1.6890 1.0238 -1.7277
v  -1.7116 1.0127 -1.6903
v  -1.7333 1.0175 -1.7040
v  -1.7127 1.0318 -1.7413
v  -1.7582 1.0202 -1.7173
v  -1.7381 1.0369 -1.7538
v  -1.7667 1.0391 -1.7673
v  -1.7868 1.0209 -1.7319
v  -1.8193 1.0202 -1.7487
v  -1.7988 1.0377 -1.7840
v  -1.8348 1.0330 -1.8030
v  -1.8551 1.0192 -1.7669
v  -1.8935 1.0215 -1.7843
v  -1.8749 1.0296 -1.8210
v  -1.9355 1.0290 -1.7960
v  -1.9206 1.0268 -1.8350
v  -1.4759 1.0877 -1.3554
v  -1.4691 1.1017 -1.3985
v  -1.4365 1.1163 -1.3847
v  -1.4181 1.1202 -1.3605
v  -1.3561 1.0316 -1.2947
v  -1.4151 1.0609 -1.3175
v  -1.3704 1.1062 -1.3294
v  -1.3109 1.0829 -1.3035
v  -1.2761 1.0080 -1.2315
v  -1.3107 1.0135 -1.2675
v  -1.2662 1.0665 -1.2727
v  -1.2304 1.0540 -1.2395
v  -1.2082 0.9913 -1.1601
v  -1.2428 1.0006 -1.1950
v  -1.1951 1.0420 -1.2063
v  -1.1601 1.0295 -1.1730
v  -1.0937 1.0027 -1.0976
v  -1.1266 1.0166 -1.1375
v  -1.1320 0.9712 -1.0916
v  -1.1718 0.9809 -1.1255
v  -1.4961 1.0764 -1.4284
v  -1.5323 1.0777 -1.3987
v  -1.5643 1.0570 -1.4366
v  -1.5184 1.0435 -1.4533
v  -1.5378 1.0177 -1.4694
v  -1.5553 0.9986 -1.4869
v  -1.5826 1.0356 -1.4614
v  -1.5959 1.0195 -1.4815
v  -1.6121 1.0095 -1.5040
v  -1.5738 0.9846 -1.5118
v  -1.5959 0.9798 -1.5412
v  -1.6312 1.0080 -1.5282
v  -1.6543 1.0095 -1.5504
v  -1.6259 0.9852 -1.5703
v  -1.6579 0.9944 -1.5969
v  -1.6791 1.0142 -1.5703
v  -1.7038 1.0211 -1.5869
v  -1.6858 1.0040 -1.6181
v  -1.7105 1.0123 -1.6352
v  -1.7280 1.0249 -1.6013
v  -1.7728 1.0243 -1.6287
v  -1.7539 1.0219 -1.6640
v  -1.7320 1.0185 -1.6501
v  -1.7504 1.0257 -1.6150
v  -1.8237 1.0161 -1.6599
v  -1.8065 1.0188 -1.6950
v  -1.7787 1.0218 -1.6788
v  -1.7971 1.0209 -1.6431
v  -1.8856 1.0103 -1.7038
v  -1.8714 1.0129 -1.7332
v  -1.8377 1.0147 -1.7136
v  -1.8537 1.0112 -1.6809
v  -1.9393 1.0157 -1.7434
v  -1.9411 1.0231 -1.7647
v  -1.9060 1.0149 -1.7527
v  -1.9172 1.0111 -1.7269
v  -1.9468 1.0042 -1.6945
v  -1.9313 1.0071 -1.7089
v  -1.8993 1.0043 -1.6806
v  -1.9150 1.0001 -1.6618
v  -1.9584 1.0165 -1.7368
v  -1.9770 1.0158 -1.7246
v  -1.7937 1.0077 -1.5913
v  -1.8124 0.9998 -1.5917
v  -1.8108 1.0124 -1.6146
v  -1.7871 1.0172 -1.6043
v  -1.8373 1.0081 -1.6285
v  -1.8465 0.9934 -1.5914
v  -1.8674 1.0057 -1.6520
v  -1.8834 0.9982 -1.6292
v  -1.7593 1.0083 -1.5632
v  -1.7798 1.0076 -1.5787
v  -1.7657 1.0203 -1.5919
v  -1.7446 1.0222 -1.5777
v  -1.7980 0.9988 -1.5697
v  -1.7759 1.0015 -1.5491
v  -1.7927 0.9981 -1.5347
v  -1.8156 0.9946 -1.5590
v  -1.7164 1.0017 -1.5322
v  -1.7379 1.0066 -1.5476
v  -1.7218 1.0197 -1.5636
v  -1.6991 1.0131 -1.5493
v  -1.7545 1.0007 -1.5302
v  -1.7339 0.9960 -1.5127
v  -1.7523 0.9922 -1.4933
v  -1.7718 0.9976 -1.5129
v  -1.6746 0.9909 -1.4986
v  -1.6955 0.9959 -1.5163
v  -1.6772 1.0070 -1.5330
v  -1.6561 1.0028 -1.5142
v  -1.6939 0.9817 -1.4776
v  -1.7139 0.9887 -1.4957
v  -1.7335 0.9835 -1.4747
v  -1.7145 0.9747 -1.4560
v  -1.6356 1.0018 -1.4925
v  -1.6174 1.0063 -1.4696
v  -1.6338 0.9876 -1.4555
v  -1.6534 0.9876 -1.4777
v  -1.6539 0.9722 -1.4368
v  -1.6734 0.9761 -1.4575
v  -1.6948 0.9675 -1.4361
v  -1.6754 0.9613 -1.4166
v  -1.6039 1.0165 -1.4478
v  -1.5873 1.0298 -1.4201
v  -1.5988 0.9934 -1.4108
v  -1.6175 0.9899 -1.4349
v  -1.6165 0.9645 -1.3974
v  -1.6578 0.9550 -1.3985
v  -1.6363 0.9682 -1.4180
v  -1.6384 0.9484 -1.3788
v  -1.5334 0.9894 -1.3458
v  -1.5701 0.9954 -1.3794
v  -1.5554 1.0394 -1.3821
v  -1.5095 1.0359 -1.3431
v  -1.5900 0.9602 -1.3715
v  -1.5593 0.9525 -1.3417
v  -1.5860 0.9334 -1.3254
v  -1.6143 0.9408 -1.3542
v  -1.4562 1.0127 -1.3136
v  -1.4042 0.9912 -1.2893
v  -1.4446 0.9573 -1.2817
v  -1.4893 0.9739 -1.3125
v  -1.5203 0.9451 -1.3037
v  -1.4799 0.9338 -1.2680
v  -1.5100 0.9234 -1.2467
v  -1.5484 0.9309 -1.2860
v  -1.3597 0.9731 -1.2618
v  -1.3219 0.9618 -1.2284
v  -1.3657 0.9250 -1.2204
v  -1.4035 0.9400 -1.2517
v  -1.4415 0.9196 -1.2344
v  -1.4057 0.9035 -1.2017
v  -1.4401 0.8937 -1.1763
v  -1.4738 0.9105 -1.2102
v  -1.2877 0.9552 -1.1906
v  -1.2536 0.9498 -1.1522
v  -1.2933 0.9017 -1.1524
v  -1.3297 0.9127 -1.1868
v  -1.3715 0.8868 -1.1696
v  -1.3369 0.8703 -1.1386
v  -1.3751 0.8584 -1.1128
v  -1.4079 0.8753 -1.1439
v  -1.2161 0.9448 -1.1146
v  -1.1723 0.9407 -1.0797
v  -1.2074 0.8946 -1.0692
v  -1.2546 0.8962 -1.1143
v  -1.3003 0.8572 -1.1082
v  -1.2641 0.8454 -1.0793
v  -1.3062 0.8295 -1.0587
v  -1.3409 0.8443 -1.0835
v  -1.0292 1.2674 -1.1301
v  -1.0282 1.2167 -1.1351
v  -0.9856 1.2264 -1.0893
v  -0.9876 1.2930 -1.0672
v  -0.9496 1.2706 -1.0302
v  -0.9555 1.2330 -1.0580
v  -0.9172 1.2302 -1.0145
v  -0.9371 1.1926 -1.0526
v  -1.2400 1.6483 -0.8798
v  -1.2327 1.6481 -0.8901
v  -1.2047 1.6278 -0.8665
v  -1.2127 1.6299 -0.8543
v  -1.2034 1.6191 -0.8829
v  -1.2296 1.6432 -0.9054
v  -1.0567 1.4983 -0.7533
v  -1.0649 1.5029 -0.7405
v  -1.0399 1.4669 -0.7162
v  -1.0287 1.4637 -0.7297
v  -1.0747 1.5034 -0.7297
v  -1.0519 1.4662 -0.7049
v  -1.0185 1.4213 -0.6940
v  -1.0346 1.4189 -0.6794
v  -1.0009 1.4208 -0.7088
v  -0.9484 1.3424 -0.9378
v  -0.9441 1.3125 -0.9829
v  -0.9766 1.3479 -1.0043
v  -0.9868 1.3785 -0.9573
v  -0.9076 1.2956 -0.9284
v  -0.9075 1.2670 -0.9711
v  -0.9316 1.3316 -0.8518
v  -0.9174 1.3148 -0.8887
v  -0.9630 1.3607 -0.8961
v  -0.9790 1.3771 -0.8584
v  -1.0051 1.3976 -0.9135
v  -1.0215 1.4147 -0.8759
v  -0.9538 1.3700 -0.7900
v  -0.9449 1.3495 -0.8187
v  -0.9892 1.3968 -0.8264
v  -0.9946 1.4182 -0.8003
v  -1.0314 1.4333 -0.8466
v  -1.0369 1.4499 -0.8242
v  -1.0388 1.4654 -0.8048
v  -1.0003 1.4357 -0.7793
v  -1.0080 1.4496 -0.7611
v  -1.0419 1.4790 -0.7862
v  -0.9696 1.4107 -0.7431
v  -0.9602 1.3918 -0.7650
v  -1.0489 1.4901 -0.7690
v  -1.0185 1.4575 -0.7453
v  -0.9846 1.4187 -0.7250
v  -1.0970 1.5304 -0.7880
v  -1.1013 1.5385 -0.7737
v  -1.1404 1.5724 -0.8090
v  -1.1382 1.5624 -0.8249
v  -1.1476 1.5775 -0.7949
v  -1.1094 1.5416 -0.7612
v  -1.1402 1.5075 -0.8952
v  -1.1274 1.4968 -0.9123
v  -1.1676 1.5248 -0.9484
v  -1.1830 1.5363 -0.9329
v  -1.1474 1.5116 -0.9691
v  -1.1075 1.4832 -0.9366
v  -1.1714 1.5353 -0.9986
v  -1.1906 1.5499 -0.9816
v  -1.2119 1.5705 -0.9737
v  -1.1818 1.6069 -0.8258
v  -1.1735 1.6032 -0.8399
v  -1.1723 1.5928 -0.8567
v  -1.1778 1.5788 -0.8752
v  -1.2088 1.6058 -0.9029
v  -1.1403 1.5500 -0.8422
v  -1.1432 1.5361 -0.8601
v  -1.1838 1.5642 -0.8948
v  -1.2144 1.5916 -0.9251
v  -1.0942 1.5198 -0.8041
v  -1.0922 1.5070 -0.8214
v  -1.1863 1.5506 -0.9145
v  -1.2157 1.5799 -0.9468
v  -1.1436 1.5220 -0.8779
v  -1.0768 1.4657 -0.8773
v  -1.0630 1.4501 -0.9040
v  -1.0857 1.4790 -0.8571
v  -1.0893 1.4935 -0.8392
v  -1.0430 1.3767 -1.1108
v  -1.0114 1.3422 -1.0875
v  -1.0473 1.3152 -1.1393
v  -1.0699 1.3556 -1.1565
v  -1.1743 1.5551 -1.0221
v  -1.1895 1.5696 -1.0108
v  -1.1710 1.5879 -1.0310
v  -1.1604 1.5724 -1.0379
v  -1.2014 1.5870 -1.0115
v  -1.1791 1.6057 -1.0339
v  -1.1649 1.5303 -1.1992
v  -1.1997 1.5322 -1.2379
v  -1.1982 1.5538 -1.2410
v  -1.1570 1.5512 -1.1986
v  -1.1592 1.5131 -1.1988
v  -1.1848 1.5134 -1.2412
v  -1.1566 1.5957 -1.2705
v  -1.1868 1.5798 -1.2505
v  -1.1450 1.5830 -1.2189
v  -1.1123 1.5992 -1.2387
v  -1.1139 1.6080 -1.2873
v  -1.0678 1.6125 -1.2523
v  -0.9770 1.6428 -1.2196
v  -1.0284 1.6214 -1.2155
v  -1.0036 1.6324 -1.1837
v  -0.9423 1.6578 -1.1731
v  -1.0476 1.6194 -1.1800
v  -1.0760 1.6083 -1.2080
v  -1.1078 1.5908 -1.1921
v  -1.0762 1.6033 -1.1657
v  -1.0920 1.5886 -1.1444
v  -1.1229 1.5719 -1.1690
v  -1.1013 1.5846 -1.1184
v  -1.1285 1.5653 -1.1351
v  -1.1308 1.5682 -1.0990
v  -1.1077 1.5885 -1.0928
v  -1.1493 1.5495 -1.1000
v  -1.1488 1.5464 -1.1455
v  -1.1349 1.5770 -1.0691
v  -1.1518 1.5581 -1.0623
v  -1.1146 1.5972 -1.0712
v  -1.1410 1.5908 -1.0489
v  -1.1218 1.6103 -1.0577
v  -1.1490 1.6072 -1.0436
v  -1.1563 1.6261 -1.0491
v  -1.1286 1.6256 -1.0565
v  -1.1334 1.6430 -1.0655
v  -1.1360 1.6649 -1.0816
v  -1.1103 1.6873 -1.0815
v  -1.1089 1.6614 -1.0704
v  -1.0874 1.6802 -1.0542
v  -1.0904 1.7124 -1.0613
v  -1.1088 1.6431 -1.0652
v  -1.1056 1.6290 -1.0634
v  -1.0919 1.6411 -1.0610
v  -1.0889 1.6565 -1.0571
v  -1.0948 1.4168 -1.1533
v  -1.0711 1.4004 -1.1336
v  -1.0920 1.3849 -1.1734
v  -1.1130 1.4048 -1.1872
v  -1.0021 1.3834 -1.0319
v  -1.0223 1.4139 -0.9849
v  -1.0387 1.4112 -1.0633
v  -1.0629 1.4504 -1.0216
v  -1.0440 1.4334 -0.9406
v  -1.0849 1.4680 -0.9728
v  -1.0884 1.4503 -1.0999
v  -1.0770 1.4527 -1.0710
v  -1.0660 1.4260 -1.0945
v  -1.0876 1.4351 -1.1208
v  -1.1247 1.4969 -1.0043
v  -1.1522 1.5204 -1.0322
v  -1.1064 1.4835 -1.0445
v  -1.1394 1.5062 -1.0831
v  -1.1553 1.5302 -1.0942
v  -1.1552 1.5280 -1.1461
v  -1.1484 1.5099 -1.1457
v  -1.1595 1.5408 -1.0510
v  -1.1595 1.4962 -1.2392
v  -1.1402 1.4735 -1.2313
v  -1.1460 1.4951 -1.1974
v  -1.1340 1.4760 -1.1946
v  -1.1262 1.4587 -1.1911
v  -1.1304 1.4517 -1.2234
v  -1.1272 1.4331 -1.2138
v  -1.1210 1.4435 -1.1808
v  -1.1252 1.4192 -1.2005
v  -1.1117 1.4301 -1.1682
v  -1.1187 1.4556 -1.1537
v  -1.1251 1.4634 -1.1674
v  -1.1296 1.4761 -1.1605
v  -1.1208 1.4705 -1.1324
v  -1.1057 1.4455 -1.1393
v  -1.1034 1.4610 -1.1108
v  -1.1013 1.4726 -1.0799
v  -1.1256 1.4863 -1.1104
v  -1.1374 1.4929 -1.1521
v  -0.8987 1.8572 -1.2270
v  -0.9086 1.8113 -1.2602
v  -0.8689 1.8236 -1.2241
v  -0.8610 1.8705 -1.1957
v  -0.9258 1.9118 -1.1445
v  -0.9061 1.8954 -1.1881
v  -0.8707 1.9122 -1.1601
v  -0.8912 1.9349 -1.1196
v  -0.9271 1.9041 -1.0471
v  -0.9147 1.9301 -1.0814
v  -0.9490 1.9002 -1.1045
v  -0.9618 1.8678 -1.0710
v  -0.9393 1.8591 -0.9888
v  -0.9350 1.8813 -1.0168
v  -0.9733 1.8442 -1.0399
v  -0.9810 1.8204 -1.0118
v  -1.0859 1.6079 -1.0810
v  -1.0637 1.6298 -1.0646
v  -1.0799 1.6367 -1.0609
v  -1.0967 1.6168 -1.0691
v  -1.0324 1.6215 -1.0924
v  -1.0476 1.6224 -1.0751
v  -1.0746 1.6018 -1.0985
v  -1.0624 1.6037 -1.1192
v  -1.0110 1.7013 -1.0202
v  -1.0202 1.7502 -1.0179
v  -1.0592 1.7297 -1.0405
v  -1.0563 1.6909 -1.0385
v  -1.0399 1.6585 -1.0448
v  -1.0647 1.6608 -1.0487
v  -0.9097 1.7971 -0.9620
v  -0.9295 1.8280 -0.9678
v  -0.9753 1.7840 -0.9922
v  -0.9578 1.7486 -0.9887
v  -1.0271 1.6295 -1.1563
v  -1.0480 1.6163 -1.1399
v  -1.0189 1.6315 -1.1129
v  -1.0000 1.6436 -1.1326
v  -1.0183 1.6504 -1.0490
v  -0.9831 1.6854 -1.0214
v  -0.9999 1.6455 -1.0625
v  -0.9629 1.6767 -1.0323
v  -0.9191 1.7153 -1.0040
v  -0.9383 1.7267 -0.9927
v  -0.8724 1.7605 -0.9782
v  -0.8903 1.7748 -0.9656
v  -0.9989 1.6386 -1.1641
v  -0.9696 1.6517 -1.1484
v  -0.9859 1.6522 -1.0824
v  -0.9677 1.6633 -1.1030
v  -0.9486 1.6801 -1.0517
v  -0.9310 1.6897 -1.0722
v  -0.8902 1.7225 -1.0450
v  -0.9063 1.7160 -1.0243
v  -0.8627 1.7590 -1.0003
v  -0.8494 1.7625 -1.0208
v  -0.8623 1.7393 -1.1873
v  -0.8982 1.7170 -1.2262
v  -0.8736 1.7535 -1.2221
v  -0.8447 1.7779 -1.1869
v  -0.8532 1.7921 -1.2120
v  -0.8344 1.8034 -1.1895
v  -0.9340 1.6791 -1.2240
v  -0.8952 1.6985 -1.1826
v  -0.8953 1.6869 -1.1368
v  -0.9355 1.6724 -1.1213
v  -0.8987 1.6993 -1.0903
v  -0.8594 1.7160 -1.1062
v  -0.8265 1.7503 -1.0791
v  -0.8597 1.7301 -1.0625
v  -0.8242 1.7706 -1.0374
v  -0.7999 1.7933 -1.0540
v  -0.8293 1.8849 -1.1606
v  -0.8373 1.8382 -1.1898
v  -0.8143 1.8398 -1.1690
v  -0.7941 1.8995 -1.1348
v  -0.8309 1.7678 -1.1561
v  -0.8595 1.7235 -1.1490
v  -0.8273 1.7536 -1.1200
v  -0.8055 1.8014 -1.1286
v  -0.8171 1.8122 -1.1585
v  -0.7958 1.8506 -1.1315
v  -0.7862 1.8377 -1.1012
v  -0.7997 1.7887 -1.0931
v  -0.7810 1.8302 -1.0668
v  -0.7720 1.8750 -1.0739
v  -0.7780 1.9324 -1.0968
v  -0.7814 1.8854 -1.1027
v  -0.7685 1.9175 -1.0738
v  -0.7629 1.9596 -1.0686
v  -0.8569 1.9638 -1.0939
v  -0.8369 1.9319 -1.1290
v  -0.8063 1.9600 -1.1049
v  -0.8261 1.9955 -1.0709
v  -0.8799 1.9672 -1.0593
v  -0.8942 1.9493 -1.0262
v  -0.8604 1.9908 -1.0077
v  -0.8462 2.0028 -1.0381
v  -0.8000 2.0197 -1.0497
v  -0.7841 1.9832 -1.0793
v  -0.7641 2.0065 -1.0545
v  -0.7758 2.0402 -1.0283
v  -0.8995 1.9271 -0.9970
v  -0.9011 1.9055 -0.9700
v  -0.8665 1.9508 -0.9556
v  -0.8661 1.9712 -0.9806
v  -0.8308 2.0218 -0.9913
v  -0.8175 2.0299 -1.0195
v  -0.8051 2.0449 -0.9768
v  -0.7918 2.0510 -1.0019
v  -0.8878 1.8786 -0.9493
v  -0.8657 1.8520 -0.9427
v  -0.8280 1.9049 -0.9317
v  -0.8508 1.9273 -0.9374
v  -0.8099 2.0146 -0.9363
v  -0.8123 2.0321 -0.9543
v  -0.8377 2.0057 -0.9663
v  -0.8368 1.9866 -0.9443
v  -0.7932 1.8701 -0.9488
v  -0.8079 1.8858 -0.9355
v  -0.8459 1.8308 -0.9459
v  -0.8290 1.8148 -0.9580
v  -0.7937 1.8472 -0.9868
v  -0.7914 1.8597 -0.9695
v  -0.8236 1.8103 -0.9807
v  -0.8145 1.8109 -0.9996
v  -0.8208 1.9657 -0.9303
v  -0.7992 1.9463 -0.9259
v  -0.7757 1.9793 -0.9223
v  -0.7954 1.9963 -0.9255
v  -0.7808 1.8451 -1.0288
v  -0.7965 1.8217 -1.0147
v  -0.7786 1.8689 -0.9932
v  -0.7666 1.8923 -1.0044
v  -0.7781 1.9294 -0.9310
v  -0.7656 1.9139 -0.9489
v  -0.7431 1.9531 -0.9580
v  -0.7544 1.9646 -0.9301
v  -0.7555 1.9229 -0.9809
v  -0.7687 1.8976 -0.9712
v  -0.7608 1.9118 -1.0463
v  -0.7684 1.8759 -1.0399
v  -0.7578 1.9139 -1.0151
v  -0.7492 1.9405 -1.0185
v  -0.7449 1.9867 -1.0402
v  -0.7546 1.9486 -1.0456
v  -0.7404 1.9727 -1.0164
v  -0.7283 2.0073 -1.0101
v  -0.7413 1.9554 -0.9887
v  -0.7500 1.9345 -0.9937
v  -0.7162 2.0158 -0.9780
v  -0.7294 1.9838 -0.9838
v  -0.7261 1.9889 -0.9530
v  -0.7119 2.0184 -0.9489
v  -0.7348 1.9951 -0.9290
v  -0.7189 2.0223 -0.9277
v  -0.7351 2.0313 -0.9195
v  -0.7540 2.0071 -0.9201
v  -0.7006 2.0458 -0.9462
v  -0.7059 2.0476 -0.9285
v  -0.6955 2.0633 -0.9458
v  -0.6983 2.0697 -0.9311
v  -0.7108 2.0688 -0.9231
v  -0.7194 2.0540 -0.9207
v  -0.7715 2.0216 -0.9218
v  -0.7501 2.0435 -0.9201
v  -0.7846 2.0374 -0.9301
v  -0.7619 2.0568 -0.9268
v  -0.7667 2.0679 -0.9406
v  -0.7883 2.0517 -0.9451
v  -0.7825 2.0623 -0.9636
v  -0.7673 2.0727 -0.9551
v  -0.7050 2.0479 -0.9709
v  -0.7189 2.0459 -1.0002
v  -0.7239 2.0809 -0.9760
v  -0.7011 2.0747 -0.9594
v  -0.7505 2.0608 -1.0048
v  -0.7406 2.0303 -1.0285
v  -0.7505 2.0822 -0.9639
v  -0.7678 2.0691 -0.9834
v  -0.7452 2.0839 -0.9435
v  -0.7412 2.0747 -0.9280
v  -0.7276 2.0859 -0.9316
v  -0.7236 2.0921 -0.9470
v  -0.7048 2.0888 -0.9401
v  -0.7170 2.0801 -0.9256
v  -0.7315 2.0636 -0.9212
v  -1.4150 1.7480 -1.2303
v  -1.4394 1.7542 -1.2023
v  -1.4181 1.7455 -1.1863
v  -1.3938 1.7464 -1.2182
v  -1.4297 1.7637 -1.1677
v  -1.4497 1.7722 -1.1841
v  -1.3931 1.7404 -1.1382
v  -1.4113 1.7525 -1.1524
v  -1.4072 1.7366 -1.1664
v  -1.3913 1.7245 -1.1545
v  -1.3133 1.7497 -1.2726
v  -1.3438 1.7421 -1.2408
v  -1.3210 1.7381 -1.2319
v  -1.2916 1.7467 -1.2613
v  -1.3690 1.7404 -1.2129
v  -1.3872 1.7356 -1.1921
v  -1.3619 1.7251 -1.1921
v  -1.3435 1.7325 -1.2094
v  -1.3777 1.7200 -1.1737
v  -1.3937 1.7308 -1.1774
v  -1.2693 1.7444 -1.2474
v  -1.2985 1.7347 -1.2198
v  -1.2772 1.7325 -1.2041
v  -1.2480 1.7433 -1.2304
v  -1.3759 1.7275 -1.1238
v  -1.3594 1.7147 -1.1078
v  -1.3559 1.6995 -1.1279
v  -1.3740 1.7120 -1.1423
v  -1.3200 1.7244 -1.2014
v  -1.3385 1.7147 -1.1861
v  -1.3166 1.7035 -1.1755
v  -1.2979 1.7165 -1.1892
v  -1.3393 1.6944 -1.1540
v  -1.3590 1.7079 -1.1658
v  -1.2575 1.7287 -1.1849
v  -1.2287 1.7425 -1.2098
v  -1.2375 1.7185 -1.1661
v  -1.2111 1.7402 -1.1854
v  -1.3425 1.7032 -1.0887
v  -1.3240 1.6931 -1.0674
v  -1.3200 1.6753 -1.0889
v  -1.3383 1.6872 -1.1099
v  -1.2960 1.6892 -1.1624
v  -1.2769 1.7058 -1.1750
v  -1.2555 1.6902 -1.1601
v  -1.2759 1.6710 -1.1468
v  -1.3209 1.6790 -1.1391
v  -1.3029 1.6616 -1.1205
v  -1.1937 1.7319 -1.1591
v  -1.1793 1.7153 -1.1341
v  -1.2165 1.7028 -1.1465
v  -1.2002 1.6852 -1.1236
v  -1.2562 1.6544 -1.1259
v  -1.2343 1.6729 -1.1414
v  -1.2184 1.6583 -1.1168
v  -1.2404 1.6444 -1.1013
v  -1.1946 1.6426 -1.0667
v  -1.1858 1.6262 -1.0453
v  -1.1621 1.6462 -1.0651
v  -1.1664 1.6681 -1.0861
v  -1.1927 1.6652 -1.0987
v  -1.1710 1.6926 -1.1093
v  -1.2321 1.6390 -1.0790
v  -1.2122 1.6465 -1.0913
v  -1.2159 1.6373 -1.0654
v  -1.2298 1.6358 -1.0636
v  -1.3027 1.6835 -1.0450
v  -1.2821 1.6729 -1.0247
v  -1.2789 1.6586 -1.0458
v  -1.2989 1.6660 -1.0661
v  -1.2831 1.6484 -1.0974
v  -1.2652 1.6421 -1.0751
v  -1.2108 1.6081 -1.0222
v  -1.2199 1.6241 -1.0350
v  -1.2374 1.6227 -1.0080
v  -1.2275 1.6024 -0.9937
v  -1.2353 1.6184 -0.9500
v  -1.2332 1.6312 -0.9265
v  -1.2514 1.6560 -0.9471
v  -1.2514 1.6438 -0.9747
v  -1.2310 1.6302 -1.0406
v  -1.2425 1.6347 -1.0457
v  -1.2532 1.6412 -1.0218
v  -1.2454 1.6333 -1.0168
v  -1.2443 1.6286 -0.9878
v  -1.2336 1.6080 -0.9707
v  -1.2496 1.6372 -1.0000
v  -1.2553 1.6460 -1.0010
v  -1.2660 1.6680 -0.9885
v  -1.2660 1.6593 -1.0098
v  -1.2638 1.6502 -1.0314
v  -1.2667 1.6798 -0.9656
v  -1.2521 1.6387 -1.0573
v  -2.2243 0.9889 -2.0487
v  -2.2527 0.9855 -2.0493
v  -2.2398 0.9740 -2.0312
v  -2.2221 0.9782 -2.0348
v  -2.2566 0.9719 -2.0217
v  -2.2743 0.9831 -2.0388
v  -2.1915 0.9925 -2.0386
v  -2.1557 0.9987 -2.0199
v  -2.1710 0.9880 -1.9977
v  -2.2020 0.9797 -2.0209
v  -2.2173 0.9728 -2.0088
v  -2.1881 0.9832 -1.9812
v  -2.2049 0.9808 -1.9666
v  -2.2330 0.9693 -1.9972
v  -2.0838 1.0256 -1.9628
v  -2.1193 1.0110 -1.9925
v  -2.1354 1.0031 -1.9676
v  -2.0967 1.0173 -1.9368
v  -2.0474 1.0316 -1.9390
v  -2.0565 1.0185 -1.9116
v  -2.0249 1.0177 -1.8497
v  -2.0708 1.0142 -1.8760
v  -2.0437 1.0403 -1.7912
v  -2.0920 1.0171 -1.8450
v  -2.1338 1.0127 -1.8886
v  -2.1134 1.0141 -1.9116
v  -1.9731 1.0240 -1.8407
v  -1.9822 1.0381 -1.7981
v  -2.0043 1.0329 -1.7509
v  -1.9759 1.0320 -1.7640
v  -2.1534 1.0007 -1.9479
v  -2.1724 0.9999 -1.9303
v  -2.0225 1.5333 -1.3298
v  -2.0325 1.5166 -1.3328
v  -2.0291 1.5118 -1.3094
v  -2.0220 1.5294 -1.3066
v  -2.0412 1.4975 -1.3341
v  -2.0349 1.4915 -1.3116
v  -2.0261 1.4901 -1.2878
v  -2.0212 1.5079 -1.2872
v  -2.0157 1.5251 -1.2858
v  -1.9976 1.5171 -1.2546
v  -2.0062 1.5207 -1.2675
v  -2.0096 1.5052 -1.2670
v  -1.9944 1.5056 -1.2505
v  -2.0118 1.4902 -1.2650
v  -1.9899 1.4895 -1.2475
v  -2.0259 1.5699 -1.3162
v  -2.0189 1.5530 -1.3232
v  -2.0184 1.5484 -1.3025
v  -2.0231 1.5651 -1.2963
v  -2.0123 1.5427 -1.2831
v  -2.0143 1.5584 -1.2771
v  -1.9911 1.5253 -1.2475
v  -2.0024 1.5355 -1.2641
v  -2.0003 1.5488 -1.2574
v  -1.9839 1.5358 -1.2393
v  -1.9796 1.5114 -1.2363
v  -1.9677 1.5197 -1.2246
v  -1.9668 1.4946 -1.2319
v  -1.9501 1.5037 -1.2155
v  -2.0429 1.5035 -1.3558
v  -2.0657 1.5001 -1.3534
v  -2.0644 1.4919 -1.3284
v  -2.0595 1.5093 -1.3757
v  -2.0435 1.5107 -1.3707
v  -2.0882 1.5059 -1.3832
v  -2.0928 1.4977 -1.3486
v  -2.0926 1.4873 -1.3194
v  -2.0575 1.4843 -1.3032
v  -2.0450 1.4806 -1.2777
v  -2.0848 1.4763 -1.2915
v  -2.0693 1.4691 -1.2640
v  -2.0244 1.4771 -1.2547
v  -2.0444 1.4634 -1.2384
v  -2.0122 1.4589 -1.2179
v  -1.9975 1.4750 -1.2356
v  -1.9665 1.4778 -1.2202
v  -1.9401 1.4859 -1.2073
v  -1.9779 1.4609 -1.1998
v  -1.9389 1.4662 -1.1843
v  -2.0159 1.5628 -1.2326
v  -2.0361 1.5739 -1.2551
v  -2.0233 1.5691 -1.2667
v  -2.0047 1.5601 -1.2461
v  -1.9838 1.5462 -1.2276
v  -1.9923 1.5488 -1.2130
v  -1.9448 1.5124 -1.2000
v  -1.9638 1.5286 -1.2121
v  -1.9450 1.5216 -1.1853
v  -1.9681 1.5339 -1.1964
v  -1.9174 1.4852 -1.1841
v  -1.9302 1.4985 -1.1930
v  -1.9138 1.5028 -1.1703
v  -1.9286 1.5117 -1.1779
v  -1.8989 1.4735 -1.1699
v  -1.8948 1.4939 -1.1595
v  -1.9137 1.4531 -1.1581
v  -1.8762 1.4662 -1.1515
v  -1.8877 1.4467 -1.1359
v  -1.8718 1.4864 -1.1470
v  -1.8442 1.4607 -1.1399
v  -1.8421 1.4815 -1.1382
v  -1.8533 1.4414 -1.1208
v  -1.8134 1.4367 -1.1115
v  -1.8061 1.4570 -1.1362
v  -1.8079 1.4815 -1.1352
v  -1.7405 1.4996 -1.1123
v  -1.7729 1.4890 -1.1297
v  -1.7650 1.4601 -1.1314
v  -1.7271 1.4702 -1.1154
v  -1.7718 1.4383 -1.1016
v  -1.7354 1.4474 -1.0838
v  -2.1363 1.5181 -1.4319
v  -2.1538 1.5142 -1.4207
v  -2.1396 1.5097 -1.3933
v  -2.1134 1.5123 -1.4080
v  -2.1691 1.5059 -1.4158
v  -2.1641 1.5021 -1.3865
v  -2.1282 1.4997 -1.3675
v  -2.1593 1.4924 -1.3586
v  -2.1269 1.4894 -1.3385
v  -2.1263 1.4774 -1.3077
v  -2.1593 1.4792 -1.3304
v  -2.1565 1.4613 -1.3016
v  -2.1160 1.4611 -1.2790
v  -2.0954 1.4458 -1.2520
v  -2.1433 1.4401 -1.2724
v  -2.1191 1.4207 -1.2434
v  -2.0646 1.4351 -1.2256
v  -2.0828 1.4067 -1.2152
v  -2.0447 1.3987 -1.1865
v  -2.0298 1.4303 -1.1998
v  -1.9969 1.4322 -1.1749
v  -2.0122 1.3958 -1.1586
v  -1.9830 1.3939 -1.1312
v  -1.9657 1.4327 -1.1516
v  -1.9371 1.4262 -1.1271
v  -1.9084 1.4205 -1.1009
v  -1.9551 1.3891 -1.1020
v  -1.9258 1.3847 -1.0718
v  -1.8726 1.4170 -1.0794
v  -1.8324 1.4143 -1.0627
v  -1.8902 1.3826 -1.0436
v  -1.8502 1.3820 -1.0193
v  -1.7920 1.4183 -1.0464
v  -1.8096 1.3856 -0.9976
v  -1.7566 1.4294 -1.0248
v  -1.7708 1.3928 -0.9735
v  -2.1802 1.4978 -1.4176
v  -2.1788 1.4894 -1.3898
v  -2.1821 1.4766 -1.4013
v  -2.1831 1.4884 -1.4251
v  -2.1792 1.4621 -1.3788
v  -2.1774 1.4775 -1.3632
v  -2.1769 1.4615 -1.3372
v  -2.1755 1.4442 -1.3570
v  -2.1719 1.4200 -1.3302
v  -2.1736 1.4421 -1.3088
v  -2.1342 1.3722 -1.2646
v  -2.1343 1.3952 -1.2440
v  -2.1607 1.4182 -1.2766
v  -2.1623 1.3993 -1.2914
v  -2.1608 1.3891 -1.3021
v  -2.1491 1.3723 -1.2980
v  -2.1619 1.3939 -1.3268
v  -2.1554 1.3756 -1.3207
v  -2.0476 1.3498 -1.1936
v  -2.0515 1.3709 -1.1831
v  -2.0938 1.3799 -1.2128
v  -2.0898 1.3585 -1.2265
v  -2.0159 1.3663 -1.1561
v  -1.9866 1.3629 -1.1273
v  -2.0111 1.3458 -1.1652
v  -1.9808 1.3419 -1.1359
v  -1.9601 1.3583 -1.0957
v  -1.9328 1.3544 -1.0618
v  -1.9542 1.3367 -1.1038
v  -1.9271 1.3314 -1.0700
v  -1.8545 1.3290 -1.0085
v  -1.8593 1.3535 -1.0003
v  -1.8993 1.3528 -1.0282
v  -1.8937 1.3282 -1.0368
v  -1.9837 1.5726 -1.1931
v  -1.9914 1.5596 -1.2013
v  -1.9627 1.5480 -1.1871
v  -1.9561 1.5622 -1.1795
v  -1.9367 1.5387 -1.1783
v  -1.9307 1.5561 -1.1700
v  -1.9777 1.5789 -1.1598
v  -1.9794 1.5783 -1.1758
v  -1.9573 1.5691 -1.1631
v  -1.9640 1.5733 -1.1460
v  -1.9369 1.5629 -1.1507
v  -1.9474 1.5684 -1.1301
v  -1.9179 1.5320 -1.1722
v  -1.9106 1.5537 -1.1638
v  -1.9025 1.5256 -1.1645
v  -1.8938 1.5497 -1.1564
v  -1.9203 1.5591 -1.1405
v  -1.9338 1.5637 -1.1162
v  -1.9057 1.5558 -1.1300
v  -1.9216 1.5587 -1.1024
v  -1.9670 1.5955 -1.0951
v  -1.9570 1.5801 -1.1127
v  -1.9435 1.5765 -1.0952
v  -1.9531 1.5927 -1.0735
v  -1.9312 1.5731 -1.0790
v  -1.9394 1.5920 -1.0553
v  -1.8857 1.5172 -1.1538
v  -1.8788 1.5413 -1.1446
v  -1.8659 1.5097 -1.1423
v  -1.8636 1.5336 -1.1322
v  -1.8941 1.5518 -1.0703
v  -1.9055 1.5688 -1.0418
v  -1.9184 1.5706 -1.0613
v  -1.9079 1.5552 -1.0872
v  -1.9263 1.5915 -1.0360
v  -1.9135 1.5915 -1.0152
v  -1.8907 1.5515 -1.1175
v  -1.8764 1.5461 -1.1038
v  -1.8406 1.5060 -1.1340
v  -1.8444 1.5301 -1.1211
v  -1.8122 1.5086 -1.1287
v  -1.8231 1.5325 -1.1098
v  -1.7849 1.5176 -1.1186
v  -1.8047 1.5367 -1.0920
v  -1.7586 1.5282 -1.0984
v  -1.7852 1.5436 -1.0686
v  -1.8609 1.5408 -1.0889
v  -1.8801 1.5501 -1.0518
v  -1.8446 1.5399 -1.0728
v  -1.8665 1.5505 -1.0325
v  -1.8927 1.5685 -1.0205
v  -1.9002 1.5927 -0.9929
v  -1.8803 1.5697 -0.9989
v  -1.8878 1.5945 -0.9701
v  -1.8303 1.5410 -1.0535
v  -1.8548 1.5498 -1.0124
v  -1.8144 1.5448 -1.0304
v  -1.8411 1.5510 -0.9906
v  -1.8692 1.5708 -0.9783
v  -1.8774 1.5958 -0.9484
v  -1.8565 1.5721 -0.9568
v  -1.8655 1.5973 -0.9262
v  -1.7936 1.5522 -1.0031
v  -1.8231 1.5539 -0.9656
v  -1.7614 1.5542 -1.0393
v  -1.7356 1.5605 -1.0041
v  -1.7697 1.5568 -0.9703
v  -1.8012 1.5547 -0.9350
v  -1.8404 1.5730 -0.9325
v  -1.8493 1.5985 -0.9019
v  -1.8203 1.5708 -0.9019
v  -1.8295 1.5959 -0.8707
v  -1.7945 1.5649 -0.8619
v  -1.8041 1.5897 -0.8296
v  -1.7755 1.5492 -0.8955
v  -1.7479 1.5447 -0.8539
v  -1.7639 1.5630 -0.8196
v  -1.7717 1.5893 -0.7870
v  -1.6947 1.5462 -0.7769
v  -1.7068 1.5680 -0.7366
v  -1.7359 1.5637 -0.7793
v  -1.7219 1.5442 -0.8164
v  -1.7435 1.5900 -0.7439
v  -1.7133 1.5956 -0.6987
v  -1.6741 1.5745 -0.6861
v  -1.6822 1.6015 -0.6440
v  -1.6624 1.5515 -0.7295
v  -1.6262 1.5596 -0.6801
v  -1.6370 1.5863 -0.6350
v  -1.6447 1.6148 -0.5922
v  -2.1453 1.3652 -1.3395
v  -2.1326 1.3589 -1.3113
v  -2.1116 1.3489 -1.3327
v  -2.1244 1.3542 -1.3656
v  -2.0919 1.3506 -1.2983
v  -2.1110 1.3581 -1.2792
v  -2.0766 1.3513 -1.2449
v  -2.0615 1.3484 -1.2636
v  -2.0288 1.3366 -1.2293
v  -2.0394 1.3399 -1.2101
v  -2.0051 1.3344 -1.1788
v  -1.9974 1.3285 -1.1965
v  -1.9667 1.3233 -1.1647
v  -1.9740 1.3303 -1.1487
v  -1.9454 1.3253 -1.1174
v  -1.9364 1.3191 -1.1337
v  -1.9043 1.3150 -1.1037
v  -1.9157 1.3202 -1.0857
v  -1.9576 1.3217 -1.1839
v  -1.9270 1.3178 -1.1522
v  -1.9209 1.3061 -1.1699
v  -1.9495 1.3133 -1.2039
v  -1.8906 1.2983 -1.1361
v  -1.8943 1.3134 -1.1219
v  -1.9883 1.6394 -1.0475
v  -1.9804 1.6116 -1.0727
v  -1.9674 1.6091 -1.0460
v  -1.9772 1.6384 -1.0153
v  -1.9507 1.6121 -1.0261
v  -1.9571 1.6421 -0.9940
v  -1.9369 1.6132 -1.0060
v  -1.9442 1.6422 -0.9721
v  -1.9246 1.6130 -0.9846
v  -1.9334 1.6407 -0.9500
v  -1.9095 1.6154 -0.9631
v  -1.9149 1.6433 -0.9307
v  -1.8965 1.6168 -0.9403
v  -1.9011 1.6443 -0.9090
v  -1.8873 1.6175 -0.9180
v  -1.8937 1.6446 -0.8862
v  -1.8752 1.6193 -0.8956
v  -1.8810 1.6459 -0.8631
v  -1.8572 1.6220 -0.8710
v  -1.8586 1.6496 -0.8389
v  -1.8361 1.6206 -0.8384
v  -1.8370 1.6494 -0.8037
v  -1.8092 1.6170 -0.7960
v  -1.8067 1.6498 -0.7615
v  -1.7775 1.6161 -0.7507
v  -1.7765 1.6503 -0.7132
v  -1.7493 1.6170 -0.7046
v  -1.7438 1.6555 -0.6683
v  -1.7151 1.6260 -0.6603
v  -1.7073 1.6650 -0.6248
v  -1.6804 1.6356 -0.6079
v  -1.6684 1.6764 -0.5775
v  -1.6443 1.6482 -0.5570
v  -1.6333 1.6889 -0.5306
v  -2.0285 1.7363 -1.0821
v  -2.0461 1.6830 -1.0943
v  -2.0128 1.6837 -1.0542
v  -1.9926 1.7359 -1.0375
v  -2.0109 1.6382 -1.0803
v  -2.0385 1.6379 -1.1175
v  -1.9843 1.6853 -1.0199
v  -1.9598 1.7348 -1.0015
v  -1.9727 1.6880 -0.9845
v  -1.9435 1.7397 -0.9660
v  -1.9526 1.6890 -0.9604
v  -1.9258 1.7381 -0.9383
v  -1.9392 1.6877 -0.9370
v  -1.9142 1.7358 -0.9123
v  -1.9298 1.6855 -0.9134
v  -1.9066 1.7347 -0.8869
v  -1.9089 1.6846 -0.8968
v  -1.8887 1.7296 -0.8693
v  -1.8940 1.6848 -0.8773
v  -1.8730 1.7286 -0.8522
v  -1.8852 1.6867 -0.8549
v  -1.8607 1.7306 -0.8313
v  -1.8730 1.6884 -0.8295
v  -1.8476 1.7338 -0.8050
v  -1.8462 1.6900 -0.8061
v  -1.8199 1.7318 -0.7806
v  -1.8239 1.6920 -0.7690
v  -1.7931 1.7356 -0.7465
v  -1.7909 1.6947 -0.7282
v  -1.7594 1.7398 -0.7066
v  -1.7611 1.6993 -0.6791
v  -1.7260 1.7475 -0.6611
v  -1.7227 1.7060 -0.6374
v  -1.6878 1.7533 -0.6186
v  -1.6901 1.7152 -0.5912
v  -1.6577 1.7648 -0.5729
v  -1.9807 1.8053 -1.2039
v  -2.0490 1.7828 -1.1956
v  -2.0194 1.7849 -1.1362
v  -1.9512 1.8020 -1.1479
v  -2.0714 1.7406 -1.1307
v  -2.0991 1.7382 -1.1901
v  -1.9793 1.7762 -1.0845
v  -1.9167 1.7902 -1.0957
v  -1.9437 1.7748 -1.0378
v  -1.8839 1.7850 -1.0493
v  -1.9120 1.7701 -0.9996
v  -1.8563 1.7793 -1.0090
v  -1.8937 1.7738 -0.9646
v  -1.8388 1.7815 -0.9734
v  -1.8794 1.7727 -0.9344
v  -1.8260 1.7822 -0.9426
v  -1.8681 1.7717 -0.9071
v  -1.8136 1.7829 -0.9159
v  -1.8583 1.7728 -0.8817
v  -1.8011 1.7827 -0.8923
v  -1.8446 1.7697 -0.8614
v  -1.7883 1.7801 -0.8717
v  -1.8297 1.7666 -0.8446
v  -1.7753 1.7777 -0.8521
v  -1.8156 1.7652 -0.8245
v  -1.7617 1.7774 -0.8306
v  -1.7998 1.7664 -0.7997
v  -1.7454 1.7761 -0.8068
v  -1.7756 1.7629 -0.7740
v  -1.7246 1.7744 -0.7804
v  -1.7482 1.7669 -0.7419
v  -1.6983 1.7791 -0.7501
v  -1.7155 1.7737 -0.7030
v  -1.6653 1.7865 -0.7140
v  -1.6813 1.7836 -0.6600
v  -1.6304 1.7963 -0.6739
v  -1.6470 1.7920 -0.6168
v  -1.5987 1.8085 -0.6316
v  -1.6172 1.8049 -0.5735
v  -1.5707 1.8232 -0.5891
v  -2.1207 1.5234 -1.4469
v  -2.0924 1.5217 -1.4248
v  -2.0831 1.5373 -1.4409
v  -2.1124 1.5342 -1.4613
v  -2.0649 1.5219 -1.4066
v  -2.0504 1.5444 -1.4202
v  -2.0277 1.5193 -1.3566
v  -2.0291 1.5216 -1.3780
v  -2.0144 1.5362 -1.3548
v  -2.0128 1.5433 -1.3833
v  -2.0113 1.5573 -1.3460
v  -2.0232 1.5735 -1.3379
v  -2.0217 1.5747 -1.3542
v  -2.0100 1.5654 -1.3671
v  -2.0338 1.5801 -1.3566
v  -2.0270 1.5719 -1.3750
v  -2.0457 1.5784 -1.3762
v  -2.0501 1.5867 -1.3587
v  -2.0409 1.5712 -1.3923
v  -2.0231 1.5615 -1.3899
v  -2.0437 1.5234 -1.3923
v  -2.0301 1.5407 -1.4003
v  -2.0421 1.5617 -1.4080
v  -2.0278 1.5536 -1.4008
v  -2.1391 1.6268 -1.6402
v  -2.1550 1.6206 -1.6301
v  -2.1430 1.6195 -1.6106
v  -2.1235 1.6242 -1.6198
v  -2.1579 1.6115 -1.6063
v  -2.1675 1.6116 -1.6260
v  -2.1487 1.6141 -1.5866
v  -2.1318 1.6220 -1.5911
v  -2.1088 1.6265 -1.5996
v  -2.1226 1.6254 -1.5716
v  -2.0965 1.6303 -1.5800
v  -2.1409 1.6169 -1.5666
v  -2.1339 1.6201 -1.5462
v  -2.1154 1.6288 -1.5515
v  -2.0870 1.6351 -1.5590
v  -2.1241 1.6317 -1.5045
v  -2.1082 1.6418 -1.5089
v  -2.1107 1.6341 -1.5299
v  -2.1283 1.6253 -1.5250
v  -2.0818 1.6421 -1.5353
v  -2.0802 1.6519 -1.5125
v  -2.1059 1.6496 -1.4903
v  -2.0795 1.6613 -1.4926
v  -2.1205 1.6384 -1.4860
v  -2.1141 1.6429 -1.4687
v  -2.1003 1.6537 -1.4724
v  -2.0759 1.6660 -1.4740
v  -1.9844 1.7071 -1.4675
v  -2.0348 1.6842 -1.4737
v  -2.0295 1.6906 -1.4557
v  -1.9797 1.7106 -1.4482
v  -2.0704 1.6705 -1.4567
v  -2.0708 1.6802 -1.4436
v  -2.0295 1.7040 -1.4444
v  -1.9794 1.7222 -1.4359
v  -2.0998 1.6539 -1.4365
v  -2.0897 1.6638 -1.4411
v  -2.0930 1.6572 -1.4554
v  -2.1058 1.6469 -1.4516
v  -2.1665 1.5213 -1.4927
v  -2.1534 1.5201 -1.4617
v  -2.1433 1.5248 -1.4736
v  -2.1614 1.5270 -1.5025
v  -2.1392 1.5353 -1.4831
v  -2.1600 1.5368 -1.5090
v  -2.1765 1.5136 -1.4673
v  -2.1733 1.5097 -1.4459
v  -2.1639 1.5155 -1.4516
v  -2.1726 1.5175 -1.4799
v  -2.1749 1.4788 -1.4365
v  -2.1696 1.4664 -1.4193
v  -2.1560 1.4566 -1.4391
v  -2.1632 1.4714 -1.4526
v  -2.1479 1.4412 -1.4274
v  -2.1628 1.4513 -1.4022
v  -2.1561 1.4329 -1.3870
v  -2.1396 1.4236 -1.4188
v  -2.1513 1.4112 -1.3729
v  -2.1286 1.3997 -1.4156
v  -2.1486 1.3870 -1.3585
v  -2.1288 1.3742 -1.3915
v  -2.1813 1.5046 -1.4470
v  -2.1820 1.4972 -1.4507
v  -2.1832 1.5115 -1.4756
v  -2.1802 1.5016 -1.4830
v  -2.1753 1.5289 -1.5322
v  -2.1861 1.5290 -1.5633
v  -2.1853 1.5198 -1.5532
v  -2.1779 1.5225 -1.5211
v  -2.1740 1.5378 -1.5379
v  -2.1857 1.5386 -1.5681
v  -2.1817 1.5171 -1.5013
v  -2.1815 1.5107 -1.5180
v  -2.1772 1.4894 -1.4521
v  -2.1697 1.4871 -1.4672
v  -2.1457 1.4269 -1.4591
v  -2.1396 1.4347 -1.4461
v  -2.1452 1.4492 -1.4549
v  -2.1486 1.4395 -1.4674
v  -2.1505 1.4640 -1.4674
v  -2.1520 1.4520 -1.4804
v  -2.1579 1.4794 -1.4833
v  -2.1568 1.4648 -1.4980
v  -2.1683 1.4916 -1.5039
v  -2.1660 1.4770 -1.5176
v  -2.1774 1.5016 -1.5315
v  -2.1794 1.4889 -1.5399
v  -2.1855 1.5098 -1.5595
v  -2.1936 1.4998 -1.5643
v  -2.1955 1.5147 -1.5820
v  -2.2101 1.5108 -1.5867
v  -2.1984 1.5211 -1.5892
v  -2.2258 1.5244 -1.6110
v  -2.1998 1.5281 -1.5951
v  -2.2205 1.5331 -1.6209
v  -2.1999 1.5390 -1.5985
v  -2.2161 1.5414 -1.6254
v  -2.2388 1.4819 -1.5564
v  -2.2148 1.4923 -1.5599
v  -2.2299 1.5052 -1.5850
v  -2.2500 1.4932 -1.5846
v  -2.2449 1.5159 -1.6148
v  -2.2582 1.5012 -1.6201
v  -2.2148 1.4551 -1.5173
v  -2.1885 1.4656 -1.5189
v  -2.2008 1.4788 -1.5381
v  -2.2267 1.4689 -1.5345
v  -2.1965 1.4295 -1.4902
v  -2.1729 1.4412 -1.4861
v  -2.1792 1.4530 -1.5016
v  -2.2046 1.4418 -1.5030
v  -2.1648 1.4168 -1.4660
v  -2.1679 1.4288 -1.4746
v  -2.1906 1.4185 -1.4779
v  -2.1869 1.4078 -1.4671
v  -2.2036 1.5585 -1.6243
v  -2.2104 1.5509 -1.6254
v  -2.1970 1.5498 -1.5998
v  -2.1918 1.5584 -1.6004
v  -2.1834 1.5492 -1.5714
v  -2.1787 1.5580 -1.5742
v  -2.1796 1.5987 -1.6231
v  -2.1691 1.5980 -1.6034
v  -2.1779 1.5856 -1.6014
v  -2.1897 1.5861 -1.6213
v  -2.1669 1.5865 -1.5800
v  -2.1593 1.5996 -1.5831
v  -2.1964 1.5690 -1.6226
v  -2.1988 1.5639 -1.6224
v  -2.1879 1.5646 -1.6005
v  -2.1851 1.5702 -1.6004
v  -2.1753 1.5649 -1.5756
v  -2.1734 1.5712 -1.5765
v  -2.1945 1.5763 -1.6216
v  -2.1826 1.5768 -1.6004
v  -2.1713 1.5778 -1.5778
v  -2.1719 1.5484 -1.5428
v  -2.1592 1.5479 -1.5152
v  -2.1576 1.5586 -1.5212
v  -2.1683 1.5580 -1.5474
v  -2.1499 1.5917 -1.5370
v  -2.1436 1.6050 -1.5414
v  -2.1510 1.6017 -1.5624
v  -2.1580 1.5885 -1.5585
v  -2.1651 1.5657 -1.5507
v  -2.1558 1.5677 -1.5259
v  -2.1531 1.5750 -1.5303
v  -2.1627 1.5725 -1.5533
v  -2.1612 1.5794 -1.5556
v  -2.1518 1.5823 -1.5336
v  -2.1420 1.5479 -1.4896
v  -2.1198 1.5497 -1.4676
v  -2.1308 1.5642 -1.4723
v  -2.1454 1.5609 -1.4958
v  -2.1369 1.6103 -1.5198
v  -2.1426 1.5975 -1.5149
v  -2.1373 1.6044 -1.4935
v  -2.1320 1.6171 -1.4990
v  -2.1471 1.5717 -1.5011
v  -2.1380 1.5763 -1.4771
v  -2.1368 1.5865 -1.4842
v  -2.1445 1.5803 -1.5068
v  -2.1435 1.5881 -1.5112
v  -2.1374 1.5949 -1.4891
v  -2.1289 1.6239 -1.4801
v  -2.1238 1.6297 -1.4623
v  -2.1337 1.6109 -1.4739
v  -2.1286 1.6168 -1.4553
v  -2.0967 1.5552 -1.4472
v  -2.0770 1.5642 -1.4292
v  -2.1033 1.5754 -1.4305
v  -2.1163 1.5693 -1.4506
v  -2.1280 1.5813 -1.4554
v  -2.1172 1.5872 -1.4359
v  -2.1204 1.5978 -1.4445
v  -2.1292 1.5921 -1.4635
v  -2.1318 1.6010 -1.4691
v  -2.1254 1.6066 -1.4502
v  -2.1156 1.6344 -1.4448
v  -2.1076 1.6399 -1.4294
v  -2.1199 1.6216 -1.4371
v  -2.1089 1.6258 -1.4221
v  -2.0663 1.5733 -1.4121
v  -2.0628 1.5803 -1.3945
v  -2.0810 1.5912 -1.3993
v  -2.0907 1.5833 -1.4141
v  -2.1147 1.6116 -1.4325
v  -2.1024 1.6170 -1.4179
v  -2.1064 1.6040 -1.4288
v  -2.0930 1.6104 -1.4143
v  -2.1014 1.5945 -1.4213
v  -2.0882 1.6015 -1.4073
v  -2.0865 1.6828 -1.1379
v  -2.0753 1.6365 -1.1558
v  -2.1173 1.6835 -1.1900
v  -2.1064 1.6375 -1.1993
v  -2.0199 1.5718 -1.2204
v  -2.0128 1.5843 -1.2088
v  -2.0457 1.5964 -1.2301
v  -2.0430 1.5834 -1.2443
v  -2.0584 1.6147 -1.1743
v  -2.0246 1.6137 -1.1383
v  -2.0903 1.6155 -1.2114
v  -2.0465 1.6053 -1.1898
v  -2.0759 1.6058 -1.2217
v  -2.0101 1.5986 -1.1590
v  -1.9735 1.5834 -1.1341
v  -1.9896 1.5864 -1.1588
v  -1.9853 1.5970 -1.1220
v  -2.0250 1.5974 -1.1948
v  -2.0025 1.5888 -1.1860
v  -2.0645 1.6009 -1.2296
v  -2.0445 1.6014 -1.2042
v  -1.9995 1.6125 -1.1037
v  -2.1347 1.4202 -1.4412
v  -2.1447 1.4155 -1.4542
v  -2.1379 1.4053 -1.4570
v  -2.1272 1.4061 -1.4425
v  -2.1641 1.4054 -1.4596
v  -2.1567 1.3957 -1.4616
v  -2.1841 1.3954 -1.4593
v  -2.1741 1.3837 -1.4617
v  -2.1838 1.3799 -1.4713
v  -2.1991 1.3954 -1.4726
v  -2.1943 1.3882 -1.4636
v  -2.1908 1.3839 -1.4848
v  -2.2031 1.4043 -1.4844
v  -2.1999 1.3901 -1.4976
v  -2.2092 1.4141 -1.4982
v  -2.2104 1.3983 -1.5114
v  -2.2178 1.4252 -1.5120
v  -2.2216 1.4084 -1.5260
v  -2.2282 1.4372 -1.5267
v  -2.2331 1.4197 -1.5420
v  -2.2397 1.4498 -1.5438
v  -2.2451 1.4318 -1.5599
v  -2.2511 1.4619 -1.5651
v  -2.2561 1.4438 -1.5803
v  -2.2612 1.4729 -1.5927
v  -2.2641 1.4545 -1.6039
v  -2.2677 1.4815 -1.6287
v  -2.2659 1.4616 -1.6379
v  -2.2426 1.4372 -1.6039
v  -2.2536 1.4461 -1.6155
v  -2.2491 1.4503 -1.6435
v  -2.2223 1.4377 -1.6453
v  -2.1863 1.4127 -1.5995
v  -2.2160 1.4146 -1.5674
v  -2.2293 1.4269 -1.5866
v  -2.2020 1.4251 -1.6207
v  -2.1560 1.3919 -1.5615
v  -2.1905 1.3922 -1.5340
v  -2.2033 1.4023 -1.5501
v  -2.1713 1.4004 -1.5799
v  -2.1776 1.3842 -1.5194
v  -2.1661 1.3793 -1.5051
v  -2.1406 1.3869 -1.5450
v  -2.1268 1.3844 -1.5297
v  -2.1162 1.3822 -1.5146
v  -2.1069 1.3821 -1.5014
v  -2.1488 1.3817 -1.4788
v  -2.1575 1.3770 -1.4903
v  -2.1357 1.3912 -1.4748
v  -2.1206 1.3965 -1.4680
v  -2.0968 1.3845 -1.4916
v  -2.0867 1.3857 -1.4826
v  -2.1099 1.3942 -1.4539
v  -2.0783 1.3855 -1.4713
v  -2.0703 1.3840 -1.4551
v  -2.1042 1.3853 -1.4367
v  -2.1000 1.3702 -1.4146
v  -2.0625 1.3791 -1.4322
v  -2.0550 1.3707 -1.4052
v  -2.0935 1.3581 -1.3859
v  -2.0836 1.3519 -1.3529
v  -2.0478 1.3632 -1.3742
v  -2.0373 1.3560 -1.3415
v  -2.0686 1.3503 -1.3182
v  -2.0439 1.3485 -1.2835
v  -2.0191 1.3483 -1.3091
v  -2.0011 1.3256 -1.2793
v  -2.0163 1.3361 -1.2503
v  -1.9875 1.3276 -1.2169
v  -1.9791 1.3178 -1.2374
v  -1.9947 1.2355 -1.3181
v  -1.9940 1.2661 -1.3134
v  -2.0130 1.2493 -1.3620
v  -2.0221 1.2131 -1.3669
v  -2.0122 1.2327 -1.3472
v  -2.0350 1.2274 -1.4084
v  -2.0023 1.2032 -1.3220
v  -1.9902 1.2972 -1.2928
v  -1.9771 1.2919 -1.2537
v  -1.9724 1.2646 -1.2708
v  -1.9408 1.2638 -1.2399
v  -1.9487 1.2879 -1.2191
v  -1.9197 1.2819 -1.1845
v  -1.9105 1.2594 -1.2045
v  -1.8834 1.2506 -1.1633
v  -1.8894 1.2745 -1.1483
v  -1.8550 1.2679 -1.1117
v  -1.8564 1.2911 -1.1021
v  -1.8513 1.2434 -1.1220
v  -1.8182 1.2393 -1.0822
v  -1.8211 1.2640 -1.0773
v  -1.8215 1.2871 -1.0728
v  -1.7891 1.2661 -1.0499
v  -1.7891 1.2891 -1.0530
v  -1.7527 1.2705 -1.0363
v  -1.7863 1.2412 -1.0459
v  -1.7466 1.2442 -1.0279
v  -1.7567 1.2948 -1.0423
v  -1.8300 1.3130 -1.0519
v  -1.8422 1.3178 -1.0295
v  -1.8802 1.3175 -1.0558
v  -1.8673 1.3127 -1.0758
v  -1.8574 1.3093 -1.0934
v  -1.8210 1.3078 -1.0698
v  -1.7897 1.3099 -1.0531
v  -1.7970 1.3156 -1.0335
v  -1.7611 1.3147 -1.0406
v  -1.7680 1.3199 -1.0208
v  -1.8167 1.3563 -0.9778
v  -1.8128 1.3329 -0.9861
v  -1.7671 1.3343 -0.9636
v  -1.7744 1.3608 -0.9549
v  -1.8052 1.3204 -1.0083
v  -1.7733 1.3232 -0.9958
v  -1.7424 1.3252 -1.0139
v  -1.7511 1.3253 -0.9960
v  -1.7167 1.3310 -0.9991
v  -1.7358 1.3291 -0.9783
v  -1.7252 1.2994 -1.0312
v  -1.7326 1.3198 -1.0293
v  -1.7004 1.3248 -1.0138
v  -1.6912 1.3019 -1.0142
v  -1.9682 1.2394 -1.2901
v  -1.9675 1.2183 -1.2980
v  -1.9315 1.2221 -1.2740
v  -1.9340 1.2429 -1.2615
v  -2.0016 1.1480 -1.2625
v  -1.9896 1.1451 -1.2318
v  -1.9856 1.1753 -1.2554
v  -2.0044 1.1694 -1.2870
v  -1.9570 1.1697 -1.2222
v  -1.9643 1.1403 -1.1982
v  -1.9478 1.1930 -1.2504
v  -1.9773 1.1984 -1.2816
v  -1.9657 1.2097 -1.2872
v  -1.9390 1.2074 -1.2647
v  -1.8977 1.2426 -1.2274
v  -1.8915 1.2190 -1.2411
v  -1.8707 1.2132 -1.1875
v  -1.8739 1.2322 -1.1794
v  -1.9078 1.2024 -1.2284
v  -1.8820 1.2027 -1.1779
v  -1.9190 1.1890 -1.2101
v  -1.8939 1.1909 -1.1612
v  -1.9316 1.1677 -1.1822
v  -1.9089 1.1701 -1.1365
v  -1.9393 1.1385 -1.1611
v  -1.9172 1.1399 -1.1193
v  -1.8454 1.2234 -1.1313
v  -1.8433 1.2076 -1.1346
v  -1.8133 1.2184 -1.0842
v  -1.8085 1.2018 -1.0845
v  -1.8517 1.1982 -1.1263
v  -1.8163 1.1906 -1.0760
v  -1.8660 1.1897 -1.1105
v  -1.8310 1.1835 -1.0620
v  -1.8831 1.1717 -1.0899
v  -1.8471 1.1683 -1.0461
v  -1.8928 1.1417 -1.0769
v  -1.8553 1.1414 -1.0385
v  -2.0002 1.1278 -1.2731
v  -1.9874 1.1151 -1.2341
v  -1.9872 1.0885 -1.2486
v  -1.9973 1.1055 -1.2894
v  -1.9586 1.0822 -1.2125
v  -1.9613 1.1101 -1.1996
v  -1.9351 1.1097 -1.1633
v  -1.9284 1.0831 -1.1778
v  -1.9045 1.0810 -1.1372
v  -1.9138 1.1096 -1.1220
v  -1.8897 1.1101 -1.0809
v  -1.8813 1.0792 -1.0941
v  -1.8497 1.0820 -1.0506
v  -1.8543 1.1125 -1.0420
v  -1.8093 1.1154 -0.9997
v  -1.8084 1.1406 -0.9982
v  -1.8069 1.0883 -1.0056
v  -1.7657 1.0933 -0.9630
v  -1.7673 1.1173 -0.9586
v  -1.7659 1.1399 -0.9592
v  -1.8319 1.0560 -1.0715
v  -1.7940 1.0641 -1.0224
v  -1.7735 1.0492 -1.0432
v  -1.8060 1.0400 -1.0942
v  -1.7421 1.0573 -0.9955
v  -1.7569 1.0716 -0.9771
v  -2.0411 1.1976 -1.4239
v  -2.0451 1.2145 -1.4675
v  -2.0699 1.2010 -1.5150
v  -2.0608 1.1879 -1.4762
v  -2.0450 1.1746 -1.4423
v  -2.0518 1.2020 -1.4567
v  -2.0228 1.1854 -1.3896
v  -2.0259 1.1579 -1.4093
v  -2.0038 1.1343 -1.3733
v  -2.0065 1.1683 -1.3529
v  -2.0025 1.1472 -1.3131
v  -1.9982 1.1229 -1.3287
v  -1.9940 1.1071 -1.3326
v  -1.9906 1.0918 -1.3047
v  -1.9953 1.1051 -1.3522
v  -1.9885 1.0846 -1.3219
v  -1.9794 1.0728 -1.2685
v  -1.9758 1.0642 -1.2845
v  -1.9477 1.0460 -1.2504
v  -1.9520 1.0607 -1.2322
v  -1.9183 1.0569 -1.1996
v  -1.9085 1.0356 -1.2236
v  -1.8625 1.0269 -1.1915
v  -1.8872 1.0544 -1.1626
v  -1.8608 1.0532 -1.1191
v  -1.8344 1.0330 -1.1409
v  -2.1026 1.1855 -1.5182
v  -2.0811 1.1738 -1.4829
v  -2.1017 1.1585 -1.4842
v  -2.1257 1.1708 -1.5178
v  -2.0803 1.1430 -1.4530
v  -2.0635 1.1583 -1.4489
v  -2.0432 1.1395 -1.4184
v  -2.0599 1.1254 -1.4240
v  -2.0416 1.1058 -1.3967
v  -2.0225 1.1174 -1.3918
v  -2.0898 1.1283 -1.4570
v  -2.0953 1.1123 -1.4605
v  -2.0754 1.0991 -1.4313
v  -2.0691 1.1126 -1.4282
v  -2.0541 1.0964 -1.3981
v  -2.0613 1.0841 -1.4010
v  -2.0120 1.0958 -1.3628
v  -2.0317 1.0879 -1.3652
v  -2.0225 1.0704 -1.3290
v  -2.0035 1.0762 -1.3290
v  -2.0454 1.0806 -1.3658
v  -2.0359 1.0623 -1.3299
v  -2.0523 1.0680 -1.3695
v  -2.0416 1.0488 -1.3355
v  -1.9865 1.0550 -1.2905
v  -2.0046 1.0482 -1.2889
v  -1.9755 1.0202 -1.2529
v  -1.9582 1.0314 -1.2559
v  -1.9947 0.9962 -1.2607
v  -1.9875 1.0094 -1.2537
v  -2.0176 1.0387 -1.2898
v  -2.0232 1.0247 -1.2973
v  -1.9167 1.0093 -1.2335
v  -1.9346 0.9895 -1.2289
v  -1.8895 0.9602 -1.2034
v  -1.8740 0.9894 -1.2081
v  -1.9128 0.9296 -1.1970
v  -1.9026 0.9429 -1.1989
v  -1.9476 0.9763 -1.2268
v  -1.9572 0.9637 -1.2293
v  -2.2591 1.1227 -1.9812
v  -2.2492 1.1561 -1.9678
v  -2.2654 1.0796 -1.9939
v  -2.2704 1.0825 -1.9645
v  -2.2645 1.1233 -1.9531
v  -2.2563 1.1554 -1.9419
v  -2.2253 1.1825 -1.9146
v  -2.2254 1.1945 -1.9091
v  -2.2209 1.1967 -1.9326
v  -2.2220 1.1851 -1.9379
v  -2.2139 1.2080 -1.9236
v  -2.2184 1.2059 -1.9013
v  -2.2329 1.1713 -1.9241
v  -2.2269 1.1753 -1.9189
v  -2.2238 1.1788 -1.9421
v  -2.2290 1.1752 -1.9476
v  -2.2379 1.1706 -1.9562
v  -2.2434 1.1681 -1.9318
v  -2.2246 1.1916 -1.8714
v  -2.2166 1.2030 -1.8671
v  -2.2258 1.1787 -1.8750
v  -2.2250 1.1765 -1.8270
v  -2.2218 1.1898 -1.8253
v  -2.2125 1.2023 -1.8246
v  -2.2347 1.1619 -1.8308
v  -2.2279 1.1676 -1.8285
v  -2.2273 1.1695 -1.8780
v  -2.2343 1.1641 -1.8818
v  -2.2459 1.1617 -1.8873
v  -2.2620 1.1533 -1.8947
v  -2.2609 1.1511 -1.8382
v  -2.2456 1.1581 -1.8340
v  -2.2162 1.1897 -1.7769
v  -2.2062 1.2018 -1.7773
v  -2.2185 1.1762 -1.7789
v  -2.2118 1.1783 -1.7345
v  -2.2082 1.1903 -1.7310
v  -2.1971 1.2000 -1.7317
v  -2.1310 1.1907 -1.5559
v  -2.1495 1.1757 -1.5575
v  -2.1050 1.1984 -1.5623
v  -2.1372 1.1938 -1.5981
v  -2.1570 1.1890 -1.5934
v  -2.1706 1.1770 -1.5967
v  -2.1986 1.1899 -1.6924
v  -2.1860 1.1975 -1.6936
v  -2.2052 1.1804 -1.6980
v  -2.1972 1.1779 -1.6663
v  -2.1867 1.1883 -1.6588
v  -2.1727 1.1941 -1.6609
v  -2.2200 1.1659 -1.7380
v  -2.2153 1.1704 -1.7389
v  -2.2215 1.1672 -1.7806
v  -2.2287 1.1622 -1.7821
v  -2.2097 1.1736 -1.7088
v  -2.2092 1.1703 -1.7011
v  -2.2382 1.1585 -1.7836
v  -2.2494 1.1510 -1.7851
v  -2.2319 1.1530 -1.7375
v  -2.2265 1.1612 -1.7377
v  -2.2113 1.1647 -1.6993
v  -2.2123 1.1569 -1.6976
v  -2.2003 1.1602 -1.6716
v  -2.1984 1.1677 -1.6657
v  -2.1737 1.1872 -1.6271
v  -2.1858 1.1787 -1.6295
v  -2.1578 1.1914 -1.6302
v  -2.2711 1.1255 -1.9036
v  -2.2760 1.0882 -1.9152
v  -2.2727 1.0951 -1.8499
v  -2.2694 1.1282 -1.8439
v  -2.2553 1.1331 -1.7877
v  -2.2511 1.1136 -1.7890
v  -2.2254 1.1250 -1.7375
v  -2.2318 1.1398 -1.7370
v  -2.2359 1.0991 -1.7859
v  -2.2123 1.1117 -1.7399
v  -2.2594 1.0787 -1.8192
v  -2.2423 1.0700 -1.8055
v  -2.2202 1.0829 -1.7846
v  -2.2002 1.0925 -1.7435
v  -2.1750 1.1452 -1.6278
v  -2.1722 1.1617 -1.6062
v  -2.1877 1.1658 -1.6364
v  -2.1912 1.1552 -1.6545
v  -2.2070 1.1471 -1.6909
v  -2.1972 1.1363 -1.6856
v  -2.1145 1.1424 -1.4863
v  -2.1198 1.1226 -1.4902
v  -2.1372 1.1526 -1.5218
v  -2.1454 1.1303 -1.5319
v  -2.1696 1.1071 -1.6299
v  -2.1721 1.1274 -1.6315
v  -2.1883 1.1219 -1.6856
v  -2.1841 1.0996 -1.6880
v  -2.1551 1.1579 -1.5654
v  -2.1585 1.1425 -1.5760
v  -2.1618 1.1308 -1.5908
v  -2.1585 1.1162 -1.5791
v  -1.8553 1.7714 -1.2201
v  -1.9111 1.7984 -1.2111
v  -1.8867 1.7909 -1.1597
v  -1.8380 1.7628 -1.1721
v  -1.8607 1.7792 -1.1083
v  -1.8198 1.7532 -1.1219
v  -1.8350 1.7736 -1.0623
v  -1.7997 1.7522 -1.0762
v  -1.8126 1.7716 -1.0213
v  -1.7810 1.7536 -1.0350
v  -1.7960 1.7738 -0.9857
v  -1.7831 1.7747 -0.9549
v  -1.7516 1.7553 -0.9681
v  -1.7650 1.7556 -0.9991
v  -1.7702 1.7748 -0.9288
v  -1.7390 1.7544 -0.9425
v  -1.7575 1.7738 -0.9059
v  -1.7267 1.7529 -0.9202
v  -1.7451 1.7718 -0.8848
v  -1.7144 1.7513 -0.8991
v  -1.7322 1.7700 -0.8642
v  -1.7014 1.7493 -0.8780
v  -1.7179 1.7694 -0.8426
v  -1.6870 1.7475 -0.8558
v  -1.7014 1.7676 -0.8191
v  -1.6701 1.7451 -0.8322
v  -1.6803 1.7677 -0.7936
v  -1.6483 1.7443 -0.8078
v  -1.6533 1.7697 -0.7655
v  -1.6211 1.7424 -0.7815
v  -1.6189 1.7724 -0.7332
v  -1.5871 1.7393 -0.7530
v  -1.5835 1.7784 -0.6961
v  -1.5413 1.7365 -0.7214
v  -1.4891 1.7806 -0.6277
v  -1.5138 1.7583 -0.6717
v  -1.5529 1.7923 -0.6543
v  -1.5269 1.8118 -0.6112
v  -1.4925 1.7198 -0.7255
v  -1.4753 1.7401 -0.6858
v  -1.4410 1.7215 -0.6953
v  -1.4578 1.7013 -0.7307
v  -1.4536 1.7624 -0.6428
v  -1.4217 1.7423 -0.6537
v  -1.7809 1.7201 -1.1551
v  -1.7955 1.7217 -1.2021
v  -1.8128 1.7375 -1.1868
v  -1.7996 1.7296 -1.1367
v  -1.8234 1.7462 -1.2336
v  -1.8046 1.7264 -1.2459
v  -1.7429 1.7222 -1.0657
v  -1.7624 1.7208 -1.1089
v  -1.7817 1.7293 -1.0898
v  -1.7634 1.7316 -1.0474
v  -1.7084 1.7262 -0.9964
v  -1.7247 1.7247 -1.0278
v  -1.7467 1.7339 -1.0104
v  -1.7325 1.7334 -0.9788
v  -1.6820 1.7249 -0.9518
v  -1.6944 1.7265 -0.9723
v  -1.7189 1.7339 -0.9543
v  -1.7064 1.7330 -0.9330
v  -1.6588 1.7193 -0.9095
v  -1.6707 1.7225 -0.9310
v  -1.6943 1.7315 -0.9121
v  -1.6815 1.7296 -0.8907
v  -1.6281 1.7132 -0.8646
v  -1.6450 1.7160 -0.8868
v  -1.6673 1.7269 -0.8681
v  -1.6505 1.7233 -0.8446
v  -1.6293 1.7202 -0.8215
v  -1.6073 1.7116 -0.8440
v  -1.6041 1.7152 -0.7980
v  -1.5823 1.7099 -0.8253
v  -1.5372 1.7049 -0.7595
v  -1.5248 1.6918 -0.7935
v  -1.5543 1.7036 -0.8073
v  -1.5735 1.7098 -0.7751
v  -1.5012 1.6933 -0.7556
v  -1.4945 1.6750 -0.7877
v  -1.4716 1.6731 -0.7555
v  -1.4682 1.6523 -0.7850
v  -1.7772 1.7145 -1.2151
v  -1.7866 1.7188 -1.2516
v  -1.7613 1.7129 -1.1740
v  -1.7414 1.7089 -1.1937
v  -1.7612 1.7115 -1.2285
v  -1.7727 1.7156 -1.2507
v  -1.7401 1.7140 -1.1311
v  -1.7174 1.7165 -1.0896
v  -1.6899 1.7143 -1.1161
v  -1.7163 1.7099 -1.1549
v  -1.6963 1.7187 -1.0530
v  -1.6779 1.7191 -1.0222
v  -1.6443 1.7179 -1.0518
v  -1.6655 1.7174 -1.0812
v  -1.6631 1.7179 -0.9991
v  -1.6511 1.7150 -0.9793
v  -1.6162 1.7158 -1.0099
v  -1.6283 1.7178 -1.0296
v  -1.7057 1.7240 -1.2316
v  -1.7361 1.7262 -1.2616
v  -1.7469 1.7144 -1.2459
v  -1.7215 1.7113 -1.2144
v  -1.7690 1.7198 -1.2692
v  -1.7626 1.7299 -1.2866
v  -1.6634 1.7219 -1.1420
v  -1.6429 1.7382 -1.1621
v  -1.6735 1.7288 -1.1977
v  -1.6923 1.7145 -1.1786
v  -1.6135 1.7445 -1.1288
v  -1.6362 1.7271 -1.1084
v  -1.6123 1.7274 -1.0799
v  -1.5864 1.7440 -1.1014
v  -1.7809 1.7879 -1.4096
v  -1.7511 1.7884 -1.3806
v  -1.7869 1.7807 -1.3998
v  -1.7581 1.7831 -1.3717
v  -1.7229 1.7892 -1.3504
v  -1.7319 1.7854 -1.3418
v  -1.6916 1.7948 -1.3135
v  -1.7030 1.7903 -1.3049
v  -1.6717 1.7994 -1.2647
v  -1.6586 1.8071 -1.2735
v  -1.6239 1.8248 -1.2335
v  -1.6386 1.8142 -1.2253
v  -1.6040 1.8284 -1.1876
v  -1.5898 1.8430 -1.1946
v  -1.5555 1.8511 -1.1589
v  -1.5686 1.8360 -1.1526
v  -1.5337 1.8337 -1.1238
v  -1.5222 1.8470 -1.1288
v  -1.4940 1.8352 -1.1040
v  -1.5055 1.8241 -1.0996
v  -1.4823 1.8104 -1.0783
v  -1.4704 1.8194 -1.0826
v  -1.4501 1.8026 -1.0639
v  -1.4624 1.7952 -1.0586
v  -1.4448 1.7807 -1.0394
v  -1.4319 1.7876 -1.0456
v  -1.4145 1.7750 -1.0276
v  -1.3969 1.7640 -1.0100
v  -1.4281 1.7676 -1.0211
v  -1.4106 1.7557 -1.0039
v  -1.3718 1.7372 -0.9669
v  -1.3585 1.7456 -0.9731
v  -1.3782 1.7547 -0.9925
v  -1.3915 1.7462 -0.9866
v  -1.3373 1.7328 -0.9514
v  -1.3155 1.7150 -0.9301
v  -1.3510 1.7245 -0.9446
v  -1.3295 1.7069 -0.9240
v  -1.2944 1.6928 -0.9113
v  -1.3090 1.6861 -0.9061
v  -1.2879 1.6629 -0.8897
v  -1.2732 1.6683 -0.8936
v  -1.7504 1.7585 -1.3134
v  -1.7227 1.7583 -1.2816
v  -1.7136 1.7760 -1.2934
v  -1.7418 1.7739 -1.3282
v  -1.6918 1.7612 -1.2470
v  -1.6826 1.7817 -1.2555
v  -1.6994 1.7432 -1.2392
v  -1.6672 1.7508 -1.2047
v  -1.6600 1.7713 -1.2104
v  -1.6356 1.7608 -1.1690
v  -1.6280 1.7829 -1.1738
v  -1.6172 1.8071 -1.1804
v  -1.6505 1.7941 -1.2174
v  -1.6026 1.7664 -1.1364
v  -1.5950 1.7900 -1.1392
v  -1.5722 1.7656 -1.1095
v  -1.5624 1.7894 -1.1117
v  -1.5480 1.8133 -1.1175
v  -1.5827 1.8148 -1.1453
v  -1.5209 1.8048 -1.0951
v  -1.5377 1.7825 -1.0899
v  -1.5188 1.7720 -1.0699
v  -1.4998 1.7930 -1.0741
v  -1.4817 1.7796 -1.0537
v  -1.4649 1.7653 -1.0347
v  -1.5020 1.7594 -1.0507
v  -1.4859 1.7455 -1.0329
v  -1.4523 1.7188 -1.0011
v  -1.4310 1.7391 -1.0008
v  -1.4482 1.7512 -1.0178
v  -1.4697 1.7315 -1.0169
v  -1.4117 1.7001 -0.9647
v  -1.3923 1.7221 -0.9623
v  -1.4122 1.7304 -0.9825
v  -1.4327 1.7090 -0.9840
v  -1.3689 1.6765 -0.9220
v  -1.3492 1.6937 -0.9202
v  -1.3712 1.7104 -0.9399
v  -1.3900 1.6899 -0.9426
v  -1.7799 1.7449 -1.3233
v  -1.8007 1.7447 -1.3454
v  -1.8148 1.7378 -1.3227
v  -1.7574 1.7442 -1.2998
v  -1.7852 1.7318 -1.3046
v  -1.7730 1.7586 -1.3404
v  -1.7965 1.7566 -1.3661
v  -1.7656 1.7723 -1.3574
v  -1.7919 1.7693 -1.3848
v  -1.7303 1.7426 -1.2711
v  -2.0376 1.5835 -1.3347
v  -2.0530 1.5928 -1.3358
v  -2.0387 1.5809 -1.3112
v  -2.0571 1.5902 -1.3082
v  -2.0344 1.5758 -1.2886
v  -2.0486 1.5820 -1.2802
v  -2.0757 1.5985 -1.3846
v  -2.0635 1.5864 -1.3791
v  -2.0654 1.5927 -1.3625
v  -2.0763 1.6021 -1.3676
v  -2.0701 1.5972 -1.2643
v  -2.0848 1.5953 -1.2908
v  -2.0711 1.5943 -1.2956
v  -2.0585 1.5918 -1.2720
v  -2.0906 1.5945 -1.3273
v  -2.0839 1.5979 -1.3476
v  -2.0694 1.5958 -1.3408
v  -2.0755 1.5940 -1.3211
v  -2.0806 1.5937 -1.3094
v  -2.0924 1.5941 -1.3100
v  -2.0813 1.6084 -1.3916
v  -2.0846 1.6091 -1.3731
v  -2.0933 1.6148 -1.3788
v  -2.0882 1.6160 -1.3976
v  -2.0830 1.5993 -1.2587
v  -2.0969 1.5979 -1.2872
v  -2.0963 1.6045 -1.2541
v  -2.1082 1.6041 -1.2848
v  -2.1119 1.6053 -1.3338
v  -2.1037 1.6088 -1.3577
v  -2.0940 1.6031 -1.3530
v  -2.1020 1.5985 -1.3311
v  -2.1028 1.5978 -1.3102
v  -2.1130 1.6046 -1.3104
v  -2.1103 1.6153 -1.2482
v  -2.1231 1.6387 -1.2434
v  -2.1203 1.6154 -1.2824
v  -2.1303 1.6387 -1.2827
v  -2.1153 1.6342 -1.3903
v  -2.1077 1.6311 -1.4070
v  -2.0987 1.6218 -1.4018
v  -2.1041 1.6218 -1.3832
v  -2.1317 1.6360 -1.3406
v  -2.1252 1.6351 -1.3677
v  -2.1145 1.6181 -1.3614
v  -2.1220 1.6162 -1.3360
v  -2.1330 1.6374 -1.3136
v  -2.1235 1.6159 -1.3108
v  -2.1123 1.6509 -1.4168
v  -2.1044 1.6689 -1.4270
v  -2.1225 1.6621 -1.4025
v  -2.1025 1.6961 -1.4182
v  -2.0813 1.6930 -1.4358
v  -2.0951 1.6747 -1.4339
v  -2.1259 1.6825 -1.2442
v  -2.1342 1.6808 -1.2884
v  -2.1073 1.7306 -1.2485
v  -2.1182 1.7303 -1.2964
v  -2.1065 1.7144 -1.3573
v  -2.1096 1.7119 -1.3887
v  -2.1312 1.6701 -1.3792
v  -2.1347 1.6745 -1.3501
v  -2.1358 1.6778 -1.3220
v  -2.1140 1.7229 -1.3306
v  -2.0403 1.7206 -1.4380
v  -2.0555 1.7387 -1.4219
v  -1.9993 1.7612 -1.4171
v  -1.9904 1.7405 -1.4302
v  -2.0088 1.7995 -1.3044
v  -2.0736 1.7741 -1.3028
v  -2.0636 1.7748 -1.2535
v  -1.9992 1.8015 -1.2579
v  -2.0631 1.7505 -1.3932
v  -2.0042 1.7743 -1.3917
v  -2.0601 1.7476 -1.3610
v  -2.0041 1.7740 -1.3614
v  -2.0687 1.7614 -1.3364
v  -2.0080 1.7855 -1.3360
v  -1.9268 1.7197 -1.4492
v  -1.9317 1.7261 -1.4312
v  -1.8923 1.7430 -1.4071
v  -1.8697 1.7419 -1.4173
v  -1.9397 1.7365 -1.4227
v  -1.9141 1.7539 -1.4054
v  -1.8777 1.7842 -1.2943
v  -1.9386 1.8036 -1.2988
v  -1.9279 1.8047 -1.2585
v  -1.8670 1.7813 -1.2610
v  -1.9559 1.7473 -1.4207
v  -1.9502 1.7641 -1.4094
v  -1.8652 1.7539 -1.3730
v  -1.8413 1.7421 -1.3714
v  -1.8974 1.7707 -1.3785
v  -1.8893 1.7798 -1.3475
v  -1.8522 1.7596 -1.3392
v  -1.8274 1.7522 -1.3934
v  -1.8227 1.7438 -1.3701
v  -1.8318 1.7528 -1.2720
v  -1.8412 1.7586 -1.3009
v  -1.8099 1.7305 -1.2818
v  -1.8864 1.7836 -1.3208
v  -1.8541 1.7658 -1.3186
v  -1.7888 1.7228 -1.2811
v  -1.9427 1.7948 -1.3294
v  -1.9439 1.7873 -1.3568
v  -1.9463 1.7807 -1.3861
v  -1.8266 1.7622 -1.4152
v  -1.8683 1.7433 -1.4464
v  -1.8220 1.7719 -1.4328
v  -1.8629 1.7483 -1.4734
v  -1.8448 1.7617 -1.4779
v  -1.8152 1.7791 -1.4435
v  -2.1181 1.6354 -1.6596
v  -2.0988 1.6333 -1.6371
v  -2.0783 1.6488 -1.6533
v  -2.0985 1.6469 -1.6784
v  -2.0806 1.6369 -1.6154
v  -2.0582 1.6545 -1.6308
v  -2.0632 1.6428 -1.5955
v  -2.0370 1.6630 -1.6124
v  -2.0485 1.6505 -1.5730
v  -2.0113 1.6783 -1.5918
v  -2.0397 1.6607 -1.5451
v  -1.9993 1.6886 -1.5555
v  -2.0362 1.6714 -1.5171
v  -1.9806 1.7055 -1.5192
v  -2.0363 1.6796 -1.4940
v  -1.9846 1.7057 -1.4898
v  -1.9223 1.7184 -1.4725
v  -1.9172 1.7197 -1.4953
v  -1.9642 1.7216 -1.5914
v  -1.9827 1.7041 -1.5897
v  -1.9660 1.7112 -1.5605
v  -1.9449 1.7339 -1.5620
v  -1.9406 1.7174 -1.5310
v  -1.9146 1.7404 -1.5324
v  -1.9121 1.7240 -1.5109
v  -1.8864 1.7427 -1.5067
v  -1.8725 1.7600 -1.5075
v  -1.9025 1.7628 -1.5341
v  -1.9313 1.7502 -1.5660
v  -1.9521 1.7329 -1.5965
v  -2.2934 1.0066 -1.9855
v  -2.2807 1.0410 -1.9763
v  -2.2778 1.0387 -2.0078
v  -2.2941 1.0059 -2.0192
v  -2.2828 1.0081 -1.9022
v  -2.2847 1.0480 -1.8820
v  -2.2847 1.0459 -1.9310
v  -2.2915 1.0074 -1.9456
v  -2.2710 1.0446 -1.8422
v  -2.2617 1.0120 -1.8619
v  -2.2336 1.0231 -1.8289
v  -2.2445 1.0474 -1.8145
v  -2.2151 1.0565 -1.7886
v  -2.2080 1.0318 -1.7962
v  -2.1932 1.0330 -1.7527
v  -2.1972 1.0628 -1.7478
v  -2.1838 1.0685 -1.6918
v  -2.1843 1.0361 -1.6958
v  -2.1754 1.0418 -1.6347
v  -2.1704 1.0760 -1.6321
v  -2.1596 1.0870 -1.5771
v  -2.1587 1.0527 -1.5810
v  -2.1353 1.0652 -1.5376
v  -2.1448 1.0954 -1.5297
v  -2.1189 1.0972 -1.4957
v  -2.1115 1.0718 -1.5035
v  -2.0944 1.0695 -1.4722
v  -2.0974 1.0917 -1.4655
v  -2.0822 1.0812 -1.4354
v  -2.0703 1.0674 -1.4056
v  -2.0832 1.0608 -1.4425
v  -2.0737 1.0477 -1.4137
v  -2.0605 1.0511 -1.3753
v  -2.0485 1.0314 -1.3426
v  -2.0637 1.0313 -1.3845
v  -2.0510 1.0114 -1.3532
v  -2.0299 1.0074 -1.3063
v  -2.0333 0.9875 -1.3179
v  -2.0030 0.9794 -1.2689
v  -2.0092 0.9593 -1.2797
v  -1.9667 0.9479 -1.2332
v  -1.9213 0.9149 -1.1966
v  -1.9755 0.9273 -1.2395
v  -1.9286 0.8981 -1.1983
v  -2.1757 1.0099 -1.7585
v  -2.1686 1.0100 -1.7022
v  -2.1353 1.0007 -1.7123
v  -2.1432 1.0006 -1.7672
v  -2.1281 1.0076 -1.6567
v  -2.1583 1.0181 -1.6436
v  -2.1396 1.0314 -1.5931
v  -2.1128 1.0173 -1.6084
v  -2.0939 1.0263 -1.5664
v  -2.1181 1.0440 -1.5504
v  -2.0977 1.0507 -1.5147
v  -2.0755 1.0314 -1.5297
v  -2.0599 1.0307 -1.4968
v  -2.0818 1.0496 -1.4826
v  -2.0480 1.0249 -1.4680
v  -2.0702 1.0427 -1.4536
v  -2.0601 1.0308 -1.4261
v  -2.0372 1.0141 -1.4418
v  -2.0497 1.0137 -1.3991
v  -2.0358 0.9939 -1.3702
v  -2.0257 0.9980 -1.4172
v  -2.0099 0.9809 -1.3908
v  -2.0182 0.9704 -1.3376
v  -1.9940 0.9427 -1.3020
v  -1.9893 0.9633 -1.3601
v  -1.9619 0.9441 -1.3247
v  -1.9605 0.9110 -1.2628
v  -1.9191 0.8809 -1.2174
v  -1.9275 0.9183 -1.2848
v  -1.8895 0.8869 -1.2387
v  -1.8015 1.1629 -1.0046
v  -1.7603 1.1597 -0.9657
v  -1.7506 1.1736 -0.9769
v  -1.7887 1.1766 -1.0177
v  -1.7270 1.0777 -0.9433
v  -1.7338 1.0962 -0.9308
v  -1.7166 1.0657 -0.9588
v  -1.7019 1.0709 -0.9385
v  -1.7032 1.0816 -0.9217
v  -1.7081 1.0995 -0.9105
v  -1.7200 1.1353 -0.9157
v  -1.7362 1.1379 -0.9302
v  -1.7371 1.1176 -0.9274
v  -1.7136 1.1199 -0.9088
v  -1.7730 1.2016 -1.0343
v  -1.7763 1.1856 -1.0287
v  -1.7416 1.1848 -0.9861
v  -1.7286 1.1992 -0.9951
v  -1.6960 1.1579 -0.9255
v  -1.7209 1.1711 -0.9446
v  -1.7306 1.1555 -0.9354
v  -1.7086 1.1459 -0.9154
v  -1.6688 1.1137 -0.9160
v  -1.6785 1.1372 -0.9151
v  -1.6938 1.1284 -0.9032
v  -1.6846 1.1052 -0.9008
v  -1.6697 1.0922 -0.9317
v  -1.6813 1.0839 -0.9149
v  -1.6871 1.0732 -0.9411
v  -1.6786 1.0803 -0.9510
v  -1.8019 1.0227 -1.1499
v  -1.7756 1.0358 -1.1100
v  -1.8213 1.0051 -1.1801
v  -1.7899 0.9919 -1.1748
v  -1.7718 1.0218 -1.1592
v  -1.7470 1.0401 -1.1251
v  -1.8352 0.9699 -1.1790
v  -1.7986 0.9520 -1.1616
v  -1.8461 0.9366 -1.1661
v  -1.8055 0.9184 -1.1344
v  -1.8646 0.8976 -1.1541
v  -1.8565 0.9149 -1.1576
v  -1.8152 0.8969 -1.1149
v  -1.8241 0.8778 -1.1053
v  -1.8700 0.8822 -1.1527
v  -1.8304 0.8575 -1.1029
v  -1.8737 0.8697 -1.1524
v  -1.8350 0.8388 -1.1049
v  -1.8515 0.8511 -1.1841
v  -1.8726 0.8512 -1.1640
v  -1.8187 0.8190 -1.1376
v  -1.8335 0.8208 -1.1174
v  -1.7700 0.8029 -1.1085
v  -1.7737 0.8036 -1.0809
v  -1.8025 0.8025 -1.0908
v  -1.7933 0.8028 -1.1135
v  -1.7828 0.8120 -1.0621
v  -1.8062 0.8188 -1.0715
v  -1.7994 0.8430 -1.0668
v  -1.7889 0.8679 -1.0712
v  -1.7685 0.8297 -1.0612
v  -1.7558 0.8531 -1.0699
v  -1.7551 0.8192 -1.0821
v  -1.7440 0.8381 -1.0910
v  -1.7523 0.8158 -1.1090
v  -1.7433 0.8301 -1.1099
v  -1.7483 0.8971 -1.1173
v  -1.7719 0.9105 -1.1140
v  -1.7790 0.8890 -1.0860
v  -1.7479 0.8745 -1.0862
v  -1.7867 0.8074 -1.1333
v  -1.7700 0.8092 -1.1371
v  -1.8013 0.8214 -1.1599
v  -1.7782 0.8239 -1.1759
v  -1.7376 0.8562 -1.1076
v  -1.7364 0.8801 -1.1358
v  -1.7405 0.8395 -1.1285
v  -1.7395 0.8600 -1.1593
v  -1.7518 0.8218 -1.1371
v  -1.7541 0.8392 -1.1744
v  -1.7324 1.5391 -1.0693
v  -1.7133 1.5099 -1.0835
v  -1.6913 1.5166 -1.0464
v  -1.7071 1.5455 -1.0325
v  -1.7444 1.5534 -0.9313
v  -1.7126 1.5543 -0.9646
v  -1.6914 1.5480 -0.9275
v  -1.7200 1.5468 -0.8923
v  -1.6524 1.5426 -0.8650
v  -1.6743 1.5450 -0.8237
v  -1.6979 1.5451 -0.8591
v  -1.6728 1.5451 -0.8975
v  -1.6986 1.4823 -1.0860
v  -1.6802 1.4918 -1.0476
v  -1.7084 1.4583 -1.0560
v  -1.6906 1.4686 -1.0208
v  -1.6890 1.5398 -0.9907
v  -1.6761 1.5168 -1.0049
v  -1.6594 1.5159 -0.9669
v  -1.6712 1.5352 -0.9531
v  -1.6543 1.5320 -0.9231
v  -1.6415 1.5139 -0.9363
v  -1.6210 1.5103 -0.9042
v  -1.6334 1.5301 -0.8919
v  -1.6698 1.4959 -1.0054
v  -1.6591 1.4964 -0.9651
v  -1.6792 1.4747 -0.9822
v  -1.6653 1.4759 -0.9447
v  -1.7296 1.4397 -0.9961
v  -1.7066 1.4466 -0.9635
v  -1.7361 1.3997 -0.9445
v  -1.7053 1.4050 -0.9148
v  -1.6435 1.4942 -0.9316
v  -1.6191 1.4900 -0.9014
v  -1.6488 1.4747 -0.9107
v  -1.6221 1.4703 -0.8825
v  -1.7344 1.3663 -0.9271
v  -1.6992 1.3711 -0.8989
v  -1.7258 1.3420 -0.9309
v  -1.6911 1.3458 -0.9005
v  -1.6871 1.4473 -0.9324
v  -1.6662 1.4460 -0.9036
v  -1.6794 1.4066 -0.8899
v  -1.6560 1.4081 -0.8681
v  -1.6442 1.4456 -0.8767
v  -1.6171 1.4454 -0.8536
v  -1.6325 1.4113 -0.8475
v  -1.6054 1.4161 -0.8302
v  -1.7056 1.3330 -0.9510
v  -1.6729 1.3329 -0.9184
v  -1.6830 1.3352 -0.9728
v  -1.6516 1.3318 -0.9378
v  -1.6711 1.3735 -0.8751
v  -1.6471 1.3764 -0.8538
v  -1.6637 1.3482 -0.8740
v  -1.6401 1.3505 -0.8493
v  -1.6228 1.3824 -0.8345
v  -1.5947 1.3908 -0.8198
v  -1.6142 1.3585 -0.8287
v  -1.5841 1.3708 -0.8157
v  -1.6626 1.3263 -0.9859
v  -1.6364 1.3171 -0.9433
v  -1.6534 1.2997 -0.9834
v  -1.6252 1.2916 -0.9401
v  -1.6487 1.3319 -0.8864
v  -1.6298 1.3273 -0.9010
v  -1.6088 1.3279 -0.8673
v  -1.6267 1.3335 -0.8561
v  -1.6008 1.3433 -0.8319
v  -1.5698 1.3588 -0.8177
v  -1.5844 1.3349 -0.8389
v  -1.5537 1.3467 -0.8176
v  -1.6178 1.3099 -0.9017
v  -1.5959 1.3094 -0.8654
v  -1.6042 1.2845 -0.8982
v  -1.5816 1.2820 -0.8606
v  -1.5702 1.3156 -0.8347
v  -1.5408 1.3255 -0.8051
v  -1.5551 1.2860 -0.8273
v  -1.5239 1.2947 -0.7931
v  -2.2559 1.5223 -1.6515
v  -2.2642 1.5071 -1.6629
v  -2.2464 1.5332 -1.6439
v  -2.2559 1.5375 -1.6696
v  -2.2623 1.5266 -1.6833
v  -2.2671 1.5098 -1.7104
v  -2.2505 1.5458 -1.6630
v  -2.2378 1.5401 -1.6442
v  -2.2305 1.5460 -1.6467
v  -2.2440 1.5526 -1.6603
v  -2.2631 1.5649 -1.6708
v  -2.2700 1.5574 -1.6766
v  -2.2621 1.5510 -1.6700
v  -2.2554 1.5586 -1.6647
v  -2.2679 1.5420 -1.6795
v  -2.2766 1.5486 -1.6866
v  -2.2224 1.5538 -1.6453
v  -2.2135 1.5601 -1.6424
v  -2.2209 1.5658 -1.6557
v  -2.2344 1.5591 -1.6580
v  -2.2066 1.5635 -1.6376
v  -2.2057 1.5675 -1.6416
v  -2.2463 1.5654 -1.6613
v  -2.2367 1.5730 -1.6594
v  -2.2474 1.5792 -1.6655
v  -2.2555 1.5717 -1.6672
v  -2.2073 1.5898 -1.6543
v  -2.2144 1.5768 -1.6553
v  -2.2036 1.5754 -1.6411
v  -2.1990 1.5874 -1.6394
v  -2.2275 1.5827 -1.6594
v  -2.2181 1.5955 -1.6614
v  -2.2282 1.6005 -1.6698
v  -2.2381 1.5885 -1.6662
v  -2.1885 1.6018 -1.6416
v  -2.1966 1.6057 -1.6577
v  -2.1761 1.6153 -1.6458
v  -2.1848 1.6206 -1.6634
v  -2.2853 1.5652 -1.7101
v  -2.2905 1.5560 -1.7259
v  -2.2888 1.5471 -1.7142
v  -2.2825 1.5571 -1.6982
v  -2.2934 1.5358 -1.7363
v  -2.2941 1.5460 -1.7460
v  -2.2893 1.5253 -1.7264
v  -2.2832 1.5378 -1.7027
v  -2.2726 1.5784 -1.6937
v  -2.2788 1.5724 -1.6999
v  -2.2755 1.5652 -1.6880
v  -2.2688 1.5719 -1.6820
v  -2.2609 1.5897 -1.6897
v  -2.2669 1.5837 -1.6904
v  -2.2623 1.5780 -1.6785
v  -2.2555 1.5850 -1.6771
v  -2.2536 1.5968 -1.6910
v  -2.2474 1.5937 -1.6779
v  -2.2383 1.6041 -1.6823
v  -2.2458 1.6052 -1.6956
v  -2.2857 1.5620 -1.7345
v  -2.2893 1.5534 -1.7528
v  -2.2811 1.5699 -1.7197
v  -2.2738 1.5716 -1.7274
v  -2.2776 1.5651 -1.7408
v  -2.2808 1.5582 -1.7577
v  -2.2760 1.5763 -1.7101
v  -2.2712 1.5817 -1.7044
v  -2.2658 1.5810 -1.7136
v  -2.2698 1.5768 -1.7186
v  -2.2666 1.5862 -1.7016
v  -2.2615 1.5905 -1.7010
v  -2.2574 1.5878 -1.7111
v  -2.2620 1.5845 -1.7114
v  -2.2548 1.5959 -1.7023
v  -2.2513 1.5921 -1.7120
v  -2.2478 1.6026 -1.7063
v  -2.2446 1.5977 -1.7152
v  -2.2417 1.6111 -1.7139
v  -2.2383 1.6048 -1.7214
v  -2.2388 1.6155 -1.7041
v  -2.2354 1.6259 -1.7166
v  -2.2383 1.6195 -1.7252
v  -2.2328 1.6126 -1.7304
v  -2.2364 1.6263 -1.7395
v  -2.2294 1.6205 -1.7430
v  -2.2369 1.6339 -1.7338
v  -2.2414 1.6383 -1.7543
v  -2.2379 1.6305 -1.7573
v  -2.2297 1.6252 -1.7594
v  -2.2337 1.6246 -1.7791
v  -2.2429 1.6295 -1.7779
v  -2.2486 1.6377 -1.7764
v  -2.2550 1.6317 -1.7997
v  -2.2483 1.6231 -1.7993
v  -2.2380 1.6187 -1.7998
v  -2.2498 1.6127 -1.8208
v  -2.2392 1.6091 -1.8201
v  -2.2574 1.6202 -1.8227
v  -2.2577 1.6052 -1.8439
v  -2.2496 1.5989 -1.8402
v  -2.2393 1.5960 -1.8382
v  -2.2481 1.5834 -1.8568
v  -2.2492 1.5662 -1.8668
v  -2.2423 1.5644 -1.8606
v  -2.2392 1.5812 -1.8533
v  -2.2567 1.5886 -1.8620
v  -2.2557 1.5706 -1.8752
v  -2.2548 1.5498 -1.8688
v  -2.2632 1.5369 -1.8643
v  -2.2589 1.5506 -1.8796
v  -2.2677 1.5341 -1.8750
v  -2.2570 1.5395 -1.8562
v  -2.2490 1.5503 -1.8607
v  -2.2786 1.5240 -1.8633
v  -2.2729 1.5294 -1.8545
v  -2.2905 1.5214 -1.8456
v  -2.2828 1.5288 -1.8396
v  -2.2658 1.5336 -1.8477
v  -2.2738 1.5334 -1.8346
v  -2.2896 1.5331 -1.8190
v  -2.2793 1.5376 -1.8162
v  -2.2980 1.5237 -1.8215
v  -2.2992 1.5289 -1.7945
v  -2.2921 1.5386 -1.7953
v  -2.2822 1.5441 -1.7956
v  -2.2824 1.5509 -1.7759
v  -2.2914 1.5453 -1.7731
v  -2.2969 1.5364 -1.7690
v  -2.2191 1.6146 -1.7452
v  -2.2068 1.6077 -1.7467
v  -2.2143 1.5970 -1.7380
v  -2.2244 1.6051 -1.7346
v  -2.2183 1.6205 -1.7610
v  -2.2048 1.6153 -1.7625
v  -2.2217 1.6202 -1.7801
v  -2.2258 1.6148 -1.8000
v  -2.2120 1.6105 -1.8000
v  -2.2079 1.6156 -1.7812
v  -2.2269 1.6058 -1.8193
v  -2.2133 1.6020 -1.8181
v  -2.2273 1.5937 -1.8361
v  -2.2139 1.5911 -1.8339
v  -2.2285 1.5797 -1.8495
v  -2.2329 1.5639 -1.8545
v  -2.2215 1.5632 -1.8490
v  -2.2164 1.5776 -1.8452
v  -2.2397 1.5515 -1.8532
v  -2.2473 1.5421 -1.8484
v  -2.2353 1.5433 -1.8408
v  -2.2280 1.5516 -1.8466
v  -2.2554 1.5370 -1.8405
v  -2.2627 1.5367 -1.8290
v  -2.2502 1.5394 -1.8225
v  -2.2434 1.5394 -1.8330
v  -2.2559 1.5596 -1.7643
v  -2.2562 1.5544 -1.7784
v  -2.2702 1.5535 -1.7776
v  -2.2693 1.5598 -1.7613
v  -2.2559 1.5489 -1.7934
v  -2.2698 1.5471 -1.7949
v  -2.2674 1.5406 -1.8129
v  -2.2542 1.5431 -1.8088
v  -2.1928 1.6103 -1.7826
v  -2.1904 1.6084 -1.7639
v  -2.1968 1.6061 -1.8006
v  -2.1793 1.6017 -1.7850
v  -2.1821 1.5990 -1.8015
v  -2.1783 1.5965 -1.7686
v  -2.1985 1.5980 -1.8174
v  -2.1848 1.5919 -1.8158
v  -2.1999 1.5871 -1.8317
v  -2.1873 1.5801 -1.8264
v  -2.2036 1.5734 -1.8404
v  -2.2095 1.5602 -1.8424
v  -2.1979 1.5570 -1.8331
v  -2.1924 1.5682 -1.8329
v  -2.2103 1.5445 -1.8231
v  -2.2044 1.5489 -1.8301
v  -2.2159 1.5500 -1.8392
v  -2.2231 1.5435 -1.8326
v  -2.2309 1.5409 -1.8247
v  -2.2375 1.5419 -1.8152
v  -2.2227 1.5446 -1.8080
v  -2.2181 1.5431 -1.8164
v  -2.2405 1.5455 -1.8036
v  -2.2260 1.5475 -1.7991
v  -2.2414 1.5502 -1.7910
v  -2.2252 1.5511 -1.7896
v  -2.2657 1.5705 -1.7347
v  -2.2631 1.5750 -1.7268
v  -2.2599 1.5784 -1.7222
v  -2.2551 1.5761 -1.7284
v  -2.2554 1.5730 -1.7334
v  -2.2560 1.5689 -1.7409
v  -2.2101 1.5494 -1.7969
v  -2.2060 1.5520 -1.7909
v  -2.1815 1.5571 -1.7959
v  -2.2046 1.5484 -1.8023
v  -2.1846 1.5633 -1.8218
v  -2.1882 1.5558 -1.8186
v  -2.1788 1.5698 -1.8154
v  -2.2558 1.5811 -1.7206
v  -2.2500 1.5770 -1.7293
v  -2.2507 1.5837 -1.7208
v  -2.2434 1.5791 -1.7303
v  -2.1744 1.5789 -1.7785
v  -2.1739 1.5871 -1.7883
v  -2.1743 1.5820 -1.7998
v  -2.1768 1.5805 -1.8106
v  -2.1946 1.5504 -1.8191
v  -2.1967 1.5486 -1.8121
v  -2.2047 1.5467 -1.8092
v  -2.2415 1.5547 -1.7787
v  -2.2261 1.5545 -1.7800
v  -2.2416 1.5592 -1.7667
v  -2.2252 1.5582 -1.7706
v  -2.2100 1.5540 -1.7839
v  -2.2054 1.5568 -1.7780
v  -2.1846 1.5861 -1.7545
v  -2.1797 1.5740 -1.7660
v  -2.1906 1.5638 -1.7668
v  -2.2024 1.5750 -1.7490
v  -2.2677 1.5654 -1.7465
v  -2.2560 1.5644 -1.7514
v  -2.2465 1.5726 -1.7371
v  -2.2443 1.5683 -1.7453
v  -2.2367 1.5740 -1.7390
v  -2.2312 1.5687 -1.7483
v  -2.2271 1.5630 -1.7593
v  -2.2426 1.5637 -1.7553
v  -2.2446 1.5874 -1.7217
v  -2.2361 1.5822 -1.7313
v  -2.2381 1.5921 -1.7241
v  -2.2289 1.5861 -1.7325
v  -2.2226 1.5908 -1.7341
v  -2.2313 1.5979 -1.7283
v  -2.2264 1.5766 -1.7399
v  -2.2169 1.5701 -1.7502
v  -2.2183 1.5800 -1.7397
v  -2.2149 1.5847 -1.7385
v  -2.2054 1.5875 -1.7414
v  -2.1940 1.5987 -1.7479
v  -2.2086 1.5620 -1.7643
v  -2.2744 1.5308 -1.6954
v  -2.2810 1.5168 -1.7200
v  -2.2980 1.5240 -1.7634
v  -2.3031 1.5138 -1.7935
v  -2.2963 1.5106 -1.7579
v  -2.3042 1.4964 -1.7929
v  -2.3035 1.5079 -1.8249
v  -2.3053 1.4887 -1.8286
v  -2.2965 1.5076 -1.8538
v  -2.2986 1.4895 -1.8623
v  -2.2837 1.5145 -1.8765
v  -2.2858 1.5001 -1.8911
v  -2.2715 1.5294 -1.8911
v  -2.2713 1.5200 -1.9148
v  -2.2620 1.5524 -1.8956
v  -2.2615 1.5544 -1.9130
v  -2.2627 1.5786 -1.8884
v  -2.2673 1.5910 -1.9085
v  -2.2572 1.5552 -1.9292
v  -2.2641 1.5848 -1.9307
v  -2.2624 1.5263 -1.9356
v  -2.2646 1.6139 -1.8842
v  -2.2625 1.5995 -1.8723
v  -2.2598 1.6175 -1.8510
v  -2.2578 1.6317 -1.8590
v  -2.2566 1.6337 -1.8272
v  -2.2523 1.6479 -1.8322
v  -2.2529 1.6458 -1.8018
v  -2.2471 1.6604 -1.8049
v  -2.2462 1.6507 -1.7763
v  -2.2394 1.6648 -1.7772
v  -2.2375 1.6490 -1.7511
v  -2.2287 1.6600 -1.7497
v  -2.2290 1.6164 -1.6912
v  -2.2175 1.6156 -1.6775
v  -2.2080 1.6338 -1.6912
v  -2.2248 1.6300 -1.7051
v  -2.2069 1.6118 -1.6672
v  -2.1951 1.6266 -1.6754
v  -2.2290 1.6415 -1.7261
v  -2.2178 1.6492 -1.7211
v  -2.1652 1.6253 -1.6505
v  -2.1748 1.6315 -1.6690
v  -2.1525 1.6330 -1.6613
v  -2.1649 1.6398 -1.6808
v  -2.1773 1.6452 -1.6957
v  -2.1848 1.6364 -1.6831
v  -2.1951 1.6438 -1.6992
v  -2.1876 1.6494 -1.7065
v  -2.1367 1.6413 -1.6826
v  -2.1553 1.6504 -1.7027
v  -2.1213 1.6518 -1.7035
v  -2.1456 1.6615 -1.7247
v  -2.1736 1.6569 -1.7183
v  -2.1906 1.6591 -1.7264
v  -2.1696 1.6675 -1.7417
v  -2.1958 1.6715 -1.7588
v  -2.2048 1.6555 -1.7245
v  -2.2151 1.6673 -1.7534
v  -2.2273 1.6739 -1.7809
v  -2.2138 1.6791 -1.7863
v  -2.2258 1.6768 -1.8132
v  -2.2365 1.6691 -1.8091
v  -2.2431 1.6572 -1.8377
v  -2.2357 1.6678 -1.8419
v  -2.2467 1.6573 -1.8713
v  -2.2512 1.6438 -1.8664
v  -2.2625 1.6301 -1.8956
v  -2.2666 1.6156 -1.9200
v  -2.2531 1.6458 -1.9010
v  -2.2666 1.6045 -1.9343
v  -2.2404 1.6707 -1.8711
v  -2.2415 1.6622 -1.8960
v  -2.2289 1.6806 -1.8817
v  -2.2326 1.6820 -1.8669
v  -2.2321 1.6818 -1.8429
v  -2.2253 1.6937 -1.8470
v  -2.2205 1.6906 -1.8149
v  -2.2107 1.7106 -1.8147
v  -2.1970 1.7226 -1.8329
v  -2.2145 1.7013 -1.8590
v  -2.1833 1.6794 -1.7752
v  -2.1724 1.6935 -1.7784
v  -2.1956 1.7050 -1.7889
v  -2.2042 1.6890 -1.7917
v  -2.1759 1.7439 -1.8102
v  -2.1864 1.7351 -1.7939
v  -2.1638 1.7559 -1.7798
v  -2.1562 1.7630 -1.7934
v  -2.1353 1.7870 -1.7888
v  -2.1435 1.7779 -1.7855
v  -2.1438 1.7774 -1.7752
v  -2.1309 1.7918 -1.7894
v  -2.1558 1.7400 -1.7683
v  -2.1356 1.7660 -1.7639
v  -2.1255 1.7503 -1.7682
v  -2.1364 1.7228 -1.7730
v  -2.1783 1.7216 -1.7778
v  -2.1565 1.7077 -1.7752
v  -2.1205 1.7399 -1.7731
v  -2.1221 1.7245 -1.7760
v  -2.1144 1.7501 -1.7743
v  -2.1117 1.7584 -1.7741
v  -2.1145 1.7117 -1.7730
v  -2.1230 1.7067 -1.7698
v  -2.1073 1.7058 -1.7529
v  -2.1015 1.7123 -1.7577
v  -1.9917 1.7378 -1.6139
v  -1.9798 1.7235 -1.6124
v  -1.9707 1.7339 -1.6215
v  -1.9883 1.7518 -1.6225
v  -2.0044 1.7739 -1.6412
v  -2.0121 1.7616 -1.6348
v  -2.0100 1.7613 -1.6281
v  -2.0008 1.7703 -1.6304
v  -2.0118 1.7699 -1.6509
v  -2.0176 1.7584 -1.6430
v  -2.0037 1.7559 -1.6167
v  -2.0055 1.7345 -1.6076
v  -2.0155 1.7490 -1.6202
v  -2.0249 1.7260 -1.6110
v  -1.9969 1.7140 -1.6049
v  -2.0167 1.7018 -1.6066
v  -2.0196 1.7460 -1.6271
v  -2.0239 1.7436 -1.6353
v  -2.0299 1.7319 -1.6311
v  -2.0288 1.7297 -1.6232
v  -2.0575 1.6922 -1.6373
v  -2.0556 1.6756 -1.6353
v  -2.0368 1.6883 -1.6173
v  -2.0417 1.7063 -1.6212
v  -2.0266 1.7514 -1.6539
v  -2.0225 1.7627 -1.6633
v  -2.0352 1.7526 -1.6783
v  -2.0381 1.7418 -1.6677
v  -2.0493 1.7124 -1.6488
v  -2.0539 1.7025 -1.6426
v  -2.0405 1.7152 -1.6290
v  -2.0378 1.7230 -1.6365
v  -2.0322 1.7366 -1.6450
v  -2.0431 1.7269 -1.6576
v  -2.0671 1.7202 -1.7057
v  -2.0513 1.7311 -1.6849
v  -2.0490 1.7410 -1.6954
v  -2.0651 1.7294 -1.7150
v  -2.0853 1.6731 -1.6854
v  -2.0887 1.6602 -1.6855
v  -2.0727 1.6662 -1.6582
v  -2.0722 1.6809 -1.6589
v  -2.0839 1.7191 -1.7374
v  -2.0870 1.7109 -1.7302
v  -2.1605 1.6752 -1.7565
v  -2.1485 1.6846 -1.7640
v  -2.1352 1.6696 -1.7372
v  -2.1211 1.6801 -1.7409
v  -2.0768 1.6937 -1.6904
v  -2.0806 1.6835 -1.6848
v  -2.0675 1.6915 -1.6623
v  -2.0620 1.7024 -1.6673
v  -2.1017 1.6717 -1.7136
v  -2.1098 1.6613 -1.7138
v  -2.0936 1.6797 -1.7066
v  -2.0957 1.6869 -1.7165
v  -2.1354 1.6971 -1.7669
v  -2.1152 1.6951 -1.7483
v  -2.0715 1.7070 -1.6975
v  -2.0922 1.6987 -1.7238
v  -2.0559 1.7169 -1.6753
v  -2.2680 1.4869 -1.6751
v  -2.2612 1.4677 -1.6843
v  -2.2625 1.4872 -1.7227
v  -2.2569 1.4683 -1.7315
v  -2.2457 1.4548 -1.6876
v  -2.2249 1.4434 -1.6973
v  -2.2433 1.4539 -1.7333
v  -2.2286 1.4460 -1.7286
v  -2.2723 1.4917 -1.7587
v  -2.2879 1.4990 -1.7552
v  -2.2949 1.4809 -1.7938
v  -2.2798 1.4699 -1.7966
v  -2.2965 1.4701 -1.8316
v  -2.2818 1.4551 -1.8330
v  -2.2928 1.4686 -1.8687
v  -2.2790 1.4494 -1.8708
v  -2.2692 1.4952 -1.9309
v  -2.2821 1.4798 -1.9046
v  -2.2691 1.4576 -1.9107
v  -2.2627 1.5065 -1.9431
v  -2.2642 1.4762 -1.7633
v  -2.2546 1.4599 -1.7674
v  -2.2664 1.4594 -1.7984
v  -2.2499 1.4499 -1.7974
v  -2.2367 1.4482 -1.7660
v  -2.2161 1.4420 -1.7536
v  -2.2264 1.4436 -1.7917
v  -2.1989 1.4396 -1.7791
v  -2.2640 1.4466 -1.8318
v  -2.2422 1.4419 -1.8266
v  -2.2583 1.4384 -1.8665
v  -2.2323 1.4372 -1.8558
v  -2.2215 1.4357 -1.8856
v  -2.2491 1.4386 -1.9042
v  -2.1980 1.4361 -1.7249
v  -2.1705 1.4340 -1.7576
v  -2.1429 1.4260 -1.7313
v  -2.1808 1.4278 -1.6912
v  -2.1615 1.4193 -1.6631
v  -2.1179 1.4186 -1.7034
v  -2.0947 1.4139 -1.6747
v  -2.1416 1.4124 -1.6377
v  -2.1234 1.4055 -1.6134
v  -2.1062 1.4000 -1.5912
v  -2.0733 1.4113 -1.6465
v  -2.0538 1.4112 -1.6202
v  -2.0398 1.3987 -1.5140
v  -2.0326 1.3997 -1.5025
v  -2.0488 1.3973 -1.5256
v  -1.9891 1.4198 -1.5481
v  -1.9800 1.4226 -1.5354
v  -1.9738 1.4242 -1.5220
v  -2.0261 1.4004 -1.4884
v  -2.0197 1.4001 -1.4711
v  -1.9680 1.4237 -1.5059
v  -1.9617 1.4194 -1.4889
v  -1.9061 1.4259 -1.5148
v  -1.9136 1.4348 -1.5279
v  -1.9213 1.4386 -1.5418
v  -1.9491 1.3963 -1.4562
v  -2.0055 1.3849 -1.4282
v  -2.0124 1.3958 -1.4507
v  -1.9549 1.4099 -1.4731
v  -1.8987 1.4142 -1.5033
v  -1.8914 1.4005 -1.4904
v  -2.0009 1.3721 -1.4015
v  -1.9454 1.3800 -1.4344
v  -1.9406 1.3639 -1.4109
v  -1.9944 1.3605 -1.3724
v  -1.8842 1.3843 -1.4736
v  -1.8763 1.3672 -1.4556
v  -1.9828 1.3461 -1.3461
v  -1.9322 1.3473 -1.3905
v  -1.9243 1.3283 -1.3779
v  -1.9743 1.3250 -1.3327
v  -2.0898 1.3976 -1.5716
v  -2.0746 1.3968 -1.5543
v  -2.0364 1.4116 -1.5974
v  -2.0199 1.4129 -1.5781
v  -2.0606 1.3965 -1.5390
v  -2.0033 1.4159 -1.5620
v  -1.9289 1.4376 -1.5546
v  -1.9390 1.4340 -1.5674
v  -2.0335 1.4114 -1.6740
v  -2.0105 1.4163 -1.6458
v  -2.0591 1.4102 -1.7043
v  -1.9906 1.4192 -1.6216
v  -1.9724 1.4228 -1.6008
v  -1.9543 1.4282 -1.5828
v  -2.1481 1.4341 -1.7827
v  -2.1145 1.4250 -1.7611
v  -2.1829 1.4390 -1.8008
v  -2.1697 1.4388 -1.8199
v  -2.1349 1.4356 -1.8025
v  -2.2146 1.4407 -1.8160
v  -2.2026 1.4389 -1.8391
v  -2.1914 1.4383 -1.8619
v  -2.1609 1.4391 -1.8377
v  -2.1348 1.4379 -1.8194
v  -2.0855 1.4154 -1.7343
v  -2.1849 1.2055 -1.8811
v  -2.2022 1.2078 -1.8913
v  -2.2003 1.2062 -1.8623
v  -2.1825 1.2056 -1.8572
v  -2.1952 1.2077 -1.8251
v  -2.1765 1.2076 -1.8257
v  -2.1887 1.2075 -1.7813
v  -2.1799 1.2050 -1.7378
v  -2.1617 1.2060 -1.7464
v  -2.1699 1.2080 -1.7864
v  -2.1685 1.2018 -1.7016
v  -2.1548 1.1981 -1.6703
v  -2.1366 1.1986 -1.6830
v  -2.1505 1.2024 -1.7123
v  -2.1391 1.1957 -1.6417
v  -2.1145 1.1970 -1.6122
v  -2.1204 1.1954 -1.6567
v  -2.0934 1.1943 -1.6302
v  -2.1986 1.2115 -1.9104
v  -2.1817 1.2074 -1.8971
v  -2.1586 1.1812 -1.8748
v  -2.1685 1.1959 -1.8867
v  -2.1709 1.1990 -1.8727
v  -2.1624 1.1896 -1.8664
v  -2.1679 1.2000 -1.8525
v  -2.1576 1.1872 -1.8509
v  -2.1616 1.2001 -1.8255
v  -2.1502 1.1849 -1.8264
v  -2.1347 1.1841 -1.7611
v  -2.1426 1.1848 -1.7948
v  -2.1551 1.1995 -1.7905
v  -2.1474 1.1973 -1.7538
v  -2.1111 1.1806 -1.7042
v  -2.1241 1.1829 -1.7310
v  -2.1368 1.1941 -1.7219
v  -2.1229 1.1916 -1.6941
v  -2.0946 1.1794 -1.6808
v  -2.1069 1.1880 -1.6691
v  -2.0797 1.1875 -1.6454
v  -2.0686 1.1811 -1.6600
v  -2.1473 1.1696 -1.8557
v  -2.1348 1.1663 -1.8313
v  -2.0996 1.1647 -1.7793
v  -2.1059 1.1620 -1.8070
v  -2.1264 1.1676 -1.8011
v  -2.1188 1.1703 -1.7695
v  -2.0915 1.1629 -1.8073
v  -2.0831 1.1645 -1.7890
v  -2.0786 1.1677 -1.7299
v  -2.0907 1.1661 -1.7533
v  -2.1086 1.1724 -1.7410
v  -2.0962 1.1718 -1.7154
v  -2.0724 1.1660 -1.7692
v  -2.0592 1.1685 -1.7491
v  -2.0796 1.1732 -1.6939
v  -2.0624 1.1711 -1.7099
v  -2.0558 1.1774 -1.6754
v  -2.0410 1.1772 -1.6924
v  -2.0430 1.1735 -1.7303
v  -2.0232 1.1803 -1.7117
v  -1.9981 1.1833 -1.6919
v  -2.0127 1.1822 -1.6756
v  -1.9905 1.1838 -1.6645
v  -1.9743 1.1836 -1.6715
v  -2.0218 1.1833 -1.6585
v  -1.9862 1.1852 -1.6483
v  -2.0281 1.1862 -1.6402
v  -1.9840 1.1880 -1.6275
v  -1.9585 1.1839 -1.6509
v  -1.9471 1.1848 -1.6291
v  -2.0344 1.1907 -1.6207
v  -1.9829 1.1916 -1.6042
v  -2.0474 1.1959 -1.6003
v  -1.9869 1.1986 -1.5667
v  -2.0741 1.2007 -1.5790
v  -2.0350 1.2063 -1.5386
v  -1.9367 1.1867 -1.6053
v  -1.9247 1.1922 -1.5752
v  -2.0144 1.2196 -1.4877
v  -2.0030 1.2421 -1.4363
v  -1.9556 1.2415 -1.4646
v  -1.9675 1.2171 -1.5118
v  -1.9084 1.2069 -1.5352
v  -1.8910 1.2303 -1.4958
v  -1.9899 1.2663 -1.3920
v  -1.9773 1.2839 -1.3578
v  -1.9281 1.2832 -1.3958
v  -1.9410 1.2634 -1.4252
v  -1.9721 1.3037 -1.3373
v  -1.9214 1.3048 -1.3784
v  -1.8738 1.2544 -1.4636
v  -1.8586 1.2760 -1.4376
v  -1.8565 1.3304 -1.4271
v  -1.8665 1.3499 -1.4396
v  -1.8506 1.3024 -1.4228
v  -1.7805 1.2199 -1.0385
v  -1.7384 1.2210 -1.0147
v  -1.7158 1.2730 -1.0304
v  -1.6778 1.2725 -1.0158
v  -1.7057 1.2428 -1.0319
v  -1.6641 1.2400 -1.0218
v  -1.6384 1.2668 -0.9826
v  -1.6096 1.2561 -0.9367
v  -1.6292 1.2296 -0.9826
v  -1.6014 1.2169 -0.9340
v  -1.5869 1.2481 -0.8952
v  -1.5635 1.2443 -0.8581
v  -1.5770 1.2079 -0.8929
v  -1.5517 1.2022 -0.8561
v  -1.5372 1.2449 -0.8226
v  -1.5054 1.2518 -0.7826
v  -1.5245 1.1991 -0.8182
v  -1.4915 1.2031 -0.7741
v  -1.7109 1.1791 -0.9595
v  -1.6873 1.1615 -0.9474
v  -1.6822 1.1573 -0.9809
v  -1.6985 1.1786 -0.9854
v  -1.6731 1.1400 -0.9395
v  -1.6665 1.1180 -0.9422
v  -1.6696 1.1193 -0.9689
v  -1.6729 1.1365 -0.9732
v  -1.6998 1.2157 -1.0294
v  -1.6590 1.2105 -1.0292
v  -1.6932 1.1907 -1.0251
v  -1.6576 1.1839 -1.0434
v  -1.6290 1.1979 -0.9900
v  -1.6335 1.1689 -1.0030
v  -1.6097 1.1548 -0.9494
v  -1.6023 1.1845 -0.9395
v  -1.5762 1.1734 -0.8966
v  -1.5805 1.1418 -0.9041
v  -1.5492 1.1642 -0.8567
v  -1.5516 1.1291 -0.8608
v  -1.5202 1.1564 -0.8158
v  -1.4862 1.1569 -0.7715
v  -1.5212 1.1172 -0.8170
v  -1.4836 1.1139 -0.7793
v  -1.4034 1.0272 -0.7668
v  -1.4407 1.0564 -0.7831
v  -1.4379 1.0098 -0.8238
v  -1.4032 0.9812 -0.8090
v  -1.3900 1.0948 -0.7213
v  -1.4407 1.1111 -0.7468
v  -1.4785 1.0718 -0.8065
v  -1.4726 1.0292 -0.8441
v  -1.5156 1.0834 -0.8347
v  -1.5068 1.0455 -0.8688
v  -1.5506 1.0960 -0.8714
v  -1.5417 1.0616 -0.8971
v  -1.5812 1.1104 -0.9165
v  -1.5760 1.0746 -0.9405
v  -1.6109 1.1251 -0.9652
v  -1.6060 1.0913 -0.9911
v  -1.7002 1.0667 -0.9745
v  -1.6852 1.0801 -0.9789
v  -1.7193 1.0569 -1.0154
v  -1.6973 1.0802 -1.0305
v  -1.6716 1.0971 -0.9620
v  -1.6767 1.1046 -0.9938
v  -1.7456 1.0444 -1.0619
v  -1.6785 1.1226 -1.0172
v  -1.6796 1.1448 -1.0297
v  -1.6898 1.1028 -1.0651
v  -1.6707 1.1261 -1.0921
v  -1.6831 1.1676 -1.0274
v  -1.6592 1.1598 -1.0595
v  -1.6351 1.1413 -1.0216
v  -1.6329 1.1112 -1.0487
v  -1.7039 1.0764 -1.1091
v  -1.6882 1.0888 -1.1355
v  -1.7217 1.0592 -1.0833
v  -1.7257 1.0499 -1.1457
v  -1.7075 1.0629 -1.1697
v  -1.7675 0.9848 -1.1836
v  -1.7725 0.9392 -1.1587
v  -1.7578 0.9307 -1.1626
v  -1.7452 0.9835 -1.2026
v  -1.7492 1.0226 -1.1735
v  -1.7294 1.0308 -1.1942
v  -1.7412 0.9165 -1.1782
v  -1.7406 0.9569 -1.2275
v  -1.7441 0.8949 -1.2035
v  -1.7507 0.9361 -1.2521
v  -1.7636 0.8737 -1.2242
v  -1.7747 0.9184 -1.2742
v  -1.7940 0.8559 -1.2305
v  -1.8155 0.9057 -1.2960
v  -1.8254 0.8530 -1.2094
v  -1.8561 0.8929 -1.2643
v  -1.8919 0.9250 -1.3104
v  -1.9264 0.9490 -1.3500
v  -1.8578 0.9325 -1.3430
v  -1.8909 0.9532 -1.3791
v  -1.9361 0.9768 -1.4380
v  -1.9164 0.9672 -1.4108
v  -1.9535 0.9654 -1.3843
v  -1.9744 0.9778 -1.4135
v  -1.9910 0.9883 -1.4383
v  -2.0046 0.9974 -1.4614
v  -1.9650 0.9904 -1.4818
v  -1.9517 0.9845 -1.4601
v  -2.0168 1.0041 -1.4868
v  -1.9778 0.9944 -1.5068
v  -2.0294 1.0082 -1.5153
v  -1.9913 0.9968 -1.5357
v  -2.0448 1.0088 -1.5485
v  -2.0070 0.9981 -1.5689
v  -2.0616 1.0063 -1.5853
v  -2.0237 0.9993 -1.6053
v  -2.0778 1.0057 -1.6267
v  -2.0401 1.0042 -1.6441
v  -2.0898 1.0071 -1.6729
v  -2.0509 1.0153 -1.6855
v  -1.6374 1.0680 -1.2006
v  -1.6488 1.0934 -1.1392
v  -1.6714 1.0888 -1.1595
v  -1.6813 1.0765 -1.1957
v  -1.5765 1.0094 -1.0856
v  -1.5920 1.0499 -1.0324
v  -1.6181 1.0773 -1.0911
v  -1.5997 1.0390 -1.1401
v  -1.5183 0.9745 -1.0025
v  -1.5278 1.0181 -0.9456
v  -1.5612 1.0316 -0.9832
v  -1.5488 0.9902 -1.0408
v  -1.4542 0.9458 -0.9394
v  -1.4642 0.9870 -0.8898
v  -1.4967 1.0030 -0.9155
v  -1.4873 0.9593 -0.9687
v  -1.4301 0.9692 -0.8686
v  -1.3949 0.9458 -0.8518
v  -1.4192 0.9319 -0.9158
v  -1.3824 0.9146 -0.8965
v  -1.7273 1.0187 -1.2529
v  -1.7105 1.0391 -1.2959
v  -1.6753 1.0593 -1.2609
v  -1.7063 1.0523 -1.2260
v  -1.7392 0.9941 -1.2763
v  -1.7321 1.0183 -1.3178
v  -1.7537 0.9758 -1.2969
v  -1.7499 1.0030 -1.3341
v  -1.7761 0.9615 -1.3180
v  -1.7703 0.9918 -1.3527
v  -1.8040 0.9557 -1.3418
v  -1.7931 0.9895 -1.3729
v  -1.8324 0.9613 -1.3724
v  -1.8146 0.9916 -1.3966
v  -1.8586 0.9714 -1.4043
v  -1.8341 0.9968 -1.4216
v  -1.8798 0.9817 -1.4320
v  -1.8504 1.0043 -1.4463
v  -1.8971 0.9907 -1.4564
v  -1.8644 1.0093 -1.4706
v  -1.8900 1.0105 -1.5165
v  -1.8773 1.0111 -1.4934
v  -1.9118 0.9976 -1.4777
v  -1.9253 1.0017 -1.4997
v  -1.9182 1.0050 -1.5695
v  -1.9030 1.0085 -1.5416
v  -1.9390 1.0035 -1.5251
v  -1.9538 1.0014 -1.5537
v  -1.9587 1.0015 -1.6336
v  -1.9373 1.0012 -1.6007
v  -1.9707 0.9992 -1.5861
v  -1.9888 0.9991 -1.6206
v  -1.9968 1.0085 -1.6883
v  -1.9807 1.0033 -1.6662
v  -2.0072 1.0028 -1.6559
v  -2.0190 1.0134 -1.6902
v  -1.9898 1.0127 -1.7067
v  -1.9619 1.0032 -1.6796
v  -1.9345 0.9999 -1.6468
v  -1.8500 1.0020 -1.5372
v  -1.8643 1.0088 -1.5304
v  -1.8731 1.0047 -1.5548
v  -1.8489 0.9960 -1.5567
v  -1.8854 1.0023 -1.5824
v  -1.9074 1.0008 -1.6136
v  -1.8232 1.0026 -1.5017
v  -1.8401 1.0115 -1.4861
v  -1.8530 1.0111 -1.5080
v  -1.8378 1.0022 -1.5229
v  -1.8273 0.9959 -1.5415
v  -1.8080 0.9983 -1.5182
v  -1.7935 0.9926 -1.4585
v  -1.8123 0.9997 -1.4407
v  -1.8265 1.0076 -1.4633
v  -1.8085 0.9990 -1.4799
v  -1.7726 0.9915 -1.4755
v  -1.7899 0.9969 -1.4963
v  -1.7600 0.9813 -1.4166
v  -1.7778 0.9889 -1.3975
v  -1.7962 0.9933 -1.4189
v  -1.7776 0.9865 -1.4375
v  -1.7555 0.9840 -1.4556
v  -1.7374 0.9773 -1.4357
v  -1.7569 0.9893 -1.3764
v  -1.7398 0.9782 -1.3947
v  -1.7185 0.9793 -1.3747
v  -1.7354 0.9974 -1.3581
v  -1.7175 0.9718 -1.4151
v  -1.6974 0.9677 -1.3951
v  -1.6762 0.9847 -1.3364
v  -1.6907 1.0181 -1.3213
v  -1.7151 1.0077 -1.3429
v  -1.6986 0.9819 -1.3574
v  -1.6588 0.9603 -1.3566
v  -1.6789 0.9641 -1.3772
v  -1.6145 0.9803 -1.2678
v  -1.6190 1.0240 -1.2386
v  -1.6563 1.0275 -1.2853
v  -1.6466 0.9869 -1.3057
v  -1.6339 0.9559 -1.3293
v  -1.6050 0.9476 -1.2973
v  -1.5890 0.9973 -1.1858
v  -1.5839 0.9591 -1.2255
v  -1.5525 0.9439 -1.1815
v  -1.5648 0.9733 -1.1371
v  -1.5703 0.9367 -1.2589
v  -1.5342 0.9275 -1.2176
v  -1.5364 0.9546 -1.0942
v  -1.5206 0.9293 -1.1403
v  -1.4890 0.9136 -1.1029
v  -1.5060 0.9384 -1.0560
v  -1.5000 0.9141 -1.1789
v  -1.4675 0.8978 -1.1431
v  -1.4746 0.9235 -1.0215
v  -1.4574 0.8978 -1.0684
v  -1.4253 0.8824 -1.0366
v  -1.4420 0.9094 -0.9904
v  -1.4359 0.8804 -1.1095
v  -1.4040 0.8638 -1.0779
v  -1.4076 0.8959 -0.9633
v  -1.3921 0.8675 -1.0082
v  -1.3575 0.8506 -0.9847
v  -1.3712 0.8811 -0.9411
v  -1.3709 0.8487 -1.0491
v  -1.3367 0.8319 -1.0253
v  -1.4447 1.1655 -0.7308
v  -1.4472 1.2196 -0.7279
v  -1.3990 1.1725 -0.6973
v  -1.3896 1.2411 -0.6865
v  -1.3708 1.1735 -0.6711
v  -1.3520 1.2118 -0.6569
v  -1.3603 1.1210 -0.6804
v  -1.3370 1.1559 -0.6518
v  -1.2504 1.6462 -0.8730
v  -1.2652 1.6393 -0.8709
v  -1.2403 1.6151 -0.8469
v  -1.2250 1.6255 -0.8469
v  -1.0988 1.4913 -0.7158
v  -1.0755 1.4520 -0.6871
v  -1.0628 1.4612 -0.6959
v  -1.0850 1.4996 -0.7216
v  -1.0486 1.4109 -0.6649
v  -1.0640 1.3990 -0.6542
v  -1.3369 1.2981 -0.6657
v  -1.3161 1.2532 -0.6456
v  -1.2780 1.2898 -0.6423
v  -1.2902 1.3405 -0.6656
v  -1.3084 1.1932 -0.6323
v  -1.2770 1.2270 -0.6230
v  -1.2432 1.3178 -0.6469
v  -1.2534 1.3670 -0.6777
v  -1.2465 1.2546 -0.6206
v  -1.2171 1.2777 -0.6224
v  -1.2104 1.3405 -0.6554
v  -1.2215 1.3873 -0.6914
v  -1.1809 1.3597 -0.6646
v  -1.1947 1.4057 -0.7020
v  -1.1883 1.2988 -0.6266
v  -1.1595 1.3197 -0.6318
v  -1.1554 1.3788 -0.6707
v  -1.1719 1.4247 -0.7074
v  -1.1319 1.3998 -0.6737
v  -1.1513 1.4449 -0.7087
v  -1.1306 1.3417 -0.6379
v  -1.1052 1.3627 -0.6427
v  -1.1099 1.4215 -0.6754
v  -1.1326 1.4637 -0.7092
v  -1.0911 1.4392 -0.6797
v  -1.1151 1.4792 -0.7116
v  -1.0830 1.3824 -0.6473
v  -1.1212 1.5362 -0.7545
v  -1.1355 1.5255 -0.7514
v  -1.1610 1.5701 -0.7887
v  -1.1756 1.5578 -0.7879
v  -1.2405 1.4958 -0.7920
v  -1.2809 1.5260 -0.8348
v  -1.2958 1.5093 -0.8206
v  -1.2583 1.4793 -0.7821
v  -1.3310 1.5344 -0.8448
v  -1.3247 1.5582 -0.8636
v  -1.3465 1.5157 -0.8282
v  -1.3164 1.4911 -0.8037
v  -1.2819 1.4611 -0.7673
v  -1.1955 1.6006 -0.8183
v  -1.2112 1.5883 -0.8190
v  -1.2587 1.6003 -0.8544
v  -1.2285 1.5735 -0.8256
v  -1.2460 1.5573 -0.8336
v  -1.2790 1.5844 -0.8624
v  -1.2075 1.5282 -0.7939
v  -1.1913 1.5437 -0.7905
v  -1.1512 1.5125 -0.7500
v  -1.1676 1.4974 -0.7498
v  -1.2990 1.5707 -0.8655
v  -1.2636 1.5419 -0.8374
v  -1.2239 1.5123 -0.7950
v  -1.2480 1.4264 -0.7282
v  -1.2225 1.4449 -0.7408
v  -1.2023 1.4627 -0.7476
v  -1.1846 1.4806 -0.7496
v  -1.4416 1.3303 -0.7236
v  -1.4844 1.3073 -0.7549
v  -1.4623 1.2670 -0.7351
v  -1.4141 1.2952 -0.7027
v  -1.3620 1.5502 -0.8426
v  -1.3718 1.5326 -0.8295
v  -1.3644 1.5688 -0.8527
v  -1.3846 1.5632 -0.8237
v  -1.3895 1.5816 -0.8302
v  -1.3900 1.5456 -0.8150
v  -1.5896 1.5073 -0.8658
v  -1.5840 1.4867 -0.8693
v  -1.5465 1.4855 -0.8330
v  -1.5484 1.5052 -0.8232
v  -1.5849 1.4665 -0.8575
v  -1.5439 1.4681 -0.8294
v  -1.6029 1.5312 -0.8515
v  -1.6254 1.5405 -0.8211
v  -1.5738 1.5331 -0.8084
v  -1.5958 1.5422 -0.7753
v  -1.6451 1.5458 -0.7782
v  -1.6125 1.5487 -0.7303
v  -1.5785 1.5563 -0.6882
v  -1.5871 1.5711 -0.6348
v  -1.5678 1.5501 -0.7366
v  -1.5423 1.5610 -0.7057
v  -1.5493 1.5684 -0.6607
v  -1.5440 1.5871 -0.5964
v  -1.5489 1.5388 -0.7694
v  -1.5228 1.5248 -0.7854
v  -1.5015 1.5406 -0.7517
v  -1.5251 1.5500 -0.7351
v  -1.4880 1.5228 -0.7899
v  -1.4751 1.5413 -0.7604
v  -1.4952 1.5055 -0.8125
v  -1.4501 1.5140 -0.8102
v  -1.4522 1.5300 -0.7899
v  -1.4493 1.5482 -0.7647
v  -1.4282 1.5601 -0.7691
v  -1.4227 1.5429 -0.7913
v  -1.4039 1.5598 -0.7948
v  -1.4156 1.5756 -0.7742
v  -1.4134 1.5275 -0.8095
v  -1.4084 1.5969 -0.8063
v  -1.4004 1.5779 -0.8005
v  -1.4163 1.5917 -0.7793
v  -1.4275 1.6087 -0.7825
v  -1.4500 1.6474 -0.7556
v  -1.4462 1.6287 -0.7834
v  -1.4340 1.6722 -0.7319
v  -1.4231 1.6408 -0.7322
v  -1.4360 1.6233 -0.7568
v  -1.4289 1.6059 -0.7586
v  -1.4234 1.6173 -0.7366
v  -1.4252 1.6018 -0.7413
v  -1.4253 1.5912 -0.7564
v  -1.4886 1.3709 -0.7740
v  -1.5204 1.3570 -0.7950
v  -1.5046 1.3366 -0.7753
v  -1.4672 1.3543 -0.7509
v  -1.3644 1.3390 -0.6862
v  -1.3984 1.3691 -0.7135
v  -1.3180 1.3808 -0.6931
v  -1.3599 1.4173 -0.7306
v  -1.2801 1.4060 -0.7115
v  -1.3150 1.4408 -0.7493
v  -1.4397 1.4093 -0.7614
v  -1.4586 1.3917 -0.7634
v  -1.4314 1.3835 -0.7412
v  -1.4112 1.4137 -0.7482
v  -1.3488 1.4709 -0.7864
v  -1.3880 1.4510 -0.7724
v  -1.3789 1.4945 -0.8125
v  -1.4284 1.4726 -0.8045
v  -1.4934 1.4883 -0.8209
v  -1.4420 1.4965 -0.8180
v  -1.4911 1.4700 -0.8160
v  -1.3997 1.5129 -0.8182
v  -1.5818 1.4466 -0.8342
v  -1.5408 1.4488 -0.8186
v  -1.5719 1.4228 -0.8171
v  -1.5360 1.4288 -0.8089
v  -1.5618 1.4012 -0.8095
v  -1.5306 1.4112 -0.8030
v  -1.5503 1.3836 -0.8072
v  -1.5186 1.3969 -0.7992
v  -1.5353 1.3711 -0.8061
v  -1.5048 1.3841 -0.7904
v  -1.5022 1.4324 -0.8028
v  -1.5075 1.4186 -0.8003
v  -1.4931 1.4117 -0.7942
v  -1.4737 1.4292 -0.7933
v  -1.4778 1.4020 -0.7815
v  -1.4515 1.4203 -0.7758
v  -1.4221 1.4354 -0.7706
v  -1.4536 1.4480 -0.7948
v  -1.4957 1.4510 -0.8079
v  -1.6504 1.7242 -0.5494
v  -1.6234 1.7721 -0.5325
v  -1.6173 1.7355 -0.5067
v  -1.5950 1.7840 -0.4922
v  -1.5892 1.8154 -0.5337
v  -1.5472 1.8388 -0.5491
v  -1.5647 1.8309 -0.4952
v  -1.5267 1.8606 -0.5109
v  -1.4497 1.8419 -0.5459
v  -1.4678 1.8073 -0.5857
v  -1.5056 1.8343 -0.5711
v  -1.4877 1.8627 -0.5324
v  -1.3859 1.8064 -0.5609
v  -1.4025 1.7706 -0.6078
v  -1.4335 1.7897 -0.5987
v  -1.4164 1.8243 -0.5552
v  -1.4250 1.5962 -0.7300
v  -1.4287 1.5872 -0.7151
v  -1.4416 1.5666 -0.7404
v  -1.4298 1.5777 -0.7495
v  -1.4568 1.5724 -0.6863
v  -1.4798 1.5551 -0.7194
v  -1.4586 1.5577 -0.7310
v  -1.4391 1.5772 -0.7006
v  -1.3954 1.6563 -0.6521
v  -1.4104 1.6493 -0.6993
v  -1.4169 1.6879 -0.6977
v  -1.3985 1.7059 -0.6552
v  -1.4164 1.6195 -0.7116
v  -1.4135 1.6147 -0.6870
v  -1.3520 1.7450 -0.5376
v  -1.3712 1.7002 -0.5925
v  -1.3788 1.7366 -0.6057
v  -1.3615 1.7772 -0.5538
v  -1.5021 1.5624 -0.7044
v  -1.5208 1.5714 -0.6830
v  -1.4785 1.5775 -0.6726
v  -1.5001 1.5850 -0.6534
v  -1.4176 1.6041 -0.6671
v  -1.4314 1.5957 -0.6498
v  -1.3959 1.6374 -0.6267
v  -1.4063 1.6250 -0.6080
v  -1.3733 1.6757 -0.5758
v  -1.3835 1.6601 -0.5582
v  -1.3534 1.7200 -0.5210
v  -1.3651 1.7023 -0.5055
v  -1.5308 1.5764 -0.6545
v  -1.5179 1.5877 -0.6232
v  -1.4519 1.5978 -0.6361
v  -1.4261 1.6241 -0.5943
v  -1.4745 1.6045 -0.6180
v  -1.4484 1.6296 -0.5770
v  -1.3874 1.6971 -0.4971
v  -1.4045 1.6573 -0.5466
v  -1.4267 1.6596 -0.5308
v  -1.4088 1.6962 -0.4842
v  -1.5710 1.6561 -0.5084
v  -1.5759 1.6919 -0.4862
v  -1.6068 1.6673 -0.5195
v  -1.6053 1.6341 -0.5486
v  -1.6021 1.7040 -0.4942
v  -1.5818 1.7153 -0.4733
v  -1.5972 1.6013 -0.5884
v  -1.5600 1.6207 -0.5458
v  -1.4948 1.6072 -0.5858
v  -1.5134 1.6148 -0.5449
v  -1.4686 1.6325 -0.5445
v  -1.4879 1.6421 -0.5041
v  -1.4457 1.6608 -0.5004
v  -1.4662 1.6747 -0.4655
v  -1.4269 1.6986 -0.4585
v  -1.4469 1.7164 -0.4324
v  -1.5862 1.7500 -0.4721
v  -1.5632 1.7986 -0.4571
v  -1.5667 1.7514 -0.4480
v  -1.5407 1.8116 -0.4192
v  -1.5308 1.6447 -0.5056
v  -1.5446 1.6840 -0.4723
v  -1.5072 1.6732 -0.4682
v  -1.5221 1.7170 -0.4416
v  -1.5528 1.7257 -0.4535
v  -1.5313 1.7641 -0.4265
v  -1.4860 1.7076 -0.4352
v  -1.5002 1.7536 -0.4169
v  -1.4653 1.7492 -0.4100
v  -1.4779 1.7918 -0.3970
v  -1.5075 1.8000 -0.4068
v  -1.5075 1.8464 -0.3977
v  -1.4833 1.8334 -0.3888
v  -1.4833 1.8748 -0.3782
v  -1.5376 1.8498 -0.4577
v  -1.5060 1.8877 -0.4721
v  -1.5183 1.8764 -0.4228
v  -1.4880 1.9178 -0.4368
v  -1.4713 1.8975 -0.4925
v  -1.4557 1.9311 -0.4540
v  -1.4234 1.9243 -0.4680
v  -1.4354 1.8849 -0.5069
v  -1.4961 1.8993 -0.3967
v  -1.4707 1.9408 -0.4069
v  -1.4752 1.9227 -0.3731
v  -1.4529 1.9605 -0.3796
v  -1.4039 1.8673 -0.5135
v  -1.3943 1.9088 -0.4745
v  -1.3673 1.8914 -0.4756
v  -1.3747 1.8495 -0.5162
v  -1.4275 1.9762 -0.3928
v  -1.4414 1.9564 -0.4215
v  -1.4013 1.9743 -0.4053
v  -1.4120 1.9530 -0.4341
v  -1.3511 1.8241 -0.5054
v  -1.3471 1.8687 -0.4623
v  -1.3387 1.8446 -0.4423
v  -1.3415 1.7960 -0.4865
v  -1.3578 1.9497 -0.4114
v  -1.3620 1.9240 -0.4412
v  -1.3856 1.9405 -0.4412
v  -1.3777 1.9651 -0.4127
v  -1.3517 1.8038 -0.4124
v  -1.3533 1.7529 -0.4550
v  -1.3426 1.7721 -0.4693
v  -1.3409 1.8230 -0.4249
v  -1.3870 1.7765 -0.4165
v  -1.3947 1.7417 -0.4422
v  -1.3752 1.7449 -0.4509
v  -1.3712 1.7906 -0.4121
v  -1.3406 1.9130 -0.3812
v  -1.3392 1.8828 -0.4085
v  -1.3456 1.9037 -0.4277
v  -1.3451 1.9315 -0.3989
v  -1.4115 1.7485 -0.4239
v  -1.4291 1.7680 -0.4062
v  -1.3966 1.7956 -0.3996
v  -1.4112 1.8159 -0.3854
v  -1.3429 1.8632 -0.3900
v  -1.3471 1.8952 -0.3624
v  -1.3735 1.8788 -0.3536
v  -1.3585 1.8440 -0.3798
v  -1.3787 1.8252 -0.3856
v  -1.3921 1.8477 -0.3700
v  -1.4448 1.7959 -0.3910
v  -1.4556 1.8300 -0.3802
v  -1.4250 1.8350 -0.3748
v  -1.4319 1.8601 -0.3640
v  -1.4596 1.8656 -0.3700
v  -1.4593 1.9026 -0.3558
v  -1.4342 1.8910 -0.3515
v  -1.4325 1.9244 -0.3355
v  -1.4066 1.8570 -0.3639
v  -1.4044 1.8770 -0.3526
v  -1.4035 1.9045 -0.3374
v  -1.4021 1.9350 -0.3209
v  -1.3737 1.9129 -0.3326
v  -1.3739 1.9406 -0.3150
v  -1.3505 1.9229 -0.3397
v  -1.3426 1.9377 -0.3566
v  -1.3456 1.9595 -0.3349
v  -1.3532 1.9479 -0.3205
v  -1.3570 1.9712 -0.3046
v  -1.3746 1.9665 -0.2999
v  -1.3501 1.9798 -0.3167
v  -1.3544 1.9926 -0.3057
v  -1.3629 1.9914 -0.2937
v  -1.3766 1.9839 -0.2924
v  -1.3453 1.9540 -0.3723
v  -1.3551 1.9700 -0.3837
v  -1.3470 1.9732 -0.3483
v  -1.3548 1.9869 -0.3585
v  -1.3715 1.9834 -0.3868
v  -1.3692 1.9980 -0.3631
v  -1.3913 1.9909 -0.3803
v  -1.3851 2.0010 -0.3640
v  -1.3990 1.9656 -0.3055
v  -1.3913 1.9929 -0.2973
v  -1.4077 1.9997 -0.3214
v  -1.4272 1.9620 -0.3210
v  -1.4531 1.9462 -0.3460
v  -1.4330 1.9806 -0.3512
v  -1.4122 1.9940 -0.3661
v  -1.3956 2.0073 -0.3473
v  -1.3748 2.0109 -0.3406
v  -1.3805 2.0151 -0.3180
v  -1.3637 2.0112 -0.3227
v  -1.3585 2.0023 -0.3363
v  -1.3742 2.0093 -0.2965
v  -1.3577 2.0047 -0.3112
v  -1.3513 1.9909 -0.3278
v  -1.5951 1.7268 -1.0576
v  -1.5837 1.7241 -1.0363
v  -1.5511 1.7299 -1.0589
v  -1.5672 1.7393 -1.0798
v  -1.5510 1.7604 -1.0870
v  -1.5343 1.7514 -1.0674
v  -1.5184 1.7400 -1.0496
v  -1.5033 1.7276 -1.0325
v  -1.5306 1.7222 -1.0483
v  -1.5178 1.7097 -1.0334
v  -1.6407 1.7112 -0.9588
v  -1.6299 1.7069 -0.9371
v  -1.5988 1.7054 -0.9658
v  -1.6074 1.7112 -0.9883
v  -1.5786 1.7159 -1.0121
v  -1.5749 1.7053 -0.9876
v  -1.5561 1.7022 -1.0059
v  -1.5566 1.7157 -1.0296
v  -1.5413 1.7135 -1.0360
v  -1.5367 1.7013 -1.0212
v  -1.6167 1.7036 -0.9146
v  -1.6003 1.7018 -0.8926
v  -1.5718 1.6978 -0.9216
v  -1.5871 1.7008 -0.9432
v  -1.4881 1.7143 -1.0163
v  -1.5047 1.6966 -1.0169
v  -1.4896 1.6838 -0.9999
v  -1.4713 1.7015 -1.0005
v  -1.5668 1.6953 -0.9648
v  -1.5545 1.6864 -0.9432
v  -1.5385 1.6774 -0.9629
v  -1.5497 1.6899 -0.9837
v  -1.5280 1.6879 -1.0037
v  -1.5156 1.6739 -0.9854
v  -1.5805 1.7012 -0.8727
v  -1.5531 1.6942 -0.9017
v  -1.5566 1.6997 -0.8543
v  -1.5336 1.6838 -0.8820
v  -1.4514 1.6905 -0.9844
v  -1.4708 1.6715 -0.9830
v  -1.4491 1.6600 -0.9652
v  -1.4297 1.6807 -0.9661
v  -1.5397 1.6749 -0.9230
v  -1.5243 1.6622 -0.9435
v  -1.5239 1.6590 -0.9030
v  -1.5076 1.6439 -0.9251
v  -1.4993 1.6579 -0.9679
v  -1.4794 1.6408 -0.9513
v  -1.5300 1.6925 -0.8369
v  -1.5131 1.6680 -0.8622
v  -1.5034 1.6773 -0.8232
v  -1.4887 1.6514 -0.8471
v  -1.5038 1.6414 -0.8826
v  -1.4853 1.6274 -0.9061
v  -1.4784 1.6280 -0.8677
v  -1.4604 1.6185 -0.8904
v  -1.4271 1.6155 -0.8436
v  -1.4505 1.6349 -0.8137
v  -1.4267 1.6154 -0.8107
v  -1.4037 1.6010 -0.8355
v  -1.4764 1.6571 -0.8168
v  -1.4617 1.6335 -0.8408
v  -1.4512 1.6182 -0.8619
v  -1.4378 1.6148 -0.8815
v  -1.4246 1.6129 -0.8654
v  -1.4220 1.6131 -0.8784
v  -1.4069 1.6712 -0.9451
v  -1.4261 1.6510 -0.9444
v  -1.4056 1.6434 -0.9244
v  -1.3863 1.6606 -0.9250
v  -1.4555 1.6283 -0.9324
v  -1.4329 1.6224 -0.9141
v  -1.3776 1.5889 -0.8606
v  -1.3479 1.5889 -0.8765
v  -1.3646 1.6083 -0.8853
v  -1.3927 1.6046 -0.8694
v  -1.2846 1.6255 -0.8766
v  -1.3065 1.6104 -0.8811
v  -1.3079 1.6496 -0.8927
v  -1.3338 1.6343 -0.8953
v  -1.3985 1.6109 -0.8800
v  -1.4033 1.6157 -0.8907
v  -1.3744 1.6181 -0.8925
v  -1.3803 1.6262 -0.8998
v  -1.3452 1.6171 -0.8905
v  -1.3259 1.5977 -0.8810
v  -1.3583 1.6246 -0.8955
v  -1.3601 1.6338 -0.9003
v  -1.3702 1.6471 -0.9098
v  -1.3502 1.6581 -0.9077
v  -1.3907 1.6352 -0.9099
v  -1.3286 1.6726 -0.9059
v  -1.4155 1.6198 -0.9012
v  -2.2857 0.9817 -2.0177
v  -2.2865 0.9819 -1.9887
v  -2.2667 0.9712 -2.0051
v  -2.2710 0.9729 -1.9872
v  -2.2786 0.9827 -1.9556
v  -2.2584 0.9734 -1.9667
v  -2.2375 0.9803 -1.9338
v  -2.2620 0.9864 -1.9185
v  -2.2453 0.9694 -1.9817
v  -2.2202 0.9793 -1.9503
v  -2.2372 0.9973 -1.8794
v  -2.2109 1.0105 -1.8411
v  -2.2109 0.9945 -1.8951
v  -2.1835 1.0073 -1.8537
v  -2.1892 1.0147 -1.8031
v  -2.1602 1.0063 -1.8123
v  -2.1238 1.0081 -1.8253
v  -2.0999 1.0092 -1.7788
v  -2.1576 1.0091 -1.8693
v  -2.0931 1.0096 -1.7254
v  -2.0523 1.0298 -1.7308
v  -2.0182 1.0270 -1.7236
v  -2.1906 0.9972 -1.9125
v  -0.2437 -0.4227 -0.7195
v  -0.2291 -0.3866 -0.7449
v  -0.1781 -0.4343 -0.7692
v  -0.1997 -0.4681 -0.7462
v  -0.1492 -0.3845 -0.7757
v  -0.1991 -0.3319 -0.7613
v  -0.0842 -0.4426 -0.7871
v  -0.1184 -0.4917 -0.7900
v  -0.1399 -0.5206 -0.7697
v  -0.3408 -0.3010 -0.6731
v  -0.3323 -0.2761 -0.6975
v  -0.2792 -0.3347 -0.7186
v  -0.2969 -0.3688 -0.6937
v  -0.2585 -0.2892 -0.7425
v  -0.3069 -0.2369 -0.7243
v  -0.0242 -0.5644 -0.7970
v  -0.0475 -0.5978 -0.7780
v  0.0068 -0.5091 -0.7830
v  0.1057 -0.5696 -0.7487
v  0.0820 -0.6277 -0.7602
v  0.0628 -0.6650 -0.7546
v  -0.0640 -0.6368 -0.7497
v  -0.1744 -0.5606 -0.7316
v  -0.1503 -0.5362 -0.7539
v  -0.0566 -0.6131 -0.7620
v  0.0456 -0.6805 -0.7389
v  0.0440 -0.7004 -0.7253
v  0.1492 -0.7301 -0.6949
v  0.1278 -0.7113 -0.7108
v  0.1615 -0.6984 -0.7016
v  0.2494 -0.7300 -0.6633
v  0.1828 -0.6630 -0.6967
v  0.2712 -0.6843 -0.6528
v  0.1996 -0.6112 -0.6811
v  0.2905 -0.6331 -0.6465
v  0.3179 -0.7384 -0.5713
v  0.2976 -0.7355 -0.6114
v  0.3111 -0.6947 -0.6094
v  0.3320 -0.7029 -0.5713
v  0.3298 -0.6482 -0.6089
v  0.3498 -0.6606 -0.5736
v  0.3150 -0.5750 -0.6337
v  0.3516 -0.5946 -0.6048
v  0.3567 -0.5080 -0.6096
v  0.3861 -0.5346 -0.5878
v  0.3994 -0.5541 -0.5640
v  0.3707 -0.6099 -0.5743
v  0.4275 -0.4293 -0.5674
v  0.4397 -0.4674 -0.5464
v  0.5221 -0.4154 -0.4862
v  0.5210 -0.3683 -0.4838
v  0.5113 -0.4598 -0.4849
v  0.4363 -0.4936 -0.5309
v  0.4507 -0.5204 -0.4744
v  0.4265 -0.5228 -0.5073
v  0.4041 -0.5739 -0.5177
v  0.3801 -0.6241 -0.5197
v  0.3602 -0.6717 -0.5196
v  0.3407 -0.7106 -0.5199
v  0.3272 -0.7440 -0.5222
v  0.0645 0.4822 -0.0514
v  0.0259 0.4842 -0.0189
v  0.1081 0.4629 0.0238
v  0.1665 0.4669 -0.0154
v  0.0491 0.4663 0.0486
v  -0.0157 0.4889 0.0075
v  -0.0561 0.4778 0.0229
v  0.0028 0.4546 0.0602
v  -0.0440 0.4262 0.0635
v  -0.0975 0.4454 0.0255
v  -0.1479 0.3942 0.0250
v  -0.1056 0.3736 0.0628
v  -0.1708 0.3261 0.0670
v  -0.1998 0.3405 0.0295
v  -0.2404 0.2947 0.0374
v  -0.2137 0.2938 0.0650
v  -0.2083 -0.4882 -0.7265
v  -0.2513 -0.4466 -0.6960
v  -0.2277 -0.5091 -0.7066
v  -0.2661 -0.4728 -0.6578
v  -0.3029 -0.3896 -0.6727
v  -0.3150 -0.4021 -0.6309
v  -0.3527 -0.3210 -0.6560
v  -0.3710 -0.3367 -0.6217
v  -0.5140 -0.4012 -0.5286
v  -0.5656 -0.3627 -0.5115
v  -0.4986 -0.3157 -0.5830
v  -0.4513 -0.3689 -0.5963
v  -0.5394 -0.2655 -0.5906
v  -0.6297 -0.3220 -0.4952
v  -0.4105 -0.2647 -0.6103
v  -0.4444 -0.1939 -0.6073
v  -0.3929 -0.4224 -0.6044
v  -0.3357 -0.4737 -0.5962
v  -0.4092 -0.4892 -0.5632
v  -0.4646 -0.4458 -0.5543
v  -0.6370 -0.3750 -0.4415
v  -0.6770 -0.3416 -0.3924
v  -0.6736 -0.2961 -0.4200
v  -0.5100 -0.4846 -0.5080
v  -0.5494 -0.4422 -0.4758
v  -0.5948 -0.4083 -0.4542
v  -0.5332 0.6004 -0.6803
v  -0.5427 0.5648 -0.7249
v  -0.5909 0.6319 -0.7423
v  -0.5771 0.6683 -0.7023
v  -0.6118 0.5940 -0.7772
v  -0.5633 0.5256 -0.7627
v  -0.6629 0.6704 -0.7991
v  -0.6412 0.7071 -0.7676
v  -0.6249 0.7433 -0.7315
v  -0.6171 0.7717 -0.6983
v  -0.5725 0.6959 -0.6666
v  -0.5650 0.7220 -0.6355
v  -0.6098 0.7985 -0.6678
v  -0.5230 0.6544 -0.6089
v  -0.5322 0.6270 -0.6409
v  -0.6044 0.8251 -0.6347
v  -0.5567 0.7497 -0.6025
v  -0.5510 0.7777 -0.5667
v  -0.6022 0.8510 -0.5988
v  -0.5049 0.7147 -0.5382
v  -0.5130 0.6841 -0.5748
v  -0.6055 0.8752 -0.5597
v  -0.5510 0.8052 -0.5263
v  -0.5641 0.8260 -0.4837
v  -0.6183 0.8941 -0.5187
v  -0.5165 0.7666 -0.4529
v  -0.5030 0.7445 -0.4968
v  -0.6449 0.9032 -0.4812
v  -0.5910 0.8360 -0.4444
v  -0.6250 0.8382 -0.4102
v  -0.6754 0.9078 -0.4465
v  -0.5797 0.7789 -0.3780
v  -0.5441 0.7776 -0.4125
v  -0.7097 0.8125 -0.3755
v  -0.6673 0.8271 -0.3905
v  -0.7131 0.9036 -0.4192
v  -0.7562 0.8885 -0.4060
v  -0.6614 0.7566 -0.3321
v  -0.6197 0.7706 -0.3520
v  -0.7890 0.7866 -0.3419
v  -0.7501 0.7991 -0.3594
v  -0.7972 0.8740 -0.3924
v  -0.8360 0.8613 -0.3754
v  -0.7415 0.7292 -0.2957
v  -0.7019 0.7426 -0.3136
v  -0.8643 0.7597 -0.3084
v  -0.8265 0.7757 -0.3215
v  -0.8733 0.8483 -0.3574
v  -0.9102 0.8296 -0.3493
v  -0.8204 0.6979 -0.2675
v  -0.7809 0.7168 -0.2765
v  -0.9764 0.7776 -0.3651
v  -0.9314 0.7059 -0.3257
v  -0.9001 0.7343 -0.3125
v  -0.9450 0.8047 -0.3537
v  -0.8871 0.6413 -0.2933
v  -0.8564 0.6707 -0.2758
v  -1.0244 0.7244 -0.4021
v  -0.9765 0.6512 -0.3670
v  -0.9562 0.6780 -0.3452
v  -1.0026 0.7508 -0.3820
v  -0.9109 0.6132 -0.3159
v  -0.9309 0.5865 -0.3393
v  -1.0615 0.6722 -0.4431
v  -1.0124 0.6003 -0.4083
v  -0.9944 0.6256 -0.3882
v  -1.0434 0.6982 -0.4228
v  -0.9494 0.5615 -0.3601
v  -0.9687 0.5369 -0.3784
v  -1.1019 0.6198 -0.4805
v  -1.0560 0.5487 -0.4426
v  -1.0322 0.5749 -0.4266
v  -1.0802 0.6463 -0.4622
v  -0.9901 0.5116 -0.3950
v  -1.0143 0.4857 -0.4095
v  -1.1378 0.5650 -0.5341
v  -1.0945 0.4931 -0.4930
v  -1.0831 0.5205 -0.4609
v  -1.1260 0.5920 -0.5021
v  -1.0392 0.4578 -0.4275
v  -1.0496 0.4309 -0.4580
v  -1.1361 0.5173 -0.6075
v  -1.0941 0.4450 -0.5656
v  -1.0973 0.4676 -0.5285
v  -1.1406 0.5394 -0.5697
v  -1.0541 0.4055 -0.4909
v  -1.0542 0.3809 -0.5265
v  -0.6875 0.4200 -0.7961
v  -0.7100 0.4085 -0.7824
v  -0.7502 0.4836 -0.8055
v  -0.7276 0.4945 -0.8141
v  -0.7680 0.4772 -0.7949
v  -0.7261 0.4023 -0.7655
v  -0.8105 0.5533 -0.8319
v  -0.7923 0.5618 -0.8362
v  -0.7698 0.5745 -0.8389
v  -0.7870 0.4723 -0.7843
v  -0.7463 0.3957 -0.7524
v  -0.7663 0.3774 -0.7765
v  -0.8136 0.4584 -0.7836
v  -0.8496 0.5368 -0.8214
v  -0.8262 0.5473 -0.8279
v  -0.7937 0.3492 -0.8064
v  -0.8382 0.4284 -0.8144
v  -0.8410 0.3158 -0.8086
v  -0.8784 0.3920 -0.8306
v  -0.9179 0.4732 -0.8545
v  -0.8809 0.5099 -0.8330
v  -0.6171 0.4641 -0.8033
v  -0.6536 0.4392 -0.8042
v  -0.6961 0.5125 -0.8187
v  -0.6631 0.5360 -0.8142
v  -0.7412 0.5929 -0.8380
v  -0.7115 0.6156 -0.8319
v  -0.6860 0.6406 -0.8195
v  -0.6356 0.5626 -0.8002
v  -0.5879 0.4926 -0.7877
v  -0.9982 0.3653 -0.7387
v  -1.0554 0.4258 -0.7902
v  -1.0303 0.4044 -0.8417
v  -0.9437 0.3055 -0.6925
v  -0.9855 0.3336 -0.7882
v  -0.9368 0.2739 -0.7392
v  -0.9524 0.3389 -0.6535
v  -1.0160 0.3935 -0.6997
v  -1.0726 0.4527 -0.7471
v  -0.9321 0.3537 -0.8228
v  -0.9707 0.4334 -0.8577
v  -0.8966 0.2795 -0.7932
v  -1.0761 0.4310 -0.6046
v  -1.0369 0.3642 -0.5646
v  -1.1161 0.5043 -0.6453
v  -1.0785 0.5034 -0.6740
v  -1.0354 0.4340 -0.6308
v  -0.9956 0.3662 -0.5888
v  -0.9868 0.4405 -0.6634
v  -1.0505 0.4935 -0.7113
v  -0.9383 0.3799 -0.6125
v  -0.6996 0.3096 -0.7396
v  -0.7203 0.2939 -0.7510
v  -0.6851 0.3186 -0.7512
v  -0.6415 0.2345 -0.7336
v  -0.6509 0.2229 -0.7186
v  -0.6705 0.2075 -0.7256
v  -0.5270 0.1368 -0.7464
v  -0.5417 0.1066 -0.7165
v  -0.5866 0.1740 -0.7372
v  -0.5674 0.2021 -0.7619
v  -0.5952 0.1520 -0.7124
v  -0.5467 0.0817 -0.6884
v  -0.6302 0.2504 -0.7558
v  -0.6074 0.2741 -0.7742
v  -0.9110 0.2259 -0.4949
v  -0.8661 0.1600 -0.4453
v  -0.9045 0.1889 -0.4320
v  -0.9502 0.2443 -0.4762
v  -0.8634 0.1279 -0.3860
v  -0.8261 0.0922 -0.3954
v  -0.8824 0.1681 -0.3694
v  -0.9240 0.2248 -0.4118
v  -0.9674 0.2748 -0.4489
v  -0.7078 0.1844 -0.7599
v  -0.7497 0.2668 -0.7894
v  -0.7686 0.1645 -0.7518
v  -0.8046 0.2400 -0.7816
v  -0.8621 0.2112 -0.7592
v  -0.8964 0.2096 -0.6999
v  -0.8273 0.1442 -0.7247
v  -0.8614 0.1434 -0.6640
v  -0.6120 0.3697 -0.7973
v  -0.6477 0.3462 -0.7855
v  -0.5736 0.3982 -0.7956
v  -0.5323 0.3348 -0.7878
v  -0.5714 0.3022 -0.7903
v  -0.6715 0.3288 -0.7708
v  -0.5441 0.4285 -0.7785
v  -0.5194 0.4628 -0.7532
v  -0.4791 0.4021 -0.7453
v  -0.5037 0.3670 -0.7694
v  -0.8942 0.2704 -0.6002
v  -0.8953 0.2374 -0.6461
v  -0.8563 0.1639 -0.5981
v  -0.8390 0.1959 -0.5431
v  -0.9540 0.2958 -0.5430
v  -0.9005 0.3019 -0.5598
v  -0.8613 0.2191 -0.5068
v  -0.4999 0.5023 -0.7145
v  -0.4947 0.5370 -0.6662
v  -0.4604 0.4750 -0.6561
v  -0.4621 0.4414 -0.7061
v  -0.4956 0.5634 -0.6228
v  -0.4835 0.5932 -0.5879
v  -0.4454 0.5351 -0.5701
v  -0.4596 0.5026 -0.6095
v  -0.4719 0.6267 -0.5507
v  -0.4620 0.6616 -0.5120
v  -0.4217 0.6132 -0.4870
v  -0.4327 0.5730 -0.5287
v  -0.4605 0.6944 -0.4688
v  -0.4758 0.7181 -0.4236
v  -0.4373 0.6761 -0.3949
v  -0.4203 0.6500 -0.4419
v  -0.3791 0.6067 -0.4156
v  -0.3807 0.5652 -0.4627
v  -0.3964 0.6365 -0.3663
v  -0.3523 0.6011 -0.3338
v  -0.3360 0.5693 -0.3829
v  -0.3364 0.5258 -0.4308
v  -0.5031 0.7316 -0.3818
v  -0.4634 0.6940 -0.3512
v  -0.5360 0.7369 -0.3438
v  -0.4931 0.7040 -0.3097
v  -0.4212 0.6599 -0.3202
v  -0.4485 0.6754 -0.2753
v  -0.4016 0.6483 -0.2412
v  -0.3753 0.6293 -0.2873
v  -0.5730 0.7315 -0.3111
v  -0.5276 0.6986 -0.2718
v  -0.6137 0.7145 -0.2875
v  -0.5667 0.6775 -0.2447
v  -0.5212 0.6367 -0.2059
v  -0.4831 0.6646 -0.2351
v  -0.4367 0.6300 -0.2029
v  -0.4732 0.5956 -0.1755
v  -0.6545 0.6967 -0.2672
v  -0.6080 0.6555 -0.2209
v  -0.6951 0.6817 -0.2461
v  -0.6500 0.6349 -0.1999
v  -0.6062 0.5816 -0.1613
v  -0.5630 0.6086 -0.1812
v  -0.5562 0.5288 -0.1361
v  -0.5142 0.5606 -0.1543
v  -0.7358 0.6645 -0.2303
v  -0.6904 0.6106 -0.1903
v  -0.7747 0.6397 -0.2306
v  -0.7302 0.5846 -0.1920
v  -0.6873 0.5288 -0.1533
v  -0.6462 0.5548 -0.1523
v  -0.6367 0.4771 -0.1148
v  -0.5950 0.5024 -0.1209
v  -0.8122 0.6122 -0.2419
v  -0.7709 0.5568 -0.2060
v  -0.8438 0.5832 -0.2642
v  -0.8049 0.5283 -0.2339
v  -0.7315 0.5010 -0.1698
v  -0.7697 0.4732 -0.2016
v  -0.7267 0.4204 -0.1589
v  -0.6844 0.4491 -0.1273
v  -0.8694 0.5561 -0.2904
v  -0.8335 0.5026 -0.2640
v  -0.8920 0.5304 -0.3150
v  -0.8599 0.4783 -0.2901
v  -0.8026 0.4489 -0.2347
v  -0.8327 0.4263 -0.2624
v  -0.7982 0.3744 -0.2218
v  -0.7640 0.3963 -0.1934
v  -0.9129 0.5057 -0.3349
v  -0.8831 0.4544 -0.3097
v  -0.9335 0.4811 -0.3513
v  -0.9046 0.4296 -0.3246
v  -0.8802 0.3789 -0.2947
v  -0.8578 0.4035 -0.2816
v  -0.8486 0.3284 -0.2533
v  -0.8254 0.3526 -0.2407
v  -0.9553 0.4552 -0.3658
v  -0.9264 0.4026 -0.3366
v  -0.9787 0.4289 -0.3786
v  -0.9489 0.3753 -0.3474
v  -0.9201 0.3218 -0.3178
v  -0.9021 0.3507 -0.3048
v  -0.8693 0.2988 -0.2650
v  -0.8817 0.2683 -0.2819
v  -1.0009 0.4017 -0.3963
v  -0.9674 0.3486 -0.3653
v  -1.0096 0.3759 -0.4248
v  -0.9735 0.3242 -0.3925
v  -0.9317 0.2747 -0.3639
v  -0.9292 0.2968 -0.3393
v  -0.8891 0.2430 -0.3020
v  -0.8915 0.2202 -0.3246
v  -1.0125 0.3514 -0.4555
v  -0.9733 0.3009 -0.4211
v  -1.0107 0.3259 -0.4873
v  -0.9308 0.2524 -0.3889
v  -0.8898 0.1972 -0.3485
v  -0.9932 0.3033 -0.5204
v  -0.6628 0.8558 -0.7356
v  -0.6562 0.8798 -0.7035
v  -0.6732 0.8288 -0.7673
v  -0.7120 0.9119 -0.8058
v  -0.7021 0.9347 -0.7719
v  -0.6984 0.9568 -0.7386
v  -0.6537 0.9037 -0.6699
v  -0.6557 0.9274 -0.6344
v  -0.7006 0.9783 -0.7046
v  -0.7070 0.9997 -0.6701
v  -0.6628 0.9501 -0.5976
v  -0.6778 0.9694 -0.5602
v  -0.7182 1.0204 -0.6351
v  -0.7342 1.0396 -0.6008
v  -0.7043 0.9772 -0.5251
v  -0.7344 0.9808 -0.4929
v  -0.7589 1.0487 -0.5675
v  -0.7880 1.0523 -0.5366
v  -0.7677 0.9804 -0.4632
v  -0.8067 0.9712 -0.4428
v  -0.8202 1.0521 -0.5075
v  -0.8551 1.0474 -0.4823
v  -0.8468 0.9580 -0.4282
v  -0.8924 1.0359 -0.4627
v  -0.8857 0.9439 -0.4140
v  -0.9298 1.0209 -0.4489
v  -0.9233 0.9283 -0.4013
v  -0.9683 1.0037 -0.4398
v  -1.0051 0.9850 -0.4362
v  -0.9596 0.9086 -0.3960
v  -0.9936 0.8844 -0.4001
v  -1.0403 0.9613 -0.4401
v  -1.0701 0.9350 -0.4506
v  -1.0245 0.8582 -0.4106
v  -1.0511 0.8318 -0.4261
v  -1.0973 0.9083 -0.4661
v  -1.1193 0.8818 -0.4838
v  -1.0739 0.8055 -0.4448
v  -1.0937 0.7792 -0.4648
v  -1.1409 0.8555 -0.5038
v  -1.1580 0.8291 -0.5238
v  -1.1126 0.7532 -0.4846
v  -1.1308 0.7273 -0.5048
v  -1.1753 0.8034 -0.5471
v  -1.1885 0.7770 -0.5702
v  -1.1491 0.7011 -0.5264
v  -1.1666 0.6741 -0.5518
v  -1.2040 0.7508 -0.5978
v  -1.2129 0.7241 -0.6259
v  -1.1787 0.6474 -0.5819
v  -1.1823 0.6219 -0.6163
v  -1.2191 0.6994 -0.6604
v  -1.2118 0.6781 -0.6944
v  -1.1765 0.6007 -0.6531
v  -1.1584 0.5874 -0.6897
v  -1.1961 0.6658 -0.7297
v  -1.1594 0.6597 -0.7607
v  -1.1233 0.5831 -0.7206
v  -1.1197 0.5271 -0.8028
v  -1.1070 0.5630 -0.7621
v  -1.1627 0.6287 -0.8069
v  -1.1644 0.5942 -0.8526
v  -1.1028 0.5027 -0.8491
v  -1.1397 0.5790 -0.9005
v  -1.0638 0.4976 -0.8888
v  -1.0965 0.5802 -0.9354
v  -1.0085 0.5230 -0.9037
v  -0.9590 0.5630 -0.8911
v  -1.0441 0.6066 -0.9467
v  -0.9972 0.6446 -0.9286
v  -0.9614 0.6779 -0.9140
v  -0.9200 0.5968 -0.8773
v  -0.8897 0.6218 -0.8688
v  -0.9310 0.7023 -0.9063
v  -0.7871 0.6808 -0.8742
v  -0.7593 0.7039 -0.8656
v  -0.8150 0.6620 -0.8764
v  -0.8551 0.7443 -0.9163
v  -0.8275 0.7636 -0.9139
v  -0.8005 0.7873 -0.9035
v  -0.7350 0.7285 -0.8525
v  -0.7127 0.7572 -0.8325
v  -0.7767 0.8121 -0.8896
v  -0.7531 0.8408 -0.8702
v  -0.7291 0.8766 -0.8409
v  -0.6897 0.7932 -0.8025
v  -0.8381 0.6493 -0.8737
v  -0.8568 0.6405 -0.8704
v  -0.8982 0.7230 -0.9074
v  -0.8792 0.7322 -0.9114
v  -0.8709 0.6335 -0.8686
v  -0.9125 0.7149 -0.9059
v  -0.7559 0.9426 -0.8740
v  -0.7401 0.9764 -0.8379
v  -0.7799 0.9064 -0.9044
v  -0.8027 0.9654 -0.9355
v  -0.7778 1.0030 -0.9047
v  -0.7654 1.0385 -0.8678
v  -1.2510 0.7398 -0.9319
v  -1.2286 0.7296 -0.9837
v  -1.1926 0.6825 -0.9520
v  -1.2210 0.6931 -0.9073
v  -1.2626 0.7663 -0.9963
v  -1.2833 0.7851 -0.9483
v  -1.2275 0.7700 -1.0321
v  -1.1905 0.7326 -1.0154
v  -1.1560 0.6862 -0.9879
v  -0.9091 0.7965 -0.9425
v  -0.8844 0.8094 -0.9456
v  -0.9280 0.7857 -0.9393
v  -0.9520 0.8399 -0.9706
v  -0.9315 0.8518 -0.9734
v  -0.9075 0.8656 -0.9767
v  -0.8235 1.1735 -0.9168
v  -0.8269 1.1976 -0.8760
v  -0.7910 1.1305 -0.8575
v  -0.7911 1.1040 -0.8966
v  -0.7995 1.1516 -0.8213
v  -0.8383 1.2158 -0.8385
v  -0.7663 1.0881 -0.7973
v  -0.7617 1.0661 -0.8322
v  -0.8489 1.1020 -0.9977
v  -0.8261 1.1426 -0.9639
v  -0.8009 1.0677 -0.9380
v  -0.8253 1.0291 -0.9697
v  -0.7339 1.0021 -0.8034
v  -0.7341 1.0248 -0.7697
v  -0.8528 1.2315 -0.8047
v  -0.8128 1.1678 -0.7869
v  -0.8280 1.1827 -0.7553
v  -0.8687 1.2456 -0.7739
v  -0.7899 1.1223 -0.7304
v  -0.7764 1.1064 -0.7634
v  -0.7411 1.0442 -0.7357
v  -0.7513 1.0631 -0.7019
v  -0.8834 1.2589 -0.7450
v  -0.8439 1.1947 -0.7239
v  -0.8569 1.2071 -0.6929
v  -0.8955 1.2718 -0.7167
v  -0.8184 1.1492 -0.6636
v  -0.8045 1.1364 -0.6974
v  -0.7648 1.0800 -0.6677
v  -0.7790 1.0959 -0.6337
v  -0.9062 1.2838 -0.6868
v  -0.8700 1.2186 -0.6596
v  -0.8940 1.2246 -0.6284
v  -0.9283 1.2890 -0.6566
v  -0.8608 1.1655 -0.5993
v  -0.8342 1.1605 -0.6299
v  -0.7999 1.1065 -0.6007
v  -0.8275 1.1111 -0.5702
v  -0.9249 1.2242 -0.5985
v  -0.8917 1.1655 -0.5696
v  -0.9560 1.2893 -0.6283
v  -0.9860 1.2852 -0.6052
v  -0.9572 1.2202 -0.5738
v  -0.9258 1.1611 -0.5445
v  -0.8928 1.1057 -0.5150
v  -0.8597 1.1108 -0.5410
v  -0.9615 1.1505 -0.5279
v  -0.9924 1.2091 -0.5593
v  -1.0163 1.2742 -0.5914
v  -1.0472 1.2580 -0.5840
v  -1.0261 1.1936 -0.5504
v  -0.9980 1.1352 -0.5175
v  -0.9659 1.0797 -0.4840
v  -0.9287 1.0948 -0.4962
v  -1.0585 1.1769 -0.5418
v  -1.0334 1.1177 -0.5086
v  -1.0764 1.2413 -0.5760
v  -1.1064 1.2225 -0.5679
v  -1.0912 1.1578 -0.5343
v  -1.0683 1.0979 -0.5018
v  -1.0399 1.0423 -0.4693
v  -1.0033 1.0621 -0.4752
v  -1.1220 1.1361 -0.5320
v  -1.1025 1.0753 -0.4992
v  -1.1374 1.2011 -0.5625
v  -1.1646 1.1782 -0.5639
v  -1.1512 1.1123 -0.5354
v  -1.1326 1.0507 -0.5053
v  -1.1072 0.9946 -0.4759
v  -1.0748 1.0196 -0.4686
v  -1.1795 1.0861 -0.5433
v  -1.1609 1.0238 -0.5165
v  -1.1924 1.1533 -0.5686
v  -1.2194 1.1266 -0.5771
v  -1.2062 1.0580 -0.5554
v  -1.1872 0.9951 -0.5315
v  -1.1577 0.9405 -0.5093
v  -1.1344 0.9677 -0.4911
v  -1.2301 1.0287 -0.5718
v  -1.2106 0.9653 -0.5501
v  -1.2439 1.0986 -0.5896
v  -1.2664 1.0686 -0.6069
v  -1.2507 0.9983 -0.5929
v  -1.2281 0.9362 -0.5729
v  -1.1951 0.8860 -0.5516
v  -1.1781 0.9132 -0.5294
v  -1.2672 0.9671 -0.6192
v  -1.2402 0.9076 -0.5994
v  -1.2863 1.0371 -0.6296
v  -1.3025 1.0055 -0.6578
v  -1.2818 0.9367 -0.6478
v  -1.2511 0.8797 -0.6271
v  -1.2198 0.8324 -0.6021
v  -1.2079 0.8591 -0.5761
v  -1.2988 0.9081 -0.6739
v  -1.2674 0.8531 -0.6534
v  -1.3220 0.9735 -0.6857
v  -1.3380 0.9421 -0.7159
v  -1.3109 0.8803 -0.7034
v  -1.2786 0.8267 -0.6830
v  -1.2441 0.7790 -0.6583
v  -1.2334 0.8054 -0.6290
v  -1.3120 0.8549 -0.7370
v  -1.2795 0.8027 -0.7168
v  -1.3422 0.9118 -0.7498
v  -1.3346 0.8871 -0.7851
v  -1.3009 0.8351 -0.7713
v  -1.2687 0.7838 -0.7511
v  -1.2416 0.7343 -0.7265
v  -1.2475 0.7543 -0.6917
v  -1.2818 0.8216 -0.8025
v  -1.2497 0.7718 -0.7801
v  -1.3186 0.8689 -0.8198
v  -1.2998 0.8530 -0.8565
v  -1.2610 0.8087 -0.8339
v  -1.2275 0.7597 -0.8101
v  -1.1951 0.7137 -0.7885
v  -1.2236 0.7227 -0.7565
v  -1.2636 0.7708 -0.8773
v  -1.2324 0.7230 -0.8554
v  -1.2929 0.8199 -0.8975
v  -1.1943 0.6474 -0.8842
v  -1.2002 0.6785 -0.8340
v  -1.1428 0.7560 -1.0251
v  -1.1059 0.7078 -1.0061
v  -1.1864 0.7958 -1.0348
v  -1.1459 0.8317 -1.0228
v  -1.0985 0.7904 -1.0137
v  -1.0611 0.7426 -0.9925
v  -1.1651 0.6358 -0.9291
v  -1.1254 0.6392 -0.9643
v  -1.0740 0.6617 -0.9805
v  -1.0292 0.6991 -0.9626
v  -1.1037 0.8693 -1.0211
v  -1.0590 0.8292 -1.0037
v  -1.0716 0.9016 -1.0288
v  -1.0231 0.8634 -1.0018
v  -0.9926 0.8104 -0.9694
v  -1.0242 0.7795 -0.9767
v  -0.9935 0.7339 -0.9465
v  -0.9637 0.7610 -0.9388
v  -0.9598 0.9763 -1.0515
v  -0.9302 1.0030 -1.0496
v  -0.9019 0.9449 -1.0125
v  -0.9301 0.9237 -1.0143
v  -0.8748 0.9709 -1.0034
v  -0.9005 1.0340 -1.0410
v  -0.8527 0.9100 -0.9671
v  -0.8797 0.8855 -0.9754
v  -0.9762 0.8965 -1.0066
v  -1.0136 0.9422 -1.0405
v  -0.9871 0.9575 -1.0466
v  -0.9545 0.9089 -1.0109
v  -0.8564 0.8286 -0.9447
v  -0.8297 0.8525 -0.9355
v  -0.8734 1.0658 -1.0245
v  -0.8499 0.9977 -0.9900
v  -0.8279 0.9356 -0.9545
v  -0.8053 0.8774 -0.9227
v  -1.0414 0.9257 -1.0352
v  -0.9971 0.8833 -1.0038
v  -0.9702 0.8282 -0.9688
v  -0.9438 0.7758 -0.9382
v  -0.6082 0.1341 -0.6984
v  -0.6289 0.1215 -0.6915
v  -0.5580 0.0616 -0.6674
v  -0.5820 0.0439 -0.6637
v  -0.5648 -0.2040 -0.6151
v  -0.4730 -0.1302 -0.6089
v  -0.6555 -0.2494 -0.5541
v  -0.6772 -0.1728 -0.6131
v  -0.5849 -0.1321 -0.6434
v  -0.5043 -0.0724 -0.6193
v  -0.6733 0.1009 -0.7292
v  -0.6365 0.0209 -0.6983
v  -0.7126 0.0050 -0.6986
v  -0.7407 0.0871 -0.7253
v  -0.6077 -0.0570 -0.6703
v  -0.6958 -0.0880 -0.6674
v  -0.5415 -0.0182 -0.6406
v  -0.4606 0.2066 -0.7646
v  -0.4997 0.1685 -0.7712
v  -0.5380 0.2324 -0.7815
v  -0.4987 0.2685 -0.7777
v  -0.8024 0.0748 -0.6952
v  -0.8388 0.0750 -0.6314
v  -0.7794 -0.0017 -0.6610
v  -0.8105 0.0053 -0.5892
v  -0.7582 -0.0841 -0.6091
v  -0.7786 -0.0665 -0.5329
v  -0.7339 -0.1659 -0.5453
v  -0.7439 -0.1395 -0.4692
v  -0.7181 -0.2017 -0.3393
v  -0.7137 -0.2128 -0.4057
v  -0.6796 -0.2724 -0.3494
v  -0.6997 -0.2677 -0.2918
v  -0.7166 -0.2713 -0.2352
v  -0.7096 -0.1901 -0.2850
v  -0.7286 -0.1143 -0.3341
v  -0.7418 -0.1282 -0.3947
v  -0.7058 -0.2412 -0.4784
v  -0.8232 0.0918 -0.5526
v  -0.7962 0.1192 -0.4868
v  -0.7866 0.0202 -0.5030
v  -0.7557 0.0425 -0.4303
v  -0.7593 -0.0531 -0.4499
v  -0.7506 -0.0400 -0.3816
v  -0.8296 0.1381 -0.4559
v  -0.7899 0.0644 -0.4000
v  -0.4795 -0.0320 -0.6713
v  -0.4742 -0.0058 -0.6990
v  -0.4418 -0.0613 -0.6954
v  -0.4491 -0.0876 -0.6680
v  -0.4249 -0.0298 -0.7249
v  -0.4593 0.0251 -0.7286
v  -0.3896 -0.0915 -0.7205
v  -0.4083 -0.1239 -0.6920
v  -0.4184 -0.1506 -0.6663
v  -0.5094 0.0473 -0.7054
v  -0.5134 0.0214 -0.6767
v  -0.4955 0.0781 -0.7354
v  -0.3900 -0.2434 -0.6471
v  -0.3844 -0.2260 -0.6662
v  -0.4227 -0.1689 -0.6464
v  -0.4515 -0.1064 -0.6472
v  -0.4809 -0.0509 -0.6496
v  -0.3731 -0.2005 -0.6909
v  -0.3527 -0.1667 -0.7178
v  -0.5154 0.0028 -0.6534
v  -0.7083 -0.1619 -0.2499
v  -0.7424 -0.0882 -0.3019
v  -0.7226 -0.2360 -0.2105
v  -0.7287 -0.2053 -0.1908
v  -0.7423 -0.1339 -0.2388
v  -0.7758 -0.0588 -0.2925
v  -0.8017 0.0182 -0.3450
v  -0.7672 -0.0140 -0.3524
v  -0.7213 -0.2163 -0.1176
v  -0.7400 -0.1673 -0.1700
v  -0.7110 -0.1708 -0.0917
v  -0.7442 -0.1248 -0.1442
v  -0.7707 -0.0994 -0.2233
v  -0.8042 -0.0218 -0.2787
v  -0.7842 -0.0594 -0.1985
v  -0.8205 0.0182 -0.2578
v  -0.8250 0.0528 -0.2270
v  -0.8187 0.0858 -0.1958
v  -0.8597 0.1546 -0.2665
v  -0.8599 0.1277 -0.2936
v  -0.8535 0.0962 -0.3178
v  -0.8354 0.0556 -0.3351
v  -0.6934 -0.1261 -0.0701
v  -0.7322 -0.0817 -0.1129
v  -0.6742 -0.0810 -0.0480
v  -0.7081 -0.0382 -0.0854
v  -0.7808 -0.0204 -0.1641
v  -0.7625 0.0191 -0.1338
v  -0.6381 0.0395 0.0631
v  -0.6774 0.0442 -0.0142
v  -0.6551 -0.0064 0.0165
v  -0.6643 -0.0378 -0.0214
v  -0.6957 0.0049 -0.0569
v  -0.7533 0.0587 -0.1040
v  -0.8086 0.1205 -0.1705
v  -0.7405 0.0987 -0.0794
v  -0.7967 0.1556 -0.1480
v  -0.8035 0.2738 -0.1964
v  -0.8276 0.2438 -0.2076
v  -0.8441 0.2115 -0.2234
v  -0.7726 0.1908 -0.1345
v  -0.7447 0.2215 -0.1234
v  -0.8535 0.1824 -0.2437
v  -0.6331 0.1248 0.0152
v  -0.6624 0.0938 0.0038
v  -0.6239 0.0755 0.0712
v  -0.5957 0.1037 0.0761
v  -0.7136 0.1363 -0.0660
v  -0.6846 0.1679 -0.0531
v  -0.7792 0.2976 -0.1827
v  -0.7508 0.3193 -0.1622
v  -0.7186 0.2452 -0.1080
v  -0.6881 0.2687 -0.0854
v  -0.5548 0.1611 0.0233
v  -0.6014 0.1469 0.0254
v  -0.5642 0.1203 0.0736
v  -0.5202 0.1301 0.0640
v  -0.6558 0.1914 -0.0373
v  -0.6174 0.2141 -0.0213
v  -0.7143 0.3432 -0.1304
v  -0.6726 0.3700 -0.0963
v  -0.6425 0.2942 -0.0588
v  -0.5875 0.3189 -0.0468
v  -0.4487 0.1297 0.0386
v  -0.3729 0.1482 0.0119
v  -0.4238 0.2031 -0.0091
v  -0.4870 0.1676 -0.0032
v  -0.5590 0.2362 -0.0155
v  -0.4998 0.2619 -0.0173
v  -0.6238 0.3992 -0.0800
v  -0.5765 0.4284 -0.0810
v  -0.5397 0.3508 -0.0439
v  -0.4991 0.3857 -0.0516
v  -0.3366 0.2130 0.0194
v  -0.3849 0.2492 -0.0040
v  -0.2679 0.2439 0.0584
v  -0.3077 0.2641 0.0158
v  -0.3099 0.1917 0.0646
v  -0.3560 0.2976 -0.0091
v  -0.4569 0.2989 -0.0176
v  -0.4244 0.3427 -0.0217
v  -0.5371 0.4543 -0.0989
v  -0.5015 0.4843 -0.1169
v  -0.4650 0.4203 -0.0710
v  -0.4333 0.4554 -0.0938
v  -0.2792 0.3173 0.0077
v  -0.3308 0.3515 -0.0185
v  -0.2467 0.3696 -0.0050
v  -0.3053 0.4043 -0.0329
v  -0.3965 0.3909 -0.0342
v  -0.3678 0.4321 -0.0621
v  -0.4631 0.5196 -0.1340
v  -0.4255 0.5574 -0.1513
v  -0.3998 0.4935 -0.1114
v  -0.3670 0.5314 -0.1274
v  -0.2463 0.4889 -0.0637
v  -0.2759 0.4498 -0.0495
v  -0.2086 0.4215 -0.0134
v  -0.1704 0.4669 -0.0193
v  -0.3383 0.4720 -0.0829
v  -0.3095 0.5094 -0.0991
v  -0.3572 0.6167 -0.2058
v  -0.3916 0.5932 -0.1739
v  -0.3365 0.5654 -0.1464
v  -0.3044 0.5896 -0.1719
v  -0.1872 0.5429 -0.0960
v  -0.2178 0.5199 -0.0774
v  -0.1364 0.5000 -0.0262
v  -0.1015 0.5185 -0.0432
v  -0.2815 0.5412 -0.1161
v  -0.2513 0.5654 -0.1372
v  -0.3305 0.5973 -0.2493
v  -0.3102 0.5669 -0.2919
v  -0.2763 0.5741 -0.2113
v  -0.2570 0.5441 -0.2490
v  -0.1312 0.5106 -0.1628
v  -0.1557 0.5332 -0.1304
v  -0.0679 0.5079 -0.0743
v  -0.0391 0.4943 -0.1055
v  -0.2214 0.5543 -0.1740
v  -0.2004 0.5267 -0.2084
v  -0.2393 0.4855 -0.3236
v  -0.2927 0.4982 -0.3806
v  -0.2956 0.5377 -0.3355
v  -0.2436 0.5192 -0.2848
v  -0.1858 0.5061 -0.2378
v  -0.1131 0.4958 -0.1899
v  -0.1015 0.4782 -0.2219
v  -0.1796 0.4799 -0.2701
v  0.1850 0.4377 -0.0627
v  0.1724 0.3884 -0.0923
v  0.1012 0.4476 -0.1266
v  0.0942 0.4806 -0.0934
v  -0.0163 0.4861 -0.1359
v  0.0011 0.4719 -0.1738
v  0.1274 0.3518 -0.1676
v  0.0521 0.3316 -0.1371
v  0.0810 0.3822 -0.1288
v  0.1529 0.3244 -0.1006
v  -0.3848 0.0942 -0.7389
v  -0.4257 0.0611 -0.7477
v  -0.4623 0.1132 -0.7583
v  -0.4223 0.1492 -0.7508
v  -0.4067 0.2712 -0.7211
v  -0.4323 0.2389 -0.7448
v  -0.4710 0.3020 -0.7586
v  -0.4468 0.3376 -0.7353
v  -0.4026 0.3294 -0.6251
v  -0.3891 0.3054 -0.6829
v  -0.4287 0.3778 -0.6983
v  -0.4362 0.4083 -0.6442
v  -0.3985 0.5156 -0.5066
v  -0.4125 0.4733 -0.5525
v  -0.3545 0.4713 -0.4766
v  -0.3677 0.4077 -0.5277
v  -0.3955 0.3653 -0.5776
v  -0.4300 0.4380 -0.5961
v  -0.2606 0.3706 -0.4097
v  -0.3147 0.3881 -0.4667
v  -0.3036 0.4447 -0.4272
v  -0.2481 0.4327 -0.3672
v  -0.0154 0.4165 -0.1827
v  -0.1107 0.4340 -0.2494
v  -0.0273 0.3396 -0.1929
v  -0.1244 0.3678 -0.2778
v  -0.1896 0.4314 -0.3053
v  -0.2010 0.3698 -0.3467
v  -0.1912 -0.1684 -0.7392
v  -0.2242 -0.2259 -0.7580
v  -0.2756 -0.1864 -0.7503
v  -0.2384 -0.1338 -0.7433
v  -0.1373 -0.1737 -0.7588
v  -0.1676 -0.2614 -0.7583
v  -0.2245 -0.0973 -0.7292
v  -0.1837 -0.1195 -0.7240
v  -0.2197 -0.0718 -0.7194
v  -0.1958 -0.0756 -0.7235
v  -0.3172 -0.1228 -0.7437
v  -0.2772 -0.0806 -0.7388
v  -0.3543 -0.0523 -0.7415
v  -0.3135 -0.0179 -0.7328
v  -0.3900 0.0074 -0.7425
v  -0.3490 0.0394 -0.7327
v  -0.3894 0.1748 -0.7285
v  -0.3477 0.1120 -0.7165
v  -0.3575 0.1955 -0.7008
v  -0.3040 0.1248 -0.6894
v  -0.2548 -0.0570 -0.7257
v  -0.2369 -0.0432 -0.7149
v  -0.2835 -0.0040 -0.7186
v  -0.2531 0.0041 -0.7060
v  -0.3135 0.0523 -0.7142
v  -0.2792 0.0569 -0.6954
v  0.0355 -0.7372 -0.7323
v  0.1468 -0.7627 -0.6848
v  0.2911 -0.7728 -0.6197
v  0.2496 -0.7710 -0.6689
v  0.3108 -0.7708 -0.5776
v  0.3262 -0.7737 -0.5300
v  -1.1883 0.8630 -1.0447
v  -1.2326 0.8272 -1.0548
v  -1.2706 0.8079 -1.0412
v  -1.3010 0.8078 -1.0087
v  -1.3214 0.8268 -0.9667
v  -1.3334 0.8608 -0.9227
v  -1.3431 0.8910 -0.8795
v  -1.3584 0.9132 -0.8379
v  -1.3701 0.9393 -0.7988
v  -1.3731 0.9730 -0.7605
v  -1.3632 1.0147 -0.7230
v  -1.3397 1.0501 -0.6894
v  -1.3223 1.0819 -0.6587
v  -1.3014 1.1147 -0.6347
v  -1.2781 1.1463 -0.6171
v  -1.2530 1.1752 -0.6054
v  -1.2256 1.2014 -0.5989
v  -1.1990 1.2262 -0.5945
v  -1.1699 1.2494 -0.5944
v  -1.1398 1.2716 -0.5986
v  -1.1111 1.2923 -0.6050
v  -1.0839 1.3115 -0.6128
v  -1.0581 1.3295 -0.6189
v  -1.0345 1.3445 -0.6269
v  -1.0115 1.3550 -0.6411
v  -0.9875 1.3598 -0.6604
v  -0.9647 1.3591 -0.6828
v  -0.9451 1.3554 -0.7065
v  -0.9329 1.3422 -0.7312
v  -0.9231 1.3259 -0.7571
v  -0.9114 1.3091 -0.7842
v  -0.8977 1.2928 -0.8139
v  -0.8833 1.2767 -0.8470
v  -0.8706 1.2601 -0.8836
v  -0.8646 1.2386 -0.9233
v  -0.8679 1.2103 -0.9649
v  -0.8821 1.1743 -1.0047
v  -0.9052 1.1357 -1.0396
v  -0.9375 1.0961 -1.0663
v  -0.9693 1.0532 -1.0821
v  -1.0049 1.0156 -1.0822
v  -1.0441 0.9873 -1.0728
v  -1.0814 0.9636 -1.0657
v  -1.1160 0.9399 -1.0565
v  -1.1426 0.9108 -1.0446
v  -1.1510 0.8864 -1.0347
v  0.2256 -0.5470 -0.6501
v  0.2802 -0.4657 -0.6138
v  0.1353 -0.4962 -0.7078
v  0.1722 -0.4024 -0.6348
v  -0.3036 0.3247 -0.4826
v  -0.3326 0.3240 -0.5189
v  -0.2498 0.3401 -0.4599
v  -0.2704 0.3366 -0.5413
v  -0.2870 0.2942 -0.5601
v  -0.3281 0.2157 -0.6582
v  -0.2736 0.1221 -0.6494
v  -0.3433 0.2272 -0.5930
v  -0.2319 0.1046 -0.5508
v  -0.2693 0.2263 -0.5786
v  -0.3471 0.2732 -0.5438
v  0.3805 -0.3697 -0.5784
v  0.3193 -0.2882 -0.5848
v  -0.0256 -0.2948 -0.7216
v  -0.0489 -0.3722 -0.7606
v  -0.1142 -0.3117 -0.7597
v  -0.0885 -0.2323 -0.7342
v  0.0434 -0.4350 -0.7504
v  0.0559 -0.3578 -0.6936
v  -0.2057 -0.0343 -0.7179
v  -0.2436 0.0585 -0.6764
v  -0.2176 0.0011 -0.6877
v  -0.2096 0.0696 -0.6671
v  0.5104 -0.3009 -0.5065
# 6894 vertices

vn -0.0733 0.4651 -0.8822
vn 0.1952 0.3649 -0.9104
vn 0.2691 0.4546 -0.8491
vn 0.0669 0.6051 -0.7934
vn 0.4235 0.3900 -0.8176
vn 0.4113 0.3257 -0.8513
vn 0.3336 0.7597 -0.5582
vn 0.2577 0.8081 -0.5297
vn 0.2248 0.8547 -0.4679
vn 0.6472 0.2419 -0.7229
vn 0.7358 0.1808 -0.6526
vn 0.5717 0.3458 -0.7440
vn 0.5340 0.3106 -0.7864
vn 0.5225 0.6491 -0.5529
vn 0.6864 0.5217 -0.5066
vn 0.2044 0.0457 -0.9778
vn 0.3976 0.0883 -0.9133
vn -0.0996 0.0092 -0.9950
vn 0.0022 -0.4815 -0.8764
vn 0.1792 -0.4427 -0.8786
vn 0.3281 -0.3775 -0.8659
vn 0.5055 -0.2352 -0.8302
vn 0.5480 0.1335 -0.8257
vn 0.6794 0.1712 -0.7135
vn 0.6103 -0.1198 -0.7830
vn 0.6922 -0.1486 -0.7063
vn 0.7852 0.0643 -0.6159
vn 0.7553 0.3226 -0.5705
vn 0.6937 -0.0258 -0.7198
vn 0.2033 0.9786 0.0309
vn 0.1967 0.9799 0.0337
vn 0.1968 0.9158 -0.3501
vn 0.1749 0.9826 0.0628
vn 0.2394 0.9700 0.0427
vn 0.2032 0.9791 0.0027
vn 0.3022 0.9495 -0.0842
vn 0.3126 0.9105 -0.2706
vn 0.2259 0.9649 -0.1337
vn 0.1675 0.9847 -0.0491
vn 0.2831 0.9578 -0.0499
vn 0.3960 0.9030 -0.1666
vn 0.3459 0.9172 -0.1978
vn 0.4593 0.8547 -0.2418
vn 0.4852 0.8478 -0.2140
vn 0.4709 0.8524 -0.2272
vn 0.5441 0.7504 -0.3754
vn 0.4446 0.8650 -0.2326
vn 0.7143 0.4118 -0.5659
vn 0.5424 0.7966 -0.2671
vn 0.1729 -0.7472 -0.6417
vn 0.1889 -0.7526 -0.6307
vn 0.2067 -0.7366 -0.6439
vn 0.2150 -0.7050 -0.6759
vn 0.2506 -0.6114 -0.7506
vn 0.3460 -0.6272 -0.6978
vn 0.3857 -0.5145 -0.7659
vn 0.5957 -0.4436 -0.6696
vn 0.7787 -0.2976 -0.5523
vn 0.5585 -0.3856 -0.7344
vn 0.8086 -0.1625 -0.5654
vn 0.6866 -0.2043 -0.6977
vn 0.8222 -0.0266 -0.5685
vn 0.7452 0.2570 -0.6154
vn 0.8538 0.0477 -0.5184
vn 0.8119 0.3714 -0.4505
vn 0.9251 0.0788 -0.3715
vn 0.8214 0.4700 -0.3230
vn 0.5475 0.8177 -0.1776
vn 0.5076 0.8546 -0.1095
vn 0.9866 0.0380 -0.1589
vn 0.8618 0.5025 -0.0696
vn 0.9966 -0.0054 -0.0823
vn 0.8428 0.5382 -0.0090
vn 0.3945 0.9180 0.0395
vn 0.4829 0.8756 0.0076
vn 0.8494 -0.2784 -0.4484
vn 0.7469 0.4054 -0.5270
vn 0.8341 0.5085 -0.2138
vn 0.9657 -0.1193 -0.2308
vn 0.3080 0.9431 -0.1253
vn 0.2109 0.9062 -0.3665
vn 0.0789 0.9968 0.0161
vn 0.1833 0.9803 0.0737
vn 0.1892 0.9815 0.0277
vn 0.1130 0.9808 -0.1589
vn 0.2029 0.9783 0.0429
vn 0.2000 0.9274 -0.3161
vn 0.2651 0.9213 -0.2844
vn 0.1356 0.9149 -0.3803
vn 0.3679 0.9253 -0.0919
vn 0.2398 0.9706 -0.0196
vn 0.3416 0.8563 -0.3873
vn 0.5006 0.7347 -0.4579
vn 0.5081 0.8426 -0.1785
vn 0.6289 0.6485 -0.4290
vn 0.6093 0.7561 -0.2388
vn 0.7157 0.5865 -0.3791
vn 0.6290 0.7076 -0.3219
vn 0.6068 0.7066 -0.3641
vn 0.7112 0.5310 -0.4607
vn 0.7380 0.5543 -0.3849
vn 0.5470 0.7510 -0.3699
vn 0.5377 0.7963 -0.2772
vn 0.6600 0.5341 -0.5284
vn 0.6888 0.5001 -0.5248
vn 0.4743 0.8603 -0.1867
vn 0.5003 0.8313 -0.2422
vn 0.6131 0.6002 -0.5137
vn 0.5965 0.6720 -0.4389
vn 0.3623 0.9281 -0.0863
vn 0.4351 0.8941 -0.1065
vn 0.5667 0.7590 -0.3204
vn 0.5224 0.8122 -0.2596
vn 0.2361 0.9510 -0.1996
vn 0.1499 0.9222 -0.3565
vn 0.4878 0.8142 -0.3148
vn 0.4989 0.7539 -0.4275
vn 0.1947 0.5722 -0.7966
vn 0.1434 0.6447 -0.7509
vn 0.2165 0.4985 -0.8394
vn -0.0103 -0.1650 -0.9862
vn 0.0118 -0.1083 -0.9940
vn 0.0078 -0.0462 -0.9989
vn 0.2182 0.3843 -0.8971
vn 0.3440 0.2936 -0.8919
vn -0.0161 -0.1777 -0.9840
vn -0.0750 -0.1902 -0.9789
vn 0.4706 -0.5382 -0.6992
vn 0.3638 -0.1689 -0.9160
vn 0.5713 0.2166 -0.7917
vn 0.7247 0.0749 -0.6850
vn 0.3365 -0.5697 -0.7498
vn 0.2218 -0.2248 -0.9488
vn 0.0589 -0.4560 -0.8880
vn -0.0656 -0.2549 -0.9647
vn 0.8053 0.0379 -0.5917
vn 0.8106 0.0439 -0.5840
vn 0.6092 -0.5522 -0.5691
vn 0.4977 -0.6410 -0.5843
vn 0.7056 0.0469 -0.7070
vn 0.7736 0.0134 -0.6335
vn 0.5860 -0.4618 -0.6658
vn 0.6430 -0.4779 -0.5984
vn 0.7024 0.1750 -0.6899
vn 0.6670 0.1024 -0.7380
vn 0.5637 -0.5203 -0.6415
vn 0.5370 -0.4833 -0.6914
vn 0.7298 -0.5467 -0.4105
vn 0.6396 -0.5544 -0.5325
vn 0.7756 0.2456 -0.5815
vn 0.8413 0.2864 -0.4585
vn 0.7313 -0.3699 -0.5731
vn 0.7369 -0.4491 -0.5053
vn 0.8844 -0.0915 -0.4577
vn 0.7867 -0.1843 -0.5892
vn 0.9344 -0.0457 -0.3533
vn 0.7455 -0.5380 -0.3935
vn 0.2515 -0.7681 -0.5889
vn 0.3015 -0.7800 -0.5484
vn 0.3127 -0.8089 -0.4979
vn 0.3517 -0.7363 -0.5781
vn 0.2726 -0.8749 -0.4003
vn 0.2912 -0.8068 -0.5141
vn 0.7214 -0.5386 -0.4353
vn 0.9263 0.0422 -0.3743
vn 0.8808 0.1188 -0.4583
vn 0.6368 -0.4851 -0.5993
vn 0.2174 -0.8180 -0.5326
vn 0.2100 -0.9015 -0.3784
vn 0.1576 -0.8918 -0.4240
vn 0.1980 -0.8214 -0.5349
vn 0.3979 -0.6704 -0.6262
vn 0.4027 -0.6760 -0.6171
vn 0.3708 -0.6621 -0.6513
vn 0.3942 -0.6753 -0.6234
vn 0.4054 -0.6395 -0.6532
vn 0.4746 -0.6513 -0.5921
vn 0.5848 -0.4472 -0.6768
vn 0.8581 0.1096 -0.5017
vn 0.9102 0.0059 -0.4142
vn 0.6244 -0.5217 -0.5814
vn 0.2947 -0.8325 -0.4691
vn 0.2397 -0.8288 -0.5056
vn 0.4275 -0.6202 -0.6577
vn 0.4445 -0.6224 -0.6442
vn 0.4780 -0.5968 -0.6444
vn 0.4762 -0.5826 -0.6586
vn 0.1554 -0.8730 -0.4622
vn 0.1853 -0.8786 -0.4402
vn 0.9603 -0.1453 -0.2382
vn 0.6508 -0.6577 -0.3792
vn 0.5660 -0.7875 -0.2438
vn 0.9370 -0.3117 -0.1578
vn 0.8253 -0.5157 -0.2302
vn 0.6910 -0.6527 -0.3107
vn 0.4371 -0.8843 -0.1642
vn 0.3925 -0.9170 -0.0716
vn 0.3428 -0.8439 -0.4126
vn 0.2329 -0.9125 -0.3363
vn 0.2507 -0.9386 -0.2369
vn 0.3377 -0.8506 -0.4030
vn 0.4922 -0.5794 -0.6496
vn 0.4654 -0.6351 -0.6164
vn 0.4638 -0.6333 -0.6195
vn 0.4769 -0.5565 -0.6804
vn 0.3254 -0.8566 -0.4004
vn 0.2500 -0.9548 -0.1607
vn 0.2655 -0.9631 -0.0431
vn 0.3540 -0.8784 -0.3212
vn 0.4633 -0.5691 -0.6793
vn 0.4628 -0.6311 -0.6225
vn 0.4777 -0.6583 -0.5817
vn 0.4900 -0.6072 -0.6254
vn 0.3241 -0.9055 -0.2738
vn 0.2257 -0.9742 0.0016
vn 0.1072 -0.9909 -0.0813
vn 0.2059 -0.9262 -0.3157
vn 0.2066 -0.9483 -0.2409
vn 0.3452 -0.9347 -0.0841
vn 0.4859 -0.5869 -0.6477
vn 0.4495 -0.6780 -0.5816
vn 0.3807 -0.6753 -0.6317
vn 0.4443 -0.5340 -0.7193
vn 0.4830 -0.5340 -0.6940
vn 0.3866 -0.6869 -0.6154
vn 0.4559 -0.6860 -0.5671
vn 0.5209 -0.5566 -0.6472
vn 0.2237 -0.9193 -0.3237
vn 0.1508 -0.9268 -0.3440
vn 0.3234 -0.8980 -0.2982
vn 0.2732 -0.9125 -0.3044
vn 0.4794 -0.6821 -0.5522
vn 0.5067 -0.6848 -0.5237
vn 0.5241 -0.5822 -0.6216
vn 0.5536 -0.5776 -0.5999
vn 0.5812 -0.5598 -0.5906
vn 0.5130 -0.7079 -0.4854
vn 0.5687 -0.7289 -0.3811
vn 0.6544 -0.5865 -0.4772
vn 0.4455 -0.8550 -0.2654
vn 0.3763 -0.8745 -0.3060
vn 0.2603 -0.8033 -0.5357
vn -0.0606 -0.6059 -0.7933
vn 0.2884 -0.8588 -0.4234
vn 0.2133 -0.9476 -0.2378
vn 0.1223 -0.9475 -0.2953
vn -0.1637 -0.8352 -0.5251
vn 0.1670 -0.9046 -0.3921
vn 0.2700 -0.8508 -0.4508
vn 0.0774 -0.9278 -0.3650
vn 0.0769 -0.9501 -0.3024
vn 0.4144 -0.7714 -0.4829
vn 0.4279 -0.7378 -0.5220
vn 0.2367 -0.9035 -0.3574
vn 0.1832 -0.9162 -0.3564
vn 0.3733 -0.7764 -0.5078
vn 0.3439 -0.8375 -0.4246
vn 0.2074 -0.9342 -0.2902
vn 0.2180 -0.9156 -0.3379
vn 0.3124 -0.8426 -0.4386
vn 0.2364 -0.8843 -0.4026
vn 0.4098 -0.7795 -0.4738
vn 0.6300 -0.3480 -0.6943
vn 0.5476 -0.4658 -0.6951
vn 0.5175 -0.5321 -0.6701
vn 0.5021 -0.2679 -0.8223
vn 0.5507 -0.2971 -0.7800
vn 0.4649 -0.6082 -0.6433
vn 0.4261 -0.5863 -0.6890
vn 0.5546 -0.6209 -0.5540
vn 0.6277 -0.3564 -0.6921
vn 0.4936 -0.2940 -0.8185
vn 0.4871 -0.5720 -0.6600
vn 0.4885 -0.5885 -0.6442
vn 0.5684 -0.3631 -0.7383
vn 0.6338 -0.4007 -0.6616
vn 0.5318 -0.5899 -0.6077
vn 0.4626 -0.5200 -0.7180
vn 0.4805 -0.2513 -0.8402
vn 0.4583 -0.2172 -0.8618
vn 0.4409 -0.5199 -0.7317
vn 0.5169 -0.5786 -0.6309
vn 0.6066 -0.3144 -0.7302
vn 0.6376 -0.3106 -0.7050
vn 0.5403 -0.5439 -0.6421
vn 0.4929 -0.4480 -0.7459
vn 0.5672 -0.1961 -0.7999
vn 0.6049 -0.1749 -0.7768
vn 0.5421 -0.4330 -0.7202
vn 0.5371 -0.4502 -0.7133
vn 0.5940 -0.1453 -0.7912
vn 0.6866 -0.1424 -0.7129
vn 0.5942 -0.4544 -0.6637
vn 0.6286 -0.3710 -0.6836
vn 0.6705 -0.0767 -0.7379
vn 0.6819 -0.0128 -0.7313
vn 0.6605 -0.2730 -0.6994
vn 0.7343 -0.2916 -0.6130
vn 0.7161 -0.0276 -0.6974
vn 0.5711 0.5565 -0.6035
vn 0.5581 0.5675 -0.6054
vn 0.6631 0.0400 -0.7475
vn 0.6842 0.0053 -0.7293
vn 0.5127 0.1634 -0.8429
vn 0.3995 0.6623 -0.6339
vn 0.5843 -0.3673 -0.7237
vn 0.6207 -0.4198 -0.6622
vn 0.3504 0.6857 -0.6380
vn 0.5296 0.1720 -0.8306
vn 0.5989 0.1301 -0.7902
vn 0.3763 0.6573 -0.6530
vn 0.2706 0.6568 -0.7038
vn 0.4567 0.1749 -0.8722
vn 0.6144 0.0318 -0.7883
vn 0.4950 0.5339 -0.6855
vn 0.6648 0.4113 -0.6236
vn 0.7149 -0.0763 -0.6950
vn 0.5228 0.1022 -0.8463
vn 0.5232 0.5200 -0.6751
vn 0.3532 0.6271 -0.6942
vn 0.4385 0.1956 -0.8772
vn 0.6276 0.0880 -0.7735
vn 0.5260 0.5687 -0.6324
vn 0.5678 0.5702 -0.5936
vn 0.6750 0.0663 -0.7349
vn 0.5981 0.1842 -0.7800
vn 0.4720 0.6434 -0.6027
vn 0.4073 0.6792 -0.6105
vn 0.5880 0.2342 -0.7742
vn 0.5971 0.2692 -0.7557
vn 0.4401 0.6718 -0.5958
vn 0.4017 0.6647 -0.6300
vn 0.6362 0.2698 -0.7228
vn 0.6152 0.2658 -0.7422
vn 0.4228 0.6273 -0.6540
vn -0.0622 0.9981 -0.0031
vn 0.0362 0.9939 0.1042
vn 0.2306 0.9275 -0.2943
vn 0.0329 0.9201 -0.3903
vn 0.2867 0.9241 -0.2527
vn 0.0270 0.9891 0.1449
vn 0.4637 0.5895 -0.6615
vn 0.1929 0.6371 -0.7463
vn -0.0219 0.9855 0.1680
vn 0.2651 0.9356 -0.2331
vn 0.1275 0.9639 -0.2336
vn -0.1185 0.9834 0.1376
vn -0.1597 0.9803 0.1160
vn 0.0595 0.9668 -0.2485
vn 0.0938 0.9581 -0.2707
vn -0.1371 0.9855 0.0998
vn -0.1308 0.9860 0.1033
vn 0.0534 0.9524 -0.3003
vn 0.1914 0.9342 -0.3011
vn -0.0602 0.9888 0.1365
vn -0.0019 0.9895 0.1445
vn 0.3547 0.8947 -0.2714
vn 0.3021 0.9159 -0.2643
vn -0.0505 0.9923 0.1135
vn -0.0901 0.9902 0.1066
vn 0.1563 0.9472 -0.2801
vn 0.2554 0.9319 -0.2574
vn -0.0490 0.9913 0.1224
vn -0.1304 0.9890 0.0705
vn 0.2339 0.9372 -0.2586
vn 0.1294 0.9480 -0.2907
vn -0.2203 0.9746 0.0392
vn -0.2778 0.9593 0.0511
vn 0.0808 0.9439 -0.3201
vn 0.1004 0.9376 -0.3328
vn -0.3126 0.9483 0.0548
vn -0.3409 0.9401 -0.0056
vn 0.0628 0.9162 -0.3958
vn 0.0826 0.8947 -0.4389
vn -0.3422 0.9332 -0.1095
vn 0.7309 0.5045 -0.4597
vn 0.3275 0.9339 -0.1437
vn 0.2156 0.9680 -0.1283
vn 0.6264 0.6151 -0.4788
vn 0.3965 0.8856 -0.2418
vn 0.7900 0.2965 -0.5367
vn -0.0167 0.7522 -0.6587
vn -0.0929 0.5085 -0.8560
vn 0.2666 0.8275 -0.4941
vn 0.4107 0.3785 -0.8295
vn -0.1709 -0.0579 -0.9836
vn 0.2205 -0.3302 -0.9178
vn 0.0929 -0.7282 -0.6790
vn -0.0579 -0.5996 -0.7982
vn 0.4408 -0.7407 -0.5070
vn 0.2539 -0.8184 -0.5155
vn 0.6497 -0.3389 -0.6805
vn 0.5303 -0.6845 -0.5002
vn 0.4162 -0.7791 -0.4688
vn 0.3111 -0.8100 -0.4971
vn 0.6639 0.4950 -0.5606
vn 0.4536 0.8452 -0.2826
vn 0.7152 0.0293 -0.6983
vn 0.7463 -0.3703 -0.5531
vn 0.1696 0.9849 -0.0356
vn 0.0324 0.9961 -0.0826
vn 0.0459 0.9810 -0.1887
vn 0.1953 0.9533 -0.2303
vn -0.0889 0.9763 -0.1974
vn -0.0926 0.9857 -0.1409
vn 0.0880 0.8600 -0.5027
vn 0.1794 0.8589 -0.4796
vn 0.2712 0.8439 -0.4629
vn -0.1521 0.9727 -0.1751
vn -0.1374 0.9693 -0.2038
vn -0.1931 0.9538 -0.2303
vn -0.2311 0.9455 -0.2295
vn -0.0146 0.8317 -0.5550
vn 0.0417 0.8483 -0.5279
vn -0.3524 0.8905 -0.2877
vn -0.2928 0.9086 -0.2979
vn -0.3559 0.8538 -0.3801
vn -0.4332 0.8452 -0.3130
vn -0.1541 0.7397 -0.6551
vn -0.0998 0.7935 -0.6004
vn -0.3446 0.8821 -0.3213
vn -0.2473 0.8716 -0.4233
vn -0.0651 0.9041 -0.4223
vn -0.1875 0.9217 -0.3396
vn 0.0453 0.8107 -0.5837
vn -0.0849 0.7508 -0.6551
vn -0.1992 0.9625 -0.1843
vn -0.5450 0.8331 -0.0942
vn -0.5509 0.7850 -0.2833
vn -0.2588 0.9141 -0.3121
vn -0.9092 0.3918 -0.1409
vn -0.8935 0.4463 0.0497
vn -0.8046 0.4441 -0.3942
vn -0.3652 0.8381 -0.4052
vn -0.3878 0.5155 -0.7641
vn 0.0318 0.8148 -0.5788
vn -0.1239 0.8720 -0.4735
vn -0.5947 0.5479 -0.5884
vn 0.1049 0.9678 -0.2290
vn 0.3278 0.7989 -0.5043
vn 0.2525 0.9316 -0.2613
vn 0.0568 0.9920 -0.1124
vn 0.5880 0.5707 -0.5732
vn 0.4640 0.5194 -0.7176
vn 0.1061 0.9336 -0.3421
vn 0.0569 0.9716 -0.2295
vn 0.0736 0.9751 -0.2092
vn 0.1170 0.9183 -0.3781
vn -0.1142 -0.5089 -0.8532
vn -0.1234 -0.4841 -0.8662
vn -0.1635 -0.4860 -0.8585
vn -0.1315 -0.4503 -0.8831
vn -0.1465 -0.5123 -0.8462
vn -0.1955 -0.5315 -0.8242
vn -0.2313 -0.4019 -0.8860
vn -0.2766 -0.3076 -0.9104
vn -0.1453 -0.3719 -0.9168
vn -0.2384 -0.4602 -0.8552
vn -0.3375 -0.5768 -0.7439
vn -0.2679 -0.3253 -0.9069
vn -0.0353 -0.1423 -0.9892
vn 0.1101 0.6132 -0.7823
vn -0.0233 -0.3626 -0.9316
vn 0.0362 0.5194 -0.8538
vn 0.2564 0.6242 -0.7380
vn 0.1353 0.7185 -0.6823
vn 0.2975 0.2285 -0.9270
vn 0.3484 0.4902 -0.7989
vn 0.3411 0.4134 -0.8442
vn 0.3679 0.4262 -0.8264
vn 0.0701 -0.0298 -0.9971
vn 0.0449 0.6659 -0.7447
vn -0.1220 -0.5690 -0.8132
vn -0.1867 -0.4438 -0.8765
vn 0.0746 -0.2482 -0.9658
vn 0.0345 -0.2895 -0.9566
vn 0.1466 -0.1775 -0.9731
vn 0.6082 0.3189 -0.7269
vn 0.5416 0.3337 -0.7715
vn 0.4716 0.3829 -0.7944
vn 0.1014 -0.3892 -0.9156
vn 0.1569 -0.3980 -0.9039
vn 0.4808 0.3526 -0.8028
vn 0.5288 0.3663 -0.7656
vn 0.2564 -0.1517 -0.9546
vn 0.5483 0.5480 -0.6317
vn 0.5084 0.7742 -0.3769
vn 0.4319 0.2322 -0.8715
vn 0.5397 0.5005 -0.6770
vn 0.5428 0.5311 -0.6506
vn 0.5198 0.8324 -0.1922
vn 0.4261 0.8589 -0.2840
vn 0.5465 0.4857 -0.6822
vn 0.4460 0.7861 -0.4280
vn 0.4696 0.6678 -0.5775
vn 0.4856 0.4142 -0.7698
vn 0.5261 0.6961 -0.4886
vn 0.3881 0.6852 -0.6163
vn 0.4362 0.8786 -0.1944
vn 0.4772 0.8742 -0.0894
vn 0.2353 0.5805 -0.7795
vn 0.3511 0.7987 -0.4887
vn 0.6899 0.6075 -0.3938
vn 0.6284 0.6568 -0.4168
vn 0.5377 0.8349 -0.1174
vn 0.5844 0.7876 -0.1952
vn 0.6460 0.6005 -0.4713
vn 0.6897 0.5871 -0.4239
vn 0.5874 0.7576 -0.2845
vn 0.6312 0.7044 -0.3246
vn 0.6638 0.6118 -0.4301
vn 0.7321 0.6013 -0.3201
vn 0.7652 0.5821 -0.2750
vn 0.6952 0.6325 -0.3416
vn 0.3517 0.6814 -0.6419
vn 0.3497 0.6462 -0.6784
vn 0.3930 0.5487 -0.7379
vn 0.4205 0.6423 -0.6408
vn 0.3401 0.5649 -0.7518
vn 0.3019 0.6623 -0.6857
vn 0.2954 0.7272 -0.6196
vn 0.3484 0.7554 -0.5550
vn 0.2394 0.6917 -0.6814
vn 0.2958 0.6282 -0.7196
vn 0.3656 0.6498 -0.6664
vn 0.4047 0.6306 -0.6622
vn 0.4177 0.4344 -0.7980
vn 0.4277 0.4693 -0.7725
vn 0.3810 0.5858 -0.7153
vn 0.3717 0.5855 -0.7205
vn 0.3502 0.5584 -0.7520
vn 0.3985 0.4256 -0.8124
vn 0.4212 0.5129 -0.7480
vn 0.4376 0.4247 -0.7926
vn 0.3620 0.5083 -0.7814
vn 0.3309 0.5323 -0.7792
vn 0.2707 0.6194 -0.7370
vn 0.3279 0.4968 -0.8035
vn 0.4259 0.4616 -0.7782
vn 0.1926 0.6588 -0.7272
vn 0.1381 0.6316 -0.7629
vn 0.2317 0.5030 -0.8327
vn 0.2558 0.5810 -0.7727
vn 0.2634 0.6083 -0.7487
vn 0.3340 0.4780 -0.8124
vn 0.2557 0.4933 -0.8314
vn 0.2273 0.5695 -0.7899
vn 0.3095 0.3806 -0.8714
vn 0.3398 0.4535 -0.8239
vn 0.6232 0.2567 -0.7387
vn 0.4931 0.2057 -0.8453
vn 0.6303 -0.1279 -0.7657
vn 0.7592 0.0030 -0.6508
vn 0.0678 0.5934 -0.8020
vn 0.0035 0.5511 -0.8344
vn 0.1234 0.3918 -0.9118
vn 0.1643 0.4550 -0.8752
vn 0.3016 0.3821 -0.8735
vn 0.2182 0.4352 -0.8735
vn 0.2852 0.3312 -0.8994
vn 0.4316 0.1694 -0.8860
vn 0.2581 0.2397 -0.9359
vn 0.2379 0.3402 -0.9098
vn 0.0317 0.5548 -0.8314
vn 0.1917 0.3217 -0.9272
vn 0.1288 0.6341 -0.7625
vn 0.3087 0.3261 -0.8935
vn 0.8071 -0.2161 -0.5494
vn 0.6650 -0.3463 -0.6617
vn 0.7354 -0.3823 -0.5595
vn 0.7886 -0.3732 -0.4887
vn 0.5293 0.0221 -0.8482
vn 0.3933 0.2097 -0.8952
vn 0.5526 0.1510 -0.8197
vn 0.6662 0.0388 -0.7448
vn 0.4893 0.0279 -0.8717
vn 0.3572 0.1014 -0.9285
vn -0.0063 0.4186 -0.9082
vn 0.1840 0.6835 -0.7064
vn 0.4820 0.3052 -0.8213
vn 0.4421 0.0822 -0.8932
vn 0.6688 -0.5496 -0.5006
vn 0.7462 -0.3240 -0.5816
vn 0.6288 -0.3126 -0.7120
vn 0.4938 -0.6542 -0.5728
vn 0.6041 -0.3330 -0.7240
vn 0.6910 -0.0791 -0.7185
vn 0.7336 0.0634 -0.6766
vn 0.6138 -0.1579 -0.7735
vn 0.5815 0.0283 -0.8130
vn 0.7248 0.1265 -0.6773
vn 0.6009 -0.4216 -0.6791
vn 0.6176 0.0512 -0.7848
vn 0.3708 0.1629 -0.9143
vn 0.4698 -0.3239 -0.8212
vn 0.6228 -0.3718 -0.6884
vn 0.4242 -0.5537 -0.7166
vn 0.4622 -0.6986 -0.5462
vn 0.6685 -0.4352 -0.6031
vn 0.4915 -0.6719 -0.5540
vn 0.4647 -0.7171 -0.5195
vn 0.3719 -0.7652 -0.5256
vn 0.3531 -0.8391 -0.4139
vn 0.4474 -0.6576 -0.6061
vn 0.3755 -0.8250 -0.4223
vn 0.3973 -0.6743 -0.6225
vn 0.4154 -0.6873 -0.5959
vn 0.3239 -0.7356 -0.5949
vn 0.3952 -0.7322 -0.5547
vn 0.3672 -0.8001 -0.4743
vn 0.3307 -0.8698 -0.3662
vn 0.3164 -0.8878 -0.3341
vn 0.4636 -0.6285 -0.6246
vn 0.2488 -0.2398 -0.9384
vn 0.1999 -0.5748 -0.7935
vn 0.7927 -0.5282 -0.3044
vn 0.8195 0.0980 -0.5646
vn 0.9340 -0.3281 0.1414
vn 0.9394 0.3261 -0.1058
vn 0.8361 -0.5455 -0.0575
vn 0.9564 0.1794 -0.2306
vn 0.3701 -0.8497 -0.3756
vn 0.7235 -0.2476 -0.6443
vn 0.0633 -0.7497 -0.6588
vn 0.3991 0.1436 -0.9056
vn 0.4379 0.1458 -0.8871
vn 0.5215 0.1698 -0.8362
vn 0.1826 -0.6193 -0.7637
vn 0.2414 -0.5233 -0.8173
vn 0.5944 0.1714 -0.7857
vn 0.6003 0.1755 -0.7803
vn 0.2652 -0.4685 -0.8427
vn 0.2609 -0.4420 -0.8582
vn 0.2553 -0.4126 -0.8744
vn 0.5585 0.2093 -0.8027
vn 0.4709 0.2688 -0.8402
vn 0.2352 -0.3529 -0.9056
vn 0.1533 -0.2680 -0.9511
vn 0.3225 0.3257 -0.8888
vn 0.1312 0.2616 -0.9562
vn -0.0128 -0.3741 -0.9273
vn -0.0583 -0.7811 -0.6217
vn -0.0169 -0.7329 -0.6801
vn -0.0322 -0.8053 -0.5921
vn -0.0236 -0.8698 -0.4929
vn -0.1832 -0.8887 -0.4202
vn -0.0971 -0.8901 -0.4454
vn -0.0836 -0.8204 -0.5657
vn -0.1285 -0.8125 -0.5686
vn -0.1579 -0.9538 -0.2557
vn -0.2015 -0.9087 -0.3656
vn -0.1298 -0.8325 -0.5386
vn -0.1098 -0.8682 -0.4840
vn -0.0166 -0.9630 -0.2691
vn -0.0597 -0.9209 -0.3852
vn -0.1119 -0.9856 -0.1268
vn -0.0784 -0.9955 -0.0541
vn 0.5342 -0.8303 0.1587
vn 0.1736 -0.9848 0.0059
vn -0.0044 -0.9999 -0.0147
vn 0.1643 -0.9815 -0.0987
vn 0.4935 -0.8347 -0.2443
vn 0.6946 -0.7062 0.1372
vn 0.1582 -0.9832 -0.0912
vn 0.2548 -0.9665 -0.0307
vn 0.0888 -0.8541 -0.5126
vn -0.2259 -0.8201 -0.5257
vn -0.0622 -0.9927 -0.1034
vn 0.0781 -0.9911 -0.1081
vn -0.3238 -0.8652 -0.3828
vn -0.1994 -0.9675 -0.1558
vn -0.1972 -0.9800 -0.0274
vn -0.2032 -0.9776 -0.0549
vn -0.0455 -0.9981 -0.0419
vn 0.0568 -0.9939 -0.0942
vn -0.0887 -0.9858 -0.1423
vn -0.1320 -0.9902 -0.0456
vn 0.0183 -0.9522 -0.3049
vn 0.1116 -0.8816 -0.4587
vn 0.0369 -0.6077 -0.7933
vn -0.1287 -0.8963 -0.4243
vn 0.4632 -0.5280 -0.7118
vn 0.2172 -0.8797 -0.4230
vn 0.1240 0.6305 -0.7663
vn 0.2680 0.2558 -0.9288
vn 0.6351 0.1702 -0.7535
vn 0.4485 0.3012 -0.8415
vn 0.3668 0.1216 -0.9223
vn 0.4120 0.3699 -0.8327
vn 0.0847 0.5571 -0.8261
vn 0.5084 -0.2672 -0.8186
vn 0.0277 -0.0374 -0.9989
vn 0.6006 -0.3435 -0.7220
vn 0.5853 -0.5257 -0.6173
vn 0.5798 -0.3130 -0.7523
vn 0.5686 -0.3343 -0.7517
vn 0.6220 -0.2501 -0.7420
vn 0.4882 -0.4301 -0.7594
vn 0.4283 -0.5779 -0.6947
vn 0.7300 -0.1800 -0.6593
vn 0.6796 -0.1632 -0.7152
vn 0.7653 -0.0353 -0.6427
vn 0.8283 0.0344 -0.5592
vn 0.6864 -0.0720 -0.7236
vn 0.6152 -0.2600 -0.7442
vn 0.8619 0.2151 -0.4593
vn 0.9117 0.1977 -0.3602
vn 0.9431 0.1575 -0.2928
vn 0.9213 0.3096 -0.2351
vn 0.7920 0.2271 -0.5667
vn 0.8989 0.4134 -0.1454
vn 0.3547 -0.8799 -0.3161
vn 0.3918 -0.8910 -0.2295
vn 0.3202 -0.9295 -0.1829
vn 0.2500 -0.9386 -0.2378
vn 0.5747 -0.6592 -0.4850
vn 0.7386 -0.5249 -0.4230
vn 0.3446 -0.9331 -0.1025
vn 0.8125 -0.5045 -0.2920
vn 0.8042 -0.5552 -0.2122
vn 0.3206 -0.9469 -0.0235
vn 0.8652 0.2646 -0.4260
vn 0.8413 0.1993 -0.5025
vn 0.6862 -0.6485 -0.3295
vn 0.7724 -0.5401 -0.3343
vn 0.4320 -0.8882 -0.1564
vn 0.3827 -0.9192 -0.0924
vn 0.2819 -0.9594 -0.0106
vn 0.3273 -0.9449 -0.0097
vn 0.2855 -0.9545 -0.0864
vn 0.3006 -0.9510 -0.0727
vn 0.8028 -0.5454 -0.2409
vn 0.9495 0.0270 -0.3126
vn 0.7473 -0.5494 -0.3739
vn 0.8713 -0.0744 -0.4850
vn 0.7229 -0.2278 -0.6523
vn 0.7034 -0.4293 -0.5665
vn 0.7906 0.2874 -0.5407
vn 0.7405 0.3691 -0.5616
vn 0.2932 0.2332 -0.9272
vn 0.2161 0.3904 -0.8949
vn 0.4139 0.7224 -0.5540
vn 0.5164 0.3768 -0.7690
vn 0.4149 0.7940 -0.4443
vn 0.3887 0.8615 -0.3266
vn 0.4249 0.7745 -0.4686
vn 0.5640 0.3874 -0.7293
vn 0.4469 0.8412 -0.3045
vn 0.5204 0.7999 -0.2989
vn 0.4921 -0.4752 -0.7294
vn 0.4262 -0.3401 -0.8383
vn 0.3911 0.4824 -0.7838
vn 0.5777 0.3935 -0.7151
vn 0.1882 0.9151 -0.3565
vn 0.2430 0.9172 -0.3158
vn 0.2469 0.8839 -0.3973
vn 0.1949 0.8973 -0.3961
vn 0.3009 0.7407 -0.6007
vn 0.3251 0.7545 -0.5701
vn 0.5029 0.3303 -0.7988
vn 0.4817 0.3125 -0.8187
vn 0.5654 -0.1574 -0.8097
vn 0.6210 -0.0630 -0.7813
vn 0.4985 0.4996 -0.7084
vn 0.5625 0.4486 -0.6945
vn 0.2801 0.9238 -0.2609
vn 0.2397 0.9306 -0.2765
vn 0.2008 0.9455 -0.2565
vn 0.2537 0.9532 -0.1646
vn 0.5090 0.7526 -0.4177
vn 0.3746 0.7705 -0.5158
vn 0.5916 0.3167 -0.7414
vn 0.7186 0.3049 -0.6250
vn 0.5025 -0.0278 -0.8641
vn 0.1669 -0.0247 -0.9857
vn 0.6263 -0.0869 -0.7747
vn 0.6151 -0.3380 -0.7123
vn 0.3792 -0.2897 -0.8788
vn 0.0761 -0.1828 -0.9802
vn 0.5562 -0.1580 -0.8159
vn 0.5195 -0.1471 -0.8417
vn 0.4675 -0.4656 -0.7514
vn 0.5701 -0.4062 -0.7141
vn 0.6196 -0.1136 -0.7766
vn 0.7348 -0.0356 -0.6773
vn 0.6608 -0.3802 -0.6472
vn 0.5221 -0.4639 -0.7156
vn 0.7274 0.3502 -0.5901
vn 0.7560 0.0434 -0.6531
vn 0.7425 0.1065 -0.6613
vn 0.7009 0.3923 -0.5957
vn 0.7296 -0.2410 -0.6400
vn 0.7195 -0.2937 -0.6293
vn 0.5676 -0.6731 -0.4741
vn 0.4932 -0.7199 -0.4883
vn 0.6080 -0.6213 -0.4943
vn 0.3951 -0.8962 -0.2017
vn 0.4010 -0.8838 -0.2409
vn 0.4013 -0.8723 -0.2794
vn -0.0762 0.8296 -0.5531
vn 0.3620 0.1308 -0.9230
vn 0.5111 0.3428 -0.7882
vn 0.3804 0.6141 -0.6915
vn 0.2617 0.5063 -0.8217
vn 0.0778 0.9568 -0.2802
vn 0.4017 -0.0432 -0.9147
vn 0.2579 -0.0233 -0.9659
vn 0.4226 0.1685 -0.8905
vn 0.5738 0.2054 -0.7928
vn 0.0644 -0.0916 -0.9937
vn 0.0453 0.0240 -0.9987
vn 0.0700 -0.2659 -0.9615
vn 0.1148 -0.1251 -0.9855
vn 0.3618 0.3342 -0.8703
vn 0.4192 0.3311 -0.8453
vn 0.2474 -0.4581 -0.8538
vn 0.5284 -0.5255 -0.6668
vn 0.7208 -0.1623 -0.6738
vn 0.4810 0.0754 -0.8735
vn 0.5634 -0.5726 -0.5955
vn 0.4610 -0.6454 -0.6090
vn 0.7083 -0.4444 -0.5485
vn 0.7499 -0.3125 -0.5831
vn 0.4708 -0.7691 -0.4322
vn 0.4258 -0.7082 -0.5632
vn 0.4681 0.7626 -0.4465
vn 0.3664 0.8747 -0.3173
vn 0.5639 0.6337 -0.5296
vn 0.6059 0.5601 -0.5649
vn 0.5709 0.6742 -0.4685
vn 0.4951 0.7046 -0.5083
vn 0.6509 0.5371 -0.5365
vn 0.6117 0.5752 -0.5432
vn 0.5712 0.7067 -0.4176
vn 0.6246 0.5439 -0.5604
vn 0.5430 0.3666 -0.7555
vn 0.6296 0.1978 -0.7513
vn 0.6456 0.3844 -0.6599
vn 0.5887 0.4280 -0.6858
vn 0.5003 0.6161 -0.6084
vn 0.4450 0.4900 -0.7496
vn 0.5341 0.7345 -0.4187
vn 0.4824 0.8219 -0.3030
vn 0.4602 0.8519 -0.2500
vn 0.4575 0.8375 -0.2989
vn 0.4883 0.6168 -0.6174
vn 0.4329 0.6941 -0.5752
vn 0.4078 0.4578 -0.7900
vn 0.4680 0.3302 -0.8197
vn 0.5746 0.7371 -0.3558
vn 0.7904 0.5090 -0.3410
vn 0.7579 0.6127 -0.2240
vn 0.5821 0.7757 -0.2437
vn 0.7135 0.1929 -0.6736
vn 0.5599 0.2206 -0.7986
vn 0.6219 0.4910 -0.6100
vn 0.7805 0.3768 -0.4989
vn 0.8820 0.3055 -0.3588
vn 0.8677 0.2788 -0.4115
vn 0.7921 0.5536 -0.2570
vn 0.8344 0.5325 -0.1424
vn 0.8020 0.4774 -0.3590
vn 0.8377 0.3015 -0.4554
vn 0.8575 0.4335 -0.2771
vn 0.7878 0.5633 -0.2491
vn -0.5835 0.6217 -0.5225
vn -0.3468 0.5970 -0.7234
vn -0.2547 0.3796 -0.8894
vn -0.6628 0.4085 -0.6276
vn -0.1652 0.3379 -0.9266
vn -0.1752 0.6017 -0.7793
vn -0.1507 0.3246 -0.9338
vn -0.2122 0.3596 -0.9087
vn -0.6612 0.3894 -0.6413
vn -0.0409 0.2228 -0.9740
vn -0.2722 0.3964 -0.8768
vn -0.3109 0.4898 -0.8145
vn -0.0628 0.3862 -0.9203
vn -0.6113 0.5463 -0.5726
vn -0.6445 0.4449 -0.6218
vn -0.3990 0.8624 -0.3115
vn -0.2125 0.8645 -0.4555
vn -0.0301 0.8701 -0.4919
vn 0.0156 0.9504 -0.3107
vn -0.1590 0.9348 -0.3176
vn -0.2107 0.7516 -0.6251
vn -0.0021 0.6787 -0.7344
vn -0.5084 0.7399 -0.4406
vn -0.3316 0.9158 -0.2266
vn -0.2592 0.8606 -0.4383
vn -0.4205 0.8485 -0.3213
vn -0.0626 0.9076 -0.4150
vn -0.0063 0.8933 -0.4494
vn 0.0447 0.4193 -0.9068
vn 0.0761 0.5229 -0.8490
vn -0.0167 0.8838 -0.4676
vn 0.0821 0.3746 -0.9235
vn 0.0252 0.2033 -0.9788
vn -0.0551 0.9177 -0.3935
vn -0.0019 0.9591 -0.2832
vn -0.0030 0.6342 -0.7732
vn 0.0123 0.6458 -0.7634
vn 0.0000 0.9682 -0.2504
vn -0.0379 0.9598 -0.2781
vn 0.0619 0.7411 -0.6685
vn -0.0301 0.7074 -0.7062
vn 0.0225 0.9004 -0.4344
vn 0.1067 0.5437 -0.8325
vn 0.1356 0.6430 -0.7537
vn 0.0541 0.9404 -0.3358
vn 0.1529 0.4167 -0.8961
vn 0.1286 0.3717 -0.9194
vn 0.4323 0.5703 -0.6985
vn 0.2351 0.9256 -0.2966
vn 0.1444 0.9312 -0.3347
vn 0.4015 0.4401 -0.8032
vn -0.0590 0.9970 -0.0507
vn 0.0003 0.9981 -0.0620
vn 0.0766 0.9747 -0.2102
vn 0.1644 0.7712 -0.6150
vn 0.1393 0.8791 -0.4559
vn 0.0635 0.9926 -0.1036
vn 0.2728 0.4816 -0.8328
vn 0.2058 0.4866 -0.8491
vn 0.0216 0.8319 -0.5545
vn -0.0317 0.9157 -0.4007
vn 0.0581 0.6705 -0.7396
vn 0.0691 0.6295 -0.7739
vn 0.1654 0.5155 -0.8408
vn 0.2044 0.5309 -0.8224
vn -0.0002 0.9234 -0.3837
vn 0.1256 0.7803 -0.6127
vn 0.3258 0.4358 -0.8390
vn 0.1838 0.6786 -0.7111
vn 0.2979 0.4501 -0.8418
vn 0.3826 0.1501 -0.9116
vn 0.4466 0.0445 -0.8936
vn 0.4437 0.1988 -0.8739
vn 0.3489 0.4946 -0.7960
vn 0.1119 0.9469 -0.3014
vn -0.0141 0.9979 -0.0630
vn -0.0400 0.3331 -0.9420
vn 0.1583 0.3165 -0.9353
vn 0.2403 0.2123 -0.9472
vn -0.0461 0.3011 -0.9525
vn 0.3592 0.1842 -0.9149
vn 0.4832 -0.0130 -0.8754
vn 0.5592 -0.3607 -0.7464
vn 0.5281 -0.1507 -0.8357
vn 0.5314 -0.4430 -0.7221
vn 0.6809 -0.3668 -0.6339
vn 0.6782 -0.2145 -0.7029
vn 0.4451 -0.1905 -0.8750
vn 0.7776 -0.1077 -0.6195
vn 0.5928 0.0049 -0.8053
vn 0.4037 -0.1299 -0.9056
vn 0.4382 -0.1604 -0.8845
vn 0.4124 -0.0714 -0.9082
vn 0.4201 -0.0679 -0.9049
vn 0.5295 -0.1525 -0.8345
vn 0.4965 -0.3222 -0.8060
vn 0.6267 0.4333 -0.6477
vn 0.5074 0.3942 -0.7662
vn 0.6199 0.1579 -0.7686
vn 0.4303 0.2085 -0.8783
vn 0.2744 0.1072 -0.9556
vn 0.3461 0.0083 -0.9382
vn 0.4241 -0.2006 -0.8831
vn 0.3492 -0.0204 -0.9368
vn 0.3426 0.0979 -0.9344
vn 0.4185 0.1863 -0.8889
vn 0.2767 0.1587 -0.9478
vn 0.2948 0.0720 -0.9528
vn -0.1229 0.7577 0.6409
vn -0.1845 0.7087 0.6810
vn -0.1071 0.8902 0.4429
vn -0.1008 0.9203 0.3780
vn -0.1572 0.8712 0.4651
vn -0.2698 0.6876 0.6741
vn -0.3621 0.6884 0.6285
vn -0.2305 0.8685 0.4387
vn -0.2815 0.8763 0.3910
vn -0.3870 0.6966 0.6041
vn -0.3615 0.7023 0.6133
vn -0.2804 0.8747 0.3954
vn -0.2904 0.8738 0.3901
vn -0.3706 0.7028 0.6073
vn -0.3601 0.7016 0.6149
vn -0.2724 0.8694 0.4121
vn -0.2430 0.8671 0.4349
vn -0.3615 0.7099 0.6044
vn -0.3497 0.7139 0.6067
vn -0.2313 0.8712 0.4330
vn -0.2704 0.8661 0.4205
vn -0.3658 0.7026 0.6104
vn -0.4058 0.6878 0.6019
vn -0.2919 0.8570 0.4247
vn -0.3214 0.8559 0.4050
vn -0.4699 0.6737 0.5704
vn -0.5294 0.6353 0.5623
vn -0.4042 0.8412 0.3592
vn -0.4736 0.7990 0.3705
vn -0.5898 0.5840 0.5577
vn -0.6436 0.5788 0.5008
vn -0.5340 0.7502 0.3900
vn -0.5731 0.7300 0.3724
vn -0.6546 0.6422 0.3989
vn -0.6770 0.6607 0.3243
vn -0.6329 0.7376 0.2354
vn -0.5946 0.7398 0.3148
vn -0.6520 0.6668 0.3609
vn -0.6646 0.5251 0.5316
vn -0.6431 0.6976 0.3159
vn -0.6935 0.6471 0.3168
vn -0.7524 0.4589 0.4725
vn -0.6752 0.4896 0.5517
vn -0.6692 0.6762 0.3081
vn -0.2172 0.8652 0.4519
vn -0.2482 0.7391 0.6262
vn -0.1835 0.6727 0.7168
vn -0.1852 0.7822 0.5949
vn -0.1351 0.6531 0.7451
vn -0.1203 0.7476 0.6531
vn -0.2697 0.9132 0.3055
vn -0.3754 0.7468 0.5490
vn -0.3388 0.7503 0.5677
vn -0.2530 0.9039 0.3449
vn -0.2418 0.9197 0.3094
vn -0.3342 0.7782 0.5318
vn -0.3605 0.7584 0.5430
vn -0.2729 0.9137 0.3010
vn -0.1923 0.9035 0.3831
vn -0.3220 0.7935 0.5163
vn -0.3307 0.7909 0.5149
vn -0.2166 0.9178 0.3329
vn -0.1917 0.8711 0.4522
vn -0.3046 0.7658 0.5664
vn -0.2984 0.7789 0.5516
vn -0.1760 0.8831 0.4349
vn -0.2603 0.8868 0.3819
vn -0.3869 0.7447 0.5438
vn -0.3440 0.7554 0.5577
vn -0.2345 0.8726 0.4285
vn -0.2529 0.9130 0.3202
vn -0.4085 0.7397 0.5348
vn -0.4258 0.7681 0.4782
vn -0.2184 0.9273 0.3039
vn -0.2080 0.8886 0.4088
vn -0.2762 0.7915 0.5453
vn -0.5418 0.7344 0.4087
vn -0.4871 0.7673 0.4171
vn -0.3386 0.6769 0.6536
vn -0.6373 0.6258 0.4497
vn -0.6871 0.4413 0.5772
vn -0.3079 0.5776 0.7560
vn -0.0250 0.9119 0.4096
vn -0.1373 0.9131 0.3840
vn -0.0433 0.9772 0.2077
vn 0.0513 0.9666 0.2510
vn -0.1245 0.9811 0.1483
vn -0.2069 0.9273 0.3119
vn -0.2334 0.9437 0.2344
vn -0.1585 0.9855 0.0605
vn -0.1344 0.9909 0.0023
vn -0.2190 0.9589 0.1803
vn -0.1993 0.9638 0.1773
vn -0.0901 0.9958 0.0131
vn -0.0664 0.9969 0.0434
vn -0.1665 0.9641 0.2067
vn -0.1157 0.9615 0.2493
vn -0.0257 0.9970 0.0727
vn 0.0429 0.9889 0.1423
vn -0.0713 0.9504 0.3027
vn 0.4099 0.8127 -0.4142
vn 0.0760 0.9918 -0.1029
vn 0.1884 0.9811 -0.0440
vn 0.4559 0.8256 -0.3325
vn 0.2186 0.9750 0.0408
vn 0.4075 0.8838 -0.2300
vn 0.0211 0.9721 -0.2335
vn 0.0132 0.9817 -0.1898
vn 0.3547 0.7826 -0.5117
vn 0.3463 0.7728 -0.5319
vn 0.1158 0.9870 -0.1119
vn 0.0864 0.9759 -0.2002
vn 0.3827 0.8128 -0.4392
vn 0.4279 0.8479 -0.3130
vn 0.1144 0.9688 -0.2200
vn -0.1103 0.9938 -0.0154
vn -0.0635 0.9967 0.0508
vn 0.0972 0.9878 -0.1216
vn -0.0386 0.9968 -0.0697
vn -0.1041 0.9945 0.0149
vn 0.2200 0.9342 -0.2810
vn 0.1316 0.9535 -0.2713
vn 0.2717 0.8998 -0.3413
vn -0.1884 0.9794 -0.0723
vn -0.1091 0.9844 -0.1379
vn -0.1313 0.9578 -0.2556
vn -0.2569 0.9552 -0.1472
vn 0.1716 0.8563 -0.4872
vn 0.1471 0.9263 -0.3469
vn -0.2916 0.9384 -0.1857
vn -0.1140 0.9409 -0.3189
vn 0.0630 0.9228 -0.3801
vn -0.2430 0.9619 -0.1253
vn 0.3217 0.7797 -0.5372
vn 0.2036 0.8242 -0.5285
vn -0.0754 0.9963 0.0408
vn 0.2979 0.9060 -0.3006
vn 0.4769 0.8606 -0.1787
vn 0.0998 0.9710 0.2171
vn 0.6149 0.7119 -0.3391
vn 0.4854 0.7541 -0.4424
vn 0.2299 0.9148 0.3322
vn 0.5616 0.8240 -0.0749
vn 0.5762 0.8169 0.0248
vn 0.2881 0.8664 0.4078
vn 0.6622 0.7206 -0.2055
vn 0.6640 0.6964 -0.2722
vn 0.2861 0.8452 0.4514
vn 0.5355 0.8338 0.1341
vn 0.2537 0.8752 0.4119
vn 0.4854 0.8603 0.1560
vn 0.6326 0.7681 -0.0990
vn 0.6438 0.7546 -0.1270
vn 0.2208 0.9049 0.3639
vn 0.1895 0.9262 0.3260
vn 0.4575 0.8882 0.0427
vn 0.4670 0.8781 0.1043
vn 0.6041 0.7805 -0.1607
vn 0.6282 0.7683 -0.1230
vn 0.1559 0.9424 0.2958
vn 0.4321 0.9018 -0.0018
vn 0.4341 0.9006 0.0213
vn 0.1738 0.9334 0.3139
vn 0.5468 0.8211 -0.1639
vn 0.5609 0.8083 -0.1791
vn 0.3274 0.8194 0.4705
vn 0.5956 0.7869 0.1613
vn 0.4933 0.8651 0.0909
vn 0.2323 0.8939 0.3833
vn 0.7217 0.6912 -0.0364
vn 0.6127 0.7844 -0.0964
vn 0.4070 0.7516 0.5191
vn 0.6620 0.7230 0.1976
vn 0.6422 0.7354 0.2161
vn 0.4005 0.7659 0.5030
vn 0.8125 0.5733 -0.1056
vn 0.7956 0.6038 -0.0494
vn 0.3832 0.8215 -0.4222
vn 0.3007 0.8593 -0.4138
vn 0.3702 0.7945 -0.4813
vn 0.4412 0.7587 -0.4793
vn 0.3865 0.6999 -0.6006
vn 0.4698 0.6619 -0.5841
vn 0.4783 0.5831 -0.6566
vn 0.5194 0.5537 -0.6508
vn 0.5400 0.6281 -0.5603
vn 0.5405 0.5434 -0.6423
vn 0.5265 0.5610 -0.6388
vn 0.4043 0.6564 -0.6369
vn 0.4534 0.6575 -0.6018
vn 0.6208 0.5406 -0.5678
vn 0.6048 0.5620 -0.5642
vn 0.6339 0.5916 -0.4982
vn 0.6769 0.5623 -0.4750
vn 0.5567 0.6640 -0.4992
vn 0.6491 0.6544 -0.3879
vn 0.6728 0.6353 -0.3791
vn 0.6816 0.6076 -0.4077
vn 0.6731 0.6605 -0.3326
vn 0.6664 0.6816 -0.3023
vn 0.7027 0.6670 -0.2476
vn 0.6747 0.6879 -0.2677
vn 0.7254 0.6085 -0.3218
vn 0.6982 0.6230 -0.3528
vn 0.7374 0.5922 -0.3250
vn 0.7464 0.5962 -0.2957
vn 0.7134 0.6468 -0.2697
vn 0.6897 0.6495 -0.3201
vn 0.6981 0.5617 -0.4441
vn 0.7165 0.5801 -0.3874
vn 0.6563 0.6660 -0.3547
vn 0.6437 0.6734 -0.3635
vn 0.7882 0.5123 -0.3410
vn 0.7100 0.5414 -0.4503
vn 0.6959 0.6470 -0.3117
vn 0.7977 0.5688 -0.2003
vn 0.3372 0.9050 -0.2594
vn 0.2995 0.9539 -0.0180
vn -0.0275 0.9388 0.3434
vn 0.3274 0.8629 -0.3850
vn 0.1783 0.9594 -0.2185
vn 0.3068 0.8800 -0.3626
vn 0.4372 0.8154 -0.3794
vn 0.2923 0.8781 -0.3787
vn 0.3200 0.8705 -0.3739
vn 0.5069 0.7220 -0.4710
vn 0.1295 -0.8772 -0.4624
vn 0.0810 -0.7719 -0.6305
vn 0.0224 -0.7533 -0.6572
vn 0.0389 -0.8989 -0.4364
vn 0.1029 -0.8020 -0.5884
vn 0.0857 -0.7566 -0.6482
vn 0.3201 -0.4578 -0.8294
vn -0.0106 -0.7402 -0.6723
vn 0.2071 -0.7943 -0.5712
vn 0.3658 -0.6624 -0.6538
vn 0.1800 -0.9268 -0.3297
vn 0.2346 -0.9429 -0.2363
vn 0.2771 -0.8701 -0.4076
vn 0.2185 -0.7599 -0.6122
vn 0.0047 -0.9542 -0.2992
vn 0.0419 -0.9768 -0.2098
vn 0.0893 -0.9504 -0.2979
vn -0.0901 -0.9245 -0.3705
vn 0.1487 -0.9358 -0.3197
vn 0.1483 -0.9693 -0.1960
vn 0.2545 -0.3992 -0.8809
vn 0.2505 -0.5868 -0.7700
vn -0.1494 -0.8076 -0.5705
vn -0.0979 -0.7736 -0.6261
vn 0.2751 -0.8557 -0.4383
vn 0.3080 -0.8908 -0.3340
vn 0.3645 -0.7832 -0.5037
vn 0.2749 -0.7173 -0.6403
vn -0.0769 -0.7024 -0.7076
vn -0.0566 -0.8457 -0.5306
vn -0.2053 -0.8644 -0.4591
vn -0.2289 -0.7895 -0.5695
vn 0.1474 -0.8193 -0.5541
vn 0.1348 -0.6753 -0.7251
vn 0.4076 -0.5447 -0.7329
vn 0.2511 -0.4587 -0.8524
vn 0.3532 -0.1458 -0.9241
vn 0.1976 -0.0910 -0.9761
vn -0.1868 -0.4600 -0.8681
vn -0.1509 -0.7354 -0.6607
vn 0.2145 -0.6716 -0.7092
vn 0.0222 -0.3680 -0.9296
vn -0.2144 -0.6245 -0.7510
vn -0.1889 -0.3386 -0.9218
vn -0.0559 -0.1978 -0.9786
vn -0.0681 -0.4928 -0.8675
vn 0.1075 -0.4330 -0.8950
vn 0.0819 -0.1146 -0.9900
vn -0.6379 0.1852 -0.7476
vn -0.3834 -0.0523 -0.9221
vn -0.3763 0.0350 -0.9258
vn -0.5939 0.4358 -0.6763
vn -0.7896 0.2222 -0.5720
vn -0.8443 0.3158 -0.4329
vn 0.1314 0.2678 -0.9545
vn 0.2067 0.2698 -0.9405
vn 0.0807 0.6444 -0.7604
vn -0.0538 0.6429 -0.7640
vn -0.2630 0.7005 -0.6634
vn -0.1275 0.2899 -0.9485
vn -0.2230 0.2026 -0.9535
vn -0.2577 0.6621 -0.7037
vn -0.0175 0.2742 -0.9615
vn -0.3163 0.6329 -0.7067
vn -0.9260 0.3380 -0.1680
vn -0.9365 0.3458 0.0586
vn -0.7484 0.6625 -0.0319
vn -0.6955 0.6340 -0.3382
vn -0.2992 0.9460 -0.1245
vn -0.1184 0.9883 -0.0964
vn -0.0328 0.8954 -0.4441
vn -0.2207 0.8615 -0.4573
vn -0.3533 0.9277 -0.1209
vn -0.2628 0.8727 -0.4116
vn -0.3142 0.8609 -0.4001
vn -0.3304 0.9254 -0.1858
vn -0.5047 0.7592 -0.4109
vn -0.5042 0.8488 -0.1589
vn -0.6201 0.7654 0.1720
vn -0.6777 0.7351 0.0181
vn -0.3386 0.9323 -0.1271
vn -0.1937 0.9738 -0.1195
vn -0.7842 0.5522 0.2829
vn -0.8778 0.4559 0.1470
vn -0.2298 0.8185 0.5265
vn -0.1347 0.7920 0.5955
vn -0.1436 0.9482 0.2833
vn -0.2825 0.9341 0.2183
vn -0.9181 0.3586 0.1689
vn -0.7900 0.5828 0.1904
vn -0.4645 0.7298 0.5016
vn -0.3531 0.7137 0.6050
vn -0.1454 0.9515 0.2710
vn -0.3828 0.8102 0.4439
vn -0.5688 0.7159 0.4049
vn 0.1867 0.9728 -0.1371
vn 0.2428 0.9324 -0.2679
vn -0.1900 0.6991 0.6893
vn -0.1477 0.6508 0.7448
vn -0.0321 0.8083 0.5879
vn -0.2799 0.7129 0.6430
vn -0.2999 0.8335 0.4640
vn 0.1455 0.9554 0.2571
vn -0.3964 0.9042 0.1591
vn -0.3799 0.9169 0.1227
vn -0.5085 0.8462 0.1594
vn 0.2222 0.9021 -0.3700
vn 0.1468 0.8928 -0.4259
vn -0.0486 0.9393 -0.3396
vn 0.1073 0.9026 -0.4169
vn -0.0105 0.9395 -0.3423
vn 0.0758 0.9437 -0.3221
vn -0.1677 0.9841 -0.0581
vn -0.2400 0.9615 -0.1336
vn 0.3264 0.8031 -0.4985
vn 0.1347 0.9713 -0.1959
vn 0.1946 0.9785 -0.0681
vn 0.3197 0.9027 -0.2881
vn 0.0365 0.9570 -0.2877
vn 0.3832 0.7225 -0.5755
vn 0.3947 0.7002 -0.5949
vn -0.0309 0.9379 -0.3454
vn -0.1447 0.8992 -0.4130
vn 0.2964 0.7769 -0.5555
vn -0.2739 0.8605 -0.4295
vn -0.3496 0.8533 -0.3870
vn -0.1341 0.8660 -0.4817
vn -0.1499 0.9469 -0.2846
vn -0.3082 0.8909 -0.3337
vn -0.1558 0.9650 -0.2108
vn -0.1605 0.9676 -0.1950
vn -0.0469 0.9627 -0.2666
vn 0.2236 0.8238 -0.5210
vn 0.2428 0.7789 -0.5782
vn 0.0656 0.8723 -0.4845
vn 0.3159 0.8368 -0.4473
vn 0.1880 0.9276 -0.3227
vn 0.4918 0.6908 -0.5301
vn 0.2086 0.8919 -0.4013
vn 0.3959 0.7693 -0.5014
vn -0.1454 0.9892 -0.0171
vn -0.0096 0.9917 0.1279
vn 0.4381 0.7971 -0.4156
vn 0.4456 0.7211 -0.5305
vn 0.1283 0.8293 -0.5439
vn 0.0729 0.9034 -0.4226
vn -0.2412 0.9607 -0.1374
vn -0.3260 0.9159 -0.2341
vn 0.0741 0.1541 -0.9853
vn -0.1563 0.1464 -0.9768
vn -0.1436 0.4827 -0.8639
vn -0.1012 0.4026 -0.9098
vn -0.6198 0.5207 -0.5872
vn -0.6870 0.0204 -0.7264
vn 0.3787 -0.3451 -0.8588
vn 0.1902 -0.0675 -0.9794
vn -0.0142 0.2807 -0.9597
vn 0.2154 0.1089 -0.9704
vn 0.5501 -0.1256 -0.8256
vn 0.7425 -0.2503 -0.6214
vn 0.6388 -0.6184 -0.4577
vn 0.5555 -0.5603 -0.6144
vn 0.6443 -0.1277 -0.7540
vn 0.3751 0.0017 -0.9270
vn 0.3061 -0.3015 -0.9030
vn 0.5375 -0.5005 -0.6787
vn 0.2568 0.1216 -0.9588
vn 0.2476 0.1863 -0.9508
vn 0.3496 -0.1568 -0.9237
vn 0.2610 -0.1677 -0.9507
vn 0.3329 0.1115 -0.9364
vn 0.5042 -0.0241 -0.8633
vn 0.5754 -0.3617 -0.7335
vn 0.4826 -0.2592 -0.8366
vn 0.6149 -0.0845 -0.7841
vn 0.5509 0.0362 -0.8338
vn 0.4215 -0.2866 -0.8603
vn 0.5538 -0.3592 -0.7512
vn 0.4467 0.2358 -0.8631
vn 0.2741 -0.1972 -0.9413
vn 0.4047 0.3283 -0.8535
vn 0.2358 -0.1722 -0.9564
vn 0.4496 0.1950 -0.8717
vn 0.4011 0.2877 -0.8697
vn 0.2262 -0.1891 -0.9556
vn 0.2530 -0.2342 -0.9387
vn 0.5269 0.1297 -0.8400
vn 0.6570 0.1377 -0.7412
vn 0.3119 -0.2538 -0.9156
vn 0.4148 -0.2529 -0.8741
vn 0.7937 0.3849 -0.4711
vn 0.7843 0.2363 -0.5736
vn 0.5497 -0.2446 -0.7987
vn 0.6750 -0.1241 -0.7273
vn 0.2655 -0.7143 -0.6475
vn 0.1914 -0.7560 -0.6260
vn 0.3867 -0.7014 -0.5987
vn 0.2837 -0.9265 -0.2472
vn 0.1631 -0.9739 -0.1577
vn 0.1009 -0.9807 -0.1674
vn 0.4943 -0.6969 -0.5196
vn 0.5338 -0.6604 -0.5281
vn 0.4512 -0.7691 -0.4526
vn 0.3973 -0.8470 -0.3532
vn 0.4770 -0.6129 -0.6299
vn 0.3190 -0.5926 -0.7396
vn 0.2751 -0.7252 -0.6312
vn 0.4041 -0.7317 -0.5489
vn 0.1340 -0.5987 -0.7897
vn 0.0283 -0.5996 -0.7998
vn 0.1097 -0.7220 -0.6831
vn -0.0258 -0.7229 -0.6905
vn -0.0221 -0.6280 -0.7779
vn -0.0189 -0.5900 -0.8072
vn -0.1078 -0.7585 -0.6427
vn -0.1380 -0.8324 -0.5368
vn -0.0789 -0.7627 -0.6419
vn -0.0416 -0.6856 -0.7268
vn -0.2769 -0.9093 -0.3108
vn -0.1903 -0.8922 -0.4095
vn 0.0388 -0.8042 -0.5931
vn -0.0741 -0.8244 -0.5612
vn -0.3417 -0.9008 -0.2680
vn -0.3462 -0.8879 -0.3029
vn 0.5452 0.7341 -0.4048
vn 0.3177 0.9223 -0.2199
vn 0.4023 0.8687 -0.2891
vn 0.5537 0.7025 -0.4470
vn 0.7614 -0.2538 -0.5966
vn 0.6410 -0.6006 -0.4780
vn 0.7319 -0.6212 -0.2799
vn 0.8939 -0.2268 -0.3867
vn 0.5108 -0.8534 -0.1042
vn 0.4131 -0.8929 -0.1790
vn 0.8021 0.4333 -0.4111
vn 0.9061 0.1528 -0.3946
vn 0.7650 0.1105 -0.6345
vn 0.7006 0.4209 -0.5762
vn 0.7157 0.3597 -0.5986
vn 0.6387 0.7600 0.1204
vn 0.4341 0.8814 -0.1862
vn 0.4454 0.8117 -0.3779
vn 0.4638 0.8067 0.3663
vn 0.7402 0.6666 -0.0882
vn 0.6258 0.6848 -0.3734
vn 0.4533 0.8896 -0.0561
vn 0.4173 0.0073 0.9087
vn 0.9559 -0.0997 0.2761
vn 0.9089 0.3953 0.1331
vn 0.4962 0.4887 0.7176
vn 0.6493 -0.6730 0.3543
vn 0.1239 -0.4999 0.8572
vn 0.2823 -0.9046 0.3194
vn -0.0208 -0.7371 0.6755
vn 0.3262 -0.9453 -0.0052
vn 0.5995 -0.7867 -0.1474
vn 0.6466 -0.7359 0.2010
vn 0.2730 -0.9013 0.3364
vn 0.9928 -0.1013 0.0643
vn 0.8826 -0.2529 -0.3964
vn 0.8390 0.4745 -0.2665
vn 0.8017 0.5929 0.0754
vn 0.5795 0.8107 -0.0838
vn 0.7360 0.6262 -0.2573
vn 0.7135 0.6030 -0.3569
vn 0.7233 0.4957 -0.4808
vn 0.5881 0.7605 -0.2752
vn 0.6650 0.5651 -0.4883
vn 0.6843 0.3590 -0.6347
vn 0.7283 0.3983 -0.5576
vn 0.6693 0.0772 -0.7390
vn 0.6329 -0.0030 -0.7743
vn 0.2782 -0.6186 -0.7348
vn 0.2229 -0.6309 -0.7431
vn -0.1561 -0.8687 -0.4702
vn -0.2420 -0.8774 -0.4142
vn 0.7510 -0.1842 -0.6341
vn 0.3350 -0.8041 -0.4912
vn 0.8895 -0.4569 0.0067
vn 0.4124 -0.8777 0.2442
vn 0.0519 -0.9725 0.2270
vn -0.0374 -0.9603 -0.2764
vn 0.8731 0.3370 -0.3523
vn 0.9156 -0.0450 0.3996
vn 0.8124 0.5724 -0.1112
vn 0.7748 0.2138 0.5950
vn 0.3493 -0.2763 0.8954
vn 0.4420 -0.5620 0.6992
vn 0.0758 -0.7607 0.6447
vn 0.0875 -0.5111 0.8550
vn 0.6241 0.7729 0.1144
vn 0.4764 0.8308 0.2877
vn 0.2911 0.5284 0.7975
vn 0.5020 0.4192 0.7565
vn -0.2135 -0.9612 0.1746
vn -0.2036 -0.9539 -0.2204
vn -0.2565 -0.8969 -0.3602
vn -0.3670 -0.9291 0.0451
vn 0.0349 0.0620 0.9975
vn 0.1402 -0.0836 0.9866
vn -0.1056 -0.4375 0.8930
vn -0.2079 -0.3628 0.9084
vn -0.1973 -0.7578 0.6220
vn -0.3700 -0.7025 0.6079
vn 0.5844 -0.6964 -0.4166
vn 0.4157 -0.6905 -0.5919
vn 0.5037 -0.3373 -0.7953
vn 0.6722 -0.3644 -0.6444
vn 0.0169 -0.9861 -0.1652
vn 0.0439 -0.9855 -0.1639
vn 0.1451 -0.9185 -0.3679
vn 0.1336 -0.9209 -0.3663
vn 0.2119 -0.9297 -0.3011
vn 0.1910 -0.9232 -0.3334
vn 0.1034 -0.9841 -0.1447
vn 0.1477 -0.9769 -0.1545
vn 0.5536 0.2817 -0.7837
vn 0.1180 0.8374 -0.5337
vn 0.3610 0.2424 -0.9005
vn 0.0653 0.7698 -0.6349
vn 0.3011 -0.6650 -0.6834
vn 0.3276 -0.6836 -0.6522
vn 0.4433 -0.1915 -0.8757
vn 0.3868 -0.2958 -0.8734
vn 0.3732 -0.7011 -0.6076
vn 0.4349 -0.6994 -0.5671
vn 0.6210 -0.1680 -0.7656
vn 0.5240 -0.1222 -0.8429
vn 0.2570 0.3176 -0.9127
vn 0.1343 0.7405 -0.6585
vn 0.3348 0.4719 -0.8156
vn 0.2923 0.7192 -0.6304
vn 0.2639 0.7923 -0.5501
vn 0.1681 0.8673 -0.4685
vn 0.5395 0.6490 -0.5364
vn 0.6023 0.5486 -0.5799
vn 0.6290 0.5051 -0.5910
vn 0.4507 0.5696 -0.6873
vn 0.4294 0.7302 -0.5314
vn 0.5554 0.7446 -0.3703
vn 0.8041 0.1700 -0.5697
vn 0.6901 -0.5784 -0.4350
vn 0.7801 0.1449 -0.6087
vn 0.6756 -0.4768 -0.5623
vn 0.4926 0.6249 -0.6057
vn 0.3943 0.7146 -0.5778
vn 0.6529 0.4753 -0.5898
vn 0.6809 0.4208 -0.5994
vn 0.6446 0.6611 -0.3840
vn 0.5827 0.6136 -0.5328
vn 0.7328 0.4181 -0.5368
vn 0.8053 0.4409 -0.3964
vn 0.2726 -0.9490 -0.1583
vn 0.2590 -0.9450 -0.1999
vn 0.2564 -0.9158 -0.3090
vn 0.2515 -0.8528 -0.4578
vn 0.7663 0.1916 -0.6132
vn 0.7653 0.1558 -0.6246
vn 0.7239 -0.3389 -0.6009
vn 0.7675 -0.2240 -0.6007
vn 0.8272 0.2308 -0.5124
vn 0.8935 -0.1134 -0.4344
vn 0.9080 0.2409 -0.3428
vn 0.9712 -0.0473 -0.2336
vn 0.6145 -0.4955 -0.6138
vn 0.6692 -0.1197 -0.7334
vn 0.4494 -0.3791 -0.8089
vn 0.4802 -0.1865 -0.8571
vn 0.3957 -0.8287 -0.3958
vn 0.5698 -0.7220 -0.3925
vn 0.5493 -0.6592 -0.5136
vn 0.3448 -0.7501 -0.5644
vn 0.9429 -0.2559 -0.2132
vn 0.7953 -0.5420 -0.2718
vn 0.8853 -0.0004 -0.4650
vn 0.7910 -0.4165 -0.4482
vn 0.6233 -0.2114 -0.7529
vn 0.4756 -0.3053 -0.8250
vn 0.4965 -0.2026 -0.8441
vn 0.6106 -0.1452 -0.7785
vn 0.7478 -0.0576 -0.6614
vn 0.7022 -0.0630 -0.7092
vn 0.7689 0.1469 -0.6223
vn 0.7429 0.0449 -0.6679
vn 0.2479 0.5502 -0.7974
vn 0.4314 0.0386 -0.9013
vn 0.1216 0.3820 -0.9161
vn 0.3175 -0.2368 -0.9182
vn 0.5629 0.1843 -0.8057
vn 0.3948 0.7266 -0.5623
vn 0.7224 0.2923 -0.6267
vn 0.4949 0.7883 -0.3657
vn 0.8398 0.3684 -0.3988
vn 0.5539 0.7335 -0.3940
vn 0.6941 -0.1726 -0.6989
vn 0.7889 -0.0077 -0.6145
vn 0.6530 0.1970 -0.7313
vn 0.5951 0.0174 -0.8035
vn 0.6991 0.3758 -0.6083
vn 0.8824 0.1727 -0.4377
vn 0.5294 0.6929 -0.4895
vn 0.8528 0.4401 -0.2813
vn 0.7754 0.5247 -0.3512
vn 0.4491 0.7123 -0.5393
vn 0.3691 0.7016 -0.6096
vn 0.4807 0.5449 -0.6870
vn 0.9231 0.2769 -0.2669
vn 0.7431 0.4898 -0.4560
vn 0.7546 0.5545 -0.3509
vn 0.9213 0.3426 -0.1840
vn 0.6682 0.5376 -0.5143
vn 0.4019 0.5779 -0.7103
vn 0.4749 0.3918 -0.7880
vn 0.7866 0.4205 -0.4521
vn 0.8870 0.4222 -0.1871
vn 0.7280 0.6145 -0.3039
vn 0.6420 0.6938 -0.3263
vn 0.7984 0.5384 -0.2696
vn 0.5799 0.7035 -0.4108
vn 0.3659 0.7511 -0.5495
vn 0.3567 0.8243 -0.4397
vn 0.5147 0.7848 -0.3453
vn 0.1327 0.5254 -0.8404
vn 0.4177 0.2599 -0.8706
vn 0.3223 0.1407 -0.9361
vn 0.0555 0.4483 -0.8922
vn 0.5045 -0.1143 -0.8558
vn 0.4153 -0.1531 -0.8967
vn 0.2344 0.1156 -0.9652
vn 0.0207 0.4019 -0.9154
vn 0.2808 0.6834 -0.6739
vn 0.5078 0.5374 -0.6733
vn 0.4829 0.4068 -0.7754
vn 0.2236 0.6046 -0.7645
vn 0.2459 0.7829 -0.5715
vn 0.5213 0.6851 -0.5088
vn 0.5190 0.6282 -0.5796
vn 0.2903 0.7370 -0.6104
vn 0.4178 0.8017 -0.4275
vn 0.4951 0.7432 -0.4501
vn 0.1850 0.8005 -0.5701
vn 0.1413 0.7998 -0.5834
vn -0.2210 0.7139 -0.6644
vn -0.2378 0.7512 -0.6158
vn -0.3943 0.8695 -0.2975
vn -0.3691 0.8667 -0.3356
vn -0.4278 0.8490 -0.3102
vn -0.2333 0.7726 -0.5904
vn -0.2080 0.7830 -0.5862
vn -0.4567 0.8202 -0.3446
vn -0.4796 0.8003 -0.3599
vn -0.1701 0.8116 -0.5590
vn -0.1607 0.8195 -0.5502
vn -0.4986 0.7735 -0.3913
vn -0.5601 0.6991 -0.4445
vn -0.2093 0.8037 -0.5570
vn -0.2717 0.7357 -0.6204
vn -0.2969 0.5873 -0.7529
vn -0.6132 0.5793 -0.5370
vn -0.6049 0.3310 -0.7242
vn -0.5696 0.0525 -0.8202
vn -0.2247 0.3985 -0.8892
vn -0.1493 0.0998 -0.9837
vn -0.4805 -0.2940 -0.8263
vn 0.2320 0.6048 -0.7619
vn 0.1761 0.7341 -0.6558
vn -0.0426 -0.2886 -0.9565
vn 0.1631 -0.5540 -0.8164
vn -0.2633 -0.6258 -0.7342
vn 0.0477 -0.7986 -0.5999
vn 0.2781 0.0590 -0.9587
vn 0.2381 0.3563 -0.9035
vn 0.3328 -0.0468 -0.9418
vn 0.3469 -0.0629 -0.9358
vn 0.3779 -0.6272 -0.6810
vn 0.5224 -0.5911 -0.6146
vn 0.3283 -0.8130 -0.4809
vn 0.5322 -0.7622 -0.3685
vn 0.6175 -0.7156 -0.3265
vn 0.5566 -0.5703 -0.6041
vn 0.5981 -0.5495 -0.5833
vn 0.6943 -0.6212 -0.3634
vn 0.3517 -0.2169 -0.9106
vn 0.2896 -0.0874 -0.9532
vn 0.7038 -0.3560 -0.6148
vn 0.8367 -0.3477 -0.4230
vn 0.8219 0.1612 -0.5463
vn 0.4818 0.0288 -0.8758
vn 0.4688 -0.2475 -0.8479
vn 0.6870 0.1300 -0.7149
vn 0.4305 0.5470 -0.7180
vn 0.2440 0.4399 -0.8643
vn 0.5586 0.6179 -0.5533
vn 0.2185 0.8708 -0.4404
vn 0.1216 0.8025 -0.5842
vn 0.0235 0.7007 -0.7130
vn -0.1975 0.8872 -0.4170
vn -0.2366 0.7665 -0.5971
vn -0.1186 0.9536 -0.2767
vn -0.3514 0.8610 -0.3677
vn -0.3279 0.9299 -0.1664
vn -0.3489 0.6868 -0.6376
vn -0.4005 0.8987 -0.1787
vn -0.3462 0.8202 -0.4554
vn -0.2809 0.7563 -0.5909
vn -0.4025 0.8740 -0.2722
vn -0.0955 0.5044 -0.8582
vn -0.2404 0.5997 -0.7633
vn -0.2322 0.7083 -0.6666
vn -0.0239 0.4228 -0.9059
vn -0.3782 0.8576 -0.3486
vn -0.4337 -0.6746 -0.5974
vn -0.6726 -0.3297 -0.6625
vn -0.8062 -0.2249 -0.5473
vn -0.5783 -0.5992 -0.5537
vn -0.0781 -0.8487 -0.5231
vn -0.0246 -0.8572 -0.5144
vn 0.2960 -0.8522 -0.4315
vn 0.2677 -0.8632 -0.4280
vn 0.4874 -0.7982 -0.3540
vn 0.5083 -0.7910 -0.3405
vn 0.6247 -0.7192 -0.3043
vn 0.6262 -0.7243 -0.2885
vn 0.7661 -0.5648 -0.3066
vn 0.7339 -0.6107 -0.2973
vn 0.8786 -0.3173 -0.3568
vn 0.8962 -0.2296 -0.3797
vn 0.8870 0.2779 -0.3689
vn 0.8902 0.2049 -0.4068
vn 0.6476 0.6561 -0.3874
vn 0.6521 0.7039 -0.2815
vn 0.2967 0.9373 -0.1830
vn 0.2987 0.9031 -0.3085
vn -0.0640 0.9826 -0.1742
vn -0.0577 0.9953 -0.0781
vn -0.3006 0.9537 0.0055
vn -0.3059 0.9501 -0.0613
vn -0.4572 0.8869 -0.0662
vn -0.4413 0.8920 -0.0981
vn -0.4750 0.8794 0.0310
vn -0.4500 0.8923 0.0350
vn -0.4449 0.8947 0.0402
vn -0.4292 0.8996 -0.0812
vn -0.4395 0.8975 0.0357
vn -0.4228 0.9056 -0.0340
vn -0.1656 -0.6904 -0.7042
vn 0.2138 -0.8107 -0.5451
vn -0.2623 -0.3484 -0.8999
vn 0.1319 -0.5669 -0.8131
vn 0.4318 -0.5444 -0.7192
vn 0.4758 -0.7706 -0.4240
vn 0.6129 -0.4361 -0.6589
vn 0.6254 -0.6756 -0.3904
vn 0.7310 -0.1126 -0.6730
vn 0.8029 -0.4133 -0.4296
vn 0.8882 -0.0332 -0.4583
vn 0.7782 0.1911 -0.5983
vn 0.6501 0.5962 -0.4711
vn 0.8157 0.4234 -0.3941
vn 0.5576 0.7912 -0.2511
vn 0.4006 0.8691 -0.2900
vn 0.0384 0.9921 -0.1195
vn 0.2004 0.9729 -0.1155
vn -0.1233 0.9923 -0.0113
vn -0.2277 0.9737 -0.0027
vn -0.3948 0.9179 0.0394
vn -0.3389 0.9399 0.0426
vn -0.4591 0.8862 0.0619
vn -0.4609 0.8851 0.0642
vn -0.4674 0.8806 0.0776
vn -0.4481 0.8911 0.0716
vn -0.5545 0.8102 -0.1900
vn -0.5070 0.8537 -0.1188
vn -0.5285 0.8477 -0.0454
vn -0.5949 0.7947 -0.1207
vn -0.6166 0.7685 -0.1708
vn -0.5721 0.7886 -0.2253
vn -0.4335 0.9010 -0.0177
vn -0.4205 0.9024 -0.0945
vn -0.1930 0.7609 -0.6195
vn -0.4176 0.9045 -0.0867
vn 0.4805 0.4368 -0.7605
vn 0.3720 0.3170 -0.8724
vn 0.2488 0.7418 -0.6228
vn -0.6186 0.7408 -0.2618
vn -0.6383 0.7456 -0.1916
vn -0.7030 0.6706 -0.2370
vn -0.6705 0.6591 -0.3406
vn 0.1907 0.0626 -0.9797
vn 0.0844 -0.0771 -0.9934
vn -0.1947 0.2868 -0.9380
vn 0.4348 -0.0430 -0.8995
vn 0.1607 0.9064 -0.3907
vn -0.1749 0.9520 -0.2511
vn -0.3058 0.9480 -0.0881
vn -0.4534 0.8876 0.0811
vn -0.4500 0.8888 0.0868
vn -0.4760 0.8774 0.0597
vn -0.4576 0.8862 0.0725
vn -0.4377 0.8990 -0.0138
vn -0.4390 0.8971 -0.0508
vn -0.5479 0.7517 -0.3670
vn -0.4331 0.4941 -0.7539
vn -0.6606 0.0713 -0.7473
vn -0.7844 0.5276 -0.3261
vn -0.4496 0.8897 -0.0795
vn -0.4668 0.8843 0.0117
vn -0.5584 0.8290 -0.0321
vn -0.6379 0.7601 -0.1235
vn -0.6199 0.7820 -0.0645
vn -0.6778 0.7217 -0.1405
vn -0.5023 0.8642 0.0297
vn -0.5438 0.8391 0.0138
vn -0.7074 0.5368 -0.4598
vn -0.7938 0.5058 -0.3377
vn -0.7504 0.2838 -0.5970
vn -0.8488 0.3282 -0.4145
vn -0.7560 -0.0054 -0.6545
vn -0.8732 0.0692 -0.4825
vn -0.6858 0.7194 -0.1103
vn -0.7616 0.6148 -0.2051
vn -0.8458 0.4645 -0.2625
vn -0.9103 0.2182 -0.3517
vn -0.8829 0.0547 -0.4663
vn -0.6627 -0.3574 -0.6581
vn -0.5721 0.8194 -0.0364
vn 0.5206 -0.4505 -0.7253
vn 0.5985 -0.3230 -0.7331
vn 0.1605 0.1782 -0.9708
vn 0.3634 -0.1177 -0.9242
vn 0.0665 0.2814 -0.9573
vn 0.2525 -0.0924 -0.9632
vn 0.0057 -0.0608 -0.9981
vn -0.1277 0.3406 -0.9315
vn -0.3012 0.4503 -0.8405
vn -0.2452 0.0918 -0.9651
vn -0.3187 0.2849 -0.9040
vn -0.2623 0.5717 -0.7774
vn -0.0822 0.5441 -0.8350
vn -0.2837 0.3258 -0.9019
vn -0.1030 0.1781 -0.9786
vn 0.1173 0.3327 -0.9357
vn 0.2635 0.0030 -0.9647
vn 0.0755 0.0496 -0.9959
vn -0.2277 -0.1047 -0.9681
vn -0.3419 0.0775 -0.9365
vn -0.6950 0.0424 -0.7177
vn -0.6575 -0.1964 -0.7274
vn -0.4013 0.2755 -0.8735
vn -0.6838 0.2384 -0.6896
vn 0.2264 0.0127 -0.9739
vn 0.1291 0.2150 -0.9681
vn 0.1219 0.1803 -0.9760
vn 0.0302 0.4322 -0.9013
vn -0.0910 0.5776 -0.8112
vn 0.0440 0.3220 -0.9457
vn 0.1178 0.4002 -0.9088
vn -0.0257 0.6839 -0.7291
vn 0.1749 0.7618 -0.6237
vn 0.2469 0.4408 -0.8630
vn 0.3352 0.5467 -0.7673
vn 0.3489 0.8286 -0.4379
vn 0.3748 0.8054 -0.4592
vn 0.3951 0.7580 -0.5189
vn 0.4636 0.8347 -0.2971
vn 0.5196 0.7805 -0.3476
vn 0.6488 0.7120 -0.2686
vn 0.5388 0.8093 -0.2341
vn 0.4072 0.8493 -0.3361
vn 0.3882 0.6834 -0.6183
vn 0.3263 0.9151 -0.2368
vn 0.2594 0.9657 -0.0094
vn 0.4034 0.8942 -0.1943
vn 0.3144 0.9493 0.0011
vn 0.4016 0.9095 -0.1071
vn 0.4178 0.8994 -0.1284
vn 0.3508 0.9364 -0.0077
vn 0.3564 0.9340 -0.0263
vn 0.3187 0.9444 0.0814
vn 0.2590 0.9648 0.0462
vn 0.3373 0.9384 -0.0755
vn 0.3394 0.9398 0.0407
vn 0.3089 0.9511 0.0016
vn 0.3156 0.9475 0.0509
vn 0.2874 0.9572 0.0328
vn 0.2435 0.9697 0.0176
vn 0.2812 0.9546 -0.0984
vn 0.3540 0.9297 -0.1019
vn 0.1063 0.9488 -0.2975
vn -0.0991 0.8400 -0.5335
vn 0.1068 0.7332 -0.6716
vn 0.2670 0.9377 -0.2223
vn -0.1022 0.7004 -0.7064
vn 0.0123 0.5547 -0.8320
vn 0.0248 0.5350 -0.8445
vn 0.0812 0.5764 -0.8131
vn -0.1333 0.3875 -0.9122
vn -0.0005 0.4806 -0.8769
vn -0.1950 0.6325 -0.7497
vn -0.5838 0.6000 -0.5469
vn -0.2563 0.1543 -0.9542
vn -0.6743 0.2325 -0.7009
vn -0.2919 0.6805 -0.6721
vn -0.0624 0.6029 -0.7953
vn -0.5458 0.6813 -0.4878
vn -0.5091 0.7371 -0.4444
vn -0.3347 0.7331 -0.5921
vn -0.1750 0.6997 -0.6927
vn -0.0560 0.7036 -0.7083
vn 0.1367 0.5279 -0.8382
vn 0.3044 0.5703 -0.7630
vn 0.1971 0.6687 -0.7169
vn -0.2847 0.7821 -0.5543
vn -0.4763 0.7819 -0.4022
vn -0.4493 0.8134 -0.3694
vn -0.2104 0.8063 -0.5528
vn 0.7018 0.4005 -0.5891
vn 0.6026 0.6400 -0.4767
vn 0.8669 0.4287 -0.2543
vn 0.5583 0.8111 -0.1745
vn -0.4527 0.8137 -0.3647
vn -0.1896 0.8105 -0.5542
vn -0.1953 0.7744 -0.6018
vn -0.5281 0.7405 -0.4157
vn 0.3771 0.6869 -0.6213
vn 0.2696 0.6896 -0.6721
vn -0.1722 0.6943 -0.6988
vn 0.4790 0.7442 -0.4655
vn -0.4662 0.6663 -0.5820
vn -0.0684 0.9351 -0.3476
vn -0.0032 0.9470 0.3211
vn 0.9492 0.3131 -0.0301
vn 0.9514 0.1901 -0.2421
vn 0.5535 0.5060 0.6615
vn 0.6681 0.0037 0.7441
vn 0.9609 -0.0736 0.2668
vn 0.9916 0.0852 0.0972
vn 0.8468 0.2663 -0.4604
vn 0.9672 0.1978 -0.1594
vn 0.8648 -0.1604 0.4758
vn 0.9181 0.1152 0.3792
vn 0.8916 0.1312 0.4333
vn 0.7778 -0.1974 0.5967
vn 0.6720 -0.0062 0.7405
vn 0.3001 0.8504 0.4323
vn 0.6280 0.7712 0.1038
vn 0.1509 0.9238 -0.3518
vn -0.1762 0.9812 -0.0786
vn 0.3720 0.8105 -0.4525
vn 0.7444 0.6639 -0.0718
vn 0.8102 0.4033 0.4253
vn 0.6767 0.5072 0.5337
vn 0.5658 0.8207 0.0791
vn 0.6706 0.7414 -0.0248
vn 0.4238 0.7616 0.4902
vn 0.4276 0.7278 0.5362
vn 0.2438 0.9224 -0.2996
vn 0.4838 0.8748 0.0252
vn 0.3657 0.7292 -0.5784
vn 0.2390 0.6854 -0.6878
vn 0.1275 0.8084 -0.5747
vn 0.2656 0.6674 -0.6957
vn -0.2989 0.9343 -0.1943
vn 0.0349 0.9853 0.1671
vn 0.9168 0.3954 0.0562
vn 0.7537 0.6558 0.0426
vn 0.5165 0.6451 -0.5630
vn 0.7627 0.4512 -0.4634
vn 0.8133 0.5795 -0.0526
vn 0.8386 0.3996 -0.3703
vn 0.2405 0.6398 -0.7300
vn 0.3197 0.6251 -0.7121
vn 0.2530 0.6443 -0.7217
vn 0.2631 0.6360 -0.7254
vn 0.5320 0.3890 -0.7521
vn 0.6554 0.3830 -0.6510
vn 0.7597 0.2743 -0.5896
vn 0.6492 0.2642 -0.7133
vn 0.1224 0.7461 -0.6545
vn 0.1265 0.7734 -0.6212
vn 0.2802 0.6445 -0.7114
vn 0.2804 0.6239 -0.7294
vn -0.3570 0.8982 -0.2565
vn -0.3864 0.8765 -0.2870
vn 0.2402 0.6538 -0.7175
vn 0.2491 0.6510 -0.7170
vn 0.3166 0.6242 -0.7142
vn 0.2726 0.6361 -0.7219
vn 0.2758 0.6317 -0.7245
vn 0.2704 0.6301 -0.7279
vn 0.3181 0.6538 -0.6865
vn 0.1610 0.7800 -0.6048
vn 0.1278 0.7449 -0.6548
vn 0.2877 0.6277 -0.7233
vn -0.3764 0.8807 -0.2875
vn -0.3096 0.9177 -0.2490
vn 0.4173 0.4382 -0.7961
vn 0.4252 0.4029 -0.8105
vn 0.4981 0.3771 -0.7808
vn 0.4488 0.6205 -0.6431
vn 0.1791 0.8390 -0.5138
vn -0.2605 0.9486 -0.1795
vn 0.3706 0.7011 -0.6092
vn 0.4265 0.9025 -0.0603
vn 0.4407 0.8886 -0.1274
vn 0.6667 0.7221 -0.1847
vn 0.5531 0.7194 -0.4202
vn 0.3255 0.6275 -0.7073
vn 0.2544 0.6464 -0.7194
vn 0.2606 0.6258 -0.7352
vn 0.3215 0.5732 -0.7537
vn 0.4472 0.8218 -0.3530
vn 0.5110 0.5748 -0.6391
vn 0.4682 0.6013 -0.6475
vn 0.4195 0.5551 -0.7182
vn 0.7688 0.6023 -0.2148
vn 0.5010 0.7241 -0.4741
vn 0.4234 0.6698 -0.6100
vn 0.3378 0.6360 -0.6938
vn 0.2839 0.6284 -0.7242
vn -0.0213 -0.4380 -0.8987
vn 0.0029 0.0508 -0.9987
vn 0.1116 -0.1545 -0.9817
vn 0.1330 -0.4043 -0.9049
vn 0.0749 -0.8539 -0.5149
vn 0.0467 -0.7358 -0.6756
vn 0.1373 -0.7239 -0.6761
vn 0.0831 -0.8547 -0.5123
vn 0.4847 -0.5517 -0.6787
vn 0.4326 -0.5306 -0.7289
vn 0.5473 -0.5637 -0.6186
vn 0.4840 -0.6249 -0.6125
vn 0.2817 -0.6828 -0.6741
vn 0.1686 -0.4575 -0.8731
vn -0.1468 -0.3107 -0.9391
vn -0.0033 -0.6540 -0.7565
vn -0.3395 -0.5002 -0.7966
vn -0.3601 -0.1025 -0.9273
vn -0.4336 -0.0121 -0.9010
vn -0.6169 -0.3777 -0.6905
vn -0.6881 -0.0371 -0.7247
vn -0.4788 0.1039 -0.8717
vn 0.2786 -0.5889 -0.7587
vn 0.3548 -0.3899 -0.8497
vn 0.3129 -0.8136 -0.4901
vn 0.4199 -0.6733 -0.6086
vn 0.1190 -0.9199 -0.3736
vn 0.2070 -0.8327 -0.5136
vn 0.1917 -0.9299 -0.3140
vn 0.1017 -0.9625 -0.2515
vn 0.3079 -0.8381 -0.4503
vn 0.2208 -0.9617 -0.1625
vn 0.1757 -0.8996 -0.3998
vn 0.2468 -0.9281 -0.2787
vn 0.0182 -0.9948 -0.1005
vn -0.3313 -0.8314 -0.4461
vn -0.1158 -0.8830 -0.4549
vn 0.1079 -0.9872 -0.1173
vn 0.0491 -0.9311 -0.3613
vn 0.0170 -0.9306 -0.3656
vn 0.0048 -0.9577 -0.2878
vn 0.0290 -0.9615 -0.2733
vn -0.0019 -0.9453 -0.3262
vn -0.0492 -0.9593 -0.2781
vn 0.0463 -0.9767 -0.2097
vn 0.0297 -0.9637 -0.2655
vn -0.1011 -0.9923 -0.0711
vn -0.1038 -0.9753 -0.1949
vn 0.0559 -0.9936 -0.0977
vn 0.0422 -0.9991 -0.0029
vn 0.0139 -0.9838 0.1786
vn 0.0155 -0.9869 0.1603
vn 0.0785 -0.9757 0.2044
vn 0.0196 -0.9834 0.1805
vn 0.0870 -0.9780 0.1895
vn -0.0077 -0.9912 0.1322
vn -0.1002 -0.9900 0.0993
vn -0.0152 -0.9858 0.1670
vn -0.2957 -0.9520 -0.0790
vn -0.1251 -0.9896 0.0706
vn -0.4357 -0.8400 -0.3232
vn -0.3911 -0.7712 -0.5023
vn -0.2805 -0.8722 -0.4007
vn -0.2964 -0.9363 -0.1883
vn -0.0320 -0.9874 -0.1551
vn -0.0505 -0.9987 0.0025
vn -0.2533 -0.9672 -0.0194
vn -0.3202 -0.9394 -0.1223
vn -0.4543 -0.8378 -0.3029
vn -0.4267 -0.8775 -0.2191
vn -0.4824 -0.7622 -0.4317
vn -0.4905 -0.7715 -0.4052
vn -0.4151 -0.7445 -0.5229
vn -0.4214 -0.7365 -0.5291
vn -0.2621 -0.9454 -0.1939
vn -0.2365 -0.9250 -0.2973
vn -0.3869 -0.8289 -0.4040
vn -0.4180 -0.8401 -0.3457
vn -0.4649 -0.7650 -0.4457
vn -0.4518 -0.7550 -0.4752
vn -0.4666 -0.6773 -0.5688
vn -0.4330 -0.7229 -0.5384
vn -0.3563 -0.7741 -0.5232
vn -0.5049 -0.3153 -0.8035
vn -0.6724 -0.3584 -0.6477
vn -0.4525 -0.7269 -0.5166
vn -0.0707 -0.9960 0.0549
vn -0.0799 -0.9968 0.0097
vn 0.0223 -0.9986 0.0471
vn 0.0309 -0.9949 0.0959
vn -0.0512 -0.9944 0.0924
vn 0.0592 -0.9873 0.1474
vn 0.1187 -0.9855 0.1210
vn 0.1667 -0.9846 0.0518
vn 0.2363 -0.9633 0.1276
vn 0.1884 -0.9692 0.1586
vn 0.0322 -0.9955 -0.0887
vn 0.1044 -0.9770 -0.1862
vn 0.1665 -0.9845 -0.0544
vn 0.1432 -0.9893 0.0273
vn 0.1543 -0.9879 0.0161
vn 0.1679 -0.9844 0.0535
vn 0.1470 -0.9853 0.0870
vn 0.1250 -0.9914 0.0397
vn 0.1597 -0.9861 0.0449
vn 0.1936 -0.9776 0.0820
vn 0.1842 -0.9730 0.1393
vn 0.2349 -0.9637 0.1271
vn -0.0335 -0.9573 -0.2872
vn 0.0005 -0.9711 -0.2386
vn -0.0268 -0.9779 -0.2072
vn -0.1093 -0.9663 -0.2329
vn 0.0820 -0.9855 -0.1487
vn 0.0904 -0.9767 -0.1945
vn 0.1665 -0.9675 -0.1904
vn 0.1665 -0.9779 -0.1268
vn 0.1371 -0.9880 -0.0706
vn 0.0847 -0.9906 -0.1070
vn 0.0480 -0.9961 -0.0737
vn 0.0893 -0.9955 -0.0304
vn 0.0215 -0.9893 -0.1443
vn -0.0388 -0.9858 -0.1635
vn 0.0217 -0.9615 -0.2739
vn -0.0755 -0.9772 -0.1985
vn -0.0767 0.9190 0.3868
vn -0.1928 0.9257 0.3253
vn -0.1010 0.9942 0.0357
vn -0.0011 0.9985 0.0552
vn -0.1176 0.9927 -0.0254
vn -0.1929 0.9237 0.3310
vn -0.0592 0.9974 -0.0408
vn -0.1462 0.9245 0.3522
vn -0.1186 0.9278 0.3537
vn -0.0133 0.9999 -0.0075
vn 0.0075 0.9990 0.0436
vn -0.1224 0.9306 0.3451
vn -0.1207 0.9382 0.3245
vn 0.0065 0.9975 0.0707
vn -0.0626 0.9968 0.0499
vn -0.2055 0.9351 0.2889
vn -0.1504 0.9859 0.0727
vn -0.2944 0.9285 0.2262
vn 0.2499 0.8969 0.3648
vn 0.1110 0.9044 0.4121
vn 0.0146 0.9996 0.0242
vn -0.0566 0.9965 0.0613
vn 0.4243 0.7362 0.5272
vn -0.1033 0.5158 0.8505
vn 0.0089 0.6829 0.7304
vn 0.3957 0.7584 0.5179
vn -0.2081 0.6822 0.7009
vn -0.2658 0.4563 0.8492
vn -0.2706 0.4447 0.8538
vn -0.2587 0.6844 0.6817
vn -0.2425 0.6600 0.7111
vn -0.2936 0.5079 0.8098
vn -0.2765 0.6636 0.6951
vn -0.2231 0.7177 0.6596
vn -0.2186 0.6813 0.6986
vn -0.2752 0.5897 0.7593
vn -0.3433 0.7682 0.5403
vn -0.2888 0.7832 0.5506
vn -0.2549 0.7528 0.6069
vn -0.2845 0.7338 0.6169
vn -0.3989 0.8824 0.2494
vn -0.3347 0.8302 0.4459
vn -0.3618 0.8453 0.3932
vn -0.4043 0.8980 0.1736
vn 0.1291 0.9594 0.2507
vn -0.2248 0.6521 0.7240
vn -0.2936 0.7691 0.5677
vn -0.0459 0.9958 0.0787
vn -0.2242 0.9515 0.2107
vn -0.2945 0.8054 0.5144
vn -0.2898 0.7757 0.5606
vn -0.2129 0.9569 0.1977
vn -0.1475 0.9886 -0.0313
vn -0.1593 0.9868 0.0277
vn -0.1595 0.9868 0.0269
vn -0.1349 0.9906 -0.0210
vn -0.2314 0.9654 0.1202
vn -0.2962 0.8870 0.3542
vn -0.2883 0.8406 0.4586
vn -0.2299 0.9516 0.2038
vn -0.1862 0.9796 -0.0749
vn -0.1722 0.9836 -0.0532
vn -0.1501 0.9886 0.0080
vn -0.1508 0.9879 -0.0357
vn -0.2265 0.9740 0.0098
vn -0.3081 0.9284 0.2079
vn -0.3001 0.9525 0.0515
vn -0.2012 0.9780 -0.0547
vn -0.1432 0.9863 -0.0824
vn -0.1757 0.9776 -0.1162
vn -0.2087 0.9731 -0.0978
vn -0.1494 0.9881 -0.0363
vn -0.0709 0.9965 0.0440
vn -0.1070 0.9934 0.0418
vn -0.1218 0.9871 0.1043
vn -0.0480 0.9966 0.0666
vn -0.1661 0.9818 0.0917
vn -0.1662 0.9857 0.0284
vn -0.2517 0.9662 0.0549
vn -0.3272 0.9379 0.1151
vn -0.2236 0.9676 0.1169
vn -0.2679 0.9515 0.1512
vn -0.0561 0.9967 0.0585
vn -0.1653 0.9765 0.1383
vn -0.2092 0.9658 0.1534
vn -0.0842 0.9959 0.0320
vn -0.2946 0.9391 0.1771
vn -0.3345 0.9300 0.1521
vn -0.3111 0.9365 0.1616
vn -0.3639 0.9202 0.1445
vn -0.2021 0.9755 0.0874
vn -0.2717 0.9622 0.0190
vn -0.1413 0.9896 -0.0257
vn -0.2716 0.9523 0.1390
vn -0.3781 0.9222 0.0814
vn -0.2472 0.9589 -0.1392
vn -0.3687 0.9223 -0.1160
vn -0.4793 0.8769 0.0367
vn -0.5278 0.8464 -0.0704
vn -0.3946 0.8762 -0.2768
vn -0.4321 0.8311 -0.3501
vn -0.5681 0.8143 -0.1187
vn -0.4992 0.8661 -0.0263
vn -0.3651 0.8902 -0.2723
vn -0.3591 0.8563 -0.3712
vn -0.5482 0.8261 -0.1304
vn -0.6348 0.7222 -0.2748
vn -0.3719 0.7507 -0.5461
vn -0.5023 0.3153 -0.8052
vn -0.7817 0.2797 -0.5574
vn -0.5850 0.7894 -0.1861
vn -0.4625 0.7983 -0.3857
vn -0.5831 0.6122 -0.5340
vn -0.6802 0.6487 -0.3413
vn -0.4838 -0.6930 -0.5345
vn -0.6400 -0.4481 -0.6242
vn -0.5919 -0.4437 -0.6729
vn -0.5079 -0.6135 -0.6047
vn -0.7943 0.1389 -0.5915
vn -0.6938 0.0627 -0.7174
vn 0.8157 0.5735 -0.0764
vn 0.7692 0.1655 -0.6172
vn 0.8706 -0.1399 -0.4717
vn 0.9804 0.0666 -0.1855
vn 0.9917 0.1287 0.0083
vn 0.8740 -0.1146 -0.4721
vn 0.4959 -0.0974 -0.8629
vn 0.6301 -0.1228 -0.7668
vn 0.5811 -0.0114 -0.8137
vn 0.5147 0.0418 -0.8563
vn 0.6046 -0.0951 -0.7908
vn 0.5241 -0.1089 -0.8447
vn 0.5606 0.0266 -0.8277
vn 0.6034 0.0288 -0.7969
vn 0.6949 0.0387 -0.7181
vn 0.6592 -0.0385 -0.7510
vn 0.6289 0.0519 -0.7758
vn 0.6619 0.0763 -0.7457
vn 0.1966 0.9242 0.3275
vn 0.1770 0.7033 0.6885
vn -0.0438 0.3835 0.9225
vn 0.0927 0.6788 0.7284
vn 0.0441 0.3585 0.9325
vn -0.1741 0.1419 0.9745
vn -0.2132 -0.0951 0.9724
vn -0.0422 -0.0237 0.9988
vn 0.9111 0.2891 0.2938
vn 0.9056 -0.1207 -0.4066
vn 0.9187 -0.3035 -0.2526
vn 0.6793 0.3175 0.6616
vn 0.5476 0.0669 -0.8340
vn 0.5283 0.1385 -0.8377
vn 0.5057 0.0704 -0.8598
vn 0.4829 -0.0109 -0.8756
vn 0.5697 0.1084 -0.8147
vn 0.6000 0.1071 -0.7928
vn 0.5694 0.0510 -0.8205
vn 0.6140 0.0036 -0.7893
vn 0.6600 0.0416 -0.7501
vn 0.6367 0.0679 -0.7681
vn 0.6560 -0.1083 -0.7470
vn 0.6529 -0.0812 -0.7531
vn 0.3654 -0.4544 -0.8124
vn 0.5086 -0.4767 -0.7170
vn 0.5756 -0.2916 -0.7640
vn 0.5024 -0.2117 -0.8383
vn 0.6134 -0.3131 -0.7251
vn 0.5372 -0.4669 -0.7024
vn 0.6543 -0.0774 -0.7523
vn 0.6258 0.0272 -0.7795
vn 0.5166 -0.4763 -0.7115
vn 0.6144 -0.3059 -0.7272
vn 0.5766 -0.2551 -0.7762
vn 0.4975 -0.4629 -0.7336
vn 0.5276 -0.1896 -0.8281
vn 0.4414 -0.1464 -0.8853
vn 0.4792 -0.3933 -0.7846
vn 0.3856 -0.3249 -0.8636
vn -0.1341 -0.7194 0.6816
vn 0.1031 -0.9462 0.3066
vn 0.0920 -0.9506 0.2964
vn -0.0998 -0.6911 0.7159
vn -0.2206 -0.3841 0.8966
vn -0.1613 -0.4399 0.8834
vn 0.0901 -0.8202 0.5649
vn 0.2329 -0.9594 0.1589
vn -0.1646 -0.2360 0.9577
vn 0.1136 -0.1564 0.9811
vn 0.5828 -0.8071 0.0949
vn 0.0638 -0.5786 0.8131
vn 0.3938 0.0968 0.9141
vn 0.8608 -0.5067 -0.0478
vn 0.4059 -0.3493 -0.8445
vn 0.4310 -0.1539 -0.8891
vn 0.3576 -0.8219 0.4435
vn 0.1623 -0.7403 0.6524
vn 0.2716 -0.7859 0.5555
vn 0.2387 -0.7818 0.5761
vn 0.4534 0.4778 0.7524
vn 0.6479 0.6387 0.4151
vn 0.8568 0.0009 0.5157
vn 0.4135 -0.1533 0.8975
vn 0.5579 -0.6532 0.5119
vn 0.2812 -0.6159 0.7360
vn 0.1207 0.0721 0.9901
vn -0.2725 -0.3601 0.8922
vn -0.0646 -0.2446 0.9675
vn -0.3532 -0.4724 0.8075
vn -0.5151 -0.6606 0.5462
vn -0.4854 -0.6540 0.5802
vn -0.4813 -0.8761 0.0276
vn -0.5077 -0.8565 0.0928
vn -0.3146 -0.8689 -0.3822
vn -0.3822 -0.8725 -0.3043
vn -0.3084 -0.9076 -0.2848
vn -0.3984 -0.9141 -0.0757
vn -0.2484 -0.9267 -0.2821
vn -0.3079 -0.9402 -0.1459
vn -0.1799 -0.9425 -0.2817
vn -0.2344 -0.9611 -0.1461
vn -0.2054 -0.9673 -0.1491
vn -0.1381 -0.9326 -0.3334
vn -0.0911 -0.9102 -0.4040
vn -0.1569 -0.9752 -0.1560
vn -0.0665 -0.9840 -0.1650
vn -0.0029 -0.8790 -0.4769
vn 0.0323 -0.9814 -0.1891
vn 0.1051 -0.8527 -0.5117
vn 0.2335 -0.8417 -0.4869
vn 0.1213 -0.9701 -0.2100
vn 0.1498 -0.9650 -0.2155
vn 0.3099 -0.8465 -0.4329
vn 0.2881 -0.8877 -0.3592
vn 0.1028 -0.9737 -0.2035
vn -0.0212 -0.9839 -0.1774
vn 0.1845 -0.9517 -0.2453
vn -0.1390 -0.9894 -0.0430
vn 0.0714 -0.9965 -0.0443
vn 0.4197 -0.6786 -0.6027
vn 0.3378 -0.9252 0.1730
vn 0.3685 -0.9270 0.0702
vn 0.4241 -0.7748 -0.4689
vn 0.2594 -0.4177 -0.8708
vn 0.2653 -0.4207 -0.8675
vn 0.2866 -0.4868 -0.8252
vn 0.3240 -0.4073 -0.8539
vn 0.5300 -0.5799 -0.6187
vn 0.4388 -0.5176 -0.7345
vn 0.4486 -0.4829 -0.7521
vn 0.4678 -0.5559 -0.6871
vn 0.4242 -0.6646 -0.6151
vn 0.4855 -0.6248 -0.6115
vn 0.4438 -0.5885 -0.6758
vn 0.4430 -0.6046 -0.6619
vn 0.3606 -0.5817 -0.7291
vn 0.4617 -0.6128 -0.6413
vn 0.3404 -0.6538 -0.6758
vn 0.3842 -0.6877 -0.6160
vn 0.2903 -0.7592 0.5825
vn 0.5264 -0.8444 -0.0995
vn 0.4118 -0.8696 0.2723
vn 0.1009 -0.5929 0.7989
vn -0.1435 -0.5332 0.8337
vn -0.3058 -0.6135 0.7281
vn 0.3285 -0.8310 0.4488
vn 0.1663 -0.8934 0.4174
vn -0.0533 -0.9667 0.2502
vn -0.4246 -0.7227 0.5454
vn -0.4796 -0.7988 0.3632
vn -0.1892 -0.9714 0.1433
vn -0.2402 -0.9661 0.0949
vn -0.4483 -0.8620 0.2367
vn -0.3988 -0.9058 0.1431
vn -0.2882 -0.9560 0.0541
vn -0.2582 -0.9653 0.0388
vn -0.3820 -0.9180 0.1063
vn -0.3074 -0.9480 0.0820
vn -0.1251 -0.9903 0.0599
vn 0.0979 -0.9950 -0.0174
vn -0.0873 -0.9956 0.0335
vn -0.2196 -0.9750 0.0352
vn -0.0136 -0.9995 0.0295
vn 0.1892 -0.9801 -0.0601
vn 0.1092 -0.9940 0.0010
vn 0.0358 -0.9989 0.0304
vn 0.1733 -0.9836 -0.0504
vn 0.0869 -0.9888 -0.1211
vn 0.0620 -0.9922 -0.1082
vn 0.1093 -0.9922 -0.0596
vn 0.1497 -0.9859 -0.0752
vn -0.1095 -0.9583 -0.2640
vn -0.1786 -0.9449 -0.2742
vn -0.0421 -0.9782 -0.2033
vn 0.0075 -0.9861 -0.1657
vn -0.0487 -0.9825 -0.1796
vn 0.0055 -0.9796 -0.2010
vn 0.1079 -0.9823 -0.1533
vn 0.0340 -0.9951 -0.0928
vn -0.1638 -0.9386 -0.3037
vn -0.1836 -0.9329 -0.3097
vn 0.3546 -0.8544 -0.3797
vn 0.2705 -0.9169 -0.2936
vn 0.3113 -0.9007 -0.3029
vn 0.3001 -0.9105 -0.2844
vn 0.2273 -0.9439 -0.2394
vn 0.0124 -0.9943 -0.1059
vn 0.1814 -0.9723 -0.1473
vn 0.0388 -0.9955 -0.0863
vn 0.2517 -0.9022 -0.3503
vn 0.3200 -0.8835 -0.3422
vn 0.2699 -0.9222 -0.2770
vn 0.1734 -0.9387 -0.2980
vn 0.2439 -0.9537 -0.1758
vn 0.1729 -0.9718 -0.1605
vn 0.0778 -0.9967 -0.0222
vn 0.0895 -0.9959 -0.0123
vn 0.0497 -0.9156 -0.3990
vn 0.1344 -0.9110 -0.3899
vn 0.0263 -0.9422 -0.3339
vn -0.0322 -0.9404 -0.3386
vn 0.0476 -0.9742 -0.2204
vn -0.0413 -0.9578 -0.2845
vn -0.1131 -0.9664 -0.2308
vn -0.0234 -0.9906 -0.1349
vn 0.1477 -0.9188 -0.3660
vn 0.0647 -0.9195 -0.3877
vn 0.0396 -0.9474 -0.3177
vn 0.1654 -0.9423 -0.2910
vn 0.0292 -0.9417 -0.3353
vn -0.0440 -0.9437 -0.3279
vn -0.1532 -0.9517 -0.2662
vn -0.1343 -0.9615 -0.2398
vn 0.3335 -0.9130 -0.2350
vn 0.5757 -0.8032 -0.1533
vn 0.4428 -0.8379 -0.3192
vn 0.2797 -0.9009 -0.3319
vn 0.2394 -0.8934 -0.3801
vn 0.1358 -0.9327 -0.3342
vn -0.0993 -0.9741 -0.2032
vn -0.0919 -0.9757 -0.1991
vn 0.7444 -0.6496 -0.1545
vn 0.7620 -0.5558 -0.3325
vn 0.6917 -0.5067 -0.5146
vn 0.5960 -0.6922 -0.4069
vn 0.3883 -0.7675 -0.5100
vn -0.0999 -0.9751 -0.1981
vn 0.2928 -0.8407 -0.4554
vn -0.1080 -0.9724 -0.2067
vn 0.5540 -0.3743 -0.7436
vn 0.6516 -0.3886 -0.6515
vn 0.6652 -0.4679 -0.5819
vn 0.4836 -0.3903 -0.7835
vn 0.4520 -0.6798 -0.5776
vn 0.4409 -0.6827 -0.5826
vn -0.0337 -0.9894 -0.1413
vn -0.0745 -0.9822 -0.1722
vn 0.3270 -0.3701 -0.8696
vn 0.2633 -0.4576 -0.8493
vn 0.2642 -0.6152 -0.7428
vn 0.3855 -0.4891 -0.7824
vn 0.3137 -0.7704 -0.5550
vn 0.1636 -0.8362 -0.5234
vn -0.0755 -0.9734 -0.2164
vn -0.0110 -0.9844 -0.1758
vn 0.3375 -0.5714 -0.7481
vn 0.4777 -0.6037 -0.6383
vn 0.2861 -0.7205 -0.6316
vn 0.2285 -0.6987 -0.6779
vn 0.0755 -0.8602 -0.5043
vn 0.0591 -0.8599 -0.5071
vn -0.1968 -0.9344 -0.2971
vn -0.1540 -0.9528 -0.2618
vn 0.5504 -0.5705 -0.6096
vn 0.5545 -0.5577 -0.6177
vn 0.4691 -0.6108 -0.6378
vn 0.3763 -0.6799 -0.6293
vn 0.0895 -0.8454 -0.5265
vn 0.1382 -0.8293 -0.5414
vn -0.1783 -0.9404 -0.2896
vn -0.1999 -0.9318 -0.3029
vn 0.5067 -0.5837 -0.6345
vn 0.3922 -0.6034 -0.6944
vn 0.4915 -0.4524 -0.7441
vn 0.5444 -0.5359 -0.6453
vn 0.2171 -0.7871 -0.5774
vn 0.2787 -0.6520 -0.7051
vn -0.1858 -0.8839 -0.4291
vn -0.1560 -0.9390 -0.3064
vn 0.7242 0.1306 -0.6771
vn 0.6910 0.0639 -0.7200
vn 0.7054 0.1640 -0.6896
vn 0.7911 0.2727 -0.5475
vn 0.7468 0.3881 -0.5401
vn 0.7072 0.2662 -0.6550
vn 0.7252 0.3595 -0.5873
vn 0.6702 0.2073 -0.7126
vn 0.3182 0.8461 0.4277
vn 0.6048 0.7897 0.1027
vn 0.6282 0.7762 -0.0532
vn 0.2832 0.8759 0.3906
vn 0.7633 0.5260 -0.3751
vn 0.7894 0.5675 -0.2339
vn 0.6966 0.7131 0.0787
vn 0.5976 0.7430 0.3014
vn 0.6018 0.6337 0.4860
vn 0.6855 0.6609 0.3054
vn 0.3871 0.7408 0.5490
vn 0.4278 0.6122 0.6649
vn 0.5246 0.5876 0.6161
vn 0.4546 0.5675 0.6865
vn 0.5657 0.6279 0.5346
vn 0.7398 0.6493 -0.1767
vn 0.7682 0.5056 -0.3928
vn 0.8229 0.4665 -0.3244
vn 0.7336 0.6711 -0.1069
vn 0.7685 0.5934 -0.2394
vn 0.7546 0.4868 -0.4400
vn 0.7328 0.6793 -0.0400
vn 0.7449 0.6639 -0.0661
vn 0.6920 0.7206 -0.0437
vn 0.6983 0.7078 -0.1069
vn 0.6806 0.7320 -0.0295
vn 0.6908 0.7130 -0.1199
vn 0.8003 0.5619 -0.2092
vn 0.7588 0.6394 -0.1238
vn 0.7235 0.6394 -0.2601
vn 0.7232 0.6090 -0.3257
vn 0.6892 0.6762 -0.2604
vn 0.6751 0.6438 -0.3602
vn 0.6830 0.6260 -0.3762
vn 0.7205 0.6404 -0.2661
vn 0.7053 0.7070 -0.0519
vn 0.6994 0.6698 -0.2494
vn 0.7819 0.6182 0.0801
vn 0.8263 0.5373 -0.1690
vn 0.7086 0.7000 -0.0885
vn 0.6952 0.7033 0.1485
vn 0.6482 0.6583 0.3828
vn 0.7114 0.6643 -0.2293
vn 0.6655 0.7459 0.0292
vn 0.7034 0.7027 -0.1068
vn 0.7581 0.5489 -0.3521
vn 0.3335 0.8339 0.4397
vn 0.3693 0.7915 0.4870
vn 0.6335 0.7347 -0.2428
vn 0.5653 0.8229 -0.0567
vn 0.6115 0.7898 0.0479
vn 0.7179 0.6853 -0.1224
vn 0.5980 0.7994 0.0582
vn 0.5751 0.8181 -0.0021
vn 0.7266 0.6570 0.2009
vn 0.7136 0.6599 0.2351
vn 0.7895 0.5919 0.1623
vn 0.3168 0.8483 0.4242
vn 0.6855 0.7227 -0.0884
vn 0.7680 0.4938 -0.4079
vn 0.7610 0.3948 -0.5148
vn 0.7957 0.3939 -0.4601
vn 0.7392 0.4856 -0.4667
vn 0.7093 0.5216 -0.4742
vn 0.7650 0.4396 -0.4707
vn 0.8313 0.4201 -0.3639
vn 0.6917 0.6355 -0.3431
vn 0.6621 0.6366 -0.3956
vn 0.7705 0.5260 -0.3601
vn 0.8472 0.4994 -0.1814
vn 0.6863 0.5910 -0.4240
vn 0.6238 0.7624 -0.1719
vn 0.6458 0.7606 -0.0667
vn 0.6277 0.7131 -0.3122
vn 0.6457 0.6489 -0.4025
vn 0.7741 0.3766 -0.5088
vn 0.8095 0.2905 -0.5102
vn 0.7356 0.1500 -0.6606
vn 0.7623 0.1901 -0.6187
vn 0.8240 0.2929 0.4851
vn 0.6962 0.4342 0.5717
vn 0.5147 0.1954 0.8348
vn 0.7295 -0.1284 0.6719
vn 0.5938 0.5162 0.6172
vn 0.3165 0.4351 0.8429
vn 0.8979 0.0276 -0.4393
vn 0.7563 0.2745 -0.5938
vn 0.6590 -0.3245 -0.6785
vn 0.7484 -0.4946 -0.4419
vn 0.8406 0.4711 -0.2675
vn 0.6273 0.6854 -0.3697
vn 0.2238 -0.9396 -0.2590
vn 0.4446 -0.7228 -0.5290
vn 0.4668 -0.7874 -0.4026
vn 0.2839 -0.9406 -0.1860
vn 0.2074 -0.9640 -0.1666
vn 0.2773 -0.9529 -0.1231
vn 0.4965 -0.8517 -0.1676
vn 0.3242 -0.9459 -0.0152
vn 0.3442 -0.9328 0.1071
vn 0.5000 -0.8659 -0.0123
vn 0.3792 -0.9251 0.0202
vn 0.3492 -0.9344 -0.0702
vn 0.4521 -0.8610 -0.2329
vn 0.4881 -0.8626 -0.1332
vn 0.5261 -0.8454 -0.0923
vn 0.5968 -0.7724 -0.2172
vn 0.4989 -0.8562 0.1343
vn 0.6175 -0.7861 0.0269
vn 0.6477 -0.7355 0.1988
vn 0.5201 -0.7762 0.3563
vn 0.8560 -0.5062 0.1050
vn 0.8298 -0.5552 -0.0569
vn 0.6901 -0.5800 0.4328
vn 0.8584 -0.3895 0.3339
vn 0.5631 -0.5694 0.5989
vn 0.6133 -0.2672 0.7433
vn 0.4909 -0.1586 0.8566
vn 0.3834 0.1713 0.9075
vn 0.1755 0.5053 0.8449
vn 0.2575 0.2878 0.9224
vn 0.0206 0.5236 0.8517
vn -0.1780 0.5589 0.8099
vn -0.6146 0.3291 0.7169
vn -0.4267 0.2869 0.8577
vn -0.5493 0.0251 0.8352
vn -0.7006 0.2095 0.6821
vn -0.1272 0.1933 0.9729
vn 0.1914 -0.0530 0.9801
vn -0.1401 -0.2058 0.9685
vn -0.3662 -0.1195 0.9228
vn 0.7462 0.4492 -0.4914
vn 0.7551 0.4264 -0.4980
vn 0.7583 0.2909 -0.5834
vn 0.7849 0.3212 -0.5298
vn 0.7975 0.5317 -0.2851
vn 0.7028 0.7080 -0.0692
vn 0.7518 0.5766 -0.3199
vn 0.6813 0.7267 -0.0879
vn 0.6611 0.7502 -0.0094
vn 0.6118 0.7910 0.0074
vn 0.7042 0.6166 -0.3519
vn 0.6980 0.6739 -0.2421
vn 0.7386 0.5493 -0.3908
vn 0.7292 0.5432 -0.4161
vn 0.6070 0.7942 0.0264
vn 0.7606 0.6435 0.0857
vn 0.6325 0.7715 -0.0686
vn 0.7616 0.6430 -0.0809
vn 0.9887 0.1498 0.0044
vn 0.9957 0.0209 -0.0903
vn 0.8666 0.4869 -0.1094
vn 0.9581 0.1574 0.2392
vn 0.6886 0.6620 -0.2960
vn 0.8579 0.4470 -0.2534
vn 0.8194 0.5468 -0.1723
vn 0.8833 0.4439 -0.1509
vn 0.9443 0.2858 -0.1633
vn 0.9540 0.2216 -0.2020
vn 0.9843 0.0158 -0.1757
vn 0.9365 0.2382 -0.2572
vn 0.9315 0.0988 -0.3501
vn 0.8256 0.3719 -0.4244
vn 0.8546 0.4395 -0.2764
vn 0.9152 0.3694 -0.1609
vn 0.8807 0.4473 -0.1559
vn 0.8092 0.5300 -0.2536
vn 0.7581 0.5232 -0.3892
vn 0.7167 0.6131 -0.3323
vn 0.6748 0.7073 -0.2106
vn 0.7497 0.6352 -0.1857
vn 0.8357 0.5299 -0.1441
vn 0.4405 0.5733 -0.6908
vn 0.6389 0.2477 -0.7283
vn 0.6327 0.2350 -0.7379
vn 0.4715 0.5178 -0.7139
vn -0.3250 0.9076 -0.2658
vn 0.0861 0.8417 -0.5330
vn 0.1310 0.7722 -0.6217
vn -0.3055 0.8607 -0.4073
vn -0.7938 0.5716 0.2077
vn -0.6725 0.7392 -0.0359
vn -0.6622 0.7376 0.1318
vn -0.7310 0.6252 0.2736
vn -0.7279 0.4224 0.5400
vn -0.7830 0.5600 0.2708
vn -0.7165 0.6370 0.2844
vn -0.6992 0.4625 0.5452
vn 0.3233 -0.7123 0.6230
vn 0.0568 -0.5968 0.8003
vn -0.0578 -0.4127 0.9090
vn 0.3433 -0.4294 0.8353
vn 0.4746 -0.8647 0.1645
vn 0.2697 -0.7905 0.5498
vn 0.3778 -0.8708 0.3146
vn 0.4927 -0.8702 0.0030
vn -0.2996 -0.2794 0.9122
vn -0.5449 0.0906 0.8336
vn -0.5685 0.1738 0.8041
vn -0.3853 -0.1113 0.9161
vn -0.1157 -0.4704 0.8748
vn -0.2340 -0.3010 0.9245
vn -0.2624 -0.1842 0.9472
vn -0.5205 0.1006 0.8479
vn -0.5384 0.0841 0.8385
vn -0.3093 -0.2398 0.9202
vn 0.4182 -0.9070 0.0492
vn 0.5154 -0.8523 -0.0894
vn 0.5291 -0.8480 -0.0319
vn 0.4329 -0.8980 0.0791
vn 0.0798 -0.6921 0.7174
vn -0.0521 -0.5694 0.8204
vn 0.3821 -0.8542 0.3527
vn 0.3168 -0.8021 0.5062
vn 0.3367 -0.7420 0.5797
vn -0.0547 -0.4963 0.8664
vn 0.4244 -0.6640 0.6157
vn 0.0089 -0.4194 0.9078
vn 0.3255 -0.9257 0.1927
vn 0.3579 -0.9140 0.1909
vn 0.5344 -0.8428 0.0646
vn 0.4668 -0.8739 0.1355
vn 0.5371 -0.8267 0.1675
vn 0.4965 -0.8440 0.2028
vn 0.5128 -0.8034 0.3027
vn 0.5593 -0.7894 0.2530
vn 0.6308 -0.7119 0.3089
vn 0.5888 -0.7075 0.3908
vn 0.7792 -0.5057 -0.3703
vn 0.7291 -0.5727 -0.3747
vn 0.7939 -0.3432 -0.5019
vn 0.8208 -0.3471 -0.4536
vn 0.7797 -0.1245 -0.6137
vn 0.8197 -0.1889 -0.5408
vn 0.6324 -0.7176 -0.2917
vn 0.6728 -0.6946 -0.2547
vn 0.5592 -0.8283 0.0362
vn 0.3980 -0.8867 0.2352
vn 0.4373 -0.8503 0.2929
vn 0.6256 -0.7757 0.0829
vn 0.7266 -0.6744 0.1314
vn 0.5103 -0.7839 0.3536
vn 0.6484 -0.6513 0.3942
vn 0.8336 -0.5176 0.1928
vn 0.4607 0.4678 -0.7542
vn 0.6632 0.2101 -0.7184
vn 0.7963 0.0236 -0.6045
vn 0.7028 0.2556 -0.6639
vn 0.8296 -0.4167 -0.3717
vn 0.7335 -0.6442 -0.2169
vn 0.8025 -0.5685 -0.1812
vn 0.8859 -0.3110 -0.3443
vn 0.8710 -0.2606 -0.4165
vn 0.9118 -0.1278 -0.3901
vn 0.9360 -0.2070 -0.2846
vn 0.8856 -0.4501 -0.1150
vn 0.9443 -0.3281 -0.0272
vn 0.9619 -0.1537 -0.2260
vn 0.8023 0.1823 -0.5684
vn 0.9299 -0.0642 -0.3623
vn 0.9339 -0.0752 -0.3495
vn 0.8226 0.0857 -0.5622
vn -0.3148 0.7632 -0.5643
vn 0.1203 0.6587 -0.7427
vn 0.2365 0.5743 -0.7837
vn -0.2388 0.7512 -0.6154
vn -0.6487 0.7302 -0.2145
vn -0.8049 0.5760 0.1425
vn -0.7658 0.6366 0.0911
vn -0.5863 0.7636 -0.2704
vn -0.1353 0.7586 -0.6373
vn 0.3775 0.5067 -0.7751
vn 0.4386 0.4499 -0.7780
vn -0.0595 0.7628 -0.6439
vn -0.8138 0.5029 0.2912
vn -0.7338 0.3827 0.5614
vn -0.6994 0.3695 0.6118
vn -0.7953 0.5175 0.3158
vn -0.7095 0.7027 0.0537
vn -0.5055 0.8085 -0.3014
vn -0.6454 0.7628 0.0394
vn -0.4285 0.8449 -0.3201
vn -0.4806 0.1171 0.8691
vn -0.1889 -0.1229 0.9743
vn -0.1102 -0.0904 0.9898
vn -0.4165 0.1206 0.9011
vn -0.5625 0.3596 0.7445
vn -0.6996 0.6014 0.3859
vn -0.7586 0.5551 0.3412
vn -0.6392 0.3610 0.6790
vn 0.6272 -0.4550 0.6321
vn 0.2250 -0.2704 0.9361
vn 0.0982 -0.3164 0.9435
vn 0.5284 -0.5533 0.6439
vn 0.7882 -0.5220 0.3260
vn 0.7990 -0.5215 0.2995
vn 0.7248 -0.6128 0.3149
vn 0.7053 -0.5907 0.3920
vn -0.3491 0.1104 0.9306
vn -0.0399 -0.0856 0.9955
vn 0.0156 -0.1163 0.9931
vn -0.2944 0.1070 0.9497
vn 0.9034 -0.3895 0.1795
vn 0.7906 -0.5083 0.3414
vn 0.8694 -0.4393 0.2263
vn 0.9220 -0.3706 0.1119
vn 0.3882 -0.2787 0.8784
vn 0.7600 -0.4128 0.5020
vn 0.8598 -0.4327 0.2710
vn 0.5122 -0.3715 0.7744
vn 0.9068 -0.4119 0.0900
vn 0.8687 -0.4533 0.1998
vn 0.9650 -0.1858 -0.1849
vn 0.9607 -0.2775 0.0081
vn 0.9469 -0.3214 -0.0074
vn 0.9521 -0.2696 -0.1441
vn 0.8559 -0.0252 -0.5165
vn 0.9346 -0.1617 -0.3169
vn 0.9346 -0.2628 -0.2398
vn 0.9080 -0.1559 -0.3888
vn 0.9312 -0.3607 -0.0521
vn 0.9272 -0.3745 0.0011
vn 0.9315 -0.2987 -0.2075
vn 0.9246 -0.3615 -0.1202
vn 0.8729 -0.4476 0.1943
vn 0.9023 -0.4121 0.1267
vn 0.5852 -0.3866 0.7128
vn 0.6406 -0.3563 0.6802
vn 0.1629 -0.1006 0.9815
vn 0.0909 -0.1176 0.9889
vn 0.9377 -0.3408 0.0675
vn 0.7255 -0.2745 0.6311
vn 0.9997 -0.0158 -0.0172
vn 0.8344 0.1627 0.5265
vn 0.3490 0.1703 0.9215
vn 0.2341 -0.0395 0.9714
vn -0.2287 0.1092 0.9673
vn -0.1501 0.1320 0.9798
vn -0.4816 0.3643 0.7971
vn -0.4035 0.4134 0.8163
vn -0.5572 0.6873 0.4660
vn -0.6332 0.6373 0.4392
vn -0.6034 0.7951 0.0611
vn -0.5675 0.8163 0.1076
vn 0.9214 -0.0478 -0.3858
vn 0.7635 0.2574 -0.5923
vn 0.3087 0.7718 -0.5559
vn 0.7785 0.4363 -0.4511
vn 0.0671 0.7720 -0.6321
vn 0.5600 0.3857 -0.7332
vn -0.3285 0.9215 -0.2074
vn -0.3615 0.8781 -0.3135
vn -0.4308 0.8576 0.2808
vn -0.3279 0.5561 0.7637
vn -0.1829 0.7733 0.6071
vn 0.0184 0.9986 -0.0488
vn 0.5670 0.8127 0.1345
vn 0.1273 0.5422 0.8306
vn -0.0939 0.2426 0.9656
vn 0.0908 0.9957 -0.0183
vn 0.4445 0.8671 -0.2248
vn 0.5054 0.8617 -0.0447
vn 0.1403 0.9794 0.1455
vn 0.6449 0.6644 -0.3777
vn 0.6332 0.6397 -0.4356
vn 0.7234 0.5658 -0.3957
vn 0.7196 0.5874 -0.3704
vn 0.7003 0.7001 -0.1393
vn 0.6605 0.7375 -0.1409
vn -0.0611 0.9331 0.3545
vn 0.0770 0.9668 0.2437
vn 0.0301 0.9467 0.3206
vn -0.0964 0.9244 0.3689
vn 0.2107 0.9206 0.3288
vn 0.3252 0.8521 0.4101
vn 0.2657 0.8117 0.5202
vn 0.1686 0.8790 0.4460
vn 0.4297 0.8371 0.3385
vn 0.4525 0.8400 0.2993
vn -0.1634 0.9258 0.3409
vn -0.0838 0.9273 0.3647
vn -0.1952 0.8837 0.4255
vn -0.2226 0.9249 0.3083
vn 0.7382 0.5770 -0.3494
vn 0.7474 0.5902 -0.3051
vn 0.6477 0.7556 -0.0976
vn 0.6335 0.7630 -0.1285
vn 0.0441 0.8460 0.5313
vn 0.1672 0.8100 0.5621
vn 0.1033 0.7828 0.6136
vn -0.0810 0.7703 0.6325
vn 0.3699 0.8507 0.3736
vn 0.3793 0.8573 0.3481
vn -0.2969 0.7965 0.5266
vn -0.2623 0.9223 0.2838
vn -0.3187 0.6136 0.7224
vn -0.2624 0.8804 0.3950
vn 0.7367 0.5905 -0.3296
vn 0.7085 0.5883 -0.3898
vn 0.6534 0.7242 -0.2203
vn 0.6677 0.7338 -0.1254
vn 0.0788 0.7331 0.6755
vn -0.2058 0.6393 0.7409
vn -0.2396 0.5260 0.8160
vn 0.0570 0.7497 0.6593
vn 0.4068 0.8353 0.3699
vn 0.4149 0.8714 0.2618
vn -0.2758 0.7734 0.5708
vn -0.3105 0.6770 0.6673
vn -0.4192 0.5056 0.7541
vn -0.4998 0.5446 0.6735
vn -0.0142 0.8600 0.5100
vn -0.3394 0.5939 0.7295
vn -0.4027 0.7199 0.5653
vn -0.0532 0.9390 0.3399
vn -0.1877 0.8258 0.5318
vn 0.1205 0.6739 0.7289
vn -0.0050 0.6688 0.7434
vn -0.1954 0.6742 0.7122
vn -0.4667 0.6705 0.5768
vn -0.3147 0.6364 0.7043
vn -0.0185 0.9726 0.2316
vn -0.3377 0.8487 0.4070
vn -0.1345 0.9410 0.3104
vn 0.0479 0.9767 0.2090
vn 0.6899 0.5913 -0.4176
vn 0.7255 0.5881 -0.3575
vn 0.6129 0.7403 -0.2761
vn 0.6131 0.7311 -0.2992
vn 0.3627 0.9278 0.0871
vn 0.3279 0.9445 -0.0207
vn 0.4666 0.6239 0.6269
vn 0.3242 0.8198 0.4720
vn 0.7109 0.6479 0.2734
vn 0.7680 0.5669 0.2979
vn 0.8829 0.4154 -0.2189
vn 0.8475 0.4077 -0.3399
vn 0.8763 0.4288 -0.2196
vn 0.8881 0.4407 -0.1307
vn 0.3019 0.9264 0.2250
vn 0.3836 0.9189 0.0918
vn 0.7076 0.7063 -0.0227
vn 0.6694 0.7334 0.1182
vn 0.8599 0.5098 0.0267
vn 0.8801 0.4739 -0.0285
vn 0.8184 0.5719 0.0562
vn 0.8344 0.5468 -0.0691
vn 0.8595 0.4718 -0.1963
vn 0.7922 0.5742 -0.2065
vn 0.6569 0.7382 -0.1534
vn 0.8627 0.4786 -0.1633
vn 0.3544 0.9350 -0.0130
vn 0.1864 -0.4833 -0.8554
vn -0.1256 -0.5644 -0.8159
vn 0.0402 -0.9247 -0.3785
vn 0.1987 -0.8675 -0.4559
vn -0.1386 -0.9581 -0.2508
vn -0.4773 -0.6586 -0.5817
vn 0.3690 -0.6301 -0.6832
vn 0.4280 -0.7945 -0.4308
vn 0.3607 -0.9303 -0.0660
vn 0.3562 -0.9021 -0.2437
vn 0.2434 -0.9666 -0.0804
vn 0.2994 -0.9484 0.1044
vn 0.2730 -0.9479 0.1641
vn 0.1250 -0.9921 0.0083
vn 0.4533 -0.8586 -0.2393
vn 0.4568 -0.8623 -0.2185
vn 0.3368 -0.9410 0.0340
vn 0.2523 -0.9640 -0.0843
vn 0.3016 -0.8015 -0.5164
vn 0.1036 -0.9659 -0.2372
vn 0.0515 -0.9776 0.2042
vn 0.0287 -0.9995 0.0135
vn 0.1737 -0.9828 0.0620
vn 0.1579 -0.9862 0.0500
vn 0.1410 -0.9895 0.0325
vn 0.1446 -0.9894 0.0138
vn 0.0283 -0.9855 0.1675
vn -0.0940 -0.9905 0.1002
vn -0.1169 -0.9632 -0.2421
vn -0.1827 -0.9497 -0.2543
vn 0.2507 -0.9567 0.1482
vn 0.2469 -0.9554 0.1618
vn -0.9271 0.3703 -0.0586
vn -0.8651 0.4923 0.0966
vn -0.9066 0.3124 0.2837
vn -0.9507 0.2356 0.2018
vn -0.5799 0.7582 0.2981
vn -0.6294 0.7047 0.3275
vn -0.6517 0.6454 0.3985
vn -0.8713 0.2353 0.4307
vn -0.8948 0.1796 0.4087
vn -0.7723 0.0756 0.6307
vn -0.8344 0.1511 0.5301
vn -0.7978 0.1809 0.5752
vn -0.6950 0.0100 0.7189
vn -0.6468 0.5064 0.5702
vn -0.5902 0.3647 0.7202
vn -0.8151 -0.5700 -0.1036
vn -0.9859 -0.0884 -0.1421
vn -0.9820 -0.0920 0.1652
vn -0.8227 -0.5625 0.0825
vn -0.9306 -0.0665 0.3599
vn -0.8238 -0.5157 0.2355
vn -0.7536 0.0000 0.6573
vn -0.8572 -0.0329 0.5140
vn -0.8131 -0.3934 0.4291
vn -0.7804 -0.2808 0.5587
vn -0.6421 -0.1074 0.7591
vn -0.7025 -0.3127 0.6393
vn -0.6284 0.1632 0.7606
vn -0.7337 -0.1817 0.6547
vn -0.4710 0.8379 0.2758
vn -0.0974 0.9481 0.3026
vn -0.0987 0.9443 0.3139
vn -0.2126 0.8922 0.3985
vn -0.3893 0.8324 0.3943
vn -0.1272 0.9416 0.3119
vn -0.0745 0.9546 0.2884
vn -0.1036 0.9284 0.3567
vn -0.1760 0.9430 0.2825
vn -0.2501 0.9079 0.3364
vn -0.1876 0.9018 0.3893
vn -0.2915 0.8191 0.4940
vn -0.3146 0.8366 0.4485
vn -0.3400 0.7555 0.5600
vn -0.3334 0.7524 0.5681
vn -0.3654 0.7556 0.5436
vn -0.4814 0.6305 0.6089
vn -0.6293 0.2698 0.7288
vn -0.3534 0.7698 0.5315
vn -0.3843 0.6877 0.6159
vn -0.5553 -0.8271 0.0864
vn -0.5581 -0.8271 0.0663
vn -0.5521 -0.8323 0.0502
vn -0.5908 -0.8010 0.0971
vn -0.6787 -0.7198 0.1459
vn -0.6218 -0.7485 0.2305
vn -0.7035 -0.5277 0.4760
vn -0.7083 -0.6417 0.2943
vn -0.5537 -0.4600 0.6941
vn -0.6298 -0.5964 0.4976
vn -0.6726 0.0929 0.7341
vn -0.6926 -0.3581 0.6262
vn -0.5893 -0.1974 0.7834
vn -0.5732 -0.3350 0.7478
vn -0.5146 0.2272 0.8268
vn -0.5477 -0.1205 0.8279
vn -0.2952 0.7226 0.6251
vn -0.3991 0.3201 0.8592
vn -0.2204 0.7753 0.5918
vn -0.4109 -0.0838 0.9078
vn -0.1658 0.3832 0.9086
vn -0.1947 -0.1016 0.9756
vn -0.1110 0.8133 0.5711
vn -0.0884 0.8609 0.5011
vn -0.1076 0.4335 0.8947
vn -0.1177 -0.1350 0.9838
vn -0.4446 -0.4279 0.7869
vn -0.2562 -0.2579 0.9316
vn -0.3125 0.3901 0.8661
vn -0.6015 0.2617 0.7548
vn -0.2597 0.8780 0.4022
vn -0.4830 0.8273 0.2868
vn -0.1058 0.9746 0.1973
vn -0.2663 0.9406 0.2107
vn -0.0885 0.9489 0.3030
vn -0.0543 0.9531 0.2979
vn -0.4943 0.8408 0.2205
vn -0.4338 0.8518 0.2936
vn -0.0831 0.9424 0.3240
vn -0.3942 0.8429 0.3663
vn -0.1507 0.9220 0.3568
vn -0.2219 0.8580 0.4633
vn -0.4878 0.7621 0.4257
vn -0.5513 0.6214 0.5568
vn -0.3026 0.7513 0.5866
vn -0.3510 0.6420 0.6816
vn -0.5243 0.5153 0.6779
vn -0.4738 0.4461 0.7593
vn -0.4258 0.5842 0.6910
vn -0.4747 0.4123 0.7776
vn -0.5449 0.3855 0.7446
vn -0.4652 0.5833 0.6659
vn -0.4754 0.6319 0.6121
vn -0.6029 0.3496 0.7171
vn -0.6120 0.3869 0.6897
vn -0.3922 0.6870 0.6117
vn -0.3647 0.7308 0.5770
vn -0.3097 0.7672 0.5617
vn -0.6068 0.4555 0.6514
vn -0.5398 0.5341 0.6507
vn -0.2219 0.8136 0.5374
vn -0.2089 0.8602 0.4651
vn -0.4268 0.6389 0.6400
vn -0.3739 0.7078 0.5993
vn -0.3320 0.8822 0.3339
vn -0.4323 0.7043 0.5631
vn -0.4789 0.8439 0.2418
vn -0.5357 0.6284 0.5641
vn -0.8330 0.5234 0.1792
vn -0.8702 0.4415 0.2187
vn -0.9731 -0.2253 -0.0486
vn -0.9858 -0.1620 -0.0452
vn -0.9574 -0.2768 -0.0827
vn -0.9007 0.3675 0.2316
vn -0.9405 0.2545 0.2251
vn -0.9456 -0.2914 -0.1446
vn -0.9549 -0.2858 -0.0810
vn -0.9257 0.1617 0.3420
vn -0.6476 -0.6674 0.3678
vn -0.7166 -0.0966 0.6908
vn -0.8280 0.0606 0.5574
vn -0.9026 -0.3127 0.2959
vn -0.9179 -0.3692 0.1455
vn -0.6849 -0.6915 0.2297
vn -0.9220 -0.3598 -0.1431
vn -0.8218 -0.5690 -0.0310
vn -0.5187 -0.6818 0.5159
vn -0.6124 -0.1241 0.7808
vn -0.6186 -0.1290 0.7750
vn -0.5235 -0.7534 0.3980
vn -0.6553 -0.1529 0.7397
vn -0.7323 -0.1230 0.6698
vn -0.5573 -0.6179 0.5546
vn -0.6231 -0.6067 0.4937
vn -0.7675 -0.0686 0.6373
vn -0.7313 0.0006 0.6820
vn -0.6446 -0.6237 0.4421
vn -0.5915 -0.6577 0.4665
vn -0.3629 -0.6798 0.6373
vn -0.5196 0.1221 0.8457
vn -0.6311 0.0753 0.7721
vn -0.4807 -0.6885 0.5430
vn -0.5451 -0.5314 0.6484
vn -0.5908 -0.3738 0.7150
vn -0.4771 -0.2703 0.8362
vn -0.4712 -0.5919 0.6539
vn -0.3907 -0.2133 0.8955
vn -0.3652 -0.6666 0.6498
vn -0.4878 -0.8627 0.1335
vn -0.4881 -0.8379 0.2442
vn -0.4075 -0.8934 0.1889
vn -0.4595 -0.8723 0.1672
vn -0.3134 -0.9392 0.1406
vn -0.4279 -0.8894 0.1606
vn -0.4132 -0.1309 0.9012
vn -0.3877 -0.6802 0.6221
vn -0.4999 -0.0574 0.8642
vn -0.5550 -0.6330 0.5397
vn -0.2787 -0.9572 0.0780
vn -0.4341 -0.8945 0.1069
vn -0.3147 -0.9483 0.0403
vn -0.4155 -0.9032 0.1074
vn -0.5527 -0.7796 0.2946
vn -0.5515 -0.7822 0.2899
vn -0.5753 -0.7716 0.2714
vn -0.5452 -0.7864 0.2903
vn -0.5669 -0.7661 0.3028
vn -0.5213 -0.7723 0.3629
vn -0.5448 -0.0675 0.8359
vn -0.6463 -0.5880 0.4864
vn -0.4456 -0.1733 0.8783
vn -0.5357 -0.6615 0.5248
vn -0.3955 -0.9030 0.1679
vn -0.5722 -0.7517 0.3279
vn -0.5751 -0.7546 0.3160
vn -0.3985 -0.9073 0.1344
vn -0.5787 -0.7285 0.3666
vn -0.5936 -0.7146 0.3700
vn -0.3656 -0.9291 0.0562
vn -0.3652 -0.9284 0.0688
vn -0.2442 -0.3081 0.9195
vn -0.2989 -0.7810 0.5484
vn -0.1441 -0.4467 0.8830
vn -0.1423 -0.8758 0.4612
vn -0.1967 -0.6395 0.7432
vn -0.0585 -0.9446 0.3231
vn -0.2585 -0.7639 0.5913
vn 0.0286 -0.9586 0.2832
vn -0.2506 -0.9620 0.1082
vn -0.3453 -0.9126 0.2190
vn -0.1246 -0.9830 0.1350
vn -0.3268 -0.9210 0.2121
vn -0.5503 -0.7586 0.3487
vn -0.5859 -0.7092 0.3921
vn -0.5623 -0.7492 0.3501
vn -0.6255 -0.6863 0.3712
vn -0.0358 -0.9896 0.1391
vn -0.3052 -0.9293 0.2080
vn 0.0757 -0.9852 0.1537
vn -0.2168 -0.9468 0.2378
vn -0.5583 -0.7506 0.3535
vn -0.6236 -0.6959 0.3563
vn -0.5132 -0.7777 0.3630
vn -0.5698 -0.7268 0.3836
vn 0.1156 -0.9875 0.1074
vn -0.1710 -0.9651 0.1982
vn 0.0165 -0.9720 0.2346
vn -0.1353 -0.9875 0.0804
vn 0.0356 -0.9991 -0.0217
vn -0.2074 -0.9748 0.0816
vn -0.5057 -0.7943 0.3368
vn -0.5884 -0.7103 0.3863
vn -0.5513 -0.7890 0.2713
vn -0.6614 -0.6651 0.3466
vn -0.5413 -0.7951 0.2734
vn -0.6381 -0.6679 0.3831
vn -0.2400 -0.9704 0.0261
vn -0.2228 -0.9697 0.0998
vn -0.4991 -0.7938 0.3476
vn -0.5923 -0.6890 0.4177
vn -0.1943 -0.9598 0.2026
vn -0.4531 -0.7989 0.3957
vn -0.4834 -0.7940 0.3687
vn -0.2001 -0.9676 0.1539
vn -0.5632 -0.7141 0.4158
vn -0.5377 -0.7128 0.4504
vn -0.4125 -0.8168 0.4034
vn -0.5345 -0.6909 0.4867
vn -0.2040 -0.9458 0.2528
vn -0.1730 -0.9292 0.3265
vn -0.3086 -0.8303 0.4640
vn -0.4228 -0.7138 0.5583
vn -0.7126 -0.6835 -0.1584
vn -0.4413 -0.8865 0.1394
vn -0.1846 -0.9828 0.0059
vn -0.4250 -0.8583 -0.2876
vn -0.1337 -0.9875 0.0829
vn -0.3324 -0.9298 0.1583
vn -0.2933 -0.9549 0.0468
vn -0.1848 -0.9812 -0.0564
vn -0.2441 -0.9686 -0.0465
vn -0.3516 -0.9231 0.1555
vn -0.3981 -0.8671 0.2994
vn -0.2451 -0.9679 0.0556
vn -0.2534 -0.9604 0.1157
vn -0.4416 -0.8402 0.3148
vn -0.4220 -0.8700 0.2551
vn -0.2330 -0.9679 0.0946
vn -0.1857 -0.9787 0.0871
vn -0.3320 -0.9155 0.2272
vn -0.3010 -0.9467 0.1147
vn -0.3433 -0.9197 0.1903
vn -0.6500 -0.6087 0.4550
vn -0.6167 -0.6692 0.4145
vn -0.6677 -0.5011 0.5505
vn -0.3926 -0.8713 0.2944
vn -0.8000 -0.4201 0.4285
vn -0.6251 -0.7110 0.3221
vn -0.5846 -0.7285 0.3571
vn -0.7613 -0.4430 0.4735
vn -0.4948 -0.7422 0.4520
vn -0.6702 -0.5041 0.5448
vn -0.6015 -0.6980 0.3885
vn -0.7907 -0.4484 0.4168
vn -0.5851 -0.7126 0.3872
vn -0.7114 -0.5116 0.4819
vn -0.5531 -0.7164 0.4252
vn -0.6326 -0.5475 0.5478
vn -0.6632 -0.6536 0.3647
vn -0.8167 -0.4061 0.4099
vn -0.6782 -0.6482 0.3462
vn -0.8479 -0.3671 0.3826
vn -0.5762 -0.7034 0.4162
vn -0.7091 -0.4684 0.5270
vn -0.5896 -0.6758 0.4424
vn -0.6824 -0.4663 0.5629
vn -0.7011 -0.5895 0.4012
vn -0.7887 -0.3543 0.5024
vn -0.6802 -0.5771 0.4519
vn -0.7705 -0.3351 0.5422
vn -0.6752 -0.5909 0.4415
vn -0.7923 -0.3007 0.5309
vn -0.6272 -0.5970 0.5003
vn -0.7186 -0.2973 0.6287
vn -0.6493 -0.5251 0.5501
vn -0.7440 -0.2411 0.6231
vn -0.6777 -0.4357 0.5923
vn -0.7465 -0.1837 0.6396
vn -0.5950 -0.4543 0.6630
vn -0.7127 -0.1968 0.6733
vn -0.6840 0.4123 0.6018
vn -0.7473 -0.1578 0.6455
vn -0.7694 -0.1249 0.6265
vn -0.6900 0.4210 0.5888
vn -0.6932 -0.5154 0.5038
vn -0.6288 -0.5662 0.5330
vn -0.8717 0.0012 0.4900
vn -0.7283 0.5274 0.4374
vn -0.8683 0.0129 0.4958
vn -0.7328 0.5572 0.3906
vn -0.8261 -0.0394 0.5621
vn -0.7373 0.5245 0.4257
vn -0.9016 0.0119 0.4324
vn -0.7823 0.5328 0.3226
vn -0.8097 -0.1305 0.5722
vn -0.7536 0.3860 0.5321
vn -0.7035 -0.2397 0.6691
vn -0.6846 0.2490 0.6851
vn -0.8695 -0.0529 0.4911
vn -0.7541 0.3803 0.5355
vn -0.9109 0.0483 0.4098
vn -0.7788 0.5008 0.3777
vn -0.8006 -0.0733 0.5946
vn -0.7156 0.4230 0.5558
vn -0.7595 -0.1010 0.6426
vn -0.6772 0.4249 0.6007
vn -0.8169 0.0190 0.5765
vn -0.6929 0.5073 0.5123
vn -0.8166 0.0700 0.5729
vn -0.7034 0.5473 0.4535
vn -0.8037 0.1073 0.5853
vn -0.6905 0.5379 0.4836
vn -0.7737 0.1073 0.6244
vn -0.7228 0.5322 0.4408
vn -0.7909 0.0992 0.6038
vn -0.7399 0.4880 0.4631
vn -0.1233 0.9908 0.0557
vn -0.5000 0.8577 0.1200
vn -0.4117 0.8517 0.3243
vn -0.0212 0.9870 0.1592
vn -0.7416 0.4519 0.4958
vn -0.8242 0.5192 0.2261
vn -0.3737 0.8464 0.3794
vn 0.0193 0.9885 0.1500
vn -0.3559 0.8633 0.3578
vn 0.0462 0.9939 0.1000
vn -0.3542 0.9081 0.2234
vn 0.0227 0.9997 0.0032
vn -0.3619 0.9182 0.1609
vn 0.0023 0.9994 -0.0359
vn -0.3828 0.9022 0.1988
vn -0.0161 0.9998 -0.0128
vn -0.4125 0.8973 0.1568
vn -0.0133 0.9999 -0.0063
vn -0.4199 0.8580 0.2958
vn 0.0157 0.9978 0.0651
vn -0.3947 0.8041 0.4446
vn 0.0200 0.9931 0.1157
vn -0.3862 0.8378 0.3858
vn -0.0064 0.9974 0.0717
vn -0.3974 0.8818 0.2539
vn -0.0139 0.9993 0.0361
vn -0.3764 0.8567 0.3527
vn -0.0025 0.9972 0.0746
vn -0.3796 0.8661 0.3253
vn -0.0471 0.9988 -0.0127
vn -0.4107 0.8845 0.2214
vn -0.0692 0.9920 -0.1056
vn -0.4345 0.8839 0.1731
vn -0.0547 0.9850 -0.1635
vn -0.4472 0.8743 0.1888
vn -0.0500 0.9786 -0.1998
vn -0.5048 0.8514 0.1425
vn -0.1064 0.9666 -0.2330
vn -0.5457 0.8214 0.1660
vn -0.2044 0.9499 -0.2363
vn -0.2611 0.9068 0.3311
vn -0.2730 0.8569 0.4372
vn -0.5470 0.3392 0.7653
vn -0.5757 0.4633 0.6737
vn -0.3624 0.7942 0.4877
vn -0.5929 0.1376 0.7935
vn -0.7426 0.6688 0.0351
vn -0.6017 0.7242 0.3368
vn -0.9039 0.4212 -0.0746
vn -0.8826 0.2242 0.4132
vn -0.9655 -0.1429 -0.2178
vn -0.7282 -0.6657 -0.1627
vn -0.5881 -0.8085 -0.0198
vn -0.8765 -0.4589 0.1453
vn -0.4179 -0.8966 0.1467
vn -0.4239 -0.8451 0.3258
vn -0.3824 -0.8752 0.2964
vn -0.3964 -0.8943 0.2076
vn -0.4279 -0.7976 0.4251
vn -0.6514 -0.4991 0.5715
vn -0.4063 0.7441 0.5303
vn -0.6429 0.3445 0.6841
vn -0.5324 -0.5041 0.6800
vn -0.7387 -0.1282 0.6618
vn -0.1616 0.9461 0.2807
vn -0.3511 0.8899 0.2912
vn -0.3113 0.9383 0.1504
vn -0.2008 0.9693 0.1419
vn -0.5879 0.7674 0.2560
vn -0.5695 0.7465 0.3441
vn -0.6045 0.7794 0.1648
vn -0.3088 0.9509 0.0223
vn -0.2551 0.9667 0.0187
vn -0.3133 0.9491 -0.0316
vn -0.2890 0.9563 -0.0450
vn -0.6244 0.7725 0.1154
vn -0.6504 0.7579 0.0507
vn -0.3400 0.9353 -0.0979
vn -0.3353 0.9328 -0.1320
vn -0.7350 0.6712 -0.0961
vn -0.4680 0.8414 -0.2703
vn -0.3943 0.8967 -0.2013
vn -0.6916 0.7213 -0.0379
vn -0.3800 0.8874 -0.2611
vn -0.3973 0.8494 -0.3473
vn -0.5188 0.8382 -0.1683
vn -0.4119 0.8750 -0.2543
vn -0.7393 0.6727 -0.0310
vn -0.6855 0.7205 0.1046
vn -0.5275 0.8495 0.0040
vn -0.4364 0.8935 -0.1061
vn -0.2913 0.9527 -0.0861
vn -0.4125 0.8952 -0.1688
vn -0.3562 0.8090 -0.4676
vn -0.1758 0.8868 -0.4274
vn -0.4787 0.8275 -0.2935
vn -0.4076 0.5017 -0.7630
vn -0.1511 0.4798 -0.8643
vn 0.0308 0.5584 -0.8290
vn -0.8219 0.4518 -0.3469
vn -0.6222 0.5573 -0.5497
vn -0.5718 0.8176 -0.0675
vn -0.6974 0.7110 0.0900
vn -0.3608 0.9101 0.2037
vn -0.2371 0.9556 0.1747
vn -0.3826 0.8558 0.3481
vn -0.6112 0.6864 0.3941
vn -0.6582 0.4252 0.6212
vn -0.7922 0.3669 0.4877
vn -0.4516 0.8705 0.1958
vn -0.4903 0.8474 0.2037
vn -0.3249 0.9286 0.1792
vn -0.3520 0.9234 0.1529
vn -0.8019 -0.5578 -0.2139
vn -0.7826 -0.5854 -0.2118
vn -0.7762 -0.5833 -0.2393
vn -0.7493 -0.5935 -0.2937
vn -0.8220 -0.5276 -0.2146
vn -0.7885 -0.5577 -0.2594
vn -0.8224 -0.4704 -0.3199
vn -0.8573 -0.4631 -0.2250
vn -0.8549 -0.3786 -0.3546
vn -0.7806 -0.5282 -0.3342
vn -0.8526 -0.3915 -0.3462
vn -0.6589 -0.6053 -0.4466
vn -0.8521 0.5031 0.1441
vn -0.9652 -0.2428 -0.0967
vn -0.9077 0.4155 0.0578
vn -0.8777 -0.4671 -0.1070
vn -0.8224 0.4860 0.2957
vn -0.9022 0.2537 0.3489
vn -0.9569 0.0797 0.2793
vn -0.7728 0.6068 0.1861
vn -0.8663 0.3396 0.3664
vn -0.8872 0.2639 0.3785
vn -0.8448 0.5289 0.0811
vn -0.9871 -0.1593 0.0131
vn -0.8131 -0.5102 -0.2802
vn -0.7386 -0.6351 -0.2260
vn -0.7661 0.1894 0.6141
vn -0.9520 -0.2857 0.1099
vn -0.9392 -0.3433 0.0060
vn -0.8249 0.2095 0.5251
vn -0.9190 -0.3922 -0.0415
vn -0.8496 0.2378 0.4707
vn -0.8688 -0.4950 0.0121
vn -0.8538 0.2029 0.4794
vn -0.8568 -0.5116 0.0651
vn -0.8224 0.2074 0.5297
vn -0.9388 -0.2862 0.1915
vn -0.7190 0.3982 0.5696
vn -0.9091 0.0613 0.4120
vn -0.4926 0.6524 0.5760
vn -0.7426 0.3646 0.5618
vn -0.2963 0.7420 0.6013
vn -0.7155 0.3939 0.5770
vn -0.4025 0.7591 0.5116
vn -0.7521 0.3218 0.5751
vn -0.5282 0.6765 0.5132
vn -0.8305 0.2595 0.4930
vn -0.6594 0.5471 0.5157
vn -0.5894 0.5648 0.5776
vn -0.2075 0.7937 0.5718
vn -0.3180 0.7893 0.5253
vn -0.7080 0.5568 0.4345
vn -0.6028 0.6811 0.4156
vn -0.8519 0.4525 0.2636
vn -0.4923 0.4707 0.7322
vn -0.3094 0.6819 0.6628
vn -0.2377 0.7443 0.6241
vn -0.5159 0.5216 0.6796
vn -0.5601 0.4511 0.6948
vn -0.4314 0.5833 0.6882
vn -0.3875 0.6403 0.6632
vn -0.5151 0.4422 0.7342
vn -0.3857 0.4528 0.8038
vn -0.4275 0.4916 0.7586
vn -0.5383 0.4720 0.6982
vn -0.4739 0.4738 0.7423
vn -0.7279 0.5610 0.3942
vn -0.7272 0.5071 0.4626
vn -0.8189 0.3962 0.4152
vn -0.7761 0.5003 0.3839
vn -0.8319 0.4123 0.3714
vn -0.7918 0.4979 0.3537
vn -0.6570 0.6365 0.4040
vn -0.7111 0.6109 0.3481
vn -0.7505 0.5248 0.4018
vn -0.7510 0.4960 0.4358
vn -0.7922 0.5161 0.3257
vn -0.7679 0.5746 0.2832
vn -0.8648 0.2923 0.4082
vn -0.7916 0.4781 0.3805
vn -0.8021 0.4485 0.3944
vn -0.8374 0.3503 0.4195
vn -0.8352 0.4021 0.3751
vn -0.8591 0.3297 0.3914
vn -0.8579 0.2743 0.4344
vn -0.8164 0.3890 0.4268
vn -0.8321 0.4151 0.3678
vn -0.8475 0.3932 0.3566
vn -0.8425 0.3116 0.4395
vn -0.8749 0.3301 0.3543
vn -0.8261 0.4654 0.3177
vn -0.8883 0.3898 0.2428
vn -0.8367 0.5191 0.1744
vn -0.8048 0.5461 0.2325
vn -0.8401 0.4628 0.2830
vn -0.8375 0.4511 0.3083
vn -0.8722 0.4032 0.2768
vn -0.8826 0.3798 0.2771
vn -0.8659 0.3646 0.3426
vn -0.8709 0.3532 0.3418
vn -0.9087 0.2906 0.2998
vn -0.7858 0.0859 0.6124
vn -0.6674 -0.1724 0.7245
vn -0.7635 -0.2959 0.5740
vn -0.8803 0.0361 0.4731
vn -0.8712 0.4812 0.0976
vn -0.9291 0.3223 0.1815
vn -0.9585 0.2574 0.1227
vn -0.8966 0.4421 0.0251
vn -0.9202 0.2415 0.3080
vn -0.9146 0.0147 0.4041
vn -0.9417 0.1926 0.2758
vn -0.9161 0.3280 0.2305
vn -0.9457 0.2185 0.2408
vn -0.9672 0.0925 0.2366
vn -0.8932 0.4464 0.0536
vn -0.8366 0.5216 0.1676
vn -0.9665 0.1841 0.1789
vn -0.9353 0.1845 0.3019
vn -0.5475 -0.3759 0.7477
vn -0.4664 -0.5199 0.7156
vn -0.5255 -0.5367 0.6601
vn -0.6296 -0.5040 0.5913
vn -0.8596 -0.1471 0.4893
vn -0.7622 -0.1373 0.6326
vn -0.8499 -0.0089 0.5268
vn -0.9291 0.0595 0.3651
vn -0.9485 -0.0482 0.3131
vn -0.8852 -0.1267 0.4477
vn -0.7984 0.5577 0.2269
vn -0.9577 0.2877 0.0060
vn -0.8713 0.1498 0.4674
vn -0.9120 -0.0670 0.4047
vn -0.4592 -0.6772 0.5750
vn -0.5093 -0.7715 0.3812
vn -0.6891 -0.4754 0.5470
vn -0.5574 -0.4869 0.6725
vn -0.7340 -0.2402 0.6353
vn -0.7030 -0.4784 0.5262
vn -0.7084 -0.1060 0.6978
vn -0.7654 -0.3224 0.5570
vn -0.7094 -0.0588 0.7024
vn -0.8233 -0.1514 0.5470
vn -0.8064 -0.1152 0.5800
vn -0.6440 -0.5694 0.5109
vn -0.9399 0.0084 0.3413
vn -0.7921 -0.4696 0.3899
vn -0.6592 -0.5348 0.5287
vn -0.5714 -0.5881 0.5724
vn -0.4701 -0.8164 0.3354
vn -0.6662 -0.6824 0.3008
vn -0.4505 -0.8185 0.3566
vn -0.4905 -0.7829 0.3827
vn -0.5397 -0.7695 0.3414
vn -0.3273 -0.9148 0.2369
vn -0.3353 -0.9063 0.2573
vn -0.4436 -0.8595 0.2539
vn -0.5483 -0.7885 0.2785
vn -0.5066 -0.8374 0.2052
vn -0.5219 -0.7961 0.3065
vn -0.3882 -0.8882 0.2456
vn -0.4780 -0.8322 0.2810
vn -0.2327 -0.9546 0.1860
vn -0.2698 -0.9404 0.2069
vn -0.5590 -0.7468 0.3603
vn -0.8893 -0.4071 0.2085
vn -0.5565 -0.1233 0.8217
vn -0.2239 -0.7008 0.6773
vn -0.7084 -0.7002 0.0891
vn -0.1780 0.1400 0.9740
vn 0.1658 -0.4674 0.8683
vn -0.3001 0.0218 0.9537
vn -0.0008 -0.6508 0.7593
vn -0.2707 -0.9231 0.2731
vn -0.9305 -0.0796 0.3576
vn -0.6256 -0.3835 0.6794
vn -0.5481 -0.8354 -0.0408
vn -0.9110 -0.0373 0.4108
vn -0.6752 -0.7337 0.0759
vn -0.8648 -0.0094 0.5021
vn -0.7450 -0.6520 0.1408
vn -0.8219 0.0004 0.5696
vn -0.7838 -0.5982 0.1670
vn -0.8164 0.0103 0.5774
vn -0.8055 -0.5697 0.1630
vn -0.8411 0.0463 0.5390
vn -0.8277 -0.5379 0.1597
vn -0.8840 0.1103 0.4543
vn -0.8671 -0.4776 0.1414
vn -0.9342 0.1742 0.3112
vn -0.9164 -0.3925 0.0783
vn -0.9840 0.1330 0.1184
vn -0.8771 -0.4709 -0.0949
vn -0.4942 -0.8555 -0.1544
vn -0.5915 -0.7965 -0.1254
vn -0.5187 -0.8365 -0.1766
vn -0.3798 -0.9127 -0.1505
vn -0.2998 -0.9046 -0.3031
vn -0.4565 -0.8544 -0.2481
vn -0.4607 -0.8634 -0.2058
vn -0.3302 -0.9170 -0.2236
vn -0.1253 -0.9543 -0.2712
vn -0.3616 -0.9023 -0.2349
vn -0.4198 -0.8724 -0.2502
vn -0.2398 -0.9179 -0.3161
vn -0.2604 -0.9468 -0.1893
vn -0.1411 -0.9799 -0.1413
vn 0.0009 -0.9738 -0.2275
vn 0.0657 -0.9778 -0.1991
vn 0.0981 -0.9876 -0.1224
vn 0.1109 -0.9918 0.0631
vn 0.2542 -0.8547 0.4527
vn 0.0343 -0.9975 0.0616
vn 0.1930 -0.7735 0.6037
vn -0.1620 -0.9160 0.3671
vn 0.0683 -0.9872 0.1439
vn 0.0152 -0.9995 0.0273
vn -0.4097 -0.9110 -0.0474
vn 0.0040 -0.9986 -0.0525
vn 0.0208 -0.9826 -0.1846
vn -0.4153 -0.8406 -0.3477
vn -0.2647 -0.8544 -0.4471
vn 0.0709 -0.9449 -0.3197
vn 0.0986 -0.9438 -0.3154
vn -0.0335 -0.9437 -0.3291
vn 0.0811 -0.9835 -0.1620
vn 0.0804 -0.9638 -0.2542
vn -0.0193 -0.9771 -0.2118
vn 0.0220 -0.9978 -0.0630
vn -0.1881 -0.9757 -0.1122
vn -0.3038 -0.9181 -0.2547
vn -0.7109 -0.6999 -0.0692
vn -0.3470 -0.9378 -0.0098
vn -0.3183 -0.9437 0.0896
vn -0.6549 -0.6637 0.3614
vn -0.7905 0.0051 0.6125
vn -0.9611 0.1182 0.2498
vn -0.8477 0.5065 0.1578
vn -0.9438 -0.0339 0.3288
vn -0.8878 0.2113 0.4089
vn -0.8898 0.4418 0.1141
vn -0.8884 0.1421 0.4365
vn -0.9876 -0.1551 -0.0233
vn -0.7938 -0.4233 0.4367
vn -0.7279 -0.4655 0.5035
vn -0.5732 -0.6567 0.4901
vn -0.6945 -0.4998 0.5175
vn -0.7246 -0.4874 0.4872
vn -0.6413 -0.6923 0.3308
vn -0.7203 -0.5652 0.4022
vn -0.7273 -0.4098 0.5505
vn -0.7115 -0.3267 0.6221
vn -0.6552 -0.3468 0.6712
vn -0.7264 -0.4178 0.5457
vn -0.7341 -0.2356 0.6369
vn -0.6598 -0.2019 0.7238
vn -0.5876 -0.1294 0.7987
vn -0.5157 0.0528 0.8551
vn -0.4174 0.0512 0.9073
vn -0.3072 0.1663 0.9370
vn -0.6213 0.0616 0.7812
vn -0.2332 0.2794 0.9314
vn -0.3485 0.0108 0.9372
vn -0.0816 -0.9755 0.2043
vn -0.1334 -0.9522 0.2747
vn -0.2188 -0.9470 0.2352
vn -0.1361 -0.9807 0.1405
vn -0.4216 -0.7713 0.4768
vn -0.3815 -0.6500 0.6573
vn -0.2629 -0.6196 0.7396
vn -0.0023 -0.9730 0.2306
vn -0.1781 -0.6672 0.7233
vn 0.0791 -0.9743 0.2108
vn -0.4877 0.1023 0.8670
vn -0.2948 -0.6703 0.6810
vn -0.2663 -0.7653 0.5860
vn -0.5503 0.0356 0.8342
vn -0.0644 -0.9454 0.3196
vn 0.0039 -0.9645 0.2640
vn 0.1029 -0.9693 0.2233
vn 0.1063 -0.9804 0.1659
vn 0.0383 -0.9805 0.1925
vn 0.0375 -0.9867 0.1582
vn -0.3436 -0.1178 0.9317
vn -0.1973 -0.6539 0.7304
vn -0.3322 -0.6600 0.6738
vn -0.5040 -0.2207 0.8350
vn -0.6438 -0.3834 0.6622
vn -0.6305 0.2172 0.7452
vn -0.6077 0.0813 0.7900
vn -0.5358 -0.5808 0.6129
vn -0.9595 0.0831 0.2692
vn -0.8246 0.2193 0.5215
vn -0.6529 0.5960 0.4674
vn -0.9476 0.2432 0.2072
vn -0.5616 0.6677 0.4887
vn -0.7866 0.2363 0.5704
vn -0.4366 0.7598 0.4817
vn -0.5534 0.6750 0.4881
vn -0.4220 0.6827 0.5965
vn -0.4435 0.7014 0.5580
vn -0.6816 -0.6178 0.3920
vn -0.7911 0.1652 0.5889
vn -0.8553 0.3054 0.4185
vn -0.7989 -0.4902 0.3485
vn -0.4760 0.7998 0.3656
vn -0.4880 0.8246 0.2862
vn -0.5141 0.7920 0.3292
vn -0.5130 0.8117 0.2792
vn -0.6630 0.6459 0.3785
vn -0.6938 0.6277 0.3531
vn -0.8490 0.1778 0.4975
vn -0.8666 0.1602 0.4726
vn -0.7965 -0.3382 0.5012
vn -0.7843 0.3369 0.5209
vn -0.7916 -0.2243 0.5684
vn -0.7666 0.2915 0.5721
vn -0.3943 0.8579 0.3294
vn -0.3901 0.8416 0.3736
vn -0.3779 0.8772 0.2961
vn -0.2941 0.8874 0.3551
vn -0.6160 0.6569 0.4348
vn -0.5232 0.6329 0.5707
vn -0.7934 0.1573 0.5880
vn -0.6807 0.1465 0.7177
vn -0.9807 -0.1565 0.1173
vn -0.8711 -0.1871 0.4541
vn -0.8494 -0.4325 0.3023
vn -0.9550 -0.2963 0.0119
vn -0.6855 -0.4937 0.5351
vn -0.7801 -0.2478 0.5744
vn -0.8098 -0.3154 0.4948
vn -0.6783 -0.5529 0.4839
vn -0.7051 -0.6034 0.3726
vn -0.8363 -0.3046 0.4559
vn -0.7784 -0.2754 0.5641
vn -0.6726 -0.6031 0.4288
vn -0.6192 -0.5290 0.5803
vn -0.6931 -0.2001 0.6925
vn -0.6799 -0.1214 0.7232
vn -0.6539 0.1932 0.7315
vn -0.6140 -0.4491 0.6491
vn -0.6322 -0.3997 0.6638
vn -0.6955 -0.0600 0.7160
vn -0.6633 0.2346 0.7106
vn -0.4131 -0.8278 0.3796
vn -0.4076 -0.7885 0.4606
vn -0.1460 -0.9482 0.2820
vn -0.1850 -0.9416 0.2813
vn -0.1050 -0.9551 0.2771
vn -0.4367 -0.7439 0.5059
vn -0.9417 -0.0151 0.3360
vn -0.6426 0.7662 -0.0076
vn -0.3889 0.9060 0.1669
vn -0.7738 0.4812 0.4119
vn -0.8379 0.1833 0.5141
vn -0.8863 0.3658 0.2841
vn -0.9177 -0.1874 0.3504
vn -0.8344 0.0443 0.5493
vn -0.9198 0.0087 0.3923
vn -0.9647 -0.1586 0.2101
vn -0.9954 -0.0959 0.0010
vn -0.9782 -0.2076 0.0091
vn -0.9690 -0.2425 0.0463
vn -0.9257 -0.3782 -0.0027
vn -0.8966 0.1716 0.4083
vn -0.9163 0.1829 0.3563
vn -0.7966 -0.5849 0.1528
vn -0.8900 -0.1016 0.4446
vn -0.6727 -0.3265 0.6640
vn -0.6134 -0.6653 0.4257
vn -0.5404 -0.7026 0.4629
vn -0.5690 -0.4630 0.6796
vn -0.5191 -0.5834 0.6246
vn -0.5420 -0.7630 0.3522
vn -0.4864 -0.8159 0.3126
vn -0.3504 -0.8650 0.3590
vn -0.4293 0.7893 0.4389
vn -0.5438 0.6479 0.5334
vn -0.5705 0.5309 0.6266
vn -0.6212 0.5676 0.5403
vn -0.6488 0.4052 0.6441
vn -0.6171 0.4946 0.6120
vn -0.6216 0.3849 0.6823
vn -0.6418 0.3926 0.6588
vn -0.5155 0.5802 0.6305
vn -0.6431 0.4199 0.6404
vn -0.7257 0.2122 0.6545
vn -0.7918 0.0286 0.6101
vn -0.8140 0.2040 0.5438
vn -0.7540 0.2697 0.5990
vn -0.6915 0.4781 0.5414
vn -0.8232 0.3329 0.4600
vn -0.5333 0.6052 0.5910
vn -0.4125 0.7373 0.5350
vn -0.3738 0.7548 0.5389
vn -0.4239 0.7152 0.5557
vn -0.6671 0.5684 0.4815
vn -0.7083 0.4735 0.5236
vn -0.8561 0.3066 0.4160
vn -0.8712 0.1698 0.4606
vn -0.4612 0.6104 0.6439
vn -0.3569 0.6643 0.6567
vn -0.3160 0.4888 0.8132
vn -0.4203 0.3725 0.8274
vn -0.7128 0.0077 0.7013
vn -0.5662 0.2183 0.7948
vn -0.6896 0.3328 0.6432
vn -0.8388 0.0542 0.5417
vn -0.4252 0.1572 0.8913
vn -0.2363 0.4064 0.8826
vn -0.3502 0.4166 0.8389
vn -0.4731 0.1193 0.8729
vn -0.4386 0.3344 0.8342
vn -0.3432 0.4259 0.8371
vn -0.3582 0.2878 0.8882
vn -0.5317 0.1413 0.8351
vn -0.9219 0.3011 -0.2438
vn -0.7814 0.5484 -0.2978
vn -0.9388 0.2736 -0.2094
vn -0.9605 0.2295 -0.1574
vn -0.9535 0.2497 -0.1687
vn -0.8364 0.5303 -0.1384
vn -0.9873 0.1444 -0.0661
vn -0.9523 0.2987 -0.0633
vn -0.8524 0.4345 -0.2909
vn -0.9026 0.3293 -0.2773
vn -0.5464 0.8270 -0.1321
vn -0.5936 0.8033 0.0485
vn -0.4732 0.8763 0.0905
vn -0.8267 0.5623 0.0201
vn -0.7144 0.6795 -0.1673
vn -0.4417 0.8943 -0.0710
vn -0.5398 0.8247 -0.1690
vn -0.5282 0.8489 0.0188
vn -0.9434 0.3273 0.0543
vn -0.5609 0.8244 0.0762
vn -0.9921 0.1249 0.0100
vn -0.9633 0.2533 0.0890
vn -0.9086 0.4064 0.0968
vn -0.5730 0.8171 0.0638
vn -0.4978 0.8662 0.0431
vn -0.8302 0.5536 0.0654
vn -0.8600 0.5093 0.0315
vn -0.4508 0.8883 0.0877
vn -0.3783 0.9211 0.0920
vn -0.7843 0.6203 0.0109
vn -0.7577 0.6425 0.1140
vn -0.3902 0.9186 0.0629
vn -0.9053 0.4052 0.1274
vn -0.5440 0.8326 0.1043
vn -0.9657 0.2270 0.1259
vn -0.9465 0.2872 0.1472
vn -0.8369 0.5203 0.1701
vn -0.4447 0.8834 0.1476
vn -0.4130 0.8569 0.3084
vn -0.7815 0.4381 0.4442
vn -0.1820 0.9776 0.1060
vn -0.1836 0.9812 0.0599
vn -0.4661 0.8534 0.2332
vn -0.8635 0.3058 0.4011
vn -0.7019 0.6732 0.2328
vn -0.3268 0.9275 0.1817
vn -0.9093 0.3462 0.2308
vn -0.8883 0.3470 0.3008
vn -0.5755 0.7827 0.2371
vn -0.2364 0.9545 0.1815
vn -0.6454 0.7590 0.0853
vn -0.8308 0.5492 0.0901
vn -0.8038 0.5869 0.0974
vn -0.4829 0.8740 0.0538
vn -0.9078 0.3761 0.1857
vn -0.8913 0.3853 0.2390
vn -0.4830 0.8711 0.0891
vn -0.7954 0.5613 0.2287
vn -0.8953 0.2928 0.3356
vn -0.7098 0.6792 0.1866
vn -0.8973 0.3116 0.3126
vn -0.9042 0.0396 0.4253
vn -0.9075 -0.1069 0.4063
vn -0.9333 0.0123 0.3590
vn -0.4413 0.8692 0.2232
vn -0.8533 0.3660 0.3714
vn -0.1976 0.9741 0.1098
vn -0.9731 0.2253 -0.0488
vn -0.9797 0.1920 -0.0577
vn -0.9739 0.0666 0.2169
vn -0.9734 0.1746 0.1486
vn -0.9423 0.0141 0.3345
vn -0.8256 -0.3206 0.4642
vn -0.7157 -0.5118 0.4752
vn -0.8816 -0.1758 0.4380
vn -0.6131 -0.5145 0.5995
vn -0.6842 -0.5833 0.4378
vn -0.8215 -0.1601 0.5472
vn -0.6312 -0.2687 0.7276
vn -0.6981 -0.3745 0.6102
vn -0.8600 -0.3449 0.3762
vn -0.8993 -0.2728 0.3419
vn -0.9117 -0.1905 0.3639
vn -0.9106 -0.1875 0.3682
vn -0.8757 -0.3021 0.3767
vn -0.8270 -0.3105 0.4686
vn -0.7813 -0.4649 0.4164
vn -0.7252 0.2577 0.6385
vn -0.8039 -0.0120 0.5946
vn -0.8322 0.2241 0.5072
vn -0.9119 0.0509 0.4073
vn -0.9697 -0.0421 0.2407
vn -0.9390 -0.1706 0.2988
vn -0.8671 -0.3494 0.3551
vn -0.9433 -0.1437 0.2992
vn -0.9218 0.0370 0.3859
vn -0.9507 -0.0531 0.3056
vn -0.9636 -0.0771 0.2560
vn -0.9690 0.0049 0.2472
vn 0.5481 0.8364 -0.0037
vn 0.2658 0.9637 0.0253
vn 0.3340 0.9424 0.0196
vn 0.5975 0.7991 -0.0663
vn 0.3612 0.9320 -0.0293
vn 0.6002 0.7849 -0.1538
vn 0.3395 0.9346 -0.1064
vn 0.5567 0.7919 -0.2509
vn 0.2918 0.9429 -0.1605
vn 0.5320 0.8000 -0.2773
vn 0.2868 0.9432 -0.1676
vn 0.2972 0.9431 -0.1494
vn 0.5474 0.7994 -0.2476
vn 0.5404 0.7999 -0.2611
vn 0.3155 0.9376 -0.1461
vn 0.5389 0.8067 -0.2426
vn 0.3351 0.9343 -0.1213
vn 0.5321 0.8101 -0.2462
vn 0.3320 0.9362 -0.1149
vn 0.5259 0.8138 -0.2472
vn 0.3174 0.9362 -0.1512
vn 0.5242 0.8093 -0.2650
vn 0.3224 0.9318 -0.1667
vn 0.5314 0.7969 -0.2873
vn 0.3120 0.9298 -0.1952
vn 0.5109 0.7832 -0.3545
vn 0.2711 0.9188 -0.2870
vn 0.4868 0.7583 -0.4335
vn 0.2808 0.8903 -0.3585
vn 0.4930 0.7195 -0.4892
vn 0.3116 0.8522 -0.4203
vn 0.4519 0.7080 -0.5427
vn 0.3019 0.8332 -0.4633
vn 0.3401 0.7629 -0.5499
vn 0.2663 0.7728 -0.5761
vn 0.3016 0.7853 -0.5407
vn 0.2537 0.8338 -0.4904
vn 0.1798 0.8281 -0.5309
vn 0.2591 0.7619 -0.5936
vn 0.2445 0.8127 -0.5289
vn 0.4903 0.6634 -0.5652
vn 0.4425 0.5989 -0.6674
vn 0.2384 0.7918 -0.5624
vn 0.5114 0.6340 -0.5801
vn 0.3464 0.9340 -0.0873
vn 0.5010 0.8633 -0.0607
vn 0.6360 0.7689 -0.0656
vn 0.5404 0.8320 -0.1252
vn 0.6616 0.7496 -0.0206
vn 0.5600 0.8285 -0.0032
vn 0.1949 0.9705 -0.1420
vn 0.2329 0.9646 -0.1236
vn 0.4834 0.8472 -0.2202
vn 0.4685 0.8449 -0.2583
vn 0.1891 0.9752 -0.1154
vn 0.1904 0.9709 -0.1451
vn 0.4637 0.8532 -0.2388
vn 0.4432 0.8683 -0.2230
vn 0.2712 0.9608 -0.0571
vn 0.2164 0.9721 -0.0910
vn 0.4237 0.8805 -0.2126
vn 0.4283 0.8830 -0.1920
vn 0.3434 0.9366 -0.0695
vn 0.3181 0.9468 -0.0493
vn 0.4509 0.8721 -0.1899
vn 0.4717 0.8586 -0.2007
vn 0.2756 0.9521 -0.1321
vn 0.3306 0.9378 -0.1061
vn 0.4820 0.8488 -0.2174
vn 0.4606 0.8475 -0.2637
vn 0.4352 0.8458 -0.3085
vn 0.2108 0.9678 -0.1372
vn 0.4019 0.8601 -0.3141
vn 0.2032 0.9743 -0.0973
vn 0.3287 0.8377 -0.4362
vn 0.4452 0.8820 -0.1547
vn 0.3027 0.9497 -0.0798
vn 0.3474 0.8607 -0.3721
vn 0.3857 0.7492 -0.5385
vn 0.5721 0.7884 -0.2260
vn 0.5423 0.5901 -0.5981
vn 0.6884 0.6970 -0.2006
vn 0.2759 0.9611 -0.0097
vn 0.2969 0.9503 0.0937
vn 0.2020 0.9761 -0.0797
vn 0.0326 0.9995 -0.0020
vn 0.0930 0.9925 0.0799
vn 0.1314 0.9760 0.1734
vn 0.1224 0.9865 -0.1087
vn 0.0658 0.9934 -0.0936
vn -0.1136 0.9934 -0.0178
vn -0.0548 0.9977 -0.0396
vn 0.0610 0.9955 -0.0725
vn 0.0884 0.9952 -0.0422
vn -0.0767 0.9956 0.0536
vn -0.1048 0.9941 0.0280
vn 0.1313 0.9913 0.0083
vn 0.1869 0.9807 0.0578
vn 0.0184 0.9861 0.1653
vn -0.0494 0.9945 0.0924
vn -0.5259 0.7002 0.4828
vn -0.4467 0.7173 0.5347
vn -0.1662 0.9400 0.2980
vn -0.2238 0.9573 0.1830
vn -0.0849 0.9403 0.3296
vn -0.3507 0.7923 0.4992
vn -0.3526 0.9272 0.1263
vn -0.6318 0.6609 0.4051
vn -0.6159 0.6717 0.4117
vn -0.3105 0.9435 0.1161
vn -0.5423 0.7082 0.4520
vn -0.3207 0.9278 0.1908
vn -0.2358 0.9451 0.2262
vn -0.4305 0.7469 0.5069
vn -0.3340 0.9179 0.2141
vn -0.2396 0.9491 0.2046
vn -0.4622 0.8071 0.3673
vn -0.3998 0.8604 0.3159
vn -0.1898 0.9788 0.0767
vn -0.3895 0.8922 0.2288
vn -0.2518 0.9678 -0.0000
vn -0.4597 0.8564 0.2349
vn -0.5901 0.7695 0.2440
vn -0.3659 0.9301 -0.0306
vn -0.4259 0.9046 -0.0173
vn -0.6312 0.7263 0.2721
vn -0.6356 0.6712 0.3814
vn -0.4945 0.8556 0.1529
vn -0.4210 0.8216 0.3844
vn -0.5492 0.6330 0.5456
vn -0.4516 0.5870 0.6719
vn -0.3000 0.7739 0.5577
vn -0.1713 0.7502 0.6386
vn -0.3782 0.5772 0.7238
vn -0.2978 0.6057 0.7379
vn -0.0714 0.7395 0.6693
vn 0.0071 0.7618 0.6478
vn -0.2164 0.6546 0.7243
vn -0.2012 0.6792 0.7059
vn 0.0143 0.8034 0.5953
vn -0.0224 0.8199 0.5721
vn -0.0833 0.8242 0.5602
vn -0.2325 0.6745 0.7007
vn -0.2672 0.6790 0.6838
vn -0.2721 0.7244 0.6334
vn -0.1135 0.8279 0.5492
vn -0.1317 0.8299 0.5422
vn -0.2861 0.7092 0.6443
vn -0.0502 0.7904 0.6106
vn 0.0236 0.7202 0.6934
vn -0.2031 0.6907 0.6941
vn -0.1431 0.6029 0.7849
vn 0.0966 0.6625 0.7428
vn -0.1435 0.5061 0.8504
vn -0.1866 0.4581 0.8691
vn 0.1157 0.6754 0.7283
vn -0.5320 0.7138 0.4555
vn -0.5828 0.6378 0.5035
vn -0.5878 0.6808 0.4369
vn -0.5250 0.7627 0.3777
vn -0.6764 0.5248 0.5168
vn -0.6942 0.5723 0.4365
vn -0.6506 0.4858 0.5837
vn -0.7319 0.4071 0.5465
vn -0.7401 0.4360 0.5120
vn -0.7198 0.4018 0.5661
vn -0.7191 0.4143 0.5579
vn -0.6926 0.5222 0.4975
vn -0.7256 0.5226 0.4477
vn -0.6486 0.4181 0.6360
vn -0.6525 0.3876 0.6512
vn -0.5883 0.4501 0.6717
vn -0.5637 0.4169 0.7130
vn -0.4895 0.5191 0.7006
vn -0.5964 0.5272 0.6053
vn -0.4441 0.5204 0.7293
vn -0.5029 0.4651 0.7285
vn -0.4779 0.4967 0.7245
vn -0.4101 0.5442 0.7319
vn -0.3684 0.5616 0.7409
vn -0.3472 0.5460 0.7625
vn -0.4472 0.4913 0.7474
vn -0.4144 0.4726 0.7778
vn -0.4190 0.4554 0.7855
vn -0.4177 0.5183 0.7463
vn -0.3701 0.5203 0.7696
vn -0.3936 0.4606 0.7956
vn -0.5310 0.4164 0.7380
vn -0.4576 0.5485 0.6998
vn -0.4501 0.5376 0.7130
vn -0.4782 0.4393 0.7605
vn -0.4276 0.3697 0.8249
vn -0.2838 0.4526 0.8453
vn -0.3999 0.5269 0.7500
vn -0.5360 0.3939 0.7467
vn -0.3790 0.8210 0.4271
vn -0.3409 0.8977 0.2790
vn 0.2247 0.9690 0.1025
vn -0.4899 0.7061 0.5113
vn -0.1438 0.9012 0.4089
vn -0.4977 0.7661 0.4066
vn -0.4760 0.7889 0.3887
vn -0.4928 0.7851 0.3751
vn -0.4886 0.7738 0.4032
vn -0.5725 0.5943 0.5649
vn -0.5442 -0.8381 -0.0375
vn -0.3460 -0.9380 0.0192
vn -0.5701 -0.8144 -0.1087
vn -0.3319 -0.9384 -0.0958
vn -0.5619 -0.8265 -0.0339
vn -0.5244 -0.8515 0.0053
vn -0.7814 -0.5841 0.2196
vn -0.5829 -0.7737 0.2483
vn -0.4805 -0.8730 0.0831
vn -0.5874 -0.7977 -0.1363
vn -0.2582 -0.9586 0.1205
vn -0.1062 -0.9883 0.1094
vn -0.2184 -0.9734 0.0688
vn -0.5181 -0.8491 0.1030
vn -0.1660 -0.9795 -0.1138
vn -0.2514 -0.9448 -0.2101
vn -0.1651 -0.9862 -0.0084
vn -0.0769 -0.9934 -0.0847
vn -0.0747 -0.9970 0.0196
vn -0.1926 -0.9810 0.0225
vn -0.8326 -0.5272 0.1698
vn -0.5245 -0.8231 -0.2176
vn -0.4600 -0.8485 -0.2616
vn -0.7039 -0.6935 0.1537
vn -0.2078 -0.9635 0.1685
vn -0.3239 -0.9352 0.1433
vn -0.4192 -0.8745 0.2440
vn -0.5593 -0.8147 0.1529
vn -0.6118 -0.7672 -0.1925
vn -0.4577 -0.8168 -0.3511
vn -0.3459 -0.8772 -0.3330
vn -0.4157 -0.8918 -0.1788
vn -0.4470 -0.8943 0.0215
vn -0.6465 -0.7627 0.0168
vn -0.6796 -0.6681 0.3030
vn -0.9135 -0.2889 0.2865
vn -0.8019 -0.5785 0.1490
vn -0.9634 -0.2301 0.1373
vn -0.7973 -0.5339 -0.2815
vn -0.8807 -0.4699 -0.0591
vn -0.6398 -0.7609 0.1081
vn -0.5593 -0.7859 -0.2636
vn -0.9451 -0.2990 -0.1318
vn -0.8650 -0.4196 -0.2752
vn -0.6569 -0.6803 -0.3251
vn -0.7954 -0.5829 -0.1659
vn -0.9697 -0.2432 0.0228
vn -0.8387 -0.5443 0.0159
vn -0.9003 -0.1238 -0.4173
vn -0.7572 0.1840 -0.6267
vn -0.9117 -0.0332 -0.4095
vn -0.7018 0.4264 -0.5707
vn -0.4318 0.3689 -0.8231
vn -0.5737 0.2667 -0.7744
vn -0.9725 0.1350 0.1899
vn -0.9836 0.1379 0.1160
vn -0.8356 0.5365 0.1178
vn -0.8336 0.5522 -0.0114
vn -0.7417 0.6378 -0.2079
vn -0.7790 0.5874 -0.2194
vn -0.9633 0.1131 -0.2436
vn -0.9705 0.1936 -0.1439
vn -0.9865 0.1601 -0.0344
vn -0.7660 0.5788 -0.2797
vn -0.1708 0.4217 -0.8905
vn -0.3882 0.6657 -0.6373
vn -0.0840 0.7413 -0.6659
vn 0.0578 0.4550 -0.8886
vn -0.2276 0.9549 -0.1905
vn -0.5515 0.8227 -0.1382
vn -0.5492 0.8342 0.0506
vn -0.2136 0.9769 -0.0067
vn -0.4959 0.8490 -0.1823
vn -0.2238 0.9438 -0.2433
vn -0.4791 0.8484 -0.2253
vn -0.2877 0.9298 -0.2296
vn -0.4803 0.7589 -0.4398
vn -0.2438 0.8782 -0.4114
vn -0.2331 0.9489 -0.2128
vn -0.0570 0.8183 -0.5719
vn 0.0949 0.8501 -0.5181
vn -0.2407 0.9673 -0.0799
vn 0.1146 0.5716 -0.8125
vn 0.2483 0.6617 -0.7074
vn 0.4325 0.8954 -0.1062
vn 0.1109 0.9811 -0.1585
vn 0.1705 0.9852 -0.0185
vn 0.5002 0.8658 -0.0120
vn 0.1602 0.4761 -0.8647
vn 0.1461 0.6881 -0.7107
vn 0.4227 0.8336 -0.3556
vn 0.1568 0.9875 -0.0179
vn 0.3373 0.8170 -0.4676
vn 0.3562 0.8969 -0.2620
vn 0.5261 0.8181 -0.2323
vn -0.3902 0.8573 0.3359
vn -0.2589 0.9206 0.2923
vn 0.6649 0.7460 -0.0379
vn 0.6063 0.7919 -0.0721
vn 0.4917 0.8665 0.0861
vn 0.3701 0.9123 -0.1752
vn 0.5621 0.8117 -0.1585
vn 0.1393 0.9537 0.2666
vn 0.0620 0.9584 -0.2787
vn 0.0229 0.9640 -0.2647
vn 0.0713 0.9139 -0.3996
vn -0.4871 0.8172 0.3082
vn -0.4526 0.8903 0.0494
vn -0.5394 0.8100 0.2299
vn -0.5290 0.8272 0.1896
vn -0.4378 0.8832 0.1684
vn -0.4573 0.8856 0.0809
vn -0.1956 0.9317 0.3062
vn -0.3203 0.9165 0.2396
vn -0.6057 0.6950 0.3874
vn -0.4073 0.8196 0.4030
vn -0.4099 0.9018 0.1369
vn -0.6706 0.6028 0.4324
vn -0.4597 0.8854 0.0689
vn -0.6903 0.5648 0.4522
vn -0.5148 0.8555 -0.0550
vn -0.6548 0.6628 0.3632
vn -0.5215 0.8316 -0.1909
vn -0.5782 0.8140 -0.0552
vn -0.4750 0.8383 -0.2676
vn -0.3911 0.9188 -0.0540
vn -0.4293 0.8756 -0.2215
vn -0.3208 0.9454 -0.0572
vn -0.3045 0.9511 -0.0514
vn -0.3776 0.9246 0.0499
vn -0.6170 0.7271 0.3010
vn -0.5512 0.7331 0.3984
vn -0.5853 0.7977 0.1450
vn -0.6747 0.6693 0.3111
vn -0.4372 0.8555 0.2774
vn -0.6268 0.5566 0.5453
vn -0.5142 0.8071 0.2902
vn -0.6072 0.6539 0.4512
vn -0.5333 0.6751 0.5097
vn -0.6358 0.5864 0.5019
vn -0.6424 0.7400 0.1993
vn -0.5299 0.8325 0.1619
vn -0.9985 0.0287 0.0456
vn -0.9473 0.3053 -0.0971
vn -0.9095 0.3960 -0.1264
vn -0.9812 0.0440 -0.1877
vn -0.8243 -0.4840 0.2936
vn -0.9825 -0.0346 0.1828
vn -0.9851 0.1692 -0.0297
vn -0.9710 -0.1993 0.1319
vn -0.8172 -0.2950 0.4951
vn -0.5561 -0.6975 0.4520
vn -0.4009 -0.7393 0.5411
vn -0.6115 -0.4050 0.6797
vn -0.7550 -0.2940 0.5861
vn -0.6356 -0.6318 0.4436
vn -0.8709 -0.4379 0.2231
vn -0.9331 -0.1538 0.3251
vn -0.9748 -0.0198 0.2223
vn -0.9323 -0.3072 0.1910
vn -0.9093 -0.3028 0.2854
vn -0.9735 0.0471 0.2240
vn -0.9546 -0.0396 0.2952
vn -0.8154 -0.4081 0.4106
vn -0.7041 -0.5125 0.4914
vn -0.8728 -0.1846 0.4518
vn -0.7882 -0.2480 0.5633
vn -0.7195 -0.5100 0.4714
vn -0.8311 -0.4347 0.3468
vn -0.8502 -0.1291 0.5104
vn -0.9006 0.0664 0.4296
vn -0.9033 0.1701 0.3938
vn -0.9179 -0.3357 0.2116
vn -0.9386 -0.3030 0.1651
vn -0.9138 0.1328 0.3839
vn -0.9038 0.0397 0.4261
vn -0.9356 -0.3190 0.1513
vn -0.9117 -0.3714 0.1759
vn -0.8665 -0.0312 0.4981
vn -0.8876 -0.3953 0.2363
vn -0.7643 -0.0295 0.6442
vn -0.8506 -0.4002 0.3412
vn -0.6254 0.0959 0.7744
vn -0.5393 0.2277 0.8108
vn -0.7821 -0.3954 0.4817
vn -0.7273 -0.3113 0.6117
vn -0.5337 -0.8426 0.0719
vn -0.5631 -0.8131 0.1477
vn -0.0423 -0.9982 0.0416
vn -0.0465 -0.9986 -0.0255
vn -0.1409 -0.9769 0.1605
vn -0.5210 -0.8091 0.2720
vn -0.4452 -0.8086 0.3847
vn -0.2612 -0.9242 0.2787
vn -0.3708 -0.8656 0.3365
vn -0.4600 -0.7781 0.4278
vn -0.5653 -0.7370 0.3706
vn -0.4696 -0.8341 0.2894
vn -0.5476 -0.8218 0.1576
vn -0.6716 -0.7106 0.2098
vn -0.5941 -0.8043 -0.0096
vn -0.7195 -0.6938 0.0300
vn -0.7273 -0.6817 -0.0799
vn -0.5958 -0.7900 -0.1445
vn -0.7288 -0.6727 -0.1278
vn -0.6919 -0.7095 -0.1338
vn -0.5407 -0.8100 -0.2272
vn -0.4279 -0.8653 -0.2610
vn -0.6360 -0.7558 -0.1560
vn -0.5438 -0.8162 -0.1951
vn -0.2930 -0.9036 -0.3126
vn -0.1882 -0.8994 -0.3944
vn -0.4501 -0.8711 -0.1963
vn -0.4844 -0.8701 -0.0910
vn -0.1446 -0.8788 -0.4548
vn -0.1867 -0.8694 -0.4575
vn -0.5125 0.6101 0.6043
vn -0.5509 0.5709 0.6087
vn -0.4204 0.7601 0.4955
vn -0.3539 0.8370 0.4174
vn -0.4250 -0.7263 0.5402
vn -0.5895 -0.4086 0.6968
vn -0.0778 -0.9542 0.2889
vn -0.0037 -0.9182 0.3961
vn -0.2319 -0.7355 0.6366
vn -0.3932 -0.3704 0.8415
vn -0.4952 0.2825 0.8216
vn -0.6485 0.2616 0.7148
vn -0.6705 -0.0528 0.7400
vn -0.4429 -0.0042 0.8966
vn -0.6623 0.1985 0.7225
vn -0.5017 0.6893 0.5226
vn -0.3155 0.7876 0.5293
vn 0.0012 0.6849 0.7286
vn 0.2618 0.7768 0.5728
vn -0.1752 0.8109 0.5584
vn -0.4784 0.5501 0.6845
vn -0.1950 0.5619 0.8039
vn 0.8842 0.0658 0.4625
vn 0.6403 0.5031 0.5805
vn 0.0573 0.3046 0.9507
vn 0.2425 -0.1736 0.9545
vn 0.9036 -0.4102 0.1233
vn 0.3906 -0.6984 0.5997
vn 0.4265 -0.8853 0.1853
vn 0.7585 -0.6472 -0.0757
vn -0.0680 -0.8630 0.5005
vn 0.0941 -0.9722 0.2146
vn -0.3895 -0.4002 0.8295
vn 0.0519 -0.2116 0.9760
vn 0.2647 -0.7793 0.5680
vn 0.4359 -0.8815 0.1818
vn -0.3509 0.3296 0.8765
vn -0.0276 0.4949 0.8685
vn -0.3580 0.4929 0.7930
vn -0.2130 0.7104 0.6708
vn -0.5562 0.3481 0.7546
vn -0.4491 0.4649 0.7630
vn -0.3918 0.6432 0.6578
vn -0.5728 0.4311 0.6972
vn -0.6233 0.2419 0.7436
vn -0.6941 0.2073 0.6894
vn -0.7680 -0.0936 0.6336
vn -0.7900 -0.1696 0.5892
vn -0.3003 -0.8828 -0.3612
vn -0.6690 -0.7361 0.1035
vn -0.3545 -0.8917 -0.2816
vn -0.6653 -0.7267 0.1710
vn 0.3386 -0.9396 -0.0497
vn 0.3325 -0.8863 0.3222
vn -0.3995 -0.8921 0.2110
vn -0.1602 -0.9734 -0.1638
vn 0.0281 -0.5485 0.8357
vn -0.6337 -0.3568 0.6864
vn -0.4518 0.1752 0.8747
vn -0.2193 0.4684 0.8559
vn 0.3694 -0.1288 0.9203
vn 0.5590 0.1920 0.8066
vn 0.7474 -0.5236 0.4089
vn 0.9103 -0.2114 0.3560
vn 0.7301 -0.6830 0.0210
vn 0.9078 -0.4138 0.0687
vn 0.7223 0.5736 0.3865
vn 0.1636 0.7928 0.5872
vn -0.0074 0.6976 0.7164
vn 0.6801 0.4413 0.5855
vn -0.0925 -0.9408 -0.3261
vn 0.2979 -0.9019 -0.3128
vn -0.2365 -0.8952 -0.3777
vn 0.1713 -0.8660 -0.4697
vn 0.9839 0.0133 0.1782
vn 0.9811 0.1719 0.0891
vn 0.9430 -0.3149 -0.1076
vn 0.9528 -0.2264 -0.2023
vn 0.7168 -0.6513 -0.2490
vn 0.6992 -0.5785 -0.4200
vn -0.3510 -0.8035 0.4807
vn -0.6145 -0.5179 0.5951
vn -0.7587 -0.4952 0.4231
vn -0.5205 -0.7958 0.3096
vn -0.0466 -0.9933 -0.1054
vn -0.2530 -0.9675 -0.0013
vn -0.2513 -0.9678 0.0161
vn -0.0416 -0.9959 -0.0802
vn -0.1907 -0.9776 0.0892
vn -0.0340 -0.9991 0.0261
vn -0.0203 -0.9996 -0.0191
vn -0.2214 -0.9730 0.0652
vn -0.8283 0.1299 0.5450
vn -0.9316 0.0895 0.3523
vn -0.6281 0.7545 0.1902
vn -0.7149 0.6854 0.1382
vn -0.6064 -0.7724 0.1889
vn -0.8357 -0.4537 0.3095
vn -0.8552 -0.3598 0.3731
vn -0.5699 -0.7944 0.2101
vn -0.5304 -0.8094 0.2521
vn -0.8408 -0.2929 0.4554
vn -0.7627 -0.3336 0.5541
vn -0.4942 -0.8071 0.3230
vn -0.9521 0.1602 0.2604
vn -0.8836 0.3140 0.3474
vn -0.7434 0.6396 0.1956
vn -0.7235 0.6015 0.3388
vn -0.5756 0.7774 0.2537
vn -0.6393 0.6922 0.3349
vn -0.6286 0.5082 0.5887
vn -0.6608 0.4015 0.6342
vn -0.7738 0.4148 0.4788
vn -0.6766 0.3447 0.6507
vn -0.6300 0.6063 0.4852
vn -0.4830 0.6206 0.6178
vn -0.6119 0.0008 0.7909
vn -0.6481 -0.0233 0.7612
vn -0.3778 -0.7124 0.5914
vn -0.5260 -0.6165 0.5859
vn -0.6696 0.5935 0.4465
vn -0.6885 0.4931 0.5318
vn -0.6648 0.3212 0.6744
vn -0.6686 0.2648 0.6949
vn -0.6199 0.4792 0.6214
vn -0.4826 0.5318 0.6959
vn -0.6075 0.2643 0.7490
vn -0.4749 0.2951 0.8291
vn -0.0584 -0.9888 0.1370
vn -0.2116 -0.9665 0.1450
vn -0.0951 -0.9888 0.1152
vn -0.3497 -0.9298 0.1148
vn -0.6653 -0.0124 0.7464
vn -0.6602 0.0296 0.7505
vn -0.5872 -0.4858 0.6475
vn -0.5977 -0.3816 0.7051
vn -0.5657 0.0746 0.8212
vn -0.4018 0.0935 0.9110
vn -0.4521 -0.2617 0.8527
vn -0.2632 -0.1844 0.9470
vn -0.5819 -0.6252 0.5201
vn -0.7773 -0.5209 0.3528
vn -0.7425 -0.2718 0.6122
vn -0.8471 -0.3406 0.4079
vn -0.3136 -0.9061 0.2839
vn -0.4866 -0.8435 0.2273
vn -0.4619 -0.7627 0.4527
vn -0.3270 -0.8214 0.4673
vn -0.2350 -0.6542 0.7189
vn -0.2157 -0.3903 0.8951
vn -0.4147 -0.5501 0.7248
vn -0.4939 -0.1555 0.8555
vn -0.8018 -0.4531 0.3895
vn -0.7416 -0.3673 0.5613
vn -0.8297 -0.3635 0.4236
vn -0.7727 -0.3100 0.5539
vn -0.6713 -0.2137 0.7097
vn -0.6634 -0.0060 0.7482
vn -0.7213 -0.2207 0.6565
vn -0.6940 -0.1104 0.7115
vn -0.8688 0.4099 0.2776
vn -0.9595 0.2529 0.1244
vn -0.6697 0.5858 0.4565
vn -0.8446 0.0127 0.5352
vn -0.9150 -0.1206 0.3850
vn -0.8950 -0.3760 0.2401
vn -0.6845 0.1477 0.7139
vn -0.4817 0.6649 0.5708
vn -0.4925 0.6179 0.6129
vn -0.4665 0.2493 0.8487
vn -0.6682 0.2085 0.7142
vn -0.7697 0.0331 0.6376
vn -0.6424 -0.1517 0.7512
vn -0.4956 0.0298 0.8680
vn -0.7069 -0.3230 0.6292
vn -0.8246 -0.1436 0.5472
vn -0.5850 0.5595 0.5872
vn -0.6315 0.5787 0.5160
vn -0.4346 0.3737 0.8194
vn -0.3706 0.2919 0.8817
vn -0.6690 0.6099 0.4248
vn -0.7438 0.4160 0.5232
vn -0.3483 0.1211 0.9295
vn -0.2695 0.1988 0.9423
vn -0.4524 0.4102 0.7919
vn -0.5481 0.3207 0.7725
vn -0.5944 0.3831 0.7071
vn -0.5164 0.2656 0.8141
vn -0.8364 0.2361 0.4947
vn -0.7818 0.4307 0.4509
vn -0.2688 0.3005 0.9151
vn -0.3751 0.4172 0.8278
vn -0.4317 0.5763 0.6939
vn -0.3993 0.4951 0.7717
vn -0.6444 0.6282 0.4361
vn -0.5077 0.5830 0.6343
vn -0.5445 0.7180 0.4336
vn -0.4549 0.6742 0.5818
vn -0.9008 0.4038 0.1595
vn -0.9436 0.3247 0.0651
vn -0.9568 -0.0127 0.2904
vn -0.9079 0.0993 0.4072
vn -0.9786 -0.0265 0.2040
vn -0.9574 0.2875 0.0265
vn -0.8859 -0.3026 0.3515
vn -0.8548 -0.2683 0.4442
vn -0.7768 0.5494 0.3078
vn -0.8334 0.4917 0.2524
vn -0.8388 0.2466 0.4853
vn -0.7523 0.3788 0.5390
vn -0.6681 0.6748 0.3136
vn -0.7109 0.6124 0.3458
vn -0.6721 0.4754 0.5677
vn -0.6060 0.5503 0.5744
vn -0.6454 0.7220 0.2492
vn -0.5459 0.6308 0.5515
vn -0.5326 0.6944 0.4839
vn -0.6775 0.7043 0.2122
vn -0.6993 0.6927 -0.1768
vn -0.7411 0.6508 -0.1651
vn -0.6642 0.7292 -0.1646
vn -0.3729 0.8655 -0.3344
vn -0.3827 0.8713 -0.3074
vn -0.4123 0.8633 -0.2910
vn -0.6494 0.7486 -0.1335
vn -0.6694 0.7335 -0.1178
vn -0.4313 0.8028 -0.4118
vn -0.3983 0.8430 -0.3616
vn -0.6484 0.7526 -0.1150
vn -0.6415 0.7490 -0.1656
vn -0.5186 0.6898 -0.5052
vn -0.4755 0.7555 -0.4507
vn -0.6827 0.6944 -0.2274
vn -0.6042 0.5725 -0.5542
vn -0.8125 0.5287 -0.2454
vn -0.7446 0.3315 -0.5794
vn -0.9279 0.3134 -0.2020
vn -0.8064 0.0222 -0.5909
vn -0.7493 0.6170 0.2407
vn -0.8330 0.4848 0.2665
vn -0.9833 0.0077 -0.1819
vn -0.7528 -0.3338 -0.5673
vn -0.9110 -0.3880 -0.1396
vn -0.6212 -0.6817 -0.3865
vn -0.9462 0.2339 0.2235
vn -0.9677 -0.0696 0.2423
vn -0.7481 -0.6600 0.0686
vn -0.4766 -0.8766 -0.0666
vn -0.3791 -0.8993 0.2179
vn -0.6193 -0.7369 0.2710
vn -0.9370 -0.1890 0.2938
vn -0.9459 -0.1968 0.2579
vn -0.5740 -0.7235 0.3834
vn -0.3164 -0.8685 0.3816
vn -0.5252 -0.7238 0.4475
vn -0.2840 -0.8226 0.4927
vn -0.9305 -0.2769 0.2399
vn -0.8770 -0.3667 0.3106
vn -0.5065 -0.6773 0.5336
vn -0.2982 -0.7297 0.6153
vn -0.5735 -0.5039 0.6459
vn -0.7568 -0.0249 0.6532
vn -0.6049 0.0204 0.7960
vn -0.4047 -0.4675 0.7859
vn -0.8208 -0.4022 0.4057
vn -0.8881 -0.1343 0.4395
vn -0.7996 0.4061 0.4424
vn -0.6865 0.7061 0.1736
vn -0.9191 0.3051 0.2493
vn -0.7958 0.6022 0.0633
vn -0.5578 0.7791 0.2862
vn -0.6586 0.4796 0.5798
vn -0.6757 0.7169 -0.1719
vn -0.5227 0.8445 -0.1166
vn -0.6995 0.6495 -0.2981
vn -0.4598 0.8448 -0.2737
vn -0.3946 0.9185 -0.0242
vn -0.2673 0.9373 -0.2236
vn -0.5338 0.8009 -0.2712
vn -0.2550 0.9225 -0.2899
vn -0.8250 0.5233 -0.2133
vn -0.9070 0.4143 -0.0758
vn -0.6578 0.7209 -0.2182
vn -0.3490 0.8839 -0.3115
vn -0.4144 0.8573 -0.3056
vn -0.7361 0.6500 -0.1889
vn -0.9508 0.3092 -0.0195
vn -0.4745 -0.6836 -0.5546
vn -0.4493 -0.5751 -0.6837
vn -0.4654 -0.1860 -0.8653
vn -0.5747 -0.3144 -0.7556
vn -0.3773 -0.9156 -0.1389
vn -0.4065 -0.8916 -0.1994
vn -0.3142 -0.9291 0.1950
vn -0.2777 -0.8875 0.3678
vn -0.2625 -0.8927 0.3663
vn -0.3064 -0.9359 0.1736
vn -0.2637 -0.8273 0.4960
vn -0.2581 -0.8290 0.4961
vn -0.2638 -0.7145 0.6480
vn -0.2855 -0.6738 0.6816
vn -0.3644 -0.4233 0.8295
vn -0.4761 0.0815 0.8756
vn -0.4309 0.1470 0.8903
vn -0.3967 -0.3440 0.8511
vn -0.5019 0.5203 0.6909
vn -0.4330 0.8131 0.3891
vn -0.3166 0.8545 0.4119
vn -0.3914 0.5746 0.7188
vn -0.2897 0.9557 0.0513
vn -0.1645 0.9690 -0.1845
vn -0.1048 0.9782 -0.1791
vn -0.1979 0.9781 0.0652
vn -0.0545 0.9350 -0.3504
vn -0.0521 0.9370 -0.3454
vn -0.1650 0.9246 -0.3433
vn -0.1535 0.9271 -0.3421
vn -0.0530 0.9348 -0.3512
vn -0.1485 0.9257 -0.3479
vn -0.1243 0.9438 -0.3064
vn -0.0598 0.9458 -0.3191
vn -0.4554 -0.8822 0.1199
vn -0.6210 -0.7325 -0.2789
vn -0.3316 -0.8735 0.3564
vn -0.7463 -0.6639 0.0489
vn -0.6655 -0.6746 0.3193
vn -0.8586 -0.3959 -0.3257
vn -0.3238 -0.7942 0.5143
vn -0.6333 -0.5728 0.5204
vn -0.4129 -0.5382 0.7347
vn -0.6842 -0.2400 0.6887
vn -0.4903 -0.1645 0.8559
vn -0.4687 0.2869 0.8355
vn -0.5772 0.4677 0.6694
vn -0.6521 0.0678 0.7551
vn -0.2654 0.9523 0.1509
vn -0.4211 0.7756 0.4702
vn -0.3696 0.6760 0.6375
vn -0.2563 0.9126 0.3185
vn -0.1321 0.9912 -0.0028
vn -0.0621 0.9737 -0.2190
vn -0.0729 0.9609 -0.2672
vn -0.1358 0.9852 -0.1049
vn -0.0304 0.9434 -0.3302
vn -0.0446 0.9405 -0.3368
vn -0.0218 0.9373 -0.3477
vn -0.0431 0.9385 -0.3426
vn -0.1830 0.8967 -0.4031
vn -0.2377 0.8618 -0.4481
vn -0.2922 0.8246 -0.4845
vn -0.2290 0.8193 -0.5256
vn -0.1740 0.8585 -0.4823
vn -0.1198 0.8973 -0.4249
vn -0.1250 0.9376 -0.3244
vn -0.1949 0.9239 -0.3292
vn -0.7008 0.7033 -0.1192
vn -0.2062 0.9335 -0.2933
vn -0.8055 0.3451 0.4817
vn -0.7158 0.6254 0.3106
vn -0.9048 0.2133 0.3686
vn -0.3552 0.7541 -0.5524
vn -0.2851 0.7749 -0.5642
vn -0.4245 0.6682 -0.6110
vn -0.3332 0.6941 -0.6381
vn -0.9560 0.2149 -0.1999
vn -0.9812 -0.1891 0.0392
vn -0.9871 -0.0597 0.1483
vn -0.9155 -0.1662 0.3664
vn -0.5356 0.8063 0.2512
vn -0.3828 0.9231 -0.0371
vn -0.2202 0.9617 -0.1633
vn -0.0229 0.9363 -0.3504
vn -0.0369 0.9353 -0.3518
vn -0.0342 0.9312 -0.3628
vn -0.0478 0.9253 -0.3762
vn -0.1221 0.9324 -0.3401
vn -0.1551 0.9299 -0.3334
vn -0.7328 0.0826 -0.6755
vn -0.7758 0.4751 -0.4153
vn -0.4324 0.7661 -0.4756
vn -0.3573 0.5925 -0.7220
vn -0.1555 0.9211 -0.3569
vn -0.0751 0.9245 -0.3736
vn -0.1997 0.8198 -0.5366
vn -0.1212 0.8830 -0.4534
vn -0.2348 0.7666 -0.5977
vn -0.1541 0.8325 -0.5322
vn -0.0810 0.8881 -0.4525
vn -0.0718 0.9115 -0.4050
vn -0.5253 0.5240 -0.6704
vn -0.3892 0.5362 -0.7490
vn -0.5894 0.2979 -0.7509
vn -0.4119 0.4270 -0.8050
vn -0.4611 0.1201 -0.8792
vn -0.6148 -0.0353 -0.7879
vn -0.2513 0.6737 -0.6949
vn -0.1753 0.7776 -0.6038
vn -0.2728 0.5415 -0.7952
vn -0.3252 0.2933 -0.8990
vn -0.4301 0.1262 -0.8939
vn -0.5863 -0.3405 -0.7351
vn -0.1285 0.8697 -0.4766
vn -0.7173 -0.4671 0.5170
vn -0.6917 -0.5836 0.4253
vn -0.9902 0.0393 0.1337
vn -0.9865 0.1551 0.0530
vn -0.9129 -0.2726 0.3039
vn -0.9517 -0.2396 0.1920
vn -0.9613 0.2386 -0.1375
vn -0.9823 -0.1791 -0.0550
vn -0.8773 0.3823 -0.2902
vn -0.9597 0.0069 -0.2809
vn -0.8305 0.5060 -0.2328
vn -0.9209 0.2130 -0.3266
vn -0.8915 0.4491 -0.0594
vn -0.9264 0.2502 -0.2813
vn -0.9731 0.2019 0.1112
vn -0.9892 0.0706 -0.1286
vn -0.9648 -0.1451 0.2191
vn -0.9963 -0.0777 0.0375
vn -0.9256 0.0070 -0.3785
vn -0.9382 -0.1899 -0.2894
vn -0.8867 0.2187 -0.4074
vn -0.9906 0.0800 0.1111
vn -0.9754 -0.1262 0.1806
vn -0.9933 0.0449 0.1065
vn -0.9461 0.3211 0.0416
vn -0.9813 0.1883 0.0398
vn -0.8746 0.4811 -0.0605
vn -0.9540 0.2777 0.1133
vn -0.8032 0.5954 0.0173
vn -0.9138 0.3156 0.2557
vn -0.7172 0.6567 0.2333
vn -0.8373 0.4134 0.3579
vn -0.5502 0.7228 0.4182
vn -0.5665 0.6895 0.4513
vn -0.4583 0.6661 0.5884
vn -0.4124 0.7273 0.5486
vn -0.6161 0.6372 0.4630
vn -0.3818 0.6010 0.7022
vn -0.3557 0.7058 0.6126
vn -0.7139 0.5574 0.4238
vn -0.4584 0.7464 0.4824
vn -0.3534 0.8344 0.4229
vn -0.3137 0.8115 0.4930
vn -0.1341 0.9193 0.3700
vn -0.1217 0.8984 0.4219
vn -0.1301 0.8786 0.4596
vn -0.2544 0.8191 0.5142
vn -0.2343 0.8301 0.5059
vn -0.1445 0.8744 0.4631
vn -0.0811 0.9249 0.3715
vn -0.0444 0.9003 0.4329
vn -0.2023 0.8719 0.4459
vn -0.0887 0.8855 0.4561
vn -0.0725 0.9009 0.4279
vn -0.1209 0.9010 0.4166
vn -0.0977 0.9104 0.4020
vn -0.1131 0.9273 0.3567
vn -0.2298 0.8619 0.4520
vn -0.2321 0.8937 0.3840
vn -0.4229 0.8832 0.2027
vn -0.3543 0.8591 0.3693
vn -0.7637 0.6242 0.1647
vn -0.6304 0.7759 -0.0228
vn -0.7900 0.6113 -0.0479
vn -0.8829 0.4553 0.1144
vn -0.9061 0.4203 0.0481
vn -0.8943 0.4455 0.0426
vn -0.9274 0.3738 0.0181
vn -0.9445 0.2973 -0.1396
vn -0.8112 0.5634 -0.1565
vn -0.9496 0.0805 -0.3030
vn -0.8588 0.5114 -0.0321
vn -0.7368 0.6297 -0.2461
vn -0.6618 0.6959 -0.2788
vn -0.7623 0.6342 -0.1293
vn -0.9000 0.4070 0.1563
vn -0.7835 0.6213 -0.0108
vn -0.8380 0.4343 0.3305
vn -0.8002 0.5509 0.2369
vn -0.6392 0.7555 -0.1438
vn -0.6328 0.7423 -0.2205
vn -0.2948 0.7077 0.6420
vn -0.3391 0.2866 0.8960
vn -0.6545 0.2358 0.7183
vn -0.5732 0.4993 0.6498
vn -0.6357 0.7624 -0.1206
vn -0.7600 0.5683 0.3154
vn -0.7096 0.5518 0.4381
vn -0.6826 0.7221 -0.1127
vn -0.7218 0.6689 -0.1778
vn -0.7464 0.6595 -0.0885
vn -0.6020 0.6293 0.4915
vn -0.6627 0.7011 -0.2632
vn -0.2855 0.0240 0.9581
vn -0.1245 0.2094 0.9699
vn 0.2796 -0.1843 0.9423
vn 0.0592 -0.0140 0.9981
vn -0.5161 0.0994 0.8507
vn -0.2202 0.0648 0.9733
vn 0.4308 -0.2342 0.8715
vn 0.2935 0.0963 0.9511
vn 0.5377 -0.2051 0.8178
vn 0.6487 -0.1926 0.7363
vn -0.0376 0.7383 0.6734
vn -0.1750 0.5753 0.7990
vn -0.5707 0.6941 0.4388
vn -0.4708 0.8518 0.2297
vn 0.3461 0.3569 0.8677
vn -0.1108 0.6459 0.7553
vn -0.0060 0.7767 0.6299
vn 0.4407 0.4882 0.7533
vn -0.4193 0.8414 0.3409
vn -0.7694 0.5707 0.2869
vn -0.6584 0.6176 0.4303
vn -0.0824 0.8046 0.5881
vn -0.6716 0.7155 0.1923
vn -0.7804 0.5457 0.3053
vn -0.0635 0.5721 0.8177
vn -0.0310 0.3000 0.9534
vn -0.6540 0.5224 0.5472
vn -0.5518 0.3028 0.7770
vn -0.1439 0.4548 0.8789
vn -0.4447 0.2426 0.8622
vn -0.8119 0.5185 0.2683
vn -0.8079 0.5080 0.2987
vn -0.8018 0.5291 0.2778
vn -0.7969 0.5036 0.3337
vn -0.8167 0.2209 0.5331
vn -0.7676 0.1055 0.6322
vn -0.6509 0.1043 0.7519
vn -0.7231 0.2224 0.6540
vn -0.7950 0.5177 0.3161
vn -0.7168 0.6723 0.1849
vn -0.7446 0.6427 0.1805
vn -0.8062 0.5018 0.3134
vn -0.8011 0.5289 0.2803
vn -0.8090 0.4973 0.3135
vn -0.7989 0.4946 0.3423
vn -0.7980 0.5311 0.2850
vn -0.8026 0.5075 0.3135
vn -0.8071 0.5047 0.3064
vn -0.7726 0.5157 0.3703
vn -0.8021 0.5023 0.3230
vn -0.7403 0.6455 0.1877
vn -0.6962 0.6837 0.2185
vn -0.8569 0.2797 0.4330
vn -0.7261 0.4838 0.4886
vn -0.8379 0.2239 0.4977
vn -0.8668 0.2414 0.4363
vn -0.6149 0.7507 0.2417
vn -0.7060 0.5671 0.4241
vn -0.1903 0.8293 0.5253
vn -0.2909 0.6163 0.7318
vn -0.2431 0.8083 0.5362
vn -0.5142 0.6024 0.6105
vn -0.7891 0.4965 0.3617
vn -0.8294 0.4329 0.3530
vn -0.8158 0.4930 0.3024
vn -0.8017 0.5205 0.2938
vn -0.7152 0.4384 0.5443
vn -0.4584 0.7151 0.5277
vn -0.7933 0.4132 0.4472
vn -0.7313 0.4599 0.5037
vn -0.3076 0.4838 0.8193
vn -0.5785 0.5945 0.5585
vn -0.7779 0.5030 0.3767
vn -0.7024 0.5337 0.4710
vn -0.8052 0.4992 0.3200
vn -0.9969 -0.0675 -0.0402
vn -0.8379 -0.5332 -0.1169
vn -0.9582 -0.2824 0.0451
vn -0.8533 -0.5200 0.0382
vn -0.5763 -0.8139 -0.0740
vn -0.4033 -0.9136 -0.0523
vn -0.5806 -0.8140 0.0180
vn -0.3985 -0.9164 -0.0388
vn -0.6200 -0.6851 0.3824
vn -0.5648 -0.6938 0.4468
vn -0.6716 -0.6633 0.3301
vn -0.5495 -0.7458 0.3766
vn -0.8164 -0.5736 0.0669
vn -0.5949 -0.7858 0.1691
vn -0.8939 -0.3881 -0.2243
vn -0.6746 -0.7290 -0.1161
vn -0.8786 -0.0654 -0.4731
vn -0.8958 -0.1645 -0.4129
vn -0.7174 -0.5428 -0.4367
vn -0.8593 0.0541 -0.5087
vn -0.8079 -0.5284 0.2611
vn -0.6886 -0.7056 0.1673
vn -0.5375 -0.7850 0.3080
vn -0.3979 -0.8972 0.1914
vn -0.4111 -0.9080 0.0805
vn -0.2635 -0.9647 -0.0043
vn -0.2087 -0.9757 0.0670
vn -0.1374 -0.9903 -0.0223
vn -0.3533 -0.9162 0.1890
vn -0.1748 -0.9765 0.1261
vn -0.2899 -0.9558 0.0485
vn -0.0541 -0.9938 0.0975
vn -0.0010 -0.9999 -0.0152
vn -0.3387 -0.9094 -0.2413
vn -0.2495 -0.9654 -0.0761
vn -0.1570 -0.9830 -0.0951
vn -0.1708 -0.9778 -0.1210
vn -0.2526 -0.9613 -0.1101
vn -0.2098 -0.9692 -0.1292
vn -0.1479 -0.9843 -0.0960
vn -0.0899 -0.9929 -0.0773
vn -0.1569 -0.9723 -0.1730
vn -0.0706 -0.9725 -0.2219
vn 0.0507 -0.9756 -0.2137
vn 0.0212 -0.9977 -0.0645
vn 0.1156 -0.9906 -0.0733
vn 0.2753 -0.9572 -0.0893
vn 0.2931 -0.9516 -0.0925
vn 0.2499 -0.9618 -0.1117
vn 0.3024 -0.9530 -0.0190
vn 0.3167 -0.9482 -0.0263
vn 0.2969 -0.9513 -0.0835
vn 0.2980 -0.9473 -0.1176
vn 0.2324 -0.9475 -0.2195
vn 0.1868 -0.9571 -0.2215
vn 0.0339 -0.9135 -0.4053
vn -0.2011 -0.8166 -0.5410
vn -0.0625 -0.9095 -0.4109
vn 0.1253 -0.9781 -0.1665
vn -0.1849 -0.8025 -0.5673
vn 0.0024 -0.8988 -0.4384
vn 0.1077 -0.9241 -0.3668
vn -0.0970 -0.8382 -0.5367
vn -0.2915 -0.7507 -0.5929
vn -0.3198 -0.7434 -0.5874
vn -0.0693 -0.9203 -0.3850
vn -0.2263 -0.8162 -0.5316
vn -0.2855 -0.8166 -0.5017
vn -0.1735 -0.9166 -0.3601
vn -0.3339 -0.7487 -0.5727
vn -0.3652 -0.7422 -0.5619
vn -0.4068 -0.7838 -0.4692
vn -0.4060 -0.7224 -0.5598
vn -0.5750 -0.3488 -0.7401
vn -0.7383 -0.3479 -0.5778
vn 0.1288 -0.9734 -0.1896
vn 0.1714 -0.9681 -0.1825
vn 0.1652 -0.9821 -0.0908
vn 0.2131 -0.9737 -0.0801
vn 0.2097 -0.9645 -0.1606
vn 0.2653 -0.9631 -0.0458
vn 0.2352 -0.9719 0.0079
vn 0.2665 -0.9607 0.0776
vn 0.0597 -0.9971 0.0468
vn 0.1307 -0.9907 0.0381
vn -0.0690 -0.9974 -0.0194
vn 0.1562 -0.9877 0.0104
vn 0.2024 -0.9787 0.0356
vn 0.2506 -0.9650 0.0770
vn -0.1199 -0.9851 -0.1232
vn -0.1668 -0.9731 -0.1589
vn -0.0772 -0.9965 -0.0330
vn -0.0300 -0.9988 -0.0391
vn -0.0855 -0.9847 -0.1516
vn -0.0802 -0.9957 0.0460
vn -0.0140 -0.9988 0.0466
vn 0.0457 -0.9989 0.0138
vn 0.0132 -0.9993 -0.0362
vn -0.0235 -0.9943 -0.1040
vn -0.1549 -0.9824 -0.1048
vn 0.2737 0.9604 0.0529
vn -0.0677 0.9904 0.1206
vn -0.0855 0.9962 0.0180
vn 0.2178 0.9736 -0.0682
vn -0.1450 0.9894 -0.0017
vn 0.2260 0.9719 -0.0666
vn -0.1567 0.9861 0.0546
vn -0.1306 0.9859 0.1049
vn 0.2381 0.9712 0.0102
vn 0.2361 0.9715 -0.0210
vn -0.0780 0.9889 0.1268
vn -0.0489 0.9909 0.1253
vn 0.2144 0.9767 0.0055
vn 0.2348 0.9720 0.0071
vn -0.0691 0.9960 0.0569
vn -0.0448 0.9985 -0.0309
vn 0.1785 0.9806 -0.0808
vn 0.1222 0.9772 -0.1735
vn -0.0972 0.9867 0.1302
vn 0.2924 0.9275 0.2330
vn 0.7833 0.6217 0.0022
vn 0.6470 0.7524 0.1235
vn 0.6215 0.7781 -0.0910
vn 0.7981 0.5759 -0.1773
vn 0.6008 0.7863 -0.1440
vn 0.8033 0.5688 -0.1764
vn 0.6358 0.7610 -0.1293
vn 0.7542 0.6277 -0.1930
vn 0.6265 0.7619 -0.1642
vn 0.6972 0.6965 -0.1698
vn 0.6149 0.7814 -0.1066
vn 0.5765 0.8106 -0.1025
vn 0.4521 0.8635 -0.2236
vn 0.5351 0.8281 -0.1673
vn 0.5230 0.8417 -0.1344
vn 0.4598 0.8723 -0.1662
vn 0.2986 0.9235 -0.2409
vn 0.3506 0.9118 -0.2139
vn 0.1525 0.9482 -0.2785
vn 0.0745 0.9548 -0.2878
vn 0.6510 0.7510 -0.1103
vn 0.4762 0.8622 -0.1728
vn 0.0968 0.9903 -0.0998
vn 0.0824 0.9926 -0.0893
vn 0.4694 0.8665 -0.1701
vn 0.4249 0.8881 -0.1752
vn -0.0850 0.9956 -0.0399
vn -0.0867 0.9954 -0.0413
vn 0.0112 0.9938 -0.1109
vn 0.0911 0.9901 -0.1070
vn 0.3614 0.9172 -0.1675
vn 0.2538 0.9511 -0.1760
vn -0.1084 0.9935 -0.0342
vn -0.1658 0.9845 -0.0577
vn 0.1039 0.9768 -0.1875
vn -0.0993 0.9887 -0.1125
vn -0.0562 0.9810 -0.1858
vn -0.1678 0.9816 -0.0907
vn -0.2293 0.9712 -0.0650
vn -0.1984 0.9796 -0.0326
vn -0.0769 0.9970 0.0097
vn -0.0879 0.9947 -0.0531
vn -0.0255 0.9982 -0.0550
vn -0.0079 0.9999 -0.0071
vn -0.0580 0.9888 -0.1372
vn 0.0065 0.9943 -0.1067
vn 0.0059 0.9785 -0.2061
vn 0.0429 0.9885 -0.1448
vn 0.0308 0.9984 -0.0475
vn 0.0475 0.9950 -0.0875
vn 0.0434 0.9767 -0.2101
vn 0.0706 0.9836 -0.1659
vn 0.0576 0.9802 -0.1895
vn 0.0427 0.9690 -0.2433
vn -0.0221 0.9962 -0.0840
vn -0.0859 0.9834 -0.1597
vn 0.0352 0.9886 -0.1467
vn -0.0196 0.9647 -0.2627
vn -0.2105 0.9394 -0.2705
vn -0.3694 0.8793 -0.3007
vn -0.1546 0.8897 -0.4295
vn -0.0549 0.9253 -0.3752
vn -0.1159 0.9103 -0.3975
vn -0.1963 0.8574 -0.4757
vn -0.4645 0.8419 -0.2746
vn -0.6173 0.7275 -0.2995
vn -0.3345 0.7595 -0.5579
vn -0.2091 0.8665 -0.4533
vn -0.8175 0.2885 -0.4985
vn -0.5581 0.3101 -0.7696
vn -0.2586 0.8284 -0.4969
vn -0.3919 0.6847 -0.6144
vn -0.5423 -0.4377 -0.7172
vn -0.4297 -0.6859 -0.5873
vn -0.5756 0.1686 -0.8002
vn -0.6588 0.0033 0.7523
vn -0.1684 0.4669 0.8681
vn -0.2320 -0.0627 0.9707
vn -0.4836 -0.2869 0.8269
vn -0.0455 0.0274 0.9986
vn -0.4845 -0.2664 0.8332
vn -0.7698 -0.2838 0.5717
vn -0.8632 -0.2544 0.4361
vn -0.8289 -0.1706 0.5327
vn -0.8748 -0.1137 0.4710
vn -0.8449 -0.2660 0.4641
vn -0.7955 -0.2533 0.5505
vn -0.8463 -0.1306 0.5164
vn -0.8170 -0.1277 0.5624
vn -0.7644 -0.1968 0.6140
vn -0.7393 -0.1183 0.6629
vn -0.8000 -0.0987 0.5918
vn -0.7489 -0.0792 0.6579
vn 0.2038 0.9240 0.3235
vn 0.6428 0.7392 0.2007
vn 0.8703 0.4905 0.0447
vn 0.5902 0.7523 0.2927
vn 0.8827 0.4515 0.1304
vn 0.9951 0.0986 0.0028
vn 0.9836 0.0417 -0.1753
vn 0.9561 0.2726 -0.1072
vn 0.2156 0.1971 0.9564
vn -0.4341 -0.2722 0.8588
vn 0.5844 0.2902 0.7578
vn -0.2747 -0.4237 0.8631
vn -0.8578 -0.0892 0.5061
vn -0.8900 -0.1601 0.4269
vn -0.8817 -0.0768 0.4655
vn -0.8679 -0.0121 0.4966
vn -0.8435 -0.0426 0.5354
vn -0.8459 -0.0928 0.5252
vn -0.8244 -0.0354 0.5649
vn -0.8227 -0.1231 0.5550
vn -0.7949 -0.0429 0.6053
vn -0.7239 -0.1230 0.6789
vn -0.7592 -0.2231 0.6114
vn -0.6547 -0.3074 0.6906
vn -0.7026 -0.3946 0.5921
vn -0.5980 -0.4869 0.6366
vn -0.6468 -0.5681 0.5087
vn -0.7283 -0.5345 0.4289
vn -0.6235 -0.3169 0.7147
vn -0.5579 -0.3583 0.7486
vn -0.6069 -0.5236 0.5979
vn -0.6226 -0.5966 0.5063
vn -0.6848 -0.4812 0.5472
vn -0.6488 -0.6024 0.4650
vn -0.7740 -0.3708 0.5133
vn -0.7030 -0.5663 0.4302
vn -0.8322 -0.3070 0.4617
vn -0.7742 -0.5042 0.3827
vn -0.8839 -0.2809 0.3741
vn -0.8435 -0.4511 0.2917
vn 0.4212 -0.9070 0.0003
vn 0.7692 -0.6124 -0.1827
vn 0.4061 -0.9138 -0.0014
vn 0.7988 -0.5836 -0.1459
vn 0.9361 -0.3100 -0.1662
vn 0.9435 -0.2475 -0.2203
vn 0.2674 -0.9553 0.1261
vn 0.9844 -0.0983 -0.1457
vn 0.9841 -0.0720 0.1621
vn 0.8769 -0.4797 0.0304
vn 0.1678 -0.8612 0.4797
vn 0.8645 0.1543 0.4784
vn -0.0950 -0.6066 0.7893
vn -0.8878 -0.2905 0.3569
vn -0.8200 -0.4761 0.3177
vn 0.7348 -0.6702 0.1039
vn 0.5244 -0.8032 0.2827
vn 0.6610 -0.7502 0.0170
vn 0.6424 -0.7388 0.2037
vn 0.6586 -0.7314 0.1769
vn 0.4948 -0.0458 0.8678
vn 0.3040 0.6018 0.7385
vn 0.6742 0.5025 0.5412
vn 0.8959 -0.0964 0.4336
vn 0.5718 -0.6487 0.5022
vn 0.7904 -0.5601 0.2481
vn 0.9690 0.1744 0.1751
vn 0.9926 -0.1156 -0.0372
vn 0.9390 -0.2160 -0.2677
vn 0.8722 -0.3261 -0.3647
vn 0.6706 -0.5185 -0.5306
vn 0.6382 -0.5240 -0.5640
vn 0.1511 -0.8008 -0.5796
vn 0.2135 -0.7696 -0.6017
vn -0.2616 -0.8629 -0.4324
vn -0.1815 -0.8484 -0.4972
vn -0.1570 -0.8895 -0.4292
vn -0.1550 -0.9167 -0.3683
vn 0.0524 -0.8613 -0.5055
vn -0.0132 -0.9062 -0.4227
vn -0.0181 -0.9455 -0.3251
vn -0.0148 -0.9352 -0.3538
vn -0.1568 -0.9399 -0.3035
vn -0.2118 -0.9412 -0.2632
vn -0.2867 -0.9332 -0.2166
vn -0.3654 -0.9219 -0.1290
vn -0.0402 -0.9806 -0.1919
vn -0.0297 -0.9601 -0.2780
vn -0.4078 -0.9128 -0.0215
vn -0.0650 -0.9937 -0.0912
vn -0.3891 -0.9147 0.1094
vn -0.0945 -0.9955 -0.0019
vn -0.3378 -0.9221 0.1887
vn -0.1000 -0.9946 0.0273
vn -0.2597 -0.9512 0.1668
vn -0.0872 -0.9960 -0.0203
vn -0.1345 -0.9891 0.0592
vn -0.0582 -0.9882 -0.1418
vn 0.0740 -0.9962 -0.0462
vn 0.0771 -0.9640 -0.2545
vn -0.5436 -0.7820 0.3050
vn -0.3935 -0.8650 0.3113
vn 0.1658 -0.9485 0.2700
vn 0.2533 -0.9356 0.2459
vn -0.8186 -0.5473 0.1742
vn -0.8102 -0.5452 0.2151
vn -0.7727 -0.6070 0.1858
vn -0.8215 -0.5418 0.1776
vn -0.6875 -0.6517 0.3203
vn -0.6821 -0.6271 0.3761
vn -0.7317 -0.6005 0.3225
vn -0.7371 -0.6230 0.2620
vn -0.5993 -0.6895 0.4068
vn -0.6256 -0.6472 0.4356
vn -0.6567 -0.6337 0.4089
vn -0.6524 -0.6660 0.3616
vn -0.6289 -0.6545 0.4196
vn -0.6721 -0.6599 0.3358
vn -0.5730 -0.7110 0.4075
vn -0.5844 -0.7322 0.3499
vn 0.8562 -0.5107 0.0781
vn 0.3512 -0.8855 0.3043
vn -0.0442 -0.8991 0.4356
vn 0.6428 -0.7258 0.2450
vn 0.8958 -0.4129 -0.1644
vn 0.5362 -0.8251 0.1783
vn 0.8045 -0.4797 -0.3502
vn 0.5494 -0.8355 0.0125
vn 0.6458 -0.5913 -0.4830
vn 0.4149 -0.8954 -0.1619
vn 0.4748 -0.6863 -0.5509
vn 0.2756 -0.9153 -0.2938
vn 0.3566 -0.7665 -0.5342
vn 0.2141 -0.9134 -0.3463
vn 0.2736 -0.8227 -0.4983
vn 0.1758 -0.9070 -0.3827
vn 0.2328 -0.8558 -0.4619
vn 0.1850 -0.9167 -0.3542
vn 0.1928 -0.8889 -0.4156
vn 0.1919 -0.9466 -0.2590
vn 0.1143 -0.9932 -0.0203
vn 0.1626 -0.9781 -0.1296
vn 0.1678 -0.9304 -0.3259
vn 0.1552 -0.9666 -0.2038
vn 0.0536 -0.9956 0.0762
vn 0.0619 -0.9964 0.0587
vn 0.1497 -0.9856 -0.0786
vn 0.1205 -0.9927 -0.0023
vn -0.0053 -0.9995 -0.0315
vn 0.0377 -0.9988 0.0322
vn 0.0554 -0.9984 -0.0096
vn 0.0116 -0.9984 -0.0555
vn -0.1350 -0.9622 -0.2364
vn -0.0449 -0.9926 -0.1131
vn -0.0803 -0.9838 -0.1606
vn -0.1517 -0.9405 -0.3041
vn -0.1760 -0.9393 -0.2944
vn -0.0746 -0.9895 -0.1241
vn -0.0327 -0.9993 -0.0176
vn -0.2715 -0.9267 0.2599
vn -0.1596 -0.9681 0.1930
vn -0.1909 -0.9614 0.1983
vn -0.1843 -0.9695 0.1613
vn -0.1279 -0.9864 0.1034
vn -0.0304 -0.9978 0.0585
vn -0.2562 -0.9596 0.1164
vn -0.1758 -0.9842 0.0192
vn -0.1494 -0.9796 0.1346
vn -0.2421 -0.9452 0.2190
vn -0.0823 -0.9858 0.1465
vn -0.0769 -0.9943 0.0738
vn -0.2846 -0.9548 -0.0857
vn -0.2282 -0.9625 -0.1468
vn -0.2218 -0.9688 -0.1108
vn -0.2910 -0.9565 -0.0184
vn -0.1669 -0.9717 -0.1670
vn -0.1229 -0.9895 -0.0756
vn -0.2469 -0.9688 0.0235
vn -0.1721 -0.9836 0.0536
vn -0.2053 -0.9760 -0.0728
vn -0.2668 -0.9622 -0.0551
vn -0.2045 -0.9655 -0.1611
vn -0.2184 -0.9721 -0.0859
vn -0.0921 -0.9606 0.2622
vn -0.2193 -0.9589 0.1802
vn -0.2508 -0.8905 0.3796
vn -0.0328 -0.8693 0.4932
vn -0.2332 -0.9722 0.0220
vn -0.2946 -0.9462 0.1339
vn -0.5063 -0.6401 0.5778
vn -0.3180 -0.7087 0.6298
vn -0.1239 -0.7872 0.6041
vn -0.3880 -0.7701 0.5063
vn -0.4456 -0.8519 0.2751
vn -0.3789 -0.9060 0.1887
vn -0.7360 -0.5129 0.4418
vn -0.7578 -0.5218 0.3917
vn -0.5485 -0.6096 0.5724
vn -0.6294 -0.5480 0.5509
vn -0.5207 -0.7828 0.3408
vn -0.5347 -0.7856 0.3112
vn -0.8378 -0.4848 0.2510
vn -0.7347 -0.6159 0.2843
vn -0.6498 -0.7359 0.1902
vn -0.7908 -0.5815 0.1911
vn -0.4595 -0.8757 0.1485
vn -0.3902 -0.9192 0.0525
vn -0.6990 -0.6825 0.2135
vn -0.5856 -0.7980 0.1421
vn -0.5671 -0.8131 0.1316
vn -0.6490 -0.7211 0.2425
vn -0.3999 -0.9164 -0.0193
vn -0.4293 -0.9020 -0.0458
vn -0.6183 -0.7378 0.2709
vn -0.5587 -0.8155 0.1512
vn -0.5442 -0.8188 0.1829
vn -0.5840 -0.7487 0.3138
vn -0.4407 -0.8970 -0.0329
vn -0.4294 -0.9031 -0.0075
vn -0.5567 -0.7482 0.3609
vn -0.5372 -0.8168 0.2104
vn -0.5664 -0.7911 0.2310
vn -0.5587 -0.7390 0.3765
vn -0.4207 -0.9072 -0.0036
vn -0.4673 -0.8821 -0.0600
vn -0.6224 -0.1650 0.7651
vn -0.6305 -0.0682 0.7732
vn -0.6165 -0.1608 0.7707
vn -0.5481 0.0403 0.8354
vn -0.6144 -0.1271 0.7787
vn -0.5257 0.0691 0.8479
vn -0.6523 -0.2568 0.7131
vn -0.5493 -0.1337 0.8248
vn 0.0000 0.7206 0.6934
vn -0.3122 0.4420 0.8410
vn -0.4364 0.3930 0.8094
vn -0.1449 0.6857 0.7133
vn -0.1084 0.5774 0.8092
vn 0.0368 0.5700 0.8208
vn 0.2366 0.5926 0.7700
vn 0.1251 0.6635 0.7377
vn 0.2835 0.5550 0.7820
vn 0.0383 0.5025 0.8637
vn -0.3766 0.2179 0.9004
vn -0.4118 0.2030 0.8884
vn -0.2647 0.3289 0.9065
vn -0.1871 0.4275 0.8845
vn -0.4452 0.0381 0.8946
vn -0.3452 0.1842 0.9203
vn -0.1452 0.4467 0.8828
vn -0.0747 0.5745 0.8151
vn -0.2538 0.2994 0.9197
vn -0.2142 0.4017 0.8904
vn -0.1115 0.5332 0.8386
vn -0.0893 0.6206 0.7791
vn -0.1764 0.5635 0.8071
vn -0.1996 0.5913 0.7814
vn -0.2092 0.4794 0.8523
vn -0.2230 0.5160 0.8271
vn -0.2870 0.5281 0.7992
vn -0.3426 0.5137 0.7866
vn -0.3546 0.4689 0.8090
vn -0.4153 0.4577 0.7861
vn -0.2394 0.5041 0.8298
vn -0.2289 0.4645 0.8555
vn -0.3088 0.4614 0.8317
vn -0.3770 0.4736 0.7960
vn -0.1560 0.5180 0.8410
vn -0.2620 0.5254 0.8095
vn -0.1490 0.4549 0.8780
vn -0.0707 0.6434 0.7623
vn -0.2913 0.5282 0.7976
vn -0.1865 0.5904 0.7853
vn -0.3967 0.4180 0.8172
vn -0.3136 0.6086 0.7288
vn -0.2139 0.6006 0.7704
vn -0.0893 0.7016 0.7069
vn -0.1724 0.6882 0.7048
vn 0.1208 0.5980 0.7923
vn 0.0650 0.5229 0.8499
vn 0.0911 0.5824 0.8078
vn -0.0648 0.7094 0.7019
vn -0.0969 0.7155 0.6919
vn -0.1788 0.6179 0.7657
vn -0.4510 0.3619 0.8158
vn -0.5187 0.2458 0.8188
vn -0.5531 0.2581 0.7921
vn -0.5285 0.3061 0.7918
vn -0.4267 0.2841 0.8586
vn -0.5017 0.3974 0.7684
vn -0.4883 0.3629 0.7936
vn -0.3881 0.4853 0.7835
vn -0.4451 0.4661 0.7646
vn -0.2523 0.3954 0.8832
vn -0.4091 0.4341 0.8026
vn -0.4447 0.4900 0.7498
vn -0.0931 0.6767 0.7304
vn -0.2031 0.6348 0.7455
vn -0.3494 0.5532 0.7562
vn -0.4381 0.4858 0.7564
vn -0.5325 0.1969 0.8232
vn -0.6596 0.0369 0.7507
vn -0.6386 -0.0381 0.7686
vn -0.4993 0.0877 0.8620
vn 0.4928 0.4171 0.7637
vn 0.4152 0.2474 0.8754
vn 0.5247 0.5241 0.6708
vn 0.7802 0.2400 0.5777
vn 0.7611 0.5084 0.4027
vn 0.6459 -0.1313 0.7520
vn -0.6586 -0.4721 0.5860
vn -0.6510 0.1059 0.7517
vn -0.4730 -0.1311 0.8712
vn -0.4045 -0.6235 0.6691
vn -0.4801 0.5456 0.6869
vn -0.3594 0.3202 0.8765
vn -0.4508 -0.8291 0.3306
vn -0.1479 -0.9839 0.1000
vn -0.3160 -0.8834 0.3461
vn -0.0835 -0.9833 0.1617
vn -0.0517 -0.9949 0.0862
vn -0.0186 -0.9879 0.1542
vn 0.0887 -0.9733 0.2119
vn -0.0782 -0.9181 0.3886
vn 0.0254 -0.9723 0.2322
vn 0.1179 -0.9541 0.2753
vn 0.2132 -0.9462 0.2436
vn 0.0811 -0.9145 0.3964
vn -0.1420 -0.9333 0.3299
vn -0.1431 -0.8579 0.4934
vn 0.0108 -0.9084 0.4179
vn -0.0368 -0.9279 0.3710
vn 0.0998 -0.8405 0.5326
vn 0.2202 -0.8816 0.4176
vn -0.0224 -0.6530 0.7570
vn 0.1322 -0.5900 0.7965
vn 0.2539 -0.7774 0.5755
vn 0.4057 -0.7848 0.4686
vn 0.6269 -0.5587 0.5430
vn 0.4714 -0.6055 0.6412
vn 0.7439 -0.2505 0.6196
vn 0.8416 -0.1034 0.5301
vn 0.3379 -0.4499 0.8267
vn 0.7591 0.5913 0.2722
vn 0.8607 0.2406 0.4487
vn 0.8590 0.3737 0.3500
vn 0.7758 0.6167 0.1334
vn 0.6939 0.4853 -0.5320
vn 0.7369 0.6720 -0.0730
vn 0.6792 0.3738 -0.6317
vn 0.8515 0.1841 -0.4910
vn 0.8372 0.4337 -0.3332
vn 0.9468 0.3206 -0.0276
vn 0.9465 0.0265 -0.3217
vn 0.9923 -0.0703 -0.1023
vn 0.9638 0.0488 0.2620
vn -0.5644 0.3073 0.7662
vn -0.5891 0.1655 0.7909
vn -0.6382 0.1386 0.7573
vn -0.5683 0.2820 0.7730
vn -0.3585 0.3047 0.8824
vn -0.3945 0.3960 0.8292
vn -0.1660 0.5549 0.8152
vn -0.1937 0.6345 0.7482
vn -0.0691 0.6690 0.7400
vn -0.0840 0.7144 0.6946
vn -0.4509 0.4834 0.7504
vn -0.5044 0.4072 0.7614
vn -0.4777 0.4143 0.7747
vn -0.3565 0.5516 0.7541
vn -0.0904 0.7041 0.7043
vn -0.1898 0.6758 0.7122
vn -0.0254 0.5462 0.8373
vn -0.1919 0.5279 0.8274
vn -0.1325 -0.1051 0.9856
vn -0.0555 0.0316 0.9980
vn -0.2023 0.3565 0.9121
vn 0.1696 0.0652 0.9834
vn -0.4018 0.5350 0.7432
vn -0.2709 0.4116 0.8702
vn -0.3375 0.3112 0.8884
vn -0.2327 0.3095 0.9220
vn -0.2669 0.0959 0.9589
vn -0.2203 0.1533 0.9633
vn -0.2159 -0.1047 0.9708
vn -0.3095 0.1112 0.9444
vn -0.3870 -0.0503 0.9207
vn -0.4930 0.2376 0.8370
vn -0.2420 0.3045 0.9212
vn -0.2352 0.2258 0.9454
vn -0.3609 0.2992 0.8833
vn -0.3496 0.3873 0.8531
vn -0.4775 0.3874 0.7886
vn -0.4346 0.4770 0.7639
vn -0.3237 0.5872 0.7419
vn -0.2924 0.5047 0.8123
vn -0.2411 0.3876 0.8897
vn -0.7728 0.0774 0.6299
vn -0.7668 0.4287 0.4778
vn -0.7815 0.0694 0.6200
vn -0.7877 0.3681 0.4940
vn -0.6325 0.7575 0.1618
vn -0.3570 0.9045 -0.2334
vn -0.7179 0.6701 0.1886
vn -0.4949 0.8384 -0.2285
vn 0.1638 0.6835 -0.7113
vn 0.2197 0.7372 -0.6390
vn 0.0759 0.8213 -0.5654
vn -0.0919 0.8045 -0.5868
vn 0.5061 0.5730 -0.6446
vn 0.5051 0.6080 -0.6126
vn 0.2191 0.7528 -0.6207
vn 0.2196 0.6836 -0.6960
vn 0.9527 -0.3000 -0.0480
vn 0.8553 -0.5163 0.0423
vn 0.6745 -0.6749 0.2993
vn 0.8530 -0.3691 0.3690
vn 0.2672 -0.8897 0.3701
vn 0.1195 -0.9181 0.3778
vn 0.4042 -0.8644 0.2989
vn 0.6226 -0.7539 0.2097
vn 0.9496 -0.1376 -0.2817
vn 0.9393 0.0404 -0.3406
vn 0.8005 0.3337 -0.4978
vn 0.8354 0.2548 -0.4871
vn 0.9630 -0.1669 -0.2117
vn 0.9272 -0.3564 -0.1152
vn 0.9700 -0.0292 -0.2413
vn 0.9507 -0.0909 -0.2964
vn 0.8357 0.2541 -0.4869
vn 0.8421 0.2715 -0.4661
vn 0.0105 -0.9140 0.4055
vn 0.1412 -0.9358 0.3229
vn 0.0681 -0.9030 0.4242
vn 0.1720 -0.9250 0.3388
vn 0.7863 -0.6161 0.0450
vn 0.4432 -0.8470 0.2936
vn 0.8809 -0.4667 -0.0787
vn 0.5904 -0.7734 0.2308
vn 0.9208 -0.3815 -0.0816
vn 0.6544 -0.7070 0.2682
vn 0.9502 -0.3115 0.0050
vn 0.6728 -0.6381 0.3743
vn 0.2944 -0.9270 0.2323
vn 0.2969 -0.9191 0.2590
vn 0.1532 -0.8877 0.4341
vn 0.2400 -0.8644 0.4419
vn 0.2216 -0.9002 0.3749
vn 0.2771 -0.8720 0.4036
vn 0.3699 -0.7463 0.5533
vn 0.3100 -0.8210 0.4794
vn 0.3779 -0.8243 0.4216
vn 0.4651 -0.7284 0.5031
vn -0.3294 -0.6417 0.6926
vn -0.4349 -0.4957 0.7517
vn -0.4819 -0.4977 0.7212
vn -0.3224 -0.7016 0.6354
vn -0.6207 -0.2880 0.7293
vn -0.5412 -0.3478 0.7656
vn -0.2231 -0.8164 0.5326
vn -0.1893 -0.7971 0.5735
vn 0.3337 -0.8935 0.3004
vn 0.1169 -0.8813 0.4579
vn 0.3779 -0.8617 0.3386
vn 0.1476 -0.8380 0.5253
vn 0.4279 -0.8002 0.4201
vn 0.1761 -0.7448 0.6436
vn 0.4497 -0.6818 0.5770
vn 0.2161 -0.5927 0.7759
vn -0.7627 0.0432 0.6453
vn -0.8233 0.3151 0.4721
vn -0.6319 -0.1448 0.7614
vn -0.7119 0.0862 0.6969
vn -0.1647 -0.7548 0.6350
vn -0.3508 -0.5561 0.7535
vn -0.1487 -0.6826 0.7155
vn -0.3438 -0.4514 0.8234
vn -0.4126 -0.4117 0.8126
vn -0.4043 -0.2820 0.8701
vn -0.1065 -0.5645 0.8185
vn -0.3040 -0.3445 0.8882
vn -0.0379 -0.4364 0.8990
vn -0.2551 -0.2856 0.9238
vn -0.3845 -0.2167 0.8973
vn -0.6099 0.0136 0.7923
vn -0.3760 -0.2253 0.8988
vn -0.5966 -0.0821 0.7983
vn -0.8225 0.5456 0.1605
vn -0.6374 0.7279 -0.2527
vn -0.8542 0.4449 0.2691
vn -0.6900 0.7014 -0.1786
vn -0.2687 0.7737 -0.5737
vn -0.3347 0.7936 -0.5081
vn 0.0477 0.7297 -0.6821
vn 0.1032 0.6792 -0.7267
vn -0.8413 0.3605 0.4028
vn -0.7190 0.6908 -0.0761
vn -0.8412 0.2978 0.4513
vn -0.7309 0.6825 -0.0012
vn 0.2548 0.6311 -0.7327
vn 0.2888 0.6434 -0.7089
vn 0.5895 0.5230 -0.6156
vn 0.5338 0.5394 -0.6512
vn -0.4042 0.8441 -0.3524
vn -0.3741 0.8239 -0.4258
vn -0.0284 0.8269 -0.5616
vn 0.0051 0.7820 -0.6233
vn 0.8590 0.2892 -0.4225
vn 0.8868 0.2878 -0.3617
vn 0.9958 0.0512 -0.0760
vn 0.9871 0.0282 -0.1574
vn 0.7082 0.5041 -0.4942
vn 0.6472 0.5146 -0.5625
vn 0.3107 0.6720 -0.6722
vn 0.3354 0.7109 -0.6182
vn 0.6845 -0.4321 0.5871
vn 0.6951 -0.5324 0.4832
vn 0.9724 -0.2080 0.1058
vn 0.9590 -0.1681 0.2282
vn 0.3595 -0.5714 0.7377
vn 0.4471 -0.6247 0.6402
vn 0.3800 -0.6575 0.6506
vn 0.3485 -0.5703 0.7438
vn 0.9989 0.0017 0.0477
vn 0.9990 0.0446 -0.0068
vn 0.9136 0.2721 -0.3020
vn 0.9352 0.2537 -0.2470
vn 0.3719 -0.5574 0.7423
vn 0.1915 -0.4702 0.8615
vn 0.2465 -0.5073 0.8258
vn 0.1239 -0.4594 0.8796
vn 0.8973 -0.2078 0.3894
vn 0.7996 -0.3310 0.5011
vn 0.3059 -0.4897 0.8165
vn 0.5408 -0.4231 0.7270
vn 0.2325 -0.5203 0.8217
vn 0.1152 -0.4975 0.8598
vn -0.0096 -0.3805 0.9247
vn -0.2118 -0.3121 0.9261
vn -0.0137 -0.4206 0.9071
vn -0.1569 -0.3897 0.9075
vn -0.3344 -0.3061 0.8913
vn -0.5428 -0.1862 0.8190
vn -0.2488 -0.3952 0.8842
vn -0.4024 -0.3040 0.8635
vn 0.0083 -0.4757 0.8796
vn -0.0397 -0.4700 0.8818
vn -0.1046 -0.4740 0.8743
vn -0.1995 -0.4311 0.8800
vn 0.2308 -0.5159 0.8250
vn 0.1507 -0.5073 0.8485
vn 0.7376 -0.3625 0.5697
vn 0.9914 -0.0133 0.1302
vn 0.9793 -0.0084 0.2022
vn 0.6989 -0.3548 0.6210
vn 0.6545 -0.2901 0.6982
vn 0.0557 -0.4223 0.9047
vn 0.9642 0.0409 0.2619
vn 0.8862 0.2076 0.4142
vn 0.4951 0.0865 0.8645
vn -0.1228 -0.2125 0.9694
vn 0.9535 0.2492 -0.1696
vn 0.7662 0.5010 -0.4025
vn 0.9617 0.2607 -0.0846
vn 0.7921 0.5264 -0.3090
vn 0.3857 0.7421 -0.5482
vn 0.4222 0.7810 -0.4603
vn -0.0235 0.8514 -0.5240
vn 0.0165 0.8741 -0.4855
vn -0.3958 -0.2009 0.8961
vn -0.5591 0.2261 0.7977
vn -0.6688 0.6401 0.3781
vn -0.6399 0.0890 0.7633
vn -0.7918 0.2268 0.5671
vn -0.7262 0.6742 0.1347
vn -0.4178 0.8640 -0.2809
vn -0.3301 0.9191 -0.2153
vn 0.2040 0.9317 -0.3006
vn -0.1544 0.9739 0.1666
vn 0.5212 0.8534 -0.0060
vn 0.7323 0.6462 -0.2149
vn 0.0040 0.7314 0.6820
vn 0.7380 0.6331 0.2334
vn 0.9374 0.3480 -0.0148
vn -0.1436 0.9680 0.2057
vn 0.0189 0.9659 0.2582
vn -0.1324 0.7881 0.6011
vn -0.3433 0.7728 0.5338
vn -0.5288 0.5037 0.6831
vn -0.4747 0.5106 0.7169
vn -0.5050 0.4342 0.7460
vn -0.4825 0.4171 0.7702
vn -0.2517 0.6293 0.7353
vn -0.2473 0.6314 0.7350
vn 0.2374 0.9691 0.0669
vn 0.2549 0.9665 0.0290
vn 0.2011 0.9671 0.1561
vn 0.1206 0.9718 0.2024
vn 0.2063 0.9202 0.3328
vn 0.3289 0.8979 0.2927
vn 0.4084 0.8279 0.3845
vn 0.2914 0.8481 0.4426
vn 0.1814 0.8078 0.5609
vn 0.2196 0.8106 0.5429
vn 0.2309 0.9723 -0.0361
vn 0.1970 0.9757 -0.0958
vn 0.3195 0.9448 -0.0721
vn 0.2507 0.9672 0.0416
vn -0.4425 0.4393 0.7818
vn -0.2382 0.6616 0.7110
vn -0.2093 0.6545 0.7265
vn -0.4007 0.4549 0.7953
vn 0.4205 0.8916 0.1683
vn 0.5348 0.8441 0.0392
vn 0.5095 0.8306 0.2246
vn 0.4524 0.8444 0.2871
vn 0.2280 0.8392 0.4937
vn 0.2563 0.8375 0.4826
vn 0.1733 0.9751 -0.1382
vn 0.4325 0.8836 -0.1794
vn 0.2908 0.9471 -0.1356
vn 0.6522 0.7283 -0.2101
vn -0.4237 0.4532 0.7842
vn -0.2359 0.6277 0.7418
vn -0.3273 0.6095 0.7221
vn -0.4797 0.4481 0.7544
vn 0.6635 0.7420 -0.0962
vn 0.5780 0.7920 0.1968
vn 0.7536 0.6426 -0.1382
vn 0.5606 0.8094 0.1751
vn 0.2530 0.8170 0.5182
vn 0.1409 0.8396 0.5246
vn 0.4773 0.8652 -0.1536
vn 0.7002 0.6370 -0.3224
vn 0.5848 0.7866 -0.1980
vn 0.6173 0.6743 -0.4053
vn 0.6631 0.7103 -0.2363
vn 0.4027 0.9088 0.1096
vn 0.4893 0.8216 -0.2925
vn 0.2258 0.9716 0.0708
vn 0.4219 0.9039 -0.0704
vn 0.6271 0.7740 -0.0881
vn 0.6471 0.7555 0.1020
vn 0.6215 0.7501 0.2259
vn 0.6316 0.7465 -0.2093
vn 0.5048 0.7842 -0.3609
vn 0.3085 0.9260 -0.2176
vn 0.1090 0.9885 0.1050
vn 0.1856 0.9825 -0.0158
vn 0.0813 0.9834 0.1620
vn -0.5084 0.4483 0.7352
vn -0.4020 0.6116 0.6814
vn -0.3825 0.6239 0.6815
vn -0.4536 0.4477 0.7706
vn -0.0382 0.8801 0.4733
vn -0.1455 0.8897 0.4327
vn 0.5168 0.6538 0.5526
vn 0.1984 0.5189 0.8315
vn 0.1551 0.6033 0.7823
vn 0.3372 0.8403 0.4244
vn -0.4050 0.2625 0.8758
vn -0.2834 0.2868 0.9151
vn -0.2949 0.2904 0.9103
vn -0.2123 0.3189 0.9237
vn 0.0897 0.9105 0.4037
vn -0.0332 0.8759 0.4813
vn 0.0105 0.6892 0.7245
vn -0.1177 0.6147 0.7799
vn -0.0707 0.4176 0.9059
vn -0.1025 0.3736 0.9219
vn -0.0843 0.4935 0.8657
vn -0.1812 0.4169 0.8907
vn -0.3053 0.4438 0.8425
vn -0.2814 0.3393 0.8976
vn -0.2668 0.6316 0.7279
vn -0.2536 0.3515 0.9012
vn -0.1425 0.8781 0.4567
vn -0.7285 -0.6472 -0.2245
vn -0.7878 -0.6096 0.0884
vn -0.2704 -0.9599 -0.0742
vn -0.3499 -0.9333 0.0807
vn -0.6151 -0.7473 0.2515
vn -0.1538 -0.9592 0.2373
vn 0.0379 -0.9714 0.2343
vn -0.3616 -0.8810 0.3052
vn 0.0158 -0.9917 0.1278
vn 0.2070 -0.9580 0.1986
vn -0.1295 -0.9274 0.3509
vn -0.1469 -0.9310 0.3341
vn 0.1605 -0.9619 0.2215
vn 0.0286 -0.9917 0.1255
vn -0.4255 -0.8871 0.1789
vn -0.1168 -0.9928 -0.0249
vn 0.1332 -0.9873 -0.0861
vn 0.3188 -0.9462 -0.0558
vn 0.1231 -0.9921 0.0243
vn 0.2849 -0.9551 -0.0815
vn 0.2234 -0.9525 -0.2072
vn -0.1289 -0.9421 -0.3095
vn 0.2529 -0.9553 0.1530
vn -0.6701 -0.3046 -0.6769
vn -0.5239 -0.1394 -0.8403
vn -0.4223 -0.0688 -0.9038
vn -0.6233 -0.2662 -0.7353
vn -0.1217 0.1129 -0.9861
vn -0.2519 0.0306 -0.9673
vn 0.0585 0.1669 -0.9842
vn -0.2473 -0.0907 -0.9647
vn -0.4757 -0.3441 -0.8095
vn -0.6772 -0.2870 -0.6775
vn -0.6283 -0.2960 -0.7195
vn -0.5735 -0.2011 -0.7941
vn -0.6765 -0.3029 -0.6712
vn -0.3913 -0.1251 -0.9117
vn -0.4689 -0.1962 -0.8612
vn 0.0252 -0.1568 -0.9873
vn -0.2572 -0.4733 -0.8425
vn 0.2741 0.1626 -0.9479
vn 0.5005 0.0985 -0.8601
vn 0.3331 -0.1484 -0.9311
vn 0.0763 -0.4648 -0.8821
vn 0.0525 -0.0167 -0.9985
vn -0.2039 0.1522 -0.9671
vn -0.5009 -0.3617 -0.7863
vn -0.3058 -0.4830 -0.8205
vn -0.0891 -0.5939 -0.7996
vn 0.1943 -0.2116 -0.9579
vn 0.2943 -0.3118 -0.9034
vn 0.2158 -0.4738 -0.8538
vn 0.3757 -0.2356 -0.8963
vn 0.5187 -0.0303 -0.8544
vn 0.4795 -0.0266 -0.8771
vn 0.5769 -0.0921 -0.8116
vn 0.5168 0.1306 -0.8461
vn 0.5048 -0.0337 -0.8626
vn 0.9091 -0.2171 -0.3555
vn 0.8118 -0.1313 -0.5690
vn 0.7493 -0.2597 -0.6092
vn 0.8546 -0.3667 -0.3677
vn 0.7012 -0.2472 -0.6687
vn 0.8433 -0.3577 -0.4012
vn 0.4136 0.0482 -0.9092
vn 0.6610 -0.1893 -0.7261
vn 0.4012 0.0783 -0.9126
vn 0.6785 -0.1269 -0.7236
vn 0.8423 -0.3027 -0.4460
vn 0.8308 -0.3379 -0.4422
vn 0.5652 0.0408 -0.8240
vn 0.6795 -0.2738 -0.6807
vn 0.4118 -0.0321 -0.9107
vn 0.4043 -0.0429 -0.9136
vn 0.3672 -0.2177 -0.9043
vn 0.7435 -0.4759 -0.4697
vn 0.3247 -0.4743 -0.8183
vn 0.7962 -0.5284 -0.2947
vn 0.9071 -0.4035 -0.1198
vn 0.9060 -0.4134 -0.0903
vn 0.9166 -0.3894 -0.0903
vn 0.9077 -0.3880 -0.1597
vn 0.9668 -0.1766 -0.1850
vn 0.1123 0.9913 0.0691
vn 0.1721 0.9784 0.1143
vn 0.1641 0.9455 0.2813
vn 0.3639 0.9305 0.0412
vn 0.0677 0.9235 0.3777
vn 0.0959 0.9338 0.3446
vn -0.1899 0.7043 0.6840
vn -0.1995 0.7542 0.6256
vn -0.3748 0.5825 0.7213
vn -0.3828 0.4719 0.7942
vn -0.4077 0.4619 0.7877
vn -0.4663 0.6163 0.6347
vn -0.5223 0.6800 0.5146
vn -0.4448 0.5103 0.7360
vn -0.5015 0.5397 0.6762
vn -0.5128 0.7172 0.4719
vn -0.6458 -0.2647 -0.7161
vn -0.7428 -0.3296 -0.5828
vn -0.4269 0.2349 -0.8733
vn -0.7025 0.1771 -0.6893
vn -0.7562 -0.4253 -0.4972
vn -0.6298 -0.3589 -0.6888
vn -0.7079 -0.3303 -0.6243
vn -0.5198 -0.2481 -0.8174
vn -0.6040 -0.3246 -0.7279
vn -0.5348 -0.4588 -0.7096
vn -0.3848 -0.3049 -0.8712
vn -0.4300 -0.2065 -0.8789
vn -0.2402 -0.4083 -0.8807
vn -0.6223 -0.5536 -0.5534
vn -0.5074 -0.1954 -0.8393
vn -0.4071 -0.2194 -0.8866
vn -0.3213 -0.3082 -0.8954
vn -0.5338 0.1513 -0.8320
vn -0.5238 -0.0342 -0.8512
vn -0.5218 -0.3133 -0.7935
vn -0.6079 -0.0768 -0.7903
vn -0.7718 0.2998 -0.5608
vn -0.9159 -0.3613 -0.1747
vn -0.5853 -0.1542 -0.7960
vn -0.5871 -0.1641 -0.7927
vn -0.4485 -0.2093 -0.8689
vn 0.8203 0.4099 -0.3988
vn 0.7227 0.3704 -0.5835
vn 0.7204 0.3039 -0.6234
vn 0.8100 0.3466 -0.4730
vn 0.6098 0.2303 -0.7584
vn 0.5919 0.2785 -0.7564
vn 0.6469 0.1438 -0.7489
vn 0.7395 0.2122 -0.6388
vn 0.8129 0.2701 -0.5160
vn 0.8437 0.2872 -0.4536
vn 0.8365 0.3335 -0.4348
vn 0.8259 0.3120 -0.4697
vn 0.8487 0.3078 -0.4301
vn 0.8004 0.3190 -0.5075
vn 0.8320 0.3633 -0.4193
vn 0.8488 0.3705 -0.3772
vn 0.8246 0.3448 -0.4485
vn 0.8271 0.4226 -0.3706
vn 0.8408 0.4554 -0.2927
vn 0.8062 0.4142 -0.4225
vn 0.7966 0.3422 -0.4984
vn 0.8180 0.5597 -0.1323
vn 0.8184 0.5451 -0.1820
vn 0.7452 0.6561 0.1192
vn 0.7392 0.6590 0.1390
vn 0.7400 0.6661 0.0933
vn 0.8111 0.5434 -0.2164
vn 0.6192 0.6922 0.3708
vn 0.6048 0.6931 0.3922
vn 0.3931 0.6640 0.6361
vn 0.4889 0.6632 0.5667
vn 0.3894 0.7403 0.5480
vn 0.5844 0.7287 0.3571
vn 0.1212 0.5553 0.8228
vn 0.1779 0.5779 0.7965
vn 0.2715 0.5630 0.7806
vn 0.1307 0.4770 0.8691
vn 0.0800 0.7005 0.7092
vn 0.1680 0.7160 0.6776
vn 0.1950 0.6030 0.7735
vn 0.1438 0.5815 0.8007
vn 0.1711 0.4814 0.8596
vn 0.2111 0.5119 0.8327
vn 0.0893 0.7053 0.7033
vn 0.0771 0.7071 0.7029
vn -0.1490 0.4259 0.8924
vn 0.1377 0.5742 0.8071
vn 0.0841 0.5036 0.8598
vn -0.1971 0.3953 0.8972
vn -0.2346 0.4044 0.8840
vn 0.0118 0.6216 0.7832
vn -0.5391 0.1344 0.8314
vn -0.5506 0.0678 0.8320
vn -0.4134 0.2220 0.8831
vn -0.4084 0.2553 0.8764
vn -0.5802 -0.0096 0.8144
vn -0.4725 0.1610 0.8665
vn -0.6743 -0.0525 0.7366
vn -0.6674 -0.1187 0.7352
vn -0.6392 -0.0573 0.7669
vn -0.6295 0.0220 0.7767
vn -0.6415 -0.1204 0.7576
vn -0.6578 -0.1412 0.7399
vn -0.6772 -0.0769 0.7318
vn -0.6484 -0.0865 0.7564
vn -0.6664 -0.1240 0.7352
vn -0.6848 -0.0822 0.7241
vn -0.6463 -0.1027 0.7561
vn -0.6230 -0.0381 0.7813
vn -0.6675 0.0084 0.7446
vn -0.5947 0.0433 0.8028
vn -0.6115 -0.0129 0.7912
vn -0.6599 -0.0351 0.7505
vn -0.5873 0.0331 0.8087
vn -0.5842 0.0511 0.8100
vn -0.8822 -0.2590 0.3932
vn -0.8474 -0.3173 0.4258
vn -0.7343 -0.1020 0.6711
vn -0.7827 -0.0771 0.6176
vn -0.7267 -0.1314 0.6742
vn -0.8287 -0.3259 0.4550
vn -0.8681 -0.4944 -0.0450
vn -0.8584 -0.5128 0.0146
vn -0.8719 -0.4098 0.2680
vn -0.9023 -0.3717 0.2183
vn -0.8536 -0.3974 0.3368
vn -0.8461 -0.5246 0.0945
vn -0.2206 -0.3030 -0.9271
vn -0.4399 -0.4210 -0.7933
vn -0.2366 -0.4354 -0.8686
vn -0.0798 -0.3118 -0.9468
vn -0.3172 -0.5099 -0.7996
vn -0.4704 -0.4510 -0.7585
vn -0.0511 -0.4476 -0.8927
vn 0.0086 -0.3637 -0.9315
vn 0.1122 -0.2777 -0.9541
vn -0.0677 -0.3859 -0.9200
vn 0.1911 -0.1677 -0.9671
vn 0.6231 0.1728 -0.7628
vn 0.3780 -0.0261 -0.9254
vn 0.2519 -0.3627 -0.8972
vn -0.0181 -0.4850 -0.8743
vn 0.4279 0.0479 -0.9026
vn 0.5159 0.1322 -0.8464
vn 0.0636 -0.2684 -0.9612
vn 0.2219 -0.1584 -0.9621
vn 0.3934 -0.1377 -0.9090
vn 0.5175 -0.0945 -0.8505
vn 0.2429 0.0153 -0.9699
vn -0.0026 -0.1570 -0.9876
vn 0.0964 -0.1632 -0.9819
vn 0.2971 0.0009 -0.9548
vn 0.2343 -0.1802 -0.9553
vn 0.3766 -0.0692 -0.9238
vn 0.5226 0.0438 -0.8514
vn 0.4747 0.1294 -0.8706
vn 0.4548 0.1721 -0.8738
vn -0.7820 -0.6088 0.1333
vn -0.7814 -0.6236 -0.0214
vn -0.4937 -0.6467 -0.5814
vn -0.8358 -0.4956 0.2364
vn -0.6704 -0.6716 -0.3155
vn -0.7737 -0.6190 -0.1348
vn -0.8351 -0.3923 0.3856
vn -0.7703 -0.4430 0.4587
vn -0.8423 -0.4094 0.3507
vn -0.0899 -0.4426 -0.8922
vn 0.0985 -0.3688 -0.9243
vn -0.2972 -0.5390 -0.7881
vn -0.6395 -0.6329 -0.4365
vn -0.6183 -0.6762 -0.4007
vn -0.6703 -0.6049 -0.4299
vn -0.5939 -0.6565 -0.4651
vn -0.3821 -0.6762 -0.6299
vn -0.2841 -0.6584 -0.6969
vn -0.7376 -0.6727 0.0581
vn -0.8197 -0.5383 0.1957
vn -0.7569 -0.6232 -0.1968
vn 0.0345 -0.1941 -0.9804
vn 0.5868 0.0918 -0.8045
vn -0.5275 -0.4076 -0.7453
vn -0.5618 -0.4736 -0.6783
vn -0.0926 -0.2984 -0.9499
vn 0.5013 -0.0050 -0.8653
vn -0.3888 -0.4329 -0.8133
vn -0.5518 -0.5068 -0.6623
vn -0.4905 -0.4832 -0.7252
vn -0.3441 -0.3770 -0.8599
vn -0.4513 -0.4819 -0.7511
vn -0.5401 -0.5200 -0.6617
vn -0.4883 -0.4192 -0.7654
vn -0.2902 -0.3032 -0.9077
vn -0.4130 -0.6961 -0.5873
vn -0.5756 -0.6681 -0.4715
vn -0.7613 -0.6391 -0.1097
vn -0.7152 -0.6758 -0.1784
vn -0.8141 -0.5500 -0.1861
vn -0.6248 -0.6242 -0.4690
vn -0.9017 -0.4119 0.1317
vn -0.8371 -0.4993 0.2235
vn -0.8194 -0.5374 0.1994
vn 0.3690 -0.1393 -0.9189
vn 0.4182 -0.0683 -0.9058
vn -0.1105 -0.3918 -0.9134
vn -0.0348 -0.3825 -0.9233
vn -0.4277 -0.5746 -0.6978
vn -0.8343 -0.5425 -0.0983
vn -0.5127 -0.5316 -0.6742
vn -0.8879 -0.4406 -0.1324
vn -0.0408 -0.1333 -0.9902
vn -0.2579 -0.2691 -0.9279
vn 0.2424 0.0411 -0.9693
vn 0.2884 0.0313 -0.9570
vn -0.0448 -0.1508 -0.9876
vn -0.4829 -0.3771 -0.7903
vn 0.4534 0.1821 -0.8725
vn 0.5930 0.2917 -0.7505
vn 0.6269 0.2596 -0.7346
vn 0.4903 0.1514 -0.8583
vn -0.8750 -0.4216 0.2380
vn -0.8894 -0.3818 0.2512
vn -0.9165 -0.2749 0.2905
vn -0.8952 -0.4261 0.1307
vn -0.3272 -0.6646 -0.6717
vn -0.6919 -0.6355 -0.3427
vn -0.6290 -0.6401 -0.4412
vn 0.7454 0.3947 -0.5372
vn 0.8338 0.4361 -0.3385
vn 0.8806 0.3779 -0.2859
vn 0.8077 0.3766 -0.4536
vn 0.8249 0.3870 -0.4121
vn 0.7768 0.3264 -0.5385
vn 0.7887 0.3091 -0.5314
vn 0.8435 0.3569 -0.4014
vn 0.7761 0.3422 -0.5297
vn 0.7888 0.4153 -0.4532
vn 0.7764 0.4121 -0.4768
vn 0.7781 0.3179 -0.5418
vn 0.7948 0.5605 -0.2328
vn 0.7257 0.6862 0.0502
vn 0.7118 0.7022 -0.0134
vn 0.7796 0.5712 -0.2568
vn 0.7602 0.5732 -0.3059
vn 0.7604 0.3805 -0.5264
vn 0.6930 0.7139 -0.1001
vn 0.6980 0.6982 -0.1589
vn 0.7597 0.5678 -0.3169
vn 0.7605 0.3755 -0.5298
vn 0.5873 0.7696 0.2504
vn 0.5942 0.7945 0.1254
vn 0.3988 0.8226 0.4054
vn 0.4006 0.8677 0.2942
vn 0.5953 0.8035 0.0033
vn 0.3892 0.8878 0.2457
vn 0.3940 0.8790 0.2685
vn 0.6101 0.7897 -0.0646
vn 0.1594 0.8065 0.5693
vn 0.1586 0.8279 0.5380
vn 0.0274 0.7545 0.6557
vn 0.0194 0.7422 0.6699
vn 0.0277 0.6656 0.7458
vn 0.1338 0.7918 0.5960
vn 0.0966 0.7214 0.6858
vn 0.0098 0.5563 0.8309
vn 0.0364 0.7418 0.6696
vn 0.0088 0.7099 0.7043
vn 0.0205 0.7031 0.7108
vn -0.0612 0.6291 0.7749
vn -0.0225 0.5083 0.8609
vn 0.0291 0.5843 0.8110
vn 0.0427 0.4641 0.8848
vn 0.0226 0.4799 0.8770
vn -0.1331 0.5615 0.8167
vn -0.2007 0.4804 0.8538
vn -0.3442 0.3408 0.8749
vn -0.3742 0.3163 0.8717
vn -0.3681 0.3203 0.8729
vn -0.1801 0.4303 0.8845
vn -0.2660 0.3684 0.8908
vn -0.0424 0.4487 0.8927
vn -0.5183 0.1276 0.8456
vn -0.5551 0.1326 0.8211
vn -0.6236 -0.0347 0.7810
vn -0.6680 -0.0141 0.7440
vn -0.5685 0.1448 0.8098
vn -0.6817 0.0217 0.7313
vn -0.6779 0.1047 0.7277
vn -0.5216 0.2224 0.8237
vn -0.6617 -0.1023 0.7427
vn -0.6886 -0.0457 0.7237
vn -0.6632 -0.0895 0.7431
vn -0.6756 -0.0120 0.7371
vn -0.6989 0.0232 0.7148
vn -0.6816 0.0775 0.7276
vn -0.6709 0.1508 0.7261
vn -0.6965 0.1018 0.7103
vn -0.6385 -0.0302 0.7690
vn -0.6439 0.0508 0.7634
vn -0.6130 0.0314 0.7894
vn -0.6163 0.1093 0.7799
vn -0.6257 0.1880 0.7571
vn -0.6509 0.1422 0.7457
vn -0.6479 0.2062 0.7333
vn -0.6459 0.1982 0.7373
vn -0.5847 0.0879 0.8065
vn -0.5953 0.1554 0.7883
vn -0.6081 0.0775 0.7901
vn -0.6478 0.0832 0.7573
vn -0.7366 -0.0654 0.6732
vn -0.6433 0.1507 0.7506
vn -0.7243 0.0832 0.6844
vn -0.8137 -0.0923 0.5739
vn -0.7564 -0.1245 0.6422
vn -0.7784 -0.1780 0.6020
vn -0.8384 -0.3252 0.4374
vn -0.8248 -0.3835 0.4155
vn -0.8273 -0.4048 0.3895
vn -0.8052 -0.3019 0.5105
vn -0.8701 -0.2193 0.4414
vn -0.8967 -0.3038 0.3220
vn -0.8430 -0.4150 0.3422
vn -0.8221 -0.4661 0.3268
vn -0.8246 -0.5452 0.1505
vn -0.8345 -0.4449 0.3250
vn -0.9028 -0.3578 0.2386
vn -0.6579 -0.6910 -0.2995
vn 0.8654 0.2548 -0.4315
vn 0.8734 0.3276 -0.3603
vn 0.8358 0.1996 -0.5114
vn 0.8681 0.1671 -0.4674
vn 0.8939 0.2685 -0.3590
vn 0.8939 0.3653 -0.2597
vn 0.8654 0.4100 -0.2880
vn 0.8450 0.4926 -0.2083
vn 0.8717 0.4572 -0.1762
vn 0.8383 0.5338 -0.1108
vn 0.8110 0.5794 -0.0813
vn 0.7238 0.6705 0.1628
vn 0.7980 0.6021 -0.0256
vn 0.7262 0.6681 0.1621
vn 0.5997 0.7040 0.3805
vn 0.5125 0.6961 0.5028
vn 0.6210 0.6879 0.3757
vn 0.5342 0.6793 0.5031
vn 0.3657 0.6398 0.6760
vn 0.2164 0.5406 0.8130
vn 0.4371 0.6530 0.6185
vn 0.3188 0.5923 0.7400
vn 0.1594 0.4874 0.8585
vn 0.1792 0.5305 0.8285
vn 0.1248 0.4840 0.8661
vn 0.0564 0.4968 0.8660
vn -0.0108 0.4627 0.8864
vn -0.0691 0.4541 0.8883
vn -0.2030 0.3680 0.9074
vn -0.2152 0.3710 0.9034
vn -0.3947 0.2489 0.8845
vn -0.3658 0.2251 0.9031
vn -0.4915 0.1072 0.8643
vn -0.5190 0.1488 0.8417
vn -0.6108 0.0569 0.7897
vn -0.5805 0.0257 0.8139
vn -0.6357 -0.0289 0.7714
vn -0.6653 -0.0128 0.7465
vn -0.6883 -0.0477 0.7238
vn -0.6766 -0.0699 0.7330
vn -0.7226 -0.0983 0.6842
vn -0.7013 -0.0553 0.7107
vn -0.7227 -0.0544 0.6890
vn -0.7707 -0.1112 0.6274
vn -0.8056 -0.1112 0.5819
vn -0.7610 -0.0533 0.6466
vn -0.8321 -0.0925 0.5468
vn -0.8456 -0.1439 0.5141
vn -0.8916 -0.2177 0.3970
vn -0.8995 -0.2031 0.3868
vn -0.9216 -0.3386 0.1899
vn -0.9192 -0.3368 0.2041
vn -0.8821 -0.4656 -0.0715
vn -0.8857 -0.4594 -0.0675
vn -0.7171 -0.5648 -0.4084
vn -0.7340 -0.5609 -0.3829
vn -0.8294 -0.5435 -0.1294
vn -0.7449 -0.5961 -0.2996
vn -0.8741 -0.4284 0.2289
vn -0.8537 -0.4594 0.2452
vn -0.8662 -0.4033 0.2950
vn -0.8812 -0.4719 0.0290
vn -0.7640 -0.5864 -0.2691
vn -0.6847 -0.5664 -0.4587
vn -0.3301 -0.5532 -0.7649
vn -0.2490 -0.5288 -0.8114
vn 0.1964 -0.3709 -0.9077
vn 0.4546 -0.1955 -0.8690
vn 0.2647 -0.3499 -0.8986
vn 0.4974 -0.1890 -0.8467
vn 0.4613 -0.2010 -0.8642
vn 0.4582 -0.2073 -0.8643
vn 0.3139 -0.2851 -0.9056
vn 0.3295 -0.2827 -0.9008
vn 0.3380 -0.2292 -0.9128
vn 0.4754 -0.1197 -0.8716
vn 0.1720 -0.3275 -0.9291
vn 0.1595 -0.3603 -0.9191
vn 0.3799 -0.2389 -0.8936
vn 0.5299 -0.1409 -0.8363
vn 0.5902 -0.0201 -0.8070
vn 0.6907 0.0626 -0.7204
vn 0.6246 -0.0765 -0.7772
vn 0.7165 -0.0163 -0.6974
vn 0.8063 0.0684 -0.5875
vn 0.7740 0.1341 -0.6188
vn 0.0573 -0.3775 -0.9242
vn 0.0459 -0.3857 -0.9215
vn 0.0713 -0.4061 -0.9111
vn 0.0294 -0.4220 -0.9061
vn 0.1379 -0.3541 -0.9250
vn 0.1826 -0.3588 -0.9154
vn 0.8320 0.0462 -0.5528
vn 0.8941 0.1740 -0.4127
vn 0.7323 -0.0648 -0.6779
vn 0.7483 -0.0793 -0.6586
vn 0.8517 0.0457 -0.5221
vn 0.9128 0.1948 -0.3589
vn -0.7990 -0.5996 -0.0450
vn -0.5834 -0.7075 -0.3989
vn -0.6222 -0.6464 -0.4416
vn -0.8172 -0.5679 -0.0987
vn -0.6430 -0.6893 -0.3339
vn -0.7962 -0.6021 0.0597
vn -0.2031 -0.5398 -0.8169
vn -0.1979 -0.5600 -0.8045
vn -0.2919 -0.5851 -0.7566
vn 0.0980 -0.4240 -0.9003
vn 0.1869 -0.3790 -0.9063
vn 0.1377 -0.4184 -0.8978
vn 0.1697 -0.4516 -0.8759
vn 0.1458 -0.4648 -0.8733
vn 0.2328 -0.4287 -0.8729
vn 0.8582 0.4340 -0.2740
vn 0.8550 0.5063 -0.1121
vn 0.9055 0.3979 -0.1471
vn 0.9147 0.2688 -0.3018
vn 0.8705 0.4922 0.0088
vn 0.8275 0.5603 0.0362
vn 0.8981 0.4356 -0.0606
vn 0.9232 0.3219 -0.2100
vn 0.7185 0.1062 -0.6874
vn 0.8087 0.2870 -0.5134
vn 0.8587 0.0865 -0.5051
vn 0.7581 -0.0524 -0.6500
vn 0.9147 0.2874 -0.2842
vn 0.9037 0.4001 -0.1526
vn 0.8081 0.5788 0.1096
vn 0.8327 0.5444 0.1012
vn 0.8062 0.5723 0.1502
vn 0.8064 0.5731 0.1460
vn 0.8191 0.5665 0.0902
vn 0.8572 0.5137 0.0375
vn 0.8698 0.4898 -0.0595
vn 0.8304 0.5572 -0.0027
vn 0.8278 0.5459 0.1295
vn 0.8038 0.5772 0.1442
vn 0.8167 0.5634 0.1250
vn 0.8500 0.5154 0.1093
vn 0.7824 0.6075 0.1369
vn 0.7965 0.5959 0.1024
vn 0.7959 0.6043 0.0376
vn 0.7503 0.6437 0.1505
vn 0.8033 0.5298 0.2722
vn 0.7679 0.5766 0.2790
vn 0.6338 0.5838 0.5074
vn 0.6604 0.5468 0.5147
vn 0.5974 0.6173 0.5119
vn 0.7217 0.6188 0.3102
vn 0.6721 0.6545 0.3463
vn 0.5641 0.6474 0.5125
vn 0.5111 0.5719 0.6416
vn 0.4903 0.6028 0.6295
vn 0.5358 0.5430 0.6466
vn 0.3411 0.5210 0.7824
vn 0.3252 0.5374 0.7781
vn 0.3204 0.5782 0.7503
vn 0.3304 0.6009 0.7279
vn 0.4683 0.6317 0.6178
vn 0.1178 0.5331 0.8378
vn 0.0997 0.4892 0.8665
vn 0.0951 0.4668 0.8792
vn -0.0182 0.4494 0.8931
vn 0.0030 0.4754 0.8798
vn 0.0056 0.5027 0.8645
vn 0.0152 0.5184 0.8550
vn 0.1439 0.5538 0.8201
vn -0.0377 0.4671 0.8834
vn -0.0571 0.4786 0.8762
vn -0.0372 0.4610 0.8866
vn -0.1014 0.4506 0.8869
vn -0.1348 0.4259 0.8947
vn -0.1519 0.4362 0.8869
vn -0.1657 0.4204 0.8921
vn -0.0706 0.4796 0.8746
vn -0.2868 0.3609 0.8874
vn -0.3130 0.3512 0.8824
vn -0.2410 0.3921 0.8878
vn -0.3605 0.3147 0.8781
vn -0.4183 0.2885 0.8613
vn -0.4636 0.2477 0.8507
vn -0.4701 0.1595 0.8681
vn -0.3172 0.3056 0.8978
vn -0.5102 0.2090 0.8343
vn -0.5544 0.1522 0.8182
vn -0.4414 0.2499 0.8618
vn -0.5171 0.1711 0.8387
vn -0.5923 0.1271 0.7956
vn -0.6150 0.0601 0.7862
vn -0.6177 -0.0483 0.7849
vn -0.5690 0.0347 0.8216
vn -0.6739 0.0429 0.7376
vn -0.6843 -0.0445 0.7278
vn -0.5977 0.0803 0.7977
vn -0.6740 -0.0112 0.7387
vn -0.7501 -0.0541 0.6591
vn -0.7539 -0.1529 0.6390
vn -0.7278 -0.1741 0.6633
vn -0.6650 -0.1149 0.7380
vn -0.7931 -0.1387 0.5931
vn -0.7873 -0.2191 0.5763
vn -0.7413 -0.1083 0.6624
vn -0.7598 -0.1482 0.6330
vn -0.7694 -0.1617 0.6179
vn -0.7707 -0.2021 0.6043
vn -0.7928 -0.1805 0.5821
vn -0.7781 -0.1957 0.5969
vn -0.7718 -0.1963 0.6048
vn -0.7729 -0.2306 0.5911
vn -0.7530 -0.1577 0.6389
vn -0.8220 -0.2564 0.5085
vn -0.8395 -0.3164 0.4418
vn -0.8281 -0.3539 0.4347
vn -0.8525 -0.3012 0.4273
vn -0.8074 -0.2087 0.5518
vn -0.8687 -0.4608 0.1819
vn -0.8595 -0.4796 0.1766
vn -0.8692 -0.4047 0.2841
vn -0.8341 -0.5481 0.0614
vn -0.8177 -0.5702 -0.0789
vn -0.8239 -0.5552 -0.1136
vn -0.8583 -0.5051 -0.0900
vn -0.8922 -0.3968 0.2157
vn -0.7503 -0.6294 -0.2025
vn -0.7590 -0.5873 -0.2810
vn -0.7550 -0.6538 -0.0510
vn -0.7508 -0.6509 0.1124
vn -0.8234 -0.5630 0.0710
vn -0.8414 -0.5392 0.0361
vn -0.8308 -0.5558 -0.0277
vn -0.7497 -0.5708 -0.3348
vn -0.8601 -0.4449 0.2496
vn -0.8501 -0.4596 0.2571
vn -0.8096 -0.5197 0.2729
vn -0.8391 -0.5401 -0.0649
vn -0.8461 -0.4523 0.2820
vn 0.1335 -0.2092 -0.9687
vn 0.1548 -0.3286 -0.9317
vn 0.2069 -0.1835 -0.9610
vn 0.2517 -0.0866 -0.9639
vn 0.3091 -0.0774 -0.9479
vn 0.4561 -0.1403 -0.8788
vn -0.6433 -0.5947 -0.4821
vn -0.2738 -0.5650 -0.7783
vn 0.2443 -0.3813 -0.8916
vn 0.5235 -0.1938 -0.8297
vn 0.1586 -0.2521 -0.9546
vn 0.3306 -0.2142 -0.9191
vn 0.1631 -0.3949 -0.9041
vn 0.2821 -0.3606 -0.8890
vn 0.3638 -0.3101 -0.8783
vn 0.4571 -0.1929 -0.8682
vn 0.4911 -0.2134 -0.8446
vn 0.3680 -0.3028 -0.8791
vn 0.2779 -0.4084 -0.8695
vn 0.4295 -0.2840 -0.8573
vn 0.4473 -0.3343 -0.8295
vn 0.2701 -0.4470 -0.8528
vn 0.5775 -0.2389 -0.7807
vn 0.5489 -0.1505 -0.8222
vn 0.5598 -0.2445 -0.7917
vn 0.4164 -0.3340 -0.8456
vn 0.1556 -0.4957 -0.8544
vn 0.1316 -0.5172 -0.8457
vn 0.1492 -0.5062 -0.8494
vn 0.1531 -0.5050 -0.8494
vn 0.3835 -0.2859 -0.8782
vn 0.5414 -0.1967 -0.8174
vn 0.6474 -0.0147 -0.7620
vn 0.6704 -0.1572 -0.7251
vn 0.6510 -0.1722 -0.7393
vn 0.6318 -0.1447 -0.7615
vn 0.1550 -0.4795 -0.8637
vn 0.2111 -0.4486 -0.8685
vn 0.2496 -0.4043 -0.8799
vn 0.2365 -0.3776 -0.8953
vn -0.1677 -0.4206 -0.8916
vn 0.3237 -0.2053 -0.9236
vn -0.2384 -0.4066 -0.8820
vn 0.2828 -0.1652 -0.9449
vn -0.0381 -0.3859 -0.9217
vn -0.2829 -0.2621 -0.9227
vn -0.4988 -0.6235 -0.6021
vn -0.3987 -0.5808 -0.7097
vn 0.1551 -0.3142 -0.9366
vn -0.1093 -0.3134 -0.9433
vn 0.3606 -0.1747 -0.9162
vn 0.3401 -0.1826 -0.9225
vn -0.1655 -0.3659 -0.9158
vn -0.1571 -0.3742 -0.9139
vn 0.2760 -0.2126 -0.9373
vn -0.2719 -0.4638 -0.8432
vn 0.1112 -0.2347 -0.9657
vn 0.3525 0.0215 -0.9356
vn -0.0477 -0.2355 -0.9707
vn -0.0590 -0.1909 -0.9798
vn 0.3195 0.0114 -0.9475
vn -0.5796 -0.4688 -0.6665
vn -0.9165 -0.3854 -0.1072
vn -0.6563 -0.4736 -0.5874
vn -0.9276 -0.3735 -0.0025
vn -0.7678 -0.5023 -0.3977
vn -0.9427 -0.3231 0.0829
vn -0.8246 -0.5027 -0.2596
vn -0.9478 -0.3112 0.0696
vn -0.9582 -0.2774 0.0694
vn -0.9195 -0.3910 0.0410
vn -0.9684 -0.1418 -0.2052
vn -0.9485 0.1248 -0.2911
vn -0.9110 0.3066 -0.2759
vn -0.9963 -0.0720 0.0471
vn -0.9641 -0.2478 0.0953
vn -0.9701 -0.2029 0.1333
vn -0.8411 -0.5177 -0.1566
vn -0.9152 -0.2145 0.3412
vn -0.8912 -0.4512 0.0467
vn -0.9216 -0.1633 0.3521
vn -0.9423 -0.3334 -0.0298
vn -0.9703 -0.1252 0.2072
vn -0.9783 -0.2051 -0.0281
vn -0.6359 -0.6394 -0.4322
vn -0.6430 -0.5914 -0.4866
vn -0.7149 -0.4682 -0.5193
vn -0.6189 -0.4450 -0.6472
vn -0.6370 -0.3970 -0.6608
vn -0.7407 -0.4130 -0.5299
vn -0.4264 -0.3027 -0.8524
vn -0.4023 -0.3510 -0.8456
vn -0.4611 -0.2751 -0.8436
vn -0.6386 -0.3381 -0.6913
vn -0.7448 -0.3537 -0.5659
vn -0.6180 -0.4715 -0.6291
vn -0.6613 -0.5190 -0.5416
vn -0.4163 -0.3911 -0.8208
vn -0.7424 -0.3280 -0.5842
vn -0.7335 -0.3388 -0.5892
vn -0.7549 -0.3435 -0.5587
vn -0.7280 -0.3969 -0.5590
vn -0.6348 -0.4528 -0.6261
vn -0.6322 -0.2957 -0.7162
vn -0.4938 -0.2473 -0.8336
vn -0.4620 -0.4488 -0.7650
vn -0.9215 -0.2854 -0.2635
vn -0.8083 -0.5154 -0.2846
vn -0.9775 0.0634 -0.2013
vn -0.9752 -0.1617 -0.1508
vn -0.7493 -0.5511 -0.3672
vn -0.7359 -0.5554 -0.3873
vn -0.6834 -0.5525 -0.4772
vn -0.7825 -0.4669 -0.4119
vn -0.9872 0.0694 0.1435
vn -0.9567 -0.2686 0.1120
vn -0.9410 0.0933 0.3253
vn -0.8961 -0.2008 0.3959
vn -0.8839 -0.4643 -0.0569
vn -0.8770 -0.4588 -0.1429
vn -0.9184 -0.3083 0.2479
vn -0.9332 -0.3395 0.1176
vn -0.9281 -0.2394 0.2851
vn -0.8818 -0.1521 0.4464
vn -0.9286 -0.1879 0.3201
vn -0.9433 -0.2670 0.1972
vn -0.9362 -0.3478 0.0510
vn -0.8421 -0.4875 -0.2308
vn -0.9105 0.1232 0.3947
vn -0.7945 -0.1129 0.5967
vn -0.9455 0.1227 0.3016
vn -0.7599 -0.1026 0.6419
vn -0.8562 -0.1960 0.4780
vn -0.7825 -0.1630 0.6009
vn -0.8829 0.1324 0.4505
vn -0.8447 -0.0742 0.5301
vn -0.9621 0.1602 0.2205
vn -0.9701 0.0883 0.2260
vn -0.7943 -0.1930 0.5760
vn -0.7784 -0.1880 0.5989
vn -0.8451 -0.0957 0.5260
vn -0.7264 0.0179 0.6870
vn -0.7770 0.0632 0.6263
vn -0.6464 0.2522 0.7201
vn -0.7273 0.1796 0.6624
vn -0.8395 0.0237 0.5428
vn -0.6531 0.2480 0.7155
vn -0.6329 0.2696 0.7258
vn -0.8943 -0.0912 0.4380
vn -0.6211 0.4481 0.6430
vn -0.7729 0.2312 0.5909
vn -0.7424 0.3864 0.5473
vn -0.5124 0.6332 0.5801
vn -0.6546 0.2309 0.7198
vn -0.6347 0.2927 0.7152
vn -0.6592 0.2283 0.7165
vn -0.6885 0.1884 0.7003
vn -0.6609 0.2234 0.7165
vn -0.6291 0.2124 0.7477
vn -0.0066 0.6733 0.7394
vn -0.3856 0.5913 0.7083
vn -0.2319 0.8011 0.5518
vn 0.0134 0.8945 0.4469
vn -0.5827 0.3116 0.7506
vn -0.3834 0.3742 0.8444
vn -0.6878 0.1575 0.7086
vn -0.5579 0.1894 0.8080
vn -0.4542 0.2510 0.8548
vn -0.2650 0.2562 0.9296
vn -0.0630 0.8993 0.4328
vn -0.4327 0.6804 0.5915
vn -0.1252 0.2354 0.9638
vn 0.0383 0.5403 0.8406
vn -0.1140 0.3329 0.9360
vn -0.0878 0.1762 0.9804
vn -0.3259 0.2888 0.9002
vn -0.1016 0.4364 0.8940
vn -0.1706 0.2888 0.9421
vn -0.0932 0.4368 0.8947
vn -0.5032 0.3920 0.7701
vn -0.2209 0.1555 0.9628
vn -0.6462 0.6072 0.4623
vn -0.4063 0.3490 0.8444
vn -0.5982 0.7265 0.3381
vn -0.1790 0.2291 0.9568
vn -0.1313 0.1695 0.9767
vn -0.1407 0.2753 0.9510
vn 0.0122 0.5183 0.8551
vn -0.0111 0.4963 0.8681
vn -0.0976 0.5528 0.8276
vn -0.1184 0.5615 0.8190
vn -0.3216 0.3618 0.8750
vn -0.1515 0.2934 0.9439
vn -0.2987 0.3950 0.8688
vn -0.1704 0.4322 0.8855
vn -0.1483 0.4516 0.8798
vn -0.1470 0.5810 0.8005
vn -0.0534 0.4793 0.8760
vn -0.0676 0.5179 0.8528
vn -0.1554 0.5158 0.8425
vn -0.1523 0.5431 0.8258
vn -0.2775 0.5384 0.7957
vn -0.2565 0.4753 0.8416
vn -0.3372 0.4086 0.8481
vn -0.3540 0.4686 0.8094
vn -0.2066 0.5326 0.8208
vn -0.2182 0.5599 0.7993
vn 0.3400 0.8779 0.3371
vn 0.0269 0.6597 0.7511
vn -0.0817 0.6704 0.7375
vn 0.2203 0.9140 0.3406
vn 0.0657 0.9364 0.3448
vn -0.2319 0.6683 0.7068
vn -0.2505 0.6672 0.7014
vn 0.0941 0.9454 0.3119
vn -0.1637 0.6697 0.7243
vn 0.1255 0.9241 0.3609
vn 0.5763 0.8069 -0.1296
vn 0.6448 0.7242 -0.2444
vn 0.4841 0.8549 -0.1865
vn 0.5346 0.7767 -0.3330
vn 0.3668 0.8863 -0.2826
vn 0.3641 0.9186 -0.1538
vn 0.2990 0.9515 -0.0724
vn 0.2302 0.9642 -0.1317
vn 0.4231 0.8882 -0.1794
vn 0.4668 0.8157 -0.3417
vn 0.6522 0.5079 -0.5627
vn 0.7496 0.4276 -0.5052
vn 0.6985 0.6286 -0.3420
vn 0.5624 0.7159 -0.4138
vn 0.4415 0.7944 -0.4171
vn 0.2998 0.9020 -0.3108
vn 0.4410 0.6353 -0.6340
vn 0.5197 0.5749 -0.6320
vn 0.6035 0.5995 -0.5257
vn 0.5055 0.1661 -0.8467
vn 0.4874 0.3287 -0.8089
vn 0.3102 0.9061 -0.2878
vn 0.1771 0.9664 -0.1864
vn 0.4030 0.5653 -0.7197
vn 0.0349 0.9933 0.1104
vn 0.1085 0.7279 -0.6770
vn 0.3285 0.1546 -0.9318
vn 0.4833 0.7587 -0.4368
vn 0.3413 0.0758 -0.9369
vn -0.0132 -0.1506 -0.9885
vn -0.0213 -0.2155 -0.9763
vn 0.3645 0.0344 -0.9306
vn 0.6461 0.2342 -0.7264
vn 0.5221 0.1329 -0.8425
vn 0.5156 0.1279 -0.8472
vn 0.6461 0.2140 -0.7327
vn 0.8957 0.4040 -0.1856
vn 0.8418 0.4282 -0.3287
vn 0.8490 0.3660 -0.3812
vn 0.9110 0.3446 -0.2266
vn 0.7659 0.2980 -0.5698
vn 0.7840 0.2995 -0.5438
vn 0.7438 0.2973 -0.5987
vn 0.7618 0.2707 -0.5885
vn 0.8281 0.2662 -0.4933
vn 0.8526 0.2979 -0.4293
vn 0.6391 0.5645 -0.5224
vn 0.6856 0.3542 -0.6360
vn 0.7406 0.3030 -0.5998
vn 0.7025 0.3507 -0.6193
vn 0.5180 0.0265 -0.8550
vn 0.5734 0.2836 -0.7686
vn 0.4698 0.7576 -0.4531
vn 0.4948 0.6458 -0.5815
vn 0.6203 0.3662 -0.6936
vn 0.5500 0.5923 -0.5888
vn -0.1622 0.1164 -0.9799
vn -0.0822 0.0365 -0.9959
vn -0.1952 -0.0570 -0.9791
vn 0.1431 0.1621 -0.9763
vn -0.1397 -0.2616 -0.9550
vn 0.0260 0.0671 -0.9974
vn 0.1924 0.2495 -0.9491
vn -0.5150 0.1316 -0.8470
vn 0.0094 0.2617 -0.9651
vn -0.5765 -0.0415 -0.8160
vn -0.1932 -0.0587 -0.9794
vn 0.1544 0.1775 -0.9719
vn -0.1056 -0.0490 -0.9932
vn 0.2248 0.1861 -0.9565
vn -0.0409 -0.0745 -0.9964
vn 0.2940 0.1397 -0.9455
vn 0.5251 0.1632 -0.8352
vn 0.4630 0.1961 -0.8644
vn 0.6245 0.2710 -0.7325
vn 0.6169 0.3079 -0.7243
vn 0.2878 0.2825 -0.9151
vn 0.0994 0.2148 -0.9716
vn 0.3180 0.2816 -0.9053
vn 0.2906 0.3636 -0.8850
vn 0.4108 0.2396 -0.8797
vn 0.4299 0.3414 -0.8359
vn 0.2994 -0.0321 -0.9536
vn 0.3155 0.0652 -0.9467
vn 0.7987 0.2613 -0.5420
vn 0.4684 0.1919 -0.8624
vn 0.9076 0.2057 -0.3660
vn 0.9456 0.2789 -0.1674
vn 0.4044 -0.2676 -0.8746
vn 0.2300 -0.4027 -0.8860
vn -0.2704 -0.7060 -0.6546
vn -0.5863 -0.7849 -0.2005
vn -0.6881 -0.7051 0.1715
vn -0.6699 -0.6674 0.3253
vn -0.6560 -0.7189 0.2298
vn -0.7301 -0.6648 0.1579
vn -0.8088 -0.5287 0.2575
vn -0.8176 -0.3720 0.4396
vn -0.7486 -0.2388 0.6185
vn -0.7110 -0.2121 0.6705
vn -0.6870 -0.1879 0.7019
vn -0.6073 -0.0854 0.7899
vn -0.5306 0.0273 0.8472
vn -0.4536 0.1472 0.8790
vn -0.4010 0.2476 0.8820
vn -0.3570 0.3382 0.8707
vn -0.2725 0.4244 0.8635
vn -0.1872 0.4705 0.8623
vn -0.1213 0.4746 0.8718
vn -0.0864 0.4510 0.8883
vn -0.0398 0.4434 0.8955
vn 0.1423 0.4900 0.8600
vn 0.3673 0.5400 0.7573
vn 0.5223 0.5603 0.6429
vn 0.6353 0.5569 0.5350
vn 0.7788 0.5326 0.3314
vn 0.8674 0.4904 0.0840
vn 0.8575 0.5142 0.0155
vn 0.8184 0.5741 0.0254
vn 0.7867 0.6162 0.0376
vn 0.7798 0.6258 0.0142
vn 0.7963 0.5977 -0.0930
vn 0.7995 0.5266 -0.2889
vn 0.7542 0.4457 -0.4823
vn 0.6875 0.3038 -0.6595
vn 0.6320 0.1539 -0.7596
vn 0.5446 0.0019 -0.8387
vn 0.4230 -0.1922 -0.8855
vn 0.2577 -0.4028 -0.8783
vn 0.1796 -0.5199 -0.8352
vn 0.2053 -0.5576 -0.8043
vn 0.2176 -0.5684 -0.7935
vn 0.2753 -0.4761 -0.8352
vn 0.3202 -0.3544 -0.8786
vn 0.4233 0.2189 -0.8791
vn 0.2379 0.1814 -0.9542
vn 0.5836 0.2676 -0.7667
vn 0.4603 -0.0080 -0.8877
vn 0.2091 0.8414 -0.4983
vn 0.3799 0.5708 -0.7279
vn 0.0557 0.9933 -0.1008
vn -0.7621 0.6459 -0.0442
vn -0.7353 0.2645 -0.6240
vn 0.8272 0.4932 -0.2694
vn 0.6977 0.5838 -0.4151
vn 0.7107 0.5839 -0.3923
vn -0.2259 0.5233 -0.8217
vn -0.5069 -0.0807 -0.8582
vn 0.3871 0.4845 -0.7845
vn 0.3653 0.1504 -0.9187
vn 0.4767 -0.3180 -0.8195
vn 0.2325 0.0048 -0.9726
vn 0.2839 0.2907 -0.9137
vn 0.1624 0.1956 -0.9672
vn 0.1616 -0.1238 -0.9791
vn 0.4386 0.3321 -0.8351
vn 0.3681 0.0295 -0.9293
vn -0.6369 0.0947 -0.7651
vn 0.1016 0.4815 -0.8705
vn -0.3594 0.3033 -0.8825
vn -0.6000 0.5671 -0.5642
vn 0.2841 -0.2138 -0.9346
# 6894 vertex normals

vt 0.0000 0.0000 0.0000
# 1 texture coords

o cabeza_supDer
g cabeza_supDer
usemtl 19___Default
s 1
f 1/1/1 2/1/2 3/1/3 
f 3/1/3 4/1/4 1/1/1 
f 5/1/5 3/1/3 2/1/2 
f 2/1/2 6/1/6 5/1/5 
f 7/1/7 8/1/8 3/1/3 
f 3/1/3 5/1/5 7/1/7 
f 9/1/9 4/1/4 3/1/3 
f 3/1/3 8/1/8 9/1/9 
f 10/1/10 11/1/11 12/1/12 
f 12/1/12 13/1/13 10/1/10 
f 14/1/14 12/1/12 11/1/11 
f 11/1/11 15/1/15 14/1/14 
f 5/1/5 12/1/12 14/1/14 
f 14/1/14 7/1/7 5/1/5 
f 13/1/13 12/1/12 5/1/5 
f 5/1/5 6/1/6 13/1/13 
f 16/1/16 17/1/17 6/1/6 
f 6/1/6 2/1/2 16/1/16 
f 18/1/18 16/1/16 2/1/2 
f 2/1/2 1/1/1 18/1/18 
f 19/1/19 20/1/20 16/1/16 
f 16/1/16 18/1/18 19/1/19 
f 21/1/21 17/1/17 16/1/16 
f 16/1/16 20/1/20 21/1/21 
f 17/1/17 21/1/21 22/1/22 
f 22/1/22 23/1/23 17/1/17 
f 24/1/24 23/1/23 22/1/22 
f 22/1/22 25/1/25 24/1/24 
f 10/1/10 13/1/13 23/1/23 
f 23/1/23 24/1/24 10/1/10 
f 23/1/23 13/1/13 6/1/6 
f 6/1/6 17/1/17 23/1/23 
f 25/1/25 26/1/26 27/1/27 
f 27/1/27 24/1/24 25/1/25 
f 28/1/28 27/1/27 26/1/26 
f 26/1/26 29/1/29 28/1/28 
f 15/1/15 11/1/11 27/1/27 
f 27/1/27 28/1/28 15/1/15 
f 24/1/24 27/1/27 11/1/11 
f 11/1/11 10/1/10 24/1/24 
f 9/1/9 30/1/30 31/1/31 
f 31/1/31 32/1/32 9/1/9 
f 33/1/33 31/1/31 30/1/30 
f 30/1/30 34/1/34 33/1/33 
f 35/1/35 36/1/36 31/1/31 
f 31/1/31 33/1/33 35/1/35 
f 32/1/32 31/1/31 36/1/36 
f 36/1/36 37/1/37 32/1/32 
f 7/1/7 38/1/38 39/1/39 
f 39/1/39 8/1/8 7/1/7 
f 40/1/40 39/1/39 38/1/38 
f 38/1/38 41/1/41 40/1/40 
f 34/1/34 30/1/30 39/1/39 
f 39/1/39 40/1/40 34/1/34 
f 8/1/8 39/1/39 30/1/30 
f 30/1/30 9/1/9 8/1/8 
f 42/1/42 38/1/38 7/1/7 
f 43/1/43 42/1/42 14/1/14 
f 14/1/14 15/1/15 43/1/43 
f 44/1/44 45/1/45 42/1/42 
f 42/1/42 43/1/43 44/1/44 
f 38/1/38 42/1/42 45/1/45 
f 45/1/45 41/1/41 38/1/38 
f 43/1/43 46/1/46 47/1/47 
f 47/1/47 44/1/44 43/1/43 
f 43/1/43 15/1/15 28/1/28 
f 46/1/46 28/1/28 29/1/29 
f 48/1/48 49/1/49 47/1/47 
f 50/1/50 51/1/51 52/1/52 
f 52/1/52 53/1/53 50/1/50 
f 54/1/54 53/1/53 52/1/52 
f 52/1/52 55/1/55 54/1/54 
f 25/1/25 22/1/22 53/1/53 
f 53/1/53 54/1/54 25/1/25 
f 50/1/50 53/1/53 22/1/22 
f 22/1/22 21/1/21 50/1/50 
f 56/1/56 54/1/54 55/1/55 
f 57/1/57 58/1/58 59/1/59 
f 29/1/29 26/1/26 56/1/56 
f 56/1/56 59/1/59 29/1/29 
f 54/1/54 56/1/56 26/1/26 
f 26/1/26 25/1/25 54/1/54 
f 60/1/60 61/1/61 59/1/59 
f 59/1/59 58/1/58 60/1/60 
f 62/1/62 63/1/63 61/1/61 
f 61/1/61 60/1/60 62/1/62 
f 63/1/63 49/1/49 48/1/48 
f 48/1/48 29/1/29 59/1/59 
f 62/1/62 64/1/64 65/1/65 
f 65/1/65 63/1/63 62/1/62 
f 64/1/64 66/1/66 67/1/67 
f 68/1/68 65/1/65 67/1/67 
f 67/1/67 69/1/69 68/1/68 
f 63/1/63 65/1/65 68/1/68 
f 68/1/68 49/1/49 63/1/63 
f 66/1/66 70/1/70 71/1/71 
f 71/1/71 67/1/67 66/1/66 
f 72/1/72 73/1/73 71/1/71 
f 71/1/71 70/1/70 72/1/72 
f 74/1/74 75/1/75 71/1/71 
f 71/1/71 73/1/73 74/1/74 
f 67/1/67 71/1/71 75/1/75 
f 75/1/75 69/1/69 67/1/67 
f 76/1/76 77/1/77 78/1/78 
f 78/1/78 79/1/79 76/1/76 
f 80/1/80 78/1/78 77/1/77 
f 77/1/77 81/1/81 80/1/80 
f 73/1/73 78/1/78 80/1/80 
f 80/1/80 74/1/74 73/1/73 
f 79/1/79 78/1/78 73/1/73 
f 73/1/73 72/1/72 79/1/79 
f 82/1/82 83/1/83 84/1/84 
f 84/1/84 85/1/85 82/1/82 
f 86/1/86 84/1/84 83/1/83 
f 83/1/83 35/1/35 86/1/86 
f 87/1/87 84/1/84 86/1/86 
f 86/1/86 88/1/88 87/1/87 
f 89/1/89 85/1/85 84/1/84 
f 84/1/84 87/1/87 89/1/89 
f 34/1/34 90/1/90 91/1/91 
f 91/1/91 33/1/33 34/1/34 
f 92/1/92 91/1/91 90/1/90 
f 90/1/90 93/1/93 92/1/92 
f 88/1/88 86/1/86 91/1/91 
f 91/1/91 92/1/92 88/1/88 
f 33/1/33 91/1/91 86/1/86 
f 86/1/86 35/1/35 33/1/33 
f 94/1/94 40/1/40 41/1/41 
f 95/1/95 94/1/94 96/1/96 
f 96/1/96 97/1/97 95/1/95 
f 93/1/93 90/1/90 94/1/94 
f 94/1/94 95/1/95 93/1/93 
f 40/1/40 94/1/94 90/1/90 
f 90/1/90 34/1/34 40/1/40 
f 41/1/41 45/1/45 98/1/98 
f 98/1/98 96/1/96 41/1/41 
f 99/1/99 98/1/98 45/1/45 
f 45/1/45 44/1/44 99/1/99 
f 100/1/100 101/1/101 98/1/98 
f 98/1/98 99/1/99 100/1/100 
f 96/1/96 98/1/98 101/1/101 
f 101/1/101 97/1/97 96/1/96 
f 44/1/44 47/1/47 102/1/102 
f 102/1/102 99/1/99 44/1/44 
f 103/1/103 102/1/102 47/1/47 
f 47/1/47 49/1/49 103/1/103 
f 103/1/103 104/1/104 105/1/105 
f 105/1/105 102/1/102 103/1/103 
f 99/1/99 102/1/102 105/1/105 
f 105/1/105 100/1/100 99/1/99 
f 69/1/69 106/1/106 107/1/107 
f 107/1/107 68/1/68 69/1/69 
f 108/1/108 107/1/107 106/1/106 
f 106/1/106 109/1/109 108/1/108 
f 104/1/104 103/1/103 107/1/107 
f 107/1/107 108/1/108 104/1/104 
f 68/1/68 107/1/107 103/1/103 
f 103/1/103 49/1/49 68/1/68 
f 110/1/110 111/1/111 75/1/75 
f 75/1/75 74/1/74 110/1/110 
f 112/1/112 111/1/111 110/1/110 
f 110/1/110 113/1/113 112/1/112 
f 109/1/109 106/1/106 111/1/111 
f 111/1/111 112/1/112 109/1/109 
f 75/1/75 111/1/111 106/1/106 
f 106/1/106 69/1/69 75/1/75 
f 74/1/74 80/1/80 114/1/114 
f 114/1/114 110/1/110 74/1/74 
f 81/1/81 115/1/115 114/1/114 
f 114/1/114 80/1/80 81/1/81 
f 116/1/116 114/1/114 115/1/115 
f 115/1/115 117/1/117 116/1/116 
f 113/1/113 110/1/110 114/1/114 
f 114/1/114 116/1/116 113/1/113 
f 89/1/89 87/1/87 118/1/118 
f 118/1/118 119/1/119 89/1/89 
f 120/1/120 118/1/118 87/1/87 
f 87/1/87 88/1/88 120/1/120 
f 121/1/121 122/1/122 118/1/118 
f 118/1/118 120/1/120 121/1/121 
f 119/1/119 118/1/118 122/1/122 
f 122/1/122 123/1/123 119/1/119 
f 92/1/92 124/1/124 120/1/120 
f 120/1/120 88/1/88 92/1/92 
f 93/1/93 125/1/125 124/1/124 
f 124/1/124 92/1/92 93/1/93 
f 126/1/126 127/1/127 124/1/124 
f 124/1/124 125/1/125 126/1/126 
f 120/1/120 124/1/124 127/1/127 
f 127/1/127 121/1/121 120/1/120 
f 128/1/128 129/1/129 130/1/130 
f 130/1/130 131/1/131 128/1/128 
f 125/1/125 130/1/130 129/1/129 
f 129/1/129 126/1/126 125/1/125 
f 95/1/95 130/1/130 125/1/125 
f 125/1/125 93/1/93 95/1/95 
f 130/1/130 95/1/95 97/1/97 
f 97/1/97 131/1/131 130/1/130 
f 132/1/132 133/1/133 129/1/129 
f 129/1/129 128/1/128 132/1/132 
f 133/1/133 132/1/132 134/1/134 
f 129/1/129 133/1/133 135/1/135 
f 135/1/135 126/1/126 129/1/129 
f 97/1/97 101/1/101 136/1/136 
f 136/1/136 131/1/131 97/1/97 
f 137/1/137 136/1/136 101/1/101 
f 101/1/101 100/1/100 137/1/137 
f 138/1/138 139/1/139 136/1/136 
f 136/1/136 137/1/137 138/1/138 
f 131/1/131 136/1/136 139/1/139 
f 139/1/139 128/1/128 131/1/131 
f 104/1/104 140/1/140 141/1/141 
f 141/1/141 105/1/105 104/1/104 
f 142/1/142 143/1/143 141/1/141 
f 141/1/141 140/1/140 142/1/142 
f 137/1/137 141/1/141 143/1/143 
f 143/1/143 138/1/138 137/1/137 
f 105/1/105 141/1/141 137/1/137 
f 137/1/137 100/1/100 105/1/105 
f 109/1/109 144/1/144 145/1/145 
f 145/1/145 108/1/108 109/1/109 
f 146/1/146 147/1/147 145/1/145 
f 145/1/145 144/1/144 146/1/146 
f 140/1/140 145/1/145 147/1/147 
f 147/1/147 142/1/142 140/1/140 
f 108/1/108 145/1/145 140/1/140 
f 140/1/140 104/1/104 108/1/108 
f 148/1/148 149/1/149 150/1/150 
f 150/1/150 151/1/151 148/1/148 
f 144/1/144 150/1/150 149/1/149 
f 149/1/149 146/1/146 144/1/144 
f 112/1/112 150/1/150 144/1/144 
f 144/1/144 109/1/109 112/1/112 
f 113/1/113 151/1/151 150/1/150 
f 150/1/150 112/1/112 113/1/113 
f 152/1/152 153/1/153 154/1/154 
f 154/1/154 155/1/155 152/1/152 
f 156/1/156 154/1/154 153/1/153 
f 153/1/153 157/1/157 156/1/156 
f 58/1/58 57/1/57 154/1/154 
f 154/1/154 156/1/156 58/1/58 
f 57/1/57 55/1/55 155/1/155 
f 158/1/158 159/1/159 160/1/160 
f 160/1/160 161/1/161 158/1/158 
f 162/1/162 160/1/160 159/1/159 
f 159/1/159 163/1/163 162/1/162 
f 157/1/157 153/1/153 160/1/160 
f 160/1/160 162/1/162 157/1/157 
f 161/1/161 160/1/160 153/1/153 
f 153/1/153 152/1/152 161/1/161 
f 157/1/157 164/1/164 165/1/165 
f 165/1/165 156/1/156 157/1/157 
f 166/1/166 165/1/165 164/1/164 
f 164/1/164 167/1/167 166/1/166 
f 62/1/62 60/1/60 165/1/165 
f 165/1/165 166/1/166 62/1/62 
f 156/1/156 165/1/165 60/1/60 
f 60/1/60 58/1/58 156/1/156 
f 163/1/163 168/1/168 169/1/169 
f 169/1/169 162/1/162 163/1/163 
f 170/1/170 169/1/169 168/1/168 
f 168/1/168 171/1/171 170/1/170 
f 167/1/167 164/1/164 169/1/169 
f 169/1/169 170/1/170 167/1/167 
f 162/1/162 169/1/169 164/1/164 
f 164/1/164 157/1/157 162/1/162 
f 172/1/172 173/1/173 174/1/174 
f 174/1/174 175/1/175 172/1/172 
f 176/1/176 174/1/174 173/1/173 
f 173/1/173 177/1/177 176/1/176 
f 171/1/171 168/1/168 174/1/174 
f 174/1/174 176/1/176 171/1/171 
f 175/1/175 174/1/174 168/1/168 
f 168/1/168 163/1/163 175/1/175 
f 167/1/167 178/1/178 179/1/179 
f 179/1/179 166/1/166 167/1/167 
f 180/1/180 179/1/179 178/1/178 
f 178/1/178 181/1/181 180/1/180 
f 66/1/66 64/1/64 179/1/179 
f 179/1/179 180/1/180 66/1/66 
f 166/1/166 179/1/179 64/1/64 
f 64/1/64 62/1/62 166/1/166 
f 182/1/182 183/1/183 184/1/184 
f 184/1/184 185/1/185 182/1/182 
f 176/1/176 184/1/184 183/1/183 
f 183/1/183 171/1/171 176/1/176 
f 177/1/177 186/1/186 184/1/184 
f 184/1/184 176/1/176 177/1/177 
f 185/1/185 184/1/184 186/1/186 
f 186/1/186 187/1/187 185/1/185 
f 171/1/171 183/1/183 188/1/188 
f 188/1/188 170/1/170 171/1/171 
f 189/1/189 188/1/188 183/1/183 
f 183/1/183 182/1/182 189/1/189 
f 181/1/181 178/1/178 188/1/188 
f 188/1/188 189/1/189 181/1/181 
f 170/1/170 188/1/188 178/1/178 
f 178/1/178 167/1/167 170/1/170 
f 190/1/190 180/1/180 181/1/181 
f 191/1/191 192/1/192 193/1/193 
f 72/1/72 70/1/70 190/1/190 
f 190/1/190 193/1/193 72/1/72 
f 180/1/180 190/1/190 70/1/70 
f 70/1/70 66/1/66 180/1/180 
f 194/1/194 193/1/193 192/1/192 
f 195/1/195 194/1/194 196/1/196 
f 196/1/196 197/1/197 195/1/195 
f 76/1/76 79/1/79 194/1/194 
f 194/1/194 195/1/195 76/1/76 
f 193/1/193 194/1/194 79/1/79 
f 79/1/79 72/1/72 193/1/193 
f 182/1/182 198/1/198 199/1/199 
f 199/1/199 189/1/189 182/1/182 
f 200/1/200 199/1/199 198/1/198 
f 198/1/198 201/1/201 200/1/200 
f 192/1/192 191/1/191 199/1/199 
f 199/1/199 200/1/200 192/1/192 
f 189/1/189 199/1/199 191/1/191 
f 191/1/191 181/1/181 189/1/189 
f 187/1/187 202/1/202 203/1/203 
f 203/1/203 185/1/185 187/1/187 
f 204/1/204 203/1/203 202/1/202 
f 202/1/202 205/1/205 204/1/204 
f 201/1/201 198/1/198 203/1/203 
f 203/1/203 204/1/204 201/1/201 
f 185/1/185 203/1/203 198/1/198 
f 198/1/198 182/1/182 185/1/185 
f 201/1/201 206/1/206 207/1/207 
f 207/1/207 200/1/200 201/1/201 
f 208/1/208 207/1/207 206/1/206 
f 206/1/206 209/1/209 208/1/208 
f 197/1/197 196/1/196 207/1/207 
f 207/1/207 208/1/208 197/1/197 
f 200/1/200 207/1/207 196/1/196 
f 196/1/196 192/1/192 200/1/200 
f 205/1/205 210/1/210 211/1/211 
f 211/1/211 204/1/204 205/1/205 
f 212/1/212 211/1/211 210/1/210 
f 210/1/210 213/1/213 212/1/212 
f 209/1/209 206/1/206 211/1/211 
f 211/1/211 212/1/212 209/1/209 
f 204/1/204 211/1/211 206/1/206 
f 206/1/206 201/1/201 204/1/204 
f 209/1/209 214/1/214 215/1/215 
f 215/1/215 208/1/208 209/1/209 
f 216/1/216 215/1/215 214/1/214 
f 214/1/214 217/1/217 216/1/216 
f 218/1/218 219/1/219 215/1/215 
f 215/1/215 216/1/216 218/1/218 
f 208/1/208 215/1/215 219/1/219 
f 219/1/219 197/1/197 208/1/208 
f 213/1/213 220/1/220 221/1/221 
f 221/1/221 212/1/212 213/1/213 
f 222/1/222 221/1/221 220/1/220 
f 220/1/220 223/1/223 222/1/222 
f 217/1/217 214/1/214 221/1/221 
f 221/1/221 222/1/222 217/1/217 
f 212/1/212 221/1/221 214/1/214 
f 214/1/214 209/1/209 212/1/212 
f 223/1/223 224/1/224 225/1/225 
f 225/1/225 222/1/222 223/1/223 
f 226/1/226 225/1/225 224/1/224 
f 224/1/224 227/1/227 226/1/226 
f 228/1/228 229/1/229 225/1/225 
f 225/1/225 226/1/226 228/1/228 
f 222/1/222 225/1/225 229/1/229 
f 229/1/229 217/1/217 222/1/222 
f 230/1/230 231/1/231 232/1/232 
f 232/1/232 233/1/233 230/1/230 
f 226/1/226 232/1/232 231/1/231 
f 231/1/231 228/1/228 226/1/226 
f 227/1/227 234/1/234 232/1/232 
f 232/1/232 226/1/226 227/1/227 
f 233/1/233 232/1/232 234/1/234 
f 234/1/234 235/1/235 233/1/233 
f 235/1/235 236/1/236 237/1/237 
f 237/1/237 233/1/233 235/1/235 
f 238/1/238 237/1/237 236/1/236 
f 236/1/236 239/1/239 238/1/238 
f 240/1/240 241/1/241 237/1/237 
f 237/1/237 238/1/238 240/1/240 
f 233/1/233 237/1/237 241/1/241 
f 241/1/241 230/1/230 233/1/233 
f 134/1/134 132/1/132 242/1/242 
f 242/1/242 243/1/243 134/1/134 
f 244/1/244 242/1/242 132/1/132 
f 132/1/132 128/1/128 244/1/244 
f 245/1/245 246/1/246 242/1/242 
f 242/1/242 244/1/244 245/1/245 
f 243/1/243 242/1/242 246/1/246 
f 246/1/246 247/1/247 243/1/243 
f 139/1/139 248/1/248 244/1/244 
f 244/1/244 128/1/128 139/1/139 
f 249/1/249 248/1/248 139/1/139 
f 139/1/139 138/1/138 249/1/249 
f 250/1/250 251/1/251 248/1/248 
f 248/1/248 249/1/249 250/1/250 
f 244/1/244 248/1/248 251/1/251 
f 251/1/251 245/1/245 244/1/244 
f 138/1/138 143/1/143 252/1/252 
f 252/1/252 249/1/249 138/1/138 
f 253/1/253 252/1/252 143/1/143 
f 143/1/143 142/1/142 253/1/253 
f 254/1/254 255/1/255 252/1/252 
f 252/1/252 253/1/253 254/1/254 
f 249/1/249 252/1/252 255/1/255 
f 255/1/255 250/1/250 249/1/249 
f 142/1/142 147/1/147 256/1/256 
f 256/1/256 253/1/253 142/1/142 
f 257/1/257 256/1/256 147/1/147 
f 147/1/147 146/1/146 257/1/257 
f 258/1/258 259/1/259 256/1/256 
f 256/1/256 257/1/257 258/1/258 
f 253/1/253 256/1/256 259/1/259 
f 259/1/259 254/1/254 253/1/253 
f 254/1/254 259/1/259 260/1/260 
f 260/1/260 261/1/261 254/1/254 
f 262/1/262 260/1/260 259/1/259 
f 259/1/259 258/1/258 262/1/262 
f 263/1/263 264/1/264 260/1/260 
f 260/1/260 262/1/262 263/1/263 
f 261/1/261 260/1/260 264/1/264 
f 264/1/264 265/1/265 261/1/261 
f 266/1/266 267/1/267 268/1/268 
f 268/1/268 269/1/269 266/1/266 
f 270/1/270 268/1/268 267/1/267 
f 267/1/267 271/1/271 270/1/270 
f 177/1/177 173/1/173 268/1/268 
f 268/1/268 270/1/270 177/1/177 
f 269/1/269 268/1/268 173/1/173 
f 173/1/173 172/1/172 269/1/269 
f 271/1/271 272/1/272 273/1/273 
f 273/1/273 270/1/270 271/1/271 
f 274/1/274 273/1/273 272/1/272 
f 272/1/272 275/1/275 274/1/274 
f 187/1/187 186/1/186 273/1/273 
f 273/1/273 274/1/274 187/1/187 
f 270/1/270 273/1/273 186/1/186 
f 186/1/186 177/1/177 270/1/270 
f 275/1/275 276/1/276 277/1/277 
f 277/1/277 274/1/274 275/1/275 
f 278/1/278 277/1/277 276/1/276 
f 276/1/276 279/1/279 278/1/278 
f 205/1/205 202/1/202 277/1/277 
f 277/1/277 278/1/278 205/1/205 
f 274/1/274 277/1/277 202/1/202 
f 202/1/202 187/1/187 274/1/274 
f 279/1/279 280/1/280 281/1/281 
f 281/1/281 278/1/278 279/1/279 
f 282/1/282 281/1/281 280/1/280 
f 280/1/280 283/1/283 282/1/282 
f 213/1/213 210/1/210 281/1/281 
f 281/1/281 282/1/282 213/1/213 
f 278/1/278 281/1/281 210/1/210 
f 210/1/210 205/1/205 278/1/278 
f 283/1/283 284/1/284 285/1/285 
f 285/1/285 282/1/282 283/1/283 
f 286/1/286 285/1/285 284/1/284 
f 284/1/284 287/1/287 286/1/286 
f 223/1/223 220/1/220 285/1/285 
f 285/1/285 286/1/286 223/1/223 
f 282/1/282 285/1/285 220/1/220 
f 220/1/220 213/1/213 282/1/282 
f 287/1/287 288/1/288 289/1/289 
f 289/1/289 286/1/286 287/1/287 
f 290/1/290 289/1/289 288/1/288 
f 288/1/288 291/1/291 290/1/290 
f 227/1/227 224/1/224 289/1/289 
f 289/1/289 290/1/290 227/1/227 
f 286/1/286 289/1/289 224/1/224 
f 224/1/224 223/1/223 286/1/286 
f 291/1/291 292/1/292 293/1/293 
f 293/1/293 290/1/290 291/1/291 
f 294/1/294 293/1/293 292/1/292 
f 292/1/292 295/1/295 294/1/294 
f 235/1/235 234/1/234 293/1/293 
f 293/1/293 294/1/294 235/1/235 
f 290/1/290 293/1/293 234/1/234 
f 234/1/234 227/1/227 290/1/290 
f 295/1/295 296/1/296 297/1/297 
f 297/1/297 294/1/294 295/1/295 
f 298/1/298 297/1/297 296/1/296 
f 296/1/296 299/1/299 298/1/298 
f 239/1/239 236/1/236 297/1/297 
f 297/1/297 298/1/298 239/1/239 
f 294/1/294 297/1/297 236/1/236 
f 236/1/236 235/1/235 294/1/294 
f 300/1/300 301/1/301 302/1/302 
f 302/1/302 303/1/303 300/1/300 
f 304/1/304 302/1/302 301/1/301 
f 301/1/301 305/1/305 304/1/304 
f 266/1/266 306/1/306 302/1/302 
f 302/1/302 304/1/304 266/1/266 
f 303/1/303 302/1/302 306/1/306 
f 306/1/306 307/1/307 303/1/303 
f 305/1/305 308/1/308 309/1/309 
f 309/1/309 304/1/304 305/1/305 
f 310/1/310 309/1/309 308/1/308 
f 308/1/308 311/1/311 310/1/310 
f 271/1/271 267/1/267 309/1/309 
f 309/1/309 310/1/310 271/1/271 
f 304/1/304 309/1/309 267/1/267 
f 267/1/267 266/1/266 304/1/304 
f 311/1/311 312/1/312 313/1/313 
f 313/1/313 310/1/310 311/1/311 
f 314/1/314 313/1/313 312/1/312 
f 312/1/312 315/1/315 314/1/314 
f 275/1/275 272/1/272 313/1/313 
f 313/1/313 314/1/314 275/1/275 
f 310/1/310 313/1/313 272/1/272 
f 272/1/272 271/1/271 310/1/310 
f 315/1/315 316/1/316 317/1/317 
f 317/1/317 314/1/314 315/1/315 
f 318/1/318 317/1/317 316/1/316 
f 316/1/316 319/1/319 318/1/318 
f 279/1/279 276/1/276 317/1/317 
f 317/1/317 318/1/318 279/1/279 
f 314/1/314 317/1/317 276/1/276 
f 276/1/276 275/1/275 314/1/314 
f 319/1/319 320/1/320 321/1/321 
f 321/1/321 318/1/318 319/1/319 
f 322/1/322 321/1/321 320/1/320 
f 320/1/320 323/1/323 322/1/322 
f 283/1/283 280/1/280 321/1/321 
f 321/1/321 322/1/322 283/1/283 
f 318/1/318 321/1/321 280/1/280 
f 280/1/280 279/1/279 318/1/318 
f 323/1/323 324/1/324 325/1/325 
f 325/1/325 322/1/322 323/1/323 
f 326/1/326 325/1/325 324/1/324 
f 324/1/324 327/1/327 326/1/326 
f 287/1/287 284/1/284 325/1/325 
f 325/1/325 326/1/326 287/1/287 
f 322/1/322 325/1/325 284/1/284 
f 284/1/284 283/1/283 322/1/322 
f 327/1/327 328/1/328 329/1/329 
f 329/1/329 326/1/326 327/1/327 
f 330/1/330 329/1/329 328/1/328 
f 328/1/328 331/1/331 330/1/330 
f 291/1/291 288/1/288 329/1/329 
f 329/1/329 330/1/330 291/1/291 
f 326/1/326 329/1/329 288/1/288 
f 288/1/288 287/1/287 326/1/326 
f 331/1/331 332/1/332 333/1/333 
f 333/1/333 330/1/330 331/1/331 
f 334/1/334 333/1/333 332/1/332 
f 332/1/332 335/1/335 334/1/334 
f 295/1/295 292/1/292 333/1/333 
f 333/1/333 334/1/334 295/1/295 
f 330/1/330 333/1/333 292/1/292 
f 292/1/292 291/1/291 330/1/330 
f 336/1/336 337/1/337 338/1/338 
f 338/1/338 339/1/339 336/1/336 
f 340/1/340 338/1/338 337/1/337 
f 337/1/337 341/1/341 340/1/340 
f 300/1/300 342/1/342 338/1/338 
f 338/1/338 340/1/340 300/1/300 
f 339/1/339 338/1/338 342/1/342 
f 342/1/342 343/1/343 339/1/339 
f 341/1/341 344/1/344 345/1/345 
f 345/1/345 340/1/340 341/1/341 
f 346/1/346 345/1/345 344/1/344 
f 344/1/344 347/1/347 346/1/346 
f 305/1/305 301/1/301 345/1/345 
f 345/1/345 346/1/346 305/1/305 
f 340/1/340 345/1/345 301/1/301 
f 301/1/301 300/1/300 340/1/340 
f 347/1/347 348/1/348 349/1/349 
f 349/1/349 346/1/346 347/1/347 
f 350/1/350 349/1/349 348/1/348 
f 348/1/348 351/1/351 350/1/350 
f 311/1/311 308/1/308 349/1/349 
f 349/1/349 350/1/350 311/1/311 
f 346/1/346 349/1/349 308/1/308 
f 308/1/308 305/1/305 346/1/346 
f 351/1/351 352/1/352 353/1/353 
f 353/1/353 350/1/350 351/1/351 
f 354/1/354 353/1/353 352/1/352 
f 352/1/352 355/1/355 354/1/354 
f 315/1/315 312/1/312 353/1/353 
f 353/1/353 354/1/354 315/1/315 
f 350/1/350 353/1/353 312/1/312 
f 312/1/312 311/1/311 350/1/350 
f 355/1/355 356/1/356 357/1/357 
f 357/1/357 354/1/354 355/1/355 
f 358/1/358 357/1/357 356/1/356 
f 356/1/356 359/1/359 358/1/358 
f 319/1/319 316/1/316 357/1/357 
f 357/1/357 358/1/358 319/1/319 
f 354/1/354 357/1/357 316/1/316 
f 316/1/316 315/1/315 354/1/354 
f 359/1/359 360/1/360 361/1/361 
f 361/1/361 358/1/358 359/1/359 
f 362/1/362 361/1/361 360/1/360 
f 360/1/360 363/1/363 362/1/362 
f 323/1/323 320/1/320 361/1/361 
f 361/1/361 362/1/362 323/1/323 
f 358/1/358 361/1/361 320/1/320 
f 320/1/320 319/1/319 358/1/358 
f 363/1/363 364/1/364 365/1/365 
f 365/1/365 362/1/362 363/1/363 
f 366/1/366 365/1/365 364/1/364 
f 364/1/364 367/1/367 366/1/366 
f 327/1/327 324/1/324 365/1/365 
f 365/1/365 366/1/366 327/1/327 
f 362/1/362 365/1/365 324/1/324 
f 324/1/324 323/1/323 362/1/362 
f 367/1/367 368/1/368 369/1/369 
f 369/1/369 366/1/366 367/1/367 
f 370/1/370 369/1/369 368/1/368 
f 368/1/368 371/1/371 370/1/370 
f 331/1/331 328/1/328 369/1/369 
f 369/1/369 370/1/370 331/1/331 
f 366/1/366 369/1/369 328/1/328 
f 328/1/328 327/1/327 366/1/366 
f 371/1/371 372/1/372 373/1/373 
f 373/1/373 370/1/370 371/1/371 
f 374/1/374 373/1/373 372/1/372 
f 372/1/372 375/1/375 374/1/374 
f 335/1/335 332/1/332 373/1/373 
f 373/1/373 374/1/374 335/1/335 
f 370/1/370 373/1/373 332/1/332 
f 332/1/332 331/1/331 370/1/370 
f 376/1/376 377/1/377 378/1/378 
f 378/1/378 379/1/379 376/1/376 
f 380/1/380 377/1/377 376/1/376 
f 376/1/376 381/1/381 380/1/380 
f 35/1/35 83/1/83 377/1/377 
f 377/1/377 380/1/380 35/1/35 
f 378/1/378 377/1/377 83/1/83 
f 83/1/83 82/1/82 378/1/378 
f 382/1/382 32/1/32 37/1/37 
f 383/1/383 382/1/382 384/1/384 
f 384/1/384 385/1/385 383/1/383 
f 1/1/1 4/1/4 382/1/382 
f 382/1/382 383/1/383 1/1/1 
f 4/1/4 9/1/9 32/1/32 
f 1/1/1 383/1/383 386/1/386 
f 386/1/386 18/1/18 1/1/1 
f 387/1/387 386/1/386 383/1/383 
f 383/1/383 385/1/385 387/1/387 
f 388/1/388 389/1/389 386/1/386 
f 386/1/386 387/1/387 388/1/388 
f 18/1/18 386/1/386 389/1/389 
f 389/1/389 19/1/19 18/1/18 
f 388/1/388 387/1/387 390/1/390 
f 390/1/390 391/1/391 388/1/388 
f 387/1/387 385/1/385 392/1/392 
f 393/1/393 394/1/394 390/1/390 
f 390/1/390 392/1/392 393/1/393 
f 391/1/391 390/1/390 394/1/394 
f 394/1/394 395/1/395 391/1/391 
f 381/1/381 396/1/396 397/1/397 
f 397/1/397 380/1/380 381/1/381 
f 384/1/384 397/1/397 396/1/396 
f 396/1/396 385/1/385 384/1/384 
f 37/1/37 36/1/36 397/1/397 
f 397/1/397 384/1/384 37/1/37 
f 380/1/380 397/1/397 36/1/36 
f 36/1/36 35/1/35 380/1/380 
f 398/1/398 399/1/399 393/1/393 
f 392/1/392 385/1/385 396/1/396 
f 396/1/396 381/1/381 399/1/399 
f 400/1/400 401/1/401 402/1/402 
f 402/1/402 403/1/403 400/1/400 
f 404/1/404 402/1/402 401/1/401 
f 401/1/401 405/1/405 404/1/404 
f 406/1/406 407/1/407 402/1/402 
f 402/1/402 404/1/404 406/1/406 
f 403/1/403 402/1/402 407/1/407 
f 407/1/407 408/1/408 403/1/403 
f 405/1/405 409/1/409 410/1/410 
f 410/1/410 404/1/404 405/1/405 
f 411/1/411 410/1/410 409/1/409 
f 409/1/409 412/1/412 411/1/411 
f 413/1/413 414/1/414 410/1/410 
f 410/1/410 411/1/411 413/1/413 
f 404/1/404 410/1/410 414/1/414 
f 414/1/414 406/1/406 404/1/404 
f 412/1/412 415/1/415 416/1/416 
f 416/1/416 411/1/411 412/1/412 
f 417/1/417 416/1/416 415/1/415 
f 415/1/415 418/1/418 417/1/417 
f 419/1/419 420/1/420 416/1/416 
f 416/1/416 417/1/417 419/1/419 
f 411/1/411 416/1/416 420/1/420 
f 420/1/420 413/1/413 411/1/411 
f 418/1/418 421/1/421 422/1/422 
f 422/1/422 417/1/417 418/1/418 
f 423/1/423 422/1/422 421/1/421 
f 421/1/421 424/1/424 423/1/423 
f 425/1/425 426/1/426 422/1/422 
f 422/1/422 423/1/423 425/1/425 
f 417/1/417 422/1/422 426/1/426 
f 426/1/426 419/1/419 417/1/417 
f 427/1/427 428/1/428 429/1/429 
f 429/1/429 430/1/430 427/1/427 
f 431/1/431 429/1/429 428/1/428 
f 428/1/428 432/1/432 431/1/431 
f 433/1/433 434/1/434 429/1/429 
f 429/1/429 431/1/431 433/1/433 
f 430/1/430 429/1/429 434/1/434 
f 434/1/434 424/1/424 430/1/430 
f 435/1/435 436/1/436 437/1/437 
f 437/1/437 438/1/438 435/1/435 
f 423/1/423 437/1/437 436/1/436 
f 436/1/436 425/1/425 423/1/423 
f 424/1/424 434/1/434 437/1/437 
f 437/1/437 423/1/423 424/1/424 
f 434/1/434 433/1/433 438/1/438 
f 439/1/439 440/1/440 441/1/441 
f 441/1/441 442/1/442 439/1/439 
f 443/1/443 441/1/441 440/1/440 
f 440/1/440 444/1/444 443/1/443 
f 379/1/379 378/1/378 441/1/441 
f 441/1/441 443/1/443 379/1/379 
f 442/1/442 441/1/441 378/1/378 
f 378/1/378 82/1/82 442/1/442 
f 445/1/445 446/1/446 447/1/447 
f 447/1/447 448/1/448 445/1/445 
f 442/1/442 447/1/447 446/1/446 
f 446/1/446 439/1/439 442/1/442 
f 82/1/82 85/1/85 447/1/447 
f 447/1/447 442/1/442 82/1/82 
f 448/1/448 447/1/447 85/1/85 
f 85/1/85 89/1/89 448/1/448 
f 123/1/123 122/1/122 449/1/449 
f 449/1/449 450/1/450 123/1/123 
f 451/1/451 449/1/449 122/1/122 
f 122/1/122 121/1/121 451/1/451 
f 452/1/452 453/1/453 449/1/449 
f 449/1/449 451/1/451 452/1/452 
f 450/1/450 449/1/449 453/1/453 
f 453/1/453 454/1/454 450/1/450 
f 121/1/121 127/1/127 455/1/455 
f 455/1/455 451/1/451 121/1/121 
f 456/1/456 455/1/455 127/1/127 
f 127/1/127 126/1/126 456/1/456 
f 457/1/457 455/1/455 456/1/456 
f 456/1/456 458/1/458 457/1/457 
f 451/1/451 455/1/455 457/1/457 
f 457/1/457 452/1/452 451/1/451 
f 247/1/247 459/1/459 460/1/460 
f 460/1/460 243/1/243 247/1/247 
f 456/1/456 460/1/460 459/1/459 
f 459/1/459 458/1/458 456/1/456 
f 126/1/126 135/1/135 460/1/460 
f 460/1/460 456/1/456 126/1/126 
f 243/1/243 460/1/460 135/1/135 
f 135/1/135 134/1/134 243/1/243 
f 123/1/123 461/1/461 462/1/462 
f 462/1/462 119/1/119 123/1/123 
f 461/1/461 463/1/463 464/1/464 
f 445/1/445 448/1/448 462/1/462 
f 462/1/462 464/1/464 445/1/445 
f 119/1/119 462/1/462 448/1/448 
f 448/1/448 89/1/89 119/1/119 
f 465/1/465 466/1/466 467/1/467 
f 468/1/468 465/1/465 469/1/469 
f 469/1/469 470/1/470 468/1/468 
f 444/1/444 440/1/440 465/1/465 
f 465/1/465 468/1/468 444/1/444 
f 466/1/466 465/1/465 440/1/440 
f 440/1/440 439/1/439 466/1/466 
f 463/1/463 471/1/471 472/1/472 
f 472/1/472 464/1/464 463/1/463 
f 471/1/471 467/1/467 466/1/466 
f 439/1/439 446/1/446 472/1/472 
f 472/1/472 466/1/466 439/1/439 
f 464/1/464 472/1/472 446/1/446 
f 446/1/446 445/1/445 464/1/464 
f 454/1/454 473/1/473 474/1/474 
f 474/1/474 450/1/450 454/1/454 
f 473/1/473 463/1/463 461/1/461 
f 450/1/450 474/1/474 461/1/461 
f 461/1/461 123/1/123 450/1/450 
f 454/1/454 453/1/453 475/1/475 
f 475/1/475 476/1/476 454/1/454 
f 477/1/477 475/1/475 453/1/453 
f 453/1/453 452/1/452 477/1/477 
f 478/1/478 479/1/479 475/1/475 
f 475/1/475 477/1/477 478/1/478 
f 476/1/476 475/1/475 479/1/479 
f 479/1/479 480/1/480 476/1/476 
f 463/1/463 473/1/473 481/1/481 
f 481/1/481 482/1/482 463/1/463 
f 476/1/476 481/1/481 473/1/473 
f 473/1/473 454/1/454 476/1/476 
f 480/1/480 483/1/483 481/1/481 
f 481/1/481 476/1/476 480/1/480 
f 482/1/482 481/1/481 483/1/483 
f 483/1/483 484/1/484 482/1/482 
f 485/1/485 482/1/482 484/1/484 
f 486/1/486 487/1/487 488/1/488 
f 485/1/485 488/1/488 467/1/467 
f 482/1/482 485/1/485 471/1/471 
f 471/1/471 463/1/463 482/1/482 
f 489/1/489 488/1/488 487/1/487 
f 490/1/490 489/1/489 491/1/491 
f 491/1/491 492/1/492 490/1/490 
f 467/1/467 488/1/488 489/1/489 
f 489/1/489 490/1/490 467/1/467 
f 493/1/493 490/1/490 492/1/492 
f 494/1/494 495/1/495 496/1/496 
f 470/1/470 469/1/469 493/1/493 
f 493/1/493 496/1/496 470/1/470 
f 490/1/490 493/1/493 469/1/469 
f 469/1/469 467/1/467 490/1/490 
f 497/1/497 498/1/498 499/1/499 
f 499/1/499 500/1/500 497/1/497 
f 498/1/498 501/1/501 502/1/502 
f 492/1/492 491/1/491 499/1/499 
f 499/1/499 502/1/502 492/1/492 
f 500/1/500 499/1/499 491/1/491 
f 491/1/491 487/1/487 500/1/500 
f 503/1/503 504/1/504 505/1/505 
f 505/1/505 506/1/506 503/1/503 
f 500/1/500 505/1/505 504/1/504 
f 504/1/504 497/1/497 500/1/500 
f 487/1/487 486/1/486 505/1/505 
f 505/1/505 500/1/500 487/1/487 
f 506/1/506 505/1/505 486/1/486 
f 486/1/486 484/1/484 506/1/506 
f 507/1/507 508/1/508 509/1/509 
f 509/1/509 510/1/510 507/1/507 
f 506/1/506 509/1/509 508/1/508 
f 508/1/508 503/1/503 506/1/506 
f 484/1/484 483/1/483 509/1/509 
f 509/1/509 506/1/506 484/1/484 
f 510/1/510 509/1/509 483/1/483 
f 483/1/483 480/1/480 510/1/510 
f 511/1/511 512/1/512 513/1/513 
f 513/1/513 514/1/514 511/1/511 
f 510/1/510 512/1/512 511/1/511 
f 511/1/511 507/1/507 510/1/510 
f 480/1/480 479/1/479 512/1/512 
f 512/1/512 510/1/510 480/1/480 
f 478/1/478 513/1/513 512/1/512 
f 512/1/512 479/1/479 478/1/478 
f 515/1/515 516/1/516 517/1/517 
f 517/1/517 518/1/518 515/1/515 
f 519/1/519 517/1/517 516/1/516 
f 516/1/516 520/1/520 519/1/519 
f 496/1/496 517/1/517 519/1/519 
f 519/1/519 470/1/470 496/1/496 
f 518/1/518 517/1/517 496/1/496 
f 496/1/496 495/1/495 518/1/518 
f 408/1/408 407/1/407 521/1/521 
f 521/1/521 522/1/522 408/1/408 
f 523/1/523 521/1/521 407/1/407 
f 407/1/407 406/1/406 523/1/523 
f 524/1/524 525/1/525 521/1/521 
f 521/1/521 523/1/523 524/1/524 
f 522/1/522 521/1/521 525/1/525 
f 525/1/525 526/1/526 522/1/522 
f 527/1/527 528/1/528 529/1/529 
f 529/1/529 530/1/530 527/1/527 
f 531/1/531 529/1/529 528/1/528 
f 528/1/528 532/1/532 531/1/531 
f 520/1/520 516/1/516 529/1/529 
f 529/1/529 531/1/531 520/1/520 
f 530/1/530 529/1/529 516/1/516 
f 516/1/516 515/1/515 530/1/530 
f 526/1/526 525/1/525 533/1/533 
f 533/1/533 534/1/534 526/1/526 
f 535/1/535 533/1/533 525/1/525 
f 525/1/525 524/1/524 535/1/535 
f 532/1/532 528/1/528 533/1/533 
f 533/1/533 535/1/535 532/1/532 
f 534/1/534 533/1/533 528/1/528 
f 528/1/528 527/1/527 534/1/534 
f 470/1/470 519/1/519 536/1/536 
f 536/1/536 468/1/468 470/1/470 
f 537/1/537 536/1/536 519/1/519 
f 519/1/519 520/1/520 537/1/537 
f 538/1/538 539/1/539 536/1/536 
f 536/1/536 537/1/537 538/1/538 
f 468/1/468 536/1/536 539/1/539 
f 539/1/539 444/1/444 468/1/468 
f 406/1/406 414/1/414 540/1/540 
f 540/1/540 523/1/523 406/1/406 
f 541/1/541 540/1/540 414/1/414 
f 414/1/414 413/1/413 541/1/541 
f 542/1/542 543/1/543 540/1/540 
f 540/1/540 541/1/541 542/1/542 
f 523/1/523 540/1/540 543/1/543 
f 543/1/543 524/1/524 523/1/523 
f 520/1/520 531/1/531 544/1/544 
f 544/1/544 537/1/537 520/1/520 
f 545/1/545 544/1/544 531/1/531 
f 531/1/531 532/1/532 545/1/545 
f 546/1/546 547/1/547 544/1/544 
f 544/1/544 545/1/545 546/1/546 
f 537/1/537 544/1/544 547/1/547 
f 547/1/547 538/1/538 537/1/537 
f 542/1/542 548/1/548 549/1/549 
f 549/1/549 543/1/543 542/1/542 
f 545/1/545 549/1/549 548/1/548 
f 548/1/548 546/1/546 545/1/545 
f 532/1/532 535/1/535 549/1/549 
f 549/1/549 545/1/545 532/1/532 
f 543/1/543 549/1/549 535/1/535 
f 535/1/535 524/1/524 543/1/543 
f 444/1/444 539/1/539 550/1/550 
f 550/1/550 443/1/443 444/1/444 
f 539/1/539 538/1/538 551/1/551 
f 550/1/550 551/1/551 552/1/552 
f 443/1/443 550/1/550 553/1/553 
f 553/1/553 379/1/379 443/1/443 
f 413/1/413 420/1/420 554/1/554 
f 554/1/554 541/1/541 413/1/413 
f 555/1/555 554/1/554 420/1/420 
f 420/1/420 419/1/419 555/1/555 
f 556/1/556 557/1/557 554/1/554 
f 554/1/554 555/1/555 556/1/556 
f 541/1/541 554/1/554 557/1/557 
f 557/1/557 542/1/542 541/1/541 
f 558/1/558 551/1/551 538/1/538 
f 559/1/559 558/1/558 547/1/547 
f 547/1/547 546/1/546 559/1/559 
f 560/1/560 561/1/561 558/1/558 
f 558/1/558 559/1/559 560/1/560 
f 561/1/561 552/1/552 551/1/551 
f 556/1/556 562/1/562 563/1/563 
f 563/1/563 557/1/557 556/1/556 
f 559/1/559 563/1/563 562/1/562 
f 562/1/562 560/1/560 559/1/559 
f 546/1/546 548/1/548 563/1/563 
f 563/1/563 559/1/559 546/1/546 
f 557/1/557 563/1/563 548/1/548 
f 548/1/548 542/1/542 557/1/557 
f 556/1/556 555/1/555 564/1/564 
f 564/1/564 565/1/565 556/1/556 
f 419/1/419 426/1/426 564/1/564 
f 564/1/564 555/1/555 419/1/419 
f 566/1/566 564/1/564 426/1/426 
f 426/1/426 425/1/425 566/1/566 
f 565/1/565 564/1/564 566/1/566 
f 566/1/566 567/1/567 565/1/565 
f 379/1/379 553/1/553 568/1/568 
f 568/1/568 376/1/376 379/1/379 
f 553/1/553 552/1/552 569/1/569 
f 568/1/568 569/1/569 570/1/570 
f 376/1/376 568/1/568 571/1/571 
f 571/1/571 381/1/381 376/1/376 
f 552/1/552 561/1/561 572/1/572 
f 572/1/572 569/1/569 552/1/552 
f 573/1/573 572/1/572 561/1/561 
f 561/1/561 560/1/560 573/1/573 
f 574/1/574 575/1/575 572/1/572 
f 572/1/572 573/1/573 574/1/574 
f 569/1/569 572/1/572 575/1/575 
f 575/1/575 570/1/570 569/1/569 
f 567/1/567 576/1/576 577/1/577 
f 577/1/577 565/1/565 567/1/567 
f 573/1/573 577/1/577 576/1/576 
f 576/1/576 574/1/574 573/1/573 
f 560/1/560 562/1/562 577/1/577 
f 577/1/577 573/1/573 560/1/560 
f 565/1/565 577/1/577 562/1/562 
f 562/1/562 556/1/556 565/1/565 
f 578/1/578 579/1/579 436/1/436 
f 436/1/436 435/1/435 578/1/578 
f 580/1/580 579/1/579 578/1/578 
f 578/1/578 581/1/581 580/1/580 
f 567/1/567 566/1/566 579/1/579 
f 579/1/579 580/1/580 567/1/567 
f 425/1/425 436/1/436 579/1/579 
f 579/1/579 566/1/566 425/1/425 
f 582/1/582 583/1/583 584/1/584 
f 399/1/399 582/1/582 585/1/585 
f 585/1/585 393/1/393 399/1/399 
f 582/1/582 399/1/399 381/1/381 
f 583/1/583 582/1/582 571/1/571 
f 571/1/571 570/1/570 583/1/583 
f 581/1/581 586/1/586 587/1/587 
f 587/1/587 580/1/580 581/1/581 
f 588/1/588 587/1/587 586/1/586 
f 586/1/586 589/1/589 588/1/588 
f 587/1/587 588/1/588 574/1/574 
f 580/1/580 587/1/587 576/1/576 
f 576/1/576 567/1/567 580/1/580 
f 589/1/589 590/1/590 591/1/591 
f 591/1/591 588/1/588 589/1/589 
f 583/1/583 591/1/591 590/1/590 
f 590/1/590 584/1/584 583/1/583 
f 570/1/570 575/1/575 591/1/591 
f 591/1/591 583/1/583 570/1/570 
f 588/1/588 591/1/591 575/1/575 
f 575/1/575 574/1/574 588/1/588 
f 307/1/307 592/1/592 593/1/593 
f 593/1/593 303/1/303 307/1/307 
f 594/1/594 593/1/593 592/1/592 
f 592/1/592 595/1/595 594/1/594 
f 343/1/343 342/1/342 593/1/593 
f 593/1/593 594/1/594 343/1/343 
f 303/1/303 593/1/593 342/1/342 
f 342/1/342 300/1/300 303/1/303 
f 596/1/596 597/1/597 598/1/598 
f 155/1/155 596/1/596 599/1/599 
f 599/1/599 152/1/152 155/1/155 
f 596/1/596 155/1/155 55/1/55 
f 597/1/597 596/1/596 52/1/52 
f 52/1/52 51/1/51 597/1/597 
f 600/1/600 601/1/601 592/1/592 
f 592/1/592 307/1/307 600/1/600 
f 602/1/602 603/1/603 601/1/601 
f 601/1/601 600/1/600 602/1/602 
f 604/1/604 601/1/601 603/1/603 
f 603/1/603 605/1/605 604/1/604 
f 595/1/595 592/1/592 601/1/601 
f 601/1/601 604/1/604 595/1/595 
f 175/1/175 606/1/606 607/1/607 
f 607/1/607 172/1/172 175/1/175 
f 163/1/163 159/1/159 606/1/606 
f 606/1/606 175/1/175 163/1/163 
f 158/1/158 608/1/608 606/1/606 
f 606/1/606 159/1/159 158/1/158 
f 607/1/607 606/1/606 608/1/608 
f 608/1/608 602/1/602 607/1/607 
f 602/1/602 608/1/608 609/1/609 
f 609/1/609 610/1/610 602/1/602 
f 161/1/161 609/1/609 608/1/608 
f 608/1/608 158/1/158 161/1/161 
f 152/1/152 599/1/599 609/1/609 
f 609/1/609 161/1/161 152/1/152 
f 610/1/610 609/1/609 599/1/599 
f 599/1/599 598/1/598 610/1/610 
f 605/1/605 603/1/603 611/1/611 
f 611/1/611 612/1/612 605/1/605 
f 610/1/610 611/1/611 603/1/603 
f 603/1/603 602/1/602 610/1/610 
f 598/1/598 612/1/612 611/1/611 
f 611/1/611 610/1/610 598/1/598 
f 172/1/172 607/1/607 613/1/613 
f 613/1/613 269/1/269 172/1/172 
f 600/1/600 613/1/613 607/1/607 
f 607/1/607 602/1/602 600/1/600 
f 307/1/307 306/1/306 613/1/613 
f 613/1/613 600/1/600 307/1/307 
f 269/1/269 613/1/613 306/1/306 
f 306/1/306 266/1/266 269/1/269 
f 452/1/452 457/1/457 614/1/614 
f 614/1/614 477/1/477 452/1/452 
f 615/1/615 614/1/614 457/1/457 
f 457/1/457 458/1/458 615/1/615 
f 616/1/616 617/1/617 614/1/614 
f 614/1/614 615/1/615 616/1/616 
f 617/1/617 478/1/478 477/1/477 
f 618/1/618 619/1/619 617/1/617 
f 617/1/617 616/1/616 618/1/618 
f 620/1/620 621/1/621 619/1/619 
f 619/1/619 618/1/618 620/1/620 
f 514/1/514 513/1/513 619/1/619 
f 619/1/619 621/1/621 514/1/514 
f 617/1/617 619/1/619 513/1/513 
f 513/1/513 478/1/478 617/1/617 
f 621/1/621 620/1/620 622/1/622 
f 623/1/623 622/1/622 624/1/624 
f 621/1/621 623/1/623 625/1/625 
f 625/1/625 514/1/514 621/1/621 
f 507/1/507 511/1/511 626/1/626 
f 626/1/626 627/1/627 507/1/507 
f 514/1/514 625/1/625 626/1/626 
f 626/1/626 511/1/511 514/1/514 
f 626/1/626 625/1/625 624/1/624 
f 628/1/628 629/1/629 627/1/627 
f 503/1/503 508/1/508 630/1/630 
f 630/1/630 631/1/631 503/1/503 
f 627/1/627 630/1/630 508/1/508 
f 508/1/508 507/1/507 627/1/627 
f 629/1/629 632/1/632 630/1/630 
f 630/1/630 627/1/627 629/1/629 
f 631/1/631 630/1/630 632/1/632 
f 632/1/632 633/1/633 631/1/631 
f 633/1/633 634/1/634 635/1/635 
f 635/1/635 631/1/631 633/1/633 
f 636/1/636 635/1/635 634/1/634 
f 634/1/634 637/1/637 636/1/636 
f 497/1/497 504/1/504 635/1/635 
f 635/1/635 636/1/636 497/1/497 
f 631/1/631 635/1/635 504/1/504 
f 504/1/504 503/1/503 631/1/631 
f 637/1/637 638/1/638 639/1/639 
f 639/1/639 636/1/636 637/1/637 
f 640/1/640 639/1/639 638/1/638 
f 638/1/638 641/1/641 640/1/640 
f 501/1/501 498/1/498 639/1/639 
f 639/1/639 640/1/640 501/1/501 
f 636/1/636 639/1/639 498/1/498 
f 498/1/498 497/1/497 636/1/636 
f 642/1/642 643/1/643 644/1/644 
f 644/1/644 645/1/645 642/1/642 
f 641/1/641 638/1/638 643/1/643 
f 643/1/643 642/1/642 641/1/641 
f 644/1/644 643/1/643 638/1/638 
f 638/1/638 637/1/637 644/1/644 
f 646/1/646 647/1/647 648/1/648 
f 648/1/648 649/1/649 646/1/646 
f 644/1/644 648/1/648 647/1/647 
f 647/1/647 645/1/645 644/1/644 
f 637/1/637 634/1/634 648/1/648 
f 648/1/648 644/1/644 637/1/637 
f 649/1/649 648/1/648 634/1/634 
f 634/1/634 633/1/633 649/1/649 
f 650/1/650 651/1/651 652/1/652 
f 652/1/652 653/1/653 650/1/650 
f 649/1/649 652/1/652 651/1/651 
f 651/1/651 646/1/646 649/1/649 
f 633/1/633 632/1/632 652/1/652 
f 652/1/652 649/1/649 633/1/633 
f 653/1/653 652/1/652 632/1/632 
f 632/1/632 629/1/629 653/1/653 
f 654/1/654 655/1/655 628/1/628 
f 628/1/628 624/1/624 654/1/654 
f 656/1/656 655/1/655 654/1/654 
f 654/1/654 657/1/657 656/1/656 
f 650/1/650 653/1/653 655/1/655 
f 655/1/655 656/1/656 650/1/650 
f 629/1/629 628/1/628 655/1/655 
f 655/1/655 653/1/653 629/1/629 
f 658/1/658 659/1/659 660/1/660 
f 657/1/657 654/1/654 661/1/661 
f 661/1/661 660/1/660 657/1/657 
f 624/1/624 622/1/622 661/1/661 
f 661/1/661 654/1/654 624/1/624 
f 620/1/620 658/1/658 661/1/661 
f 661/1/661 622/1/622 620/1/620 
f 616/1/616 662/1/662 663/1/663 
f 663/1/663 618/1/618 616/1/616 
f 662/1/662 664/1/664 665/1/665 
f 663/1/663 665/1/665 659/1/659 
f 618/1/618 663/1/663 658/1/658 
f 658/1/658 620/1/620 618/1/618 
f 615/1/615 666/1/666 662/1/662 
f 662/1/662 616/1/616 615/1/615 
f 667/1/667 666/1/666 615/1/615 
f 615/1/615 458/1/458 667/1/667 
f 666/1/666 667/1/667 668/1/668 
f 664/1/664 662/1/662 666/1/666 
f 666/1/666 669/1/669 664/1/664 
f 670/1/670 667/1/667 458/1/458 
f 459/1/459 247/1/247 671/1/671 
f 672/1/672 673/1/673 670/1/670 
f 670/1/670 671/1/671 672/1/672 
f 673/1/673 668/1/668 667/1/667 
f 247/1/247 246/1/246 674/1/674 
f 674/1/674 671/1/671 247/1/247 
f 675/1/675 674/1/674 246/1/246 
f 246/1/246 245/1/245 675/1/675 
f 676/1/676 677/1/677 674/1/674 
f 674/1/674 675/1/675 676/1/676 
f 671/1/671 674/1/674 677/1/677 
f 677/1/677 672/1/672 671/1/671 
f 245/1/245 251/1/251 678/1/678 
f 678/1/678 675/1/675 245/1/245 
f 679/1/679 678/1/678 251/1/251 
f 251/1/251 250/1/250 679/1/679 
f 678/1/678 679/1/679 680/1/680 
f 675/1/675 678/1/678 681/1/681 
f 681/1/681 676/1/676 675/1/675 
f 265/1/265 682/1/682 683/1/683 
f 683/1/683 261/1/261 265/1/265 
f 679/1/679 683/1/683 682/1/682 
f 682/1/682 680/1/680 679/1/679 
f 250/1/250 255/1/255 683/1/683 
f 683/1/683 679/1/679 250/1/250 
f 261/1/261 683/1/683 255/1/255 
f 255/1/255 254/1/254 261/1/261 
f 684/1/684 685/1/685 686/1/686 
f 687/1/687 688/1/688 689/1/689 
f 689/1/689 686/1/686 687/1/687 
f 684/1/684 689/1/689 688/1/688 
f 688/1/688 690/1/690 684/1/684 
f 680/1/680 682/1/682 691/1/691 
f 691/1/691 692/1/692 680/1/680 
f 693/1/693 691/1/691 682/1/682 
f 682/1/682 265/1/265 693/1/693 
f 694/1/694 695/1/695 691/1/691 
f 691/1/691 693/1/693 694/1/694 
f 692/1/692 691/1/691 695/1/695 
f 695/1/695 685/1/685 692/1/692 
f 265/1/265 264/1/264 696/1/696 
f 696/1/696 693/1/693 265/1/265 
f 697/1/697 696/1/696 264/1/264 
f 264/1/264 263/1/263 697/1/697 
f 698/1/698 699/1/699 696/1/696 
f 696/1/696 697/1/697 698/1/698 
f 693/1/693 696/1/696 699/1/699 
f 699/1/699 694/1/694 693/1/693 
f 263/1/263 700/1/700 701/1/701 
f 701/1/701 697/1/697 263/1/263 
f 702/1/702 701/1/701 700/1/700 
f 700/1/700 703/1/703 702/1/702 
f 704/1/704 705/1/705 701/1/701 
f 701/1/701 702/1/702 704/1/704 
f 697/1/697 701/1/701 705/1/705 
f 705/1/705 698/1/698 697/1/697 
f 706/1/706 702/1/702 703/1/703 
f 707/1/707 708/1/708 709/1/709 
f 709/1/709 706/1/706 707/1/707 
f 710/1/710 706/1/706 709/1/709 
f 709/1/709 711/1/711 710/1/710 
f 706/1/706 710/1/710 704/1/704 
f 146/1/146 149/1/149 712/1/712 
f 712/1/712 257/1/257 146/1/146 
f 713/1/713 712/1/712 149/1/149 
f 149/1/149 148/1/148 713/1/713 
f 714/1/714 715/1/715 712/1/712 
f 712/1/712 713/1/713 714/1/714 
f 257/1/257 712/1/712 715/1/715 
f 715/1/715 258/1/258 257/1/257 
f 258/1/258 715/1/715 716/1/716 
f 716/1/716 262/1/262 258/1/258 
f 717/1/717 716/1/716 715/1/715 
f 715/1/715 714/1/714 717/1/717 
f 716/1/716 717/1/717 703/1/703 
f 700/1/700 263/1/263 262/1/262 
f 714/1/714 718/1/718 719/1/719 
f 719/1/719 717/1/717 714/1/714 
f 720/1/720 719/1/719 718/1/718 
f 718/1/718 721/1/721 720/1/720 
f 708/1/708 707/1/707 719/1/719 
f 719/1/719 720/1/720 708/1/708 
f 717/1/717 719/1/719 707/1/707 
f 707/1/707 703/1/703 717/1/717 
f 151/1/151 113/1/113 116/1/116 
f 116/1/116 722/1/722 151/1/151 
f 117/1/117 723/1/723 722/1/722 
f 722/1/722 116/1/116 117/1/117 
f 724/1/724 725/1/725 722/1/722 
f 722/1/722 723/1/723 724/1/724 
f 151/1/151 722/1/722 725/1/725 
f 725/1/725 148/1/148 151/1/151 
f 148/1/148 725/1/725 726/1/726 
f 726/1/726 713/1/713 148/1/148 
f 727/1/727 726/1/726 725/1/725 
f 725/1/725 724/1/724 727/1/727 
f 721/1/721 718/1/718 726/1/726 
f 726/1/726 727/1/727 721/1/721 
f 713/1/713 726/1/726 718/1/718 
f 718/1/718 714/1/714 713/1/713 
f 721/1/721 727/1/727 728/1/728 
f 728/1/728 729/1/729 721/1/721 
f 724/1/724 730/1/730 728/1/728 
f 728/1/728 727/1/727 724/1/724 
f 731/1/731 729/1/729 728/1/728 
f 728/1/728 730/1/730 731/1/731 
f 708/1/708 720/1/720 732/1/732 
f 732/1/732 733/1/733 708/1/708 
f 729/1/729 732/1/732 720/1/720 
f 720/1/720 721/1/721 729/1/729 
f 731/1/731 734/1/734 732/1/732 
f 732/1/732 729/1/729 731/1/731 
f 733/1/733 732/1/732 734/1/734 
f 734/1/734 735/1/735 733/1/733 
f 736/1/736 686/1/686 685/1/685 
f 737/1/737 736/1/736 695/1/695 
f 695/1/695 694/1/694 737/1/737 
f 738/1/738 739/1/739 736/1/736 
f 736/1/736 737/1/737 738/1/738 
f 739/1/739 687/1/687 686/1/686 
f 740/1/740 741/1/741 742/1/742 
f 742/1/742 743/1/743 740/1/740 
f 744/1/744 742/1/742 741/1/741 
f 741/1/741 687/1/687 744/1/744 
f 745/1/745 746/1/746 742/1/742 
f 742/1/742 744/1/744 745/1/745 
f 743/1/743 742/1/742 746/1/746 
f 746/1/746 747/1/747 743/1/743 
f 738/1/738 748/1/748 749/1/749 
f 749/1/749 739/1/739 738/1/738 
f 744/1/744 749/1/749 748/1/748 
f 748/1/748 745/1/745 744/1/744 
f 744/1/744 687/1/687 739/1/739 
f 694/1/694 699/1/699 750/1/750 
f 750/1/750 737/1/737 694/1/694 
f 751/1/751 750/1/750 699/1/699 
f 699/1/699 698/1/698 751/1/751 
f 752/1/752 753/1/753 750/1/750 
f 750/1/750 751/1/751 752/1/752 
f 737/1/737 750/1/750 753/1/753 
f 753/1/753 738/1/738 737/1/737 
f 752/1/752 754/1/754 755/1/755 
f 755/1/755 753/1/753 752/1/752 
f 756/1/756 755/1/755 754/1/754 
f 754/1/754 757/1/757 756/1/756 
f 745/1/745 748/1/748 755/1/755 
f 755/1/755 756/1/756 745/1/745 
f 753/1/753 755/1/755 748/1/748 
f 748/1/748 738/1/738 753/1/753 
f 757/1/757 758/1/758 759/1/759 
f 759/1/759 756/1/756 757/1/757 
f 760/1/760 759/1/759 758/1/758 
f 758/1/758 761/1/761 760/1/760 
f 747/1/747 746/1/746 759/1/759 
f 759/1/759 760/1/760 747/1/747 
f 756/1/756 759/1/759 746/1/746 
f 746/1/746 745/1/745 756/1/756 
f 762/1/762 751/1/751 698/1/698 
f 704/1/704 763/1/763 762/1/762 
f 762/1/762 705/1/705 704/1/704 
f 764/1/764 762/1/762 763/1/763 
f 763/1/763 765/1/765 764/1/764 
f 751/1/751 762/1/762 764/1/764 
f 764/1/764 752/1/752 751/1/751 
f 765/1/765 766/1/766 767/1/767 
f 767/1/767 764/1/764 765/1/765 
f 768/1/768 767/1/767 766/1/766 
f 766/1/766 769/1/769 768/1/768 
f 757/1/757 754/1/754 767/1/767 
f 767/1/767 768/1/768 757/1/757 
f 764/1/764 767/1/767 754/1/754 
f 754/1/754 752/1/752 764/1/764 
f 769/1/769 770/1/770 771/1/771 
f 771/1/771 768/1/768 769/1/769 
f 772/1/772 771/1/771 770/1/770 
f 770/1/770 773/1/773 772/1/772 
f 761/1/761 758/1/758 771/1/771 
f 771/1/771 772/1/772 761/1/761 
f 768/1/768 771/1/771 758/1/758 
f 758/1/758 757/1/757 768/1/768 
f 740/1/740 743/1/743 774/1/774 
f 774/1/774 775/1/775 740/1/740 
f 747/1/747 776/1/776 774/1/774 
f 774/1/774 743/1/743 747/1/747 
f 777/1/777 778/1/778 774/1/774 
f 774/1/774 776/1/776 777/1/777 
f 775/1/775 774/1/774 778/1/778 
f 778/1/778 779/1/779 775/1/775 
f 760/1/760 780/1/780 776/1/776 
f 776/1/776 747/1/747 760/1/760 
f 781/1/781 780/1/780 760/1/760 
f 760/1/760 761/1/761 781/1/781 
f 782/1/782 783/1/783 780/1/780 
f 780/1/780 781/1/781 782/1/782 
f 776/1/776 780/1/780 783/1/783 
f 783/1/783 777/1/777 776/1/776 
f 761/1/761 772/1/772 784/1/784 
f 784/1/784 781/1/781 761/1/761 
f 785/1/785 784/1/784 772/1/772 
f 772/1/772 773/1/773 785/1/785 
f 786/1/786 787/1/787 784/1/784 
f 784/1/784 785/1/785 786/1/786 
f 781/1/781 784/1/784 787/1/787 
f 787/1/787 782/1/782 781/1/781 
f 773/1/773 788/1/788 789/1/789 
f 789/1/789 785/1/785 773/1/773 
f 790/1/790 789/1/789 788/1/788 
f 788/1/788 791/1/791 790/1/790 
f 792/1/792 793/1/793 789/1/789 
f 789/1/789 790/1/790 792/1/792 
f 785/1/785 789/1/789 793/1/793 
f 793/1/793 786/1/786 785/1/785 
f 786/1/786 793/1/793 794/1/794 
f 794/1/794 795/1/795 786/1/786 
f 796/1/796 794/1/794 793/1/793 
f 793/1/793 792/1/792 796/1/796 
f 797/1/797 798/1/798 794/1/794 
f 794/1/794 796/1/796 797/1/797 
f 795/1/795 794/1/794 798/1/798 
f 798/1/798 799/1/799 795/1/795 
f 800/1/800 690/1/690 801/1/801 
f 802/1/802 803/1/803 804/1/804 
f 804/1/804 801/1/801 802/1/802 
f 803/1/803 805/1/805 800/1/800 
f 690/1/690 688/1/688 806/1/806 
f 806/1/806 801/1/801 690/1/690 
f 807/1/807 806/1/806 688/1/688 
f 688/1/688 687/1/687 807/1/807 
f 808/1/808 809/1/809 806/1/806 
f 806/1/806 807/1/807 808/1/808 
f 801/1/801 806/1/806 809/1/809 
f 809/1/809 802/1/802 801/1/801 
f 779/1/779 810/1/810 811/1/811 
f 811/1/811 775/1/775 779/1/779 
f 807/1/807 811/1/811 810/1/810 
f 810/1/810 808/1/808 807/1/807 
f 687/1/687 741/1/741 811/1/811 
f 811/1/811 807/1/807 687/1/687 
f 775/1/775 811/1/811 741/1/741 
f 741/1/741 740/1/740 775/1/775 
f 812/1/812 813/1/813 810/1/810 
f 810/1/810 779/1/779 812/1/812 
f 814/1/814 815/1/815 813/1/813 
f 813/1/813 812/1/812 814/1/814 
f 810/1/810 813/1/813 815/1/815 
f 815/1/815 808/1/808 810/1/810 
f 779/1/779 778/1/778 816/1/816 
f 816/1/816 812/1/812 779/1/779 
f 817/1/817 816/1/816 778/1/778 
f 778/1/778 777/1/777 817/1/817 
f 818/1/818 819/1/819 816/1/816 
f 816/1/816 817/1/817 818/1/818 
f 812/1/812 816/1/816 819/1/819 
f 819/1/819 814/1/814 812/1/812 
f 777/1/777 783/1/783 820/1/820 
f 820/1/820 817/1/817 777/1/777 
f 821/1/821 820/1/820 783/1/783 
f 783/1/783 782/1/782 821/1/821 
f 822/1/822 823/1/823 820/1/820 
f 820/1/820 821/1/821 822/1/822 
f 817/1/817 820/1/820 823/1/823 
f 823/1/823 818/1/818 817/1/817 
f 799/1/799 824/1/824 825/1/825 
f 825/1/825 795/1/795 799/1/799 
f 821/1/821 825/1/825 824/1/824 
f 824/1/824 822/1/822 821/1/821 
f 782/1/782 787/1/787 825/1/825 
f 825/1/825 821/1/821 782/1/782 
f 795/1/795 825/1/825 787/1/787 
f 787/1/787 786/1/786 795/1/795 
f 805/1/805 803/1/803 826/1/826 
f 826/1/826 827/1/827 805/1/805 
f 828/1/828 826/1/826 803/1/803 
f 803/1/803 802/1/802 828/1/828 
f 829/1/829 830/1/830 826/1/826 
f 826/1/826 828/1/828 829/1/829 
f 827/1/827 826/1/826 830/1/830 
f 830/1/830 831/1/831 827/1/827 
f 802/1/802 809/1/809 832/1/832 
f 832/1/832 828/1/828 802/1/802 
f 833/1/833 832/1/832 809/1/809 
f 809/1/809 808/1/808 833/1/833 
f 834/1/834 835/1/835 832/1/832 
f 832/1/832 833/1/833 834/1/834 
f 828/1/828 832/1/832 835/1/835 
f 835/1/835 829/1/829 828/1/828 
f 836/1/836 837/1/837 838/1/838 
f 838/1/838 839/1/839 836/1/836 
f 829/1/829 835/1/835 839/1/839 
f 839/1/839 838/1/838 829/1/829 
f 835/1/835 834/1/834 840/1/840 
f 836/1/836 839/1/839 840/1/840 
f 840/1/840 841/1/841 836/1/836 
f 808/1/808 815/1/815 842/1/842 
f 842/1/842 833/1/833 808/1/808 
f 843/1/843 842/1/842 815/1/815 
f 815/1/815 814/1/814 843/1/843 
f 844/1/844 845/1/845 842/1/842 
f 842/1/842 843/1/843 844/1/844 
f 833/1/833 842/1/842 845/1/845 
f 845/1/845 834/1/834 833/1/833 
f 846/1/846 847/1/847 845/1/845 
f 845/1/845 844/1/844 846/1/846 
f 848/1/848 847/1/847 846/1/846 
f 846/1/846 849/1/849 848/1/848 
f 841/1/841 840/1/840 847/1/847 
f 847/1/847 848/1/848 841/1/841 
f 834/1/834 845/1/845 847/1/847 
f 847/1/847 840/1/840 834/1/834 
f 814/1/814 819/1/819 850/1/850 
f 850/1/850 843/1/843 814/1/814 
f 851/1/851 850/1/850 819/1/819 
f 819/1/819 818/1/818 851/1/851 
f 852/1/852 853/1/853 850/1/850 
f 850/1/850 851/1/851 852/1/852 
f 843/1/843 850/1/850 853/1/853 
f 853/1/853 844/1/844 843/1/843 
f 854/1/854 855/1/855 856/1/856 
f 856/1/856 857/1/857 854/1/854 
f 846/1/846 856/1/856 855/1/855 
f 855/1/855 849/1/849 846/1/846 
f 844/1/844 853/1/853 856/1/856 
f 856/1/856 846/1/846 844/1/844 
f 857/1/857 856/1/856 853/1/853 
f 853/1/853 852/1/852 857/1/857 
f 818/1/818 823/1/823 858/1/858 
f 858/1/858 851/1/851 818/1/818 
f 859/1/859 858/1/858 823/1/823 
f 823/1/823 822/1/822 859/1/859 
f 859/1/859 860/1/860 861/1/861 
f 861/1/861 858/1/858 859/1/859 
f 851/1/851 858/1/858 861/1/861 
f 861/1/861 852/1/852 851/1/851 
f 862/1/862 863/1/863 864/1/864 
f 864/1/864 865/1/865 862/1/862 
f 863/1/863 854/1/854 857/1/857 
f 852/1/852 861/1/861 864/1/864 
f 864/1/864 857/1/857 852/1/852 
f 865/1/865 864/1/864 861/1/861 
f 861/1/861 860/1/860 865/1/865 
f 866/1/866 867/1/867 868/1/868 
f 868/1/868 869/1/869 866/1/866 
f 870/1/870 868/1/868 867/1/867 
f 867/1/867 871/1/871 870/1/870 
f 872/1/872 873/1/873 868/1/868 
f 868/1/868 870/1/870 872/1/872 
f 869/1/869 868/1/868 873/1/873 
f 873/1/873 874/1/874 869/1/869 
f 875/1/875 876/1/876 877/1/877 
f 877/1/877 878/1/878 875/1/875 
f 879/1/879 877/1/877 876/1/876 
f 876/1/876 880/1/880 879/1/879 
f 881/1/881 882/1/882 877/1/877 
f 877/1/877 879/1/879 881/1/881 
f 878/1/878 877/1/877 882/1/882 
f 882/1/882 883/1/883 878/1/878 
f 884/1/884 885/1/885 886/1/886 
f 886/1/886 887/1/887 884/1/884 
f 888/1/888 886/1/886 885/1/885 
f 885/1/885 889/1/889 888/1/888 
f 880/1/880 876/1/876 886/1/886 
f 886/1/886 888/1/888 880/1/880 
f 887/1/887 886/1/886 876/1/876 
f 876/1/876 875/1/875 887/1/887 
f 889/1/889 885/1/885 890/1/890 
f 890/1/890 891/1/891 889/1/889 
f 892/1/892 890/1/890 885/1/885 
f 885/1/885 884/1/884 892/1/892 
f 871/1/871 867/1/867 890/1/890 
f 890/1/890 892/1/892 871/1/871 
f 891/1/891 890/1/890 867/1/867 
f 867/1/867 866/1/866 891/1/891 
f 883/1/883 893/1/893 894/1/894 
f 894/1/894 878/1/878 883/1/883 
f 895/1/895 894/1/894 893/1/893 
f 893/1/893 896/1/896 895/1/895 
f 897/1/897 898/1/898 894/1/894 
f 894/1/894 895/1/895 897/1/897 
f 878/1/878 894/1/894 898/1/898 
f 898/1/898 875/1/875 878/1/878 
f 899/1/899 900/1/900 901/1/901 
f 901/1/901 902/1/902 899/1/899 
f 887/1/887 901/1/901 900/1/900 
f 900/1/900 884/1/884 887/1/887 
f 875/1/875 898/1/898 901/1/901 
f 901/1/901 887/1/887 875/1/875 
f 902/1/902 901/1/901 898/1/898 
f 898/1/898 897/1/897 902/1/902 
f 884/1/884 900/1/900 903/1/903 
f 903/1/903 892/1/892 884/1/884 
f 904/1/904 903/1/903 900/1/900 
f 900/1/900 899/1/899 904/1/904 
f 905/1/905 906/1/906 903/1/903 
f 903/1/903 904/1/904 905/1/905 
f 906/1/906 871/1/871 892/1/892 
f 896/1/896 907/1/907 908/1/908 
f 908/1/908 895/1/895 896/1/896 
f 909/1/909 908/1/908 907/1/907 
f 907/1/907 910/1/910 909/1/909 
f 911/1/911 912/1/912 908/1/908 
f 908/1/908 909/1/909 911/1/911 
f 895/1/895 908/1/908 912/1/912 
f 912/1/912 897/1/897 895/1/895 
f 831/1/831 913/1/913 914/1/914 
f 914/1/914 827/1/827 831/1/831 
f 915/1/915 914/1/914 913/1/913 
f 913/1/913 916/1/916 915/1/915 
f 917/1/917 918/1/918 914/1/914 
f 914/1/914 915/1/915 917/1/917 
f 827/1/827 914/1/914 918/1/918 
f 918/1/918 805/1/805 827/1/827 
f 910/1/910 919/1/919 920/1/920 
f 920/1/920 909/1/909 910/1/910 
f 921/1/921 920/1/920 919/1/919 
f 919/1/919 922/1/922 921/1/921 
f 923/1/923 924/1/924 920/1/920 
f 920/1/920 921/1/921 923/1/923 
f 909/1/909 920/1/920 924/1/924 
f 924/1/924 911/1/911 909/1/909 
f 925/1/925 926/1/926 927/1/927 
f 927/1/927 928/1/928 925/1/925 
f 902/1/902 927/1/927 926/1/926 
f 926/1/926 899/1/899 902/1/902 
f 897/1/897 912/1/912 927/1/927 
f 927/1/927 902/1/902 897/1/897 
f 928/1/928 927/1/927 912/1/912 
f 912/1/912 911/1/911 928/1/928 
f 929/1/929 924/1/924 923/1/923 
f 923/1/923 930/1/930 929/1/929 
f 929/1/929 930/1/930 925/1/925 
f 911/1/911 924/1/924 929/1/929 
f 929/1/929 928/1/928 911/1/911 
f 899/1/899 926/1/926 931/1/931 
f 931/1/931 904/1/904 899/1/899 
f 932/1/932 931/1/931 926/1/926 
f 926/1/926 925/1/925 932/1/932 
f 931/1/931 932/1/932 933/1/933 
f 904/1/904 931/1/931 934/1/934 
f 934/1/934 905/1/905 904/1/904 
f 935/1/935 932/1/932 925/1/925 
f 930/1/930 923/1/923 936/1/936 
f 937/1/937 938/1/938 935/1/935 
f 935/1/935 936/1/936 937/1/937 
f 938/1/938 933/1/933 932/1/932 
f 916/1/916 939/1/939 940/1/940 
f 940/1/940 915/1/915 916/1/916 
f 921/1/921 940/1/940 939/1/939 
f 939/1/939 923/1/923 921/1/921 
f 922/1/922 941/1/941 940/1/940 
f 940/1/940 921/1/921 922/1/922 
f 915/1/915 940/1/940 941/1/941 
f 941/1/941 917/1/917 915/1/915 
f 871/1/871 906/1/906 942/1/942 
f 942/1/942 870/1/870 871/1/871 
f 943/1/943 942/1/942 906/1/906 
f 906/1/906 905/1/905 943/1/943 
f 944/1/944 945/1/945 942/1/942 
f 942/1/942 943/1/943 944/1/944 
f 870/1/870 942/1/942 945/1/945 
f 945/1/945 872/1/872 870/1/870 
f 905/1/905 934/1/934 946/1/946 
f 946/1/946 943/1/943 905/1/905 
f 947/1/947 946/1/946 934/1/934 
f 934/1/934 933/1/933 947/1/947 
f 948/1/948 949/1/949 946/1/946 
f 946/1/946 947/1/947 948/1/948 
f 943/1/943 946/1/946 949/1/949 
f 949/1/949 944/1/944 943/1/943 
f 948/1/948 950/1/950 951/1/951 
f 951/1/951 949/1/949 948/1/948 
f 952/1/952 951/1/951 950/1/950 
f 950/1/950 953/1/953 952/1/952 
f 954/1/954 955/1/955 951/1/951 
f 951/1/951 952/1/952 954/1/954 
f 955/1/955 944/1/944 949/1/949 
f 956/1/956 957/1/957 958/1/958 
f 958/1/958 959/1/959 956/1/956 
f 936/1/936 958/1/958 957/1/957 
f 957/1/957 937/1/937 936/1/936 
f 923/1/923 939/1/939 958/1/958 
f 958/1/958 936/1/936 923/1/923 
f 959/1/959 958/1/958 939/1/939 
f 939/1/939 916/1/916 959/1/959 
f 937/1/937 957/1/957 960/1/960 
f 960/1/960 938/1/938 937/1/937 
f 961/1/961 960/1/960 957/1/957 
f 957/1/957 956/1/956 961/1/961 
f 948/1/948 947/1/947 960/1/960 
f 960/1/960 961/1/961 948/1/948 
f 938/1/938 960/1/960 947/1/947 
f 947/1/947 933/1/933 938/1/938 
f 831/1/831 830/1/830 962/1/962 
f 962/1/962 963/1/963 831/1/831 
f 838/1/838 962/1/962 830/1/830 
f 830/1/830 829/1/829 838/1/838 
f 837/1/837 964/1/964 962/1/962 
f 962/1/962 838/1/838 837/1/837 
f 963/1/963 962/1/962 964/1/964 
f 964/1/964 965/1/965 963/1/963 
f 966/1/966 967/1/967 968/1/968 
f 968/1/968 969/1/969 966/1/966 
f 967/1/967 953/1/953 950/1/950 
f 961/1/961 968/1/968 950/1/950 
f 950/1/950 948/1/948 961/1/961 
f 961/1/961 956/1/956 969/1/969 
f 965/1/965 970/1/970 971/1/971 
f 971/1/971 963/1/963 965/1/965 
f 959/1/959 971/1/971 970/1/970 
f 970/1/970 956/1/956 959/1/959 
f 971/1/971 959/1/959 916/1/916 
f 913/1/913 831/1/831 963/1/963 
f 972/1/972 973/1/973 970/1/970 
f 970/1/970 965/1/965 972/1/972 
f 966/1/966 969/1/969 973/1/973 
f 973/1/973 972/1/972 966/1/966 
f 956/1/956 970/1/970 973/1/973 
f 973/1/973 969/1/969 956/1/956 
f 974/1/974 975/1/975 976/1/976 
f 976/1/976 977/1/977 974/1/974 
f 978/1/978 976/1/976 975/1/975 
f 975/1/975 979/1/979 978/1/978 
f 341/1/341 337/1/337 976/1/976 
f 976/1/976 978/1/978 341/1/341 
f 977/1/977 976/1/976 337/1/337 
f 337/1/337 336/1/336 977/1/977 
f 979/1/979 980/1/980 981/1/981 
f 981/1/981 978/1/978 979/1/979 
f 982/1/982 981/1/981 980/1/980 
f 980/1/980 983/1/983 982/1/982 
f 347/1/347 344/1/344 981/1/981 
f 981/1/981 982/1/982 347/1/347 
f 978/1/978 981/1/981 344/1/344 
f 344/1/344 341/1/341 978/1/978 
f 984/1/984 985/1/985 986/1/986 
f 986/1/986 987/1/987 984/1/984 
f 351/1/351 348/1/348 986/1/986 
f 986/1/986 985/1/985 351/1/351 
f 982/1/982 986/1/986 348/1/348 
f 348/1/348 347/1/347 982/1/982 
f 987/1/987 986/1/986 982/1/982 
f 982/1/982 983/1/983 987/1/987 
f 984/1/984 988/1/988 989/1/989 
f 989/1/989 985/1/985 984/1/984 
f 990/1/990 989/1/989 988/1/988 
f 988/1/988 991/1/991 990/1/990 
f 355/1/355 352/1/352 989/1/989 
f 989/1/989 990/1/990 355/1/355 
f 985/1/985 989/1/989 352/1/352 
f 352/1/352 351/1/351 985/1/985 
f 991/1/991 992/1/992 993/1/993 
f 993/1/993 990/1/990 991/1/991 
f 994/1/994 993/1/993 992/1/992 
f 992/1/992 995/1/995 994/1/994 
f 359/1/359 356/1/356 993/1/993 
f 993/1/993 994/1/994 359/1/359 
f 990/1/990 993/1/993 356/1/356 
f 356/1/356 355/1/355 990/1/990 
f 995/1/995 996/1/996 997/1/997 
f 997/1/997 994/1/994 995/1/995 
f 998/1/998 997/1/997 996/1/996 
f 996/1/996 999/1/999 998/1/998 
f 363/1/363 360/1/360 997/1/997 
f 997/1/997 998/1/998 363/1/363 
f 994/1/994 997/1/997 360/1/360 
f 360/1/360 359/1/359 994/1/994 
f 999/1/999 1000/1/1000 1001/1/1001 
f 1001/1/1001 998/1/998 999/1/999 
f 1002/1/1002 1001/1/1001 1000/1/1000 
f 1000/1/1000 1003/1/1003 1002/1/1002 
f 367/1/367 364/1/364 1001/1/1001 
f 1001/1/1001 1002/1/1002 367/1/367 
f 998/1/998 1001/1/1001 364/1/364 
f 364/1/364 363/1/363 998/1/998 
f 1003/1/1003 1004/1/1004 1005/1/1005 
f 1005/1/1005 1002/1/1002 1003/1/1003 
f 1006/1/1006 1005/1/1005 1004/1/1004 
f 1004/1/1004 1007/1/1007 1006/1/1006 
f 371/1/371 368/1/368 1005/1/1005 
f 1005/1/1005 1006/1/1006 371/1/371 
f 1002/1/1002 1005/1/1005 368/1/368 
f 368/1/368 367/1/367 1002/1/1002 
f 1008/1/1008 1009/1/1009 1010/1/1010 
f 1010/1/1010 1011/1/1011 1008/1/1008 
f 375/1/375 372/1/372 1010/1/1010 
f 1010/1/1010 1009/1/1009 375/1/375 
f 1006/1/1006 1010/1/1010 372/1/372 
f 372/1/372 371/1/371 1006/1/1006 
f 1011/1/1011 1010/1/1010 1006/1/1006 
f 1006/1/1006 1007/1/1007 1011/1/1011 
f 1012/1/1012 1013/1/1013 1014/1/1014 
f 1014/1/1014 1015/1/1015 1012/1/1012 
f 1016/1/1016 1017/1/1017 1013/1/1013 
f 1013/1/1013 1012/1/1012 1016/1/1016 
f 1011/1/1011 1013/1/1013 1017/1/1017 
f 1017/1/1017 1008/1/1008 1011/1/1011 
f 1014/1/1014 1013/1/1013 1011/1/1011 
f 1011/1/1011 1007/1/1007 1014/1/1014 
f 1018/1/1018 1019/1/1019 1020/1/1020 
f 1020/1/1020 1021/1/1021 1018/1/1018 
f 975/1/975 1020/1/1020 1019/1/1019 
f 1019/1/1019 979/1/979 975/1/975 
f 974/1/974 1022/1/1022 1020/1/1020 
f 1020/1/1020 975/1/975 974/1/974 
f 1021/1/1021 1020/1/1020 1022/1/1022 
f 1022/1/1022 1023/1/1023 1021/1/1021 
f 1024/1/1024 1025/1/1025 1026/1/1026 
f 1026/1/1026 1027/1/1027 1024/1/1024 
f 980/1/980 1026/1/1026 1025/1/1025 
f 1025/1/1025 983/1/983 980/1/980 
f 979/1/979 1019/1/1019 1026/1/1026 
f 1026/1/1026 980/1/980 979/1/979 
f 1027/1/1027 1026/1/1026 1019/1/1019 
f 1019/1/1019 1018/1/1018 1027/1/1027 
f 1028/1/1028 1029/1/1029 1030/1/1030 
f 1030/1/1030 1031/1/1031 1028/1/1028 
f 987/1/987 1030/1/1030 1029/1/1029 
f 1029/1/1029 984/1/984 987/1/987 
f 983/1/983 1025/1/1025 1030/1/1030 
f 1030/1/1030 987/1/987 983/1/983 
f 1031/1/1031 1030/1/1030 1025/1/1025 
f 1025/1/1025 1024/1/1024 1031/1/1031 
f 1032/1/1032 1033/1/1033 1034/1/1034 
f 1034/1/1034 1035/1/1035 1032/1/1032 
f 1033/1/1033 991/1/991 988/1/988 
f 988/1/988 1034/1/1034 1033/1/1033 
f 984/1/984 1029/1/1029 1034/1/1034 
f 1034/1/1034 988/1/988 984/1/984 
f 1035/1/1035 1034/1/1034 1029/1/1029 
f 1029/1/1029 1028/1/1028 1035/1/1035 
f 1036/1/1036 1037/1/1037 1038/1/1038 
f 1038/1/1038 1039/1/1039 1036/1/1036 
f 995/1/995 992/1/992 1038/1/1038 
f 1038/1/1038 1037/1/1037 995/1/995 
f 1033/1/1033 1038/1/1038 992/1/992 
f 992/1/992 991/1/991 1033/1/1033 
f 1039/1/1039 1038/1/1038 1033/1/1033 
f 1033/1/1033 1032/1/1032 1039/1/1039 
f 1040/1/1040 1041/1/1041 1042/1/1042 
f 1042/1/1042 1043/1/1043 1040/1/1040 
f 999/1/999 996/1/996 1042/1/1042 
f 1042/1/1042 1041/1/1041 999/1/999 
f 1037/1/1037 1042/1/1042 996/1/996 
f 996/1/996 995/1/995 1037/1/1037 
f 1043/1/1043 1042/1/1042 1037/1/1037 
f 1037/1/1037 1036/1/1036 1043/1/1043 
f 1040/1/1040 1044/1/1044 1045/1/1045 
f 1045/1/1045 1041/1/1041 1040/1/1040 
f 1046/1/1046 1045/1/1045 1044/1/1044 
f 1044/1/1044 1047/1/1047 1046/1/1046 
f 1003/1/1003 1000/1/1000 1045/1/1045 
f 1045/1/1045 1046/1/1046 1003/1/1003 
f 1041/1/1041 1045/1/1045 1000/1/1000 
f 1000/1/1000 999/1/999 1041/1/1041 
f 1048/1/1048 1049/1/1049 1050/1/1050 
f 1004/1/1004 1051/1/1051 1050/1/1050 
f 1050/1/1050 1007/1/1007 1004/1/1004 
f 1046/1/1046 1051/1/1051 1004/1/1004 
f 1004/1/1004 1003/1/1003 1046/1/1046 
f 1047/1/1047 1048/1/1048 1051/1/1051 
f 1051/1/1051 1046/1/1046 1047/1/1047 
f 1049/1/1049 1052/1/1052 1053/1/1053 
f 1053/1/1053 1050/1/1050 1049/1/1049 
f 1054/1/1054 1053/1/1053 1052/1/1052 
f 1052/1/1052 1055/1/1055 1054/1/1054 
f 1015/1/1015 1014/1/1014 1053/1/1053 
f 1053/1/1053 1054/1/1054 1015/1/1015 
f 1050/1/1050 1053/1/1053 1014/1/1014 
f 1014/1/1014 1007/1/1007 1050/1/1050 
f 1023/1/1023 1056/1/1056 1057/1/1057 
f 1057/1/1057 1021/1/1021 1023/1/1023 
f 1058/1/1058 1057/1/1057 1056/1/1056 
f 1056/1/1056 1059/1/1059 1058/1/1058 
f 1060/1/1060 1061/1/1061 1057/1/1057 
f 1057/1/1057 1058/1/1058 1060/1/1060 
f 1021/1/1021 1057/1/1057 1061/1/1061 
f 1061/1/1061 1018/1/1018 1021/1/1021 
f 1018/1/1018 1061/1/1061 1062/1/1062 
f 1062/1/1062 1027/1/1027 1018/1/1018 
f 1063/1/1063 1062/1/1062 1061/1/1061 
f 1061/1/1061 1060/1/1060 1063/1/1063 
f 1064/1/1064 1065/1/1065 1062/1/1062 
f 1062/1/1062 1063/1/1063 1064/1/1064 
f 1027/1/1027 1062/1/1062 1065/1/1065 
f 1065/1/1065 1024/1/1024 1027/1/1027 
f 1024/1/1024 1065/1/1065 1066/1/1066 
f 1066/1/1066 1031/1/1031 1024/1/1024 
f 1067/1/1067 1066/1/1066 1065/1/1065 
f 1065/1/1065 1064/1/1064 1067/1/1067 
f 1068/1/1068 1069/1/1069 1066/1/1066 
f 1066/1/1066 1067/1/1067 1068/1/1068 
f 1031/1/1031 1066/1/1066 1069/1/1069 
f 1069/1/1069 1028/1/1028 1031/1/1031 
f 1028/1/1028 1069/1/1069 1070/1/1070 
f 1070/1/1070 1035/1/1035 1028/1/1028 
f 1071/1/1071 1070/1/1070 1069/1/1069 
f 1069/1/1069 1068/1/1068 1071/1/1071 
f 1072/1/1072 1073/1/1073 1070/1/1070 
f 1070/1/1070 1071/1/1071 1072/1/1072 
f 1035/1/1035 1070/1/1070 1073/1/1073 
f 1073/1/1073 1032/1/1032 1035/1/1035 
f 1074/1/1074 1075/1/1075 1076/1/1076 
f 1076/1/1076 1077/1/1077 1074/1/1074 
f 1058/1/1058 1076/1/1076 1075/1/1075 
f 1075/1/1075 1060/1/1060 1058/1/1058 
f 1059/1/1059 1078/1/1078 1076/1/1076 
f 1076/1/1076 1058/1/1058 1059/1/1059 
f 1077/1/1077 1076/1/1076 1078/1/1078 
f 1078/1/1078 1079/1/1079 1077/1/1077 
f 1080/1/1080 1081/1/1081 1082/1/1082 
f 1082/1/1082 1083/1/1083 1080/1/1080 
f 1063/1/1063 1081/1/1081 1080/1/1080 
f 1080/1/1080 1064/1/1064 1063/1/1063 
f 1060/1/1060 1075/1/1075 1081/1/1081 
f 1081/1/1081 1063/1/1063 1060/1/1060 
f 1082/1/1082 1081/1/1081 1075/1/1075 
f 1075/1/1075 1074/1/1074 1082/1/1082 
f 1084/1/1084 1085/1/1085 1086/1/1086 
f 1086/1/1086 1087/1/1087 1084/1/1084 
f 1067/1/1067 1085/1/1085 1084/1/1084 
f 1084/1/1084 1068/1/1068 1067/1/1067 
f 1064/1/1064 1080/1/1080 1085/1/1085 
f 1085/1/1085 1067/1/1067 1064/1/1064 
f 1083/1/1083 1086/1/1086 1085/1/1085 
f 1085/1/1085 1080/1/1080 1083/1/1083 
f 1088/1/1088 1089/1/1089 1090/1/1090 
f 1090/1/1090 1091/1/1091 1088/1/1088 
f 1092/1/1092 1091/1/1091 1090/1/1090 
f 1090/1/1090 1093/1/1093 1092/1/1092 
f 1094/1/1094 1091/1/1091 1092/1/1092 
f 1092/1/1092 1095/1/1095 1094/1/1094 
f 1096/1/1096 1088/1/1088 1091/1/1091 
f 1091/1/1091 1094/1/1094 1096/1/1096 
f 1093/1/1093 1097/1/1097 1098/1/1098 
f 1098/1/1098 1092/1/1092 1093/1/1093 
f 1099/1/1099 1098/1/1098 1097/1/1097 
f 1097/1/1097 1100/1/1100 1099/1/1099 
f 1101/1/1101 1102/1/1102 1098/1/1098 
f 1098/1/1098 1099/1/1099 1101/1/1101 
f 1092/1/1092 1098/1/1098 1102/1/1102 
f 1102/1/1102 1095/1/1095 1092/1/1092 
f 1100/1/1100 1103/1/1103 1104/1/1104 
f 1104/1/1104 1099/1/1099 1100/1/1100 
f 1105/1/1105 1104/1/1104 1103/1/1103 
f 1103/1/1103 1106/1/1106 1105/1/1105 
f 1107/1/1107 1108/1/1108 1104/1/1104 
f 1104/1/1104 1105/1/1105 1107/1/1107 
f 1099/1/1099 1104/1/1104 1108/1/1108 
f 1108/1/1108 1101/1/1101 1099/1/1099 
f 1106/1/1106 1109/1/1109 1110/1/1110 
f 1110/1/1110 1105/1/1105 1106/1/1106 
f 1111/1/1111 1110/1/1110 1109/1/1109 
f 1109/1/1109 1112/1/1112 1111/1/1111 
f 1113/1/1113 1114/1/1114 1110/1/1110 
f 1110/1/1110 1111/1/1111 1113/1/1113 
f 1105/1/1105 1110/1/1110 1114/1/1114 
f 1114/1/1114 1107/1/1107 1105/1/1105 
f 1112/1/1112 1115/1/1115 1116/1/1116 
f 1116/1/1116 1111/1/1111 1112/1/1112 
f 1117/1/1117 1116/1/1116 1115/1/1115 
f 1115/1/1115 1118/1/1118 1117/1/1117 
f 1119/1/1119 1120/1/1120 1116/1/1116 
f 1116/1/1116 1117/1/1117 1119/1/1119 
f 1111/1/1111 1116/1/1116 1120/1/1120 
f 1120/1/1120 1113/1/1113 1111/1/1111 
f 1118/1/1118 1121/1/1121 1122/1/1122 
f 1122/1/1122 1117/1/1117 1118/1/1118 
f 1121/1/1121 1123/1/1123 1124/1/1124 
f 1124/1/1124 1122/1/1122 1121/1/1121 
f 1125/1/1125 1126/1/1126 1122/1/1122 
f 1122/1/1122 1124/1/1124 1125/1/1125 
f 1117/1/1117 1122/1/1122 1126/1/1126 
f 1126/1/1126 1119/1/1119 1117/1/1117 
f 1127/1/1127 1128/1/1128 1129/1/1129 
f 1129/1/1129 1130/1/1130 1127/1/1127 
f 1131/1/1131 1132/1/1132 1130/1/1130 
f 1130/1/1130 1129/1/1129 1131/1/1131 
f 1124/1/1124 1130/1/1130 1132/1/1132 
f 1132/1/1132 1125/1/1125 1124/1/1124 
f 1124/1/1124 1123/1/1123 1127/1/1127 
f 1127/1/1127 1130/1/1130 1124/1/1124 
f 1128/1/1128 1133/1/1133 1134/1/1134 
f 1134/1/1134 1129/1/1129 1128/1/1128 
f 1135/1/1135 1134/1/1134 1133/1/1133 
f 1133/1/1133 1136/1/1136 1135/1/1135 
f 1137/1/1137 1138/1/1138 1134/1/1134 
f 1134/1/1134 1135/1/1135 1137/1/1137 
f 1129/1/1129 1134/1/1134 1138/1/1138 
f 1138/1/1138 1131/1/1131 1129/1/1129 
f 1139/1/1139 1140/1/1140 1141/1/1141 
f 1141/1/1141 1142/1/1142 1139/1/1139 
f 1143/1/1143 1144/1/1144 1141/1/1141 
f 1141/1/1141 1140/1/1140 1143/1/1143 
f 1135/1/1135 1141/1/1141 1144/1/1144 
f 1144/1/1144 1137/1/1137 1135/1/1135 
f 1142/1/1142 1141/1/1141 1135/1/1135 
f 1135/1/1135 1136/1/1136 1142/1/1142 
f 1140/1/1140 1139/1/1139 1145/1/1145 
f 1145/1/1145 1146/1/1146 1140/1/1140 
f 1147/1/1147 1146/1/1146 1145/1/1145 
f 1145/1/1145 1148/1/1148 1147/1/1147 
f 1149/1/1149 1150/1/1150 1146/1/1146 
f 1146/1/1146 1147/1/1147 1149/1/1149 
f 1140/1/1140 1146/1/1146 1150/1/1150 
f 1150/1/1150 1143/1/1143 1140/1/1140 
f 1151/1/1151 1152/1/1152 1153/1/1153 
f 1153/1/1153 1154/1/1154 1151/1/1151 
f 1102/1/1102 1153/1/1153 1152/1/1152 
f 1152/1/1152 1095/1/1095 1102/1/1102 
f 1155/1/1155 1153/1/1153 1102/1/1102 
f 1102/1/1102 1101/1/1101 1155/1/1155 
f 1155/1/1155 1156/1/1156 1154/1/1154 
f 1154/1/1154 1153/1/1153 1155/1/1155 
f 1156/1/1156 1157/1/1157 1158/1/1158 
f 1158/1/1158 1159/1/1159 1156/1/1156 
f 1160/1/1160 1158/1/1158 1157/1/1157 
f 1157/1/1157 1161/1/1161 1160/1/1160 
f 1083/1/1083 1082/1/1082 1158/1/1158 
f 1158/1/1158 1160/1/1160 1083/1/1083 
f 1159/1/1159 1158/1/1158 1082/1/1082 
f 1082/1/1082 1074/1/1074 1159/1/1159 
f 1161/1/1161 1157/1/1157 1162/1/1162 
f 1162/1/1162 1163/1/1163 1161/1/1161 
f 1155/1/1155 1162/1/1162 1157/1/1157 
f 1157/1/1157 1156/1/1156 1155/1/1155 
f 1101/1/1101 1108/1/1108 1162/1/1162 
f 1162/1/1162 1155/1/1155 1101/1/1101 
f 1163/1/1163 1162/1/1162 1108/1/1108 
f 1108/1/1108 1107/1/1107 1163/1/1163 
f 1161/1/1161 1164/1/1164 1165/1/1165 
f 1165/1/1165 1160/1/1160 1161/1/1161 
f 1166/1/1166 1165/1/1165 1164/1/1164 
f 1164/1/1164 1167/1/1167 1166/1/1166 
f 1087/1/1087 1086/1/1086 1165/1/1165 
f 1165/1/1165 1166/1/1166 1087/1/1087 
f 1160/1/1160 1165/1/1165 1086/1/1086 
f 1086/1/1086 1083/1/1083 1160/1/1160 
f 1167/1/1167 1164/1/1164 1168/1/1168 
f 1168/1/1168 1169/1/1169 1167/1/1167 
f 1163/1/1163 1168/1/1168 1164/1/1164 
f 1164/1/1164 1161/1/1161 1163/1/1163 
f 1107/1/1107 1114/1/1114 1168/1/1168 
f 1168/1/1168 1163/1/1163 1107/1/1107 
f 1169/1/1169 1168/1/1168 1114/1/1114 
f 1114/1/1114 1113/1/1113 1169/1/1169 
f 1170/1/1170 1171/1/1171 1172/1/1172 
f 1172/1/1172 1173/1/1173 1170/1/1170 
f 1169/1/1169 1172/1/1172 1171/1/1171 
f 1171/1/1171 1167/1/1167 1169/1/1169 
f 1113/1/1113 1120/1/1120 1172/1/1172 
f 1172/1/1172 1169/1/1169 1113/1/1113 
f 1173/1/1173 1172/1/1172 1120/1/1120 
f 1120/1/1120 1119/1/1119 1173/1/1173 
f 1174/1/1174 1175/1/1175 1126/1/1126 
f 1126/1/1126 1125/1/1125 1174/1/1174 
f 1176/1/1176 1177/1/1177 1175/1/1175 
f 1175/1/1175 1174/1/1174 1176/1/1176 
f 1173/1/1173 1175/1/1175 1177/1/1177 
f 1177/1/1177 1170/1/1170 1173/1/1173 
f 1119/1/1119 1126/1/1126 1175/1/1175 
f 1175/1/1175 1173/1/1173 1119/1/1119 
f 1178/1/1178 1179/1/1179 1180/1/1180 
f 1180/1/1180 1181/1/1181 1178/1/1178 
f 1174/1/1174 1180/1/1180 1179/1/1179 
f 1179/1/1179 1176/1/1176 1174/1/1174 
f 1125/1/1125 1132/1/1132 1180/1/1180 
f 1180/1/1180 1174/1/1174 1125/1/1125 
f 1181/1/1181 1180/1/1180 1132/1/1132 
f 1132/1/1132 1131/1/1131 1181/1/1181 
f 1182/1/1182 1183/1/1183 1184/1/1184 
f 1184/1/1184 1185/1/1185 1182/1/1182 
f 1181/1/1181 1184/1/1184 1183/1/1183 
f 1183/1/1183 1178/1/1178 1181/1/1181 
f 1131/1/1131 1138/1/1138 1184/1/1184 
f 1184/1/1184 1181/1/1181 1131/1/1131 
f 1185/1/1185 1184/1/1184 1138/1/1138 
f 1138/1/1138 1137/1/1137 1185/1/1185 
f 1186/1/1186 1187/1/1187 1188/1/1188 
f 1188/1/1188 1189/1/1189 1186/1/1186 
f 1185/1/1185 1188/1/1188 1187/1/1187 
f 1187/1/1187 1182/1/1182 1185/1/1185 
f 1137/1/1137 1144/1/1144 1188/1/1188 
f 1188/1/1188 1185/1/1185 1137/1/1137 
f 1189/1/1189 1188/1/1188 1144/1/1144 
f 1144/1/1144 1143/1/1143 1189/1/1189 
f 1190/1/1190 1191/1/1191 1192/1/1192 
f 1193/1/1193 1190/1/1190 1194/1/1194 
f 1194/1/1194 1195/1/1195 1193/1/1193 
f 1151/1/1151 1196/1/1196 1190/1/1190 
f 1190/1/1190 1193/1/1193 1151/1/1151 
f 1191/1/1191 1190/1/1190 1196/1/1196 
f 1196/1/1196 1079/1/1079 1191/1/1191 
f 1095/1/1095 1152/1/1152 1197/1/1197 
f 1197/1/1197 1094/1/1094 1095/1/1095 
f 1193/1/1193 1197/1/1197 1152/1/1152 
f 1152/1/1152 1151/1/1151 1193/1/1193 
f 1195/1/1195 1198/1/1198 1197/1/1197 
f 1197/1/1197 1193/1/1193 1195/1/1195 
f 1094/1/1094 1197/1/1197 1198/1/1198 
f 1198/1/1198 1096/1/1096 1094/1/1094 
f 1079/1/1079 1196/1/1196 1199/1/1199 
f 1199/1/1199 1077/1/1077 1079/1/1079 
f 1154/1/1154 1199/1/1199 1196/1/1196 
f 1196/1/1196 1151/1/1151 1154/1/1154 
f 1156/1/1156 1159/1/1159 1199/1/1199 
f 1199/1/1199 1154/1/1154 1156/1/1156 
f 1077/1/1077 1199/1/1199 1159/1/1159 
f 1159/1/1159 1074/1/1074 1077/1/1077 
f 395/1/395 1200/1/1200 1201/1/1201 
f 1201/1/1201 391/1/391 395/1/395 
f 1202/1/1202 1201/1/1201 1200/1/1200 
f 1200/1/1200 1203/1/1203 1202/1/1202 
f 19/1/19 389/1/389 1201/1/1201 
f 1201/1/1201 1202/1/1202 19/1/19 
f 391/1/391 1201/1/1201 389/1/389 
f 389/1/389 388/1/388 391/1/391 
f 1204/1/1204 1205/1/1205 1202/1/1202 
f 1202/1/1202 1203/1/1203 1204/1/1204 
f 50/1/50 1205/1/1205 1204/1/1204 
f 1204/1/1204 51/1/51 50/1/50 
f 21/1/21 20/1/20 1205/1/1205 
f 1205/1/1205 50/1/50 21/1/21 
f 1202/1/1202 1205/1/1205 20/1/20 
f 20/1/20 19/1/19 1202/1/1202 
f 585/1/585 584/1/584 1206/1/1206 
f 1207/1/1207 1208/1/1208 1209/1/1209 
f 1209/1/1209 1206/1/1206 1207/1/1207 
f 395/1/395 394/1/394 1209/1/1209 
f 1209/1/1209 1208/1/1208 395/1/395 
f 585/1/585 1209/1/1209 394/1/394 
f 394/1/394 393/1/393 585/1/585 
f 1210/1/1210 1211/1/1211 1212/1/1212 
f 1212/1/1212 598/1/598 597/1/597 
f 51/1/51 1204/1/1204 1213/1/1213 
f 1213/1/1213 597/1/597 51/1/51 
f 1204/1/1204 1203/1/1203 1210/1/1210 
f 1214/1/1214 1215/1/1215 1216/1/1216 
f 1216/1/1216 1217/1/1217 1214/1/1214 
f 1200/1/1200 1216/1/1216 1215/1/1215 
f 1215/1/1215 1203/1/1203 1200/1/1200 
f 395/1/395 1208/1/1208 1216/1/1216 
f 1216/1/1216 1200/1/1200 395/1/395 
f 1208/1/1208 1207/1/1207 1217/1/1217 
f 1218/1/1218 1219/1/1219 1215/1/1215 
f 1215/1/1215 1214/1/1214 1218/1/1218 
f 1211/1/1211 1210/1/1210 1219/1/1219 
f 1219/1/1219 1218/1/1218 1211/1/1211 
f 1203/1/1203 1215/1/1215 1219/1/1219 
f 1219/1/1219 1210/1/1210 1203/1/1203 
f 584/1/584 590/1/590 1220/1/1220 
f 1220/1/1220 1206/1/1206 584/1/584 
f 1221/1/1221 1220/1/1220 590/1/590 
f 590/1/590 589/1/589 1221/1/1221 
f 1222/1/1222 1223/1/1223 1220/1/1220 
f 1220/1/1220 1221/1/1221 1222/1/1222 
f 1223/1/1223 1207/1/1207 1206/1/1206 
f 1211/1/1211 1224/1/1224 1225/1/1225 
f 1225/1/1225 1212/1/1212 1211/1/1211 
f 1226/1/1226 1225/1/1225 1224/1/1224 
f 1224/1/1224 1227/1/1227 1226/1/1226 
f 605/1/605 612/1/612 1225/1/1225 
f 1225/1/1225 1226/1/1226 605/1/605 
f 1212/1/1212 1225/1/1225 612/1/612 
f 612/1/612 598/1/598 1212/1/1212 
f 1228/1/1228 1229/1/1229 1230/1/1230 
f 1230/1/1230 1231/1/1231 1228/1/1228 
f 1217/1/1217 1230/1/1230 1229/1/1229 
f 1229/1/1229 1214/1/1214 1217/1/1217 
f 1207/1/1207 1223/1/1223 1230/1/1230 
f 1230/1/1230 1217/1/1217 1207/1/1207 
f 1231/1/1231 1230/1/1230 1223/1/1223 
f 1223/1/1223 1222/1/1222 1231/1/1231 
f 1214/1/1214 1229/1/1229 1232/1/1232 
f 1232/1/1232 1218/1/1218 1214/1/1214 
f 1233/1/1233 1232/1/1232 1229/1/1229 
f 1229/1/1229 1228/1/1228 1233/1/1233 
f 1227/1/1227 1224/1/1224 1232/1/1232 
f 1232/1/1232 1233/1/1233 1227/1/1227 
f 1218/1/1218 1232/1/1232 1224/1/1224 
f 1224/1/1224 1211/1/1211 1218/1/1218 
f 604/1/604 605/1/605 1226/1/1226 
f 1226/1/1226 1234/1/1234 604/1/604 
f 1227/1/1227 1235/1/1235 1234/1/1234 
f 1234/1/1234 1226/1/1226 1227/1/1227 
f 1236/1/1236 1234/1/1234 1235/1/1235 
f 1235/1/1235 1237/1/1237 1236/1/1236 
f 604/1/604 1234/1/1234 1236/1/1236 
f 1236/1/1236 595/1/595 604/1/604 
f 1238/1/1238 1239/1/1239 1240/1/1240 
f 1240/1/1240 1241/1/1241 1238/1/1238 
f 1221/1/1221 1240/1/1240 1239/1/1239 
f 1239/1/1239 1222/1/1222 1221/1/1221 
f 589/1/589 586/1/586 1240/1/1240 
f 1240/1/1240 1221/1/1221 589/1/589 
f 1241/1/1241 1240/1/1240 586/1/586 
f 586/1/586 581/1/581 1241/1/1241 
f 1222/1/1222 1239/1/1239 1242/1/1242 
f 1242/1/1242 1231/1/1231 1222/1/1222 
f 1243/1/1243 1242/1/1242 1239/1/1239 
f 1239/1/1239 1238/1/1238 1243/1/1243 
f 1244/1/1244 1245/1/1245 1242/1/1242 
f 1242/1/1242 1243/1/1243 1244/1/1244 
f 1231/1/1231 1242/1/1242 1245/1/1245 
f 1245/1/1245 1228/1/1228 1231/1/1231 
f 1228/1/1228 1245/1/1245 1246/1/1246 
f 1246/1/1246 1233/1/1233 1228/1/1228 
f 1247/1/1247 1246/1/1246 1245/1/1245 
f 1245/1/1245 1244/1/1244 1247/1/1247 
f 1237/1/1237 1235/1/1235 1246/1/1246 
f 1246/1/1246 1247/1/1247 1237/1/1237 
f 1233/1/1233 1246/1/1246 1235/1/1235 
f 1235/1/1235 1227/1/1227 1233/1/1233 
f 435/1/435 1248/1/1248 1249/1/1249 
f 1249/1/1249 578/1/578 435/1/435 
f 1250/1/1250 1249/1/1249 1248/1/1248 
f 1248/1/1248 1251/1/1251 1250/1/1250 
f 1238/1/1238 1241/1/1241 1249/1/1249 
f 1249/1/1249 1250/1/1250 1238/1/1238 
f 1241/1/1241 581/1/581 578/1/578 
f 1251/1/1251 1248/1/1248 1252/1/1252 
f 1252/1/1252 1253/1/1253 1251/1/1251 
f 438/1/438 1252/1/1252 1248/1/1248 
f 1248/1/1248 435/1/435 438/1/438 
f 433/1/433 1253/1/1253 1252/1/1252 
f 1252/1/1252 438/1/438 433/1/433 
f 1237/1/1237 1254/1/1254 1255/1/1255 
f 1255/1/1255 1236/1/1236 1237/1/1237 
f 1256/1/1256 1255/1/1255 1254/1/1254 
f 1254/1/1254 1257/1/1257 1256/1/1256 
f 594/1/594 1255/1/1255 1256/1/1256 
f 1256/1/1256 343/1/343 594/1/594 
f 1255/1/1255 594/1/594 595/1/595 
f 1258/1/1258 1259/1/1259 1260/1/1260 
f 1260/1/1260 1261/1/1261 1258/1/1258 
f 1243/1/1243 1260/1/1260 1259/1/1259 
f 1259/1/1259 1244/1/1244 1243/1/1243 
f 1238/1/1238 1250/1/1250 1260/1/1260 
f 1260/1/1260 1243/1/1243 1238/1/1238 
f 1261/1/1261 1260/1/1260 1250/1/1250 
f 1250/1/1250 1251/1/1251 1261/1/1261 
f 1244/1/1244 1259/1/1259 1262/1/1262 
f 1262/1/1262 1247/1/1247 1244/1/1244 
f 1259/1/1259 1258/1/1258 1263/1/1263 
f 1257/1/1257 1254/1/1254 1262/1/1262 
f 1262/1/1262 1263/1/1263 1257/1/1257 
f 1247/1/1247 1262/1/1262 1254/1/1254 
f 1254/1/1254 1237/1/1237 1247/1/1247 
f 433/1/433 431/1/431 1264/1/1264 
f 1264/1/1264 1253/1/1253 433/1/433 
f 1265/1/1265 1264/1/1264 431/1/431 
f 431/1/431 432/1/432 1265/1/1265 
f 1266/1/1266 1267/1/1267 1264/1/1264 
f 1264/1/1264 1265/1/1265 1266/1/1266 
f 1253/1/1253 1264/1/1264 1267/1/1267 
f 1267/1/1267 1251/1/1251 1253/1/1253 
f 1268/1/1268 1269/1/1269 1270/1/1270 
f 1270/1/1270 1271/1/1271 1268/1/1268 
f 339/1/339 1270/1/1270 1269/1/1269 
f 1269/1/1269 336/1/336 339/1/339 
f 343/1/343 1256/1/1256 1270/1/1270 
f 1270/1/1270 339/1/339 343/1/343 
f 1271/1/1271 1270/1/1270 1256/1/1256 
f 1256/1/1256 1257/1/1257 1271/1/1271 
f 1266/1/1266 1272/1/1272 1273/1/1273 
f 1273/1/1273 1267/1/1267 1266/1/1266 
f 1274/1/1274 1273/1/1273 1272/1/1272 
f 1272/1/1272 1275/1/1275 1274/1/1274 
f 1261/1/1261 1273/1/1273 1274/1/1274 
f 1274/1/1274 1258/1/1258 1261/1/1261 
f 1267/1/1267 1273/1/1273 1261/1/1261 
f 1261/1/1261 1251/1/1251 1267/1/1267 
f 1258/1/1258 1274/1/1274 1276/1/1276 
f 1276/1/1276 1263/1/1263 1258/1/1258 
f 1277/1/1277 1276/1/1276 1274/1/1274 
f 1274/1/1274 1275/1/1275 1277/1/1277 
f 1271/1/1271 1276/1/1276 1277/1/1277 
f 1277/1/1277 1268/1/1268 1271/1/1271 
f 1271/1/1271 1257/1/1257 1263/1/1263 
f 1263/1/1263 1276/1/1276 1271/1/1271 
f 1278/1/1278 1279/1/1279 1280/1/1280 
f 1280/1/1280 1281/1/1281 1278/1/1278 
f 1282/1/1282 1283/1/1283 1279/1/1279 
f 1279/1/1279 1278/1/1278 1282/1/1282 
f 432/1/432 428/1/428 1279/1/1279 
f 1279/1/1279 1283/1/1283 432/1/432 
f 1280/1/1280 1279/1/1279 428/1/428 
f 428/1/428 427/1/427 1280/1/1280 
f 1284/1/1284 1285/1/1285 1286/1/1286 
f 1286/1/1286 1287/1/1287 1284/1/1284 
f 977/1/977 1286/1/1286 1285/1/1285 
f 1285/1/1285 974/1/974 977/1/977 
f 336/1/336 1269/1/1269 1286/1/1286 
f 1286/1/1286 977/1/977 336/1/336 
f 1287/1/1287 1286/1/1286 1269/1/1269 
f 1269/1/1269 1268/1/1268 1287/1/1287 
f 432/1/432 1283/1/1283 1288/1/1288 
f 1288/1/1288 1265/1/1265 432/1/432 
f 1289/1/1289 1288/1/1288 1283/1/1283 
f 1283/1/1283 1282/1/1282 1289/1/1289 
f 1266/1/1266 1265/1/1265 1288/1/1288 
f 1288/1/1288 1289/1/1289 1266/1/1266 
f 1290/1/1290 1278/1/1278 1281/1/1281 
f 1291/1/1291 1290/1/1290 1292/1/1292 
f 1292/1/1292 1192/1/1192 1291/1/1291 
f 1293/1/1293 1294/1/1294 1290/1/1290 
f 1290/1/1290 1291/1/1291 1293/1/1293 
f 1278/1/1278 1290/1/1290 1294/1/1294 
f 1294/1/1294 1282/1/1282 1278/1/1278 
f 1195/1/1195 1194/1/1194 1295/1/1295 
f 1295/1/1295 1296/1/1296 1195/1/1195 
f 1194/1/1194 1192/1/1192 1292/1/1292 
f 1292/1/1292 1295/1/1295 1194/1/1194 
f 1292/1/1292 1281/1/1281 1296/1/1296 
f 1297/1/1297 1298/1/1298 1285/1/1285 
f 1285/1/1285 1284/1/1284 1297/1/1297 
f 1299/1/1299 1298/1/1298 1297/1/1297 
f 1297/1/1297 1192/1/1192 1299/1/1299 
f 1023/1/1023 1022/1/1022 1298/1/1298 
f 1298/1/1298 1299/1/1299 1023/1/1023 
f 974/1/974 1285/1/1285 1298/1/1298 
f 1298/1/1298 1022/1/1022 974/1/974 
f 1291/1/1291 1300/1/1300 1301/1/1301 
f 1301/1/1301 1293/1/1293 1291/1/1291 
f 1297/1/1297 1300/1/1300 1291/1/1291 
f 1291/1/1291 1192/1/1192 1297/1/1297 
f 1284/1/1284 1301/1/1301 1300/1/1300 
f 1300/1/1300 1297/1/1297 1284/1/1284 
f 1023/1/1023 1299/1/1299 1302/1/1302 
f 1302/1/1302 1056/1/1056 1023/1/1023 
f 1299/1/1299 1192/1/1192 1191/1/1191 
f 1079/1/1079 1078/1/1078 1302/1/1302 
f 1302/1/1302 1191/1/1191 1079/1/1079 
f 1056/1/1056 1302/1/1302 1078/1/1078 
f 1078/1/1078 1059/1/1059 1056/1/1056 
f 1268/1/1268 1277/1/1277 1303/1/1303 
f 1303/1/1303 1287/1/1287 1268/1/1268 
f 1304/1/1304 1303/1/1303 1277/1/1277 
f 1277/1/1277 1275/1/1275 1304/1/1304 
f 1293/1/1293 1301/1/1301 1303/1/1303 
f 1303/1/1303 1304/1/1304 1293/1/1293 
f 1287/1/1287 1303/1/1303 1301/1/1301 
f 1301/1/1301 1284/1/1284 1287/1/1287 
f 1282/1/1282 1294/1/1294 1305/1/1305 
f 1305/1/1305 1289/1/1289 1282/1/1282 
f 1304/1/1304 1305/1/1305 1294/1/1294 
f 1294/1/1294 1293/1/1293 1304/1/1304 
f 1275/1/1275 1272/1/1272 1305/1/1305 
f 1305/1/1305 1304/1/1304 1275/1/1275 
f 1289/1/1289 1305/1/1305 1272/1/1272 
f 1272/1/1272 1266/1/1266 1289/1/1289 
f 1306/1/1306 1296/1/1296 1281/1/1281 
f 1307/1/1307 1306/1/1306 1308/1/1308 
f 1308/1/1308 1309/1/1309 1307/1/1307 
f 1096/1/1096 1198/1/1198 1306/1/1306 
f 1306/1/1306 1307/1/1307 1096/1/1096 
f 1296/1/1296 1306/1/1306 1198/1/1198 
f 1198/1/1198 1195/1/1195 1296/1/1296 
f 1307/1/1307 1310/1/1310 1088/1/1088 
f 1088/1/1088 1096/1/1096 1307/1/1307 
f 1311/1/1311 1310/1/1310 1307/1/1307 
f 1307/1/1307 1309/1/1309 1311/1/1311 
f 1312/1/1312 1313/1/1313 1310/1/1310 
f 1310/1/1310 1311/1/1311 1312/1/1312 
f 1088/1/1088 1310/1/1310 1313/1/1313 
f 1313/1/1313 1089/1/1089 1088/1/1088 
f 1314/1/1314 1315/1/1315 1316/1/1316 
f 1316/1/1316 1317/1/1317 1314/1/1314 
f 1318/1/1318 1315/1/1315 1314/1/1314 
f 1314/1/1314 1319/1/1319 1318/1/1318 
f 405/1/405 401/1/401 1315/1/1315 
f 1315/1/1315 1318/1/1318 405/1/405 
f 400/1/400 1316/1/1316 1315/1/1315 
f 1315/1/1315 401/1/401 400/1/400 
f 1319/1/1319 1320/1/1320 1321/1/1321 
f 1321/1/1321 1318/1/1318 1319/1/1319 
f 1322/1/1322 1321/1/1321 1320/1/1320 
f 1320/1/1320 1323/1/1323 1322/1/1322 
f 412/1/412 409/1/409 1321/1/1321 
f 1321/1/1321 1322/1/1322 412/1/412 
f 1318/1/1318 1321/1/1321 409/1/409 
f 409/1/409 405/1/405 1318/1/1318 
f 418/1/418 415/1/415 1324/1/1324 
f 1324/1/1324 1325/1/1325 418/1/418 
f 1322/1/1322 1324/1/1324 415/1/415 
f 415/1/415 412/1/412 1322/1/1322 
f 1323/1/1323 1326/1/1326 1324/1/1324 
f 1324/1/1324 1322/1/1322 1323/1/1323 
f 1325/1/1325 1324/1/1324 1326/1/1326 
f 1326/1/1326 1327/1/1327 1325/1/1325 
f 424/1/424 421/1/421 1328/1/1328 
f 1328/1/1328 430/1/430 424/1/424 
f 1325/1/1325 1328/1/1328 421/1/421 
f 421/1/421 418/1/418 1325/1/1325 
f 1327/1/1327 1329/1/1329 1328/1/1328 
f 1328/1/1328 1325/1/1325 1327/1/1327 
f 430/1/430 1328/1/1328 1329/1/1329 
f 1329/1/1329 427/1/427 430/1/430 
f 427/1/427 1329/1/1329 1330/1/1330 
f 1330/1/1330 1280/1/1280 427/1/427 
f 1331/1/1331 1330/1/1330 1329/1/1329 
f 1329/1/1329 1327/1/1327 1331/1/1331 
f 1309/1/1309 1308/1/1308 1330/1/1330 
f 1330/1/1330 1331/1/1331 1309/1/1309 
f 1280/1/1280 1330/1/1330 1308/1/1308 
f 1308/1/1308 1281/1/1281 1280/1/1280 
f 1332/1/1332 1333/1/1333 1334/1/1334 
f 1334/1/1334 1335/1/1335 1332/1/1332 
f 1336/1/1336 1334/1/1334 1333/1/1333 
f 1333/1/1333 1337/1/1337 1336/1/1336 
f 1334/1/1334 1336/1/1336 1327/1/1327 
f 1335/1/1335 1334/1/1334 1326/1/1326 
f 1326/1/1326 1323/1/1323 1335/1/1335 
f 1336/1/1336 1338/1/1338 1331/1/1331 
f 1331/1/1331 1327/1/1327 1336/1/1336 
f 1337/1/1337 1339/1/1339 1338/1/1338 
f 1338/1/1338 1336/1/1336 1337/1/1337 
f 1331/1/1331 1338/1/1338 1339/1/1339 
f 1339/1/1339 1309/1/1309 1331/1/1331 
f 1340/1/1340 1341/1/1341 1342/1/1342 
f 1342/1/1342 1343/1/1343 1340/1/1340 
f 1341/1/1341 1312/1/1312 1311/1/1311 
f 1342/1/1342 1311/1/1311 1309/1/1309 
f 1343/1/1343 1342/1/1342 1339/1/1339 
f 1339/1/1339 1337/1/1337 1343/1/1343 
f 1337/1/1337 1333/1/1333 1344/1/1344 
f 1344/1/1344 1343/1/1343 1337/1/1337 
f 1345/1/1345 1344/1/1344 1333/1/1333 
f 1333/1/1333 1332/1/1332 1345/1/1345 
f 1346/1/1346 1347/1/1347 1344/1/1344 
f 1344/1/1344 1345/1/1345 1346/1/1346 
f 1347/1/1347 1340/1/1340 1343/1/1343 
f 1348/1/1348 1349/1/1349 1350/1/1350 
f 1350/1/1350 1351/1/1351 1348/1/1348 
f 1352/1/1352 1350/1/1350 1349/1/1349 
f 1349/1/1349 1353/1/1353 1352/1/1352 
f 874/1/874 873/1/873 1350/1/1350 
f 1350/1/1350 1352/1/1352 874/1/874 
f 1351/1/1351 1350/1/1350 873/1/873 
f 873/1/873 872/1/872 1351/1/1351 
f 1354/1/1354 1355/1/1355 1356/1/1356 
f 1356/1/1356 1357/1/1357 1354/1/1354 
f 1351/1/1351 1356/1/1356 1355/1/1355 
f 1355/1/1355 1348/1/1348 1351/1/1351 
f 872/1/872 945/1/945 1356/1/1356 
f 1356/1/1356 1351/1/1351 872/1/872 
f 1357/1/1357 1356/1/1356 945/1/945 
f 945/1/945 944/1/944 1357/1/1357 
f 944/1/944 955/1/955 1358/1/1358 
f 1358/1/1358 1357/1/1357 944/1/944 
f 1359/1/1359 1358/1/1358 955/1/955 
f 955/1/955 954/1/954 1359/1/1359 
f 1360/1/1360 1361/1/1361 1358/1/1358 
f 1358/1/1358 1359/1/1359 1360/1/1360 
f 1357/1/1357 1358/1/1358 1361/1/1361 
f 1361/1/1361 1354/1/1354 1357/1/1357 
f 954/1/954 952/1/952 1362/1/1362 
f 1362/1/1362 1359/1/1359 954/1/954 
f 1363/1/1363 1362/1/1362 952/1/952 
f 952/1/952 953/1/953 1363/1/1363 
f 1364/1/1364 1365/1/1365 1362/1/1362 
f 1362/1/1362 1363/1/1363 1364/1/1364 
f 1365/1/1365 1360/1/1360 1359/1/1359 
f 953/1/953 967/1/967 1366/1/1366 
f 1366/1/1366 1363/1/1363 953/1/953 
f 1367/1/1367 1366/1/1366 967/1/967 
f 967/1/967 966/1/966 1367/1/1367 
f 1368/1/1368 1369/1/1369 1366/1/1366 
f 1366/1/1366 1367/1/1367 1368/1/1368 
f 1363/1/1363 1366/1/1366 1369/1/1369 
f 1369/1/1369 1364/1/1364 1363/1/1363 
f 1370/1/1370 1371/1/1371 1372/1/1372 
f 1367/1/1367 1370/1/1370 1373/1/1373 
f 1373/1/1373 1368/1/1368 1367/1/1367 
f 966/1/966 972/1/972 1370/1/1370 
f 1370/1/1370 1367/1/1367 966/1/966 
f 1371/1/1371 1370/1/1370 972/1/972 
f 972/1/972 965/1/965 1371/1/1371 
f 964/1/964 1374/1/1374 1371/1/1371 
f 1371/1/1371 965/1/965 964/1/964 
f 837/1/837 1375/1/1375 1374/1/1374 
f 1374/1/1374 964/1/964 837/1/837 
f 1376/1/1376 1377/1/1377 1374/1/1374 
f 1374/1/1374 1375/1/1375 1376/1/1376 
f 1371/1/1371 1374/1/1374 1377/1/1377 
f 1377/1/1377 1372/1/1372 1371/1/1371 
f 1376/1/1376 1375/1/1375 1378/1/1378 
f 1378/1/1378 1379/1/1379 1376/1/1376 
f 1375/1/1375 837/1/837 836/1/836 
f 841/1/841 1380/1/1380 1378/1/1378 
f 1378/1/1378 836/1/836 841/1/841 
f 1379/1/1379 1378/1/1378 1380/1/1380 
f 1380/1/1380 1381/1/1381 1379/1/1379 
f 849/1/849 1382/1/1382 1383/1/1383 
f 1383/1/1383 848/1/848 849/1/849 
f 1384/1/1384 1383/1/1383 1382/1/1382 
f 1382/1/1382 1385/1/1385 1384/1/1384 
f 1381/1/1381 1380/1/1380 1383/1/1383 
f 1383/1/1383 1384/1/1384 1381/1/1381 
f 848/1/848 1383/1/1383 1380/1/1380 
f 1380/1/1380 841/1/841 848/1/848 
f 849/1/849 855/1/855 1386/1/1386 
f 1386/1/1386 1382/1/1382 849/1/849 
f 1387/1/1387 1386/1/1386 855/1/855 
f 855/1/855 854/1/854 1387/1/1387 
f 1388/1/1388 1386/1/1386 1387/1/1387 
f 1387/1/1387 1389/1/1389 1388/1/1388 
f 1385/1/1385 1382/1/1382 1386/1/1386 
f 1386/1/1386 1388/1/1388 1385/1/1385 
f 862/1/862 1390/1/1390 1391/1/1391 
f 1391/1/1391 863/1/863 862/1/862 
f 1392/1/1392 1391/1/1391 1390/1/1390 
f 1390/1/1390 1393/1/1393 1392/1/1392 
f 1389/1/1389 1387/1/1387 1391/1/1391 
f 1391/1/1391 1392/1/1392 1389/1/1389 
f 854/1/854 863/1/863 1391/1/1391 
f 1391/1/1391 1387/1/1387 854/1/854 
f 1364/1/1364 1369/1/1369 1394/1/1394 
f 1394/1/1394 1395/1/1395 1364/1/1364 
f 1396/1/1396 1394/1/1394 1369/1/1369 
f 1369/1/1369 1368/1/1368 1396/1/1396 
f 1397/1/1397 1398/1/1398 1394/1/1394 
f 1394/1/1394 1396/1/1396 1397/1/1397 
f 1395/1/1395 1394/1/1394 1398/1/1398 
f 1398/1/1398 1399/1/1399 1395/1/1395 
f 1368/1/1368 1373/1/1373 1400/1/1400 
f 1400/1/1400 1396/1/1396 1368/1/1368 
f 1401/1/1401 1400/1/1400 1373/1/1373 
f 1373/1/1373 1372/1/1372 1401/1/1401 
f 1402/1/1402 1403/1/1403 1400/1/1400 
f 1400/1/1400 1401/1/1401 1402/1/1402 
f 1396/1/1396 1400/1/1400 1403/1/1403 
f 1403/1/1403 1397/1/1397 1396/1/1396 
f 1372/1/1372 1377/1/1377 1404/1/1404 
f 1404/1/1404 1401/1/1401 1372/1/1372 
f 1405/1/1405 1404/1/1404 1377/1/1377 
f 1377/1/1377 1376/1/1376 1405/1/1405 
f 1406/1/1406 1407/1/1407 1404/1/1404 
f 1404/1/1404 1405/1/1405 1406/1/1406 
f 1401/1/1401 1404/1/1404 1407/1/1407 
f 1407/1/1407 1402/1/1402 1401/1/1401 
f 1376/1/1376 1379/1/1379 1408/1/1408 
f 1408/1/1408 1405/1/1405 1376/1/1376 
f 1381/1/1381 1409/1/1409 1408/1/1408 
f 1408/1/1408 1379/1/1379 1381/1/1381 
f 1410/1/1410 1408/1/1408 1409/1/1409 
f 1409/1/1409 1411/1/1411 1410/1/1410 
f 1405/1/1405 1408/1/1408 1410/1/1410 
f 1410/1/1410 1406/1/1406 1405/1/1405 
f 1385/1/1385 1412/1/1412 1413/1/1413 
f 1413/1/1413 1384/1/1384 1385/1/1385 
f 1414/1/1414 1413/1/1413 1412/1/1412 
f 1412/1/1412 1415/1/1415 1414/1/1414 
f 1411/1/1411 1409/1/1409 1413/1/1413 
f 1413/1/1413 1414/1/1414 1411/1/1411 
f 1384/1/1384 1413/1/1413 1409/1/1409 
f 1409/1/1409 1381/1/1381 1384/1/1384 
f 1389/1/1389 1416/1/1416 1417/1/1417 
f 1417/1/1417 1388/1/1388 1389/1/1389 
f 1416/1/1416 1418/1/1418 1419/1/1419 
f 1415/1/1415 1412/1/1412 1417/1/1417 
f 1417/1/1417 1419/1/1419 1415/1/1415 
f 1388/1/1388 1417/1/1417 1412/1/1412 
f 1412/1/1412 1385/1/1385 1388/1/1388 
f 1393/1/1393 1420/1/1420 1421/1/1421 
f 1421/1/1421 1392/1/1392 1393/1/1393 
f 1422/1/1422 1421/1/1421 1420/1/1420 
f 1420/1/1420 1423/1/1423 1422/1/1422 
f 1418/1/1418 1416/1/1416 1421/1/1421 
f 1421/1/1421 1422/1/1422 1418/1/1418 
f 1392/1/1392 1421/1/1421 1416/1/1416 
f 1416/1/1416 1389/1/1389 1392/1/1392 
f 773/1/773 770/1/770 1424/1/1424 
f 1424/1/1424 788/1/788 773/1/773 
f 1425/1/1425 1424/1/1424 770/1/770 
f 770/1/770 769/1/769 1425/1/1425 
f 1426/1/1426 1427/1/1427 1424/1/1424 
f 1424/1/1424 1425/1/1425 1426/1/1426 
f 788/1/788 1424/1/1424 1427/1/1427 
f 1427/1/1427 791/1/791 788/1/788 
f 792/1/792 1428/1/1428 1429/1/1429 
f 1429/1/1429 796/1/796 792/1/792 
f 1430/1/1430 1429/1/1429 1428/1/1428 
f 1428/1/1428 1431/1/1431 1430/1/1430 
f 1432/1/1432 1433/1/1433 1429/1/1429 
f 1429/1/1429 1430/1/1430 1432/1/1432 
f 796/1/796 1429/1/1429 1433/1/1433 
f 1433/1/1433 797/1/797 796/1/796 
f 1434/1/1434 1435/1/1435 1436/1/1436 
f 1436/1/1436 1437/1/1437 1434/1/1434 
f 1435/1/1435 1431/1/1431 1428/1/1428 
f 1428/1/1428 1436/1/1436 1435/1/1435 
f 790/1/790 1436/1/1436 1428/1/1428 
f 1428/1/1428 792/1/792 790/1/790 
f 1437/1/1437 1436/1/1436 790/1/790 
f 790/1/790 791/1/791 1437/1/1437 
f 766/1/766 765/1/765 1438/1/1438 
f 1439/1/1439 1440/1/1440 1441/1/1441 
f 1425/1/1425 1441/1/1441 1440/1/1440 
f 1440/1/1440 1426/1/1426 1425/1/1425 
f 769/1/769 766/1/766 1441/1/1441 
f 1441/1/1441 1425/1/1425 769/1/769 
f 1442/1/1442 1443/1/1443 1444/1/1444 
f 1444/1/1444 1445/1/1445 1442/1/1442 
f 1434/1/1434 1437/1/1437 1444/1/1444 
f 1444/1/1444 1443/1/1443 1434/1/1434 
f 791/1/791 1427/1/1427 1444/1/1444 
f 1444/1/1444 1437/1/1437 791/1/791 
f 1445/1/1445 1444/1/1444 1427/1/1427 
f 1427/1/1427 1426/1/1426 1445/1/1445 
f 1446/1/1446 1447/1/1447 1448/1/1448 
f 1448/1/1448 1449/1/1449 1446/1/1446 
f 1431/1/1431 1435/1/1435 1448/1/1448 
f 1448/1/1448 1447/1/1447 1431/1/1431 
f 1443/1/1443 1448/1/1448 1435/1/1435 
f 1435/1/1435 1434/1/1434 1443/1/1443 
f 1449/1/1449 1448/1/1448 1443/1/1443 
f 1443/1/1443 1442/1/1442 1449/1/1449 
f 1431/1/1431 1447/1/1447 1450/1/1450 
f 1450/1/1450 1430/1/1430 1431/1/1431 
f 1446/1/1446 1451/1/1451 1450/1/1450 
f 1450/1/1450 1447/1/1447 1446/1/1446 
f 1452/1/1452 1450/1/1450 1451/1/1451 
f 1451/1/1451 1453/1/1453 1452/1/1452 
f 1452/1/1452 1432/1/1432 1430/1/1430 
f 799/1/799 1454/1/1454 1455/1/1455 
f 1455/1/1455 824/1/824 799/1/799 
f 1456/1/1456 1455/1/1455 1454/1/1454 
f 1454/1/1454 1457/1/1457 1456/1/1456 
f 1455/1/1455 1456/1/1456 1458/1/1458 
f 1459/1/1459 822/1/822 824/1/824 
f 1460/1/1460 1459/1/1459 1458/1/1458 
f 1461/1/1461 1462/1/1462 1463/1/1463 
f 860/1/860 859/1/859 1460/1/1460 
f 1460/1/1460 1463/1/1463 860/1/860 
f 859/1/859 822/1/822 1459/1/1459 
f 1464/1/1464 1463/1/1463 1462/1/1462 
f 1465/1/1465 1464/1/1464 1466/1/1466 
f 1466/1/1466 1467/1/1467 1465/1/1465 
f 862/1/862 865/1/865 1464/1/1464 
f 1464/1/1464 1465/1/1465 862/1/862 
f 1463/1/1463 1464/1/1464 865/1/865 
f 865/1/865 860/1/860 1463/1/1463 
f 1467/1/1467 1468/1/1468 1469/1/1469 
f 1469/1/1469 1465/1/1465 1467/1/1467 
f 1470/1/1470 1469/1/1469 1468/1/1468 
f 1468/1/1468 1471/1/1471 1470/1/1470 
f 1393/1/1393 1390/1/1390 1469/1/1469 
f 1469/1/1469 1470/1/1470 1393/1/1393 
f 1465/1/1465 1469/1/1469 1390/1/1390 
f 1390/1/1390 862/1/862 1465/1/1465 
f 1420/1/1420 1393/1/1393 1470/1/1470 
f 1471/1/1471 1472/1/1472 1473/1/1473 
f 1473/1/1473 1470/1/1470 1471/1/1471 
f 1474/1/1474 1475/1/1475 1473/1/1473 
f 1473/1/1473 1472/1/1472 1474/1/1474 
f 1420/1/1420 1473/1/1473 1475/1/1475 
f 1475/1/1475 1423/1/1423 1420/1/1420 
f 1471/1/1471 1476/1/1476 1477/1/1477 
f 1477/1/1477 1472/1/1472 1471/1/1471 
f 1477/1/1477 1476/1/1476 1478/1/1478 
f 1479/1/1479 1480/1/1480 1481/1/1481 
f 1481/1/1481 1477/1/1477 1479/1/1479 
f 1472/1/1472 1477/1/1477 1481/1/1481 
f 1481/1/1481 1474/1/1474 1472/1/1472 
f 1482/1/1482 1483/1/1483 1478/1/1478 
f 1471/1/1471 1468/1/1468 1482/1/1482 
f 1482/1/1482 1476/1/1476 1471/1/1471 
f 1484/1/1484 1482/1/1482 1468/1/1468 
f 1468/1/1468 1467/1/1467 1484/1/1484 
f 1485/1/1485 1483/1/1483 1482/1/1482 
f 1482/1/1482 1484/1/1484 1485/1/1485 
f 1485/1/1485 1486/1/1486 1487/1/1487 
f 1487/1/1487 1483/1/1483 1485/1/1485 
f 1488/1/1488 1487/1/1487 1486/1/1486 
f 1486/1/1486 1489/1/1489 1488/1/1488 
f 1480/1/1480 1479/1/1479 1487/1/1487 
f 1487/1/1487 1488/1/1488 1480/1/1480 
f 1483/1/1483 1487/1/1487 1479/1/1479 
f 1479/1/1479 1478/1/1478 1483/1/1483 
f 1467/1/1467 1466/1/1466 1490/1/1490 
f 1490/1/1490 1484/1/1484 1467/1/1467 
f 1491/1/1491 1490/1/1490 1466/1/1466 
f 1466/1/1466 1462/1/1462 1491/1/1491 
f 1492/1/1492 1493/1/1493 1490/1/1490 
f 1490/1/1490 1491/1/1491 1492/1/1492 
f 1484/1/1484 1490/1/1490 1493/1/1493 
f 1493/1/1493 1485/1/1485 1484/1/1484 
f 1480/1/1480 1494/1/1494 1495/1/1495 
f 1495/1/1495 1481/1/1481 1480/1/1480 
f 1496/1/1496 1495/1/1495 1494/1/1494 
f 1494/1/1494 1497/1/1497 1496/1/1496 
f 1474/1/1474 1481/1/1481 1495/1/1495 
f 1495/1/1495 1496/1/1496 1474/1/1474 
f 1492/1/1492 1498/1/1498 1499/1/1499 
f 1499/1/1499 1493/1/1493 1492/1/1492 
f 1500/1/1500 1499/1/1499 1498/1/1498 
f 1498/1/1498 1501/1/1501 1500/1/1500 
f 1489/1/1489 1486/1/1486 1499/1/1499 
f 1499/1/1499 1500/1/1500 1489/1/1489 
f 1493/1/1493 1499/1/1499 1486/1/1486 
f 1486/1/1486 1485/1/1485 1493/1/1493 
f 1489/1/1489 1500/1/1500 1502/1/1502 
f 1502/1/1502 1488/1/1488 1489/1/1489 
f 1501/1/1501 1503/1/1503 1502/1/1502 
f 1502/1/1502 1500/1/1500 1501/1/1501 
f 1497/1/1497 1494/1/1494 1502/1/1502 
f 1502/1/1502 1503/1/1503 1497/1/1497 
f 1488/1/1488 1502/1/1502 1494/1/1494 
f 1494/1/1494 1480/1/1480 1488/1/1488 
f 197/1/197 219/1/219 1504/1/1504 
f 1504/1/1504 195/1/195 197/1/197 
f 1505/1/1505 1504/1/1504 219/1/219 
f 219/1/219 218/1/218 1505/1/1505 
f 1506/1/1506 1507/1/1507 1504/1/1504 
f 1504/1/1504 1505/1/1505 1506/1/1506 
f 195/1/195 1504/1/1504 1507/1/1507 
f 1507/1/1507 76/1/76 195/1/195 
f 217/1/217 229/1/229 1508/1/1508 
f 1508/1/1508 216/1/216 217/1/217 
f 1509/1/1509 1508/1/1508 229/1/229 
f 229/1/229 228/1/228 1509/1/1509 
f 1510/1/1510 1511/1/1511 1508/1/1508 
f 1508/1/1508 1509/1/1509 1510/1/1510 
f 216/1/216 1508/1/1508 1511/1/1511 
f 1511/1/1511 218/1/218 216/1/216 
f 1512/1/1512 1513/1/1513 1514/1/1514 
f 1514/1/1514 1515/1/1515 1512/1/1512 
f 1509/1/1509 1514/1/1514 1513/1/1513 
f 1513/1/1513 1510/1/1510 1509/1/1509 
f 228/1/228 231/1/231 1514/1/1514 
f 1514/1/1514 1509/1/1509 228/1/228 
f 1515/1/1515 1514/1/1514 231/1/231 
f 231/1/231 230/1/230 1515/1/1515 
f 81/1/81 77/1/77 1516/1/1516 
f 1516/1/1516 1517/1/1517 81/1/81 
f 77/1/77 76/1/76 1507/1/1507 
f 1507/1/1507 1516/1/1516 77/1/77 
f 1518/1/1518 1516/1/1516 1507/1/1507 
f 1507/1/1507 1506/1/1506 1518/1/1518 
f 1517/1/1517 1516/1/1516 1518/1/1518 
f 1518/1/1518 1519/1/1519 1517/1/1517 
f 218/1/218 1511/1/1511 1520/1/1520 
f 1520/1/1520 1505/1/1505 218/1/218 
f 1521/1/1521 1520/1/1520 1511/1/1511 
f 1511/1/1511 1510/1/1510 1521/1/1521 
f 1522/1/1522 1523/1/1523 1520/1/1520 
f 1520/1/1520 1521/1/1521 1522/1/1522 
f 1505/1/1505 1520/1/1520 1523/1/1523 
f 1523/1/1523 1506/1/1506 1505/1/1505 
f 1510/1/1510 1513/1/1513 1524/1/1524 
f 1524/1/1524 1521/1/1521 1510/1/1510 
f 1525/1/1525 1524/1/1524 1513/1/1513 
f 1513/1/1513 1512/1/1512 1525/1/1525 
f 1526/1/1526 1527/1/1527 1524/1/1524 
f 1524/1/1524 1525/1/1525 1526/1/1526 
f 1521/1/1521 1524/1/1524 1527/1/1527 
f 1527/1/1527 1522/1/1522 1521/1/1521 
f 1519/1/1519 1518/1/1518 1528/1/1528 
f 1528/1/1528 1529/1/1529 1519/1/1519 
f 1523/1/1523 1528/1/1528 1518/1/1518 
f 1518/1/1518 1506/1/1506 1523/1/1523 
f 1528/1/1528 1523/1/1523 1522/1/1522 
f 1529/1/1529 1528/1/1528 1530/1/1530 
f 1530/1/1530 1531/1/1531 1529/1/1529 
f 1519/1/1519 1532/1/1532 1533/1/1533 
f 1533/1/1533 1517/1/1517 1519/1/1519 
f 1534/1/1534 1533/1/1533 1532/1/1532 
f 1532/1/1532 1535/1/1535 1534/1/1534 
f 117/1/117 115/1/115 1533/1/1533 
f 1533/1/1533 1534/1/1534 117/1/117 
f 1517/1/1517 1533/1/1533 115/1/115 
f 115/1/115 81/1/81 1517/1/1517 
f 1526/1/1526 1536/1/1536 1537/1/1537 
f 1537/1/1537 1527/1/1527 1526/1/1526 
f 1538/1/1538 1537/1/1537 1536/1/1536 
f 1536/1/1536 1539/1/1539 1538/1/1538 
f 1531/1/1531 1530/1/1530 1537/1/1537 
f 1537/1/1537 1538/1/1538 1531/1/1531 
f 1527/1/1527 1537/1/1537 1530/1/1530 
f 1530/1/1530 1522/1/1522 1527/1/1527 
f 723/1/723 1540/1/1540 1541/1/1541 
f 1541/1/1541 724/1/724 723/1/723 
f 1534/1/1534 1540/1/1540 723/1/723 
f 723/1/723 117/1/117 1534/1/1534 
f 1535/1/1535 1542/1/1542 1540/1/1540 
f 1540/1/1540 1534/1/1534 1535/1/1535 
f 1541/1/1541 1540/1/1540 1542/1/1542 
f 1542/1/1542 1543/1/1543 1541/1/1541 
f 1531/1/1531 1544/1/1544 1545/1/1545 
f 1545/1/1545 1529/1/1529 1531/1/1531 
f 1546/1/1546 1545/1/1545 1544/1/1544 
f 1544/1/1544 1547/1/1547 1546/1/1546 
f 1535/1/1535 1532/1/1532 1545/1/1545 
f 1545/1/1545 1546/1/1546 1535/1/1535 
f 1532/1/1532 1519/1/1519 1529/1/1529 
f 1539/1/1539 1548/1/1548 1549/1/1549 
f 1549/1/1549 1538/1/1538 1539/1/1539 
f 1550/1/1550 1549/1/1549 1548/1/1548 
f 1548/1/1548 1551/1/1551 1550/1/1550 
f 1547/1/1547 1544/1/1544 1549/1/1549 
f 1549/1/1549 1550/1/1550 1547/1/1547 
f 1538/1/1538 1549/1/1549 1544/1/1544 
f 1544/1/1544 1531/1/1531 1538/1/1538 
f 731/1/731 730/1/730 1552/1/1552 
f 1552/1/1552 1553/1/1553 731/1/731 
f 1541/1/1541 1552/1/1552 730/1/730 
f 730/1/730 724/1/724 1541/1/1541 
f 1543/1/1543 1554/1/1554 1552/1/1552 
f 1552/1/1552 1541/1/1541 1543/1/1543 
f 1553/1/1553 1552/1/1552 1554/1/1554 
f 1554/1/1554 1555/1/1555 1553/1/1553 
f 1547/1/1547 1556/1/1556 1557/1/1557 
f 1557/1/1557 1546/1/1546 1547/1/1547 
f 1558/1/1558 1557/1/1557 1556/1/1556 
f 1556/1/1556 1559/1/1559 1558/1/1558 
f 1543/1/1543 1542/1/1542 1557/1/1557 
f 1557/1/1557 1558/1/1558 1543/1/1543 
f 1546/1/1546 1557/1/1557 1542/1/1542 
f 1542/1/1542 1535/1/1535 1546/1/1546 
f 1559/1/1559 1556/1/1556 1560/1/1560 
f 1560/1/1560 1561/1/1561 1559/1/1559 
f 1550/1/1550 1560/1/1560 1556/1/1556 
f 1556/1/1556 1547/1/1547 1550/1/1550 
f 1551/1/1551 1562/1/1562 1560/1/1560 
f 1560/1/1560 1550/1/1550 1551/1/1551 
f 1561/1/1561 1560/1/1560 1562/1/1562 
f 1562/1/1562 1563/1/1563 1561/1/1561 
f 1564/1/1564 1553/1/1553 1555/1/1555 
f 1565/1/1565 1564/1/1564 1566/1/1566 
f 1566/1/1566 1567/1/1567 1565/1/1565 
f 735/1/735 734/1/734 1564/1/1564 
f 1564/1/1564 1565/1/1565 735/1/735 
f 1553/1/1553 1564/1/1564 734/1/734 
f 734/1/734 731/1/731 1553/1/1553 
f 1568/1/1568 1554/1/1554 1543/1/1543 
f 1559/1/1559 1569/1/1569 1568/1/1568 
f 1568/1/1568 1558/1/1558 1559/1/1559 
f 1570/1/1570 1571/1/1571 1568/1/1568 
f 1568/1/1568 1569/1/1569 1570/1/1570 
f 1554/1/1554 1568/1/1568 1571/1/1571 
f 1571/1/1571 1555/1/1555 1554/1/1554 
f 1563/1/1563 1572/1/1572 1573/1/1573 
f 1573/1/1573 1561/1/1561 1563/1/1563 
f 1572/1/1572 1574/1/1574 1575/1/1575 
f 1573/1/1573 1575/1/1575 1570/1/1570 
f 1561/1/1561 1573/1/1573 1569/1/1569 
f 1569/1/1569 1559/1/1559 1561/1/1561 
f 1570/1/1570 1576/1/1576 1577/1/1577 
f 1577/1/1577 1571/1/1571 1570/1/1570 
f 1578/1/1578 1577/1/1577 1576/1/1576 
f 1576/1/1576 1579/1/1579 1578/1/1578 
f 1567/1/1567 1566/1/1566 1577/1/1577 
f 1577/1/1577 1578/1/1578 1567/1/1567 
f 1571/1/1571 1577/1/1577 1566/1/1566 
f 1566/1/1566 1555/1/1555 1571/1/1571 
f 1580/1/1580 1575/1/1575 1574/1/1574 
f 1581/1/1581 1580/1/1580 1582/1/1582 
f 1582/1/1582 1583/1/1583 1581/1/1581 
f 1579/1/1579 1576/1/1576 1580/1/1580 
f 1580/1/1580 1581/1/1581 1579/1/1579 
f 1575/1/1575 1580/1/1580 1576/1/1576 
f 1576/1/1576 1570/1/1570 1575/1/1575 
f 1584/1/1584 502/1/502 501/1/501 
f 1585/1/1585 1584/1/1584 1586/1/1586 
f 1586/1/1586 1587/1/1587 1585/1/1585 
f 1588/1/1588 1589/1/1589 1584/1/1584 
f 1584/1/1584 1585/1/1585 1588/1/1588 
f 1589/1/1589 492/1/492 502/1/502 
f 1589/1/1589 1588/1/1588 1590/1/1590 
f 1591/1/1591 1590/1/1590 1592/1/1592 
f 495/1/495 494/1/494 1591/1/1591 
f 1591/1/1591 1593/1/1593 495/1/495 
f 1589/1/1589 1591/1/1591 494/1/494 
f 494/1/494 492/1/492 1589/1/1589 
f 1588/1/1588 1594/1/1594 1595/1/1595 
f 1595/1/1595 1590/1/1590 1588/1/1588 
f 1596/1/1596 1595/1/1595 1594/1/1594 
f 1594/1/1594 1597/1/1597 1596/1/1596 
f 1598/1/1598 1599/1/1599 1595/1/1595 
f 1595/1/1595 1596/1/1596 1598/1/1598 
f 1590/1/1590 1595/1/1595 1599/1/1599 
f 1599/1/1599 1592/1/1592 1590/1/1590 
f 495/1/495 1593/1/1593 1600/1/1600 
f 1600/1/1600 518/1/518 495/1/495 
f 1601/1/1601 1600/1/1600 1593/1/1593 
f 1593/1/1593 1592/1/1592 1601/1/1601 
f 1602/1/1602 1603/1/1603 1600/1/1600 
f 1600/1/1600 1601/1/1601 1602/1/1602 
f 518/1/518 1600/1/1600 1603/1/1603 
f 1603/1/1603 515/1/515 518/1/518 
f 1604/1/1604 1603/1/1603 1602/1/1602 
f 1602/1/1602 1605/1/1605 1604/1/1604 
f 1604/1/1604 1605/1/1605 527/1/527 
f 527/1/527 530/1/530 1604/1/1604 
f 1604/1/1604 530/1/530 515/1/515 
f 515/1/515 1603/1/1603 1604/1/1604 
f 1592/1/1592 1599/1/1599 1606/1/1606 
f 1606/1/1606 1601/1/1601 1592/1/1592 
f 1607/1/1607 1606/1/1606 1599/1/1599 
f 1599/1/1599 1598/1/1598 1607/1/1607 
f 1608/1/1608 1609/1/1609 1606/1/1606 
f 1606/1/1606 1607/1/1607 1608/1/1608 
f 1601/1/1601 1606/1/1606 1609/1/1609 
f 1609/1/1609 1602/1/1602 1601/1/1601 
f 1610/1/1610 1611/1/1611 1612/1/1612 
f 1612/1/1612 1613/1/1613 1610/1/1610 
f 534/1/534 1612/1/1612 1611/1/1611 
f 1611/1/1611 526/1/526 534/1/534 
f 527/1/527 1605/1/1605 1612/1/1612 
f 1612/1/1612 534/1/534 527/1/527 
f 1613/1/1613 1612/1/1612 1605/1/1605 
f 1605/1/1605 1602/1/1602 1613/1/1613 
f 1602/1/1602 1609/1/1609 1614/1/1614 
f 1614/1/1614 1613/1/1613 1602/1/1602 
f 1615/1/1615 1614/1/1614 1609/1/1609 
f 1609/1/1609 1608/1/1608 1615/1/1615 
f 1616/1/1616 1617/1/1617 1614/1/1614 
f 1614/1/1614 1615/1/1615 1616/1/1616 
f 1617/1/1617 1610/1/1610 1613/1/1613 
f 1610/1/1610 1618/1/1618 1619/1/1619 
f 1619/1/1619 1611/1/1611 1610/1/1610 
f 1620/1/1620 1619/1/1619 1618/1/1618 
f 1618/1/1618 1621/1/1621 1620/1/1620 
f 408/1/408 522/1/522 1619/1/1619 
f 1619/1/1619 1620/1/1620 408/1/408 
f 526/1/526 1611/1/1611 1619/1/1619 
f 1619/1/1619 522/1/522 526/1/526 
f 1622/1/1622 1623/1/1623 1624/1/1624 
f 1624/1/1624 1625/1/1625 1622/1/1622 
f 1626/1/1626 1624/1/1624 1623/1/1623 
f 1623/1/1623 1597/1/1597 1626/1/1626 
f 1627/1/1627 1628/1/1628 1624/1/1624 
f 1624/1/1624 1626/1/1626 1627/1/1627 
f 1625/1/1625 1624/1/1624 1628/1/1628 
f 1628/1/1628 1629/1/1629 1625/1/1625 
f 1630/1/1630 1631/1/1631 1632/1/1632 
f 1632/1/1632 1633/1/1633 1630/1/1630 
f 1596/1/1596 1632/1/1632 1631/1/1631 
f 1631/1/1631 1598/1/1598 1596/1/1596 
f 1597/1/1597 1623/1/1623 1632/1/1632 
f 1632/1/1632 1596/1/1596 1597/1/1597 
f 1633/1/1633 1632/1/1632 1623/1/1623 
f 1623/1/1623 1622/1/1622 1633/1/1633 
f 1634/1/1634 1635/1/1635 1636/1/1636 
f 1636/1/1636 1637/1/1637 1634/1/1634 
f 1607/1/1607 1636/1/1636 1635/1/1635 
f 1635/1/1635 1608/1/1608 1607/1/1607 
f 1598/1/1598 1631/1/1631 1636/1/1636 
f 1636/1/1636 1607/1/1607 1598/1/1598 
f 1637/1/1637 1636/1/1636 1631/1/1631 
f 1631/1/1631 1630/1/1630 1637/1/1637 
f 1638/1/1638 1639/1/1639 1640/1/1640 
f 1640/1/1640 1641/1/1641 1638/1/1638 
f 1616/1/1616 1615/1/1615 1639/1/1639 
f 1639/1/1639 1638/1/1638 1616/1/1616 
f 1608/1/1608 1635/1/1635 1639/1/1639 
f 1639/1/1639 1615/1/1615 1608/1/1608 
f 1635/1/1635 1634/1/1634 1640/1/1640 
f 1640/1/1640 1639/1/1639 1635/1/1635 
f 1629/1/1629 1642/1/1642 1643/1/1643 
f 1643/1/1643 1625/1/1625 1629/1/1629 
f 1644/1/1644 1643/1/1643 1642/1/1642 
f 1642/1/1642 1645/1/1645 1644/1/1644 
f 1646/1/1646 1647/1/1647 1643/1/1643 
f 1643/1/1643 1644/1/1644 1646/1/1646 
f 1625/1/1625 1643/1/1643 1647/1/1647 
f 1647/1/1647 1622/1/1622 1625/1/1625 
f 1622/1/1622 1647/1/1647 1648/1/1648 
f 1648/1/1648 1633/1/1633 1622/1/1622 
f 1649/1/1649 1648/1/1648 1647/1/1647 
f 1647/1/1647 1646/1/1646 1649/1/1649 
f 1648/1/1648 1649/1/1649 1650/1/1650 
f 1650/1/1650 1651/1/1651 1648/1/1648 
f 1651/1/1651 1630/1/1630 1633/1/1633 
f 1633/1/1633 1648/1/1648 1651/1/1651 
f 1652/1/1652 1637/1/1637 1630/1/1630 
f 1630/1/1630 1651/1/1651 1652/1/1652 
f 1652/1/1652 1651/1/1651 1650/1/1650 
f 1650/1/1650 1653/1/1653 1652/1/1652 
f 1652/1/1652 1653/1/1653 1654/1/1654 
f 1654/1/1654 1655/1/1655 1652/1/1652 
f 1652/1/1652 1655/1/1655 1634/1/1634 
f 1634/1/1634 1637/1/1637 1652/1/1652 
f 1641/1/1641 1640/1/1640 1656/1/1656 
f 1656/1/1656 1657/1/1657 1641/1/1641 
f 1656/1/1656 1640/1/1640 1634/1/1634 
f 1634/1/1634 1655/1/1655 1656/1/1656 
f 1656/1/1656 1655/1/1655 1654/1/1654 
f 1654/1/1654 1658/1/1658 1656/1/1656 
f 1659/1/1659 1657/1/1657 1656/1/1656 
f 1656/1/1656 1658/1/1658 1659/1/1659 
f 1659/1/1659 1660/1/1660 1661/1/1661 
f 1661/1/1661 1657/1/1657 1659/1/1659 
f 1662/1/1662 1661/1/1661 1660/1/1660 
f 1660/1/1660 1663/1/1663 1662/1/1662 
f 1664/1/1664 1665/1/1665 1661/1/1661 
f 1661/1/1661 1662/1/1662 1664/1/1664 
f 1657/1/1657 1661/1/1661 1665/1/1665 
f 1665/1/1665 1641/1/1641 1657/1/1657 
f 1666/1/1666 1662/1/1662 1663/1/1663 
f 1667/1/1667 1666/1/1666 1668/1/1668 
f 1668/1/1668 1669/1/1669 1667/1/1667 
f 1666/1/1666 1667/1/1667 1670/1/1670 
f 1671/1/1671 1664/1/1664 1662/1/1662 
f 1672/1/1672 1673/1/1673 1674/1/1674 
f 1674/1/1674 1675/1/1675 1672/1/1672 
f 1667/1/1667 1674/1/1674 1673/1/1673 
f 1673/1/1673 1670/1/1670 1667/1/1667 
f 1669/1/1669 1676/1/1676 1674/1/1674 
f 1674/1/1674 1667/1/1667 1669/1/1669 
f 1676/1/1676 1677/1/1677 1675/1/1675 
f 1675/1/1675 1674/1/1674 1676/1/1676 
f 1677/1/1677 1678/1/1678 1679/1/1679 
f 1679/1/1679 1675/1/1675 1677/1/1677 
f 1680/1/1680 1679/1/1679 1678/1/1678 
f 1678/1/1678 1681/1/1681 1680/1/1680 
f 1682/1/1682 1683/1/1683 1679/1/1679 
f 1679/1/1679 1680/1/1680 1682/1/1682 
f 1675/1/1675 1679/1/1679 1683/1/1683 
f 1683/1/1683 1672/1/1672 1675/1/1675 
f 1684/1/1684 1685/1/1685 1686/1/1686 
f 1687/1/1687 1688/1/1688 1684/1/1684 
f 1684/1/1684 1689/1/1689 1687/1/1687 
f 1680/1/1680 1684/1/1684 1688/1/1688 
f 1688/1/1688 1682/1/1682 1680/1/1680 
f 1681/1/1681 1685/1/1685 1684/1/1684 
f 1684/1/1684 1680/1/1680 1681/1/1681 
f 1690/1/1690 1691/1/1691 1687/1/1687 
f 1692/1/1692 1690/1/1690 1689/1/1689 
f 1689/1/1689 1686/1/1686 1692/1/1692 
f 1693/1/1693 1694/1/1694 1690/1/1690 
f 1690/1/1690 1692/1/1692 1693/1/1693 
f 1691/1/1691 1690/1/1690 1694/1/1694 
f 1694/1/1694 1695/1/1695 1691/1/1691 
f 1694/1/1694 1696/1/1696 1697/1/1697 
f 1697/1/1697 1695/1/1695 1694/1/1694 
f 1698/1/1698 1696/1/1696 1694/1/1694 
f 1694/1/1694 1693/1/1693 1698/1/1698 
f 1699/1/1699 1696/1/1696 1698/1/1698 
f 1698/1/1698 1700/1/1700 1699/1/1699 
f 1701/1/1701 1697/1/1697 1696/1/1696 
f 1696/1/1696 1699/1/1699 1701/1/1701 
f 1700/1/1700 1702/1/1702 1703/1/1703 
f 1703/1/1703 1699/1/1699 1700/1/1700 
f 1704/1/1704 1703/1/1703 1702/1/1702 
f 1702/1/1702 1705/1/1705 1704/1/1704 
f 1706/1/1706 1707/1/1707 1703/1/1703 
f 1703/1/1703 1704/1/1704 1706/1/1706 
f 1699/1/1699 1703/1/1703 1707/1/1707 
f 1707/1/1707 1701/1/1701 1699/1/1699 
f 1704/1/1704 1708/1/1708 1709/1/1709 
f 1709/1/1709 1706/1/1706 1704/1/1704 
f 1705/1/1705 1710/1/1710 1708/1/1708 
f 1708/1/1708 1704/1/1704 1705/1/1705 
f 1645/1/1645 1642/1/1642 1708/1/1708 
f 1708/1/1708 1710/1/1710 1645/1/1645 
f 1709/1/1709 1708/1/1708 1642/1/1642 
f 1642/1/1642 1629/1/1629 1709/1/1709 
f 1711/1/1711 1712/1/1712 1713/1/1713 
f 1714/1/1714 1715/1/1715 1716/1/1716 
f 1716/1/1716 1711/1/1711 1714/1/1714 
f 1669/1/1669 1668/1/1668 1711/1/1711 
f 1711/1/1711 1716/1/1716 1669/1/1669 
f 1668/1/1668 1663/1/1663 1712/1/1712 
f 1669/1/1669 1716/1/1716 1717/1/1717 
f 1717/1/1717 1676/1/1676 1669/1/1669 
f 1718/1/1718 1717/1/1717 1716/1/1716 
f 1716/1/1716 1715/1/1715 1718/1/1718 
f 1719/1/1719 1720/1/1720 1717/1/1717 
f 1717/1/1717 1718/1/1718 1719/1/1719 
f 1676/1/1676 1717/1/1717 1720/1/1720 
f 1720/1/1720 1677/1/1677 1676/1/1676 
f 1719/1/1719 1721/1/1721 1722/1/1722 
f 1722/1/1722 1720/1/1720 1719/1/1719 
f 1722/1/1722 1721/1/1721 1723/1/1723 
f 1723/1/1723 1724/1/1724 1722/1/1722 
f 1681/1/1681 1678/1/1678 1722/1/1722 
f 1722/1/1722 1724/1/1724 1681/1/1681 
f 1720/1/1720 1722/1/1722 1678/1/1678 
f 1678/1/1678 1677/1/1677 1720/1/1720 
f 1681/1/1681 1724/1/1724 1725/1/1725 
f 1725/1/1725 1685/1/1685 1681/1/1681 
f 1726/1/1726 1725/1/1725 1724/1/1724 
f 1724/1/1724 1723/1/1723 1726/1/1726 
f 1727/1/1727 1728/1/1728 1725/1/1725 
f 1725/1/1725 1726/1/1726 1727/1/1727 
f 1685/1/1685 1725/1/1725 1728/1/1728 
f 1728/1/1728 1686/1/1686 1685/1/1685 
f 1686/1/1686 1728/1/1728 1729/1/1729 
f 1729/1/1729 1692/1/1692 1686/1/1686 
f 1730/1/1730 1729/1/1729 1728/1/1728 
f 1728/1/1728 1727/1/1727 1730/1/1730 
f 1731/1/1731 1732/1/1732 1729/1/1729 
f 1729/1/1729 1730/1/1730 1731/1/1731 
f 1692/1/1692 1729/1/1729 1732/1/1732 
f 1732/1/1732 1693/1/1693 1692/1/1692 
f 1693/1/1693 1732/1/1732 1733/1/1733 
f 1733/1/1733 1698/1/1698 1693/1/1693 
f 1734/1/1734 1733/1/1733 1732/1/1732 
f 1732/1/1732 1731/1/1731 1734/1/1734 
f 1735/1/1735 1736/1/1736 1733/1/1733 
f 1733/1/1733 1734/1/1734 1735/1/1735 
f 1698/1/1698 1733/1/1733 1736/1/1736 
f 1736/1/1736 1700/1/1700 1698/1/1698 
f 1737/1/1737 1738/1/1738 1710/1/1710 
f 1710/1/1710 1705/1/1705 1737/1/1737 
f 1739/1/1739 1740/1/1740 1738/1/1738 
f 1738/1/1738 1737/1/1737 1739/1/1739 
f 1741/1/1741 1742/1/1742 1738/1/1738 
f 1738/1/1738 1740/1/1740 1741/1/1741 
f 1710/1/1710 1738/1/1738 1742/1/1742 
f 1742/1/1742 1645/1/1645 1710/1/1710 
f 1735/1/1735 1743/1/1743 1744/1/1744 
f 1744/1/1744 1736/1/1736 1735/1/1735 
f 1737/1/1737 1744/1/1744 1743/1/1743 
f 1743/1/1743 1739/1/1739 1737/1/1737 
f 1705/1/1705 1702/1/1702 1744/1/1744 
f 1744/1/1744 1737/1/1737 1705/1/1705 
f 1736/1/1736 1744/1/1744 1702/1/1702 
f 1702/1/1702 1700/1/1700 1736/1/1736 
f 1715/1/1715 1745/1/1745 1746/1/1746 
f 1746/1/1746 1718/1/1718 1715/1/1715 
f 1747/1/1747 1748/1/1748 1746/1/1746 
f 1748/1/1748 1749/1/1749 1750/1/1750 
f 1750/1/1750 1746/1/1746 1748/1/1748 
f 1718/1/1718 1746/1/1746 1750/1/1750 
f 1750/1/1750 1719/1/1719 1718/1/1718 
f 1749/1/1749 1751/1/1751 1752/1/1752 
f 1752/1/1752 1750/1/1750 1749/1/1749 
f 1751/1/1751 1753/1/1753 1754/1/1754 
f 1723/1/1723 1721/1/1721 1752/1/1752 
f 1752/1/1752 1754/1/1754 1723/1/1723 
f 1750/1/1750 1752/1/1752 1721/1/1721 
f 1721/1/1721 1719/1/1719 1750/1/1750 
f 1723/1/1723 1754/1/1754 1755/1/1755 
f 1755/1/1755 1726/1/1726 1723/1/1723 
f 1756/1/1756 1755/1/1755 1754/1/1754 
f 1754/1/1754 1753/1/1753 1756/1/1756 
f 1757/1/1757 1758/1/1758 1755/1/1755 
f 1755/1/1755 1756/1/1756 1757/1/1757 
f 1726/1/1726 1755/1/1755 1758/1/1758 
f 1758/1/1758 1727/1/1727 1726/1/1726 
f 1727/1/1727 1758/1/1758 1759/1/1759 
f 1759/1/1759 1730/1/1730 1727/1/1727 
f 1760/1/1760 1759/1/1759 1758/1/1758 
f 1758/1/1758 1757/1/1757 1760/1/1760 
f 1761/1/1761 1762/1/1762 1759/1/1759 
f 1759/1/1759 1760/1/1760 1761/1/1761 
f 1730/1/1730 1759/1/1759 1762/1/1762 
f 1762/1/1762 1731/1/1731 1730/1/1730 
f 1731/1/1731 1762/1/1762 1763/1/1763 
f 1763/1/1763 1734/1/1734 1731/1/1731 
f 1764/1/1764 1763/1/1763 1762/1/1762 
f 1762/1/1762 1761/1/1761 1764/1/1764 
f 1765/1/1765 1766/1/1766 1763/1/1763 
f 1763/1/1763 1764/1/1764 1765/1/1765 
f 1734/1/1734 1763/1/1763 1766/1/1766 
f 1766/1/1766 1735/1/1735 1734/1/1734 
f 1765/1/1765 1767/1/1767 1768/1/1768 
f 1768/1/1768 1766/1/1766 1765/1/1765 
f 1769/1/1769 1768/1/1768 1767/1/1767 
f 1767/1/1767 1770/1/1770 1769/1/1769 
f 1739/1/1739 1743/1/1743 1768/1/1768 
f 1768/1/1768 1769/1/1769 1739/1/1739 
f 1766/1/1766 1768/1/1768 1743/1/1743 
f 1743/1/1743 1735/1/1735 1766/1/1766 
f 1771/1/1771 1649/1/1649 1646/1/1646 
f 1646/1/1646 1772/1/1772 1771/1/1771 
f 1771/1/1771 1772/1/1772 1773/1/1773 
f 1773/1/1773 1774/1/1774 1771/1/1771 
f 1771/1/1771 1774/1/1774 1775/1/1775 
f 1775/1/1775 1776/1/1776 1771/1/1771 
f 1771/1/1771 1776/1/1776 1650/1/1650 
f 1650/1/1650 1649/1/1649 1771/1/1771 
f 1777/1/1777 1778/1/1778 1779/1/1779 
f 1779/1/1779 1780/1/1780 1777/1/1777 
f 1777/1/1777 1780/1/1780 1770/1/1770 
f 1770/1/1770 1767/1/1767 1777/1/1777 
f 1765/1/1765 1778/1/1778 1777/1/1777 
f 1777/1/1777 1767/1/1767 1765/1/1765 
f 1781/1/1781 1782/1/1782 1779/1/1779 
f 1779/1/1779 1783/1/1783 1781/1/1781 
f 1757/1/1757 1756/1/1756 1781/1/1781 
f 1781/1/1781 1783/1/1783 1757/1/1757 
f 1753/1/1753 1782/1/1782 1781/1/1781 
f 1781/1/1781 1756/1/1756 1753/1/1753 
f 1784/1/1784 1776/1/1776 1775/1/1775 
f 1775/1/1775 1785/1/1785 1784/1/1784 
f 1784/1/1784 1785/1/1785 1786/1/1786 
f 1786/1/1786 1787/1/1787 1784/1/1784 
f 1784/1/1784 1787/1/1787 1654/1/1654 
f 1654/1/1654 1653/1/1653 1784/1/1784 
f 1784/1/1784 1653/1/1653 1650/1/1650 
f 1650/1/1650 1776/1/1776 1784/1/1784 
f 1788/1/1788 1789/1/1789 1790/1/1790 
f 1790/1/1790 1779/1/1779 1788/1/1788 
f 1749/1/1749 1748/1/1748 1789/1/1789 
f 1789/1/1789 1788/1/1788 1749/1/1749 
f 1747/1/1747 1790/1/1790 1789/1/1789 
f 1789/1/1789 1748/1/1748 1747/1/1747 
f 1788/1/1788 1779/1/1779 1782/1/1782 
f 1753/1/1753 1751/1/1751 1791/1/1791 
f 1791/1/1791 1782/1/1782 1753/1/1753 
f 1749/1/1749 1788/1/1788 1791/1/1791 
f 1791/1/1791 1751/1/1751 1749/1/1749 
f 1792/1/1792 1783/1/1783 1779/1/1779 
f 1779/1/1779 1793/1/1793 1792/1/1792 
f 1761/1/1761 1760/1/1760 1792/1/1792 
f 1792/1/1792 1793/1/1793 1761/1/1761 
f 1757/1/1757 1783/1/1783 1792/1/1792 
f 1792/1/1792 1760/1/1760 1757/1/1757 
f 1794/1/1794 1793/1/1793 1779/1/1779 
f 1779/1/1779 1778/1/1778 1794/1/1794 
f 1794/1/1794 1778/1/1778 1765/1/1765 
f 1765/1/1765 1764/1/1764 1794/1/1794 
f 1761/1/1761 1793/1/1793 1794/1/1794 
f 1794/1/1794 1764/1/1764 1761/1/1761 
f 1795/1/1795 1796/1/1796 1769/1/1769 
f 1769/1/1769 1770/1/1770 1795/1/1795 
f 1797/1/1797 1798/1/1798 1796/1/1796 
f 1796/1/1796 1795/1/1795 1797/1/1797 
f 1740/1/1740 1796/1/1796 1798/1/1798 
f 1798/1/1798 1741/1/1741 1740/1/1740 
f 1769/1/1769 1796/1/1796 1740/1/1740 
f 1740/1/1740 1739/1/1739 1769/1/1769 
f 1799/1/1799 1780/1/1780 1779/1/1779 
f 1779/1/1779 1800/1/1800 1799/1/1799 
f 1797/1/1797 1795/1/1795 1799/1/1799 
f 1799/1/1799 1800/1/1800 1797/1/1797 
f 1770/1/1770 1780/1/1780 1799/1/1799 
f 1799/1/1799 1795/1/1795 1770/1/1770 
f 1801/1/1801 1802/1/1802 1803/1/1803 
f 1803/1/1803 1804/1/1804 1801/1/1801 
f 1801/1/1801 1779/1/1779 1790/1/1790 
f 1747/1/1747 1803/1/1803 1802/1/1802 
f 1802/1/1802 1790/1/1790 1747/1/1747 
f 1645/1/1645 1742/1/1742 1805/1/1805 
f 1805/1/1805 1644/1/1644 1645/1/1645 
f 1806/1/1806 1805/1/1805 1742/1/1742 
f 1742/1/1742 1741/1/1741 1806/1/1806 
f 1773/1/1773 1772/1/1772 1805/1/1805 
f 1805/1/1805 1806/1/1806 1773/1/1773 
f 1644/1/1644 1805/1/1805 1772/1/1772 
f 1772/1/1772 1646/1/1646 1644/1/1644 
f 1774/1/1774 1773/1/1773 1807/1/1807 
f 1807/1/1807 1808/1/1808 1774/1/1774 
f 1808/1/1808 1807/1/1807 1809/1/1809 
f 1809/1/1809 1810/1/1810 1808/1/1808 
f 1808/1/1808 1810/1/1810 1786/1/1786 
f 1786/1/1786 1785/1/1785 1808/1/1808 
f 1808/1/1808 1785/1/1785 1775/1/1775 
f 1775/1/1775 1774/1/1774 1808/1/1808 
f 1809/1/1809 1807/1/1807 1811/1/1811 
f 1811/1/1811 1812/1/1812 1809/1/1809 
f 1806/1/1806 1811/1/1811 1807/1/1807 
f 1807/1/1807 1773/1/1773 1806/1/1806 
f 1741/1/1741 1798/1/1798 1811/1/1811 
f 1811/1/1811 1806/1/1806 1741/1/1741 
f 1812/1/1812 1811/1/1811 1798/1/1798 
f 1798/1/1798 1797/1/1797 1812/1/1812 
f 1813/1/1813 1787/1/1787 1786/1/1786 
f 1786/1/1786 1814/1/1814 1813/1/1813 
f 1815/1/1815 1813/1/1813 1814/1/1814 
f 1814/1/1814 1816/1/1816 1815/1/1815 
f 1815/1/1815 1659/1/1659 1658/1/1658 
f 1658/1/1658 1813/1/1813 1815/1/1815 
f 1813/1/1813 1658/1/1658 1654/1/1654 
f 1654/1/1654 1787/1/1787 1813/1/1813 
f 1817/1/1817 1815/1/1815 1816/1/1816 
f 1816/1/1816 1818/1/1818 1817/1/1817 
f 1712/1/1712 1817/1/1817 1818/1/1818 
f 1818/1/1818 1713/1/1713 1712/1/1712 
f 1817/1/1817 1712/1/1712 1663/1/1663 
f 1815/1/1815 1817/1/1817 1660/1/1660 
f 1660/1/1660 1659/1/1659 1815/1/1815 
f 1809/1/1809 1819/1/1819 1820/1/1820 
f 1820/1/1820 1810/1/1810 1809/1/1809 
f 1821/1/1821 1820/1/1820 1819/1/1819 
f 1819/1/1819 1804/1/1804 1821/1/1821 
f 1820/1/1820 1821/1/1821 1816/1/1816 
f 1816/1/1816 1814/1/1814 1820/1/1820 
f 1786/1/1786 1810/1/1810 1820/1/1820 
f 1820/1/1820 1814/1/1814 1786/1/1786 
f 1818/1/1818 1816/1/1816 1821/1/1821 
f 1821/1/1821 1822/1/1822 1818/1/1818 
f 1822/1/1822 1821/1/1821 1804/1/1804 
f 1804/1/1804 1823/1/1823 1822/1/1822 
f 1822/1/1822 1823/1/1823 1713/1/1713 
f 1713/1/1713 1818/1/1818 1822/1/1822 
f 1823/1/1823 1804/1/1804 1803/1/1803 
f 1803/1/1803 1747/1/1747 1745/1/1745 
f 1714/1/1714 1824/1/1824 1745/1/1745 
f 1745/1/1745 1715/1/1715 1714/1/1714 
f 1714/1/1714 1713/1/1713 1823/1/1823 
f 1804/1/1804 1819/1/1819 1825/1/1825 
f 1825/1/1825 1801/1/1801 1804/1/1804 
f 1812/1/1812 1825/1/1825 1819/1/1819 
f 1819/1/1819 1809/1/1809 1812/1/1812 
f 1797/1/1797 1800/1/1800 1825/1/1825 
f 1825/1/1825 1812/1/1812 1797/1/1797 
f 1801/1/1801 1825/1/1825 1800/1/1800 
f 1800/1/1800 1779/1/1779 1801/1/1801 
f 1587/1/1587 1826/1/1826 1827/1/1827 
f 1827/1/1827 1585/1/1585 1587/1/1587 
f 1626/1/1626 1827/1/1827 1826/1/1826 
f 1826/1/1826 1627/1/1627 1626/1/1626 
f 1597/1/1597 1594/1/1594 1827/1/1827 
f 1827/1/1827 1626/1/1626 1597/1/1597 
f 1585/1/1585 1827/1/1827 1594/1/1594 
f 1594/1/1594 1588/1/1588 1585/1/1585 
f 1629/1/1629 1628/1/1628 1828/1/1828 
f 1828/1/1828 1709/1/1709 1629/1/1629 
f 1829/1/1829 1828/1/1828 1628/1/1628 
f 1628/1/1628 1627/1/1627 1829/1/1829 
f 1830/1/1830 1828/1/1828 1829/1/1829 
f 1829/1/1829 1831/1/1831 1830/1/1830 
f 1706/1/1706 1709/1/1709 1828/1/1828 
f 1828/1/1828 1830/1/1830 1706/1/1706 
f 1831/1/1831 1832/1/1832 1833/1/1833 
f 1833/1/1833 1830/1/1830 1831/1/1831 
f 1834/1/1834 1833/1/1833 1832/1/1832 
f 1832/1/1832 1835/1/1835 1834/1/1834 
f 1701/1/1701 1707/1/1707 1833/1/1833 
f 1833/1/1833 1834/1/1834 1701/1/1701 
f 1830/1/1830 1833/1/1833 1707/1/1707 
f 1707/1/1707 1706/1/1706 1830/1/1830 
f 1835/1/1835 1836/1/1836 1837/1/1837 
f 1837/1/1837 1834/1/1834 1835/1/1835 
f 1838/1/1838 1837/1/1837 1836/1/1836 
f 1836/1/1836 1839/1/1839 1838/1/1838 
f 1695/1/1695 1697/1/1697 1837/1/1837 
f 1837/1/1837 1838/1/1838 1695/1/1695 
f 1834/1/1834 1837/1/1837 1697/1/1697 
f 1697/1/1697 1701/1/1701 1834/1/1834 
f 1840/1/1840 1841/1/1841 1838/1/1838 
f 1838/1/1838 1839/1/1839 1840/1/1840 
f 1842/1/1842 1841/1/1841 1840/1/1840 
f 1840/1/1840 1843/1/1843 1842/1/1842 
f 1841/1/1841 1842/1/1842 1687/1/1687 
f 1838/1/1838 1841/1/1841 1691/1/1691 
f 1691/1/1691 1695/1/1695 1838/1/1838 
f 1844/1/1844 1845/1/1845 1846/1/1846 
f 1846/1/1846 1847/1/1847 1844/1/1844 
f 1840/1/1840 1845/1/1845 1844/1/1844 
f 1844/1/1844 1843/1/1843 1840/1/1840 
f 1848/1/1848 1845/1/1845 1840/1/1840 
f 1840/1/1840 1839/1/1839 1848/1/1848 
f 1846/1/1846 1845/1/1845 1848/1/1848 
f 1848/1/1848 1849/1/1849 1846/1/1846 
f 1842/1/1842 1850/1/1850 1688/1/1688 
f 1688/1/1688 1687/1/1687 1842/1/1842 
f 1851/1/1851 1850/1/1850 1842/1/1842 
f 1842/1/1842 1843/1/1843 1851/1/1851 
f 1852/1/1852 1850/1/1850 1851/1/1851 
f 1851/1/1851 1853/1/1853 1852/1/1852 
f 1850/1/1850 1852/1/1852 1682/1/1682 
f 1853/1/1853 1854/1/1854 1855/1/1855 
f 1855/1/1855 1852/1/1852 1853/1/1853 
f 1856/1/1856 1855/1/1855 1854/1/1854 
f 1854/1/1854 1857/1/1857 1856/1/1856 
f 1672/1/1672 1683/1/1683 1855/1/1855 
f 1855/1/1855 1856/1/1856 1672/1/1672 
f 1852/1/1852 1855/1/1855 1683/1/1683 
f 1683/1/1683 1682/1/1682 1852/1/1852 
f 1857/1/1857 1858/1/1858 1859/1/1859 
f 1859/1/1859 1856/1/1856 1857/1/1857 
f 1860/1/1860 1859/1/1859 1858/1/1858 
f 1858/1/1858 1861/1/1861 1860/1/1860 
f 1670/1/1670 1673/1/1673 1859/1/1859 
f 1859/1/1859 1860/1/1860 1670/1/1670 
f 1856/1/1856 1859/1/1859 1673/1/1673 
f 1673/1/1673 1672/1/1672 1856/1/1856 
f 1641/1/1641 1665/1/1665 1862/1/1862 
f 1862/1/1862 1638/1/1638 1641/1/1641 
f 1863/1/1863 1862/1/1862 1665/1/1665 
f 1665/1/1665 1664/1/1664 1863/1/1863 
f 1864/1/1864 1865/1/1865 1862/1/1862 
f 1862/1/1862 1863/1/1863 1864/1/1864 
f 1638/1/1638 1862/1/1862 1865/1/1865 
f 1865/1/1865 1616/1/1616 1638/1/1638 
f 1621/1/1621 1618/1/1618 1866/1/1866 
f 1866/1/1866 1867/1/1867 1621/1/1621 
f 1617/1/1617 1866/1/1866 1618/1/1618 
f 1618/1/1618 1610/1/1610 1617/1/1617 
f 1616/1/1616 1865/1/1865 1866/1/1866 
f 1866/1/1866 1617/1/1617 1616/1/1616 
f 1867/1/1867 1866/1/1866 1865/1/1865 
f 1865/1/1865 1864/1/1864 1867/1/1867 
f 1861/1/1861 1868/1/1868 1869/1/1869 
f 1869/1/1869 1860/1/1860 1861/1/1861 
f 1863/1/1863 1869/1/1869 1868/1/1868 
f 1868/1/1868 1864/1/1864 1863/1/1863 
f 1664/1/1664 1671/1/1671 1869/1/1869 
f 1869/1/1869 1863/1/1863 1664/1/1664 
f 1860/1/1860 1869/1/1869 1671/1/1671 
f 1671/1/1671 1670/1/1670 1860/1/1860 
f 400/1/400 403/1/403 1870/1/1870 
f 1870/1/1870 1871/1/1871 400/1/400 
f 1620/1/1620 1870/1/1870 403/1/403 
f 403/1/403 408/1/408 1620/1/1620 
f 1621/1/1621 1872/1/1872 1870/1/1870 
f 1870/1/1870 1620/1/1620 1621/1/1621 
f 1871/1/1871 1870/1/1870 1872/1/1872 
f 1872/1/1872 1873/1/1873 1871/1/1871 
f 1864/1/1864 1874/1/1874 1875/1/1875 
f 1875/1/1875 1867/1/1867 1864/1/1864 
f 1876/1/1876 1875/1/1875 1874/1/1874 
f 1874/1/1874 1877/1/1877 1876/1/1876 
f 1873/1/1873 1872/1/1872 1875/1/1875 
f 1875/1/1875 1876/1/1876 1873/1/1873 
f 1867/1/1867 1875/1/1875 1872/1/1872 
f 1872/1/1872 1621/1/1621 1867/1/1867 
f 1873/1/1873 1878/1/1878 1879/1/1879 
f 1879/1/1879 1871/1/1871 1873/1/1873 
f 1880/1/1880 1879/1/1879 1878/1/1878 
f 1878/1/1878 1881/1/1881 1880/1/1880 
f 1317/1/1317 1316/1/1316 1879/1/1879 
f 1879/1/1879 1880/1/1880 1317/1/1317 
f 1871/1/1871 1879/1/1879 1316/1/1316 
f 1316/1/1316 400/1/400 1871/1/1871 
f 1877/1/1877 1882/1/1882 1883/1/1883 
f 1883/1/1883 1876/1/1876 1877/1/1877 
f 1884/1/1884 1883/1/1883 1882/1/1882 
f 1882/1/1882 1885/1/1885 1884/1/1884 
f 1881/1/1881 1878/1/1878 1883/1/1883 
f 1883/1/1883 1884/1/1884 1881/1/1881 
f 1876/1/1876 1883/1/1883 1878/1/1878 
f 1878/1/1878 1873/1/1873 1876/1/1876 
f 1861/1/1861 1886/1/1886 1887/1/1887 
f 1887/1/1887 1868/1/1868 1861/1/1861 
f 1882/1/1882 1887/1/1887 1886/1/1886 
f 1886/1/1886 1885/1/1885 1882/1/1882 
f 1877/1/1877 1874/1/1874 1887/1/1887 
f 1887/1/1887 1882/1/1882 1877/1/1877 
f 1868/1/1868 1887/1/1887 1874/1/1874 
f 1874/1/1874 1864/1/1864 1868/1/1868 
f 1886/1/1886 1861/1/1861 1858/1/1858 
f 1858/1/1858 1888/1/1888 1886/1/1886 
f 1889/1/1889 1888/1/1888 1858/1/1858 
f 1858/1/1858 1857/1/1857 1889/1/1889 
f 1888/1/1888 1889/1/1889 1890/1/1890 
f 1886/1/1886 1888/1/1888 1891/1/1891 
f 1891/1/1891 1885/1/1885 1886/1/1886 
f 1892/1/1892 1893/1/1893 1894/1/1894 
f 1895/1/1895 1890/1/1890 1889/1/1889 
f 1857/1/1857 1854/1/1854 1892/1/1892 
f 1892/1/1892 1889/1/1889 1857/1/1857 
f 1854/1/1854 1853/1/1853 1893/1/1893 
f 1896/1/1896 1897/1/1897 1851/1/1851 
f 1851/1/1851 1843/1/1843 1896/1/1896 
f 1898/1/1898 1897/1/1897 1896/1/1896 
f 1896/1/1896 1899/1/1899 1898/1/1898 
f 1893/1/1893 1897/1/1897 1898/1/1898 
f 1898/1/1898 1894/1/1894 1893/1/1893 
f 1897/1/1897 1893/1/1893 1853/1/1853 
f 1896/1/1896 1900/1/1900 1901/1/1901 
f 1901/1/1901 1899/1/1899 1896/1/1896 
f 1843/1/1843 1844/1/1844 1900/1/1900 
f 1900/1/1900 1896/1/1896 1843/1/1843 
f 1847/1/1847 1901/1/1901 1900/1/1900 
f 1900/1/1900 1844/1/1844 1847/1/1847 
f 1894/1/1894 1898/1/1898 1902/1/1902 
f 1902/1/1902 1903/1/1903 1894/1/1894 
f 1904/1/1904 1902/1/1902 1898/1/1898 
f 1898/1/1898 1899/1/1899 1904/1/1904 
f 1905/1/1905 1906/1/1906 1902/1/1902 
f 1902/1/1902 1904/1/1904 1905/1/1905 
f 1903/1/1903 1902/1/1902 1906/1/1906 
f 1906/1/1906 1907/1/1907 1903/1/1903 
f 1907/1/1907 1908/1/1908 1909/1/1909 
f 1909/1/1909 1903/1/1903 1907/1/1907 
f 1910/1/1910 1909/1/1909 1908/1/1908 
f 1908/1/1908 1911/1/1911 1910/1/1910 
f 1890/1/1890 1895/1/1895 1909/1/1909 
f 1909/1/1909 1910/1/1910 1890/1/1890 
f 1903/1/1903 1909/1/1909 1895/1/1895 
f 1895/1/1895 1894/1/1894 1903/1/1903 
f 1907/1/1907 1906/1/1906 1912/1/1912 
f 1912/1/1912 1908/1/1908 1907/1/1907 
f 1913/1/1913 1912/1/1912 1906/1/1906 
f 1906/1/1906 1905/1/1905 1913/1/1913 
f 1913/1/1913 1914/1/1914 1915/1/1915 
f 1915/1/1915 1912/1/1912 1913/1/1913 
f 1908/1/1908 1912/1/1912 1915/1/1915 
f 1915/1/1915 1911/1/1911 1908/1/1908 
f 1891/1/1891 1890/1/1890 1910/1/1910 
f 1911/1/1911 1916/1/1916 1917/1/1917 
f 1917/1/1917 1910/1/1910 1911/1/1911 
f 1916/1/1916 1918/1/1918 1919/1/1919 
f 1919/1/1919 1885/1/1885 1891/1/1891 
f 1914/1/1914 1920/1/1920 1921/1/1921 
f 1921/1/1921 1915/1/1915 1914/1/1914 
f 1922/1/1922 1921/1/1921 1920/1/1920 
f 1920/1/1920 1923/1/1923 1922/1/1922 
f 1924/1/1924 1925/1/1925 1921/1/1921 
f 1921/1/1921 1922/1/1922 1924/1/1924 
f 1915/1/1915 1921/1/1921 1925/1/1925 
f 1925/1/1925 1911/1/1911 1915/1/1915 
f 1922/1/1922 1926/1/1926 1927/1/1927 
f 1927/1/1927 1924/1/1924 1922/1/1922 
f 1923/1/1923 1928/1/1928 1926/1/1926 
f 1926/1/1926 1922/1/1922 1923/1/1923 
f 1929/1/1929 1926/1/1926 1928/1/1928 
f 1929/1/1929 1930/1/1930 1927/1/1927 
f 1924/1/1924 1927/1/1927 1931/1/1931 
f 1931/1/1931 1932/1/1932 1924/1/1924 
f 1933/1/1933 1931/1/1931 1927/1/1927 
f 1927/1/1927 1930/1/1930 1933/1/1933 
f 1934/1/1934 1935/1/1935 1931/1/1931 
f 1931/1/1931 1933/1/1933 1934/1/1934 
f 1932/1/1932 1931/1/1931 1935/1/1935 
f 1935/1/1935 1936/1/1936 1932/1/1932 
f 1924/1/1924 1932/1/1932 1937/1/1937 
f 1937/1/1937 1925/1/1925 1924/1/1924 
f 1932/1/1932 1936/1/1936 1938/1/1938 
f 1937/1/1937 1938/1/1938 1918/1/1918 
f 1925/1/1925 1937/1/1937 1916/1/1916 
f 1916/1/1916 1911/1/1911 1925/1/1925 
f 1935/1/1935 1939/1/1939 1940/1/1940 
f 1940/1/1940 1936/1/1936 1935/1/1935 
f 1941/1/1941 1939/1/1939 1935/1/1935 
f 1942/1/1942 1939/1/1939 1941/1/1941 
f 1943/1/1943 1940/1/1940 1939/1/1939 
f 1939/1/1939 1942/1/1942 1943/1/1943 
f 1944/1/1944 1945/1/1945 1940/1/1940 
f 1940/1/1940 1943/1/1943 1944/1/1944 
f 1946/1/1946 1945/1/1945 1944/1/1944 
f 1944/1/1944 1947/1/1947 1946/1/1946 
f 1948/1/1948 1949/1/1949 1945/1/1945 
f 1945/1/1945 1946/1/1946 1948/1/1948 
f 1940/1/1940 1945/1/1945 1949/1/1949 
f 1949/1/1949 1936/1/1936 1940/1/1940 
f 1950/1/1950 1951/1/1951 1952/1/1952 
f 1952/1/1952 1953/1/1953 1950/1/1950 
f 1954/1/1954 1952/1/1952 1951/1/1951 
f 1951/1/1951 1955/1/1955 1954/1/1954 
f 1952/1/1952 1954/1/1954 1346/1/1346 
f 1345/1/1345 1332/1/1332 1953/1/1953 
f 1953/1/1953 1952/1/1952 1345/1/1345 
f 1956/1/1956 1957/1/1957 1958/1/1958 
f 1958/1/1958 1959/1/1959 1956/1/1956 
f 1960/1/1960 1956/1/1956 1959/1/1959 
f 1959/1/1959 1961/1/1961 1960/1/1960 
f 1962/1/1962 1963/1/1963 1956/1/1956 
f 1956/1/1956 1960/1/1960 1962/1/1962 
f 1956/1/1956 1963/1/1963 1955/1/1955 
f 1950/1/1950 1964/1/1964 1965/1/1965 
f 1965/1/1965 1951/1/1951 1950/1/1950 
f 1966/1/1966 1965/1/1965 1964/1/1964 
f 1964/1/1964 1967/1/1967 1966/1/1966 
f 1965/1/1965 1966/1/1966 1958/1/1958 
f 1958/1/1958 1957/1/1957 1965/1/1965 
f 1951/1/1951 1965/1/1965 1957/1/1957 
f 1957/1/1957 1955/1/1955 1951/1/1951 
f 1950/1/1950 1953/1/1953 1968/1/1968 
f 1968/1/1968 1964/1/1964 1950/1/1950 
f 1953/1/1953 1332/1/1332 1335/1/1335 
f 1969/1/1969 1968/1/1968 1335/1/1335 
f 1335/1/1335 1323/1/1323 1969/1/1969 
f 1967/1/1967 1964/1/1964 1968/1/1968 
f 1968/1/1968 1969/1/1969 1967/1/1967 
f 1970/1/1970 1959/1/1959 1958/1/1958 
f 1958/1/1958 1966/1/1966 1970/1/1970 
f 1971/1/1971 1970/1/1970 1966/1/1966 
f 1966/1/1966 1967/1/1967 1971/1/1971 
f 1972/1/1972 1973/1/1973 1970/1/1970 
f 1970/1/1970 1971/1/1971 1972/1/1972 
f 1961/1/1961 1959/1/1959 1970/1/1970 
f 1970/1/1970 1973/1/1973 1961/1/1961 
f 1974/1/1974 1975/1/1975 1976/1/1976 
f 1976/1/1976 1977/1/1977 1974/1/1974 
f 1969/1/1969 1976/1/1976 1975/1/1975 
f 1975/1/1975 1967/1/1967 1969/1/1969 
f 1323/1/1323 1320/1/1320 1976/1/1976 
f 1976/1/1976 1969/1/1969 1323/1/1323 
f 1977/1/1977 1976/1/1976 1320/1/1320 
f 1320/1/1320 1319/1/1319 1977/1/1977 
f 1978/1/1978 1979/1/1979 1980/1/1980 
f 1980/1/1980 1981/1/1981 1978/1/1978 
f 1982/1/1982 1979/1/1979 1978/1/1978 
f 1978/1/1978 1983/1/1983 1982/1/1982 
f 1960/1/1960 1979/1/1979 1982/1/1982 
f 1982/1/1982 1962/1/1962 1960/1/1960 
f 1961/1/1961 1980/1/1980 1979/1/1979 
f 1979/1/1979 1960/1/1960 1961/1/1961 
f 1984/1/1984 1985/1/1985 1986/1/1986 
f 1986/1/1986 1987/1/1987 1984/1/1984 
f 1971/1/1971 1986/1/1986 1985/1/1985 
f 1985/1/1985 1972/1/1972 1971/1/1971 
f 1967/1/1967 1975/1/1975 1986/1/1986 
f 1986/1/1986 1971/1/1971 1967/1/1967 
f 1987/1/1987 1986/1/1986 1975/1/1975 
f 1975/1/1975 1974/1/1974 1987/1/1987 
f 1972/1/1972 1985/1/1985 1988/1/1988 
f 1988/1/1988 1973/1/1973 1972/1/1972 
f 1989/1/1989 1988/1/1988 1985/1/1985 
f 1985/1/1985 1984/1/1984 1989/1/1989 
f 1981/1/1981 1980/1/1980 1988/1/1988 
f 1988/1/1988 1989/1/1989 1981/1/1981 
f 1973/1/1973 1988/1/1988 1980/1/1980 
f 1980/1/1980 1961/1/1961 1973/1/1973 
f 1990/1/1990 1991/1/1991 1992/1/1992 
f 1992/1/1992 1993/1/1993 1990/1/1990 
f 1994/1/1994 1992/1/1992 1991/1/1991 
f 1991/1/1991 1995/1/1995 1994/1/1994 
f 1983/1/1983 1978/1/1978 1992/1/1992 
f 1992/1/1992 1994/1/1994 1983/1/1983 
f 1993/1/1993 1992/1/1992 1978/1/1978 
f 1978/1/1978 1981/1/1981 1993/1/1993 
f 1996/1/1996 1997/1/1997 1998/1/1998 
f 1998/1/1998 1999/1/1999 1996/1/1996 
f 1977/1/1977 1998/1/1998 1997/1/1997 
f 1997/1/1997 1974/1/1974 1977/1/1977 
f 1319/1/1319 1314/1/1314 1998/1/1998 
f 1998/1/1998 1977/1/1977 1319/1/1319 
f 1314/1/1314 1317/1/1317 1999/1/1999 
f 1995/1/1995 1991/1/1991 2000/1/2000 
f 2000/1/2000 2001/1/2001 1995/1/1995 
f 2002/1/2002 2000/1/2000 1991/1/1991 
f 1991/1/1991 1990/1/1990 2002/1/2002 
f 2002/1/2002 1948/1/1948 1946/1/1946 
f 1946/1/1946 2000/1/2000 2002/1/2002 
f 2001/1/2001 2000/1/2000 1946/1/1946 
f 1946/1/1946 1947/1/1947 2001/1/2001 
f 2003/1/2003 1919/1/1919 1918/1/1918 
f 2004/1/2004 2003/1/2003 2005/1/2005 
f 2005/1/2005 2006/1/2006 2004/1/2004 
f 1884/1/1884 2003/1/2003 2004/1/2004 
f 2004/1/2004 1881/1/1881 1884/1/1884 
f 1885/1/1885 1919/1/1919 2003/1/2003 
f 2003/1/2003 1884/1/1884 1885/1/1885 
f 2007/1/2007 2008/1/2008 2009/1/2009 
f 2009/1/2009 2010/1/2010 2007/1/2007 
f 1987/1/1987 2009/1/2009 2008/1/2008 
f 2008/1/2008 1984/1/1984 1987/1/1987 
f 1974/1/1974 1997/1/1997 2009/1/2009 
f 2009/1/2009 1987/1/1987 1974/1/1974 
f 2010/1/2010 2009/1/2009 1997/1/1997 
f 1997/1/1997 1996/1/1996 2010/1/2010 
f 1999/1/1999 1317/1/1317 1880/1/1880 
f 1881/1/1881 2004/1/2004 2011/1/2011 
f 2011/1/2011 1880/1/1880 1881/1/1881 
f 2011/1/2011 2004/1/2004 2006/1/2006 
f 2012/1/2012 1996/1/1996 1999/1/1999 
f 2013/1/2013 2014/1/2014 2012/1/2012 
f 2012/1/2012 2006/1/2006 2013/1/2013 
f 2007/1/2007 2010/1/2010 2014/1/2014 
f 2014/1/2014 2013/1/2013 2007/1/2007 
f 1996/1/1996 2012/1/2012 2014/1/2014 
f 2014/1/2014 2010/1/2010 1996/1/1996 
f 2015/1/2015 1938/1/1938 1936/1/1936 
f 2016/1/2016 2015/1/2015 1949/1/1949 
f 1949/1/1949 1948/1/1948 2016/1/2016 
f 2006/1/2006 2005/1/2005 2015/1/2015 
f 2015/1/2015 2016/1/2016 2006/1/2006 
f 2005/1/2005 1918/1/1918 1938/1/1938 
f 2013/1/2013 2017/1/2017 2018/1/2018 
f 2018/1/2018 2007/1/2007 2013/1/2013 
f 2013/1/2013 2006/1/2006 2016/1/2016 
f 2016/1/2016 2017/1/2017 2013/1/2013 
f 1948/1/1948 2002/1/2002 2017/1/2017 
f 2017/1/2017 2016/1/2016 1948/1/1948 
f 2018/1/2018 2017/1/2017 2002/1/2002 
f 2002/1/2002 1990/1/1990 2018/1/2018 
f 1984/1/1984 2008/1/2008 2019/1/2019 
f 2019/1/2019 1989/1/1989 1984/1/1984 
f 2018/1/2018 2019/1/2019 2008/1/2008 
f 2008/1/2008 2007/1/2007 2018/1/2018 
f 1990/1/1990 1993/1/1993 2019/1/2019 
f 2019/1/2019 2018/1/2018 1990/1/1990 
f 1989/1/1989 2019/1/2019 1993/1/1993 
f 1993/1/1993 1981/1/1981 1989/1/1989 
f 641/1/641 2020/1/2020 2021/1/2021 
f 2021/1/2021 640/1/640 641/1/641 
f 2022/1/2022 2021/1/2021 2020/1/2020 
f 2020/1/2020 2023/1/2023 2022/1/2022 
f 2021/1/2021 2022/1/2022 1587/1/1587 
f 640/1/640 2021/1/2021 1586/1/1586 
f 1586/1/1586 501/1/501 640/1/640 
f 645/1/645 2024/1/2024 2025/1/2025 
f 2025/1/2025 642/1/642 645/1/645 
f 2026/1/2026 2025/1/2025 2024/1/2024 
f 2024/1/2024 2027/1/2027 2026/1/2026 
f 2023/1/2023 2020/1/2020 2025/1/2025 
f 2025/1/2025 2026/1/2026 2023/1/2023 
f 642/1/642 2025/1/2025 2020/1/2020 
f 2020/1/2020 641/1/641 642/1/642 
f 1826/1/1826 1587/1/1587 2028/1/2028 
f 2029/1/2029 2030/1/2030 2028/1/2028 
f 2028/1/2028 2031/1/2031 2029/1/2029 
f 1831/1/1831 1829/1/1829 2030/1/2030 
f 2030/1/2030 2029/1/2029 1831/1/1831 
f 1627/1/1627 1826/1/1826 2030/1/2030 
f 2030/1/2030 1829/1/1829 1627/1/1627 
f 2031/1/2031 2032/1/2032 2033/1/2033 
f 2033/1/2033 2029/1/2029 2031/1/2031 
f 2034/1/2034 2033/1/2033 2032/1/2032 
f 2032/1/2032 2035/1/2035 2034/1/2034 
f 1835/1/1835 1832/1/1832 2033/1/2033 
f 2033/1/2033 2034/1/2034 1835/1/1835 
f 2029/1/2029 2033/1/2033 1832/1/1832 
f 1832/1/1832 1831/1/1831 2029/1/2029 
f 2035/1/2035 2036/1/2036 2037/1/2037 
f 2037/1/2037 2034/1/2034 2035/1/2035 
f 2038/1/2038 2037/1/2037 2036/1/2036 
f 2036/1/2036 2039/1/2039 2038/1/2038 
f 1839/1/1839 1836/1/1836 2037/1/2037 
f 2037/1/2037 2038/1/2038 1839/1/1839 
f 2034/1/2034 2037/1/2037 1836/1/1836 
f 1836/1/1836 1835/1/1835 2034/1/2034 
f 2040/1/2040 2041/1/2041 2038/1/2038 
f 2038/1/2038 2039/1/2039 2040/1/2040 
f 1849/1/1849 1848/1/1848 2041/1/2041 
f 2041/1/2041 2040/1/2040 1849/1/1849 
f 2038/1/2038 2041/1/2041 1848/1/1848 
f 1848/1/1848 1839/1/1839 2038/1/2038 
f 2023/1/2023 2042/1/2042 2043/1/2043 
f 2043/1/2043 2022/1/2022 2023/1/2023 
f 2042/1/2042 2044/1/2044 2045/1/2045 
f 2043/1/2043 2045/1/2045 2031/1/2031 
f 2022/1/2022 2043/1/2043 2028/1/2028 
f 2028/1/2028 1587/1/1587 2022/1/2022 
f 2046/1/2046 2047/1/2047 2026/1/2026 
f 2026/1/2026 2027/1/2027 2046/1/2046 
f 2048/1/2048 2047/1/2047 2046/1/2046 
f 2046/1/2046 2049/1/2049 2048/1/2048 
f 2047/1/2047 2048/1/2048 2044/1/2044 
f 2026/1/2026 2047/1/2047 2042/1/2042 
f 2042/1/2042 2023/1/2023 2026/1/2026 
f 2050/1/2050 2045/1/2045 2044/1/2044 
f 2051/1/2051 2052/1/2052 2050/1/2050 
f 2050/1/2050 2053/1/2053 2051/1/2051 
f 2035/1/2035 2032/1/2032 2050/1/2050 
f 2050/1/2050 2052/1/2052 2035/1/2035 
f 2045/1/2045 2050/1/2050 2032/1/2032 
f 2032/1/2032 2031/1/2031 2045/1/2045 
f 2054/1/2054 2055/1/2055 2056/1/2056 
f 2056/1/2056 2057/1/2057 2054/1/2054 
f 2036/1/2036 2056/1/2056 2055/1/2055 
f 2055/1/2055 2039/1/2039 2036/1/2036 
f 2056/1/2056 2036/1/2036 2035/1/2035 
f 2057/1/2057 2056/1/2056 2052/1/2052 
f 2052/1/2052 2051/1/2051 2057/1/2057 
f 2027/1/2027 2024/1/2024 2058/1/2058 
f 2058/1/2058 2046/1/2046 2027/1/2027 
f 2059/1/2059 2058/1/2058 2024/1/2024 
f 2024/1/2024 645/1/645 2059/1/2059 
f 2060/1/2060 2061/1/2061 2058/1/2058 
f 2058/1/2058 2059/1/2059 2060/1/2060 
f 2046/1/2046 2058/1/2058 2061/1/2061 
f 2061/1/2061 2049/1/2049 2046/1/2046 
f 645/1/645 647/1/647 2062/1/2062 
f 2062/1/2062 2059/1/2059 645/1/645 
f 2063/1/2063 2062/1/2062 647/1/647 
f 647/1/647 646/1/646 2063/1/2063 
f 2064/1/2064 2065/1/2065 2062/1/2062 
f 2062/1/2062 2063/1/2063 2064/1/2064 
f 2059/1/2059 2062/1/2062 2065/1/2065 
f 2065/1/2065 2060/1/2060 2059/1/2059 
f 650/1/650 2066/1/2066 2067/1/2067 
f 2067/1/2067 651/1/651 650/1/650 
f 2068/1/2068 2067/1/2067 2066/1/2066 
f 2066/1/2066 2069/1/2069 2068/1/2068 
f 2064/1/2064 2063/1/2063 2067/1/2067 
f 2067/1/2067 2068/1/2068 2064/1/2064 
f 2067/1/2067 2063/1/2063 646/1/646 
f 664/1/664 2070/1/2070 2071/1/2071 
f 2071/1/2071 665/1/665 664/1/664 
f 2072/1/2072 2071/1/2071 2070/1/2070 
f 2070/1/2070 2073/1/2073 2072/1/2072 
f 2074/1/2074 2075/1/2075 2071/1/2071 
f 2071/1/2071 2072/1/2072 2074/1/2074 
f 665/1/665 2071/1/2071 2075/1/2075 
f 2075/1/2075 659/1/659 665/1/665 
f 668/1/668 2076/1/2076 2077/1/2077 
f 2077/1/2077 669/1/669 668/1/668 
f 2076/1/2076 2078/1/2078 2079/1/2079 
f 2079/1/2079 2077/1/2077 2076/1/2076 
f 2073/1/2073 2070/1/2070 2077/1/2077 
f 2077/1/2077 2079/1/2079 2073/1/2073 
f 669/1/669 2077/1/2077 2070/1/2070 
f 2070/1/2070 664/1/664 669/1/669 
f 2080/1/2080 2081/1/2081 2082/1/2082 
f 2082/1/2082 2083/1/2083 2080/1/2080 
f 2084/1/2084 2085/1/2085 2083/1/2083 
f 2083/1/2083 2082/1/2082 2084/1/2084 
f 2079/1/2079 2083/1/2083 2085/1/2085 
f 2085/1/2085 2073/1/2073 2079/1/2079 
f 2079/1/2079 2078/1/2078 2080/1/2080 
f 668/1/668 673/1/673 2086/1/2086 
f 2086/1/2086 2076/1/2076 668/1/668 
f 2087/1/2087 2086/1/2086 673/1/673 
f 673/1/673 672/1/672 2087/1/2087 
f 2088/1/2088 2089/1/2089 2086/1/2086 
f 2086/1/2086 2087/1/2087 2088/1/2088 
f 2089/1/2089 2078/1/2078 2076/1/2076 
f 2090/1/2090 2091/1/2091 2089/1/2089 
f 2089/1/2089 2088/1/2088 2090/1/2090 
f 2092/1/2092 2093/1/2093 2091/1/2091 
f 2091/1/2091 2090/1/2090 2092/1/2092 
f 2093/1/2093 2081/1/2081 2080/1/2080 
f 2080/1/2080 2091/1/2091 2093/1/2093 
f 2078/1/2078 2089/1/2089 2091/1/2091 
f 2091/1/2091 2080/1/2080 2078/1/2078 
f 672/1/672 677/1/677 2094/1/2094 
f 2094/1/2094 2087/1/2087 672/1/672 
f 2095/1/2095 2094/1/2094 677/1/677 
f 677/1/677 676/1/676 2095/1/2095 
f 2096/1/2096 2097/1/2097 2094/1/2094 
f 2094/1/2094 2095/1/2095 2096/1/2096 
f 2087/1/2087 2094/1/2094 2097/1/2097 
f 2097/1/2097 2088/1/2088 2087/1/2087 
f 2088/1/2088 2097/1/2097 2098/1/2098 
f 2098/1/2098 2090/1/2090 2088/1/2088 
f 2099/1/2099 2098/1/2098 2097/1/2097 
f 2097/1/2097 2096/1/2096 2099/1/2099 
f 2100/1/2100 2101/1/2101 2098/1/2098 
f 2098/1/2098 2099/1/2099 2100/1/2100 
f 2090/1/2090 2098/1/2098 2101/1/2101 
f 2101/1/2101 2092/1/2092 2090/1/2090 
f 2102/1/2102 2095/1/2095 676/1/676 
f 681/1/681 680/1/680 2103/1/2103 
f 2104/1/2104 2105/1/2105 2102/1/2102 
f 2102/1/2102 2103/1/2103 2104/1/2104 
f 2095/1/2095 2102/1/2102 2105/1/2105 
f 2105/1/2105 2096/1/2096 2095/1/2095 
f 657/1/657 2106/1/2106 2107/1/2107 
f 2107/1/2107 656/1/656 657/1/657 
f 2108/1/2108 2107/1/2107 2106/1/2106 
f 2106/1/2106 2109/1/2109 2108/1/2108 
f 2069/1/2069 2066/1/2066 2107/1/2107 
f 2107/1/2107 2108/1/2108 2069/1/2069 
f 656/1/656 2107/1/2107 2066/1/2066 
f 2066/1/2066 650/1/650 656/1/656 
f 659/1/659 2075/1/2075 2110/1/2110 
f 2110/1/2110 660/1/660 659/1/659 
f 2111/1/2111 2110/1/2110 2075/1/2075 
f 2075/1/2075 2074/1/2074 2111/1/2111 
f 2109/1/2109 2106/1/2106 2110/1/2110 
f 2110/1/2110 2111/1/2111 2109/1/2109 
f 660/1/660 2110/1/2110 2106/1/2106 
f 2106/1/2106 657/1/657 660/1/660 
f 2073/1/2073 2085/1/2085 2112/1/2112 
f 2112/1/2112 2072/1/2072 2073/1/2073 
f 2113/1/2113 2112/1/2112 2085/1/2085 
f 2085/1/2085 2084/1/2084 2113/1/2113 
f 2114/1/2114 2115/1/2115 2112/1/2112 
f 2112/1/2112 2113/1/2113 2114/1/2114 
f 2072/1/2072 2112/1/2112 2115/1/2115 
f 2115/1/2115 2074/1/2074 2072/1/2072 
f 2116/1/2116 2117/1/2117 2118/1/2118 
f 2118/1/2118 2119/1/2119 2116/1/2116 
f 2068/1/2068 2118/1/2118 2117/1/2117 
f 2117/1/2117 2064/1/2064 2068/1/2068 
f 2069/1/2069 2120/1/2120 2118/1/2118 
f 2118/1/2118 2068/1/2068 2069/1/2069 
f 2119/1/2119 2118/1/2118 2120/1/2120 
f 2120/1/2120 2121/1/2121 2119/1/2119 
f 2109/1/2109 2122/1/2122 2123/1/2123 
f 2123/1/2123 2108/1/2108 2109/1/2109 
f 2124/1/2124 2123/1/2123 2122/1/2122 
f 2122/1/2122 2125/1/2125 2124/1/2124 
f 2121/1/2121 2120/1/2120 2123/1/2123 
f 2123/1/2123 2124/1/2124 2121/1/2121 
f 2108/1/2108 2123/1/2123 2120/1/2120 
f 2120/1/2120 2069/1/2069 2108/1/2108 
f 2074/1/2074 2115/1/2115 2126/1/2126 
f 2126/1/2126 2111/1/2111 2074/1/2074 
f 2127/1/2127 2126/1/2126 2115/1/2115 
f 2115/1/2115 2114/1/2114 2127/1/2127 
f 2125/1/2125 2122/1/2122 2126/1/2126 
f 2126/1/2126 2127/1/2127 2125/1/2125 
f 2111/1/2111 2126/1/2126 2122/1/2122 
f 2122/1/2122 2109/1/2109 2111/1/2111 
f 2060/1/2060 2128/1/2128 2129/1/2129 
f 2129/1/2129 2061/1/2061 2060/1/2060 
f 2130/1/2130 2129/1/2129 2128/1/2128 
f 2128/1/2128 2131/1/2131 2130/1/2130 
f 2132/1/2132 2133/1/2133 2129/1/2129 
f 2129/1/2129 2130/1/2130 2132/1/2132 
f 2061/1/2061 2129/1/2129 2133/1/2133 
f 2133/1/2133 2049/1/2049 2061/1/2061 
f 2049/1/2049 2133/1/2133 2134/1/2134 
f 2134/1/2134 2048/1/2048 2049/1/2049 
f 2135/1/2135 2134/1/2134 2133/1/2133 
f 2133/1/2133 2132/1/2132 2135/1/2135 
f 2053/1/2053 2134/1/2134 2135/1/2135 
f 2135/1/2135 2051/1/2051 2053/1/2053 
f 2048/1/2048 2134/1/2134 2053/1/2053 
f 2053/1/2053 2044/1/2044 2048/1/2048 
f 2051/1/2051 2135/1/2135 2136/1/2136 
f 2136/1/2136 2057/1/2057 2051/1/2051 
f 2137/1/2137 2136/1/2136 2135/1/2135 
f 2135/1/2135 2132/1/2132 2137/1/2137 
f 2138/1/2138 2139/1/2139 2136/1/2136 
f 2136/1/2136 2137/1/2137 2138/1/2138 
f 2057/1/2057 2136/1/2136 2139/1/2139 
f 2139/1/2139 2054/1/2054 2057/1/2057 
f 2132/1/2132 2130/1/2130 2140/1/2140 
f 2140/1/2140 2137/1/2137 2132/1/2132 
f 2141/1/2141 2140/1/2140 2130/1/2130 
f 2130/1/2130 2131/1/2131 2141/1/2141 
f 2138/1/2138 2137/1/2137 2140/1/2140 
f 2140/1/2140 2141/1/2141 2138/1/2138 
f 2065/1/2065 2142/1/2142 2128/1/2128 
f 2128/1/2128 2060/1/2060 2065/1/2065 
f 2117/1/2117 2142/1/2142 2065/1/2065 
f 2065/1/2065 2064/1/2064 2117/1/2117 
f 2117/1/2117 2116/1/2116 2143/1/2143 
f 2143/1/2143 2142/1/2142 2117/1/2117 
f 2128/1/2128 2142/1/2142 2143/1/2143 
f 2143/1/2143 2131/1/2131 2128/1/2128 
f 2144/1/2144 2145/1/2145 2146/1/2146 
f 2146/1/2146 2147/1/2147 2144/1/2144 
f 2148/1/2148 2146/1/2146 2145/1/2145 
f 2145/1/2145 2149/1/2149 2148/1/2148 
f 896/1/896 893/1/893 2146/1/2146 
f 2146/1/2146 2148/1/2148 896/1/896 
f 2147/1/2147 2146/1/2146 893/1/893 
f 893/1/893 883/1/883 2147/1/2147 
f 2148/1/2148 2150/1/2150 907/1/907 
f 907/1/907 896/1/896 2148/1/2148 
f 2148/1/2148 2149/1/2149 2151/1/2151 
f 2151/1/2151 2150/1/2150 2148/1/2148 
f 2152/1/2152 2153/1/2153 2150/1/2150 
f 2150/1/2150 2151/1/2151 2152/1/2152 
f 907/1/907 2150/1/2150 2153/1/2153 
f 2153/1/2153 910/1/910 907/1/907 
f 910/1/910 2153/1/2153 2154/1/2154 
f 2154/1/2154 919/1/919 910/1/910 
f 2155/1/2155 2154/1/2154 2153/1/2153 
f 2153/1/2153 2152/1/2152 2155/1/2155 
f 2156/1/2156 2157/1/2157 2154/1/2154 
f 2154/1/2154 2155/1/2155 2156/1/2156 
f 919/1/919 2154/1/2154 2157/1/2157 
f 2157/1/2157 922/1/922 919/1/919 
f 922/1/922 2157/1/2157 2158/1/2158 
f 2158/1/2158 941/1/941 922/1/922 
f 2159/1/2159 2158/1/2158 2157/1/2157 
f 2157/1/2157 2156/1/2156 2159/1/2159 
f 2160/1/2160 2158/1/2158 2159/1/2159 
f 2159/1/2159 2161/1/2161 2160/1/2160 
f 917/1/917 941/1/941 2158/1/2158 
f 2158/1/2158 2160/1/2160 917/1/917 
f 2162/1/2162 2163/1/2163 2164/1/2164 
f 2164/1/2164 2165/1/2165 2162/1/2162 
f 2147/1/2147 2164/1/2164 2163/1/2163 
f 2163/1/2163 2144/1/2144 2147/1/2147 
f 883/1/883 882/1/882 2164/1/2164 
f 2164/1/2164 2147/1/2147 883/1/883 
f 2165/1/2165 2164/1/2164 882/1/882 
f 882/1/882 881/1/881 2165/1/2165 
f 2163/1/2163 2162/1/2162 2166/1/2166 
f 2167/1/2167 2168/1/2168 2166/1/2166 
f 2166/1/2166 2169/1/2169 2167/1/2167 
f 2170/1/2170 2168/1/2168 2167/1/2167 
f 2167/1/2167 2171/1/2171 2170/1/2170 
f 2168/1/2168 2170/1/2170 2144/1/2144 
f 2171/1/2171 2172/1/2172 2173/1/2173 
f 2173/1/2173 2170/1/2170 2171/1/2171 
f 2174/1/2174 2173/1/2173 2172/1/2172 
f 2172/1/2172 2175/1/2175 2174/1/2174 
f 2149/1/2149 2145/1/2145 2173/1/2173 
f 2173/1/2173 2174/1/2174 2149/1/2149 
f 2170/1/2170 2173/1/2173 2145/1/2145 
f 2145/1/2145 2144/1/2144 2170/1/2170 
f 2176/1/2176 2177/1/2177 2178/1/2178 
f 2178/1/2178 2179/1/2179 2176/1/2176 
f 2151/1/2151 2178/1/2178 2177/1/2177 
f 2177/1/2177 2152/1/2152 2151/1/2151 
f 2174/1/2174 2178/1/2178 2151/1/2151 
f 2151/1/2151 2149/1/2149 2174/1/2174 
f 2178/1/2178 2174/1/2174 2175/1/2175 
f 2175/1/2175 2179/1/2179 2178/1/2178 
f 2180/1/2180 2181/1/2181 2182/1/2182 
f 2182/1/2182 2183/1/2183 2180/1/2180 
f 2155/1/2155 2182/1/2182 2181/1/2181 
f 2181/1/2181 2156/1/2156 2155/1/2155 
f 2152/1/2152 2177/1/2177 2182/1/2182 
f 2182/1/2182 2155/1/2155 2152/1/2152 
f 2183/1/2183 2182/1/2182 2177/1/2177 
f 2177/1/2177 2176/1/2176 2183/1/2183 
f 2184/1/2184 2185/1/2185 2186/1/2186 
f 2186/1/2186 2187/1/2187 2184/1/2184 
f 2161/1/2161 2159/1/2159 2185/1/2185 
f 2185/1/2185 2184/1/2184 2161/1/2161 
f 2156/1/2156 2181/1/2181 2185/1/2185 
f 2185/1/2185 2159/1/2159 2156/1/2156 
f 2186/1/2186 2185/1/2185 2181/1/2181 
f 2181/1/2181 2180/1/2180 2186/1/2186 
f 2169/1/2169 2188/1/2188 2189/1/2189 
f 2189/1/2189 2167/1/2167 2169/1/2169 
f 2190/1/2190 2189/1/2189 2188/1/2188 
f 2188/1/2188 2191/1/2191 2190/1/2190 
f 2175/1/2175 2172/1/2172 2189/1/2189 
f 2189/1/2189 2190/1/2190 2175/1/2175 
f 2167/1/2167 2189/1/2189 2172/1/2172 
f 2172/1/2172 2171/1/2171 2167/1/2167 
f 2192/1/2192 2193/1/2193 2194/1/2194 
f 2194/1/2194 2195/1/2195 2192/1/2192 
f 2179/1/2179 2194/1/2194 2193/1/2193 
f 2193/1/2193 2176/1/2176 2179/1/2179 
f 2175/1/2175 2190/1/2190 2194/1/2194 
f 2194/1/2194 2179/1/2179 2175/1/2175 
f 2195/1/2195 2194/1/2194 2190/1/2190 
f 2190/1/2190 2191/1/2191 2195/1/2195 
f 2196/1/2196 2197/1/2197 2198/1/2198 
f 2198/1/2198 2199/1/2199 2196/1/2196 
f 2198/1/2198 2197/1/2197 2192/1/2192 
f 2192/1/2192 2195/1/2195 2198/1/2198 
f 2199/1/2199 2198/1/2198 2195/1/2195 
f 2195/1/2195 2191/1/2191 2199/1/2199 
f 2200/1/2200 2201/1/2201 2202/1/2202 
f 2202/1/2202 2203/1/2203 2200/1/2200 
f 2183/1/2183 2202/1/2202 2201/1/2201 
f 2201/1/2201 2180/1/2180 2183/1/2183 
f 2176/1/2176 2193/1/2193 2202/1/2202 
f 2202/1/2202 2183/1/2183 2176/1/2176 
f 2203/1/2203 2202/1/2202 2193/1/2193 
f 2193/1/2193 2192/1/2192 2203/1/2203 
f 2204/1/2204 2205/1/2205 2206/1/2206 
f 2206/1/2206 2207/1/2207 2204/1/2204 
f 2203/1/2203 2206/1/2206 2205/1/2205 
f 2205/1/2205 2200/1/2200 2203/1/2203 
f 2192/1/2192 2197/1/2197 2206/1/2206 
f 2206/1/2206 2203/1/2203 2192/1/2192 
f 2207/1/2207 2206/1/2206 2197/1/2197 
f 2197/1/2197 2196/1/2196 2207/1/2207 
f 2208/1/2208 2209/1/2209 2201/1/2201 
f 2201/1/2201 2200/1/2200 2208/1/2208 
f 2210/1/2210 2209/1/2209 2208/1/2208 
f 2208/1/2208 2211/1/2211 2210/1/2210 
f 2187/1/2187 2186/1/2186 2209/1/2209 
f 2209/1/2209 2210/1/2210 2187/1/2187 
f 2180/1/2180 2201/1/2201 2209/1/2209 
f 2209/1/2209 2186/1/2186 2180/1/2180 
f 2212/1/2212 2213/1/2213 2214/1/2214 
f 2214/1/2214 2215/1/2215 2212/1/2212 
f 2211/1/2211 2208/1/2208 2213/1/2213 
f 2213/1/2213 2212/1/2212 2211/1/2211 
f 2200/1/2200 2205/1/2205 2213/1/2213 
f 2213/1/2213 2208/1/2208 2200/1/2200 
f 2214/1/2214 2213/1/2213 2205/1/2205 
f 2205/1/2205 2204/1/2204 2214/1/2214 
f 2215/1/2215 2216/1/2216 2217/1/2217 
f 2217/1/2217 2212/1/2212 2215/1/2215 
f 2218/1/2218 2217/1/2217 2216/1/2216 
f 2216/1/2216 2219/1/2219 2218/1/2218 
f 2220/1/2220 2221/1/2221 2217/1/2217 
f 2217/1/2217 2218/1/2218 2220/1/2220 
f 2212/1/2212 2217/1/2217 2221/1/2221 
f 2221/1/2221 2211/1/2211 2212/1/2212 
f 2210/1/2210 2222/1/2222 2223/1/2223 
f 2223/1/2223 2187/1/2187 2210/1/2210 
f 2211/1/2211 2221/1/2221 2222/1/2222 
f 2222/1/2222 2210/1/2210 2211/1/2211 
f 2220/1/2220 2224/1/2224 2222/1/2222 
f 2222/1/2222 2221/1/2221 2220/1/2220 
f 2223/1/2223 2222/1/2222 2224/1/2224 
f 2224/1/2224 2225/1/2225 2223/1/2223 
f 2219/1/2219 2226/1/2226 2227/1/2227 
f 2227/1/2227 2218/1/2218 2219/1/2219 
f 2228/1/2228 2227/1/2227 2226/1/2226 
f 2226/1/2226 2229/1/2229 2228/1/2228 
f 2225/1/2225 2224/1/2224 2227/1/2227 
f 2227/1/2227 2228/1/2228 2225/1/2225 
f 2218/1/2218 2227/1/2227 2224/1/2224 
f 2224/1/2224 2220/1/2220 2218/1/2218 
f 2225/1/2225 2230/1/2230 2231/1/2231 
f 2231/1/2231 2223/1/2223 2225/1/2225 
f 2232/1/2232 2231/1/2231 2230/1/2230 
f 2230/1/2230 2233/1/2233 2232/1/2232 
f 2184/1/2184 2231/1/2231 2232/1/2232 
f 2232/1/2232 2161/1/2161 2184/1/2184 
f 2223/1/2223 2231/1/2231 2184/1/2184 
f 2184/1/2184 2187/1/2187 2223/1/2223 
f 2161/1/2161 2232/1/2232 2234/1/2234 
f 2234/1/2234 2160/1/2160 2161/1/2161 
f 2235/1/2235 2234/1/2234 2232/1/2232 
f 2232/1/2232 2233/1/2233 2235/1/2235 
f 805/1/805 918/1/918 2234/1/2234 
f 2234/1/2234 2235/1/2235 805/1/805 
f 2160/1/2160 2234/1/2234 918/1/918 
f 918/1/918 917/1/917 2160/1/2160 
f 2229/1/2229 2236/1/2236 2237/1/2237 
f 2237/1/2237 2228/1/2228 2229/1/2229 
f 2238/1/2238 2237/1/2237 2236/1/2236 
f 2236/1/2236 2239/1/2239 2238/1/2238 
f 2233/1/2233 2230/1/2230 2237/1/2237 
f 2237/1/2237 2238/1/2238 2233/1/2233 
f 2228/1/2228 2237/1/2237 2230/1/2230 
f 2230/1/2230 2225/1/2225 2228/1/2228 
f 805/1/805 2235/1/2235 2240/1/2240 
f 2240/1/2240 800/1/800 805/1/805 
f 2241/1/2241 2240/1/2240 2235/1/2235 
f 2235/1/2235 2233/1/2233 2241/1/2241 
f 2242/1/2242 2243/1/2243 2240/1/2240 
f 2240/1/2240 2241/1/2241 2242/1/2242 
f 800/1/800 2240/1/2240 2243/1/2243 
f 2243/1/2243 690/1/690 800/1/800 
f 2244/1/2244 2245/1/2245 2246/1/2246 
f 2246/1/2246 2247/1/2247 2244/1/2244 
f 2241/1/2241 2246/1/2246 2245/1/2245 
f 2245/1/2245 2242/1/2242 2241/1/2241 
f 2238/1/2238 2246/1/2246 2241/1/2241 
f 2241/1/2241 2233/1/2233 2238/1/2238 
f 2238/1/2238 2239/1/2239 2247/1/2247 
f 2247/1/2247 2246/1/2246 2238/1/2238 
f 690/1/690 2243/1/2243 2248/1/2248 
f 2248/1/2248 684/1/684 690/1/690 
f 2249/1/2249 2248/1/2248 2243/1/2243 
f 2243/1/2243 2242/1/2242 2249/1/2249 
f 2250/1/2250 2251/1/2251 2248/1/2248 
f 2248/1/2248 2249/1/2249 2250/1/2250 
f 684/1/684 2248/1/2248 2251/1/2251 
f 2251/1/2251 685/1/685 684/1/684 
f 685/1/685 2251/1/2251 2252/1/2252 
f 2252/1/2252 692/1/692 685/1/685 
f 2253/1/2253 2252/1/2252 2251/1/2251 
f 2251/1/2251 2250/1/2250 2253/1/2253 
f 2104/1/2104 2103/1/2103 2252/1/2252 
f 2252/1/2252 2253/1/2253 2104/1/2104 
f 692/1/692 2252/1/2252 2103/1/2103 
f 2103/1/2103 680/1/680 692/1/692 
f 2242/1/2242 2245/1/2245 2254/1/2254 
f 2254/1/2254 2249/1/2249 2242/1/2242 
f 2255/1/2255 2254/1/2254 2245/1/2245 
f 2245/1/2245 2244/1/2244 2255/1/2255 
f 2256/1/2256 2257/1/2257 2254/1/2254 
f 2254/1/2254 2255/1/2255 2256/1/2256 
f 2249/1/2249 2254/1/2254 2257/1/2257 
f 2257/1/2257 2250/1/2250 2249/1/2249 
f 2096/1/2096 2105/1/2105 2258/1/2258 
f 2258/1/2258 2099/1/2099 2096/1/2096 
f 2259/1/2259 2258/1/2258 2105/1/2105 
f 2105/1/2105 2104/1/2104 2259/1/2259 
f 2259/1/2259 2260/1/2260 2261/1/2261 
f 2261/1/2261 2258/1/2258 2259/1/2259 
f 2099/1/2099 2258/1/2258 2261/1/2261 
f 2261/1/2261 2100/1/2100 2099/1/2099 
f 2250/1/2250 2257/1/2257 2262/1/2262 
f 2262/1/2262 2253/1/2253 2250/1/2250 
f 2263/1/2263 2262/1/2262 2257/1/2257 
f 2257/1/2257 2256/1/2256 2263/1/2263 
f 2260/1/2260 2259/1/2259 2262/1/2262 
f 2262/1/2262 2263/1/2263 2260/1/2260 
f 2253/1/2253 2262/1/2262 2259/1/2259 
f 2259/1/2259 2104/1/2104 2253/1/2253 
f 711/1/711 2264/1/2264 2265/1/2265 
f 2265/1/2265 710/1/710 711/1/711 
f 2264/1/2264 1439/1/1439 1438/1/1438 
f 765/1/765 763/1/763 2265/1/2265 
f 2265/1/2265 1438/1/1438 765/1/765 
f 710/1/710 2265/1/2265 763/1/763 
f 763/1/763 704/1/704 710/1/710 
f 735/1/735 2266/1/2266 2267/1/2267 
f 2267/1/2267 733/1/733 735/1/735 
f 2268/1/2268 2267/1/2267 2266/1/2266 
f 2266/1/2266 2269/1/2269 2268/1/2268 
f 2267/1/2267 2268/1/2268 711/1/711 
f 709/1/709 708/1/708 733/1/733 
f 1567/1/1567 2270/1/2270 2271/1/2271 
f 2271/1/2271 1565/1/1565 1567/1/1567 
f 2272/1/2272 2271/1/2271 2270/1/2270 
f 2270/1/2270 2273/1/2273 2272/1/2272 
f 2269/1/2269 2266/1/2266 2271/1/2271 
f 2271/1/2271 2272/1/2272 2269/1/2269 
f 1565/1/1565 2271/1/2271 2266/1/2266 
f 2266/1/2266 735/1/735 1565/1/1565 
f 1579/1/1579 2274/1/2274 2275/1/2275 
f 2275/1/2275 1578/1/1578 1579/1/1579 
f 2276/1/2276 2275/1/2275 2274/1/2274 
f 2274/1/2274 2277/1/2277 2276/1/2276 
f 2273/1/2273 2270/1/2270 2275/1/2275 
f 2275/1/2275 2276/1/2276 2273/1/2273 
f 1578/1/1578 2275/1/2275 2270/1/2270 
f 2270/1/2270 1567/1/1567 1578/1/1578 
f 1583/1/1583 2278/1/2278 2279/1/2279 
f 2279/1/2279 1581/1/1581 1583/1/1583 
f 2280/1/2280 2279/1/2279 2278/1/2278 
f 2278/1/2278 2281/1/2281 2280/1/2280 
f 2277/1/2277 2274/1/2274 2279/1/2279 
f 2279/1/2279 2280/1/2280 2277/1/2277 
f 1581/1/1581 2279/1/2279 2274/1/2274 
f 2274/1/2274 1579/1/1579 1581/1/1581 
f 2282/1/2282 2283/1/2283 2284/1/2284 
f 2285/1/2285 1442/1/1442 1445/1/1445 
f 2282/1/2282 1445/1/1445 1426/1/1426 
f 1440/1/1440 1439/1/1439 2283/1/2283 
f 1442/1/1442 2285/1/2285 2286/1/2286 
f 2286/1/2286 1449/1/1449 1442/1/1442 
f 2287/1/2287 2286/1/2286 2285/1/2285 
f 2285/1/2285 2284/1/2284 2287/1/2287 
f 2288/1/2288 2289/1/2289 2286/1/2286 
f 2286/1/2286 2287/1/2287 2288/1/2288 
f 1449/1/1449 2286/1/2286 2289/1/2289 
f 2289/1/2289 1446/1/1446 1449/1/1449 
f 2290/1/2290 2268/1/2268 2269/1/2269 
f 2291/1/2291 2292/1/2292 2293/1/2293 
f 2290/1/2290 2293/1/2293 1439/1/1439 
f 2264/1/2264 711/1/711 2268/1/2268 
f 2272/1/2272 2294/1/2294 2291/1/2291 
f 2291/1/2291 2269/1/2269 2272/1/2272 
f 2273/1/2273 2295/1/2295 2294/1/2294 
f 2294/1/2294 2272/1/2272 2273/1/2273 
f 2296/1/2296 2297/1/2297 2294/1/2294 
f 2294/1/2294 2295/1/2295 2296/1/2296 
f 2291/1/2291 2294/1/2294 2297/1/2297 
f 2297/1/2297 2292/1/2292 2291/1/2291 
f 2276/1/2276 2298/1/2298 2295/1/2295 
f 2295/1/2295 2273/1/2273 2276/1/2276 
f 2277/1/2277 2299/1/2299 2298/1/2298 
f 2298/1/2298 2276/1/2276 2277/1/2277 
f 2300/1/2300 2298/1/2298 2299/1/2299 
f 2299/1/2299 2301/1/2301 2300/1/2300 
f 2295/1/2295 2298/1/2298 2300/1/2300 
f 2300/1/2300 2296/1/2296 2295/1/2295 
f 2281/1/2281 2302/1/2302 2303/1/2303 
f 2303/1/2303 2280/1/2280 2281/1/2281 
f 2304/1/2304 2305/1/2305 2303/1/2303 
f 2303/1/2303 2302/1/2302 2304/1/2304 
f 2301/1/2301 2299/1/2299 2303/1/2303 
f 2303/1/2303 2305/1/2305 2301/1/2301 
f 2280/1/2280 2303/1/2303 2299/1/2299 
f 2299/1/2299 2277/1/2277 2280/1/2280 
f 2306/1/2306 2307/1/2307 2308/1/2308 
f 2308/1/2308 2309/1/2309 2306/1/2306 
f 2310/1/2310 2308/1/2308 2307/1/2307 
f 2307/1/2307 2311/1/2311 2310/1/2310 
f 2304/1/2304 2312/1/2312 2308/1/2308 
f 2308/1/2308 2310/1/2310 2304/1/2304 
f 2309/1/2309 2308/1/2308 2312/1/2312 
f 2312/1/2312 2313/1/2313 2309/1/2309 
f 2311/1/2311 2314/1/2314 2315/1/2315 
f 2315/1/2315 2310/1/2310 2311/1/2311 
f 2316/1/2316 2315/1/2315 2314/1/2314 
f 2314/1/2314 2317/1/2317 2316/1/2316 
f 2301/1/2301 2305/1/2305 2315/1/2315 
f 2315/1/2315 2316/1/2316 2301/1/2301 
f 2310/1/2310 2315/1/2315 2305/1/2305 
f 2305/1/2305 2304/1/2304 2310/1/2310 
f 2296/1/2296 2300/1/2300 2318/1/2318 
f 2318/1/2318 2319/1/2319 2296/1/2296 
f 2316/1/2316 2318/1/2318 2300/1/2300 
f 2300/1/2300 2301/1/2301 2316/1/2316 
f 2317/1/2317 2320/1/2320 2318/1/2318 
f 2318/1/2318 2316/1/2316 2317/1/2317 
f 2319/1/2319 2318/1/2318 2320/1/2320 
f 2320/1/2320 2321/1/2321 2319/1/2319 
f 1453/1/1453 2322/1/2322 2323/1/2323 
f 2323/1/2323 1452/1/1452 1453/1/1453 
f 2324/1/2324 2323/1/2323 2322/1/2322 
f 2322/1/2322 2325/1/2325 2324/1/2324 
f 797/1/797 1433/1/1433 2323/1/2323 
f 2323/1/2323 2324/1/2324 797/1/797 
f 1452/1/1452 2323/1/2323 1433/1/1433 
f 1433/1/1433 1432/1/1432 1452/1/1452 
f 2288/1/2288 2326/1/2326 2327/1/2327 
f 2327/1/2327 2289/1/2289 2288/1/2288 
f 2322/1/2322 2327/1/2327 2326/1/2326 
f 2326/1/2326 2325/1/2325 2322/1/2322 
f 1453/1/1453 1451/1/1451 2327/1/2327 
f 2327/1/2327 2322/1/2322 1453/1/1453 
f 2289/1/2289 2327/1/2327 1451/1/1451 
f 1451/1/1451 1446/1/1446 2289/1/2289 
f 2325/1/2325 2328/1/2328 2329/1/2329 
f 2329/1/2329 2328/1/2328 1457/1/1457 
f 1454/1/1454 799/1/799 798/1/798 
f 798/1/798 2329/1/2329 1454/1/1454 
f 2324/1/2324 2329/1/2329 798/1/798 
f 798/1/798 797/1/797 2324/1/2324 
f 2330/1/2330 2287/1/2287 2284/1/2284 
f 2331/1/2331 2332/1/2332 2333/1/2333 
f 2330/1/2330 2333/1/2333 2325/1/2325 
f 2326/1/2326 2288/1/2288 2287/1/2287 
f 2334/1/2334 2293/1/2293 2292/1/2292 
f 2335/1/2335 2332/1/2332 2331/1/2331 
f 2334/1/2334 2331/1/2331 2284/1/2284 
f 2283/1/2283 1439/1/1439 2293/1/2293 
f 2321/1/2321 2336/1/2336 2337/1/2337 
f 2337/1/2337 2319/1/2319 2321/1/2321 
f 2335/1/2335 2337/1/2337 2336/1/2336 
f 2336/1/2336 2332/1/2332 2335/1/2335 
f 2292/1/2292 2297/1/2297 2337/1/2337 
f 2337/1/2337 2335/1/2335 2292/1/2292 
f 2319/1/2319 2337/1/2337 2297/1/2297 
f 2297/1/2297 2296/1/2296 2319/1/2319 
f 2332/1/2332 2338/1/2338 2339/1/2339 
f 2339/1/2339 2333/1/2333 2332/1/2332 
f 2340/1/2340 2339/1/2339 2338/1/2338 
f 2338/1/2338 2341/1/2341 2340/1/2340 
f 2339/1/2339 2340/1/2340 1457/1/1457 
f 2328/1/2328 2325/1/2325 2333/1/2333 
f 2342/1/2342 2343/1/2343 2344/1/2344 
f 2344/1/2344 2345/1/2345 2342/1/2342 
f 1491/1/1491 2343/1/2343 2342/1/2342 
f 2342/1/2342 1492/1/1492 1491/1/1491 
f 2343/1/2343 1491/1/1491 1462/1/1462 
f 1461/1/1461 1458/1/1458 2344/1/2344 
f 2346/1/2346 1456/1/1456 1457/1/1457 
f 2347/1/2347 2346/1/2346 2340/1/2340 
f 2340/1/2340 2341/1/2341 2347/1/2347 
f 2346/1/2346 2347/1/2347 2345/1/2345 
f 2344/1/2344 1458/1/1458 1456/1/1456 
f 2348/1/2348 2342/1/2342 2345/1/2345 
f 2349/1/2349 2348/1/2348 2350/1/2350 
f 2350/1/2350 2351/1/2351 2349/1/2349 
f 1501/1/1501 1498/1/1498 2348/1/2348 
f 2348/1/2348 2349/1/2349 1501/1/1501 
f 2342/1/2342 2348/1/2348 1498/1/1498 
f 1498/1/1498 1492/1/1492 2342/1/2342 
f 2351/1/2351 2352/1/2352 2353/1/2353 
f 2353/1/2353 2349/1/2349 2351/1/2351 
f 2354/1/2354 2353/1/2353 2352/1/2352 
f 2352/1/2352 2355/1/2355 2354/1/2354 
f 2354/1/2354 1497/1/1497 1503/1/1503 
f 1503/1/1503 2353/1/2353 2354/1/2354 
f 2349/1/2349 2353/1/2353 1503/1/1503 
f 1503/1/1503 1501/1/1501 2349/1/2349 
f 1497/1/1497 2354/1/2354 2356/1/2356 
f 2356/1/2356 1496/1/1496 1497/1/1497 
f 2357/1/2357 2356/1/2356 2354/1/2354 
f 2354/1/2354 2355/1/2355 2357/1/2357 
f 1423/1/1423 1475/1/1475 2356/1/2356 
f 2356/1/2356 2357/1/2357 1423/1/1423 
f 1496/1/1496 2356/1/2356 1475/1/1475 
f 1475/1/1475 1474/1/1474 1496/1/1496 
f 2357/1/2357 2358/1/2358 1422/1/1422 
f 1422/1/1422 1423/1/1423 2357/1/2357 
f 2355/1/2355 2359/1/2359 2358/1/2358 
f 2358/1/2358 2357/1/2357 2355/1/2355 
f 2360/1/2360 2358/1/2358 2359/1/2359 
f 2359/1/2359 2361/1/2361 2360/1/2360 
f 1422/1/1422 2358/1/2358 2360/1/2360 
f 2360/1/2360 1418/1/1418 1422/1/1422 
f 1418/1/1418 2360/1/2360 2362/1/2362 
f 2362/1/2362 1419/1/1419 1418/1/1418 
f 2360/1/2360 2361/1/2361 2363/1/2363 
f 2363/1/2363 2362/1/2362 2360/1/2360 
f 2364/1/2364 2365/1/2365 2362/1/2362 
f 2362/1/2362 2363/1/2363 2364/1/2364 
f 1419/1/1419 2362/1/2362 2365/1/2365 
f 2365/1/2365 1415/1/1415 1419/1/1419 
f 1415/1/1415 2365/1/2365 2366/1/2366 
f 2366/1/2366 1414/1/1414 1415/1/1415 
f 2367/1/2367 2366/1/2366 2365/1/2365 
f 2365/1/2365 2364/1/2364 2367/1/2367 
f 2368/1/2368 2369/1/2369 2366/1/2366 
f 2366/1/2366 2367/1/2367 2368/1/2368 
f 2369/1/2369 1411/1/1411 1414/1/1414 
f 2370/1/2370 2371/1/2371 2369/1/2369 
f 2369/1/2369 2368/1/2368 2370/1/2370 
f 2372/1/2372 2371/1/2371 2370/1/2370 
f 2370/1/2370 2373/1/2373 2372/1/2372 
f 1406/1/1406 1410/1/1410 2371/1/2371 
f 2371/1/2371 2372/1/2372 1406/1/1406 
f 1411/1/1411 2369/1/2369 2371/1/2371 
f 2371/1/2371 1410/1/1410 1411/1/1411 
f 2373/1/2373 2374/1/2374 2375/1/2375 
f 2375/1/2375 2372/1/2372 2373/1/2373 
f 2376/1/2376 2375/1/2375 2374/1/2374 
f 2374/1/2374 2377/1/2377 2376/1/2376 
f 1402/1/1402 1407/1/1407 2375/1/2375 
f 2375/1/2375 2376/1/2376 1402/1/1402 
f 2372/1/2372 2375/1/2375 1407/1/1407 
f 1407/1/1407 1406/1/1406 2372/1/2372 
f 2377/1/2377 2378/1/2378 2379/1/2379 
f 2379/1/2379 2376/1/2376 2377/1/2377 
f 2378/1/2378 2380/1/2380 2381/1/2381 
f 2379/1/2379 2381/1/2381 1397/1/1397 
f 2376/1/2376 2379/1/2379 1403/1/1403 
f 1403/1/1403 1402/1/1402 2376/1/2376 
f 2382/1/2382 2383/1/2383 2384/1/2384 
f 2384/1/2384 2385/1/2385 2382/1/2382 
f 2341/1/2341 2338/1/2338 2384/1/2384 
f 2384/1/2384 2383/1/2383 2341/1/2341 
f 2338/1/2338 2332/1/2332 2385/1/2385 
f 2386/1/2386 2387/1/2387 2388/1/2388 
f 2388/1/2388 2389/1/2389 2386/1/2386 
f 2385/1/2385 2388/1/2388 2387/1/2387 
f 2387/1/2387 2382/1/2382 2385/1/2385 
f 2332/1/2332 2336/1/2336 2388/1/2388 
f 2388/1/2388 2385/1/2385 2332/1/2332 
f 2389/1/2389 2388/1/2388 2336/1/2336 
f 2336/1/2336 2321/1/2321 2389/1/2389 
f 2390/1/2390 2391/1/2391 2392/1/2392 
f 2392/1/2392 2393/1/2393 2390/1/2390 
f 2389/1/2389 2392/1/2392 2391/1/2391 
f 2391/1/2391 2386/1/2386 2389/1/2389 
f 2321/1/2321 2320/1/2320 2392/1/2392 
f 2392/1/2392 2389/1/2389 2321/1/2321 
f 2393/1/2393 2392/1/2392 2320/1/2320 
f 2320/1/2320 2317/1/2317 2393/1/2393 
f 2394/1/2394 2395/1/2395 2396/1/2396 
f 2396/1/2396 2397/1/2397 2394/1/2394 
f 2393/1/2393 2396/1/2396 2395/1/2395 
f 2395/1/2395 2390/1/2390 2393/1/2393 
f 2317/1/2317 2314/1/2314 2396/1/2396 
f 2396/1/2396 2393/1/2393 2317/1/2317 
f 2397/1/2397 2396/1/2396 2314/1/2314 
f 2314/1/2314 2311/1/2311 2397/1/2397 
f 2398/1/2398 2399/1/2399 2307/1/2307 
f 2307/1/2307 2306/1/2306 2398/1/2398 
f 2400/1/2400 2401/1/2401 2399/1/2399 
f 2399/1/2399 2398/1/2398 2400/1/2400 
f 2397/1/2397 2399/1/2399 2401/1/2401 
f 2401/1/2401 2394/1/2394 2397/1/2397 
f 2311/1/2311 2307/1/2307 2399/1/2399 
f 2399/1/2399 2397/1/2397 2311/1/2311 
f 2341/1/2341 2383/1/2383 2402/1/2402 
f 2402/1/2402 2347/1/2347 2341/1/2341 
f 2383/1/2383 2382/1/2382 2403/1/2403 
f 2403/1/2403 2404/1/2404 2405/1/2405 
f 2405/1/2405 2345/1/2345 2347/1/2347 
f 2406/1/2406 2405/1/2405 2404/1/2404 
f 2407/1/2407 2406/1/2406 2408/1/2408 
f 2408/1/2408 2409/1/2409 2407/1/2407 
f 2351/1/2351 2350/1/2350 2406/1/2406 
f 2406/1/2406 2407/1/2407 2351/1/2351 
f 2350/1/2350 2345/1/2345 2405/1/2405 
f 2409/1/2409 2410/1/2410 2411/1/2411 
f 2411/1/2411 2407/1/2407 2409/1/2409 
f 2412/1/2412 2411/1/2411 2410/1/2410 
f 2410/1/2410 2413/1/2413 2412/1/2412 
f 2355/1/2355 2352/1/2352 2411/1/2411 
f 2411/1/2411 2412/1/2412 2355/1/2355 
f 2407/1/2407 2411/1/2411 2352/1/2352 
f 2352/1/2352 2351/1/2351 2407/1/2407 
f 2413/1/2413 2414/1/2414 2415/1/2415 
f 2415/1/2415 2412/1/2412 2413/1/2413 
f 2416/1/2416 2415/1/2415 2414/1/2414 
f 2414/1/2414 2417/1/2417 2416/1/2416 
f 2361/1/2361 2359/1/2359 2415/1/2415 
f 2415/1/2415 2416/1/2416 2361/1/2361 
f 2412/1/2412 2415/1/2415 2359/1/2359 
f 2359/1/2359 2355/1/2355 2412/1/2412 
f 2417/1/2417 2418/1/2418 2419/1/2419 
f 2419/1/2419 2416/1/2416 2417/1/2417 
f 2420/1/2420 2419/1/2419 2418/1/2418 
f 2418/1/2418 2421/1/2421 2420/1/2420 
f 2363/1/2363 2419/1/2419 2420/1/2420 
f 2420/1/2420 2364/1/2364 2363/1/2363 
f 2416/1/2416 2419/1/2419 2363/1/2363 
f 2363/1/2363 2361/1/2361 2416/1/2416 
f 2422/1/2422 2423/1/2423 2424/1/2424 
f 2424/1/2424 2425/1/2425 2422/1/2422 
f 2367/1/2367 2424/1/2424 2423/1/2423 
f 2423/1/2423 2368/1/2368 2367/1/2367 
f 2364/1/2364 2420/1/2420 2424/1/2424 
f 2424/1/2424 2367/1/2367 2364/1/2364 
f 2425/1/2425 2424/1/2424 2420/1/2420 
f 2420/1/2420 2421/1/2421 2425/1/2425 
f 2426/1/2426 2427/1/2427 2428/1/2428 
f 2428/1/2428 2429/1/2429 2426/1/2426 
f 2370/1/2370 2428/1/2428 2427/1/2427 
f 2427/1/2427 2373/1/2373 2370/1/2370 
f 2368/1/2368 2423/1/2423 2428/1/2428 
f 2428/1/2428 2370/1/2370 2368/1/2368 
f 2429/1/2429 2428/1/2428 2423/1/2423 
f 2423/1/2423 2422/1/2422 2429/1/2429 
f 2430/1/2430 2431/1/2431 2432/1/2432 
f 2432/1/2432 2433/1/2433 2430/1/2430 
f 2374/1/2374 2432/1/2432 2431/1/2431 
f 2431/1/2431 2377/1/2377 2374/1/2374 
f 2373/1/2373 2427/1/2427 2432/1/2432 
f 2432/1/2432 2374/1/2374 2373/1/2373 
f 2433/1/2433 2432/1/2432 2427/1/2427 
f 2427/1/2427 2426/1/2426 2433/1/2433 
f 2434/1/2434 2435/1/2435 2436/1/2436 
f 2436/1/2436 2437/1/2437 2434/1/2434 
f 2378/1/2378 2436/1/2436 2435/1/2435 
f 2435/1/2435 2380/1/2380 2378/1/2378 
f 2377/1/2377 2431/1/2431 2436/1/2436 
f 2436/1/2436 2378/1/2378 2377/1/2377 
f 2437/1/2437 2436/1/2436 2431/1/2431 
f 2431/1/2431 2430/1/2430 2437/1/2437 
f 2438/1/2438 2439/1/2439 2440/1/2440 
f 2440/1/2440 2441/1/2441 2438/1/2438 
f 2442/1/2442 2439/1/2439 2438/1/2438 
f 2438/1/2438 2443/1/2443 2442/1/2442 
f 2434/1/2434 2437/1/2437 2439/1/2439 
f 2439/1/2439 2442/1/2442 2434/1/2434 
f 2430/1/2430 2440/1/2440 2439/1/2439 
f 2439/1/2439 2437/1/2437 2430/1/2430 
f 2444/1/2444 2445/1/2445 2446/1/2446 
f 2446/1/2446 2447/1/2447 2444/1/2444 
f 2448/1/2448 2446/1/2446 2445/1/2445 
f 2445/1/2445 2449/1/2449 2448/1/2448 
f 2429/1/2429 2446/1/2446 2448/1/2448 
f 2448/1/2448 2426/1/2426 2429/1/2429 
f 2447/1/2447 2446/1/2446 2429/1/2429 
f 2429/1/2429 2422/1/2422 2447/1/2447 
f 2426/1/2426 2448/1/2448 2450/1/2450 
f 2450/1/2450 2433/1/2433 2426/1/2426 
f 2451/1/2451 2450/1/2450 2448/1/2448 
f 2448/1/2448 2449/1/2449 2451/1/2451 
f 2441/1/2441 2440/1/2440 2450/1/2450 
f 2450/1/2450 2451/1/2451 2441/1/2441 
f 2433/1/2433 2450/1/2450 2440/1/2440 
f 2440/1/2440 2430/1/2430 2433/1/2433 
f 2452/1/2452 2453/1/2453 2454/1/2454 
f 2454/1/2454 2455/1/2455 2452/1/2452 
f 2447/1/2447 2454/1/2454 2453/1/2453 
f 2453/1/2453 2444/1/2444 2447/1/2447 
f 2422/1/2422 2425/1/2425 2454/1/2454 
f 2454/1/2454 2447/1/2447 2422/1/2422 
f 2455/1/2455 2454/1/2454 2425/1/2425 
f 2425/1/2425 2421/1/2421 2455/1/2455 
f 2444/1/2444 2453/1/2453 2456/1/2456 
f 2456/1/2456 2445/1/2445 2444/1/2444 
f 2457/1/2457 2456/1/2456 2453/1/2453 
f 2453/1/2453 2452/1/2452 2457/1/2457 
f 2458/1/2458 2459/1/2459 2456/1/2456 
f 2456/1/2456 2457/1/2457 2458/1/2458 
f 2445/1/2445 2456/1/2456 2459/1/2459 
f 2459/1/2459 2449/1/2449 2445/1/2445 
f 2460/1/2460 2461/1/2461 2462/1/2462 
f 2462/1/2462 2463/1/2463 2460/1/2460 
f 2455/1/2455 2462/1/2462 2461/1/2461 
f 2461/1/2461 2452/1/2452 2455/1/2455 
f 2421/1/2421 2418/1/2418 2462/1/2462 
f 2462/1/2462 2455/1/2455 2421/1/2421 
f 2463/1/2463 2462/1/2462 2418/1/2418 
f 2418/1/2418 2417/1/2417 2463/1/2463 
f 2452/1/2452 2461/1/2461 2464/1/2464 
f 2464/1/2464 2457/1/2457 2452/1/2452 
f 2465/1/2465 2464/1/2464 2461/1/2461 
f 2461/1/2461 2460/1/2460 2465/1/2465 
f 2465/1/2465 2466/1/2466 2467/1/2467 
f 2467/1/2467 2464/1/2464 2465/1/2465 
f 2457/1/2457 2464/1/2464 2467/1/2467 
f 2467/1/2467 2458/1/2458 2457/1/2457 
f 2468/1/2468 2469/1/2469 2470/1/2470 
f 2470/1/2470 2471/1/2471 2468/1/2468 
f 2463/1/2463 2470/1/2470 2469/1/2469 
f 2469/1/2469 2460/1/2460 2463/1/2463 
f 2417/1/2417 2414/1/2414 2470/1/2470 
f 2470/1/2470 2463/1/2463 2417/1/2417 
f 2471/1/2471 2470/1/2470 2414/1/2414 
f 2414/1/2414 2413/1/2413 2471/1/2471 
f 2468/1/2468 2472/1/2472 2473/1/2473 
f 2473/1/2473 2469/1/2469 2468/1/2468 
f 2474/1/2474 2473/1/2473 2472/1/2472 
f 2472/1/2472 2475/1/2475 2474/1/2474 
f 2466/1/2466 2465/1/2465 2473/1/2473 
f 2473/1/2473 2474/1/2474 2466/1/2466 
f 2469/1/2469 2473/1/2473 2465/1/2465 
f 2465/1/2465 2460/1/2460 2469/1/2469 
f 2413/1/2413 2410/1/2410 2476/1/2476 
f 2476/1/2476 2471/1/2471 2413/1/2413 
f 2477/1/2477 2476/1/2476 2410/1/2410 
f 2410/1/2410 2409/1/2409 2477/1/2477 
f 2478/1/2478 2479/1/2479 2476/1/2476 
f 2476/1/2476 2477/1/2477 2478/1/2478 
f 2471/1/2471 2476/1/2476 2479/1/2479 
f 2479/1/2479 2468/1/2468 2471/1/2471 
f 2478/1/2478 2480/1/2480 2481/1/2481 
f 2481/1/2481 2479/1/2479 2478/1/2478 
f 2482/1/2482 2481/1/2481 2480/1/2480 
f 2480/1/2480 2483/1/2483 2482/1/2482 
f 2475/1/2475 2472/1/2472 2481/1/2481 
f 2481/1/2481 2482/1/2482 2475/1/2475 
f 2479/1/2479 2481/1/2481 2472/1/2472 
f 2472/1/2472 2468/1/2468 2479/1/2479 
f 2484/1/2484 2485/1/2485 2486/1/2486 
f 2487/1/2487 2478/1/2478 2477/1/2477 
f 2409/1/2409 2408/1/2408 2484/1/2484 
f 2484/1/2484 2477/1/2477 2409/1/2409 
f 2485/1/2485 2484/1/2484 2408/1/2408 
f 2408/1/2408 2404/1/2404 2485/1/2485 
f 2487/1/2487 2486/1/2486 2488/1/2488 
f 2489/1/2489 2490/1/2490 2488/1/2488 
f 2488/1/2488 2491/1/2491 2489/1/2489 
f 2483/1/2483 2480/1/2480 2490/1/2490 
f 2490/1/2490 2489/1/2489 2483/1/2483 
f 2480/1/2480 2478/1/2478 2487/1/2487 
f 2492/1/2492 2493/1/2493 2494/1/2494 
f 2494/1/2494 2495/1/2495 2492/1/2492 
f 2485/1/2485 2494/1/2494 2493/1/2493 
f 2493/1/2493 2486/1/2486 2485/1/2485 
f 2404/1/2404 2403/1/2403 2494/1/2494 
f 2494/1/2494 2485/1/2485 2404/1/2404 
f 2495/1/2495 2494/1/2494 2403/1/2403 
f 2403/1/2403 2382/1/2382 2495/1/2495 
f 2486/1/2486 2493/1/2493 2496/1/2496 
f 2496/1/2496 2488/1/2488 2486/1/2486 
f 2497/1/2497 2496/1/2496 2493/1/2493 
f 2493/1/2493 2492/1/2492 2497/1/2497 
f 2498/1/2498 2499/1/2499 2496/1/2496 
f 2496/1/2496 2497/1/2497 2498/1/2498 
f 2488/1/2488 2496/1/2496 2499/1/2499 
f 2499/1/2499 2491/1/2491 2488/1/2488 
f 2382/1/2382 2387/1/2387 2500/1/2500 
f 2500/1/2500 2495/1/2495 2382/1/2382 
f 2501/1/2501 2500/1/2500 2387/1/2387 
f 2387/1/2387 2386/1/2386 2501/1/2501 
f 2502/1/2502 2503/1/2503 2500/1/2500 
f 2500/1/2500 2501/1/2501 2502/1/2502 
f 2495/1/2495 2500/1/2500 2503/1/2503 
f 2503/1/2503 2492/1/2492 2495/1/2495 
f 2492/1/2492 2503/1/2503 2504/1/2504 
f 2504/1/2504 2497/1/2497 2492/1/2492 
f 2505/1/2505 2504/1/2504 2503/1/2503 
f 2503/1/2503 2502/1/2502 2505/1/2505 
f 2506/1/2506 2507/1/2507 2504/1/2504 
f 2504/1/2504 2505/1/2505 2506/1/2506 
f 2497/1/2497 2504/1/2504 2507/1/2507 
f 2507/1/2507 2498/1/2498 2497/1/2497 
f 2386/1/2386 2391/1/2391 2508/1/2508 
f 2508/1/2508 2501/1/2501 2386/1/2386 
f 2509/1/2509 2508/1/2508 2391/1/2391 
f 2391/1/2391 2390/1/2390 2509/1/2509 
f 2510/1/2510 2511/1/2511 2508/1/2508 
f 2508/1/2508 2509/1/2509 2510/1/2510 
f 2501/1/2501 2508/1/2508 2511/1/2511 
f 2511/1/2511 2502/1/2502 2501/1/2501 
f 2502/1/2502 2511/1/2511 2512/1/2512 
f 2512/1/2512 2505/1/2505 2502/1/2502 
f 2513/1/2513 2512/1/2512 2511/1/2511 
f 2511/1/2511 2510/1/2510 2513/1/2513 
f 2514/1/2514 2515/1/2515 2512/1/2512 
f 2512/1/2512 2513/1/2513 2514/1/2514 
f 2505/1/2505 2512/1/2512 2515/1/2515 
f 2515/1/2515 2506/1/2506 2505/1/2505 
f 2390/1/2390 2395/1/2395 2516/1/2516 
f 2516/1/2516 2509/1/2509 2390/1/2390 
f 2517/1/2517 2516/1/2516 2395/1/2395 
f 2395/1/2395 2394/1/2394 2517/1/2517 
f 2518/1/2518 2519/1/2519 2516/1/2516 
f 2516/1/2516 2517/1/2517 2518/1/2518 
f 2509/1/2509 2516/1/2516 2519/1/2519 
f 2519/1/2519 2510/1/2510 2509/1/2509 
f 2510/1/2510 2519/1/2519 2520/1/2520 
f 2520/1/2520 2513/1/2513 2510/1/2510 
f 2521/1/2521 2520/1/2520 2519/1/2519 
f 2519/1/2519 2518/1/2518 2521/1/2521 
f 2522/1/2522 2523/1/2523 2520/1/2520 
f 2520/1/2520 2521/1/2521 2522/1/2522 
f 2513/1/2513 2520/1/2520 2523/1/2523 
f 2523/1/2523 2514/1/2514 2513/1/2513 
f 2394/1/2394 2401/1/2401 2524/1/2524 
f 2524/1/2524 2517/1/2517 2394/1/2394 
f 2525/1/2525 2524/1/2524 2401/1/2401 
f 2401/1/2401 2400/1/2400 2525/1/2525 
f 2526/1/2526 2527/1/2527 2524/1/2524 
f 2524/1/2524 2525/1/2525 2526/1/2526 
f 2517/1/2517 2524/1/2524 2527/1/2527 
f 2527/1/2527 2518/1/2518 2517/1/2517 
f 2518/1/2518 2527/1/2527 2528/1/2528 
f 2528/1/2528 2521/1/2521 2518/1/2518 
f 2529/1/2529 2528/1/2528 2527/1/2527 
f 2527/1/2527 2526/1/2526 2529/1/2529 
f 2530/1/2530 2531/1/2531 2528/1/2528 
f 2528/1/2528 2529/1/2529 2530/1/2530 
f 2521/1/2521 2528/1/2528 2531/1/2531 
f 2531/1/2531 2522/1/2522 2521/1/2521 
f 2281/1/2281 2532/1/2532 2533/1/2533 
f 2533/1/2533 2302/1/2302 2281/1/2281 
f 2534/1/2534 2533/1/2533 2532/1/2532 
f 2532/1/2532 2535/1/2535 2534/1/2534 
f 2313/1/2313 2312/1/2312 2533/1/2533 
f 2533/1/2533 2534/1/2534 2313/1/2313 
f 2302/1/2302 2533/1/2533 2312/1/2312 
f 2312/1/2312 2304/1/2304 2302/1/2302 
f 2535/1/2535 2536/1/2536 2537/1/2537 
f 2537/1/2537 2534/1/2534 2535/1/2535 
f 2538/1/2538 2539/1/2539 2537/1/2537 
f 2537/1/2537 2536/1/2536 2538/1/2538 
f 2534/1/2534 2537/1/2537 2539/1/2539 
f 2539/1/2539 2313/1/2313 2534/1/2534 
f 1148/1/1148 2540/1/2540 2541/1/2541 
f 2541/1/2541 1147/1/1147 1148/1/1148 
f 2542/1/2542 2541/1/2541 2540/1/2540 
f 2540/1/2540 2543/1/2543 2542/1/2542 
f 2544/1/2544 2545/1/2545 2541/1/2541 
f 2541/1/2541 2542/1/2542 2544/1/2544 
f 1147/1/1147 2541/1/2541 2545/1/2545 
f 2545/1/2545 1149/1/1149 1147/1/1147 
f 2546/1/2546 2547/1/2547 2548/1/2548 
f 2548/1/2548 2549/1/2549 2546/1/2546 
f 2550/1/2550 2551/1/2551 2548/1/2548 
f 2548/1/2548 2547/1/2547 2550/1/2550 
f 2552/1/2552 2548/1/2548 2551/1/2551 
f 2551/1/2551 2553/1/2553 2552/1/2552 
f 2549/1/2549 2548/1/2548 2552/1/2552 
f 2552/1/2552 2554/1/2554 2549/1/2549 
f 2555/1/2555 2556/1/2556 2557/1/2557 
f 2557/1/2557 2558/1/2558 2555/1/2555 
f 2559/1/2559 2560/1/2560 2556/1/2556 
f 2556/1/2556 2555/1/2555 2559/1/2559 
f 2536/1/2536 2556/1/2556 2560/1/2560 
f 2560/1/2560 2538/1/2538 2536/1/2536 
f 2557/1/2557 2556/1/2556 2536/1/2536 
f 2536/1/2536 2535/1/2535 2557/1/2557 
f 2561/1/2561 2562/1/2562 2563/1/2563 
f 2563/1/2563 2564/1/2564 2561/1/2561 
f 2555/1/2555 2563/1/2563 2562/1/2562 
f 2562/1/2562 2559/1/2559 2555/1/2555 
f 2558/1/2558 2565/1/2565 2563/1/2563 
f 2563/1/2563 2555/1/2555 2558/1/2558 
f 2564/1/2564 2563/1/2563 2565/1/2565 
f 2565/1/2565 2566/1/2566 2564/1/2564 
f 2567/1/2567 2568/1/2568 2569/1/2569 
f 2569/1/2569 2570/1/2570 2567/1/2567 
f 2564/1/2564 2569/1/2569 2568/1/2568 
f 2568/1/2568 2561/1/2561 2564/1/2564 
f 2566/1/2566 2571/1/2571 2569/1/2569 
f 2569/1/2569 2564/1/2564 2566/1/2566 
f 2570/1/2570 2569/1/2569 2571/1/2571 
f 2571/1/2571 2572/1/2572 2570/1/2570 
f 2572/1/2572 2573/1/2573 2574/1/2574 
f 2574/1/2574 2570/1/2570 2572/1/2572 
f 2575/1/2575 2574/1/2574 2573/1/2573 
f 2573/1/2573 2576/1/2576 2575/1/2575 
f 2577/1/2577 2578/1/2578 2574/1/2574 
f 2574/1/2574 2575/1/2575 2577/1/2577 
f 2570/1/2570 2574/1/2574 2578/1/2578 
f 2578/1/2578 2567/1/2567 2570/1/2570 
f 2576/1/2576 2579/1/2579 2580/1/2580 
f 2580/1/2580 2575/1/2575 2576/1/2576 
f 2549/1/2549 2580/1/2580 2579/1/2579 
f 2579/1/2579 2546/1/2546 2549/1/2549 
f 2580/1/2580 2549/1/2549 2554/1/2554 
f 2575/1/2575 2580/1/2580 2581/1/2581 
f 2581/1/2581 2577/1/2577 2575/1/2575 
f 2546/1/2546 2582/1/2582 2583/1/2583 
f 2584/1/2584 2583/1/2583 2582/1/2582 
f 2582/1/2582 2585/1/2585 2584/1/2584 
f 2586/1/2586 2587/1/2587 2583/1/2583 
f 2583/1/2583 2584/1/2584 2586/1/2586 
f 2587/1/2587 2550/1/2550 2547/1/2547 
f 2547/1/2547 2583/1/2583 2587/1/2587 
f 2588/1/2588 2589/1/2589 2590/1/2590 
f 2590/1/2590 2591/1/2591 2588/1/2588 
f 2592/1/2592 2590/1/2590 2589/1/2589 
f 2589/1/2589 2593/1/2593 2592/1/2592 
f 2594/1/2594 2595/1/2595 2590/1/2590 
f 2590/1/2590 2592/1/2592 2594/1/2594 
f 2591/1/2591 2590/1/2590 2595/1/2595 
f 2595/1/2595 2596/1/2596 2591/1/2591 
f 2543/1/2543 2597/1/2597 2598/1/2598 
f 2598/1/2598 2542/1/2542 2543/1/2543 
f 2584/1/2584 2598/1/2598 2597/1/2597 
f 2597/1/2597 2586/1/2586 2584/1/2584 
f 2585/1/2585 2599/1/2599 2598/1/2598 
f 2598/1/2598 2584/1/2584 2585/1/2585 
f 2542/1/2542 2598/1/2598 2599/1/2599 
f 2599/1/2599 2544/1/2544 2542/1/2542 
f 2544/1/2544 2599/1/2599 2600/1/2600 
f 2600/1/2600 2601/1/2601 2544/1/2544 
f 2602/1/2602 2600/1/2600 2599/1/2599 
f 2599/1/2599 2585/1/2585 2602/1/2602 
f 2603/1/2603 2604/1/2604 2600/1/2600 
f 2600/1/2600 2602/1/2602 2603/1/2603 
f 2601/1/2601 2600/1/2600 2604/1/2604 
f 2604/1/2604 2605/1/2605 2601/1/2601 
f 2585/1/2585 2582/1/2582 2606/1/2606 
f 2606/1/2606 2602/1/2602 2585/1/2585 
f 2582/1/2582 2546/1/2546 2579/1/2579 
f 2576/1/2576 2607/1/2607 2606/1/2606 
f 2606/1/2606 2579/1/2579 2576/1/2576 
f 2602/1/2602 2606/1/2606 2607/1/2607 
f 2607/1/2607 2603/1/2603 2602/1/2602 
f 2605/1/2605 2604/1/2604 2608/1/2608 
f 2608/1/2608 2609/1/2609 2605/1/2605 
f 2610/1/2610 2608/1/2608 2604/1/2604 
f 2604/1/2604 2603/1/2603 2610/1/2610 
f 2588/1/2588 2591/1/2591 2608/1/2608 
f 2608/1/2608 2610/1/2610 2588/1/2588 
f 2609/1/2609 2608/1/2608 2591/1/2591 
f 2591/1/2591 2596/1/2596 2609/1/2609 
f 2593/1/2593 2589/1/2589 2611/1/2611 
f 2611/1/2611 2612/1/2612 2593/1/2593 
f 2613/1/2613 2611/1/2611 2589/1/2589 
f 2589/1/2589 2588/1/2588 2613/1/2613 
f 2572/1/2572 2571/1/2571 2611/1/2611 
f 2611/1/2611 2613/1/2613 2572/1/2572 
f 2612/1/2612 2611/1/2611 2571/1/2571 
f 2571/1/2571 2566/1/2566 2612/1/2612 
f 2572/1/2572 2613/1/2613 2614/1/2614 
f 2614/1/2614 2573/1/2573 2572/1/2572 
f 2610/1/2610 2614/1/2614 2613/1/2613 
f 2613/1/2613 2588/1/2588 2610/1/2610 
f 2603/1/2603 2607/1/2607 2614/1/2614 
f 2614/1/2614 2610/1/2610 2603/1/2603 
f 2573/1/2573 2614/1/2614 2607/1/2607 
f 2607/1/2607 2576/1/2576 2573/1/2573 
f 2615/1/2615 2616/1/2616 2617/1/2617 
f 2617/1/2617 2618/1/2618 2615/1/2615 
f 2532/1/2532 2617/1/2617 2616/1/2616 
f 2616/1/2616 2535/1/2535 2532/1/2532 
f 2281/1/2281 2278/1/2278 2617/1/2617 
f 2617/1/2617 2532/1/2532 2281/1/2281 
f 2618/1/2618 2617/1/2617 2278/1/2278 
f 2278/1/2278 1583/1/1583 2618/1/2618 
f 2594/1/2594 2619/1/2619 2620/1/2620 
f 2620/1/2620 2595/1/2595 2594/1/2594 
f 2621/1/2621 2620/1/2620 2619/1/2619 
f 2619/1/2619 2622/1/2622 2621/1/2621 
f 2623/1/2623 2620/1/2620 2621/1/2621 
f 2621/1/2621 2624/1/2624 2623/1/2623 
f 2596/1/2596 2595/1/2595 2620/1/2620 
f 2620/1/2620 2623/1/2623 2596/1/2596 
f 2625/1/2625 2626/1/2626 2627/1/2627 
f 2627/1/2627 2628/1/2628 2625/1/2625 
f 2625/1/2625 2629/1/2629 2630/1/2630 
f 1539/1/1539 1536/1/1536 2626/1/2626 
f 2626/1/2626 2630/1/2630 1539/1/1539 
f 1536/1/1536 1526/1/1526 2627/1/2627 
f 1512/1/1512 2631/1/2631 2632/1/2632 
f 2632/1/2632 1525/1/1525 1512/1/1512 
f 2633/1/2633 2632/1/2632 2631/1/2631 
f 2631/1/2631 2634/1/2634 2633/1/2633 
f 2627/1/2627 2632/1/2632 2633/1/2633 
f 2633/1/2633 2628/1/2628 2627/1/2627 
f 1525/1/1525 2632/1/2632 2627/1/2627 
f 2627/1/2627 1526/1/1526 1525/1/1525 
f 230/1/230 241/1/241 2635/1/2635 
f 2635/1/2635 1515/1/1515 230/1/230 
f 2636/1/2636 2635/1/2635 241/1/241 
f 241/1/241 240/1/240 2636/1/2636 
f 2634/1/2634 2631/1/2631 2635/1/2635 
f 2635/1/2635 2636/1/2636 2634/1/2634 
f 1515/1/1515 2635/1/2635 2631/1/2631 
f 2631/1/2631 1512/1/1512 1515/1/1515 
f 240/1/240 2637/1/2637 2638/1/2638 
f 2638/1/2638 2636/1/2636 240/1/240 
f 2639/1/2639 2638/1/2638 2637/1/2637 
f 2637/1/2637 2640/1/2640 2639/1/2639 
f 2641/1/2641 2642/1/2642 2638/1/2638 
f 2638/1/2638 2639/1/2639 2641/1/2641 
f 2636/1/2636 2638/1/2638 2642/1/2642 
f 2642/1/2642 2634/1/2634 2636/1/2636 
f 2634/1/2634 2642/1/2642 2643/1/2643 
f 2643/1/2643 2633/1/2633 2634/1/2634 
f 2644/1/2644 2643/1/2643 2642/1/2642 
f 2642/1/2642 2641/1/2641 2644/1/2644 
f 2645/1/2645 2646/1/2646 2643/1/2643 
f 2643/1/2643 2644/1/2644 2645/1/2645 
f 2646/1/2646 2628/1/2628 2633/1/2633 
f 2645/1/2645 2647/1/2647 2648/1/2648 
f 2648/1/2648 2646/1/2646 2645/1/2645 
f 2649/1/2649 2648/1/2648 2647/1/2647 
f 2647/1/2647 2650/1/2650 2649/1/2649 
f 2651/1/2651 2652/1/2652 2648/1/2648 
f 2648/1/2648 2649/1/2649 2651/1/2651 
f 2646/1/2646 2648/1/2648 2652/1/2652 
f 2652/1/2652 2628/1/2628 2646/1/2646 
f 2649/1/2649 2653/1/2653 2654/1/2654 
f 2654/1/2654 2651/1/2651 2649/1/2649 
f 2650/1/2650 2655/1/2655 2653/1/2653 
f 2653/1/2653 2649/1/2649 2650/1/2650 
f 2656/1/2656 2653/1/2653 2655/1/2655 
f 2655/1/2655 2657/1/2657 2656/1/2656 
f 2654/1/2654 2653/1/2653 2656/1/2656 
f 2656/1/2656 2622/1/2622 2654/1/2654 
f 2624/1/2624 2621/1/2621 2658/1/2658 
f 2658/1/2658 2659/1/2659 2624/1/2624 
f 2656/1/2656 2658/1/2658 2621/1/2621 
f 2621/1/2621 2622/1/2622 2656/1/2656 
f 2657/1/2657 2660/1/2660 2658/1/2658 
f 2658/1/2658 2656/1/2656 2657/1/2657 
f 2659/1/2659 2658/1/2658 2660/1/2660 
f 2660/1/2660 2661/1/2661 2659/1/2659 
f 1055/1/1055 2662/1/2662 2663/1/2663 
f 2663/1/2663 1054/1/1054 1055/1/1055 
f 2664/1/2664 2663/1/2663 2662/1/2662 
f 2662/1/2662 2661/1/2661 2664/1/2664 
f 2665/1/2665 2666/1/2666 2663/1/2663 
f 2663/1/2663 2664/1/2664 2665/1/2665 
f 1054/1/1054 2663/1/2663 2666/1/2666 
f 2666/1/2666 1015/1/1015 1054/1/1054 
f 2667/1/2667 2668/1/2668 2669/1/2669 
f 2670/1/2670 2665/1/2665 2664/1/2664 
f 2661/1/2661 2660/1/2660 2667/1/2667 
f 2667/1/2667 2664/1/2664 2661/1/2661 
f 2668/1/2668 2667/1/2667 2660/1/2660 
f 2660/1/2660 2657/1/2657 2668/1/2668 
f 2671/1/2671 2672/1/2672 2673/1/2673 
f 2673/1/2673 2674/1/2674 2671/1/2671 
f 2618/1/2618 2673/1/2673 2672/1/2672 
f 2672/1/2672 2615/1/2615 2618/1/2618 
f 1583/1/1583 1582/1/1582 2673/1/2673 
f 2673/1/2673 2618/1/2618 1583/1/1583 
f 2674/1/2674 2673/1/2673 1582/1/1582 
f 1582/1/1582 1574/1/1574 2674/1/2674 
f 2558/1/2558 2557/1/2557 2675/1/2675 
f 2675/1/2675 2676/1/2676 2558/1/2558 
f 2616/1/2616 2675/1/2675 2557/1/2557 
f 2557/1/2557 2535/1/2535 2616/1/2616 
f 2677/1/2677 2675/1/2675 2616/1/2616 
f 2616/1/2616 2615/1/2615 2677/1/2677 
f 2676/1/2676 2675/1/2675 2677/1/2677 
f 2677/1/2677 2678/1/2678 2676/1/2676 
f 2566/1/2566 2565/1/2565 2679/1/2679 
f 2679/1/2679 2612/1/2612 2566/1/2566 
f 2676/1/2676 2679/1/2679 2565/1/2565 
f 2565/1/2565 2558/1/2558 2676/1/2676 
f 2680/1/2680 2679/1/2679 2676/1/2676 
f 2676/1/2676 2678/1/2678 2680/1/2680 
f 2612/1/2612 2679/1/2679 2680/1/2680 
f 2680/1/2680 2593/1/2593 2612/1/2612 
f 2681/1/2681 2682/1/2682 2683/1/2683 
f 2683/1/2683 2684/1/2684 2681/1/2681 
f 2677/1/2677 2683/1/2683 2682/1/2682 
f 2682/1/2682 2678/1/2678 2677/1/2677 
f 2615/1/2615 2672/1/2672 2683/1/2683 
f 2683/1/2683 2677/1/2677 2615/1/2615 
f 2684/1/2684 2683/1/2683 2672/1/2672 
f 2672/1/2672 2671/1/2671 2684/1/2684 
f 2594/1/2594 2592/1/2592 2685/1/2685 
f 2685/1/2685 2686/1/2686 2594/1/2594 
f 2593/1/2593 2680/1/2680 2685/1/2685 
f 2685/1/2685 2592/1/2592 2593/1/2593 
f 2687/1/2687 2685/1/2685 2680/1/2680 
f 2680/1/2680 2678/1/2678 2687/1/2687 
f 2686/1/2686 2685/1/2685 2687/1/2687 
f 2687/1/2687 2688/1/2688 2686/1/2686 
f 2651/1/2651 2689/1/2689 2690/1/2690 
f 2690/1/2690 2652/1/2652 2651/1/2651 
f 2691/1/2691 2690/1/2690 2689/1/2689 
f 2689/1/2689 2688/1/2688 2691/1/2691 
f 2629/1/2629 2625/1/2625 2690/1/2690 
f 2690/1/2690 2691/1/2691 2629/1/2629 
f 2628/1/2628 2652/1/2652 2690/1/2690 
f 2690/1/2690 2625/1/2625 2628/1/2628 
f 2622/1/2622 2619/1/2619 2692/1/2692 
f 2692/1/2692 2654/1/2654 2622/1/2622 
f 2686/1/2686 2692/1/2692 2619/1/2619 
f 2619/1/2619 2594/1/2594 2686/1/2686 
f 2688/1/2688 2689/1/2689 2692/1/2692 
f 2692/1/2692 2686/1/2686 2688/1/2688 
f 2654/1/2654 2692/1/2692 2689/1/2689 
f 2689/1/2689 2651/1/2651 2654/1/2654 
f 2693/1/2693 2630/1/2630 2629/1/2629 
f 2694/1/2694 2693/1/2693 2695/1/2695 
f 2695/1/2695 2696/1/2696 2694/1/2694 
f 1551/1/1551 1548/1/1548 2693/1/2693 
f 2693/1/2693 2694/1/2694 1551/1/1551 
f 2630/1/2630 2693/1/2693 1548/1/1548 
f 1548/1/1548 1539/1/1539 2630/1/2630 
f 2696/1/2696 2697/1/2697 2698/1/2698 
f 2698/1/2698 2694/1/2694 2696/1/2696 
f 2699/1/2699 2698/1/2698 2697/1/2697 
f 2697/1/2697 2700/1/2700 2699/1/2699 
f 1563/1/1563 1562/1/1562 2698/1/2698 
f 2698/1/2698 2699/1/2699 1563/1/1563 
f 2694/1/2694 2698/1/2698 1562/1/1562 
f 1562/1/1562 1551/1/1551 2694/1/2694 
f 2701/1/2701 2699/1/2699 2700/1/2700 
f 2674/1/2674 2701/1/2701 2702/1/2702 
f 2702/1/2702 2671/1/2671 2674/1/2674 
f 2701/1/2701 2674/1/2674 1574/1/1574 
f 2699/1/2699 2701/1/2701 1572/1/1572 
f 1572/1/1572 1563/1/1563 2699/1/2699 
f 2703/1/2703 2704/1/2704 2705/1/2705 
f 2705/1/2705 2706/1/2706 2703/1/2703 
f 2700/1/2700 2697/1/2697 2704/1/2704 
f 2704/1/2704 2703/1/2703 2700/1/2700 
f 2696/1/2696 2705/1/2705 2704/1/2704 
f 2704/1/2704 2697/1/2697 2696/1/2696 
f 2671/1/2671 2702/1/2702 2707/1/2707 
f 2707/1/2707 2684/1/2684 2671/1/2671 
f 2703/1/2703 2707/1/2707 2702/1/2702 
f 2702/1/2702 2700/1/2700 2703/1/2703 
f 2706/1/2706 2708/1/2708 2707/1/2707 
f 2707/1/2707 2703/1/2703 2706/1/2706 
f 2684/1/2684 2707/1/2707 2708/1/2708 
f 2708/1/2708 2681/1/2681 2684/1/2684 
f 2681/1/2681 2708/1/2708 2709/1/2709 
f 2709/1/2709 2682/1/2682 2681/1/2681 
f 2710/1/2710 2709/1/2709 2708/1/2708 
f 2708/1/2708 2706/1/2706 2710/1/2710 
f 2688/1/2688 2687/1/2687 2709/1/2709 
f 2709/1/2709 2710/1/2710 2688/1/2688 
f 2682/1/2682 2709/1/2709 2687/1/2687 
f 2687/1/2687 2678/1/2678 2682/1/2682 
f 2706/1/2706 2705/1/2705 2711/1/2711 
f 2711/1/2711 2710/1/2710 2706/1/2706 
f 2695/1/2695 2711/1/2711 2705/1/2705 
f 2705/1/2705 2696/1/2696 2695/1/2695 
f 2691/1/2691 2711/1/2711 2695/1/2695 
f 2695/1/2695 2629/1/2629 2691/1/2691 
f 2710/1/2710 2711/1/2711 2691/1/2691 
f 2691/1/2691 2688/1/2688 2710/1/2710 
f 335/1/335 2712/1/2712 2713/1/2713 
f 2713/1/2713 334/1/334 335/1/335 
f 2714/1/2714 2713/1/2713 2712/1/2712 
f 2712/1/2712 2715/1/2715 2714/1/2714 
f 299/1/299 296/1/296 2713/1/2713 
f 2713/1/2713 2714/1/2714 299/1/299 
f 334/1/334 2713/1/2713 296/1/296 
f 296/1/296 295/1/295 334/1/334 
f 375/1/375 2716/1/2716 2717/1/2717 
f 2717/1/2717 374/1/374 375/1/375 
f 2718/1/2718 2717/1/2717 2716/1/2716 
f 2716/1/2716 2719/1/2719 2718/1/2718 
f 2715/1/2715 2712/1/2712 2717/1/2717 
f 2717/1/2717 2718/1/2718 2715/1/2715 
f 374/1/374 2717/1/2717 2712/1/2712 
f 2712/1/2712 335/1/335 374/1/374 
f 2720/1/2720 2721/1/2721 2722/1/2722 
f 2722/1/2722 2723/1/2723 2720/1/2720 
f 2716/1/2716 2722/1/2722 2721/1/2721 
f 2721/1/2721 2719/1/2719 2716/1/2716 
f 375/1/375 1009/1/1009 2722/1/2722 
f 2722/1/2722 2716/1/2716 375/1/375 
f 2723/1/2723 2722/1/2722 1009/1/1009 
f 1009/1/1009 1008/1/1008 2723/1/2723 
f 2724/1/2724 2725/1/2725 2726/1/2726 
f 2726/1/2726 2727/1/2727 2724/1/2724 
f 2723/1/2723 2726/1/2726 2725/1/2725 
f 2725/1/2725 2720/1/2720 2723/1/2723 
f 1008/1/1008 1017/1/1017 2726/1/2726 
f 2726/1/2726 2723/1/2723 1008/1/1008 
f 2727/1/2727 2726/1/2726 1017/1/1017 
f 1017/1/1017 1016/1/1016 2727/1/2727 
f 2728/1/2728 2729/1/2729 2730/1/2730 
f 2669/1/2669 2668/1/2668 2731/1/2731 
f 2731/1/2731 2730/1/2730 2669/1/2669 
f 2731/1/2731 2668/1/2668 2657/1/2657 
f 2655/1/2655 2650/1/2650 2728/1/2728 
f 2732/1/2732 2733/1/2733 2734/1/2734 
f 2734/1/2734 2735/1/2735 2732/1/2732 
f 2733/1/2733 2729/1/2729 2728/1/2728 
f 2734/1/2734 2728/1/2728 2650/1/2650 
f 2735/1/2735 2734/1/2734 2647/1/2647 
f 2647/1/2647 2645/1/2645 2735/1/2735 
f 2736/1/2736 2737/1/2737 2738/1/2738 
f 2738/1/2738 2739/1/2739 2736/1/2736 
f 1012/1/1012 2738/1/2738 2737/1/2737 
f 2737/1/2737 1016/1/1016 1012/1/1012 
f 1015/1/1015 2666/1/2666 2738/1/2738 
f 2738/1/2738 1012/1/1012 1015/1/1015 
f 2739/1/2739 2738/1/2738 2666/1/2666 
f 2666/1/2666 2665/1/2665 2739/1/2739 
f 2729/1/2729 2740/1/2740 2741/1/2741 
f 2741/1/2741 2730/1/2730 2729/1/2729 
f 2739/1/2739 2741/1/2741 2740/1/2740 
f 2740/1/2740 2736/1/2736 2739/1/2739 
f 2665/1/2665 2670/1/2670 2741/1/2741 
f 2741/1/2741 2739/1/2739 2665/1/2665 
f 2730/1/2730 2741/1/2741 2670/1/2670 
f 2670/1/2670 2669/1/2669 2730/1/2730 
f 2742/1/2742 2743/1/2743 2744/1/2744 
f 2744/1/2744 2745/1/2745 2742/1/2742 
f 2727/1/2727 2744/1/2744 2743/1/2743 
f 2743/1/2743 2724/1/2724 2727/1/2727 
f 1016/1/1016 2737/1/2737 2744/1/2744 
f 2744/1/2744 2727/1/2727 1016/1/1016 
f 2745/1/2745 2744/1/2744 2737/1/2737 
f 2737/1/2737 2736/1/2736 2745/1/2745 
f 2641/1/2641 2746/1/2746 2747/1/2747 
f 2747/1/2747 2644/1/2644 2641/1/2641 
f 2748/1/2748 2747/1/2747 2746/1/2746 
f 2746/1/2746 2749/1/2749 2748/1/2748 
f 2732/1/2732 2735/1/2735 2747/1/2747 
f 2747/1/2747 2748/1/2748 2732/1/2732 
f 2644/1/2644 2747/1/2747 2735/1/2735 
f 2735/1/2735 2645/1/2645 2644/1/2644 
f 2750/1/2750 2733/1/2733 2732/1/2732 
f 2751/1/2751 2750/1/2750 2752/1/2752 
f 2752/1/2752 2753/1/2753 2751/1/2751 
f 2736/1/2736 2740/1/2740 2750/1/2750 
f 2750/1/2750 2751/1/2751 2736/1/2736 
f 2740/1/2740 2729/1/2729 2733/1/2733 
f 2753/1/2753 2754/1/2754 2755/1/2755 
f 2755/1/2755 2751/1/2751 2753/1/2753 
f 2756/1/2756 2757/1/2757 2755/1/2755 
f 2755/1/2755 2754/1/2754 2756/1/2756 
f 2745/1/2745 2755/1/2755 2757/1/2757 
f 2757/1/2757 2742/1/2742 2745/1/2745 
f 2751/1/2751 2755/1/2755 2745/1/2745 
f 2745/1/2745 2736/1/2736 2751/1/2751 
f 2639/1/2639 2758/1/2758 2746/1/2746 
f 2746/1/2746 2641/1/2641 2639/1/2639 
f 2759/1/2759 2758/1/2758 2639/1/2639 
f 2639/1/2639 2640/1/2640 2759/1/2759 
f 2749/1/2749 2746/1/2746 2758/1/2758 
f 2758/1/2758 2759/1/2759 2749/1/2749 
f 2748/1/2748 2760/1/2760 2752/1/2752 
f 2752/1/2752 2732/1/2732 2748/1/2748 
f 2749/1/2749 2761/1/2761 2760/1/2760 
f 2760/1/2760 2748/1/2748 2749/1/2749 
f 2762/1/2762 2760/1/2760 2761/1/2761 
f 2761/1/2761 2763/1/2763 2762/1/2762 
f 2753/1/2753 2752/1/2752 2760/1/2760 
f 2760/1/2760 2762/1/2762 2753/1/2753 
f 2763/1/2763 2764/1/2764 2765/1/2765 
f 2765/1/2765 2762/1/2762 2763/1/2763 
f 2766/1/2766 2765/1/2765 2764/1/2764 
f 2764/1/2764 2767/1/2767 2766/1/2766 
f 2754/1/2754 2765/1/2765 2766/1/2766 
f 2766/1/2766 2756/1/2756 2754/1/2754 
f 2762/1/2762 2765/1/2765 2754/1/2754 
f 2754/1/2754 2753/1/2753 2762/1/2762 
f 2768/1/2768 2769/1/2769 2770/1/2770 
f 2770/1/2770 2771/1/2771 2768/1/2768 
f 298/1/298 2770/1/2770 2769/1/2769 
f 2769/1/2769 239/1/239 298/1/298 
f 299/1/299 2772/1/2772 2770/1/2770 
f 2770/1/2770 298/1/298 299/1/299 
f 2771/1/2771 2770/1/2770 2772/1/2772 
f 2772/1/2772 2773/1/2773 2771/1/2771 
f 239/1/239 2769/1/2769 2774/1/2774 
f 2774/1/2774 238/1/238 239/1/239 
f 2775/1/2775 2774/1/2774 2769/1/2769 
f 2769/1/2769 2768/1/2768 2775/1/2775 
f 2640/1/2640 2637/1/2637 2774/1/2774 
f 2774/1/2774 2775/1/2775 2640/1/2640 
f 238/1/238 2774/1/2774 2637/1/2637 
f 2637/1/2637 240/1/240 238/1/238 
f 2640/1/2640 2776/1/2776 2777/1/2777 
f 2777/1/2777 2759/1/2759 2640/1/2640 
f 2778/1/2778 2777/1/2777 2776/1/2776 
f 2776/1/2776 2779/1/2779 2778/1/2778 
f 2763/1/2763 2761/1/2761 2777/1/2777 
f 2777/1/2777 2778/1/2778 2763/1/2763 
f 2759/1/2759 2777/1/2777 2761/1/2761 
f 2761/1/2761 2749/1/2749 2759/1/2759 
f 2779/1/2779 2780/1/2780 2781/1/2781 
f 2781/1/2781 2778/1/2778 2779/1/2779 
f 2782/1/2782 2781/1/2781 2780/1/2780 
f 2780/1/2780 2783/1/2783 2782/1/2782 
f 2767/1/2767 2764/1/2764 2781/1/2781 
f 2781/1/2781 2782/1/2782 2767/1/2767 
f 2778/1/2778 2781/1/2781 2764/1/2764 
f 2764/1/2764 2763/1/2763 2778/1/2778 
f 2715/1/2715 2784/1/2784 2785/1/2785 
f 2785/1/2785 2714/1/2714 2715/1/2715 
f 2786/1/2786 2785/1/2785 2784/1/2784 
f 2784/1/2784 2787/1/2787 2786/1/2786 
f 2773/1/2773 2772/1/2772 2785/1/2785 
f 2785/1/2785 2786/1/2786 2773/1/2773 
f 2714/1/2714 2785/1/2785 2772/1/2772 
f 2772/1/2772 299/1/299 2714/1/2714 
f 2768/1/2768 2788/1/2788 2789/1/2789 
f 2789/1/2789 2775/1/2775 2768/1/2768 
f 2790/1/2790 2789/1/2789 2788/1/2788 
f 2788/1/2788 2791/1/2791 2790/1/2790 
f 2779/1/2779 2776/1/2776 2789/1/2789 
f 2789/1/2789 2790/1/2790 2779/1/2779 
f 2775/1/2775 2789/1/2789 2776/1/2776 
f 2776/1/2776 2640/1/2640 2775/1/2775 
f 2773/1/2773 2786/1/2786 2792/1/2792 
f 2792/1/2792 2771/1/2771 2773/1/2773 
f 2793/1/2793 2792/1/2792 2786/1/2786 
f 2786/1/2786 2787/1/2787 2793/1/2793 
f 2791/1/2791 2788/1/2788 2792/1/2792 
f 2792/1/2792 2793/1/2793 2791/1/2791 
f 2771/1/2771 2792/1/2792 2788/1/2788 
f 2788/1/2788 2768/1/2768 2771/1/2771 
f 2791/1/2791 2794/1/2794 2795/1/2795 
f 2795/1/2795 2790/1/2790 2791/1/2791 
f 2796/1/2796 2795/1/2795 2794/1/2794 
f 2794/1/2794 2797/1/2797 2796/1/2796 
f 2783/1/2783 2780/1/2780 2795/1/2795 
f 2795/1/2795 2796/1/2796 2783/1/2783 
f 2790/1/2790 2795/1/2795 2780/1/2780 
f 2780/1/2780 2779/1/2779 2790/1/2790 
f 2787/1/2787 2798/1/2798 2799/1/2799 
f 2799/1/2799 2793/1/2793 2787/1/2787 
f 2800/1/2800 2799/1/2799 2798/1/2798 
f 2798/1/2798 2801/1/2801 2800/1/2800 
f 2797/1/2797 2794/1/2794 2799/1/2799 
f 2799/1/2799 2800/1/2800 2797/1/2797 
f 2793/1/2793 2799/1/2799 2794/1/2794 
f 2794/1/2794 2791/1/2791 2793/1/2793 
f 2719/1/2719 2802/1/2802 2803/1/2803 
f 2803/1/2803 2718/1/2718 2719/1/2719 
f 2804/1/2804 2803/1/2803 2802/1/2802 
f 2802/1/2802 2805/1/2805 2804/1/2804 
f 2787/1/2787 2784/1/2784 2803/1/2803 
f 2803/1/2803 2804/1/2804 2787/1/2787 
f 2718/1/2718 2803/1/2803 2784/1/2784 
f 2784/1/2784 2715/1/2715 2718/1/2718 
f 2721/1/2721 2806/1/2806 2802/1/2802 
f 2802/1/2802 2719/1/2719 2721/1/2721 
f 2807/1/2807 2806/1/2806 2721/1/2721 
f 2721/1/2721 2720/1/2720 2807/1/2807 
f 2808/1/2808 2809/1/2809 2806/1/2806 
f 2806/1/2806 2807/1/2807 2808/1/2808 
f 2805/1/2805 2802/1/2802 2806/1/2806 
f 2806/1/2806 2809/1/2809 2805/1/2805 
f 2805/1/2805 2810/1/2810 2811/1/2811 
f 2811/1/2811 2804/1/2804 2805/1/2805 
f 2812/1/2812 2811/1/2811 2810/1/2810 
f 2810/1/2810 2813/1/2813 2812/1/2812 
f 2801/1/2801 2798/1/2798 2811/1/2811 
f 2811/1/2811 2812/1/2812 2801/1/2801 
f 2804/1/2804 2811/1/2811 2798/1/2798 
f 2798/1/2798 2787/1/2787 2804/1/2804 
f 2720/1/2720 2725/1/2725 2814/1/2814 
f 2814/1/2814 2807/1/2807 2720/1/2720 
f 2815/1/2815 2814/1/2814 2725/1/2725 
f 2725/1/2725 2724/1/2724 2815/1/2815 
f 2816/1/2816 2817/1/2817 2814/1/2814 
f 2814/1/2814 2815/1/2815 2816/1/2816 
f 2807/1/2807 2814/1/2814 2817/1/2817 
f 2817/1/2817 2808/1/2808 2807/1/2807 
f 2818/1/2818 2819/1/2819 2809/1/2809 
f 2809/1/2809 2808/1/2808 2818/1/2818 
f 2820/1/2820 2821/1/2821 2819/1/2819 
f 2819/1/2819 2818/1/2818 2820/1/2820 
f 2813/1/2813 2810/1/2810 2819/1/2819 
f 2819/1/2819 2821/1/2821 2813/1/2813 
f 2809/1/2809 2819/1/2819 2810/1/2810 
f 2810/1/2810 2805/1/2805 2809/1/2809 
f 2724/1/2724 2743/1/2743 2822/1/2822 
f 2822/1/2822 2815/1/2815 2724/1/2724 
f 2823/1/2823 2822/1/2822 2743/1/2743 
f 2743/1/2743 2742/1/2742 2823/1/2823 
f 2824/1/2824 2825/1/2825 2822/1/2822 
f 2822/1/2822 2823/1/2823 2824/1/2824 
f 2815/1/2815 2822/1/2822 2825/1/2825 
f 2825/1/2825 2816/1/2816 2815/1/2815 
f 2826/1/2826 2827/1/2827 2828/1/2828 
f 2828/1/2828 2829/1/2829 2826/1/2826 
f 2818/1/2818 2828/1/2828 2827/1/2827 
f 2827/1/2827 2820/1/2820 2818/1/2818 
f 2808/1/2808 2817/1/2817 2828/1/2828 
f 2828/1/2828 2818/1/2818 2808/1/2808 
f 2829/1/2829 2828/1/2828 2817/1/2817 
f 2817/1/2817 2816/1/2816 2829/1/2829 
f 2830/1/2830 2831/1/2831 2832/1/2832 
f 2832/1/2832 2833/1/2833 2830/1/2830 
f 2823/1/2823 2832/1/2832 2831/1/2831 
f 2831/1/2831 2824/1/2824 2823/1/2823 
f 2742/1/2742 2757/1/2757 2832/1/2832 
f 2832/1/2832 2823/1/2823 2742/1/2742 
f 2833/1/2833 2832/1/2832 2757/1/2757 
f 2757/1/2757 2756/1/2756 2833/1/2833 
f 2834/1/2834 2835/1/2835 2836/1/2836 
f 2836/1/2836 2837/1/2837 2834/1/2834 
f 2833/1/2833 2836/1/2836 2835/1/2835 
f 2835/1/2835 2830/1/2830 2833/1/2833 
f 2756/1/2756 2766/1/2766 2836/1/2836 
f 2836/1/2836 2833/1/2833 2756/1/2756 
f 2767/1/2767 2837/1/2837 2836/1/2836 
f 2836/1/2836 2766/1/2766 2767/1/2767 
f 2816/1/2816 2825/1/2825 2838/1/2838 
f 2838/1/2838 2829/1/2829 2816/1/2816 
f 2839/1/2839 2838/1/2838 2825/1/2825 
f 2825/1/2825 2824/1/2824 2839/1/2839 
f 2840/1/2840 2841/1/2841 2838/1/2838 
f 2838/1/2838 2839/1/2839 2840/1/2840 
f 2829/1/2829 2838/1/2838 2841/1/2841 
f 2841/1/2841 2826/1/2826 2829/1/2829 
f 2783/1/2783 2842/1/2842 2843/1/2843 
f 2843/1/2843 2782/1/2782 2783/1/2783 
f 2844/1/2844 2843/1/2843 2842/1/2842 
f 2842/1/2842 2845/1/2845 2844/1/2844 
f 2834/1/2834 2837/1/2837 2843/1/2843 
f 2843/1/2843 2844/1/2844 2834/1/2834 
f 2782/1/2782 2843/1/2843 2837/1/2837 
f 2837/1/2837 2767/1/2767 2782/1/2782 
f 2846/1/2846 2847/1/2847 2848/1/2848 
f 2839/1/2839 2846/1/2846 2849/1/2849 
f 2849/1/2849 2840/1/2840 2839/1/2839 
f 2824/1/2824 2831/1/2831 2846/1/2846 
f 2846/1/2846 2839/1/2839 2824/1/2824 
f 2847/1/2847 2846/1/2846 2831/1/2831 
f 2831/1/2831 2830/1/2830 2847/1/2847 
f 2845/1/2845 2850/1/2850 2851/1/2851 
f 2851/1/2851 2844/1/2844 2845/1/2845 
f 2847/1/2847 2851/1/2851 2850/1/2850 
f 2850/1/2850 2848/1/2848 2847/1/2847 
f 2830/1/2830 2835/1/2835 2851/1/2851 
f 2851/1/2851 2847/1/2847 2830/1/2830 
f 2844/1/2844 2851/1/2851 2835/1/2835 
f 2835/1/2835 2834/1/2834 2844/1/2844 
f 2797/1/2797 2852/1/2852 2853/1/2853 
f 2853/1/2853 2796/1/2796 2797/1/2797 
f 2854/1/2854 2853/1/2853 2852/1/2852 
f 2852/1/2852 2855/1/2855 2854/1/2854 
f 2845/1/2845 2842/1/2842 2853/1/2853 
f 2853/1/2853 2854/1/2854 2845/1/2845 
f 2796/1/2796 2853/1/2853 2842/1/2842 
f 2842/1/2842 2783/1/2783 2796/1/2796 
f 2801/1/2801 2856/1/2856 2857/1/2857 
f 2857/1/2857 2800/1/2800 2801/1/2801 
f 2858/1/2858 2857/1/2857 2856/1/2856 
f 2856/1/2856 2859/1/2859 2858/1/2858 
f 2855/1/2855 2852/1/2852 2857/1/2857 
f 2857/1/2857 2858/1/2858 2855/1/2855 
f 2800/1/2800 2857/1/2857 2852/1/2852 
f 2852/1/2852 2797/1/2797 2800/1/2800 
f 2855/1/2855 2860/1/2860 2861/1/2861 
f 2861/1/2861 2854/1/2854 2855/1/2855 
f 2850/1/2850 2861/1/2861 2860/1/2860 
f 2860/1/2860 2848/1/2848 2850/1/2850 
f 2854/1/2854 2861/1/2861 2850/1/2850 
f 2850/1/2850 2845/1/2845 2854/1/2854 
f 2859/1/2859 2862/1/2862 2863/1/2863 
f 2863/1/2863 2858/1/2858 2859/1/2859 
f 2864/1/2864 2863/1/2863 2862/1/2862 
f 2862/1/2862 2865/1/2865 2864/1/2864 
f 2848/1/2848 2860/1/2860 2863/1/2863 
f 2863/1/2863 2864/1/2864 2848/1/2848 
f 2858/1/2858 2863/1/2863 2860/1/2860 
f 2860/1/2860 2855/1/2855 2858/1/2858 
f 2864/1/2864 2866/1/2866 2849/1/2849 
f 2849/1/2849 2848/1/2848 2864/1/2864 
f 2865/1/2865 2867/1/2867 2866/1/2866 
f 2866/1/2866 2864/1/2864 2865/1/2865 
f 2868/1/2868 2869/1/2869 2866/1/2866 
f 2866/1/2866 2867/1/2867 2868/1/2868 
f 2849/1/2849 2866/1/2866 2869/1/2869 
f 2869/1/2869 2840/1/2840 2849/1/2849 
f 2870/1/2870 2871/1/2871 2867/1/2867 
f 2867/1/2867 2865/1/2865 2870/1/2870 
f 2872/1/2872 2873/1/2873 2871/1/2871 
f 2871/1/2871 2870/1/2870 2872/1/2872 
f 2874/1/2874 2875/1/2875 2871/1/2871 
f 2871/1/2871 2873/1/2873 2874/1/2874 
f 2867/1/2867 2871/1/2871 2875/1/2875 
f 2875/1/2875 2868/1/2868 2867/1/2867 
f 2840/1/2840 2869/1/2869 2876/1/2876 
f 2876/1/2876 2841/1/2841 2840/1/2840 
f 2877/1/2877 2876/1/2876 2869/1/2869 
f 2869/1/2869 2868/1/2868 2877/1/2877 
f 2878/1/2878 2876/1/2876 2877/1/2877 
f 2877/1/2877 2879/1/2879 2878/1/2878 
f 2826/1/2826 2841/1/2841 2876/1/2876 
f 2876/1/2876 2878/1/2878 2826/1/2826 
f 2879/1/2879 2880/1/2880 2881/1/2881 
f 2881/1/2881 2878/1/2878 2879/1/2879 
f 2882/1/2882 2881/1/2881 2880/1/2880 
f 2880/1/2880 2883/1/2883 2882/1/2882 
f 2820/1/2820 2827/1/2827 2881/1/2881 
f 2881/1/2881 2882/1/2882 2820/1/2820 
f 2878/1/2878 2881/1/2881 2827/1/2827 
f 2827/1/2827 2826/1/2826 2878/1/2878 
f 2884/1/2884 2885/1/2885 2886/1/2886 
f 2884/1/2884 2887/1/2887 2872/1/2872 
f 2865/1/2865 2862/1/2862 2884/1/2884 
f 2884/1/2884 2870/1/2870 2865/1/2865 
f 2885/1/2885 2884/1/2884 2862/1/2862 
f 2862/1/2862 2859/1/2859 2885/1/2885 
f 2813/1/2813 2888/1/2888 2889/1/2889 
f 2889/1/2889 2812/1/2812 2813/1/2813 
f 2885/1/2885 2889/1/2889 2888/1/2888 
f 2888/1/2888 2886/1/2886 2885/1/2885 
f 2859/1/2859 2856/1/2856 2889/1/2889 
f 2889/1/2889 2885/1/2885 2859/1/2859 
f 2812/1/2812 2889/1/2889 2856/1/2856 
f 2856/1/2856 2801/1/2801 2812/1/2812 
f 2883/1/2883 2890/1/2890 2891/1/2891 
f 2891/1/2891 2882/1/2882 2883/1/2883 
f 2891/1/2891 2890/1/2890 2886/1/2886 
f 2886/1/2886 2888/1/2888 2891/1/2891 
f 2821/1/2821 2891/1/2891 2888/1/2888 
f 2888/1/2888 2813/1/2813 2821/1/2821 
f 2882/1/2882 2891/1/2891 2821/1/2821 
f 2821/1/2821 2820/1/2820 2882/1/2882 
f 2892/1/2892 2893/1/2893 2894/1/2894 
f 2895/1/2895 2886/1/2886 2890/1/2890 
f 2892/1/2892 2890/1/2890 2883/1/2883 
f 2893/1/2893 2892/1/2892 2880/1/2880 
f 2880/1/2880 2879/1/2879 2893/1/2893 
f 2872/1/2872 2887/1/2887 2896/1/2896 
f 2896/1/2896 2873/1/2873 2872/1/2872 
f 2895/1/2895 2896/1/2896 2887/1/2887 
f 2887/1/2887 2886/1/2886 2895/1/2895 
f 2894/1/2894 2897/1/2897 2896/1/2896 
f 2896/1/2896 2895/1/2895 2894/1/2894 
f 2873/1/2873 2896/1/2896 2897/1/2897 
f 2897/1/2897 2874/1/2874 2873/1/2873 
f 2874/1/2874 2897/1/2897 2898/1/2898 
f 2898/1/2898 2875/1/2875 2874/1/2874 
f 2897/1/2897 2894/1/2894 2893/1/2893 
f 2893/1/2893 2898/1/2898 2897/1/2897 
f 2879/1/2879 2877/1/2877 2898/1/2898 
f 2898/1/2898 2893/1/2893 2879/1/2879 
f 2877/1/2877 2868/1/2868 2875/1/2875 
f 2875/1/2875 2898/1/2898 2877/1/2877 
f 2899/1/2899 2900/1/2900 2901/1/2901 
f 1071/1/1071 2899/1/2899 2902/1/2902 
f 2902/1/2902 1072/1/1072 1071/1/1071 
f 1068/1/1068 1084/1/1084 2899/1/2899 
f 2899/1/2899 1071/1/1071 1068/1/1068 
f 2900/1/2900 2899/1/2899 1084/1/1084 
f 1084/1/1084 1087/1/1087 2900/1/2900 
f 1170/1/1170 2903/1/2903 2904/1/2904 
f 2904/1/2904 1171/1/1171 1170/1/1170 
f 2900/1/2900 2904/1/2904 2903/1/2903 
f 2903/1/2903 2901/1/2901 2900/1/2900 
f 1166/1/1166 2904/1/2904 2900/1/2900 
f 2900/1/2900 1087/1/1087 1166/1/1166 
f 1167/1/1167 1171/1/1171 2904/1/2904 
f 2904/1/2904 1166/1/1166 1167/1/1167 
f 1177/1/1177 1176/1/1176 2905/1/2905 
f 2905/1/2905 2906/1/2906 1177/1/1177 
f 2907/1/2907 2906/1/2906 2905/1/2905 
f 2905/1/2905 2908/1/2908 2907/1/2907 
f 2901/1/2901 2903/1/2903 2906/1/2906 
f 1177/1/1177 2906/1/2906 2903/1/2903 
f 2903/1/2903 1170/1/1170 1177/1/1177 
f 1032/1/1032 1073/1/1073 2909/1/2909 
f 2909/1/2909 1039/1/1039 1032/1/1032 
f 2910/1/2910 2909/1/2909 1073/1/1073 
f 1073/1/1073 1072/1/1072 2910/1/2910 
f 2911/1/2911 2912/1/2912 2909/1/2909 
f 2909/1/2909 2910/1/2910 2911/1/2911 
f 1039/1/1039 2909/1/2909 2912/1/2912 
f 2912/1/2912 1036/1/1036 1039/1/1039 
f 1072/1/1072 2902/1/2902 2913/1/2913 
f 2913/1/2913 2910/1/2910 1072/1/1072 
f 2914/1/2914 2913/1/2913 2902/1/2902 
f 2902/1/2902 2901/1/2901 2914/1/2914 
f 2915/1/2915 2916/1/2916 2913/1/2913 
f 2913/1/2913 2914/1/2914 2915/1/2915 
f 2910/1/2910 2913/1/2913 2916/1/2916 
f 2916/1/2916 2911/1/2911 2910/1/2910 
f 2908/1/2908 2917/1/2917 2918/1/2918 
f 2918/1/2918 2907/1/2907 2908/1/2908 
f 2914/1/2914 2918/1/2918 2917/1/2917 
f 2917/1/2917 2915/1/2915 2914/1/2914 
f 2918/1/2918 2914/1/2914 2901/1/2901 
f 1036/1/1036 2912/1/2912 2919/1/2919 
f 2919/1/2919 1043/1/1043 1036/1/1036 
f 2920/1/2920 2919/1/2919 2912/1/2912 
f 2912/1/2912 2911/1/2911 2920/1/2920 
f 2921/1/2921 2922/1/2922 2919/1/2919 
f 2919/1/2919 2920/1/2920 2921/1/2921 
f 1043/1/1043 2919/1/2919 2922/1/2922 
f 2922/1/2922 1040/1/1040 1043/1/1043 
f 1176/1/1176 1179/1/1179 2923/1/2923 
f 2923/1/2923 2905/1/2905 1176/1/1176 
f 2924/1/2924 2923/1/2923 1179/1/1179 
f 1179/1/1179 1178/1/1178 2924/1/2924 
f 2925/1/2925 2926/1/2926 2923/1/2923 
f 2923/1/2923 2924/1/2924 2925/1/2925 
f 2926/1/2926 2908/1/2908 2905/1/2905 
f 2905/1/2905 2923/1/2923 2926/1/2926 
f 2911/1/2911 2916/1/2916 2927/1/2927 
f 2927/1/2927 2920/1/2920 2911/1/2911 
f 2928/1/2928 2927/1/2927 2916/1/2916 
f 2916/1/2916 2915/1/2915 2928/1/2928 
f 2929/1/2929 2930/1/2930 2927/1/2927 
f 2927/1/2927 2928/1/2928 2929/1/2929 
f 2930/1/2930 2921/1/2921 2920/1/2920 
f 2925/1/2925 2931/1/2931 2932/1/2932 
f 2932/1/2932 2926/1/2926 2925/1/2925 
f 2928/1/2928 2932/1/2932 2931/1/2931 
f 2931/1/2931 2929/1/2929 2928/1/2928 
f 2915/1/2915 2917/1/2917 2932/1/2932 
f 2932/1/2932 2928/1/2928 2915/1/2915 
f 2926/1/2926 2932/1/2932 2917/1/2917 
f 2917/1/2917 2908/1/2908 2926/1/2926 
f 2933/1/2933 2934/1/2934 2922/1/2922 
f 2922/1/2922 2921/1/2921 2933/1/2933 
f 2933/1/2933 2935/1/2935 2936/1/2936 
f 1047/1/1047 1044/1/1044 2934/1/2934 
f 2934/1/2934 2936/1/2936 1047/1/1047 
f 2934/1/2934 1044/1/1044 1040/1/1040 
f 1040/1/1040 2922/1/2922 2934/1/2934 
f 1178/1/1178 1183/1/1183 2937/1/2937 
f 2937/1/2937 2924/1/2924 1178/1/1178 
f 2938/1/2938 2937/1/2937 1183/1/1183 
f 1183/1/1183 1182/1/1182 2938/1/2938 
f 2939/1/2939 2940/1/2940 2937/1/2937 
f 2937/1/2937 2938/1/2938 2939/1/2939 
f 2924/1/2924 2937/1/2937 2940/1/2940 
f 2940/1/2940 2925/1/2925 2924/1/2924 
f 2941/1/2941 2942/1/2942 2930/1/2930 
f 2930/1/2930 2929/1/2929 2941/1/2941 
f 2943/1/2943 2942/1/2942 2941/1/2941 
f 2941/1/2941 2944/1/2944 2943/1/2943 
f 2942/1/2942 2943/1/2943 2935/1/2935 
f 2942/1/2942 2933/1/2933 2921/1/2921 
f 2925/1/2925 2940/1/2940 2945/1/2945 
f 2945/1/2945 2931/1/2931 2925/1/2925 
f 2946/1/2946 2945/1/2945 2940/1/2940 
f 2940/1/2940 2939/1/2939 2946/1/2946 
f 2944/1/2944 2941/1/2941 2945/1/2945 
f 2945/1/2945 2946/1/2946 2944/1/2944 
f 2929/1/2929 2931/1/2931 2945/1/2945 
f 2945/1/2945 2941/1/2941 2929/1/2929 
f 2947/1/2947 2936/1/2936 2935/1/2935 
f 2948/1/2948 2947/1/2947 2949/1/2949 
f 2949/1/2949 2950/1/2950 2948/1/2948 
f 1049/1/1049 1048/1/1048 2947/1/2947 
f 2947/1/2947 2948/1/2948 1049/1/1049 
f 2936/1/2936 2947/1/2947 1048/1/1048 
f 1048/1/1048 1047/1/1047 2936/1/2936 
f 2944/1/2944 2951/1/2951 2952/1/2952 
f 2952/1/2952 2943/1/2943 2944/1/2944 
f 2953/1/2953 2952/1/2952 2951/1/2951 
f 2951/1/2951 2954/1/2954 2953/1/2953 
f 2950/1/2950 2949/1/2949 2952/1/2952 
f 2952/1/2952 2953/1/2953 2950/1/2950 
f 2943/1/2943 2952/1/2952 2949/1/2949 
f 2949/1/2949 2935/1/2935 2943/1/2943 
f 2955/1/2955 2956/1/2956 2957/1/2957 
f 2957/1/2957 2958/1/2958 2955/1/2955 
f 2659/1/2659 2957/1/2957 2956/1/2956 
f 2956/1/2956 2624/1/2624 2659/1/2659 
f 2661/1/2661 2662/1/2662 2957/1/2957 
f 2957/1/2957 2659/1/2659 2661/1/2661 
f 2958/1/2958 2957/1/2957 2662/1/2662 
f 2662/1/2662 1055/1/1055 2958/1/2958 
f 2950/1/2950 2959/1/2959 2960/1/2960 
f 2960/1/2960 2948/1/2948 2950/1/2950 
f 2959/1/2959 2955/1/2955 2958/1/2958 
f 1055/1/1055 1052/1/1052 2960/1/2960 
f 2960/1/2960 2958/1/2958 1055/1/1055 
f 2948/1/2948 2960/1/2960 1052/1/1052 
f 1052/1/1052 1049/1/1049 2948/1/2948 
f 2954/1/2954 2961/1/2961 2962/1/2962 
f 2962/1/2962 2953/1/2953 2954/1/2954 
f 2963/1/2963 2962/1/2962 2961/1/2961 
f 2961/1/2961 2964/1/2964 2963/1/2963 
f 2962/1/2962 2963/1/2963 2955/1/2955 
f 2953/1/2953 2962/1/2962 2959/1/2959 
f 2959/1/2959 2950/1/2950 2953/1/2953 
f 1182/1/1182 1187/1/1187 2965/1/2965 
f 2965/1/2965 2938/1/2938 1182/1/1182 
f 2966/1/2966 2965/1/2965 1187/1/1187 
f 1187/1/1187 1186/1/1186 2966/1/2966 
f 2967/1/2967 2968/1/2968 2965/1/2965 
f 2965/1/2965 2966/1/2966 2967/1/2967 
f 2938/1/2938 2965/1/2965 2968/1/2968 
f 2968/1/2968 2939/1/2939 2938/1/2938 
f 2939/1/2939 2968/1/2968 2969/1/2969 
f 2969/1/2969 2946/1/2946 2939/1/2939 
f 2970/1/2970 2969/1/2969 2968/1/2968 
f 2968/1/2968 2967/1/2967 2970/1/2970 
f 2954/1/2954 2951/1/2951 2969/1/2969 
f 2969/1/2969 2970/1/2970 2954/1/2954 
f 2946/1/2946 2969/1/2969 2951/1/2951 
f 2951/1/2951 2944/1/2944 2946/1/2946 
f 2624/1/2624 2956/1/2956 2971/1/2971 
f 2971/1/2971 2623/1/2623 2624/1/2624 
f 2972/1/2972 2971/1/2971 2956/1/2956 
f 2956/1/2956 2955/1/2955 2972/1/2972 
f 2973/1/2973 2974/1/2974 2971/1/2971 
f 2971/1/2971 2972/1/2972 2973/1/2973 
f 2623/1/2623 2971/1/2971 2974/1/2974 
f 2974/1/2974 2596/1/2596 2623/1/2623 
f 2605/1/2605 2975/1/2975 2976/1/2976 
f 2976/1/2976 2601/1/2601 2605/1/2605 
f 2977/1/2977 2976/1/2976 2975/1/2975 
f 2975/1/2975 2978/1/2978 2977/1/2977 
f 1149/1/1149 2545/1/2545 2976/1/2976 
f 2976/1/2976 2977/1/2977 1149/1/1149 
f 2601/1/2601 2976/1/2976 2545/1/2545 
f 2545/1/2545 2544/1/2544 2601/1/2601 
f 2979/1/2979 2963/1/2963 2964/1/2964 
f 2980/1/2980 2981/1/2981 2982/1/2982 
f 2982/1/2982 2973/1/2973 2972/1/2972 
f 2972/1/2972 2955/1/2955 2963/1/2963 
f 2983/1/2983 2978/1/2978 2975/1/2975 
f 2975/1/2975 2984/1/2984 2983/1/2983 
f 2609/1/2609 2984/1/2984 2975/1/2975 
f 2975/1/2975 2605/1/2605 2609/1/2609 
f 2596/1/2596 2974/1/2974 2984/1/2984 
f 2984/1/2984 2609/1/2609 2596/1/2596 
f 2983/1/2983 2984/1/2984 2974/1/2974 
f 2974/1/2974 2973/1/2973 2983/1/2983 
f 2985/1/2985 2982/1/2982 2981/1/2981 
f 2981/1/2981 2986/1/2986 2985/1/2985 
f 2983/1/2983 2985/1/2985 2986/1/2986 
f 2986/1/2986 2978/1/2978 2983/1/2983 
f 2973/1/2973 2982/1/2982 2985/1/2985 
f 2985/1/2985 2983/1/2983 2973/1/2973 
f 1186/1/1186 2987/1/2987 2988/1/2988 
f 2988/1/2988 2966/1/2966 1186/1/1186 
f 2986/1/2986 2988/1/2988 2987/1/2987 
f 2987/1/2987 2978/1/2978 2986/1/2986 
f 2981/1/2981 2989/1/2989 2988/1/2988 
f 2988/1/2988 2986/1/2986 2981/1/2981 
f 2966/1/2966 2988/1/2988 2989/1/2989 
f 2989/1/2989 2967/1/2967 2966/1/2966 
f 1143/1/1143 1150/1/1150 2990/1/2990 
f 2990/1/2990 1189/1/1189 1143/1/1143 
f 2977/1/2977 2990/1/2990 1150/1/1150 
f 1150/1/1150 1149/1/1149 2977/1/2977 
f 2978/1/2978 2987/1/2987 2990/1/2990 
f 2990/1/2990 2977/1/2977 2978/1/2978 
f 1189/1/1189 2990/1/2990 2987/1/2987 
f 2987/1/2987 1186/1/1186 1189/1/1189 
f 2967/1/2967 2989/1/2989 2991/1/2991 
f 2991/1/2991 2970/1/2970 2967/1/2967 
f 2980/1/2980 2991/1/2991 2989/1/2989 
f 2989/1/2989 2981/1/2981 2980/1/2980 
f 2964/1/2964 2961/1/2961 2991/1/2991 
f 2991/1/2991 2980/1/2980 2964/1/2964 
f 2970/1/2970 2991/1/2991 2961/1/2961 
f 2961/1/2961 2954/1/2954 2970/1/2970 
f 2992/1/2992 2993/1/2993 1349/1/1349 
f 1349/1/1349 1348/1/1348 2992/1/2992 
f 2994/1/2994 2993/1/2993 2992/1/2992 
f 2992/1/2992 2995/1/2995 2994/1/2994 
f 2996/1/2996 2997/1/2997 2993/1/2993 
f 2993/1/2993 2994/1/2994 2996/1/2996 
f 1349/1/1349 2993/1/2993 2997/1/2997 
f 2997/1/2997 1353/1/1353 1349/1/1349 
f 2998/1/2998 2992/1/2992 1348/1/1348 
f 1355/1/1355 1354/1/1354 2999/1/2999 
f 3000/1/3000 3001/1/3001 2998/1/2998 
f 2998/1/2998 2999/1/2999 3000/1/3000 
f 2995/1/2995 2992/1/2992 2998/1/2998 
f 2998/1/2998 3001/1/3001 2995/1/2995 
f 2995/1/2995 3001/1/3001 3002/1/3002 
f 3002/1/3002 2994/1/2994 2995/1/2995 
f 3003/1/3003 3002/1/3002 3001/1/3001 
f 3001/1/3001 3000/1/3000 3003/1/3003 
f 3004/1/3004 3005/1/3005 3002/1/3002 
f 3002/1/3002 3003/1/3003 3004/1/3004 
f 2994/1/2994 3002/1/3002 3005/1/3005 
f 3005/1/3005 2996/1/2996 2994/1/2994 
f 3006/1/3006 3007/1/3007 1361/1/1361 
f 1361/1/1361 1360/1/1360 3006/1/3006 
f 3008/1/3008 3007/1/3007 3006/1/3006 
f 3006/1/3006 3009/1/3009 3008/1/3008 
f 2999/1/2999 3007/1/3007 3008/1/3008 
f 3008/1/3008 3000/1/3000 2999/1/2999 
f 1354/1/1354 1361/1/1361 3007/1/3007 
f 3007/1/3007 2999/1/2999 1354/1/1354 
f 1364/1/1364 1395/1/1395 3010/1/3010 
f 3010/1/3010 1365/1/1365 1364/1/1364 
f 3011/1/3011 3010/1/3010 1395/1/1395 
f 1395/1/1395 1399/1/1399 3011/1/3011 
f 3009/1/3009 3006/1/3006 3010/1/3010 
f 3010/1/3010 3011/1/3011 3009/1/3009 
f 3006/1/3006 1360/1/1360 1365/1/1365 
f 1399/1/1399 3012/1/3012 3013/1/3013 
f 3013/1/3013 3011/1/3011 1399/1/1399 
f 3012/1/3012 3014/1/3014 3015/1/3015 
f 3016/1/3016 3017/1/3017 3013/1/3013 
f 3013/1/3013 3015/1/3015 3016/1/3016 
f 3011/1/3011 3013/1/3013 3017/1/3017 
f 3017/1/3017 3009/1/3009 3011/1/3011 
f 3018/1/3018 2381/1/2381 2380/1/2380 
f 3012/1/3012 3018/1/3018 3019/1/3019 
f 3019/1/3019 3014/1/3014 3012/1/3012 
f 1399/1/1399 1398/1/1398 3018/1/3018 
f 3018/1/3018 3012/1/3012 1399/1/1399 
f 2381/1/2381 3018/1/3018 1398/1/1398 
f 1398/1/1398 1397/1/1397 2381/1/2381 
f 2443/1/2443 3020/1/3020 3021/1/3021 
f 3021/1/3021 2442/1/2442 2443/1/2443 
f 3019/1/3019 3021/1/3021 3020/1/3020 
f 3020/1/3020 3014/1/3014 3019/1/3019 
f 2380/1/2380 2435/1/2435 3021/1/3021 
f 3021/1/3021 3019/1/3019 2380/1/2380 
f 2442/1/2442 3021/1/3021 2435/1/2435 
f 2435/1/2435 2434/1/2434 2442/1/2442 
f 3000/1/3000 3008/1/3008 3022/1/3022 
f 3022/1/3022 3003/1/3003 3000/1/3000 
f 3009/1/3009 3017/1/3017 3022/1/3022 
f 3022/1/3022 3008/1/3008 3009/1/3009 
f 3017/1/3017 3016/1/3016 3023/1/3023 
f 3023/1/3023 3022/1/3022 3017/1/3017 
f 3003/1/3003 3022/1/3022 3023/1/3023 
f 3023/1/3023 3004/1/3004 3003/1/3003 
f 3024/1/3024 3025/1/3025 3026/1/3026 
f 3026/1/3026 3027/1/3027 3024/1/3024 
f 3028/1/3028 3029/1/3029 3026/1/3026 
f 3026/1/3026 3025/1/3025 3028/1/3028 
f 3030/1/3030 3031/1/3031 3026/1/3026 
f 3026/1/3026 3029/1/3029 3030/1/3030 
f 3027/1/3027 3026/1/3026 3031/1/3031 
f 3031/1/3031 3032/1/3032 3027/1/3027 
f 3033/1/3033 3034/1/3034 3035/1/3035 
f 3035/1/3035 3036/1/3036 3033/1/3033 
f 3031/1/3031 3035/1/3035 3034/1/3034 
f 3034/1/3034 3032/1/3032 3031/1/3031 
f 3037/1/3037 3035/1/3035 3031/1/3031 
f 3031/1/3031 3030/1/3030 3037/1/3037 
f 3037/1/3037 3038/1/3038 3036/1/3036 
f 3039/1/3039 3040/1/3040 3041/1/3041 
f 3041/1/3041 3042/1/3042 3039/1/3039 
f 3027/1/3027 3041/1/3041 3040/1/3040 
f 3040/1/3040 3024/1/3024 3027/1/3027 
f 3027/1/3027 3032/1/3032 3043/1/3043 
f 3043/1/3043 3041/1/3041 3027/1/3027 
f 3044/1/3044 3042/1/3042 3041/1/3041 
f 3041/1/3041 3043/1/3043 3044/1/3044 
f 3033/1/3033 3045/1/3045 3046/1/3046 
f 3046/1/3046 3034/1/3034 3033/1/3033 
f 3047/1/3047 3046/1/3046 3045/1/3045 
f 3045/1/3045 3048/1/3048 3047/1/3047 
f 3047/1/3047 3044/1/3044 3043/1/3043 
f 3043/1/3043 3046/1/3046 3047/1/3047 
f 3032/1/3032 3034/1/3034 3046/1/3046 
f 3046/1/3046 3043/1/3043 3032/1/3032 
f 3048/1/3048 3045/1/3045 3049/1/3049 
f 3049/1/3049 3050/1/3050 3048/1/3048 
f 3036/1/3036 3049/1/3049 3045/1/3045 
f 3045/1/3045 3033/1/3033 3036/1/3036 
f 3038/1/3038 3051/1/3051 3049/1/3049 
f 3049/1/3049 3036/1/3036 3038/1/3038 
f 3050/1/3050 3049/1/3049 3051/1/3051 
f 3051/1/3051 3052/1/3052 3050/1/3050 
f 3028/1/3028 3053/1/3053 3054/1/3054 
f 3054/1/3054 3055/1/3055 3028/1/3028 
f 3056/1/3056 3054/1/3054 3053/1/3053 
f 3053/1/3053 3057/1/3057 3056/1/3056 
f 3058/1/3058 3059/1/3059 3054/1/3054 
f 3054/1/3054 3056/1/3056 3058/1/3058 
f 3055/1/3055 3054/1/3054 3059/1/3059 
f 3059/1/3059 3060/1/3060 3055/1/3055 
f 3030/1/3030 3029/1/3029 3061/1/3061 
f 3061/1/3061 3062/1/3062 3030/1/3030 
f 3055/1/3055 3061/1/3061 3029/1/3029 
f 3029/1/3029 3028/1/3028 3055/1/3055 
f 3060/1/3060 3063/1/3063 3061/1/3061 
f 3061/1/3061 3055/1/3055 3060/1/3060 
f 3062/1/3062 3061/1/3061 3063/1/3063 
f 3063/1/3063 3064/1/3064 3062/1/3062 
f 3065/1/3065 3037/1/3037 3030/1/3030 
f 3066/1/3066 3065/1/3065 3062/1/3062 
f 3062/1/3062 3064/1/3064 3066/1/3066 
f 3067/1/3067 3068/1/3068 3065/1/3065 
f 3065/1/3065 3066/1/3066 3067/1/3067 
f 3037/1/3037 3065/1/3065 3068/1/3068 
f 3068/1/3068 3038/1/3038 3037/1/3037 
f 3069/1/3069 3070/1/3070 3052/1/3052 
f 3051/1/3051 3038/1/3038 3068/1/3068 
f 3071/1/3071 3069/1/3069 3068/1/3068 
f 3068/1/3068 3067/1/3067 3071/1/3071 
f 3070/1/3070 3069/1/3069 3071/1/3071 
f 3071/1/3071 3072/1/3072 3070/1/3070 
f 3073/1/3073 3074/1/3074 3075/1/3075 
f 3075/1/3075 3076/1/3076 3073/1/3073 
f 3047/1/3047 3076/1/3076 3075/1/3075 
f 3075/1/3075 3044/1/3044 3047/1/3047 
f 3048/1/3048 3077/1/3077 3076/1/3076 
f 3076/1/3076 3047/1/3047 3048/1/3048 
f 3073/1/3073 3076/1/3076 3077/1/3077 
f 3077/1/3077 3078/1/3078 3073/1/3073 
f 3052/1/3052 3079/1/3079 3080/1/3080 
f 3080/1/3080 3050/1/3050 3052/1/3052 
f 3079/1/3079 3081/1/3081 3082/1/3082 
f 3080/1/3080 3082/1/3082 3078/1/3078 
f 3050/1/3050 3080/1/3080 3077/1/3077 
f 3077/1/3077 3048/1/3048 3050/1/3050 
f 3070/1/3070 3072/1/3072 3083/1/3083 
f 3084/1/3084 3083/1/3083 3085/1/3085 
f 3079/1/3079 3084/1/3084 3086/1/3086 
f 3086/1/3086 3081/1/3081 3079/1/3079 
f 3079/1/3079 3052/1/3052 3070/1/3070 
f 3085/1/3085 3083/1/3083 3087/1/3087 
f 3087/1/3087 3088/1/3088 3085/1/3085 
f 3083/1/3083 3072/1/3072 3089/1/3089 
f 3090/1/3090 3087/1/3087 3089/1/3089 
f 3089/1/3089 3091/1/3091 3090/1/3090 
f 3088/1/3088 3087/1/3087 3090/1/3090 
f 3090/1/3090 3092/1/3092 3088/1/3088 
f 3092/1/3092 3090/1/3090 3093/1/3093 
f 3093/1/3093 3094/1/3094 3092/1/3092 
f 3090/1/3090 3091/1/3091 3095/1/3095 
f 3095/1/3095 3093/1/3093 3090/1/3090 
f 3096/1/3096 3097/1/3097 3093/1/3093 
f 3093/1/3093 3095/1/3095 3096/1/3096 
f 3098/1/3098 3094/1/3094 3093/1/3093 
f 3093/1/3093 3097/1/3097 3098/1/3098 
f 3099/1/3099 3100/1/3100 3101/1/3101 
f 3101/1/3101 3102/1/3102 3099/1/3099 
f 3097/1/3097 3101/1/3101 3100/1/3100 
f 3100/1/3100 3098/1/3098 3097/1/3097 
f 3103/1/3103 3101/1/3101 3097/1/3097 
f 3097/1/3097 3096/1/3096 3103/1/3103 
f 3102/1/3102 3101/1/3101 3103/1/3103 
f 3103/1/3103 3104/1/3104 3102/1/3102 
f 3105/1/3105 3106/1/3106 3107/1/3107 
f 3107/1/3107 3108/1/3108 3105/1/3105 
f 3109/1/3109 3110/1/3110 3107/1/3107 
f 3107/1/3107 3106/1/3106 3109/1/3109 
f 3111/1/3111 3107/1/3107 3110/1/3110 
f 3110/1/3110 3112/1/3112 3111/1/3111 
f 3108/1/3108 3107/1/3107 3111/1/3111 
f 3111/1/3111 3058/1/3058 3108/1/3108 
f 3060/1/3060 3059/1/3059 3113/1/3113 
f 3113/1/3113 3114/1/3114 3060/1/3060 
f 3111/1/3111 3113/1/3113 3059/1/3059 
f 3059/1/3059 3058/1/3058 3111/1/3111 
f 3112/1/3112 3115/1/3115 3113/1/3113 
f 3113/1/3113 3111/1/3111 3112/1/3112 
f 3114/1/3114 3113/1/3113 3115/1/3115 
f 3115/1/3115 3116/1/3116 3114/1/3114 
f 3117/1/3117 3118/1/3118 3064/1/3064 
f 3114/1/3114 3117/1/3117 3063/1/3063 
f 3063/1/3063 3060/1/3060 3114/1/3114 
f 3116/1/3116 3119/1/3119 3117/1/3117 
f 3117/1/3117 3114/1/3114 3116/1/3116 
f 3118/1/3118 3117/1/3117 3119/1/3119 
f 3119/1/3119 3120/1/3120 3118/1/3118 
f 3064/1/3064 3118/1/3118 3121/1/3121 
f 3121/1/3121 3066/1/3066 3064/1/3064 
f 3122/1/3122 3121/1/3121 3118/1/3118 
f 3118/1/3118 3120/1/3120 3122/1/3122 
f 3123/1/3123 3124/1/3124 3121/1/3121 
f 3121/1/3121 3122/1/3122 3123/1/3123 
f 3066/1/3066 3121/1/3121 3124/1/3124 
f 3124/1/3124 3067/1/3067 3066/1/3066 
f 3067/1/3067 3124/1/3124 3125/1/3125 
f 3125/1/3125 3071/1/3071 3067/1/3067 
f 3126/1/3126 3125/1/3125 3124/1/3124 
f 3124/1/3124 3123/1/3123 3126/1/3126 
f 3126/1/3126 3127/1/3127 3128/1/3128 
f 3128/1/3128 3125/1/3125 3126/1/3126 
f 3071/1/3071 3125/1/3125 3128/1/3128 
f 3128/1/3128 3072/1/3072 3071/1/3071 
f 3091/1/3091 3089/1/3089 3129/1/3129 
f 3129/1/3129 3130/1/3130 3091/1/3091 
f 3128/1/3128 3129/1/3129 3089/1/3089 
f 3089/1/3089 3072/1/3072 3128/1/3128 
f 3127/1/3127 3131/1/3131 3129/1/3129 
f 3129/1/3129 3128/1/3128 3127/1/3127 
f 3130/1/3130 3129/1/3129 3131/1/3131 
f 3131/1/3131 3132/1/3132 3130/1/3130 
f 3095/1/3095 3133/1/3133 3134/1/3134 
f 3134/1/3134 3096/1/3096 3095/1/3095 
f 3130/1/3130 3133/1/3133 3095/1/3095 
f 3095/1/3095 3091/1/3091 3130/1/3130 
f 3132/1/3132 3135/1/3135 3133/1/3133 
f 3133/1/3133 3130/1/3130 3132/1/3132 
f 3134/1/3134 3133/1/3133 3135/1/3135 
f 3135/1/3135 3136/1/3136 3134/1/3134 
f 3096/1/3096 3134/1/3134 3137/1/3137 
f 3137/1/3137 3103/1/3103 3096/1/3096 
f 3136/1/3136 3138/1/3138 3137/1/3137 
f 3137/1/3137 3134/1/3134 3136/1/3136 
f 3139/1/3139 3137/1/3137 3138/1/3138 
f 3138/1/3138 3140/1/3140 3139/1/3139 
f 3104/1/3104 3103/1/3103 3137/1/3137 
f 3137/1/3137 3139/1/3139 3104/1/3104 
f 3109/1/3109 3141/1/3141 3142/1/3142 
f 3142/1/3142 3110/1/3110 3109/1/3109 
f 3143/1/3143 3142/1/3142 3141/1/3141 
f 3141/1/3141 3144/1/3144 3143/1/3143 
f 3145/1/3145 3146/1/3146 3142/1/3142 
f 3142/1/3142 3143/1/3143 3145/1/3145 
f 3110/1/3110 3142/1/3142 3146/1/3146 
f 3146/1/3146 3112/1/3112 3110/1/3110 
f 3146/1/3146 3147/1/3147 3115/1/3115 
f 3115/1/3115 3112/1/3112 3146/1/3146 
f 3148/1/3148 3147/1/3147 3146/1/3146 
f 3146/1/3146 3145/1/3145 3148/1/3148 
f 3149/1/3149 3150/1/3150 3147/1/3147 
f 3147/1/3147 3148/1/3148 3149/1/3149 
f 3116/1/3116 3115/1/3115 3147/1/3147 
f 3147/1/3147 3150/1/3150 3116/1/3116 
f 3151/1/3151 3152/1/3152 3153/1/3153 
f 3153/1/3153 3154/1/3154 3151/1/3151 
f 3120/1/3120 3119/1/3119 3153/1/3153 
f 3153/1/3153 3152/1/3152 3120/1/3120 
f 3150/1/3150 3153/1/3153 3119/1/3119 
f 3119/1/3119 3116/1/3116 3150/1/3150 
f 3154/1/3154 3153/1/3153 3150/1/3150 
f 3150/1/3150 3149/1/3149 3154/1/3154 
f 3154/1/3154 3155/1/3155 3156/1/3156 
f 3156/1/3156 3151/1/3151 3154/1/3154 
f 3157/1/3157 3155/1/3155 3154/1/3154 
f 3154/1/3154 3149/1/3149 3157/1/3157 
f 3155/1/3155 3157/1/3157 3158/1/3158 
f 3159/1/3159 3160/1/3160 3161/1/3161 
f 3161/1/3161 3162/1/3162 3159/1/3159 
f 3122/1/3122 3161/1/3161 3160/1/3160 
f 3160/1/3160 3123/1/3123 3122/1/3122 
f 3120/1/3120 3152/1/3152 3161/1/3161 
f 3161/1/3161 3122/1/3122 3120/1/3120 
f 3162/1/3162 3161/1/3161 3152/1/3152 
f 3152/1/3152 3151/1/3151 3162/1/3162 
f 3127/1/3127 3126/1/3126 3163/1/3163 
f 3163/1/3163 3164/1/3164 3127/1/3127 
f 3160/1/3160 3163/1/3163 3126/1/3126 
f 3126/1/3126 3123/1/3123 3160/1/3160 
f 3165/1/3165 3163/1/3163 3160/1/3160 
f 3160/1/3160 3159/1/3159 3165/1/3165 
f 3166/1/3166 3164/1/3164 3163/1/3163 
f 3163/1/3163 3165/1/3165 3166/1/3166 
f 3132/1/3132 3131/1/3131 3167/1/3167 
f 3167/1/3167 3168/1/3168 3132/1/3132 
f 3164/1/3164 3167/1/3167 3131/1/3131 
f 3131/1/3131 3127/1/3127 3164/1/3164 
f 3169/1/3169 3167/1/3167 3164/1/3164 
f 3164/1/3164 3166/1/3166 3169/1/3169 
f 3170/1/3170 3168/1/3168 3167/1/3167 
f 3167/1/3167 3169/1/3169 3170/1/3170 
f 3171/1/3171 3172/1/3172 3173/1/3173 
f 3173/1/3173 3174/1/3174 3171/1/3171 
f 3136/1/3136 3135/1/3135 3173/1/3173 
f 3173/1/3173 3172/1/3172 3136/1/3136 
f 3168/1/3168 3173/1/3173 3135/1/3135 
f 3135/1/3135 3132/1/3132 3168/1/3168 
f 3174/1/3174 3173/1/3173 3168/1/3168 
f 3168/1/3168 3170/1/3170 3174/1/3174 
f 3175/1/3175 3176/1/3176 3177/1/3177 
f 3177/1/3177 3178/1/3178 3175/1/3175 
f 3176/1/3176 3078/1/3078 3082/1/3082 
f 3081/1/3081 3179/1/3179 3177/1/3177 
f 3177/1/3177 3082/1/3082 3081/1/3081 
f 3178/1/3178 3177/1/3177 3179/1/3179 
f 3179/1/3179 3180/1/3180 3178/1/3178 
f 3181/1/3181 3182/1/3182 3183/1/3183 
f 3183/1/3183 3184/1/3184 3181/1/3181 
f 3178/1/3178 3183/1/3183 3182/1/3182 
f 3182/1/3182 3175/1/3175 3178/1/3178 
f 3180/1/3180 3185/1/3185 3183/1/3183 
f 3183/1/3183 3178/1/3178 3180/1/3180 
f 3184/1/3184 3183/1/3183 3185/1/3185 
f 3185/1/3185 3186/1/3186 3184/1/3184 
f 3180/1/3180 3179/1/3179 3187/1/3187 
f 3187/1/3187 3188/1/3188 3180/1/3180 
f 3086/1/3086 3187/1/3187 3179/1/3179 
f 3179/1/3179 3081/1/3081 3086/1/3086 
f 3085/1/3085 3189/1/3189 3187/1/3187 
f 3187/1/3187 3086/1/3086 3085/1/3085 
f 3188/1/3188 3187/1/3187 3189/1/3189 
f 3189/1/3189 3190/1/3190 3188/1/3188 
f 3186/1/3186 3185/1/3185 3191/1/3191 
f 3191/1/3191 3192/1/3192 3186/1/3186 
f 3188/1/3188 3191/1/3191 3185/1/3185 
f 3185/1/3185 3180/1/3180 3188/1/3188 
f 3190/1/3190 3193/1/3193 3191/1/3191 
f 3191/1/3191 3188/1/3188 3190/1/3190 
f 3192/1/3192 3191/1/3191 3193/1/3193 
f 3193/1/3193 3194/1/3194 3192/1/3192 
f 3195/1/3195 3196/1/3196 3197/1/3197 
f 3197/1/3197 3198/1/3198 3195/1/3195 
f 3192/1/3192 3197/1/3197 3196/1/3196 
f 3196/1/3196 3186/1/3186 3192/1/3192 
f 3194/1/3194 3199/1/3199 3197/1/3197 
f 3197/1/3197 3192/1/3192 3194/1/3194 
f 3198/1/3198 3197/1/3197 3199/1/3199 
f 3199/1/3199 3200/1/3200 3198/1/3198 
f 3190/1/3190 3189/1/3189 3201/1/3201 
f 3201/1/3201 3202/1/3202 3190/1/3190 
f 3088/1/3088 3201/1/3201 3189/1/3189 
f 3189/1/3189 3085/1/3085 3088/1/3088 
f 3092/1/3092 3203/1/3203 3201/1/3201 
f 3201/1/3201 3088/1/3088 3092/1/3092 
f 3202/1/3202 3201/1/3201 3203/1/3203 
f 3203/1/3203 3204/1/3204 3202/1/3202 
f 3205/1/3205 3206/1/3206 3207/1/3207 
f 3207/1/3207 3208/1/3208 3205/1/3205 
f 3209/1/3209 3207/1/3207 3206/1/3206 
f 3206/1/3206 3210/1/3210 3209/1/3209 
f 3200/1/3200 3199/1/3199 3207/1/3207 
f 3207/1/3207 3209/1/3209 3200/1/3200 
f 3208/1/3208 3207/1/3207 3199/1/3199 
f 3199/1/3199 3194/1/3194 3208/1/3208 
f 3194/1/3194 3193/1/3193 3211/1/3211 
f 3211/1/3211 3208/1/3208 3194/1/3194 
f 3202/1/3202 3211/1/3211 3193/1/3193 
f 3193/1/3193 3190/1/3190 3202/1/3202 
f 3204/1/3204 3212/1/3212 3211/1/3211 
f 3211/1/3211 3202/1/3202 3204/1/3204 
f 3208/1/3208 3211/1/3211 3212/1/3212 
f 3212/1/3212 3205/1/3205 3208/1/3208 
f 3204/1/3204 3203/1/3203 3213/1/3213 
f 3213/1/3213 3214/1/3214 3204/1/3204 
f 3094/1/3094 3213/1/3213 3203/1/3203 
f 3203/1/3203 3092/1/3092 3094/1/3094 
f 3098/1/3098 3215/1/3215 3213/1/3213 
f 3213/1/3213 3094/1/3094 3098/1/3098 
f 3215/1/3215 3216/1/3216 3214/1/3214 
f 3217/1/3217 3218/1/3218 3216/1/3216 
f 3100/1/3100 3217/1/3217 3215/1/3215 
f 3215/1/3215 3098/1/3098 3100/1/3100 
f 3099/1/3099 3219/1/3219 3217/1/3217 
f 3217/1/3217 3100/1/3100 3099/1/3099 
f 3218/1/3218 3217/1/3217 3219/1/3219 
f 3219/1/3219 3220/1/3220 3218/1/3218 
f 3205/1/3205 3212/1/3212 3221/1/3221 
f 3221/1/3221 3222/1/3222 3205/1/3205 
f 3214/1/3214 3221/1/3221 3212/1/3212 
f 3212/1/3212 3204/1/3204 3214/1/3214 
f 3216/1/3216 3223/1/3223 3221/1/3221 
f 3221/1/3221 3214/1/3214 3216/1/3216 
f 3222/1/3222 3221/1/3221 3223/1/3223 
f 3223/1/3223 3224/1/3224 3222/1/3222 
f 3210/1/3210 3206/1/3206 3225/1/3225 
f 3225/1/3225 3226/1/3226 3210/1/3210 
f 3222/1/3222 3225/1/3225 3206/1/3206 
f 3206/1/3206 3205/1/3205 3222/1/3222 
f 3224/1/3224 3227/1/3227 3225/1/3225 
f 3225/1/3225 3222/1/3222 3224/1/3224 
f 3226/1/3226 3225/1/3225 3227/1/3227 
f 3227/1/3227 3228/1/3228 3226/1/3226 
f 3224/1/3224 3223/1/3223 3229/1/3229 
f 3229/1/3229 3230/1/3230 3224/1/3224 
f 3218/1/3218 3229/1/3229 3223/1/3223 
f 3223/1/3223 3216/1/3216 3218/1/3218 
f 3220/1/3220 3231/1/3231 3229/1/3229 
f 3229/1/3229 3218/1/3218 3220/1/3220 
f 3230/1/3230 3229/1/3229 3231/1/3231 
f 3231/1/3231 3232/1/3232 3230/1/3230 
f 3228/1/3228 3227/1/3227 3233/1/3233 
f 3233/1/3233 3234/1/3234 3228/1/3228 
f 3230/1/3230 3233/1/3233 3227/1/3227 
f 3227/1/3227 3224/1/3224 3230/1/3230 
f 3232/1/3232 3235/1/3235 3233/1/3233 
f 3233/1/3233 3230/1/3230 3232/1/3232 
f 3234/1/3234 3233/1/3233 3235/1/3235 
f 3235/1/3235 3236/1/3236 3234/1/3234 
f 3232/1/3232 3231/1/3231 3237/1/3237 
f 3237/1/3237 3238/1/3238 3232/1/3232 
f 3239/1/3239 3237/1/3237 3231/1/3231 
f 3231/1/3231 3220/1/3220 3239/1/3239 
f 3240/1/3240 3241/1/3241 3237/1/3237 
f 3237/1/3237 3239/1/3239 3240/1/3240 
f 3238/1/3238 3237/1/3237 3241/1/3241 
f 3241/1/3241 3242/1/3242 3238/1/3238 
f 3236/1/3236 3235/1/3235 3243/1/3243 
f 3243/1/3243 3244/1/3244 3236/1/3236 
f 3238/1/3238 3243/1/3243 3235/1/3235 
f 3235/1/3235 3232/1/3232 3238/1/3238 
f 3242/1/3242 3245/1/3245 3243/1/3243 
f 3243/1/3243 3238/1/3238 3242/1/3242 
f 3244/1/3244 3243/1/3243 3245/1/3245 
f 3245/1/3245 3246/1/3246 3244/1/3244 
f 3246/1/3246 3245/1/3245 3247/1/3247 
f 3247/1/3247 3248/1/3248 3246/1/3246 
f 3249/1/3249 3247/1/3247 3245/1/3245 
f 3245/1/3245 3242/1/3242 3249/1/3249 
f 3250/1/3250 3251/1/3251 3247/1/3247 
f 3247/1/3247 3249/1/3249 3250/1/3250 
f 3248/1/3248 3247/1/3247 3251/1/3251 
f 3251/1/3251 3252/1/3252 3248/1/3248 
f 3253/1/3253 3254/1/3254 3255/1/3255 
f 3255/1/3255 3256/1/3256 3253/1/3253 
f 3257/1/3257 3255/1/3255 3254/1/3254 
f 3254/1/3254 3258/1/3258 3257/1/3257 
f 3252/1/3252 3251/1/3251 3255/1/3255 
f 3255/1/3255 3257/1/3257 3252/1/3252 
f 3256/1/3256 3255/1/3255 3251/1/3251 
f 3251/1/3251 3250/1/3250 3256/1/3256 
f 3258/1/3258 3254/1/3254 3259/1/3259 
f 3259/1/3259 3260/1/3260 3258/1/3258 
f 3261/1/3261 3259/1/3259 3254/1/3254 
f 3254/1/3254 3253/1/3253 3261/1/3261 
f 3262/1/3262 3263/1/3263 3259/1/3259 
f 3259/1/3259 3261/1/3261 3262/1/3262 
f 3260/1/3260 3259/1/3259 3263/1/3263 
f 3263/1/3263 3264/1/3264 3260/1/3260 
f 3158/1/3158 3265/1/3265 3266/1/3266 
f 3266/1/3266 3156/1/3156 3158/1/3158 
f 3267/1/3267 3266/1/3266 3265/1/3265 
f 3265/1/3265 3268/1/3268 3267/1/3267 
f 3269/1/3269 3270/1/3270 3266/1/3266 
f 3266/1/3266 3267/1/3267 3269/1/3269 
f 3156/1/3156 3266/1/3266 3270/1/3270 
f 3270/1/3270 3151/1/3151 3156/1/3156 
f 3270/1/3270 3271/1/3271 3162/1/3162 
f 3162/1/3162 3151/1/3151 3270/1/3270 
f 3272/1/3272 3271/1/3271 3270/1/3270 
f 3270/1/3270 3269/1/3269 3272/1/3272 
f 3273/1/3273 3274/1/3274 3271/1/3271 
f 3271/1/3271 3272/1/3272 3273/1/3273 
f 3162/1/3162 3271/1/3271 3274/1/3274 
f 3274/1/3274 3159/1/3159 3162/1/3162 
f 3159/1/3159 3274/1/3274 3275/1/3275 
f 3275/1/3275 3165/1/3165 3159/1/3159 
f 3276/1/3276 3275/1/3275 3274/1/3274 
f 3274/1/3274 3273/1/3273 3276/1/3276 
f 3277/1/3277 3278/1/3278 3275/1/3275 
f 3275/1/3275 3276/1/3276 3277/1/3277 
f 3165/1/3165 3275/1/3275 3278/1/3278 
f 3278/1/3278 3166/1/3166 3165/1/3165 
f 3166/1/3166 3278/1/3278 3279/1/3279 
f 3279/1/3279 3169/1/3169 3166/1/3166 
f 3280/1/3280 3279/1/3279 3278/1/3278 
f 3278/1/3278 3277/1/3277 3280/1/3280 
f 3281/1/3281 3282/1/3282 3279/1/3279 
f 3279/1/3279 3280/1/3280 3281/1/3281 
f 3169/1/3169 3279/1/3279 3282/1/3282 
f 3282/1/3282 3170/1/3170 3169/1/3169 
f 3277/1/3277 3283/1/3283 3284/1/3284 
f 3284/1/3284 3280/1/3280 3277/1/3277 
f 3285/1/3285 3284/1/3284 3283/1/3283 
f 3283/1/3283 3286/1/3286 3285/1/3285 
f 3287/1/3287 3288/1/3288 3284/1/3284 
f 3284/1/3284 3285/1/3285 3287/1/3287 
f 3280/1/3280 3284/1/3284 3288/1/3288 
f 3288/1/3288 3281/1/3281 3280/1/3280 
f 3289/1/3289 3290/1/3290 3291/1/3291 
f 3291/1/3291 3292/1/3292 3289/1/3289 
f 3198/1/3198 3291/1/3291 3290/1/3290 
f 3290/1/3290 3195/1/3195 3198/1/3198 
f 3200/1/3200 3293/1/3293 3291/1/3291 
f 3291/1/3291 3198/1/3198 3200/1/3200 
f 3292/1/3292 3291/1/3291 3293/1/3293 
f 3293/1/3293 3294/1/3294 3292/1/3292 
f 3294/1/3294 3293/1/3293 3295/1/3295 
f 3295/1/3295 3296/1/3296 3294/1/3294 
f 3209/1/3209 3295/1/3295 3293/1/3293 
f 3293/1/3293 3200/1/3200 3209/1/3209 
f 3210/1/3210 3297/1/3297 3295/1/3295 
f 3295/1/3295 3209/1/3209 3210/1/3210 
f 3296/1/3296 3295/1/3295 3297/1/3297 
f 3297/1/3297 3298/1/3298 3296/1/3296 
f 3298/1/3298 3297/1/3297 3299/1/3299 
f 3299/1/3299 3300/1/3300 3298/1/3298 
f 3226/1/3226 3299/1/3299 3297/1/3297 
f 3297/1/3297 3210/1/3210 3226/1/3226 
f 3228/1/3228 3301/1/3301 3299/1/3299 
f 3299/1/3299 3226/1/3226 3228/1/3228 
f 3300/1/3300 3299/1/3299 3301/1/3301 
f 3301/1/3301 3302/1/3302 3300/1/3300 
f 3302/1/3302 3301/1/3301 3303/1/3303 
f 3303/1/3303 3304/1/3304 3302/1/3302 
f 3234/1/3234 3303/1/3303 3301/1/3301 
f 3301/1/3301 3228/1/3228 3234/1/3234 
f 3236/1/3236 3305/1/3305 3303/1/3303 
f 3303/1/3303 3234/1/3234 3236/1/3236 
f 3304/1/3304 3303/1/3303 3305/1/3305 
f 3305/1/3305 3306/1/3306 3304/1/3304 
f 3306/1/3306 3305/1/3305 3307/1/3307 
f 3307/1/3307 3308/1/3308 3306/1/3306 
f 3244/1/3244 3307/1/3307 3305/1/3305 
f 3305/1/3305 3236/1/3236 3244/1/3244 
f 3246/1/3246 3309/1/3309 3307/1/3307 
f 3307/1/3307 3244/1/3244 3246/1/3246 
f 3308/1/3308 3307/1/3307 3309/1/3309 
f 3309/1/3309 3310/1/3310 3308/1/3308 
f 3310/1/3310 3309/1/3309 3311/1/3311 
f 3311/1/3311 3312/1/3312 3310/1/3310 
f 3248/1/3248 3311/1/3311 3309/1/3309 
f 3309/1/3309 3246/1/3246 3248/1/3248 
f 3252/1/3252 3313/1/3313 3311/1/3311 
f 3311/1/3311 3248/1/3248 3252/1/3252 
f 3312/1/3312 3311/1/3311 3313/1/3313 
f 3313/1/3313 3314/1/3314 3312/1/3312 
f 3314/1/3314 3313/1/3313 3315/1/3315 
f 3315/1/3315 3316/1/3316 3314/1/3314 
f 3257/1/3257 3315/1/3315 3313/1/3313 
f 3313/1/3313 3252/1/3252 3257/1/3257 
f 3258/1/3258 3317/1/3317 3315/1/3315 
f 3315/1/3315 3257/1/3257 3258/1/3258 
f 3316/1/3316 3315/1/3315 3317/1/3317 
f 3317/1/3317 3318/1/3318 3316/1/3316 
f 3318/1/3318 3317/1/3317 3319/1/3319 
f 3319/1/3319 3320/1/3320 3318/1/3318 
f 3260/1/3260 3319/1/3319 3317/1/3317 
f 3317/1/3317 3258/1/3258 3260/1/3260 
f 3264/1/3264 3321/1/3321 3319/1/3319 
f 3319/1/3319 3260/1/3260 3264/1/3264 
f 3320/1/3320 3319/1/3319 3321/1/3321 
f 3321/1/3321 3322/1/3322 3320/1/3320 
f 3323/1/3323 3324/1/3324 3325/1/3325 
f 3325/1/3325 3326/1/3326 3323/1/3323 
f 3327/1/3327 3325/1/3325 3324/1/3324 
f 3324/1/3324 3328/1/3328 3327/1/3327 
f 3289/1/3289 3329/1/3329 3325/1/3325 
f 3325/1/3325 3327/1/3327 3289/1/3289 
f 3326/1/3326 3325/1/3325 3329/1/3329 
f 3329/1/3329 3330/1/3330 3326/1/3326 
f 3330/1/3330 3329/1/3329 3331/1/3331 
f 3331/1/3331 3332/1/3332 3330/1/3330 
f 3292/1/3292 3331/1/3331 3329/1/3329 
f 3329/1/3329 3289/1/3289 3292/1/3292 
f 3294/1/3294 3333/1/3333 3331/1/3331 
f 3331/1/3331 3292/1/3292 3294/1/3294 
f 3332/1/3332 3331/1/3331 3333/1/3333 
f 3333/1/3333 3334/1/3334 3332/1/3332 
f 3334/1/3334 3333/1/3333 3335/1/3335 
f 3335/1/3335 3336/1/3336 3334/1/3334 
f 3296/1/3296 3335/1/3335 3333/1/3333 
f 3333/1/3333 3294/1/3294 3296/1/3296 
f 3298/1/3298 3337/1/3337 3335/1/3335 
f 3335/1/3335 3296/1/3296 3298/1/3298 
f 3336/1/3336 3335/1/3335 3337/1/3337 
f 3337/1/3337 3338/1/3338 3336/1/3336 
f 3338/1/3338 3337/1/3337 3339/1/3339 
f 3339/1/3339 3340/1/3340 3338/1/3338 
f 3300/1/3300 3339/1/3339 3337/1/3337 
f 3337/1/3337 3298/1/3298 3300/1/3300 
f 3302/1/3302 3341/1/3341 3339/1/3339 
f 3339/1/3339 3300/1/3300 3302/1/3302 
f 3340/1/3340 3339/1/3339 3341/1/3341 
f 3341/1/3341 3342/1/3342 3340/1/3340 
f 3342/1/3342 3341/1/3341 3343/1/3343 
f 3343/1/3343 3344/1/3344 3342/1/3342 
f 3304/1/3304 3343/1/3343 3341/1/3341 
f 3341/1/3341 3302/1/3302 3304/1/3304 
f 3306/1/3306 3345/1/3345 3343/1/3343 
f 3343/1/3343 3304/1/3304 3306/1/3306 
f 3344/1/3344 3343/1/3343 3345/1/3345 
f 3345/1/3345 3346/1/3346 3344/1/3344 
f 3346/1/3346 3345/1/3345 3347/1/3347 
f 3347/1/3347 3348/1/3348 3346/1/3346 
f 3308/1/3308 3347/1/3347 3345/1/3345 
f 3345/1/3345 3306/1/3306 3308/1/3308 
f 3310/1/3310 3349/1/3349 3347/1/3347 
f 3347/1/3347 3308/1/3308 3310/1/3310 
f 3348/1/3348 3347/1/3347 3349/1/3349 
f 3349/1/3349 3350/1/3350 3348/1/3348 
f 3350/1/3350 3349/1/3349 3351/1/3351 
f 3351/1/3351 3352/1/3352 3350/1/3350 
f 3312/1/3312 3351/1/3351 3349/1/3349 
f 3349/1/3349 3310/1/3310 3312/1/3312 
f 3314/1/3314 3353/1/3353 3351/1/3351 
f 3351/1/3351 3312/1/3312 3314/1/3314 
f 3352/1/3352 3351/1/3351 3353/1/3353 
f 3353/1/3353 3354/1/3354 3352/1/3352 
f 3354/1/3354 3353/1/3353 3355/1/3355 
f 3355/1/3355 3356/1/3356 3354/1/3354 
f 3316/1/3316 3355/1/3355 3353/1/3353 
f 3353/1/3353 3314/1/3314 3316/1/3316 
f 3318/1/3318 3357/1/3357 3355/1/3355 
f 3355/1/3355 3316/1/3316 3318/1/3318 
f 3356/1/3356 3355/1/3355 3357/1/3357 
f 3357/1/3357 3358/1/3358 3356/1/3356 
f 3359/1/3359 3360/1/3360 3361/1/3361 
f 3361/1/3361 3362/1/3362 3359/1/3359 
f 3363/1/3363 3361/1/3361 3360/1/3360 
f 3360/1/3360 3364/1/3364 3363/1/3363 
f 3323/1/3323 3365/1/3365 3361/1/3361 
f 3361/1/3361 3363/1/3363 3323/1/3323 
f 3362/1/3362 3361/1/3361 3365/1/3365 
f 3365/1/3365 3366/1/3366 3362/1/3362 
f 3366/1/3366 3365/1/3365 3367/1/3367 
f 3367/1/3367 3368/1/3368 3366/1/3366 
f 3326/1/3326 3367/1/3367 3365/1/3365 
f 3365/1/3365 3323/1/3323 3326/1/3326 
f 3330/1/3330 3369/1/3369 3367/1/3367 
f 3367/1/3367 3326/1/3326 3330/1/3330 
f 3368/1/3368 3367/1/3367 3369/1/3369 
f 3369/1/3369 3370/1/3370 3368/1/3368 
f 3370/1/3370 3369/1/3369 3371/1/3371 
f 3371/1/3371 3372/1/3372 3370/1/3370 
f 3332/1/3332 3371/1/3371 3369/1/3369 
f 3369/1/3369 3330/1/3330 3332/1/3332 
f 3334/1/3334 3373/1/3373 3371/1/3371 
f 3371/1/3371 3332/1/3332 3334/1/3334 
f 3372/1/3372 3371/1/3371 3373/1/3373 
f 3373/1/3373 3374/1/3374 3372/1/3372 
f 3374/1/3374 3373/1/3373 3375/1/3375 
f 3375/1/3375 3376/1/3376 3374/1/3374 
f 3336/1/3336 3375/1/3375 3373/1/3373 
f 3373/1/3373 3334/1/3334 3336/1/3336 
f 3338/1/3338 3377/1/3377 3375/1/3375 
f 3375/1/3375 3336/1/3336 3338/1/3338 
f 3376/1/3376 3375/1/3375 3377/1/3377 
f 3377/1/3377 3378/1/3378 3376/1/3376 
f 3378/1/3378 3377/1/3377 3379/1/3379 
f 3379/1/3379 3380/1/3380 3378/1/3378 
f 3340/1/3340 3379/1/3379 3377/1/3377 
f 3377/1/3377 3338/1/3338 3340/1/3340 
f 3342/1/3342 3381/1/3381 3379/1/3379 
f 3379/1/3379 3340/1/3340 3342/1/3342 
f 3380/1/3380 3379/1/3379 3381/1/3381 
f 3381/1/3381 3382/1/3382 3380/1/3380 
f 3382/1/3382 3381/1/3381 3383/1/3383 
f 3383/1/3383 3384/1/3384 3382/1/3382 
f 3344/1/3344 3383/1/3383 3381/1/3381 
f 3381/1/3381 3342/1/3342 3344/1/3344 
f 3346/1/3346 3385/1/3385 3383/1/3383 
f 3383/1/3383 3344/1/3344 3346/1/3346 
f 3384/1/3384 3383/1/3383 3385/1/3385 
f 3385/1/3385 3386/1/3386 3384/1/3384 
f 3386/1/3386 3385/1/3385 3387/1/3387 
f 3387/1/3387 3388/1/3388 3386/1/3386 
f 3348/1/3348 3387/1/3387 3385/1/3385 
f 3385/1/3385 3346/1/3346 3348/1/3348 
f 3350/1/3350 3389/1/3389 3387/1/3387 
f 3387/1/3387 3348/1/3348 3350/1/3350 
f 3388/1/3388 3387/1/3387 3389/1/3389 
f 3389/1/3389 3390/1/3390 3388/1/3388 
f 3390/1/3390 3389/1/3389 3391/1/3391 
f 3391/1/3391 3392/1/3392 3390/1/3390 
f 3352/1/3352 3391/1/3391 3389/1/3389 
f 3389/1/3389 3350/1/3350 3352/1/3352 
f 3354/1/3354 3393/1/3393 3391/1/3391 
f 3391/1/3391 3352/1/3352 3354/1/3354 
f 3392/1/3392 3391/1/3391 3393/1/3393 
f 3393/1/3393 3394/1/3394 3392/1/3392 
f 3394/1/3394 3393/1/3393 3395/1/3395 
f 3395/1/3395 3396/1/3396 3394/1/3394 
f 3356/1/3356 3395/1/3395 3393/1/3393 
f 3393/1/3393 3354/1/3354 3356/1/3356 
f 3358/1/3358 3397/1/3397 3395/1/3395 
f 3395/1/3395 3356/1/3356 3358/1/3358 
f 3396/1/3396 3395/1/3395 3397/1/3397 
f 3397/1/3397 3398/1/3398 3396/1/3396 
f 3399/1/3399 3400/1/3400 3401/1/3401 
f 3401/1/3401 3402/1/3402 3399/1/3399 
f 3108/1/3108 3400/1/3400 3399/1/3399 
f 3399/1/3399 3105/1/3105 3108/1/3108 
f 3058/1/3058 3403/1/3403 3400/1/3400 
f 3400/1/3400 3108/1/3108 3058/1/3058 
f 3401/1/3401 3400/1/3400 3403/1/3403 
f 3403/1/3403 3404/1/3404 3401/1/3401 
f 3405/1/3405 3406/1/3406 3057/1/3057 
f 3053/1/3053 3028/1/3028 3025/1/3025 
f 3024/1/3024 3407/1/3407 3405/1/3405 
f 3405/1/3405 3025/1/3025 3024/1/3024 
f 3406/1/3406 3405/1/3405 3407/1/3407 
f 3407/1/3407 3408/1/3408 3406/1/3406 
f 3024/1/3024 3040/1/3040 3409/1/3409 
f 3409/1/3409 3407/1/3407 3024/1/3024 
f 3410/1/3410 3409/1/3409 3040/1/3040 
f 3040/1/3040 3039/1/3039 3410/1/3410 
f 3411/1/3411 3412/1/3412 3409/1/3409 
f 3409/1/3409 3410/1/3410 3411/1/3411 
f 3407/1/3407 3409/1/3409 3412/1/3412 
f 3412/1/3412 3408/1/3408 3407/1/3407 
f 3411/1/3411 3413/1/3413 3414/1/3414 
f 3414/1/3414 3412/1/3412 3411/1/3411 
f 3415/1/3415 3414/1/3414 3413/1/3413 
f 3413/1/3413 3416/1/3416 3415/1/3415 
f 3417/1/3417 3418/1/3418 3414/1/3414 
f 3414/1/3414 3415/1/3415 3417/1/3417 
f 3418/1/3418 3408/1/3408 3412/1/3412 
f 3404/1/3404 3403/1/3403 3419/1/3419 
f 3419/1/3419 3420/1/3420 3404/1/3404 
f 3056/1/3056 3419/1/3419 3403/1/3403 
f 3403/1/3403 3058/1/3058 3056/1/3056 
f 3057/1/3057 3406/1/3406 3419/1/3419 
f 3419/1/3419 3056/1/3056 3057/1/3057 
f 3420/1/3420 3419/1/3419 3406/1/3406 
f 3406/1/3406 3408/1/3408 3420/1/3420 
f 3417/1/3417 3421/1/3421 3422/1/3422 
f 3422/1/3422 3418/1/3418 3417/1/3417 
f 3421/1/3421 3404/1/3404 3420/1/3420 
f 3420/1/3420 3408/1/3408 3418/1/3418 
f 3423/1/3423 3424/1/3424 3425/1/3425 
f 3425/1/3425 3426/1/3426 3423/1/3423 
f 3427/1/3427 3425/1/3425 3424/1/3424 
f 3424/1/3424 3428/1/3428 3427/1/3427 
f 3429/1/3429 3430/1/3430 3425/1/3425 
f 3425/1/3425 3427/1/3427 3429/1/3429 
f 3426/1/3426 3425/1/3425 3430/1/3430 
f 3430/1/3430 3431/1/3431 3426/1/3426 
f 3431/1/3431 3430/1/3430 3432/1/3432 
f 3432/1/3432 3433/1/3433 3431/1/3431 
f 3434/1/3434 3432/1/3432 3430/1/3430 
f 3430/1/3430 3429/1/3429 3434/1/3434 
f 3435/1/3435 3436/1/3436 3432/1/3432 
f 3432/1/3432 3434/1/3434 3435/1/3435 
f 3433/1/3433 3432/1/3432 3436/1/3436 
f 3436/1/3436 3437/1/3437 3433/1/3433 
f 3438/1/3438 3439/1/3439 3440/1/3440 
f 3440/1/3440 3441/1/3441 3438/1/3438 
f 3442/1/3442 3440/1/3440 3439/1/3439 
f 3439/1/3439 3443/1/3443 3442/1/3442 
f 3437/1/3437 3436/1/3436 3440/1/3440 
f 3440/1/3440 3442/1/3442 3437/1/3437 
f 3441/1/3441 3440/1/3440 3436/1/3436 
f 3436/1/3436 3435/1/3435 3441/1/3441 
f 3443/1/3443 3439/1/3439 3444/1/3444 
f 3444/1/3444 3445/1/3445 3443/1/3443 
f 3446/1/3446 3444/1/3444 3439/1/3439 
f 3439/1/3439 3438/1/3438 3446/1/3446 
f 3447/1/3447 3448/1/3448 3444/1/3444 
f 3444/1/3444 3446/1/3446 3447/1/3447 
f 3445/1/3445 3444/1/3444 3448/1/3448 
f 3448/1/3448 3449/1/3449 3445/1/3445 
f 3450/1/3450 3451/1/3451 3452/1/3452 
f 3452/1/3452 3453/1/3453 3450/1/3450 
f 3454/1/3454 3452/1/3452 3451/1/3451 
f 3451/1/3451 3449/1/3449 3454/1/3454 
f 3455/1/3455 3456/1/3456 3452/1/3452 
f 3452/1/3452 3454/1/3454 3455/1/3455 
f 3453/1/3453 3452/1/3452 3456/1/3456 
f 3456/1/3456 3457/1/3457 3453/1/3453 
f 3458/1/3458 3459/1/3459 3460/1/3460 
f 3460/1/3460 3461/1/3461 3458/1/3458 
f 3459/1/3459 3455/1/3455 3454/1/3454 
f 3449/1/3449 3448/1/3448 3460/1/3460 
f 3460/1/3460 3454/1/3454 3449/1/3449 
f 3461/1/3461 3460/1/3460 3448/1/3448 
f 3448/1/3448 3447/1/3447 3461/1/3461 
f 3462/1/3462 3463/1/3463 3464/1/3464 
f 3464/1/3464 3465/1/3465 3462/1/3462 
f 3399/1/3399 3464/1/3464 3463/1/3463 
f 3463/1/3463 3105/1/3105 3399/1/3399 
f 3402/1/3402 3466/1/3466 3464/1/3464 
f 3464/1/3464 3399/1/3399 3402/1/3402 
f 3465/1/3465 3464/1/3464 3466/1/3466 
f 3466/1/3466 3467/1/3467 3465/1/3465 
f 3468/1/3468 3469/1/3469 3470/1/3470 
f 3470/1/3470 3471/1/3471 3468/1/3468 
f 3106/1/3106 3470/1/3470 3469/1/3469 
f 3469/1/3469 3109/1/3109 3106/1/3106 
f 3105/1/3105 3463/1/3463 3470/1/3470 
f 3470/1/3470 3106/1/3106 3105/1/3105 
f 3471/1/3471 3470/1/3470 3463/1/3463 
f 3463/1/3463 3462/1/3462 3471/1/3471 
f 3144/1/3144 3472/1/3472 3473/1/3473 
f 3473/1/3473 3143/1/3143 3144/1/3144 
f 3474/1/3474 3473/1/3473 3472/1/3472 
f 3472/1/3472 3475/1/3475 3474/1/3474 
f 3476/1/3476 3477/1/3477 3473/1/3473 
f 3473/1/3473 3474/1/3474 3476/1/3476 
f 3143/1/3143 3473/1/3473 3477/1/3477 
f 3477/1/3477 3145/1/3145 3143/1/3143 
f 3145/1/3145 3477/1/3477 3478/1/3478 
f 3478/1/3478 3148/1/3148 3145/1/3145 
f 3479/1/3479 3478/1/3478 3477/1/3477 
f 3477/1/3477 3476/1/3476 3479/1/3479 
f 3480/1/3480 3478/1/3478 3479/1/3479 
f 3479/1/3479 3481/1/3481 3480/1/3480 
f 3148/1/3148 3478/1/3478 3480/1/3480 
f 3480/1/3480 3149/1/3149 3148/1/3148 
f 3268/1/3268 3265/1/3265 3482/1/3482 
f 3482/1/3482 3483/1/3483 3268/1/3268 
f 3157/1/3157 3482/1/3482 3265/1/3265 
f 3265/1/3265 3158/1/3158 3157/1/3157 
f 3149/1/3149 3480/1/3480 3482/1/3482 
f 3482/1/3482 3157/1/3157 3149/1/3149 
f 3483/1/3483 3482/1/3482 3480/1/3480 
f 3480/1/3480 3481/1/3481 3483/1/3483 
f 3144/1/3144 3141/1/3141 3484/1/3484 
f 3484/1/3484 3485/1/3485 3144/1/3144 
f 3469/1/3469 3484/1/3484 3141/1/3141 
f 3141/1/3141 3109/1/3109 3469/1/3469 
f 3468/1/3468 3486/1/3486 3484/1/3484 
f 3484/1/3484 3469/1/3469 3468/1/3468 
f 3486/1/3486 3487/1/3487 3485/1/3485 
f 3488/1/3488 3489/1/3489 3490/1/3490 
f 3465/1/3465 3488/1/3488 3491/1/3491 
f 3491/1/3491 3462/1/3462 3465/1/3465 
f 3467/1/3467 3492/1/3492 3488/1/3488 
f 3488/1/3488 3465/1/3465 3467/1/3467 
f 3489/1/3489 3488/1/3488 3492/1/3492 
f 3492/1/3492 3493/1/3493 3489/1/3489 
f 3487/1/3487 3486/1/3486 3494/1/3494 
f 3494/1/3494 3495/1/3495 3487/1/3487 
f 3471/1/3471 3494/1/3494 3486/1/3486 
f 3486/1/3486 3468/1/3468 3471/1/3471 
f 3462/1/3462 3491/1/3491 3494/1/3494 
f 3494/1/3494 3471/1/3471 3462/1/3462 
f 3491/1/3491 3490/1/3490 3495/1/3495 
f 3475/1/3475 3472/1/3472 3496/1/3496 
f 3496/1/3496 3497/1/3497 3475/1/3475 
f 3485/1/3485 3496/1/3496 3472/1/3472 
f 3472/1/3472 3144/1/3144 3485/1/3485 
f 3485/1/3485 3487/1/3487 3497/1/3497 
f 3498/1/3498 3499/1/3499 3500/1/3500 
f 3500/1/3500 3501/1/3501 3498/1/3498 
f 3474/1/3474 3500/1/3500 3499/1/3499 
f 3499/1/3499 3476/1/3476 3474/1/3474 
f 3475/1/3475 3502/1/3502 3500/1/3500 
f 3500/1/3500 3474/1/3474 3475/1/3475 
f 3501/1/3501 3500/1/3500 3502/1/3502 
f 3502/1/3502 3503/1/3503 3501/1/3501 
f 3503/1/3503 3502/1/3502 3504/1/3504 
f 3504/1/3504 3505/1/3505 3503/1/3503 
f 3497/1/3497 3504/1/3504 3502/1/3502 
f 3502/1/3502 3475/1/3475 3497/1/3497 
f 3487/1/3487 3506/1/3506 3504/1/3504 
f 3504/1/3504 3497/1/3497 3487/1/3487 
f 3505/1/3505 3504/1/3504 3506/1/3506 
f 3506/1/3506 3507/1/3507 3505/1/3505 
f 3508/1/3508 3509/1/3509 3507/1/3507 
f 3506/1/3506 3487/1/3487 3495/1/3495 
f 3508/1/3508 3495/1/3495 3490/1/3490 
f 3510/1/3510 3511/1/3511 3509/1/3509 
f 3512/1/3512 3513/1/3513 3511/1/3511 
f 3490/1/3490 3514/1/3514 3512/1/3512 
f 3512/1/3512 3510/1/3510 3490/1/3490 
f 3513/1/3513 3512/1/3512 3514/1/3514 
f 3514/1/3514 3515/1/3515 3513/1/3513 
f 3516/1/3516 3517/1/3517 3515/1/3515 
f 3489/1/3489 3516/1/3516 3514/1/3514 
f 3514/1/3514 3490/1/3490 3489/1/3489 
f 3493/1/3493 3518/1/3518 3516/1/3516 
f 3516/1/3516 3489/1/3489 3493/1/3493 
f 3518/1/3518 3519/1/3519 3517/1/3517 
f 3520/1/3520 3521/1/3521 3522/1/3522 
f 3522/1/3522 3523/1/3523 3520/1/3520 
f 3513/1/3513 3522/1/3522 3521/1/3521 
f 3521/1/3521 3511/1/3511 3513/1/3513 
f 3522/1/3522 3513/1/3513 3515/1/3515 
f 3524/1/3524 3525/1/3525 3523/1/3523 
f 3526/1/3526 3527/1/3527 3528/1/3528 
f 3528/1/3528 3529/1/3529 3526/1/3526 
f 3509/1/3509 3528/1/3528 3527/1/3527 
f 3527/1/3527 3507/1/3507 3509/1/3509 
f 3511/1/3511 3521/1/3521 3528/1/3528 
f 3528/1/3528 3509/1/3509 3511/1/3511 
f 3529/1/3529 3528/1/3528 3521/1/3521 
f 3521/1/3521 3520/1/3520 3529/1/3529 
f 3530/1/3530 3531/1/3531 3532/1/3532 
f 3532/1/3532 3533/1/3533 3530/1/3530 
f 3505/1/3505 3532/1/3532 3531/1/3531 
f 3531/1/3531 3503/1/3503 3505/1/3505 
f 3507/1/3507 3527/1/3527 3532/1/3532 
f 3532/1/3532 3505/1/3505 3507/1/3507 
f 3533/1/3533 3532/1/3532 3527/1/3527 
f 3527/1/3527 3526/1/3526 3533/1/3533 
f 3534/1/3534 3535/1/3535 3536/1/3536 
f 3536/1/3536 3537/1/3537 3534/1/3534 
f 3498/1/3498 3501/1/3501 3535/1/3535 
f 3535/1/3535 3534/1/3534 3498/1/3498 
f 3503/1/3503 3531/1/3531 3535/1/3535 
f 3535/1/3535 3501/1/3501 3503/1/3503 
f 3536/1/3536 3535/1/3535 3531/1/3531 
f 3531/1/3531 3530/1/3530 3536/1/3536 
f 3538/1/3538 3539/1/3539 3540/1/3540 
f 3540/1/3540 3541/1/3541 3538/1/3538 
f 3518/1/3518 3540/1/3540 3539/1/3539 
f 3539/1/3539 3519/1/3519 3518/1/3518 
f 3542/1/3542 3540/1/3540 3518/1/3518 
f 3518/1/3518 3493/1/3493 3542/1/3542 
f 3541/1/3541 3540/1/3540 3542/1/3542 
f 3542/1/3542 3543/1/3543 3541/1/3541 
f 3428/1/3428 3544/1/3544 3545/1/3545 
f 3545/1/3545 3427/1/3427 3428/1/3428 
f 3546/1/3546 3545/1/3545 3544/1/3544 
f 3544/1/3544 3547/1/3547 3546/1/3546 
f 3548/1/3548 3549/1/3549 3545/1/3545 
f 3545/1/3545 3546/1/3546 3548/1/3548 
f 3427/1/3427 3545/1/3545 3549/1/3549 
f 3549/1/3549 3429/1/3429 3427/1/3427 
f 3550/1/3550 3551/1/3551 3552/1/3552 
f 3552/1/3552 3553/1/3553 3550/1/3550 
f 3541/1/3541 3552/1/3552 3551/1/3551 
f 3551/1/3551 3538/1/3538 3541/1/3541 
f 3543/1/3543 3554/1/3554 3552/1/3552 
f 3552/1/3552 3541/1/3541 3543/1/3543 
f 3553/1/3553 3552/1/3552 3554/1/3554 
f 3554/1/3554 3555/1/3555 3553/1/3553 
f 3547/1/3547 3556/1/3556 3557/1/3557 
f 3557/1/3557 3546/1/3546 3547/1/3547 
f 3553/1/3553 3557/1/3557 3556/1/3556 
f 3556/1/3556 3550/1/3550 3553/1/3553 
f 3555/1/3555 3558/1/3558 3557/1/3557 
f 3557/1/3557 3553/1/3553 3555/1/3555 
f 3546/1/3546 3557/1/3557 3558/1/3558 
f 3558/1/3558 3548/1/3548 3546/1/3546 
f 3493/1/3493 3492/1/3492 3559/1/3559 
f 3559/1/3559 3542/1/3542 3493/1/3493 
f 3560/1/3560 3559/1/3559 3492/1/3492 
f 3492/1/3492 3467/1/3467 3560/1/3560 
f 3561/1/3561 3562/1/3562 3559/1/3559 
f 3559/1/3559 3560/1/3560 3561/1/3561 
f 3542/1/3542 3559/1/3559 3562/1/3562 
f 3562/1/3562 3543/1/3543 3542/1/3542 
f 3563/1/3563 3564/1/3564 3565/1/3565 
f 3565/1/3565 3566/1/3566 3563/1/3563 
f 3434/1/3434 3565/1/3565 3564/1/3564 
f 3564/1/3564 3435/1/3435 3434/1/3434 
f 3429/1/3429 3549/1/3549 3565/1/3565 
f 3565/1/3565 3434/1/3434 3429/1/3429 
f 3566/1/3566 3565/1/3565 3549/1/3549 
f 3549/1/3549 3548/1/3548 3566/1/3566 
f 3543/1/3543 3562/1/3562 3567/1/3567 
f 3567/1/3567 3554/1/3554 3543/1/3543 
f 3568/1/3568 3567/1/3567 3562/1/3562 
f 3562/1/3562 3561/1/3561 3568/1/3568 
f 3569/1/3569 3570/1/3570 3567/1/3567 
f 3567/1/3567 3568/1/3568 3569/1/3569 
f 3554/1/3554 3567/1/3567 3570/1/3570 
f 3570/1/3570 3555/1/3555 3554/1/3554 
f 3563/1/3563 3566/1/3566 3571/1/3571 
f 3571/1/3571 3572/1/3572 3563/1/3563 
f 3558/1/3558 3571/1/3571 3566/1/3566 
f 3566/1/3566 3548/1/3548 3558/1/3558 
f 3555/1/3555 3570/1/3570 3571/1/3571 
f 3571/1/3571 3558/1/3558 3555/1/3555 
f 3572/1/3572 3571/1/3571 3570/1/3570 
f 3570/1/3570 3569/1/3569 3572/1/3572 
f 3467/1/3467 3466/1/3466 3573/1/3573 
f 3573/1/3573 3560/1/3560 3467/1/3467 
f 3574/1/3574 3573/1/3573 3466/1/3466 
f 3466/1/3466 3402/1/3402 3574/1/3574 
f 3573/1/3573 3574/1/3574 3575/1/3575 
f 3576/1/3576 3561/1/3561 3560/1/3560 
f 3435/1/3435 3564/1/3564 3577/1/3577 
f 3577/1/3577 3441/1/3441 3435/1/3435 
f 3578/1/3578 3577/1/3577 3564/1/3564 
f 3564/1/3564 3563/1/3563 3578/1/3578 
f 3579/1/3579 3580/1/3580 3577/1/3577 
f 3577/1/3577 3578/1/3578 3579/1/3579 
f 3441/1/3441 3577/1/3577 3580/1/3580 
f 3580/1/3580 3438/1/3438 3441/1/3441 
f 3581/1/3581 3568/1/3568 3561/1/3561 
f 3576/1/3576 3575/1/3575 3582/1/3582 
f 3583/1/3583 3584/1/3584 3581/1/3581 
f 3581/1/3581 3582/1/3582 3583/1/3583 
f 3568/1/3568 3581/1/3581 3584/1/3584 
f 3584/1/3584 3569/1/3569 3568/1/3568 
f 3579/1/3579 3578/1/3578 3585/1/3585 
f 3585/1/3585 3586/1/3586 3579/1/3579 
f 3572/1/3572 3585/1/3585 3578/1/3578 
f 3578/1/3578 3563/1/3563 3572/1/3572 
f 3569/1/3569 3584/1/3584 3585/1/3585 
f 3585/1/3585 3572/1/3572 3569/1/3569 
f 3586/1/3586 3585/1/3585 3584/1/3584 
f 3584/1/3584 3583/1/3583 3586/1/3586 
f 3446/1/3446 3587/1/3587 3588/1/3588 
f 3588/1/3588 3447/1/3447 3446/1/3446 
f 3438/1/3438 3580/1/3580 3587/1/3587 
f 3587/1/3587 3446/1/3446 3438/1/3438 
f 3579/1/3579 3589/1/3589 3587/1/3587 
f 3587/1/3587 3580/1/3580 3579/1/3579 
f 3588/1/3588 3587/1/3587 3589/1/3589 
f 3589/1/3589 3590/1/3590 3588/1/3588 
f 3402/1/3402 3401/1/3401 3591/1/3591 
f 3591/1/3591 3574/1/3574 3402/1/3402 
f 3592/1/3592 3591/1/3591 3401/1/3401 
f 3401/1/3401 3404/1/3404 3592/1/3592 
f 3591/1/3591 3592/1/3592 3593/1/3593 
f 3594/1/3594 3575/1/3575 3574/1/3574 
f 3575/1/3575 3594/1/3594 3595/1/3595 
f 3595/1/3595 3582/1/3582 3575/1/3575 
f 3596/1/3596 3595/1/3595 3594/1/3594 
f 3594/1/3594 3593/1/3593 3596/1/3596 
f 3597/1/3597 3598/1/3598 3595/1/3595 
f 3595/1/3595 3596/1/3596 3597/1/3597 
f 3582/1/3582 3595/1/3595 3598/1/3598 
f 3598/1/3598 3583/1/3583 3582/1/3582 
f 3590/1/3590 3589/1/3589 3599/1/3599 
f 3599/1/3599 3600/1/3600 3590/1/3590 
f 3586/1/3586 3599/1/3599 3589/1/3589 
f 3589/1/3589 3579/1/3579 3586/1/3586 
f 3583/1/3583 3598/1/3598 3599/1/3599 
f 3599/1/3599 3586/1/3586 3583/1/3583 
f 3600/1/3600 3599/1/3599 3598/1/3598 
f 3598/1/3598 3597/1/3597 3600/1/3600 
f 3461/1/3461 3601/1/3601 3602/1/3602 
f 3602/1/3602 3458/1/3458 3461/1/3461 
f 3447/1/3447 3588/1/3588 3601/1/3601 
f 3601/1/3601 3461/1/3461 3447/1/3447 
f 3590/1/3590 3603/1/3603 3601/1/3601 
f 3601/1/3601 3588/1/3588 3590/1/3590 
f 3602/1/3602 3601/1/3601 3603/1/3603 
f 3603/1/3603 3604/1/3604 3602/1/3602 
f 3605/1/3605 3606/1/3606 3607/1/3607 
f 3592/1/3592 3605/1/3605 3608/1/3608 
f 3608/1/3608 3593/1/3593 3592/1/3592 
f 3605/1/3605 3592/1/3592 3404/1/3404 
f 3606/1/3606 3605/1/3605 3421/1/3421 
f 3421/1/3421 3417/1/3417 3606/1/3606 
f 3604/1/3604 3603/1/3603 3609/1/3609 
f 3609/1/3609 3610/1/3610 3604/1/3604 
f 3600/1/3600 3609/1/3609 3603/1/3603 
f 3603/1/3603 3590/1/3590 3600/1/3600 
f 3609/1/3609 3600/1/3600 3597/1/3597 
f 3610/1/3610 3609/1/3609 3611/1/3611 
f 3611/1/3611 3612/1/3612 3610/1/3610 
f 3612/1/3612 3611/1/3611 3613/1/3613 
f 3613/1/3613 3614/1/3614 3612/1/3612 
f 3596/1/3596 3613/1/3613 3611/1/3611 
f 3611/1/3611 3597/1/3597 3596/1/3596 
f 3593/1/3593 3608/1/3608 3613/1/3613 
f 3613/1/3613 3596/1/3596 3593/1/3593 
f 3614/1/3614 3613/1/3613 3608/1/3608 
f 3608/1/3608 3607/1/3607 3614/1/3614 
f 3328/1/3328 3324/1/3324 3615/1/3615 
f 3615/1/3615 3616/1/3616 3328/1/3328 
f 3363/1/3363 3615/1/3615 3324/1/3324 
f 3324/1/3324 3323/1/3323 3363/1/3363 
f 3364/1/3364 3617/1/3617 3615/1/3615 
f 3615/1/3615 3363/1/3363 3364/1/3364 
f 3616/1/3616 3615/1/3615 3617/1/3617 
f 3617/1/3617 3618/1/3618 3616/1/3616 
f 3619/1/3619 3620/1/3620 3621/1/3621 
f 3073/1/3073 3619/1/3619 3622/1/3622 
f 3622/1/3622 3074/1/3074 3073/1/3073 
f 3619/1/3619 3073/1/3073 3078/1/3078 
f 3620/1/3620 3619/1/3619 3176/1/3176 
f 3176/1/3176 3175/1/3175 3620/1/3620 
f 3616/1/3616 3623/1/3623 3624/1/3624 
f 3624/1/3624 3328/1/3328 3616/1/3616 
f 3618/1/3618 3625/1/3625 3623/1/3623 
f 3623/1/3623 3616/1/3616 3618/1/3618 
f 3626/1/3626 3623/1/3623 3625/1/3625 
f 3625/1/3625 3627/1/3627 3626/1/3626 
f 3628/1/3628 3624/1/3624 3623/1/3623 
f 3623/1/3623 3626/1/3626 3628/1/3628 
f 3181/1/3181 3184/1/3184 3629/1/3629 
f 3629/1/3629 3630/1/3630 3181/1/3181 
f 3186/1/3186 3196/1/3196 3629/1/3629 
f 3629/1/3629 3184/1/3184 3186/1/3186 
f 3631/1/3631 3629/1/3629 3196/1/3196 
f 3196/1/3196 3195/1/3195 3631/1/3631 
f 3630/1/3630 3629/1/3629 3631/1/3631 
f 3631/1/3631 3628/1/3628 3630/1/3630 
f 3628/1/3628 3632/1/3632 3633/1/3633 
f 3633/1/3633 3630/1/3630 3628/1/3628 
f 3620/1/3620 3633/1/3633 3632/1/3632 
f 3632/1/3632 3621/1/3621 3620/1/3620 
f 3175/1/3175 3182/1/3182 3633/1/3633 
f 3633/1/3633 3620/1/3620 3175/1/3175 
f 3630/1/3630 3633/1/3633 3182/1/3182 
f 3182/1/3182 3181/1/3181 3630/1/3630 
f 3627/1/3627 3634/1/3634 3635/1/3635 
f 3635/1/3635 3626/1/3626 3627/1/3627 
f 3621/1/3621 3632/1/3632 3635/1/3635 
f 3635/1/3635 3634/1/3634 3621/1/3621 
f 3626/1/3626 3635/1/3635 3632/1/3632 
f 3632/1/3632 3628/1/3628 3626/1/3626 
f 3195/1/3195 3290/1/3290 3636/1/3636 
f 3636/1/3636 3631/1/3631 3195/1/3195 
f 3327/1/3327 3636/1/3636 3290/1/3290 
f 3290/1/3290 3289/1/3289 3327/1/3327 
f 3328/1/3328 3624/1/3624 3636/1/3636 
f 3636/1/3636 3327/1/3327 3328/1/3328 
f 3631/1/3631 3636/1/3636 3624/1/3624 
f 3624/1/3624 3628/1/3628 3631/1/3631 
f 3476/1/3476 3499/1/3499 3637/1/3637 
f 3637/1/3637 3479/1/3479 3476/1/3476 
f 3499/1/3499 3498/1/3498 3638/1/3638 
f 3639/1/3639 3640/1/3640 3637/1/3637 
f 3637/1/3637 3638/1/3638 3639/1/3639 
f 3479/1/3479 3637/1/3637 3640/1/3640 
f 3640/1/3640 3481/1/3481 3479/1/3479 
f 3638/1/3638 3641/1/3641 3642/1/3642 
f 3642/1/3642 3639/1/3639 3638/1/3638 
f 3534/1/3534 3641/1/3641 3638/1/3638 
f 3638/1/3638 3498/1/3498 3534/1/3534 
f 3537/1/3537 3643/1/3643 3641/1/3641 
f 3641/1/3641 3534/1/3534 3537/1/3537 
f 3644/1/3644 3642/1/3642 3641/1/3641 
f 3641/1/3641 3643/1/3643 3644/1/3644 
f 3645/1/3645 3644/1/3644 3643/1/3643 
f 3646/1/3646 3647/1/3647 3643/1/3643 
f 3643/1/3643 3537/1/3537 3646/1/3646 
f 3648/1/3648 3645/1/3645 3647/1/3647 
f 3649/1/3649 3650/1/3650 3648/1/3648 
f 3537/1/3537 3536/1/3536 3649/1/3649 
f 3649/1/3649 3646/1/3646 3537/1/3537 
f 3530/1/3530 3651/1/3651 3649/1/3649 
f 3649/1/3649 3536/1/3536 3530/1/3530 
f 3651/1/3651 3652/1/3652 3650/1/3650 
f 3652/1/3652 3651/1/3651 3653/1/3653 
f 3653/1/3653 3654/1/3654 3652/1/3652 
f 3533/1/3533 3653/1/3653 3651/1/3651 
f 3651/1/3651 3530/1/3530 3533/1/3533 
f 3526/1/3526 3655/1/3655 3653/1/3653 
f 3653/1/3653 3533/1/3533 3526/1/3526 
f 3654/1/3654 3653/1/3653 3655/1/3655 
f 3655/1/3655 3656/1/3656 3654/1/3654 
f 3656/1/3656 3655/1/3655 3657/1/3657 
f 3657/1/3657 3658/1/3658 3656/1/3656 
f 3529/1/3529 3657/1/3657 3655/1/3655 
f 3655/1/3655 3526/1/3526 3529/1/3529 
f 3520/1/3520 3659/1/3659 3657/1/3657 
f 3657/1/3657 3529/1/3529 3520/1/3520 
f 3658/1/3658 3657/1/3657 3659/1/3659 
f 3659/1/3659 3660/1/3660 3658/1/3658 
f 3660/1/3660 3659/1/3659 3661/1/3661 
f 3661/1/3661 3662/1/3662 3660/1/3660 
f 3523/1/3523 3661/1/3661 3659/1/3659 
f 3659/1/3659 3520/1/3520 3523/1/3523 
f 3525/1/3525 3663/1/3663 3661/1/3661 
f 3661/1/3661 3523/1/3523 3525/1/3525 
f 3662/1/3662 3661/1/3661 3663/1/3663 
f 3663/1/3663 3664/1/3664 3662/1/3662 
f 3665/1/3665 3666/1/3666 3667/1/3667 
f 3667/1/3667 3668/1/3668 3665/1/3665 
f 3662/1/3662 3666/1/3666 3665/1/3665 
f 3665/1/3665 3660/1/3660 3662/1/3662 
f 3664/1/3664 3667/1/3667 3666/1/3666 
f 3666/1/3666 3662/1/3662 3664/1/3664 
f 3669/1/3669 3670/1/3670 3671/1/3671 
f 3671/1/3671 3672/1/3672 3669/1/3669 
f 3658/1/3658 3671/1/3671 3670/1/3670 
f 3670/1/3670 3656/1/3656 3658/1/3658 
f 3660/1/3660 3665/1/3665 3671/1/3671 
f 3671/1/3671 3658/1/3658 3660/1/3660 
f 3672/1/3672 3671/1/3671 3665/1/3665 
f 3665/1/3665 3668/1/3668 3672/1/3672 
f 3673/1/3673 3674/1/3674 3675/1/3675 
f 3675/1/3675 3676/1/3676 3673/1/3673 
f 3654/1/3654 3675/1/3675 3674/1/3674 
f 3674/1/3674 3652/1/3652 3654/1/3654 
f 3656/1/3656 3670/1/3670 3675/1/3675 
f 3675/1/3675 3654/1/3654 3656/1/3656 
f 3676/1/3676 3675/1/3675 3670/1/3670 
f 3670/1/3670 3669/1/3669 3676/1/3676 
f 3650/1/3650 3677/1/3677 3678/1/3678 
f 3678/1/3678 3648/1/3648 3650/1/3650 
f 3652/1/3652 3674/1/3674 3677/1/3677 
f 3677/1/3677 3650/1/3650 3652/1/3652 
f 3673/1/3673 3679/1/3679 3677/1/3677 
f 3677/1/3677 3674/1/3674 3673/1/3673 
f 3678/1/3678 3677/1/3677 3679/1/3679 
f 3679/1/3679 3680/1/3680 3678/1/3678 
f 3681/1/3681 3682/1/3682 3683/1/3683 
f 3644/1/3644 3645/1/3645 3684/1/3684 
f 3684/1/3684 3683/1/3683 3644/1/3644 
f 3648/1/3648 3678/1/3678 3684/1/3684 
f 3684/1/3684 3645/1/3645 3648/1/3648 
f 3680/1/3680 3681/1/3681 3684/1/3684 
f 3684/1/3684 3678/1/3678 3680/1/3680 
f 3639/1/3639 3642/1/3642 3685/1/3685 
f 3685/1/3685 3686/1/3686 3639/1/3639 
f 3683/1/3683 3685/1/3685 3642/1/3642 
f 3642/1/3642 3644/1/3644 3683/1/3683 
f 3685/1/3685 3683/1/3683 3682/1/3682 
f 3687/1/3687 3688/1/3688 3686/1/3686 
f 3689/1/3689 3690/1/3690 3691/1/3691 
f 3640/1/3640 3689/1/3689 3692/1/3692 
f 3692/1/3692 3481/1/3481 3640/1/3640 
f 3686/1/3686 3689/1/3689 3640/1/3640 
f 3640/1/3640 3639/1/3639 3686/1/3686 
f 3688/1/3688 3690/1/3690 3689/1/3689 
f 3689/1/3689 3686/1/3686 3688/1/3688 
f 3693/1/3693 3483/1/3483 3481/1/3481 
f 3692/1/3692 3691/1/3691 3694/1/3694 
f 3695/1/3695 3696/1/3696 3693/1/3693 
f 3693/1/3693 3694/1/3694 3695/1/3695 
f 3696/1/3696 3268/1/3268 3483/1/3483 
f 3268/1/3268 3696/1/3696 3697/1/3697 
f 3697/1/3697 3267/1/3267 3268/1/3268 
f 3698/1/3698 3697/1/3697 3696/1/3696 
f 3696/1/3696 3695/1/3695 3698/1/3698 
f 3699/1/3699 3700/1/3700 3697/1/3697 
f 3697/1/3697 3698/1/3698 3699/1/3699 
f 3267/1/3267 3697/1/3697 3700/1/3700 
f 3700/1/3700 3269/1/3269 3267/1/3267 
f 3269/1/3269 3700/1/3700 3701/1/3701 
f 3701/1/3701 3272/1/3272 3269/1/3269 
f 3702/1/3702 3701/1/3701 3700/1/3700 
f 3700/1/3700 3699/1/3699 3702/1/3702 
f 3701/1/3701 3702/1/3702 3703/1/3703 
f 3272/1/3272 3701/1/3701 3704/1/3704 
f 3704/1/3704 3273/1/3273 3272/1/3272 
f 3286/1/3286 3283/1/3283 3705/1/3705 
f 3705/1/3705 3706/1/3706 3286/1/3286 
f 3276/1/3276 3705/1/3705 3283/1/3283 
f 3283/1/3283 3277/1/3277 3276/1/3276 
f 3273/1/3273 3704/1/3704 3705/1/3705 
f 3705/1/3705 3276/1/3276 3273/1/3273 
f 3706/1/3706 3705/1/3705 3704/1/3704 
f 3704/1/3704 3703/1/3703 3706/1/3706 
f 3707/1/3707 3708/1/3708 3709/1/3709 
f 3710/1/3710 3711/1/3711 3709/1/3709 
f 3709/1/3709 3712/1/3712 3710/1/3710 
f 3713/1/3713 3707/1/3707 3711/1/3711 
f 3711/1/3711 3710/1/3710 3713/1/3713 
f 3703/1/3703 3714/1/3714 3715/1/3715 
f 3715/1/3715 3706/1/3706 3703/1/3703 
f 3716/1/3716 3715/1/3715 3714/1/3714 
f 3714/1/3714 3708/1/3708 3716/1/3716 
f 3717/1/3717 3718/1/3718 3715/1/3715 
f 3715/1/3715 3716/1/3716 3717/1/3717 
f 3706/1/3706 3715/1/3715 3718/1/3718 
f 3718/1/3718 3286/1/3286 3706/1/3706 
f 3286/1/3286 3718/1/3718 3719/1/3719 
f 3719/1/3719 3285/1/3285 3286/1/3286 
f 3720/1/3720 3719/1/3719 3718/1/3718 
f 3718/1/3718 3717/1/3717 3720/1/3720 
f 3721/1/3721 3722/1/3722 3719/1/3719 
f 3719/1/3719 3720/1/3720 3721/1/3721 
f 3285/1/3285 3719/1/3719 3722/1/3722 
f 3722/1/3722 3287/1/3287 3285/1/3285 
f 3287/1/3287 3722/1/3722 3723/1/3723 
f 3723/1/3723 3724/1/3724 3287/1/3287 
f 3725/1/3725 3723/1/3723 3722/1/3722 
f 3722/1/3722 3721/1/3721 3725/1/3725 
f 3726/1/3726 3727/1/3727 3723/1/3723 
f 3723/1/3723 3725/1/3725 3726/1/3726 
f 3724/1/3724 3723/1/3723 3727/1/3727 
f 3727/1/3727 3728/1/3728 3724/1/3724 
f 3729/1/3729 3730/1/3730 3728/1/3728 
f 3729/1/3729 3727/1/3727 3726/1/3726 
f 3731/1/3731 3729/1/3729 3732/1/3732 
f 3732/1/3732 3733/1/3733 3731/1/3731 
f 3729/1/3729 3731/1/3731 3734/1/3734 
f 3734/1/3734 3730/1/3730 3729/1/3729 
f 3735/1/3735 3736/1/3736 3737/1/3737 
f 3737/1/3737 3738/1/3738 3735/1/3735 
f 3174/1/3174 3737/1/3737 3736/1/3736 
f 3736/1/3736 3171/1/3171 3174/1/3174 
f 3170/1/3170 3282/1/3282 3737/1/3737 
f 3737/1/3737 3174/1/3174 3170/1/3170 
f 3738/1/3738 3737/1/3737 3282/1/3282 
f 3282/1/3282 3281/1/3281 3738/1/3738 
f 3281/1/3281 3288/1/3288 3739/1/3739 
f 3739/1/3739 3738/1/3738 3281/1/3281 
f 3288/1/3288 3287/1/3287 3724/1/3724 
f 3739/1/3739 3724/1/3724 3728/1/3728 
f 3738/1/3738 3739/1/3739 3740/1/3740 
f 3740/1/3740 3735/1/3735 3738/1/3738 
f 3735/1/3735 3740/1/3740 3741/1/3741 
f 3741/1/3741 3742/1/3742 3735/1/3735 
f 3730/1/3730 3741/1/3741 3740/1/3740 
f 3740/1/3740 3728/1/3728 3730/1/3730 
f 3734/1/3734 3743/1/3743 3741/1/3741 
f 3741/1/3741 3730/1/3730 3734/1/3734 
f 3742/1/3742 3741/1/3741 3743/1/3743 
f 3743/1/3743 3744/1/3744 3742/1/3742 
f 3138/1/3138 3136/1/3136 3172/1/3172 
f 3172/1/3172 3745/1/3745 3138/1/3138 
f 3746/1/3746 3745/1/3745 3172/1/3172 
f 3172/1/3172 3171/1/3171 3746/1/3746 
f 3747/1/3747 3748/1/3748 3745/1/3745 
f 3745/1/3745 3746/1/3746 3747/1/3747 
f 3140/1/3140 3138/1/3138 3745/1/3745 
f 3745/1/3745 3748/1/3748 3140/1/3140 
f 3171/1/3171 3736/1/3736 3749/1/3749 
f 3749/1/3749 3746/1/3746 3171/1/3171 
f 3742/1/3742 3749/1/3749 3736/1/3736 
f 3736/1/3736 3735/1/3735 3742/1/3742 
f 3744/1/3744 3750/1/3750 3749/1/3749 
f 3749/1/3749 3742/1/3742 3744/1/3744 
f 3746/1/3746 3749/1/3749 3750/1/3750 
f 3750/1/3750 3747/1/3747 3746/1/3746 
f 3744/1/3744 3751/1/3751 3752/1/3752 
f 3752/1/3752 3750/1/3750 3744/1/3744 
f 3753/1/3753 3754/1/3754 3752/1/3752 
f 3752/1/3752 3751/1/3751 3753/1/3753 
f 3747/1/3747 3750/1/3750 3752/1/3752 
f 3752/1/3752 3754/1/3754 3747/1/3747 
f 3734/1/3734 3755/1/3755 3756/1/3756 
f 3756/1/3756 3743/1/3743 3734/1/3734 
f 3757/1/3757 3756/1/3756 3755/1/3755 
f 3755/1/3755 3758/1/3758 3757/1/3757 
f 3753/1/3753 3751/1/3751 3756/1/3756 
f 3756/1/3756 3757/1/3757 3753/1/3753 
f 3743/1/3743 3756/1/3756 3751/1/3751 
f 3751/1/3751 3744/1/3744 3743/1/3743 
f 3759/1/3759 3716/1/3716 3708/1/3708 
f 3707/1/3707 3713/1/3713 3760/1/3760 
f 3761/1/3761 3762/1/3762 3759/1/3759 
f 3759/1/3759 3760/1/3760 3761/1/3761 
f 3716/1/3716 3759/1/3759 3762/1/3762 
f 3762/1/3762 3717/1/3717 3716/1/3716 
f 3763/1/3763 3764/1/3764 3765/1/3765 
f 3765/1/3765 3766/1/3766 3763/1/3763 
f 3767/1/3767 3765/1/3765 3764/1/3764 
f 3764/1/3764 3768/1/3768 3767/1/3767 
f 3769/1/3769 3770/1/3770 3765/1/3765 
f 3765/1/3765 3767/1/3767 3769/1/3769 
f 3766/1/3766 3765/1/3765 3770/1/3770 
f 3770/1/3770 3713/1/3713 3766/1/3766 
f 3761/1/3761 3760/1/3760 3771/1/3771 
f 3771/1/3771 3772/1/3772 3761/1/3761 
f 3760/1/3760 3713/1/3713 3770/1/3770 
f 3772/1/3772 3771/1/3771 3770/1/3770 
f 3770/1/3770 3769/1/3769 3772/1/3772 
f 3717/1/3717 3762/1/3762 3773/1/3773 
f 3773/1/3773 3720/1/3720 3717/1/3717 
f 3774/1/3774 3773/1/3773 3762/1/3762 
f 3762/1/3762 3761/1/3761 3774/1/3774 
f 3775/1/3775 3776/1/3776 3773/1/3773 
f 3773/1/3773 3774/1/3774 3775/1/3775 
f 3720/1/3720 3773/1/3773 3776/1/3776 
f 3776/1/3776 3721/1/3721 3720/1/3720 
f 3775/1/3775 3774/1/3774 3777/1/3777 
f 3777/1/3777 3778/1/3778 3775/1/3775 
f 3772/1/3772 3777/1/3777 3774/1/3774 
f 3774/1/3774 3761/1/3761 3772/1/3772 
f 3769/1/3769 3779/1/3779 3777/1/3777 
f 3777/1/3777 3772/1/3772 3769/1/3769 
f 3778/1/3778 3777/1/3777 3779/1/3779 
f 3779/1/3779 3780/1/3780 3778/1/3778 
f 3780/1/3780 3779/1/3779 3781/1/3781 
f 3781/1/3781 3782/1/3782 3780/1/3780 
f 3767/1/3767 3781/1/3781 3779/1/3779 
f 3779/1/3779 3769/1/3769 3767/1/3767 
f 3768/1/3768 3783/1/3783 3781/1/3781 
f 3781/1/3781 3767/1/3767 3768/1/3768 
f 3782/1/3782 3781/1/3781 3783/1/3783 
f 3783/1/3783 3784/1/3784 3782/1/3782 
f 3785/1/3785 3725/1/3725 3721/1/3721 
f 3786/1/3786 3785/1/3785 3776/1/3776 
f 3776/1/3776 3775/1/3775 3786/1/3786 
f 3787/1/3787 3785/1/3785 3786/1/3786 
f 3786/1/3786 3788/1/3788 3787/1/3787 
f 3726/1/3726 3725/1/3725 3785/1/3785 
f 3785/1/3785 3787/1/3787 3726/1/3726 
f 3788/1/3788 3786/1/3786 3789/1/3789 
f 3789/1/3789 3790/1/3790 3788/1/3788 
f 3778/1/3778 3789/1/3789 3786/1/3786 
f 3786/1/3786 3775/1/3775 3778/1/3778 
f 3780/1/3780 3791/1/3791 3789/1/3789 
f 3789/1/3789 3778/1/3778 3780/1/3780 
f 3790/1/3790 3789/1/3789 3791/1/3791 
f 3791/1/3791 3792/1/3792 3790/1/3790 
f 3792/1/3792 3791/1/3791 3793/1/3793 
f 3793/1/3793 3794/1/3794 3792/1/3792 
f 3782/1/3782 3793/1/3793 3791/1/3791 
f 3791/1/3791 3780/1/3780 3782/1/3782 
f 3784/1/3784 3795/1/3795 3793/1/3793 
f 3793/1/3793 3782/1/3782 3784/1/3784 
f 3794/1/3794 3793/1/3793 3795/1/3795 
f 3795/1/3795 3796/1/3796 3794/1/3794 
f 3763/1/3763 3797/1/3797 3798/1/3798 
f 3798/1/3798 3764/1/3764 3763/1/3763 
f 3799/1/3799 3798/1/3798 3797/1/3797 
f 3797/1/3797 3800/1/3800 3799/1/3799 
f 3801/1/3801 3802/1/3802 3798/1/3798 
f 3798/1/3798 3799/1/3799 3801/1/3801 
f 3768/1/3768 3764/1/3764 3798/1/3798 
f 3798/1/3798 3802/1/3802 3768/1/3768 
f 3802/1/3802 3803/1/3803 3783/1/3783 
f 3783/1/3783 3768/1/3768 3802/1/3802 
f 3804/1/3804 3803/1/3803 3802/1/3802 
f 3802/1/3802 3801/1/3801 3804/1/3804 
f 3805/1/3805 3806/1/3806 3803/1/3803 
f 3803/1/3803 3804/1/3804 3805/1/3805 
f 3783/1/3783 3803/1/3803 3806/1/3806 
f 3806/1/3806 3784/1/3784 3783/1/3783 
f 3784/1/3784 3806/1/3806 3807/1/3807 
f 3807/1/3807 3795/1/3795 3784/1/3784 
f 3808/1/3808 3807/1/3807 3806/1/3806 
f 3806/1/3806 3805/1/3805 3808/1/3808 
f 3809/1/3809 3810/1/3810 3807/1/3807 
f 3807/1/3807 3808/1/3808 3809/1/3809 
f 3795/1/3795 3807/1/3807 3810/1/3810 
f 3810/1/3810 3796/1/3796 3795/1/3795 
f 3796/1/3796 3810/1/3810 3811/1/3811 
f 3811/1/3811 3812/1/3812 3796/1/3796 
f 3813/1/3813 3811/1/3811 3810/1/3810 
f 3810/1/3810 3809/1/3809 3813/1/3813 
f 3814/1/3814 3815/1/3815 3811/1/3811 
f 3811/1/3811 3813/1/3813 3814/1/3814 
f 3812/1/3812 3811/1/3811 3815/1/3815 
f 3815/1/3815 3816/1/3816 3812/1/3812 
f 3809/1/3809 3817/1/3817 3818/1/3818 
f 3818/1/3818 3813/1/3813 3809/1/3809 
f 3819/1/3819 3818/1/3818 3817/1/3817 
f 3817/1/3817 3820/1/3820 3819/1/3819 
f 3821/1/3821 3822/1/3822 3818/1/3818 
f 3818/1/3818 3819/1/3819 3821/1/3821 
f 3813/1/3813 3818/1/3818 3822/1/3822 
f 3822/1/3822 3814/1/3814 3813/1/3813 
f 3823/1/3823 3712/1/3712 3824/1/3824 
f 3824/1/3824 3825/1/3825 3826/1/3826 
f 3827/1/3827 3823/1/3823 3828/1/3828 
f 3828/1/3828 3826/1/3826 3827/1/3827 
f 3712/1/3712 3823/1/3823 3829/1/3829 
f 3829/1/3829 3710/1/3710 3712/1/3712 
f 3830/1/3830 3829/1/3829 3823/1/3823 
f 3823/1/3823 3827/1/3827 3830/1/3830 
f 3831/1/3831 3832/1/3832 3829/1/3829 
f 3829/1/3829 3830/1/3830 3831/1/3831 
f 3710/1/3710 3829/1/3829 3832/1/3832 
f 3832/1/3832 3713/1/3713 3710/1/3710 
f 3800/1/3800 3797/1/3797 3833/1/3833 
f 3833/1/3833 3834/1/3834 3800/1/3800 
f 3766/1/3766 3833/1/3833 3797/1/3797 
f 3797/1/3797 3763/1/3763 3766/1/3766 
f 3713/1/3713 3832/1/3832 3833/1/3833 
f 3833/1/3833 3766/1/3766 3713/1/3713 
f 3834/1/3834 3833/1/3833 3832/1/3832 
f 3832/1/3832 3831/1/3831 3834/1/3834 
f 3834/1/3834 3835/1/3835 3836/1/3836 
f 3836/1/3836 3800/1/3800 3834/1/3834 
f 3837/1/3837 3835/1/3835 3834/1/3834 
f 3834/1/3834 3831/1/3831 3837/1/3837 
f 3838/1/3838 3836/1/3836 3835/1/3835 
f 3835/1/3835 3837/1/3837 3838/1/3838 
f 3800/1/3800 3836/1/3836 3839/1/3839 
f 3839/1/3839 3799/1/3799 3800/1/3800 
f 3840/1/3840 3839/1/3839 3836/1/3836 
f 3836/1/3836 3838/1/3838 3840/1/3840 
f 3841/1/3841 3842/1/3842 3839/1/3839 
f 3839/1/3839 3840/1/3840 3841/1/3841 
f 3799/1/3799 3839/1/3839 3842/1/3842 
f 3842/1/3842 3801/1/3801 3799/1/3799 
f 3801/1/3801 3842/1/3842 3843/1/3843 
f 3843/1/3843 3804/1/3804 3801/1/3801 
f 3844/1/3844 3843/1/3843 3842/1/3842 
f 3842/1/3842 3841/1/3841 3844/1/3844 
f 3845/1/3845 3846/1/3846 3843/1/3843 
f 3843/1/3843 3844/1/3844 3845/1/3845 
f 3804/1/3804 3843/1/3843 3846/1/3846 
f 3846/1/3846 3805/1/3805 3804/1/3804 
f 3820/1/3820 3817/1/3817 3847/1/3847 
f 3847/1/3847 3848/1/3848 3820/1/3820 
f 3808/1/3808 3847/1/3847 3817/1/3817 
f 3817/1/3817 3809/1/3809 3808/1/3808 
f 3805/1/3805 3846/1/3846 3847/1/3847 
f 3847/1/3847 3808/1/3808 3805/1/3805 
f 3848/1/3848 3847/1/3847 3846/1/3846 
f 3846/1/3846 3845/1/3845 3848/1/3848 
f 3825/1/3825 3849/1/3849 3850/1/3850 
f 3850/1/3850 3826/1/3826 3825/1/3825 
f 3851/1/3851 3850/1/3850 3849/1/3849 
f 3849/1/3849 3852/1/3852 3851/1/3851 
f 3853/1/3853 3854/1/3854 3850/1/3850 
f 3850/1/3850 3851/1/3851 3853/1/3853 
f 3826/1/3826 3850/1/3850 3854/1/3854 
f 3854/1/3854 3827/1/3827 3826/1/3826 
f 3827/1/3827 3854/1/3854 3855/1/3855 
f 3855/1/3855 3830/1/3830 3827/1/3827 
f 3856/1/3856 3855/1/3855 3854/1/3854 
f 3854/1/3854 3853/1/3853 3856/1/3856 
f 3857/1/3857 3858/1/3858 3855/1/3855 
f 3855/1/3855 3856/1/3856 3857/1/3857 
f 3830/1/3830 3855/1/3855 3858/1/3858 
f 3858/1/3858 3831/1/3831 3830/1/3830 
f 3859/1/3859 3860/1/3860 3861/1/3861 
f 3861/1/3861 3862/1/3862 3859/1/3859 
f 3863/1/3863 3862/1/3862 3861/1/3861 
f 3861/1/3861 3864/1/3864 3863/1/3863 
f 3863/1/3863 3857/1/3857 3856/1/3856 
f 3853/1/3853 3859/1/3859 3862/1/3862 
f 3862/1/3862 3856/1/3856 3853/1/3853 
f 3831/1/3831 3858/1/3858 3865/1/3865 
f 3865/1/3865 3837/1/3837 3831/1/3831 
f 3866/1/3866 3865/1/3865 3858/1/3858 
f 3858/1/3858 3857/1/3857 3866/1/3866 
f 3867/1/3867 3868/1/3868 3865/1/3865 
f 3865/1/3865 3866/1/3866 3867/1/3867 
f 3837/1/3837 3865/1/3865 3868/1/3868 
f 3868/1/3868 3838/1/3838 3837/1/3837 
f 3866/1/3866 3869/1/3869 3870/1/3870 
f 3870/1/3870 3867/1/3867 3866/1/3866 
f 3857/1/3857 3863/1/3863 3869/1/3869 
f 3869/1/3869 3866/1/3866 3857/1/3857 
f 3864/1/3864 3871/1/3871 3869/1/3869 
f 3869/1/3869 3863/1/3863 3864/1/3864 
f 3870/1/3870 3869/1/3869 3871/1/3871 
f 3871/1/3871 3872/1/3872 3870/1/3870 
f 3838/1/3838 3868/1/3868 3873/1/3873 
f 3873/1/3873 3840/1/3840 3838/1/3838 
f 3874/1/3874 3873/1/3873 3868/1/3868 
f 3868/1/3868 3867/1/3867 3874/1/3874 
f 3875/1/3875 3876/1/3876 3873/1/3873 
f 3873/1/3873 3874/1/3874 3875/1/3875 
f 3840/1/3840 3873/1/3873 3876/1/3876 
f 3876/1/3876 3841/1/3841 3840/1/3840 
f 3877/1/3877 3878/1/3878 3879/1/3879 
f 3879/1/3879 3880/1/3880 3877/1/3877 
f 3874/1/3874 3879/1/3879 3878/1/3878 
f 3878/1/3878 3875/1/3875 3874/1/3874 
f 3867/1/3867 3870/1/3870 3879/1/3879 
f 3879/1/3879 3874/1/3874 3867/1/3867 
f 3880/1/3880 3879/1/3879 3870/1/3870 
f 3870/1/3870 3872/1/3872 3880/1/3880 
f 3841/1/3841 3876/1/3876 3881/1/3881 
f 3881/1/3881 3844/1/3844 3841/1/3841 
f 3882/1/3882 3881/1/3881 3876/1/3876 
f 3876/1/3876 3875/1/3875 3882/1/3882 
f 3883/1/3883 3884/1/3884 3881/1/3881 
f 3881/1/3881 3882/1/3882 3883/1/3883 
f 3844/1/3844 3881/1/3881 3884/1/3884 
f 3884/1/3884 3845/1/3845 3844/1/3844 
f 3885/1/3885 3886/1/3886 3887/1/3887 
f 3887/1/3887 3888/1/3888 3885/1/3885 
f 3882/1/3882 3887/1/3887 3886/1/3886 
f 3886/1/3886 3883/1/3883 3882/1/3882 
f 3875/1/3875 3878/1/3878 3887/1/3887 
f 3887/1/3887 3882/1/3882 3875/1/3875 
f 3878/1/3878 3877/1/3877 3888/1/3888 
f 866/1/866 869/1/869 3889/1/3889 
f 3889/1/3889 3890/1/3890 866/1/866 
f 3891/1/3891 3889/1/3889 869/1/869 
f 869/1/869 874/1/874 3891/1/3891 
f 3892/1/3892 3893/1/3893 3889/1/3889 
f 3889/1/3889 3891/1/3891 3892/1/3892 
f 3890/1/3890 3889/1/3889 3893/1/3893 
f 3893/1/3893 3894/1/3894 3890/1/3890 
f 3895/1/3895 3896/1/3896 3897/1/3897 
f 3897/1/3897 3898/1/3898 3895/1/3895 
f 3899/1/3899 3897/1/3897 3896/1/3896 
f 3896/1/3896 3900/1/3900 3899/1/3899 
f 881/1/881 879/1/879 3897/1/3897 
f 3897/1/3897 3899/1/3899 881/1/881 
f 3898/1/3898 3897/1/3897 879/1/879 
f 879/1/879 880/1/880 3898/1/3898 
f 3901/1/3901 3902/1/3902 3903/1/3903 
f 3903/1/3903 3904/1/3904 3901/1/3901 
f 3898/1/3898 3903/1/3903 3902/1/3902 
f 3902/1/3902 3895/1/3895 3898/1/3898 
f 880/1/880 888/1/888 3903/1/3903 
f 3903/1/3903 3898/1/3898 880/1/880 
f 3904/1/3904 3903/1/3903 888/1/888 
f 888/1/888 889/1/889 3904/1/3904 
f 889/1/889 891/1/891 3905/1/3905 
f 3905/1/3905 3904/1/3904 889/1/889 
f 3890/1/3890 3905/1/3905 891/1/891 
f 891/1/891 866/1/866 3890/1/3890 
f 3894/1/3894 3906/1/3906 3905/1/3905 
f 3905/1/3905 3890/1/3890 3894/1/3894 
f 3904/1/3904 3905/1/3905 3906/1/3906 
f 3906/1/3906 3901/1/3901 3904/1/3904 
f 3900/1/3900 3896/1/3896 3907/1/3907 
f 3907/1/3907 3908/1/3908 3900/1/3900 
f 3909/1/3909 3907/1/3907 3896/1/3896 
f 3896/1/3896 3895/1/3895 3909/1/3909 
f 3910/1/3910 3911/1/3911 3907/1/3907 
f 3907/1/3907 3909/1/3909 3910/1/3910 
f 3908/1/3908 3907/1/3907 3911/1/3911 
f 3911/1/3911 3912/1/3912 3908/1/3908 
f 3913/1/3913 3914/1/3914 3915/1/3915 
f 3915/1/3915 3916/1/3916 3913/1/3913 
f 3909/1/3909 3915/1/3915 3914/1/3914 
f 3914/1/3914 3910/1/3910 3909/1/3909 
f 3895/1/3895 3902/1/3902 3915/1/3915 
f 3915/1/3915 3909/1/3909 3895/1/3895 
f 3916/1/3916 3915/1/3915 3902/1/3902 
f 3902/1/3902 3901/1/3901 3916/1/3916 
f 3901/1/3901 3906/1/3906 3917/1/3917 
f 3917/1/3917 3916/1/3916 3901/1/3901 
f 3906/1/3906 3894/1/3894 3918/1/3918 
f 3919/1/3919 3920/1/3920 3917/1/3917 
f 3917/1/3917 3918/1/3918 3919/1/3919 
f 3916/1/3916 3917/1/3917 3920/1/3920 
f 3920/1/3920 3913/1/3913 3916/1/3916 
f 3912/1/3912 3911/1/3911 3921/1/3921 
f 3921/1/3921 3922/1/3922 3912/1/3912 
f 3923/1/3923 3921/1/3921 3911/1/3911 
f 3911/1/3911 3910/1/3910 3923/1/3923 
f 3924/1/3924 3925/1/3925 3921/1/3921 
f 3921/1/3921 3923/1/3923 3924/1/3924 
f 3922/1/3922 3921/1/3921 3925/1/3925 
f 3925/1/3925 3926/1/3926 3922/1/3922 
f 3852/1/3852 3849/1/3849 3927/1/3927 
f 3927/1/3927 3928/1/3928 3852/1/3852 
f 3929/1/3929 3927/1/3927 3849/1/3849 
f 3849/1/3849 3825/1/3825 3929/1/3929 
f 3930/1/3930 3931/1/3931 3927/1/3927 
f 3927/1/3927 3929/1/3929 3930/1/3930 
f 3928/1/3928 3927/1/3927 3931/1/3931 
f 3931/1/3931 3932/1/3932 3928/1/3928 
f 3926/1/3926 3925/1/3925 3933/1/3933 
f 3933/1/3933 3934/1/3934 3926/1/3926 
f 3935/1/3935 3933/1/3933 3925/1/3925 
f 3925/1/3925 3924/1/3924 3935/1/3935 
f 3936/1/3936 3937/1/3937 3933/1/3933 
f 3933/1/3933 3935/1/3935 3936/1/3936 
f 3934/1/3934 3933/1/3933 3937/1/3937 
f 3937/1/3937 3938/1/3938 3934/1/3934 
f 3939/1/3939 3940/1/3940 3941/1/3941 
f 3941/1/3941 3942/1/3942 3939/1/3939 
f 3923/1/3923 3941/1/3941 3940/1/3940 
f 3940/1/3940 3924/1/3924 3923/1/3923 
f 3910/1/3910 3914/1/3914 3941/1/3941 
f 3941/1/3941 3923/1/3923 3910/1/3910 
f 3942/1/3942 3941/1/3941 3914/1/3914 
f 3914/1/3914 3913/1/3913 3942/1/3942 
f 3943/1/3943 3944/1/3944 3936/1/3936 
f 3936/1/3936 3935/1/3935 3943/1/3943 
f 3924/1/3924 3940/1/3940 3943/1/3943 
f 3943/1/3943 3935/1/3935 3924/1/3924 
f 3943/1/3943 3940/1/3940 3939/1/3939 
f 3913/1/3913 3920/1/3920 3945/1/3945 
f 3945/1/3945 3942/1/3942 3913/1/3913 
f 3946/1/3946 3945/1/3945 3920/1/3920 
f 3920/1/3920 3919/1/3919 3946/1/3946 
f 3945/1/3945 3946/1/3946 3947/1/3947 
f 3942/1/3942 3945/1/3945 3948/1/3948 
f 3948/1/3948 3939/1/3939 3942/1/3942 
f 3949/1/3949 3944/1/3944 3939/1/3939 
f 3948/1/3948 3947/1/3947 3950/1/3950 
f 3951/1/3951 3952/1/3952 3949/1/3949 
f 3949/1/3949 3950/1/3950 3951/1/3951 
f 3952/1/3952 3936/1/3936 3944/1/3944 
f 3932/1/3932 3931/1/3931 3953/1/3953 
f 3953/1/3953 3954/1/3954 3932/1/3932 
f 3955/1/3955 3953/1/3953 3931/1/3931 
f 3931/1/3931 3930/1/3930 3955/1/3955 
f 3938/1/3938 3937/1/3937 3953/1/3953 
f 3953/1/3953 3955/1/3955 3938/1/3938 
f 3954/1/3954 3953/1/3953 3937/1/3937 
f 3937/1/3937 3936/1/3936 3954/1/3954 
f 3894/1/3894 3893/1/3893 3956/1/3956 
f 3956/1/3956 3918/1/3918 3894/1/3894 
f 3957/1/3957 3956/1/3956 3893/1/3893 
f 3893/1/3893 3892/1/3892 3957/1/3957 
f 3958/1/3958 3959/1/3959 3956/1/3956 
f 3956/1/3956 3957/1/3957 3958/1/3958 
f 3918/1/3918 3956/1/3956 3959/1/3959 
f 3959/1/3959 3919/1/3919 3918/1/3918 
f 3919/1/3919 3959/1/3959 3960/1/3960 
f 3960/1/3960 3946/1/3946 3919/1/3919 
f 3959/1/3959 3958/1/3958 3961/1/3961 
f 3962/1/3962 3963/1/3963 3960/1/3960 
f 3960/1/3960 3961/1/3961 3962/1/3962 
f 3946/1/3946 3960/1/3960 3963/1/3963 
f 3963/1/3963 3947/1/3947 3946/1/3946 
f 3962/1/3962 3961/1/3961 3964/1/3964 
f 3964/1/3964 3965/1/3965 3962/1/3962 
f 3961/1/3961 3958/1/3958 3966/1/3966 
f 3967/1/3967 3968/1/3968 3964/1/3964 
f 3964/1/3964 3966/1/3966 3967/1/3967 
f 3965/1/3965 3964/1/3964 3968/1/3968 
f 3968/1/3968 3969/1/3969 3965/1/3965 
f 3970/1/3970 3971/1/3971 3972/1/3972 
f 3972/1/3972 3973/1/3973 3970/1/3970 
f 3954/1/3954 3972/1/3972 3971/1/3971 
f 3971/1/3971 3932/1/3932 3954/1/3954 
f 3936/1/3936 3952/1/3952 3972/1/3972 
f 3972/1/3972 3954/1/3954 3936/1/3936 
f 3973/1/3973 3972/1/3972 3952/1/3952 
f 3952/1/3952 3951/1/3951 3973/1/3973 
f 3951/1/3951 3950/1/3950 3974/1/3974 
f 3974/1/3974 3973/1/3973 3951/1/3951 
f 3963/1/3963 3974/1/3974 3950/1/3950 
f 3950/1/3950 3947/1/3947 3963/1/3963 
f 3962/1/3962 3975/1/3975 3974/1/3974 
f 3974/1/3974 3963/1/3963 3962/1/3962 
f 3973/1/3973 3974/1/3974 3975/1/3975 
f 3975/1/3975 3970/1/3970 3973/1/3973 
f 3860/1/3860 3859/1/3859 3976/1/3976 
f 3976/1/3976 3977/1/3977 3860/1/3860 
f 3851/1/3851 3976/1/3976 3859/1/3859 
f 3859/1/3859 3853/1/3853 3851/1/3851 
f 3852/1/3852 3978/1/3978 3976/1/3976 
f 3976/1/3976 3851/1/3851 3852/1/3852 
f 3977/1/3977 3976/1/3976 3978/1/3978 
f 3978/1/3978 3979/1/3979 3977/1/3977 
f 3980/1/3980 3981/1/3981 3982/1/3982 
f 3982/1/3982 3983/1/3983 3980/1/3980 
f 3981/1/3981 3970/1/3970 3975/1/3975 
f 3975/1/3975 3962/1/3962 3965/1/3965 
f 3965/1/3965 3969/1/3969 3983/1/3983 
f 3979/1/3979 3978/1/3978 3984/1/3984 
f 3984/1/3984 3985/1/3985 3979/1/3979 
f 3978/1/3978 3852/1/3852 3928/1/3928 
f 3932/1/3932 3971/1/3971 3984/1/3984 
f 3984/1/3984 3928/1/3928 3932/1/3932 
f 3985/1/3985 3984/1/3984 3971/1/3971 
f 3971/1/3971 3970/1/3970 3985/1/3985 
f 3985/1/3985 3986/1/3986 3987/1/3987 
f 3987/1/3987 3979/1/3979 3985/1/3985 
f 3970/1/3970 3981/1/3981 3986/1/3986 
f 3986/1/3986 3985/1/3985 3970/1/3970 
f 3980/1/3980 3987/1/3987 3986/1/3986 
f 3986/1/3986 3981/1/3981 3980/1/3980 
f 3988/1/3988 3989/1/3989 3990/1/3990 
f 3990/1/3990 3991/1/3991 3988/1/3988 
f 3362/1/3362 3990/1/3990 3989/1/3989 
f 3989/1/3989 3359/1/3359 3362/1/3362 
f 3366/1/3366 3992/1/3992 3990/1/3990 
f 3990/1/3990 3362/1/3362 3366/1/3366 
f 3991/1/3991 3990/1/3990 3992/1/3992 
f 3992/1/3992 3993/1/3993 3991/1/3991 
f 3993/1/3993 3992/1/3992 3994/1/3994 
f 3994/1/3994 3995/1/3995 3993/1/3993 
f 3368/1/3368 3994/1/3994 3992/1/3992 
f 3992/1/3992 3366/1/3366 3368/1/3368 
f 3370/1/3370 3996/1/3996 3994/1/3994 
f 3994/1/3994 3368/1/3368 3370/1/3370 
f 3995/1/3995 3994/1/3994 3996/1/3996 
f 3996/1/3996 3997/1/3997 3995/1/3995 
f 3998/1/3998 3999/1/3999 4000/1/4000 
f 4000/1/4000 4001/1/4001 3998/1/3998 
f 3996/1/3996 3998/1/3998 4001/1/4001 
f 4001/1/4001 3997/1/3997 3996/1/3996 
f 3372/1/3372 3998/1/3998 3996/1/3996 
f 3996/1/3996 3370/1/3370 3372/1/3372 
f 3374/1/3374 3999/1/3999 3998/1/3998 
f 3998/1/3998 3372/1/3372 3374/1/3374 
f 4000/1/4000 3999/1/3999 4002/1/4002 
f 4002/1/4002 4003/1/4003 4000/1/4000 
f 3376/1/3376 4002/1/4002 3999/1/3999 
f 3999/1/3999 3374/1/3374 3376/1/3376 
f 3378/1/3378 4004/1/4004 4002/1/4002 
f 4002/1/4002 3376/1/3376 3378/1/3378 
f 4003/1/4003 4002/1/4002 4004/1/4004 
f 4004/1/4004 4005/1/4005 4003/1/4003 
f 4005/1/4005 4004/1/4004 4006/1/4006 
f 4006/1/4006 4007/1/4007 4005/1/4005 
f 3380/1/3380 4006/1/4006 4004/1/4004 
f 4004/1/4004 3378/1/3378 3380/1/3380 
f 3382/1/3382 4008/1/4008 4006/1/4006 
f 4006/1/4006 3380/1/3380 3382/1/3382 
f 4007/1/4007 4006/1/4006 4008/1/4008 
f 4008/1/4008 4009/1/4009 4007/1/4007 
f 4009/1/4009 4008/1/4008 4010/1/4010 
f 4010/1/4010 4011/1/4011 4009/1/4009 
f 3384/1/3384 4010/1/4010 4008/1/4008 
f 4008/1/4008 3382/1/3382 3384/1/3384 
f 3386/1/3386 4012/1/4012 4010/1/4010 
f 4010/1/4010 3384/1/3384 3386/1/3386 
f 4011/1/4011 4010/1/4010 4012/1/4012 
f 4012/1/4012 4013/1/4013 4011/1/4011 
f 4013/1/4013 4012/1/4012 4014/1/4014 
f 4014/1/4014 4015/1/4015 4013/1/4013 
f 3388/1/3388 4014/1/4014 4012/1/4012 
f 4012/1/4012 3386/1/3386 3388/1/3388 
f 3390/1/3390 4016/1/4016 4014/1/4014 
f 4014/1/4014 3388/1/3388 3390/1/3390 
f 4015/1/4015 4014/1/4014 4016/1/4016 
f 4016/1/4016 4017/1/4017 4015/1/4015 
f 4017/1/4017 4016/1/4016 4018/1/4018 
f 4018/1/4018 4019/1/4019 4017/1/4017 
f 3392/1/3392 4018/1/4018 4016/1/4016 
f 4016/1/4016 3390/1/3390 3392/1/3392 
f 3394/1/3394 4020/1/4020 4018/1/4018 
f 4018/1/4018 3392/1/3392 3394/1/3394 
f 4019/1/4019 4018/1/4018 4020/1/4020 
f 4020/1/4020 4021/1/4021 4019/1/4019 
f 4022/1/4022 4023/1/4023 4024/1/4024 
f 4024/1/4024 4025/1/4025 4022/1/4022 
f 4020/1/4020 4024/1/4024 4023/1/4023 
f 4023/1/4023 4021/1/4021 4020/1/4020 
f 3396/1/3396 4024/1/4024 4020/1/4020 
f 4020/1/4020 3394/1/3394 3396/1/3396 
f 3398/1/3398 4025/1/4025 4024/1/4024 
f 4024/1/4024 3396/1/3396 3398/1/3398 
f 4026/1/4026 4027/1/4027 4028/1/4028 
f 4028/1/4028 4029/1/4029 4026/1/4026 
f 4023/1/4023 4027/1/4027 4026/1/4026 
f 4026/1/4026 4021/1/4021 4023/1/4023 
f 4030/1/4030 4027/1/4027 4023/1/4023 
f 4023/1/4023 4022/1/4022 4030/1/4030 
f 4031/1/4031 4028/1/4028 4027/1/4027 
f 4027/1/4027 4030/1/4030 4031/1/4031 
f 4032/1/4032 4033/1/4033 4034/1/4034 
f 4034/1/4034 4035/1/4035 4032/1/4032 
f 4036/1/4036 4034/1/4034 4033/1/4033 
f 4033/1/4033 4037/1/4037 4036/1/4036 
f 3988/1/3988 3991/1/3991 4034/1/4034 
f 4034/1/4034 4036/1/4036 3988/1/3988 
f 4035/1/4035 4034/1/4034 3991/1/3991 
f 3991/1/3991 3993/1/3993 4035/1/4035 
f 4038/1/4038 4039/1/4039 4040/1/4040 
f 4040/1/4040 4041/1/4041 4038/1/4038 
f 4035/1/4035 4040/1/4040 4039/1/4039 
f 4039/1/4039 4032/1/4032 4035/1/4035 
f 3993/1/3993 3995/1/3995 4040/1/4040 
f 4040/1/4040 4035/1/4035 3993/1/3993 
f 4041/1/4041 4040/1/4040 3995/1/3995 
f 3995/1/3995 3997/1/3997 4041/1/4041 
f 4042/1/4042 4043/1/4043 4044/1/4044 
f 4044/1/4044 4045/1/4045 4042/1/4042 
f 4041/1/4041 4044/1/4044 4043/1/4043 
f 4043/1/4043 4038/1/4038 4041/1/4041 
f 3997/1/3997 4001/1/4001 4044/1/4044 
f 4044/1/4044 4041/1/4041 3997/1/3997 
f 4045/1/4045 4044/1/4044 4001/1/4001 
f 4001/1/4001 4000/1/4000 4045/1/4045 
f 4046/1/4046 4047/1/4047 4048/1/4048 
f 4048/1/4048 4049/1/4049 4046/1/4046 
f 4045/1/4045 4048/1/4048 4047/1/4047 
f 4047/1/4047 4042/1/4042 4045/1/4045 
f 4000/1/4000 4003/1/4003 4048/1/4048 
f 4048/1/4048 4045/1/4045 4000/1/4000 
f 4005/1/4005 4049/1/4049 4048/1/4048 
f 4048/1/4048 4003/1/4003 4005/1/4005 
f 4050/1/4050 4051/1/4051 4052/1/4052 
f 4052/1/4052 4053/1/4053 4050/1/4050 
f 4049/1/4049 4052/1/4052 4051/1/4051 
f 4051/1/4051 4046/1/4046 4049/1/4049 
f 4007/1/4007 4052/1/4052 4049/1/4049 
f 4049/1/4049 4005/1/4005 4007/1/4007 
f 4009/1/4009 4053/1/4053 4052/1/4052 
f 4052/1/4052 4007/1/4007 4009/1/4009 
f 4054/1/4054 4055/1/4055 4056/1/4056 
f 4056/1/4056 4057/1/4057 4054/1/4054 
f 4053/1/4053 4056/1/4056 4055/1/4055 
f 4055/1/4055 4050/1/4050 4053/1/4053 
f 4011/1/4011 4056/1/4056 4053/1/4053 
f 4053/1/4053 4009/1/4009 4011/1/4011 
f 4013/1/4013 4057/1/4057 4056/1/4056 
f 4056/1/4056 4011/1/4011 4013/1/4013 
f 4054/1/4054 4057/1/4057 4058/1/4058 
f 4058/1/4058 4059/1/4059 4054/1/4054 
f 4015/1/4015 4058/1/4058 4057/1/4057 
f 4057/1/4057 4013/1/4013 4015/1/4015 
f 4017/1/4017 4060/1/4060 4058/1/4058 
f 4058/1/4058 4015/1/4015 4017/1/4017 
f 4059/1/4059 4058/1/4058 4060/1/4060 
f 4060/1/4060 4061/1/4061 4059/1/4059 
f 4062/1/4062 4063/1/4063 4064/1/4064 
f 4061/1/4061 4060/1/4060 4065/1/4065 
f 4065/1/4065 4064/1/4064 4061/1/4061 
f 4019/1/4019 4065/1/4065 4060/1/4060 
f 4060/1/4060 4017/1/4017 4019/1/4019 
f 4062/1/4062 4065/1/4065 4019/1/4019 
f 4019/1/4019 4021/1/4021 4062/1/4062 
f 4063/1/4063 4062/1/4062 4066/1/4066 
f 4066/1/4066 4067/1/4067 4063/1/4063 
f 4026/1/4026 4066/1/4066 4062/1/4062 
f 4062/1/4062 4021/1/4021 4026/1/4026 
f 4029/1/4029 4068/1/4068 4066/1/4066 
f 4066/1/4066 4026/1/4026 4029/1/4029 
f 4067/1/4067 4066/1/4066 4068/1/4068 
f 4068/1/4068 4069/1/4069 4067/1/4067 
f 4037/1/4037 4033/1/4033 4070/1/4070 
f 4070/1/4070 4071/1/4071 4037/1/4037 
f 4072/1/4072 4070/1/4070 4033/1/4033 
f 4033/1/4033 4032/1/4032 4072/1/4072 
f 4073/1/4073 4074/1/4074 4070/1/4070 
f 4070/1/4070 4072/1/4072 4073/1/4073 
f 4071/1/4071 4070/1/4070 4074/1/4074 
f 4074/1/4074 4075/1/4075 4071/1/4071 
f 4032/1/4032 4039/1/4039 4076/1/4076 
f 4076/1/4076 4072/1/4072 4032/1/4032 
f 4077/1/4077 4076/1/4076 4039/1/4039 
f 4039/1/4039 4038/1/4038 4077/1/4077 
f 4078/1/4078 4079/1/4079 4076/1/4076 
f 4076/1/4076 4077/1/4077 4078/1/4078 
f 4072/1/4072 4076/1/4076 4079/1/4079 
f 4079/1/4079 4073/1/4073 4072/1/4072 
f 4038/1/4038 4043/1/4043 4080/1/4080 
f 4080/1/4080 4077/1/4077 4038/1/4038 
f 4081/1/4081 4080/1/4080 4043/1/4043 
f 4043/1/4043 4042/1/4042 4081/1/4081 
f 4082/1/4082 4083/1/4083 4080/1/4080 
f 4080/1/4080 4081/1/4081 4082/1/4082 
f 4077/1/4077 4080/1/4080 4083/1/4083 
f 4083/1/4083 4078/1/4078 4077/1/4077 
f 4042/1/4042 4047/1/4047 4084/1/4084 
f 4084/1/4084 4081/1/4081 4042/1/4042 
f 4085/1/4085 4084/1/4084 4047/1/4047 
f 4047/1/4047 4046/1/4046 4085/1/4085 
f 4086/1/4086 4087/1/4087 4084/1/4084 
f 4084/1/4084 4085/1/4085 4086/1/4086 
f 4081/1/4081 4084/1/4084 4087/1/4087 
f 4087/1/4087 4082/1/4082 4081/1/4081 
f 4088/1/4088 4089/1/4089 4090/1/4090 
f 4090/1/4090 4091/1/4091 4088/1/4088 
f 4092/1/4092 4090/1/4090 4089/1/4089 
f 4089/1/4089 4093/1/4093 4092/1/4092 
f 4075/1/4075 4074/1/4074 4090/1/4090 
f 4090/1/4090 4092/1/4092 4075/1/4075 
f 4091/1/4091 4090/1/4090 4074/1/4074 
f 4074/1/4074 4073/1/4073 4091/1/4091 
f 4094/1/4094 4095/1/4095 4096/1/4096 
f 4096/1/4096 4097/1/4097 4094/1/4094 
f 4091/1/4091 4097/1/4097 4096/1/4096 
f 4096/1/4096 4088/1/4088 4091/1/4091 
f 4073/1/4073 4079/1/4079 4097/1/4097 
f 4097/1/4097 4091/1/4091 4073/1/4073 
f 4094/1/4094 4097/1/4097 4079/1/4079 
f 4079/1/4079 4078/1/4078 4094/1/4094 
f 4098/1/4098 4099/1/4099 4100/1/4100 
f 4100/1/4100 4101/1/4101 4098/1/4098 
f 4095/1/4095 4094/1/4094 4099/1/4099 
f 4099/1/4099 4098/1/4098 4095/1/4095 
f 4078/1/4078 4083/1/4083 4099/1/4099 
f 4099/1/4099 4094/1/4094 4078/1/4078 
f 4100/1/4100 4099/1/4099 4083/1/4083 
f 4083/1/4083 4082/1/4082 4100/1/4100 
f 1090/1/1090 1089/1/1089 4102/1/4102 
f 4102/1/4102 4103/1/4103 1090/1/1090 
f 4104/1/4104 4105/1/4105 4103/1/4103 
f 4103/1/4103 4102/1/4102 4104/1/4104 
f 4106/1/4106 4103/1/4103 4105/1/4105 
f 4105/1/4105 4107/1/4107 4106/1/4106 
f 1090/1/1090 4103/1/4103 4106/1/4106 
f 4106/1/4106 1093/1/1093 1090/1/1090 
f 1093/1/1093 4106/1/4106 4108/1/4108 
f 4108/1/4108 1097/1/1097 1093/1/1093 
f 4109/1/4109 4108/1/4108 4106/1/4106 
f 4106/1/4106 4107/1/4107 4109/1/4109 
f 4110/1/4110 4111/1/4111 4108/1/4108 
f 4108/1/4108 4109/1/4109 4110/1/4110 
f 1097/1/1097 4108/1/4108 4111/1/4111 
f 4111/1/4111 1100/1/1100 1097/1/1097 
f 1100/1/1100 4111/1/4111 4112/1/4112 
f 4112/1/4112 1103/1/1103 1100/1/1100 
f 4113/1/4113 4112/1/4112 4111/1/4111 
f 4111/1/4111 4110/1/4110 4113/1/4113 
f 4114/1/4114 4115/1/4115 4112/1/4112 
f 4112/1/4112 4113/1/4113 4114/1/4114 
f 1103/1/1103 4112/1/4112 4115/1/4115 
f 4115/1/4115 1106/1/1106 1103/1/1103 
f 1106/1/1106 4115/1/4115 4116/1/4116 
f 4116/1/4116 1109/1/1109 1106/1/1106 
f 4117/1/4117 4116/1/4116 4115/1/4115 
f 4115/1/4115 4114/1/4114 4117/1/4117 
f 4118/1/4118 4119/1/4119 4116/1/4116 
f 4116/1/4116 4117/1/4117 4118/1/4118 
f 1109/1/1109 4116/1/4116 4119/1/4119 
f 4119/1/4119 1112/1/1112 1109/1/1109 
f 1112/1/1112 4119/1/4119 4120/1/4120 
f 4120/1/4120 1115/1/1115 1112/1/1112 
f 4121/1/4121 4120/1/4120 4119/1/4119 
f 4119/1/4119 4118/1/4118 4121/1/4121 
f 4122/1/4122 4123/1/4123 4120/1/4120 
f 4120/1/4120 4121/1/4121 4122/1/4122 
f 1115/1/1115 4120/1/4120 4123/1/4123 
f 4123/1/4123 1118/1/1118 1115/1/1115 
f 1118/1/1118 4123/1/4123 4124/1/4124 
f 4124/1/4124 1121/1/1121 1118/1/1118 
f 4125/1/4125 4124/1/4124 4123/1/4123 
f 4123/1/4123 4122/1/4122 4125/1/4125 
f 4126/1/4126 4127/1/4127 4124/1/4124 
f 4124/1/4124 4125/1/4125 4126/1/4126 
f 4127/1/4127 1123/1/1123 1121/1/1121 
f 1121/1/1121 4124/1/4124 4127/1/4127 
f 1127/1/1127 4128/1/4128 4129/1/4129 
f 4129/1/4129 1128/1/1128 1127/1/1127 
f 1127/1/1127 1123/1/1123 4127/1/4127 
f 4127/1/4127 4128/1/4128 1127/1/1127 
f 4130/1/4130 4128/1/4128 4127/1/4127 
f 4127/1/4127 4126/1/4126 4130/1/4130 
f 4131/1/4131 4129/1/4129 4128/1/4128 
f 4128/1/4128 4130/1/4130 4131/1/4131 
f 4132/1/4132 4133/1/4133 4134/1/4134 
f 4134/1/4134 4135/1/4135 4132/1/4132 
f 1133/1/1133 4134/1/4134 4133/1/4133 
f 4133/1/4133 1136/1/1136 1133/1/1133 
f 1128/1/1128 4129/1/4129 4134/1/4134 
f 4134/1/4134 1133/1/1133 1128/1/1128 
f 4135/1/4135 4134/1/4134 4129/1/4129 
f 4129/1/4129 4131/1/4131 4135/1/4135 
f 1139/1/1139 1142/1/1142 4136/1/4136 
f 4136/1/4136 4137/1/4137 1139/1/1139 
f 1142/1/1142 1136/1/1136 4133/1/4133 
f 4133/1/4133 4136/1/4136 1142/1/1142 
f 4138/1/4138 4136/1/4136 4133/1/4133 
f 4133/1/4133 4132/1/4132 4138/1/4138 
f 4139/1/4139 4137/1/4137 4136/1/4136 
f 4136/1/4136 4138/1/4138 4139/1/4139 
f 1145/1/1145 1139/1/1139 4137/1/4137 
f 4137/1/4137 4140/1/4140 1145/1/1145 
f 4141/1/4141 4140/1/4140 4137/1/4137 
f 4137/1/4137 4139/1/4139 4141/1/4141 
f 4142/1/4142 4143/1/4143 4140/1/4140 
f 4140/1/4140 4141/1/4141 4142/1/4142 
f 1145/1/1145 4140/1/4140 4143/1/4143 
f 4143/1/4143 1148/1/1148 1145/1/1145 
f 4144/1/4144 4145/1/4145 4146/1/4146 
f 4146/1/4146 4147/1/4147 4144/1/4144 
f 4145/1/4145 4148/1/4148 4149/1/4149 
f 4149/1/4149 4146/1/4146 4145/1/4145 
f 4109/1/4109 4146/1/4146 4149/1/4149 
f 4149/1/4149 4110/1/4110 4109/1/4109 
f 4147/1/4147 4146/1/4146 4109/1/4109 
f 4109/1/4109 4107/1/4107 4147/1/4147 
f 4148/1/4148 4150/1/4150 4151/1/4151 
f 4151/1/4151 4152/1/4152 4148/1/4148 
f 4096/1/4096 4151/1/4151 4150/1/4150 
f 4150/1/4150 4088/1/4088 4096/1/4096 
f 4095/1/4095 4153/1/4153 4151/1/4151 
f 4151/1/4151 4096/1/4096 4095/1/4095 
f 4152/1/4152 4151/1/4151 4153/1/4153 
f 4153/1/4153 4154/1/4154 4152/1/4152 
f 4154/1/4154 4155/1/4155 4156/1/4156 
f 4156/1/4156 4152/1/4152 4154/1/4154 
f 4113/1/4113 4156/1/4156 4155/1/4155 
f 4155/1/4155 4114/1/4114 4113/1/4113 
f 4110/1/4110 4149/1/4149 4156/1/4156 
f 4156/1/4156 4113/1/4113 4110/1/4110 
f 4152/1/4152 4156/1/4156 4149/1/4149 
f 4149/1/4149 4148/1/4148 4152/1/4152 
f 4154/1/4154 4153/1/4153 4157/1/4157 
f 4157/1/4157 4158/1/4158 4154/1/4154 
f 4098/1/4098 4157/1/4157 4153/1/4153 
f 4153/1/4153 4095/1/4095 4098/1/4098 
f 4101/1/4101 4159/1/4159 4157/1/4157 
f 4157/1/4157 4098/1/4098 4101/1/4101 
f 4158/1/4158 4157/1/4157 4159/1/4159 
f 4159/1/4159 4160/1/4160 4158/1/4158 
f 4160/1/4160 4161/1/4161 4162/1/4162 
f 4162/1/4162 4158/1/4158 4160/1/4160 
f 4117/1/4117 4162/1/4162 4161/1/4161 
f 4161/1/4161 4118/1/4118 4117/1/4117 
f 4114/1/4114 4155/1/4155 4162/1/4162 
f 4162/1/4162 4117/1/4117 4114/1/4114 
f 4158/1/4158 4162/1/4162 4155/1/4155 
f 4155/1/4155 4154/1/4154 4158/1/4158 
f 4118/1/4118 4161/1/4161 4163/1/4163 
f 4163/1/4163 4121/1/4121 4118/1/4118 
f 4164/1/4164 4163/1/4163 4161/1/4161 
f 4161/1/4161 4160/1/4160 4164/1/4164 
f 4165/1/4165 4166/1/4166 4163/1/4163 
f 4163/1/4163 4164/1/4164 4165/1/4165 
f 4121/1/4121 4163/1/4163 4166/1/4166 
f 4166/1/4166 4122/1/4122 4121/1/4121 
f 4125/1/4125 4167/1/4167 4168/1/4168 
f 4168/1/4168 4126/1/4126 4125/1/4125 
f 4122/1/4122 4166/1/4166 4167/1/4167 
f 4167/1/4167 4125/1/4125 4122/1/4122 
f 4169/1/4169 4167/1/4167 4166/1/4166 
f 4166/1/4166 4165/1/4165 4169/1/4169 
f 4170/1/4170 4168/1/4168 4167/1/4167 
f 4167/1/4167 4169/1/4169 4170/1/4170 
f 4171/1/4171 4172/1/4172 4173/1/4173 
f 4173/1/4173 4174/1/4174 4171/1/4171 
f 4130/1/4130 4173/1/4173 4172/1/4172 
f 4172/1/4172 4131/1/4131 4130/1/4130 
f 4126/1/4126 4168/1/4168 4173/1/4173 
f 4173/1/4173 4130/1/4130 4126/1/4126 
f 4174/1/4174 4173/1/4173 4168/1/4168 
f 4168/1/4168 4170/1/4170 4174/1/4174 
f 4175/1/4175 4176/1/4176 4177/1/4177 
f 4177/1/4177 4178/1/4178 4175/1/4175 
f 4135/1/4135 4177/1/4177 4176/1/4176 
f 4176/1/4176 4132/1/4132 4135/1/4135 
f 4131/1/4131 4172/1/4172 4177/1/4177 
f 4177/1/4177 4135/1/4135 4131/1/4131 
f 4178/1/4178 4177/1/4177 4172/1/4172 
f 4172/1/4172 4171/1/4171 4178/1/4178 
f 4179/1/4179 4180/1/4180 4181/1/4181 
f 4181/1/4181 4182/1/4182 4179/1/4179 
f 4138/1/4138 4181/1/4181 4180/1/4180 
f 4180/1/4180 4139/1/4139 4138/1/4138 
f 4132/1/4132 4176/1/4176 4181/1/4181 
f 4181/1/4181 4138/1/4138 4132/1/4132 
f 4182/1/4182 4181/1/4181 4176/1/4176 
f 4176/1/4176 4175/1/4175 4182/1/4182 
f 4183/1/4183 4184/1/4184 4185/1/4185 
f 4186/1/4186 4183/1/4183 4187/1/4187 
f 4187/1/4187 4093/1/4093 4186/1/4186 
f 4144/1/4144 4188/1/4188 4183/1/4183 
f 4183/1/4183 4186/1/4186 4144/1/4144 
f 4184/1/4184 4183/1/4183 4188/1/4188 
f 4188/1/4188 4189/1/4189 4184/1/4184 
f 4107/1/4107 4105/1/4105 4190/1/4190 
f 4190/1/4190 4147/1/4147 4107/1/4107 
f 4191/1/4191 4190/1/4190 4105/1/4105 
f 4105/1/4105 4104/1/4104 4191/1/4191 
f 4189/1/4189 4188/1/4188 4190/1/4190 
f 4190/1/4190 4191/1/4191 4189/1/4189 
f 4147/1/4147 4190/1/4190 4188/1/4188 
f 4188/1/4188 4144/1/4144 4147/1/4147 
f 4093/1/4093 4089/1/4089 4192/1/4192 
f 4192/1/4192 4186/1/4186 4093/1/4093 
f 4150/1/4150 4192/1/4192 4089/1/4089 
f 4089/1/4089 4088/1/4088 4150/1/4150 
f 4148/1/4148 4145/1/4145 4192/1/4192 
f 4192/1/4192 4150/1/4150 4148/1/4148 
f 4186/1/4186 4192/1/4192 4145/1/4145 
f 4145/1/4145 4144/1/4144 4186/1/4186 
f 3416/1/3416 3413/1/3413 4193/1/4193 
f 4193/1/4193 4194/1/4194 3416/1/3416 
f 3410/1/3410 4193/1/4193 3413/1/3413 
f 3413/1/3413 3411/1/3411 3410/1/3410 
f 3039/1/3039 4195/1/4195 4193/1/4193 
f 4193/1/4193 3410/1/3410 3039/1/3039 
f 4194/1/4194 4193/1/4193 4195/1/4195 
f 4195/1/4195 4196/1/4196 4194/1/4194 
f 4195/1/4195 4197/1/4197 4198/1/4198 
f 4198/1/4198 4196/1/4196 4195/1/4195 
f 3042/1/3042 4197/1/4197 4195/1/4195 
f 4195/1/4195 3039/1/3039 3042/1/3042 
f 3044/1/3044 3075/1/3075 4197/1/4197 
f 4197/1/4197 3042/1/3042 3044/1/3044 
f 4198/1/4198 4197/1/4197 3075/1/3075 
f 3075/1/3075 3074/1/3074 4198/1/4198 
f 4199/1/4199 3607/1/3607 3606/1/3606 
f 3415/1/3415 4200/1/4200 3606/1/3606 
f 3606/1/3606 3417/1/3417 3415/1/3415 
f 3416/1/3416 4201/1/4201 4200/1/4200 
f 4200/1/4200 3415/1/3415 3416/1/3416 
f 4202/1/4202 4199/1/4199 4200/1/4200 
f 4200/1/4200 4201/1/4201 4202/1/4202 
f 4203/1/4203 4204/1/4204 4205/1/4205 
f 4205/1/4205 4196/1/4196 4198/1/4198 
f 3074/1/3074 3622/1/3622 4206/1/4206 
f 4206/1/4206 4198/1/4198 3074/1/3074 
f 3622/1/3622 3621/1/3621 4203/1/4203 
f 4207/1/4207 4208/1/4208 4209/1/4209 
f 4209/1/4209 4210/1/4210 4207/1/4207 
f 4208/1/4208 4202/1/4202 4201/1/4201 
f 3416/1/3416 4194/1/4194 4209/1/4209 
f 4209/1/4209 4201/1/4201 3416/1/3416 
f 4210/1/4210 4209/1/4209 4194/1/4194 
f 4194/1/4194 4196/1/4196 4210/1/4210 
f 4210/1/4210 4211/1/4211 4212/1/4212 
f 4212/1/4212 4207/1/4207 4210/1/4210 
f 4196/1/4196 4205/1/4205 4211/1/4211 
f 4211/1/4211 4210/1/4210 4196/1/4196 
f 4204/1/4204 4212/1/4212 4211/1/4211 
f 4211/1/4211 4205/1/4205 4204/1/4204 
f 3607/1/3607 4199/1/4199 4213/1/4213 
f 4213/1/4213 3614/1/3614 3607/1/3607 
f 4199/1/4199 4202/1/4202 4214/1/4214 
f 4215/1/4215 4216/1/4216 4213/1/4213 
f 4213/1/4213 4214/1/4214 4215/1/4215 
f 3614/1/3614 4213/1/4213 4216/1/4216 
f 4216/1/4216 3612/1/3612 3614/1/3614 
f 4204/1/4204 4203/1/4203 4217/1/4217 
f 4217/1/4217 4218/1/4218 4204/1/4204 
f 3634/1/3634 4217/1/4217 4203/1/4203 
f 4203/1/4203 3621/1/3621 3634/1/3634 
f 3627/1/3627 4219/1/4219 4217/1/4217 
f 4217/1/4217 3634/1/3634 3627/1/3627 
f 4218/1/4218 4217/1/4217 4219/1/4219 
f 4219/1/4219 4220/1/4220 4218/1/4218 
f 4221/1/4221 4222/1/4222 4223/1/4223 
f 4223/1/4223 4224/1/4224 4221/1/4221 
f 4214/1/4214 4223/1/4223 4222/1/4222 
f 4222/1/4222 4215/1/4215 4214/1/4214 
f 4202/1/4202 4208/1/4208 4223/1/4223 
f 4223/1/4223 4214/1/4214 4202/1/4202 
f 4224/1/4224 4223/1/4223 4208/1/4208 
f 4208/1/4208 4207/1/4207 4224/1/4224 
f 4207/1/4207 4212/1/4212 4225/1/4225 
f 4225/1/4225 4224/1/4224 4207/1/4207 
f 4218/1/4218 4225/1/4225 4212/1/4212 
f 4212/1/4212 4204/1/4204 4218/1/4218 
f 4220/1/4220 4226/1/4226 4225/1/4225 
f 4225/1/4225 4218/1/4218 4220/1/4220 
f 4224/1/4224 4225/1/4225 4226/1/4226 
f 4226/1/4226 4221/1/4221 4224/1/4224 
f 4219/1/4219 3627/1/3627 3625/1/3625 
f 3625/1/3625 4227/1/4227 4219/1/4219 
f 4228/1/4228 4227/1/4227 3625/1/3625 
f 3625/1/3625 3618/1/3618 4228/1/4228 
f 4229/1/4229 4227/1/4227 4228/1/4228 
f 4228/1/4228 4230/1/4230 4229/1/4229 
f 4220/1/4220 4219/1/4219 4227/1/4227 
f 4227/1/4227 4229/1/4229 4220/1/4220 
f 4231/1/4231 4232/1/4232 4233/1/4233 
f 4233/1/4233 4234/1/4234 4231/1/4231 
f 3610/1/3610 4233/1/4233 4232/1/4232 
f 4232/1/4232 3604/1/3604 3610/1/3610 
f 3612/1/3612 4216/1/4216 4233/1/4233 
f 4233/1/4233 3610/1/3610 3612/1/3612 
f 4234/1/4234 4233/1/4233 4216/1/4216 
f 4216/1/4216 4215/1/4215 4234/1/4234 
f 4235/1/4235 4236/1/4236 4237/1/4237 
f 4237/1/4237 4238/1/4238 4235/1/4235 
f 4234/1/4234 4237/1/4237 4236/1/4236 
f 4236/1/4236 4231/1/4231 4234/1/4234 
f 4215/1/4215 4222/1/4222 4237/1/4237 
f 4237/1/4237 4234/1/4234 4215/1/4215 
f 4238/1/4238 4237/1/4237 4222/1/4222 
f 4222/1/4222 4221/1/4221 4238/1/4238 
f 4230/1/4230 4239/1/4239 4240/1/4240 
f 4240/1/4240 4229/1/4229 4230/1/4230 
f 4238/1/4238 4240/1/4240 4239/1/4239 
f 4239/1/4239 4235/1/4235 4238/1/4238 
f 4221/1/4221 4226/1/4226 4240/1/4240 
f 4240/1/4240 4238/1/4238 4221/1/4221 
f 4229/1/4229 4240/1/4240 4226/1/4226 
f 4226/1/4226 4220/1/4220 4229/1/4229 
f 3458/1/3458 3602/1/3602 4241/1/4241 
f 4241/1/4241 4242/1/4242 3458/1/3458 
f 3602/1/3602 3604/1/3604 4232/1/4232 
f 4231/1/4231 4243/1/4243 4241/1/4241 
f 4241/1/4241 4232/1/4232 4231/1/4231 
f 4242/1/4242 4241/1/4241 4243/1/4243 
f 4243/1/4243 4244/1/4244 4242/1/4242 
f 4244/1/4244 4245/1/4245 4246/1/4246 
f 4246/1/4246 4242/1/4242 4244/1/4244 
f 3455/1/3455 3459/1/3459 4246/1/4246 
f 4246/1/4246 4245/1/4245 3455/1/3455 
f 4242/1/4242 4246/1/4246 3459/1/3459 
f 3459/1/3459 3458/1/3458 4242/1/4242 
f 4230/1/4230 4228/1/4228 4247/1/4247 
f 4247/1/4247 4248/1/4248 4230/1/4230 
f 4247/1/4247 4228/1/4228 3618/1/3618 
f 4249/1/4249 4247/1/4247 3617/1/3617 
f 3617/1/3617 3364/1/3364 4249/1/4249 
f 4248/1/4248 4247/1/4247 4249/1/4249 
f 4249/1/4249 4250/1/4250 4248/1/4248 
f 4251/1/4251 4252/1/4252 4253/1/4253 
f 4253/1/4253 4254/1/4254 4251/1/4251 
f 4243/1/4243 4253/1/4253 4252/1/4252 
f 4252/1/4252 4244/1/4244 4243/1/4243 
f 4231/1/4231 4236/1/4236 4253/1/4253 
f 4253/1/4253 4243/1/4243 4231/1/4231 
f 4254/1/4254 4253/1/4253 4236/1/4236 
f 4236/1/4236 4235/1/4235 4254/1/4254 
f 4235/1/4235 4239/1/4239 4255/1/4255 
f 4255/1/4255 4254/1/4254 4235/1/4235 
f 4248/1/4248 4255/1/4255 4239/1/4239 
f 4239/1/4239 4230/1/4230 4248/1/4248 
f 4250/1/4250 4256/1/4256 4255/1/4255 
f 4255/1/4255 4248/1/4248 4250/1/4250 
f 4256/1/4256 4251/1/4251 4254/1/4254 
f 3455/1/3455 4245/1/4245 4257/1/4257 
f 4257/1/4257 3456/1/3456 3455/1/3455 
f 4258/1/4258 4257/1/4257 4245/1/4245 
f 4245/1/4245 4244/1/4244 4258/1/4258 
f 4259/1/4259 4260/1/4260 4257/1/4257 
f 4257/1/4257 4258/1/4258 4259/1/4259 
f 3456/1/3456 4257/1/4257 4260/1/4260 
f 4260/1/4260 3457/1/3457 3456/1/3456 
f 4261/1/4261 4262/1/4262 4263/1/4263 
f 4263/1/4263 4264/1/4264 4261/1/4261 
f 4249/1/4249 4263/1/4263 4262/1/4262 
f 4262/1/4262 4250/1/4250 4249/1/4249 
f 3364/1/3364 3360/1/3360 4263/1/4263 
f 4263/1/4263 4249/1/4249 3364/1/3364 
f 4264/1/4264 4263/1/4263 3360/1/3360 
f 3360/1/3360 3359/1/3359 4264/1/4264 
f 4259/1/4259 4258/1/4258 4265/1/4265 
f 4265/1/4265 4266/1/4266 4259/1/4259 
f 4252/1/4252 4265/1/4265 4258/1/4258 
f 4258/1/4258 4244/1/4244 4252/1/4252 
f 4252/1/4252 4251/1/4251 4267/1/4267 
f 4267/1/4267 4265/1/4265 4252/1/4252 
f 4266/1/4266 4265/1/4265 4267/1/4267 
f 4267/1/4267 4268/1/4268 4266/1/4266 
f 4251/1/4251 4256/1/4256 4269/1/4269 
f 4269/1/4269 4267/1/4267 4251/1/4251 
f 4256/1/4256 4250/1/4250 4262/1/4262 
f 4262/1/4262 4269/1/4269 4256/1/4256 
f 4270/1/4270 4269/1/4269 4262/1/4262 
f 4262/1/4262 4261/1/4261 4270/1/4270 
f 4267/1/4267 4269/1/4269 4270/1/4270 
f 4270/1/4270 4268/1/4268 4267/1/4267 
f 4271/1/4271 4272/1/4272 4273/1/4273 
f 4273/1/4273 4274/1/4274 4271/1/4271 
f 3453/1/3453 4272/1/4272 4271/1/4271 
f 4271/1/4271 3450/1/3450 3453/1/3453 
f 3457/1/3457 4275/1/4275 4272/1/4272 
f 4272/1/4272 3453/1/3453 3457/1/3457 
f 4276/1/4276 4273/1/4273 4272/1/4272 
f 4272/1/4272 4275/1/4275 4276/1/4276 
f 4277/1/4277 4278/1/4278 4279/1/4279 
f 4279/1/4279 4280/1/4280 4277/1/4277 
f 4264/1/4264 4279/1/4279 4278/1/4278 
f 4278/1/4278 4261/1/4261 4264/1/4264 
f 3359/1/3359 3989/1/3989 4279/1/4279 
f 4279/1/4279 4264/1/4264 3359/1/3359 
f 4280/1/4280 4279/1/4279 3989/1/3989 
f 3989/1/3989 3988/1/3988 4280/1/4280 
f 3457/1/3457 4260/1/4260 4281/1/4281 
f 4281/1/4281 4275/1/4275 3457/1/3457 
f 4259/1/4259 4282/1/4282 4281/1/4281 
f 4281/1/4281 4260/1/4260 4259/1/4259 
f 4275/1/4275 4281/1/4281 4282/1/4282 
f 4282/1/4282 4276/1/4276 4275/1/4275 
f 4283/1/4283 4284/1/4284 4274/1/4274 
f 4285/1/4285 4283/1/4283 4273/1/4273 
f 4273/1/4273 4276/1/4276 4285/1/4285 
f 4286/1/4286 4287/1/4287 4283/1/4283 
f 4283/1/4283 4285/1/4285 4286/1/4286 
f 4284/1/4284 4283/1/4283 4287/1/4287 
f 4287/1/4287 4185/1/4185 4284/1/4284 
f 4189/1/4189 4288/1/4288 4289/1/4289 
f 4289/1/4289 4184/1/4184 4189/1/4189 
f 4288/1/4288 4274/1/4274 4284/1/4284 
f 4284/1/4284 4185/1/4185 4184/1/4184 
f 4184/1/4184 4289/1/4289 4284/1/4284 
f 4280/1/4280 4290/1/4290 4291/1/4291 
f 4291/1/4291 4277/1/4277 4280/1/4280 
f 3988/1/3988 4036/1/4036 4290/1/4290 
f 4290/1/4290 4280/1/4280 3988/1/3988 
f 4037/1/4037 4292/1/4292 4290/1/4290 
f 4290/1/4290 4036/1/4036 4037/1/4037 
f 4291/1/4291 4290/1/4290 4292/1/4292 
f 4292/1/4292 4185/1/4185 4291/1/4291 
f 4293/1/4293 4294/1/4294 4287/1/4287 
f 4287/1/4287 4286/1/4286 4293/1/4293 
f 4277/1/4277 4291/1/4291 4294/1/4294 
f 4294/1/4294 4293/1/4293 4277/1/4277 
f 4287/1/4287 4294/1/4294 4291/1/4291 
f 4291/1/4291 4185/1/4185 4287/1/4287 
f 4037/1/4037 4071/1/4071 4295/1/4295 
f 4295/1/4295 4292/1/4292 4037/1/4037 
f 4092/1/4092 4295/1/4295 4071/1/4071 
f 4071/1/4071 4075/1/4075 4092/1/4092 
f 4093/1/4093 4187/1/4187 4295/1/4295 
f 4295/1/4295 4092/1/4092 4093/1/4093 
f 4187/1/4187 4185/1/4185 4292/1/4292 
f 4261/1/4261 4278/1/4278 4296/1/4296 
f 4296/1/4296 4270/1/4270 4261/1/4261 
f 4293/1/4293 4296/1/4296 4278/1/4278 
f 4278/1/4278 4277/1/4277 4293/1/4293 
f 4286/1/4286 4297/1/4297 4296/1/4296 
f 4296/1/4296 4293/1/4293 4286/1/4286 
f 4270/1/4270 4296/1/4296 4297/1/4297 
f 4297/1/4297 4268/1/4268 4270/1/4270 
f 4276/1/4276 4282/1/4282 4298/1/4298 
f 4298/1/4298 4285/1/4285 4276/1/4276 
f 4266/1/4266 4298/1/4298 4282/1/4282 
f 4282/1/4282 4259/1/4259 4266/1/4266 
f 4268/1/4268 4297/1/4297 4298/1/4298 
f 4298/1/4298 4266/1/4266 4268/1/4268 
f 4285/1/4285 4298/1/4298 4297/1/4297 
f 4297/1/4297 4286/1/4286 4285/1/4285 
f 4299/1/4299 4300/1/4300 4274/1/4274 
f 4191/1/4191 4299/1/4299 4288/1/4288 
f 4288/1/4288 4189/1/4189 4191/1/4191 
f 4104/1/4104 4301/1/4301 4299/1/4299 
f 4299/1/4299 4191/1/4191 4104/1/4104 
f 4300/1/4300 4299/1/4299 4301/1/4301 
f 4301/1/4301 4302/1/4302 4300/1/4300 
f 1312/1/1312 4303/1/4303 4304/1/4304 
f 4304/1/4304 1313/1/1313 1312/1/1312 
f 4301/1/4301 4304/1/4304 4303/1/4303 
f 4303/1/4303 4302/1/4302 4301/1/4301 
f 4102/1/4102 4304/1/4304 4301/1/4301 
f 4301/1/4301 4104/1/4104 4102/1/4102 
f 1313/1/1313 4304/1/4304 4102/1/4102 
f 4102/1/4102 1089/1/1089 1313/1/1313 
f 4305/1/4305 4306/1/4306 4307/1/4307 
f 4307/1/4307 4308/1/4308 4305/1/4305 
f 3423/1/3423 3426/1/3426 4306/1/4306 
f 4306/1/4306 4305/1/4305 3423/1/3423 
f 3431/1/3431 4309/1/4309 4306/1/4306 
f 4306/1/4306 3426/1/3426 3431/1/3431 
f 4307/1/4307 4306/1/4306 4309/1/4309 
f 4309/1/4309 4310/1/4310 4307/1/4307 
f 4310/1/4310 4309/1/4309 4311/1/4311 
f 4311/1/4311 4312/1/4312 4310/1/4310 
f 3433/1/3433 4311/1/4311 4309/1/4309 
f 4309/1/4309 3431/1/3431 3433/1/3433 
f 3437/1/3437 4313/1/4313 4311/1/4311 
f 4311/1/4311 3433/1/3433 3437/1/3437 
f 4312/1/4312 4311/1/4311 4313/1/4313 
f 4313/1/4313 4314/1/4314 4312/1/4312 
f 4314/1/4314 4313/1/4313 4315/1/4315 
f 4315/1/4315 4316/1/4316 4314/1/4314 
f 3442/1/3442 4315/1/4315 4313/1/4313 
f 4313/1/4313 3437/1/3437 3442/1/3442 
f 3443/1/3443 4317/1/4317 4315/1/4315 
f 4315/1/4315 3442/1/3442 3443/1/3443 
f 4316/1/4316 4315/1/4315 4317/1/4317 
f 4317/1/4317 4318/1/4318 4316/1/4316 
f 4318/1/4318 4317/1/4317 4319/1/4319 
f 4319/1/4319 4320/1/4320 4318/1/4318 
f 3445/1/3445 4319/1/4319 4317/1/4317 
f 4317/1/4317 3443/1/3443 3445/1/3445 
f 3449/1/3449 3451/1/3451 4319/1/4319 
f 4319/1/4319 3445/1/3445 3449/1/3449 
f 4320/1/4320 4319/1/4319 3451/1/3451 
f 3451/1/3451 3450/1/3450 4320/1/4320 
f 3450/1/3450 4271/1/4271 4321/1/4321 
f 4321/1/4321 4320/1/4320 3450/1/3450 
f 4300/1/4300 4321/1/4321 4271/1/4271 
f 4271/1/4271 4274/1/4274 4300/1/4300 
f 4302/1/4302 4322/1/4322 4321/1/4321 
f 4321/1/4321 4300/1/4300 4302/1/4302 
f 4320/1/4320 4321/1/4321 4322/1/4322 
f 4322/1/4322 4318/1/4318 4320/1/4320 
f 4323/1/4323 4324/1/4324 4325/1/4325 
f 4325/1/4325 4326/1/4326 4323/1/4323 
f 4316/1/4316 4325/1/4325 4324/1/4324 
f 4324/1/4324 4314/1/4314 4316/1/4316 
f 4325/1/4325 4316/1/4316 4318/1/4318 
f 4326/1/4326 4325/1/4325 4327/1/4327 
f 4327/1/4327 4328/1/4328 4326/1/4326 
f 4322/1/4322 4329/1/4329 4327/1/4327 
f 4327/1/4327 4318/1/4318 4322/1/4322 
f 4330/1/4330 4329/1/4329 4322/1/4322 
f 4322/1/4322 4302/1/4302 4330/1/4330 
f 4328/1/4328 4327/1/4327 4329/1/4329 
f 4329/1/4329 4330/1/4330 4328/1/4328 
f 4331/1/4331 4330/1/4330 4302/1/4302 
f 4303/1/4303 1312/1/1312 1341/1/1341 
f 1340/1/1340 4332/1/4332 4331/1/4331 
f 4331/1/4331 1341/1/1341 1340/1/1340 
f 4330/1/4330 4331/1/4331 4332/1/4332 
f 4332/1/4332 4328/1/4328 4330/1/4330 
f 4328/1/4328 4332/1/4332 4333/1/4333 
f 4333/1/4333 4326/1/4326 4328/1/4328 
f 4332/1/4332 1340/1/1340 1347/1/1347 
f 1346/1/1346 4334/1/4334 4333/1/4333 
f 4333/1/4333 1347/1/1347 1346/1/1346 
f 4326/1/4326 4333/1/4333 4334/1/4334 
f 4334/1/4334 4323/1/4323 4326/1/4326 
f 4335/1/4335 4336/1/4336 4337/1/4337 
f 4337/1/4337 4338/1/4338 4335/1/4335 
f 3891/1/3891 4337/1/4337 4336/1/4336 
f 4336/1/4336 3892/1/3892 3891/1/3891 
f 874/1/874 1352/1/1352 4337/1/4337 
f 4337/1/4337 3891/1/3891 874/1/874 
f 4338/1/4338 4337/1/4337 1352/1/1352 
f 1352/1/1352 1353/1/1353 4338/1/4338 
f 4339/1/4339 4340/1/4340 4341/1/4341 
f 4341/1/4341 4342/1/4342 4339/1/4339 
f 3957/1/3957 4341/1/4341 4340/1/4340 
f 4340/1/4340 3958/1/3958 3957/1/3957 
f 3892/1/3892 4336/1/4336 4341/1/4341 
f 4341/1/4341 3957/1/3957 3892/1/3892 
f 4342/1/4342 4341/1/4341 4336/1/4336 
f 4336/1/4336 4335/1/4335 4342/1/4342 
f 3958/1/3958 4340/1/4340 4343/1/4343 
f 4343/1/4343 3966/1/3966 3958/1/3958 
f 4344/1/4344 4343/1/4343 4340/1/4340 
f 4340/1/4340 4339/1/4339 4344/1/4344 
f 4345/1/4345 4346/1/4346 4343/1/4343 
f 4343/1/4343 4344/1/4344 4345/1/4345 
f 3966/1/3966 4343/1/4343 4346/1/4346 
f 4346/1/4346 3967/1/3967 3966/1/3966 
f 3967/1/3967 4346/1/4346 4347/1/4347 
f 4347/1/4347 3968/1/3968 3967/1/3967 
f 4346/1/4346 4345/1/4345 4348/1/4348 
f 4349/1/4349 4350/1/4350 4347/1/4347 
f 4347/1/4347 4348/1/4348 4349/1/4349 
f 3968/1/3968 4347/1/4347 4350/1/4350 
f 4350/1/4350 3969/1/3969 3968/1/3968 
f 3969/1/3969 4350/1/4350 4351/1/4351 
f 4351/1/4351 3983/1/3983 3969/1/3969 
f 4352/1/4352 4351/1/4351 4350/1/4350 
f 4350/1/4350 4349/1/4349 4352/1/4352 
f 4353/1/4353 4354/1/4354 4351/1/4351 
f 4351/1/4351 4352/1/4352 4353/1/4353 
f 3983/1/3983 4351/1/4351 4354/1/4354 
f 4354/1/4354 3980/1/3980 3983/1/3983 
f 4355/1/4355 4356/1/4356 4357/1/4357 
f 3987/1/3987 4355/1/4355 4358/1/4358 
f 4358/1/4358 3979/1/3979 3987/1/3987 
f 3980/1/3980 4354/1/4354 4355/1/4355 
f 4355/1/4355 3987/1/3987 3980/1/3980 
f 4356/1/4356 4355/1/4355 4354/1/4354 
f 4354/1/4354 4353/1/4353 4356/1/4356 
f 4358/1/4358 4359/1/4359 3977/1/3977 
f 3977/1/3977 3979/1/3979 4358/1/4358 
f 4360/1/4360 4359/1/4359 4358/1/4358 
f 4358/1/4358 4357/1/4357 4360/1/4360 
f 4361/1/4361 4362/1/4362 4359/1/4359 
f 4359/1/4359 4360/1/4360 4361/1/4361 
f 3860/1/3860 3977/1/3977 4359/1/4359 
f 4359/1/4359 4362/1/4362 3860/1/3860 
f 3864/1/3864 3861/1/3861 4363/1/4363 
f 4363/1/4363 4364/1/4364 3864/1/3864 
f 4362/1/4362 4363/1/4363 3861/1/3861 
f 3861/1/3861 3860/1/3860 4362/1/4362 
f 4361/1/4361 4365/1/4365 4363/1/4363 
f 4363/1/4363 4362/1/4362 4361/1/4361 
f 4364/1/4364 4363/1/4363 4365/1/4365 
f 4365/1/4365 4366/1/4366 4364/1/4364 
f 3872/1/3872 3871/1/3871 4367/1/4367 
f 4367/1/4367 4368/1/4368 3872/1/3872 
f 4364/1/4364 4367/1/4367 3871/1/3871 
f 3871/1/3871 3864/1/3864 4364/1/4364 
f 4366/1/4366 4369/1/4369 4367/1/4367 
f 4367/1/4367 4364/1/4364 4366/1/4366 
f 4368/1/4368 4367/1/4367 4369/1/4369 
f 4369/1/4369 4370/1/4370 4368/1/4368 
f 3872/1/3872 4368/1/4368 4371/1/4371 
f 4371/1/4371 3880/1/3880 3872/1/3872 
f 4370/1/4370 4372/1/4372 4371/1/4371 
f 4371/1/4371 4368/1/4368 4370/1/4370 
f 4373/1/4373 4371/1/4371 4372/1/4372 
f 4372/1/4372 4374/1/4374 4373/1/4373 
f 3880/1/3880 4371/1/4371 4373/1/4373 
f 4373/1/4373 3877/1/3877 3880/1/3880 
f 3885/1/3885 3888/1/3888 4375/1/4375 
f 4375/1/4375 4376/1/4376 3885/1/3885 
f 4375/1/4375 3888/1/3888 3877/1/3877 
f 3877/1/3877 4373/1/4373 4375/1/4375 
f 4374/1/4374 4377/1/4377 4375/1/4375 
f 4375/1/4375 4373/1/4373 4374/1/4374 
f 4376/1/4376 4375/1/4375 4377/1/4377 
f 4377/1/4377 4378/1/4378 4376/1/4376 
f 4349/1/4349 4379/1/4379 4380/1/4380 
f 4380/1/4380 4352/1/4352 4349/1/4349 
f 4381/1/4381 4380/1/4380 4379/1/4379 
f 4379/1/4379 4382/1/4382 4381/1/4381 
f 4383/1/4383 4384/1/4384 4380/1/4380 
f 4380/1/4380 4381/1/4381 4383/1/4383 
f 4352/1/4352 4380/1/4380 4384/1/4384 
f 4384/1/4384 4353/1/4353 4352/1/4352 
f 4353/1/4353 4384/1/4384 4385/1/4385 
f 4385/1/4385 4356/1/4356 4353/1/4353 
f 4386/1/4386 4385/1/4385 4384/1/4384 
f 4384/1/4384 4383/1/4383 4386/1/4386 
f 4387/1/4387 4388/1/4388 4385/1/4385 
f 4385/1/4385 4386/1/4386 4387/1/4387 
f 4356/1/4356 4385/1/4385 4388/1/4388 
f 4388/1/4388 4357/1/4357 4356/1/4356 
f 4357/1/4357 4388/1/4388 4389/1/4389 
f 4389/1/4389 4360/1/4360 4357/1/4357 
f 4390/1/4390 4389/1/4389 4388/1/4388 
f 4388/1/4388 4387/1/4387 4390/1/4390 
f 4391/1/4391 4392/1/4392 4389/1/4389 
f 4389/1/4389 4390/1/4390 4391/1/4391 
f 4360/1/4360 4389/1/4389 4392/1/4392 
f 4392/1/4392 4361/1/4361 4360/1/4360 
f 4393/1/4393 4394/1/4394 4392/1/4392 
f 4392/1/4392 4391/1/4391 4393/1/4393 
f 4395/1/4395 4394/1/4394 4393/1/4393 
f 4393/1/4393 4396/1/4396 4395/1/4395 
f 4366/1/4366 4365/1/4365 4394/1/4394 
f 4394/1/4394 4395/1/4395 4366/1/4366 
f 4361/1/4361 4392/1/4392 4394/1/4394 
f 4394/1/4394 4365/1/4365 4361/1/4361 
f 4370/1/4370 4369/1/4369 4397/1/4397 
f 4397/1/4397 4398/1/4398 4370/1/4370 
f 4395/1/4395 4397/1/4397 4369/1/4369 
f 4369/1/4369 4366/1/4366 4395/1/4395 
f 4396/1/4396 4399/1/4399 4397/1/4397 
f 4397/1/4397 4395/1/4395 4396/1/4396 
f 4398/1/4398 4397/1/4397 4399/1/4399 
f 4399/1/4399 4400/1/4400 4398/1/4398 
f 4374/1/4374 4372/1/4372 4401/1/4401 
f 4401/1/4401 4402/1/4402 4374/1/4374 
f 4398/1/4398 4401/1/4401 4372/1/4372 
f 4372/1/4372 4370/1/4370 4398/1/4398 
f 4400/1/4400 4403/1/4403 4401/1/4401 
f 4401/1/4401 4398/1/4398 4400/1/4400 
f 4403/1/4403 4404/1/4404 4402/1/4402 
f 4378/1/4378 4377/1/4377 4405/1/4405 
f 4405/1/4405 4406/1/4406 4378/1/4378 
f 4402/1/4402 4405/1/4405 4377/1/4377 
f 4377/1/4377 4374/1/4374 4402/1/4402 
f 4404/1/4404 4407/1/4407 4405/1/4405 
f 4405/1/4405 4402/1/4402 4404/1/4404 
f 4406/1/4406 4405/1/4405 4407/1/4407 
f 4407/1/4407 4408/1/4408 4406/1/4406 
f 3796/1/3796 3812/1/3812 4409/1/4409 
f 4409/1/4409 3794/1/3794 3796/1/3796 
f 4410/1/4410 4409/1/4409 3812/1/3812 
f 3812/1/3812 3816/1/3816 4410/1/4410 
f 4411/1/4411 4412/1/4412 4409/1/4409 
f 4409/1/4409 4410/1/4410 4411/1/4411 
f 3794/1/3794 4409/1/4409 4412/1/4412 
f 4412/1/4412 3792/1/3792 3794/1/3794 
f 3814/1/3814 3822/1/3822 4413/1/4413 
f 4413/1/4413 4414/1/4414 3814/1/3814 
f 4415/1/4415 4413/1/4413 3822/1/3822 
f 3822/1/3822 3821/1/3821 4415/1/4415 
f 4416/1/4416 4417/1/4417 4413/1/4413 
f 4413/1/4413 4415/1/4415 4416/1/4416 
f 4414/1/4414 4413/1/4413 4417/1/4417 
f 4417/1/4417 4418/1/4418 4414/1/4414 
f 4419/1/4419 4420/1/4420 4421/1/4421 
f 4421/1/4421 4422/1/4422 4419/1/4419 
f 3815/1/3815 4421/1/4421 4420/1/4420 
f 4420/1/4420 3816/1/3816 3815/1/3815 
f 4414/1/4414 4421/1/4421 3815/1/3815 
f 3815/1/3815 3814/1/3814 4414/1/4414 
f 4414/1/4414 4418/1/4418 4422/1/4422 
f 4422/1/4422 4421/1/4421 4414/1/4414 
f 4423/1/4423 3788/1/3788 3790/1/3790 
f 3792/1/3792 4412/1/4412 4424/1/4424 
f 4424/1/4424 3790/1/3790 3792/1/3792 
f 4425/1/4425 4424/1/4424 4412/1/4412 
f 4412/1/4412 4411/1/4411 4425/1/4425 
f 4426/1/4426 4423/1/4423 4424/1/4424 
f 4427/1/4427 4428/1/4428 4429/1/4429 
f 4429/1/4429 4430/1/4430 4427/1/4427 
f 4410/1/4410 4429/1/4429 4428/1/4428 
f 4428/1/4428 4411/1/4411 4410/1/4410 
f 3816/1/3816 4420/1/4420 4429/1/4429 
f 4429/1/4429 4410/1/4410 3816/1/3816 
f 4419/1/4419 4430/1/4430 4429/1/4429 
f 4429/1/4429 4420/1/4420 4419/1/4419 
f 4431/1/4431 4432/1/4432 4433/1/4433 
f 4433/1/4433 4434/1/4434 4431/1/4431 
f 4430/1/4430 4433/1/4433 4432/1/4432 
f 4432/1/4432 4427/1/4427 4430/1/4430 
f 4422/1/4422 4433/1/4433 4430/1/4430 
f 4430/1/4430 4419/1/4419 4422/1/4422 
f 4418/1/4418 4434/1/4434 4433/1/4433 
f 4433/1/4433 4422/1/4422 4418/1/4418 
f 4435/1/4435 4436/1/4436 4437/1/4437 
f 4437/1/4437 4438/1/4438 4435/1/4435 
f 4431/1/4431 4434/1/4434 4436/1/4436 
f 4436/1/4436 4435/1/4435 4431/1/4431 
f 4418/1/4418 4417/1/4417 4436/1/4436 
f 4436/1/4436 4434/1/4434 4418/1/4418 
f 4417/1/4417 4416/1/4416 4437/1/4437 
f 3820/1/3820 3848/1/3848 4439/1/4439 
f 4439/1/4439 4440/1/4440 3820/1/3820 
f 3848/1/3848 3845/1/3845 4441/1/4441 
f 4439/1/4439 4441/1/4441 4442/1/4442 
f 4440/1/4440 4439/1/4439 4443/1/4443 
f 4443/1/4443 4444/1/4444 4440/1/4440 
f 4445/1/4445 4446/1/4446 4442/1/4442 
f 4441/1/4441 3845/1/3845 3884/1/3884 
f 3883/1/3883 4447/1/4447 4445/1/4445 
f 4445/1/4445 3884/1/3884 3883/1/3883 
f 4447/1/4447 4448/1/4448 4446/1/4446 
f 3885/1/3885 4449/1/4449 4450/1/4450 
f 4450/1/4450 3886/1/3886 3885/1/3885 
f 4451/1/4451 4450/1/4450 4449/1/4449 
f 4449/1/4449 4452/1/4452 4451/1/4451 
f 4450/1/4450 4451/1/4451 4448/1/4448 
f 3886/1/3886 4450/1/4450 4447/1/4447 
f 4447/1/4447 3883/1/3883 3886/1/3886 
f 4452/1/4452 4449/1/4449 4453/1/4453 
f 4453/1/4453 4454/1/4454 4452/1/4452 
f 4376/1/4376 4453/1/4453 4449/1/4449 
f 4449/1/4449 3885/1/3885 4376/1/4376 
f 4378/1/4378 4455/1/4455 4453/1/4453 
f 4453/1/4453 4376/1/4376 4378/1/4378 
f 4454/1/4454 4453/1/4453 4455/1/4455 
f 4455/1/4455 4456/1/4456 4454/1/4454 
f 4455/1/4455 4378/1/4378 4406/1/4406 
f 4457/1/4457 4458/1/4458 4406/1/4406 
f 4406/1/4406 4408/1/4408 4457/1/4457 
f 4459/1/4459 4460/1/4460 4458/1/4458 
f 4458/1/4458 4457/1/4457 4459/1/4459 
f 4456/1/4456 4455/1/4455 4458/1/4458 
f 4458/1/4458 4460/1/4460 4456/1/4456 
f 4461/1/4461 4462/1/4462 4463/1/4463 
f 4463/1/4463 4464/1/4464 4461/1/4461 
f 4463/1/4463 4462/1/4462 4465/1/4465 
f 4456/1/4456 4460/1/4460 4463/1/4463 
f 4463/1/4463 4466/1/4466 4456/1/4456 
f 4464/1/4464 4463/1/4463 4460/1/4460 
f 4460/1/4460 4459/1/4459 4464/1/4464 
f 4467/1/4467 4466/1/4466 4465/1/4465 
f 4468/1/4468 4467/1/4467 4469/1/4469 
f 4469/1/4469 4470/1/4470 4468/1/4468 
f 4454/1/4454 4467/1/4467 4468/1/4468 
f 4468/1/4468 4452/1/4452 4454/1/4454 
f 4456/1/4456 4466/1/4466 4467/1/4467 
f 4467/1/4467 4454/1/4454 4456/1/4456 
f 4470/1/4470 4469/1/4469 4471/1/4471 
f 4471/1/4471 4472/1/4472 4470/1/4470 
f 4462/1/4462 4471/1/4471 4469/1/4469 
f 4469/1/4469 4465/1/4465 4462/1/4462 
f 4461/1/4461 4473/1/4473 4471/1/4471 
f 4471/1/4471 4462/1/4462 4461/1/4461 
f 4472/1/4472 4471/1/4471 4473/1/4473 
f 4473/1/4473 4474/1/4474 4472/1/4472 
f 4475/1/4475 4476/1/4476 4477/1/4477 
f 4477/1/4477 4478/1/4478 4475/1/4475 
f 4451/1/4451 4477/1/4477 4476/1/4476 
f 4476/1/4476 4448/1/4448 4451/1/4451 
f 4452/1/4452 4468/1/4468 4477/1/4477 
f 4477/1/4477 4451/1/4451 4452/1/4452 
f 4478/1/4478 4477/1/4477 4468/1/4468 
f 4468/1/4468 4470/1/4470 4478/1/4478 
f 4461/1/4461 4464/1/4464 4479/1/4479 
f 4479/1/4479 4480/1/4480 4461/1/4461 
f 4459/1/4459 4481/1/4481 4479/1/4479 
f 4479/1/4479 4464/1/4464 4459/1/4459 
f 4480/1/4480 4479/1/4479 4481/1/4481 
f 4481/1/4481 4482/1/4482 4480/1/4480 
f 4475/1/4475 4478/1/4478 4483/1/4483 
f 4483/1/4483 4484/1/4484 4475/1/4475 
f 4472/1/4472 4483/1/4483 4478/1/4478 
f 4478/1/4478 4470/1/4470 4472/1/4472 
f 4474/1/4474 4485/1/4485 4483/1/4483 
f 4483/1/4483 4472/1/4472 4474/1/4474 
f 4484/1/4484 4483/1/4483 4485/1/4485 
f 4485/1/4485 4486/1/4486 4484/1/4484 
f 4474/1/4474 4473/1/4473 4487/1/4487 
f 4487/1/4487 4485/1/4485 4474/1/4474 
f 4480/1/4480 4487/1/4487 4473/1/4473 
f 4473/1/4473 4461/1/4461 4480/1/4480 
f 4482/1/4482 4488/1/4488 4487/1/4487 
f 4487/1/4487 4480/1/4480 4482/1/4482 
f 4486/1/4486 4485/1/4485 4487/1/4487 
f 4487/1/4487 4488/1/4488 4486/1/4486 
f 3220/1/3220 3219/1/3219 4489/1/4489 
f 4489/1/4489 3239/1/3239 3220/1/3220 
f 4490/1/4490 4489/1/4489 3219/1/3219 
f 3219/1/3219 3099/1/3099 4490/1/4490 
f 4491/1/4491 4492/1/4492 4489/1/4489 
f 4489/1/4489 4490/1/4490 4491/1/4491 
f 3239/1/3239 4489/1/4489 4492/1/4492 
f 4492/1/4492 3240/1/3240 3239/1/3239 
f 3242/1/3242 3241/1/3241 4493/1/4493 
f 4493/1/4493 3249/1/3249 3242/1/3242 
f 4494/1/4494 4493/1/4493 3241/1/3241 
f 3241/1/3241 3240/1/3240 4494/1/4494 
f 4495/1/4495 4496/1/4496 4493/1/4493 
f 4493/1/4493 4494/1/4494 4495/1/4495 
f 3249/1/3249 4493/1/4493 4496/1/4496 
f 4496/1/4496 3250/1/3250 3249/1/3249 
f 4497/1/4497 4498/1/4498 4499/1/4499 
f 4499/1/4499 4500/1/4500 4497/1/4497 
f 3256/1/3256 4499/1/4499 4498/1/4498 
f 4498/1/4498 3253/1/3253 3256/1/3256 
f 3250/1/3250 4496/1/4496 4499/1/4499 
f 4499/1/4499 3256/1/3256 3250/1/3250 
f 4500/1/4500 4499/1/4499 4496/1/4496 
f 4496/1/4496 4495/1/4495 4500/1/4500 
f 4490/1/4490 4501/1/4501 4502/1/4502 
f 4502/1/4502 4491/1/4491 4490/1/4490 
f 4501/1/4501 4490/1/4490 3099/1/3099 
f 3099/1/3099 3102/1/3102 4501/1/4501 
f 3104/1/3104 4503/1/4503 4501/1/4501 
f 4501/1/4501 3102/1/3102 3104/1/3104 
f 4502/1/4502 4501/1/4501 4503/1/4503 
f 4503/1/4503 4504/1/4504 4502/1/4502 
f 3240/1/3240 4492/1/4492 4505/1/4505 
f 4505/1/4505 4494/1/4494 3240/1/3240 
f 4506/1/4506 4505/1/4505 4492/1/4492 
f 4492/1/4492 4491/1/4491 4506/1/4506 
f 4507/1/4507 4508/1/4508 4505/1/4505 
f 4505/1/4505 4506/1/4506 4507/1/4507 
f 4494/1/4494 4505/1/4505 4508/1/4508 
f 4508/1/4508 4495/1/4495 4494/1/4494 
f 4495/1/4495 4508/1/4508 4509/1/4509 
f 4509/1/4509 4500/1/4500 4495/1/4495 
f 4510/1/4510 4509/1/4509 4508/1/4508 
f 4508/1/4508 4507/1/4507 4510/1/4510 
f 4511/1/4511 4512/1/4512 4509/1/4509 
f 4509/1/4509 4510/1/4510 4511/1/4511 
f 4500/1/4500 4509/1/4509 4512/1/4512 
f 4512/1/4512 4497/1/4497 4500/1/4500 
f 4513/1/4513 4514/1/4514 4507/1/4507 
f 4502/1/4502 4513/1/4513 4506/1/4506 
f 4506/1/4506 4491/1/4491 4502/1/4502 
f 4504/1/4504 4515/1/4515 4513/1/4513 
f 4513/1/4513 4502/1/4502 4504/1/4504 
f 4514/1/4514 4513/1/4513 4515/1/4515 
f 4515/1/4515 4516/1/4516 4514/1/4514 
f 4504/1/4504 4503/1/4503 4517/1/4517 
f 4517/1/4517 4518/1/4518 4504/1/4504 
f 3139/1/3139 4517/1/4517 4503/1/4503 
f 4503/1/4503 3104/1/3104 3139/1/3139 
f 3140/1/3140 4519/1/4519 4517/1/4517 
f 4517/1/4517 3139/1/3139 3140/1/3140 
f 4518/1/4518 4517/1/4517 4519/1/4519 
f 4519/1/4519 4520/1/4520 4518/1/4518 
f 4511/1/4511 4510/1/4510 4521/1/4521 
f 4521/1/4521 4522/1/4522 4511/1/4511 
f 4514/1/4514 4521/1/4521 4510/1/4510 
f 4510/1/4510 4507/1/4507 4514/1/4514 
f 4516/1/4516 4523/1/4523 4521/1/4521 
f 4521/1/4521 4514/1/4514 4516/1/4516 
f 4522/1/4522 4521/1/4521 4523/1/4523 
f 4523/1/4523 4524/1/4524 4522/1/4522 
f 4520/1/4520 4519/1/4519 4525/1/4525 
f 4525/1/4525 4526/1/4526 4520/1/4520 
f 3748/1/3748 4525/1/4525 4519/1/4519 
f 4519/1/4519 3140/1/3140 3748/1/3748 
f 4527/1/4527 4525/1/4525 3748/1/3748 
f 3748/1/3748 3747/1/3747 4527/1/4527 
f 4526/1/4526 4525/1/4525 4527/1/4527 
f 4527/1/4527 4528/1/4528 4526/1/4526 
f 4516/1/4516 4515/1/4515 4529/1/4529 
f 4529/1/4529 4530/1/4530 4516/1/4516 
f 4515/1/4515 4504/1/4504 4518/1/4518 
f 4520/1/4520 4531/1/4531 4529/1/4529 
f 4529/1/4529 4518/1/4518 4520/1/4520 
f 4530/1/4530 4529/1/4529 4531/1/4531 
f 4531/1/4531 4532/1/4532 4530/1/4530 
f 4524/1/4524 4523/1/4523 4533/1/4533 
f 4533/1/4533 4534/1/4534 4524/1/4524 
f 4530/1/4530 4533/1/4533 4523/1/4523 
f 4523/1/4523 4516/1/4516 4530/1/4530 
f 4532/1/4532 4535/1/4535 4533/1/4533 
f 4533/1/4533 4530/1/4530 4532/1/4532 
f 4534/1/4534 4533/1/4533 4535/1/4535 
f 4535/1/4535 4536/1/4536 4534/1/4534 
f 4528/1/4528 4527/1/4527 4537/1/4537 
f 4537/1/4537 4538/1/4538 4528/1/4528 
f 3754/1/3754 4537/1/4537 4527/1/4527 
f 4527/1/4527 3747/1/3747 3754/1/3754 
f 3753/1/3753 4539/1/4539 4537/1/4537 
f 4537/1/4537 3754/1/3754 3753/1/3753 
f 4539/1/4539 4540/1/4540 4538/1/4538 
f 4538/1/4538 4537/1/4537 4539/1/4539 
f 4532/1/4532 4531/1/4531 4541/1/4541 
f 4541/1/4541 4542/1/4542 4532/1/4532 
f 4526/1/4526 4541/1/4541 4531/1/4531 
f 4531/1/4531 4520/1/4520 4526/1/4526 
f 4528/1/4528 4543/1/4543 4541/1/4541 
f 4541/1/4541 4526/1/4526 4528/1/4528 
f 4542/1/4542 4541/1/4541 4543/1/4543 
f 4543/1/4543 4544/1/4544 4542/1/4542 
f 4536/1/4536 4535/1/4535 4545/1/4545 
f 4545/1/4545 4546/1/4546 4536/1/4536 
f 4542/1/4542 4545/1/4545 4535/1/4535 
f 4535/1/4535 4532/1/4532 4542/1/4542 
f 4544/1/4544 4547/1/4547 4545/1/4545 
f 4545/1/4545 4542/1/4542 4544/1/4544 
f 4546/1/4546 4545/1/4545 4547/1/4547 
f 4547/1/4547 4548/1/4548 4546/1/4546 
f 4549/1/4549 4550/1/4550 4540/1/4540 
f 3757/1/3757 4549/1/4549 4539/1/4539 
f 4539/1/4539 3753/1/3753 3757/1/3757 
f 3758/1/3758 4551/1/4551 4549/1/4549 
f 4549/1/4549 3757/1/3757 3758/1/3758 
f 4550/1/4550 4549/1/4549 4551/1/4551 
f 4551/1/4551 4552/1/4552 4550/1/4550 
f 4553/1/4553 4543/1/4543 4528/1/4528 
f 4554/1/4554 4553/1/4553 4538/1/4538 
f 4538/1/4538 4540/1/4540 4554/1/4554 
f 4555/1/4555 4556/1/4556 4553/1/4553 
f 4553/1/4553 4554/1/4554 4555/1/4555 
f 4544/1/4544 4543/1/4543 4553/1/4553 
f 4553/1/4553 4556/1/4556 4544/1/4544 
f 4548/1/4548 4547/1/4547 4557/1/4557 
f 4557/1/4557 4558/1/4558 4548/1/4548 
f 4556/1/4556 4557/1/4557 4547/1/4547 
f 4547/1/4547 4544/1/4544 4556/1/4556 
f 4555/1/4555 4559/1/4559 4557/1/4557 
f 4557/1/4557 4556/1/4556 4555/1/4555 
f 4559/1/4559 4560/1/4560 4558/1/4558 
f 4555/1/4555 4554/1/4554 4561/1/4561 
f 4561/1/4561 4562/1/4562 4555/1/4555 
f 4550/1/4550 4561/1/4561 4554/1/4554 
f 4554/1/4554 4540/1/4540 4550/1/4550 
f 4552/1/4552 4563/1/4563 4561/1/4561 
f 4561/1/4561 4550/1/4550 4552/1/4552 
f 4562/1/4562 4561/1/4561 4563/1/4563 
f 4563/1/4563 4564/1/4564 4562/1/4562 
f 4565/1/4565 4566/1/4566 4560/1/4560 
f 4562/1/4562 4565/1/4565 4559/1/4559 
f 4559/1/4559 4555/1/4555 4562/1/4562 
f 4564/1/4564 4567/1/4567 4565/1/4565 
f 4565/1/4565 4562/1/4562 4564/1/4564 
f 4566/1/4566 4565/1/4565 4567/1/4567 
f 4567/1/4567 4568/1/4568 4566/1/4566 
f 4569/1/4569 4570/1/4570 3525/1/3525 
f 3524/1/3524 3515/1/3515 4571/1/4571 
f 4569/1/4569 4571/1/4571 4572/1/4572 
f 4570/1/4570 4569/1/4569 4573/1/4573 
f 4573/1/4573 4574/1/4574 4570/1/4570 
f 4575/1/4575 4572/1/4572 4571/1/4571 
f 3517/1/3517 4576/1/4576 4571/1/4571 
f 4571/1/4571 3515/1/3515 3517/1/3517 
f 3519/1/3519 4577/1/4577 4576/1/4576 
f 4576/1/4576 3517/1/3517 3519/1/3519 
f 4576/1/4576 4577/1/4577 4578/1/4578 
f 4579/1/4579 4580/1/4580 4581/1/4581 
f 4581/1/4581 4582/1/4582 4579/1/4579 
f 4583/1/4583 4581/1/4581 4580/1/4580 
f 4580/1/4580 4584/1/4584 4583/1/4583 
f 4572/1/4572 4575/1/4575 4581/1/4581 
f 4581/1/4581 4583/1/4583 4572/1/4572 
f 4582/1/4582 4581/1/4581 4575/1/4575 
f 4575/1/4575 4578/1/4578 4582/1/4582 
f 3519/1/3519 3539/1/3539 4585/1/4585 
f 4585/1/4585 4577/1/4577 3519/1/3519 
f 4586/1/4586 4585/1/4585 3539/1/3539 
f 3539/1/3539 3538/1/3538 4586/1/4586 
f 4587/1/4587 4588/1/4588 4585/1/4585 
f 4585/1/4585 4586/1/4586 4587/1/4587 
f 4577/1/4577 4585/1/4585 4588/1/4588 
f 4588/1/4588 4578/1/4578 4577/1/4577 
f 4589/1/4589 4590/1/4590 4587/1/4587 
f 4587/1/4587 4586/1/4586 4589/1/4589 
f 4589/1/4589 4586/1/4586 3538/1/3538 
f 3538/1/3538 3551/1/3551 4589/1/4589 
f 3551/1/3551 3550/1/3550 4590/1/4590 
f 4590/1/4590 4589/1/4589 3551/1/3551 
f 4578/1/4578 4588/1/4588 4591/1/4591 
f 4591/1/4591 4582/1/4582 4578/1/4578 
f 4592/1/4592 4591/1/4591 4588/1/4588 
f 4588/1/4588 4587/1/4587 4592/1/4592 
f 4593/1/4593 4594/1/4594 4591/1/4591 
f 4591/1/4591 4592/1/4592 4593/1/4593 
f 4582/1/4582 4591/1/4591 4594/1/4594 
f 4594/1/4594 4579/1/4579 4582/1/4582 
f 4595/1/4595 4596/1/4596 4597/1/4597 
f 4597/1/4597 4598/1/4598 4595/1/4595 
f 4590/1/4590 4597/1/4597 4596/1/4596 
f 4596/1/4596 4587/1/4587 4590/1/4590 
f 3550/1/3550 3556/1/3556 4597/1/4597 
f 4597/1/4597 4590/1/4590 3550/1/3550 
f 4598/1/4598 4597/1/4597 3556/1/3556 
f 3556/1/3556 3547/1/3547 4598/1/4598 
f 4587/1/4587 4596/1/4596 4599/1/4599 
f 4599/1/4599 4592/1/4592 4587/1/4587 
f 4596/1/4596 4595/1/4595 4600/1/4600 
f 4601/1/4601 4602/1/4602 4599/1/4599 
f 4599/1/4599 4600/1/4600 4601/1/4601 
f 4592/1/4592 4599/1/4599 4602/1/4602 
f 4602/1/4602 4593/1/4593 4592/1/4592 
f 4595/1/4595 4598/1/4598 4603/1/4603 
f 4603/1/4603 4604/1/4604 4595/1/4595 
f 3547/1/3547 3544/1/3544 4603/1/4603 
f 4603/1/4603 4598/1/4598 3547/1/3547 
f 3428/1/3428 4605/1/4605 4603/1/4603 
f 4603/1/4603 3544/1/3544 3428/1/3428 
f 4604/1/4604 4603/1/4603 4605/1/4605 
f 4605/1/4605 4606/1/4606 4604/1/4604 
f 4607/1/4607 4608/1/4608 4609/1/4609 
f 4609/1/4609 4610/1/4610 4607/1/4607 
f 4611/1/4611 4609/1/4609 4608/1/4608 
f 4608/1/4608 4612/1/4612 4611/1/4611 
f 4613/1/4613 4614/1/4614 4609/1/4609 
f 4609/1/4609 4611/1/4611 4613/1/4613 
f 4610/1/4610 4609/1/4609 4614/1/4614 
f 4614/1/4614 4584/1/4584 4610/1/4610 
f 4615/1/4615 4616/1/4616 4617/1/4617 
f 4617/1/4617 4618/1/4618 4615/1/4615 
f 4610/1/4610 4617/1/4617 4616/1/4616 
f 4616/1/4616 4607/1/4607 4610/1/4610 
f 4584/1/4584 4580/1/4580 4617/1/4617 
f 4617/1/4617 4610/1/4610 4584/1/4584 
f 4618/1/4618 4617/1/4617 4580/1/4580 
f 4580/1/4580 4579/1/4579 4618/1/4618 
f 4619/1/4619 4620/1/4620 4621/1/4621 
f 4621/1/4621 4622/1/4622 4619/1/4619 
f 4618/1/4618 4621/1/4621 4620/1/4620 
f 4620/1/4620 4615/1/4615 4618/1/4618 
f 4579/1/4579 4594/1/4594 4621/1/4621 
f 4621/1/4621 4618/1/4618 4579/1/4579 
f 4622/1/4622 4621/1/4621 4594/1/4594 
f 4594/1/4594 4593/1/4593 4622/1/4622 
f 4623/1/4623 4624/1/4624 4625/1/4625 
f 4625/1/4625 4626/1/4626 4623/1/4623 
f 4623/1/4623 4619/1/4619 4622/1/4622 
f 4622/1/4622 4624/1/4624 4623/1/4623 
f 4593/1/4593 4602/1/4602 4624/1/4624 
f 4624/1/4624 4622/1/4622 4593/1/4593 
f 4601/1/4601 4625/1/4625 4624/1/4624 
f 4624/1/4624 4602/1/4602 4601/1/4601 
f 4612/1/4612 4608/1/4608 4627/1/4627 
f 4627/1/4627 4628/1/4628 4612/1/4612 
f 4629/1/4629 4627/1/4627 4608/1/4608 
f 4608/1/4608 4607/1/4607 4629/1/4629 
f 4630/1/4630 4631/1/4631 4627/1/4627 
f 4627/1/4627 4629/1/4629 4630/1/4630 
f 4628/1/4628 4627/1/4627 4631/1/4631 
f 4631/1/4631 4632/1/4632 4628/1/4628 
f 4607/1/4607 4616/1/4616 4633/1/4633 
f 4633/1/4633 4629/1/4629 4607/1/4607 
f 4633/1/4633 4616/1/4616 4615/1/4615 
f 4615/1/4615 4634/1/4634 4633/1/4633 
f 4633/1/4633 4634/1/4634 4635/1/4635 
f 4635/1/4635 4636/1/4636 4633/1/4633 
f 4629/1/4629 4633/1/4633 4636/1/4636 
f 4636/1/4636 4630/1/4630 4629/1/4629 
f 4637/1/4637 4634/1/4634 4615/1/4615 
f 4615/1/4615 4620/1/4620 4637/1/4637 
f 4637/1/4637 4620/1/4620 4619/1/4619 
f 4619/1/4619 4638/1/4638 4637/1/4637 
f 4637/1/4637 4638/1/4638 4639/1/4639 
f 4639/1/4639 4640/1/4640 4637/1/4637 
f 4637/1/4637 4640/1/4640 4635/1/4635 
f 4635/1/4635 4634/1/4634 4637/1/4637 
f 4641/1/4641 4642/1/4642 4639/1/4639 
f 4639/1/4639 4638/1/4638 4641/1/4641 
f 4638/1/4638 4619/1/4619 4623/1/4623 
f 4623/1/4623 4641/1/4641 4638/1/4638 
f 4626/1/4626 4643/1/4643 4641/1/4641 
f 4641/1/4641 4623/1/4623 4626/1/4626 
f 4641/1/4641 4643/1/4643 4644/1/4644 
f 4644/1/4644 4642/1/4642 4641/1/4641 
f 4644/1/4644 4643/1/4643 4645/1/4645 
f 4645/1/4645 4646/1/4646 4644/1/4644 
f 4647/1/4647 4645/1/4645 4643/1/4643 
f 4643/1/4643 4626/1/4626 4647/1/4647 
f 4648/1/4648 4649/1/4649 4645/1/4645 
f 4645/1/4645 4647/1/4647 4648/1/4648 
f 4649/1/4649 4650/1/4650 4646/1/4646 
f 4651/1/4651 4652/1/4652 4650/1/4650 
f 4649/1/4649 4648/1/4648 4653/1/4653 
f 4651/1/4651 4653/1/4653 4654/1/4654 
f 4652/1/4652 4651/1/4651 4655/1/4655 
f 4655/1/4655 4656/1/4656 4652/1/4652 
f 4657/1/4657 4656/1/4656 4655/1/4655 
f 4655/1/4655 4658/1/4658 4657/1/4657 
f 4659/1/4659 4658/1/4658 4655/1/4655 
f 4655/1/4655 4654/1/4654 4659/1/4659 
f 4660/1/4660 4661/1/4661 4658/1/4658 
f 4658/1/4658 4659/1/4659 4660/1/4660 
f 4661/1/4661 4662/1/4662 4657/1/4657 
f 4657/1/4657 4658/1/4658 4661/1/4661 
f 4662/1/4662 4661/1/4661 4663/1/4663 
f 4663/1/4663 4664/1/4664 4662/1/4662 
f 4665/1/4665 4663/1/4663 4661/1/4661 
f 4661/1/4661 4660/1/4660 4665/1/4665 
f 4666/1/4666 4667/1/4667 4663/1/4663 
f 4663/1/4663 4665/1/4665 4666/1/4666 
f 4664/1/4664 4663/1/4663 4667/1/4667 
f 4667/1/4667 4668/1/4668 4664/1/4664 
f 4669/1/4669 4670/1/4670 4671/1/4671 
f 4668/1/4668 4667/1/4667 4669/1/4669 
f 4669/1/4669 4672/1/4672 4668/1/4668 
f 4673/1/4673 4669/1/4669 4667/1/4667 
f 4667/1/4667 4666/1/4666 4673/1/4673 
f 4669/1/4669 4673/1/4673 4674/1/4674 
f 4675/1/4675 4670/1/4670 4674/1/4674 
f 4676/1/4676 4675/1/4675 4677/1/4677 
f 4677/1/4677 4678/1/4678 4676/1/4676 
f 4679/1/4679 4680/1/4680 4675/1/4675 
f 4675/1/4675 4676/1/4676 4679/1/4679 
f 4680/1/4680 4671/1/4671 4670/1/4670 
f 4681/1/4681 4682/1/4682 4676/1/4676 
f 4676/1/4676 4678/1/4678 4681/1/4681 
f 4683/1/4683 4684/1/4684 4682/1/4682 
f 4682/1/4682 4681/1/4681 4683/1/4683 
f 4685/1/4685 4682/1/4682 4684/1/4684 
f 4684/1/4684 4686/1/4686 4685/1/4685 
f 4676/1/4676 4682/1/4682 4685/1/4685 
f 4685/1/4685 4679/1/4679 4676/1/4676 
f 4686/1/4686 4684/1/4684 4687/1/4687 
f 4687/1/4687 4688/1/4688 4686/1/4686 
f 4689/1/4689 4687/1/4687 4684/1/4684 
f 4684/1/4684 4683/1/4683 4689/1/4689 
f 4690/1/4690 4691/1/4691 4687/1/4687 
f 4687/1/4687 4689/1/4689 4690/1/4690 
f 4688/1/4688 4687/1/4687 4691/1/4691 
f 4691/1/4691 4692/1/4692 4688/1/4688 
f 4632/1/4632 4693/1/4693 4694/1/4694 
f 4694/1/4694 4628/1/4628 4632/1/4632 
f 4692/1/4692 4691/1/4691 4694/1/4694 
f 4694/1/4694 4693/1/4693 4692/1/4692 
f 4695/1/4695 4694/1/4694 4691/1/4691 
f 4691/1/4691 4690/1/4690 4695/1/4695 
f 4628/1/4628 4694/1/4694 4695/1/4695 
f 4695/1/4695 4612/1/4612 4628/1/4628 
f 4696/1/4696 4697/1/4697 4698/1/4698 
f 4699/1/4699 4650/1/4650 4652/1/4652 
f 4656/1/4656 4700/1/4700 4696/1/4696 
f 4696/1/4696 4652/1/4652 4656/1/4656 
f 4700/1/4700 4701/1/4701 4697/1/4697 
f 4697/1/4697 4696/1/4696 4700/1/4700 
f 4656/1/4656 4657/1/4657 4702/1/4702 
f 4702/1/4702 4700/1/4700 4656/1/4656 
f 4703/1/4703 4702/1/4702 4657/1/4657 
f 4657/1/4657 4662/1/4662 4703/1/4703 
f 4704/1/4704 4705/1/4705 4702/1/4702 
f 4702/1/4702 4703/1/4703 4704/1/4704 
f 4700/1/4700 4702/1/4702 4705/1/4705 
f 4705/1/4705 4701/1/4701 4700/1/4700 
f 4704/1/4704 4703/1/4703 4706/1/4706 
f 4706/1/4706 4707/1/4707 4704/1/4704 
f 4664/1/4664 4706/1/4706 4703/1/4703 
f 4703/1/4703 4662/1/4662 4664/1/4664 
f 4668/1/4668 4708/1/4708 4706/1/4706 
f 4706/1/4706 4664/1/4664 4668/1/4668 
f 4707/1/4707 4706/1/4706 4708/1/4708 
f 4708/1/4708 4709/1/4709 4707/1/4707 
f 4668/1/4668 4672/1/4672 4710/1/4710 
f 4710/1/4710 4708/1/4708 4668/1/4668 
f 4711/1/4711 4710/1/4710 4672/1/4672 
f 4672/1/4672 4671/1/4671 4711/1/4711 
f 4712/1/4712 4713/1/4713 4710/1/4710 
f 4710/1/4710 4711/1/4711 4712/1/4712 
f 4708/1/4708 4710/1/4710 4713/1/4713 
f 4713/1/4713 4709/1/4709 4708/1/4708 
f 4671/1/4671 4680/1/4680 4714/1/4714 
f 4714/1/4714 4711/1/4711 4671/1/4671 
f 4715/1/4715 4714/1/4714 4680/1/4680 
f 4680/1/4680 4679/1/4679 4715/1/4715 
f 4716/1/4716 4717/1/4717 4714/1/4714 
f 4714/1/4714 4715/1/4715 4716/1/4716 
f 4711/1/4711 4714/1/4714 4717/1/4717 
f 4717/1/4717 4712/1/4712 4711/1/4711 
f 4679/1/4679 4685/1/4685 4718/1/4718 
f 4718/1/4718 4715/1/4715 4679/1/4679 
f 4719/1/4719 4718/1/4718 4685/1/4685 
f 4685/1/4685 4686/1/4686 4719/1/4719 
f 4720/1/4720 4721/1/4721 4718/1/4718 
f 4718/1/4718 4719/1/4719 4720/1/4720 
f 4715/1/4715 4718/1/4718 4721/1/4721 
f 4721/1/4721 4716/1/4716 4715/1/4715 
f 4722/1/4722 4723/1/4723 4724/1/4724 
f 4724/1/4724 4725/1/4725 4722/1/4722 
f 4726/1/4726 4727/1/4727 4724/1/4724 
f 4724/1/4724 4723/1/4723 4726/1/4726 
f 4693/1/4693 4724/1/4724 4727/1/4727 
f 4727/1/4727 4692/1/4692 4693/1/4693 
f 4725/1/4725 4724/1/4724 4693/1/4693 
f 4693/1/4693 4632/1/4632 4725/1/4725 
f 4720/1/4720 4719/1/4719 4728/1/4728 
f 4728/1/4728 4729/1/4729 4720/1/4720 
f 4688/1/4688 4728/1/4728 4719/1/4719 
f 4719/1/4719 4686/1/4686 4688/1/4688 
f 4692/1/4692 4727/1/4727 4728/1/4728 
f 4728/1/4728 4688/1/4688 4692/1/4692 
f 4729/1/4729 4728/1/4728 4727/1/4727 
f 4727/1/4727 4726/1/4726 4729/1/4729 
f 4701/1/4701 4705/1/4705 4730/1/4730 
f 4730/1/4730 4731/1/4731 4701/1/4701 
f 4732/1/4732 4730/1/4730 4705/1/4705 
f 4705/1/4705 4704/1/4704 4732/1/4732 
f 4733/1/4733 4730/1/4730 4732/1/4732 
f 4732/1/4732 4734/1/4734 4733/1/4733 
f 4730/1/4730 4733/1/4733 4735/1/4735 
f 4734/1/4734 4732/1/4732 4736/1/4736 
f 4736/1/4736 4737/1/4737 4734/1/4734 
f 4707/1/4707 4736/1/4736 4732/1/4732 
f 4732/1/4732 4704/1/4704 4707/1/4707 
f 4709/1/4709 4738/1/4738 4736/1/4736 
f 4736/1/4736 4707/1/4707 4709/1/4709 
f 4738/1/4738 4739/1/4739 4737/1/4737 
f 4709/1/4709 4713/1/4713 4740/1/4740 
f 4740/1/4740 4738/1/4738 4709/1/4709 
f 4741/1/4741 4740/1/4740 4713/1/4713 
f 4713/1/4713 4712/1/4712 4741/1/4741 
f 4742/1/4742 4743/1/4743 4740/1/4740 
f 4740/1/4740 4741/1/4741 4742/1/4742 
f 4738/1/4738 4740/1/4740 4743/1/4743 
f 4743/1/4743 4739/1/4739 4738/1/4738 
f 4744/1/4744 4745/1/4745 4746/1/4746 
f 4746/1/4746 4747/1/4747 4744/1/4744 
f 4741/1/4741 4746/1/4746 4745/1/4745 
f 4745/1/4745 4742/1/4742 4741/1/4741 
f 4712/1/4712 4717/1/4717 4746/1/4746 
f 4746/1/4746 4741/1/4741 4712/1/4712 
f 4747/1/4747 4746/1/4746 4717/1/4717 
f 4717/1/4717 4716/1/4716 4747/1/4747 
f 4716/1/4716 4721/1/4721 4748/1/4748 
f 4748/1/4748 4747/1/4747 4716/1/4716 
f 4749/1/4749 4748/1/4748 4721/1/4721 
f 4721/1/4721 4720/1/4720 4749/1/4749 
f 4750/1/4750 4751/1/4751 4748/1/4748 
f 4748/1/4748 4749/1/4749 4750/1/4750 
f 4747/1/4747 4748/1/4748 4751/1/4751 
f 4751/1/4751 4744/1/4744 4747/1/4747 
f 4750/1/4750 4749/1/4749 4752/1/4752 
f 4752/1/4752 4753/1/4753 4750/1/4750 
f 4729/1/4729 4752/1/4752 4749/1/4749 
f 4749/1/4749 4720/1/4720 4729/1/4729 
f 4726/1/4726 4754/1/4754 4752/1/4752 
f 4752/1/4752 4729/1/4729 4726/1/4726 
f 4753/1/4753 4752/1/4752 4754/1/4754 
f 4754/1/4754 4755/1/4755 4753/1/4753 
f 4756/1/4756 4630/1/4630 4636/1/4636 
f 4636/1/4636 4757/1/4757 4756/1/4756 
f 4757/1/4757 4636/1/4636 4635/1/4635 
f 4635/1/4635 4758/1/4758 4757/1/4757 
f 4757/1/4757 4758/1/4758 4759/1/4759 
f 4759/1/4759 4760/1/4760 4757/1/4757 
f 4761/1/4761 4756/1/4756 4757/1/4757 
f 4757/1/4757 4760/1/4760 4761/1/4761 
f 4762/1/4762 4763/1/4763 4764/1/4764 
f 4764/1/4764 4765/1/4765 4762/1/4762 
f 4750/1/4750 4753/1/4753 4762/1/4762 
f 4762/1/4762 4765/1/4765 4750/1/4750 
f 4762/1/4762 4753/1/4753 4755/1/4755 
f 4755/1/4755 4763/1/4763 4762/1/4762 
f 4766/1/4766 4767/1/4767 4764/1/4764 
f 4764/1/4764 4768/1/4768 4766/1/4766 
f 4739/1/4739 4743/1/4743 4766/1/4766 
f 4766/1/4766 4768/1/4768 4739/1/4739 
f 4742/1/4742 4767/1/4767 4766/1/4766 
f 4766/1/4766 4743/1/4743 4742/1/4742 
f 4769/1/4769 4770/1/4770 4759/1/4759 
f 4759/1/4759 4758/1/4758 4769/1/4769 
f 4769/1/4769 4758/1/4758 4635/1/4635 
f 4635/1/4635 4640/1/4640 4769/1/4769 
f 4769/1/4769 4640/1/4640 4639/1/4639 
f 4639/1/4639 4771/1/4771 4769/1/4769 
f 4769/1/4769 4771/1/4771 4772/1/4772 
f 4772/1/4772 4770/1/4770 4769/1/4769 
f 4773/1/4773 4774/1/4774 4775/1/4775 
f 4775/1/4775 4764/1/4764 4773/1/4773 
f 4735/1/4735 4733/1/4733 4774/1/4774 
f 4774/1/4774 4773/1/4773 4735/1/4735 
f 4734/1/4734 4775/1/4775 4774/1/4774 
f 4774/1/4774 4733/1/4733 4734/1/4734 
f 4775/1/4775 4776/1/4776 4768/1/4768 
f 4768/1/4768 4764/1/4764 4775/1/4775 
f 4734/1/4734 4737/1/4737 4776/1/4776 
f 4776/1/4776 4775/1/4775 4734/1/4734 
f 4739/1/4739 4768/1/4768 4776/1/4776 
f 4776/1/4776 4737/1/4737 4739/1/4739 
f 4777/1/4777 4778/1/4778 4764/1/4764 
f 4764/1/4764 4767/1/4767 4777/1/4777 
f 4777/1/4777 4767/1/4767 4742/1/4742 
f 4742/1/4742 4745/1/4745 4777/1/4777 
f 4777/1/4777 4745/1/4745 4744/1/4744 
f 4744/1/4744 4778/1/4778 4777/1/4777 
f 4779/1/4779 4765/1/4765 4764/1/4764 
f 4764/1/4764 4778/1/4778 4779/1/4779 
f 4779/1/4779 4778/1/4778 4744/1/4744 
f 4744/1/4744 4751/1/4751 4779/1/4779 
f 4779/1/4779 4751/1/4751 4750/1/4750 
f 4750/1/4750 4765/1/4765 4779/1/4779 
f 4754/1/4754 4780/1/4780 4781/1/4781 
f 4781/1/4781 4755/1/4755 4754/1/4754 
f 4723/1/4723 4780/1/4780 4754/1/4754 
f 4754/1/4754 4726/1/4726 4723/1/4723 
f 4782/1/4782 4780/1/4780 4723/1/4723 
f 4723/1/4723 4722/1/4722 4782/1/4782 
f 4783/1/4783 4781/1/4781 4780/1/4780 
f 4780/1/4780 4782/1/4782 4783/1/4783 
f 4784/1/4784 4785/1/4785 4764/1/4764 
f 4764/1/4764 4763/1/4763 4784/1/4784 
f 4755/1/4755 4781/1/4781 4784/1/4784 
f 4784/1/4784 4763/1/4763 4755/1/4755 
f 4783/1/4783 4785/1/4785 4784/1/4784 
f 4784/1/4784 4781/1/4781 4783/1/4783 
f 4786/1/4786 4787/1/4787 4788/1/4788 
f 4788/1/4788 4789/1/4789 4786/1/4786 
f 4735/1/4735 4773/1/4773 4787/1/4787 
f 4787/1/4787 4786/1/4786 4735/1/4735 
f 4773/1/4773 4764/1/4764 4788/1/4788 
f 4632/1/4632 4631/1/4631 4790/1/4790 
f 4790/1/4790 4725/1/4725 4632/1/4632 
f 4756/1/4756 4790/1/4790 4631/1/4631 
f 4631/1/4631 4630/1/4630 4756/1/4756 
f 4761/1/4761 4791/1/4791 4790/1/4790 
f 4790/1/4790 4756/1/4756 4761/1/4761 
f 4725/1/4725 4790/1/4790 4791/1/4791 
f 4791/1/4791 4722/1/4722 4725/1/4725 
f 4792/1/4792 4793/1/4793 4761/1/4761 
f 4761/1/4761 4760/1/4760 4792/1/4792 
f 4792/1/4792 4760/1/4760 4759/1/4759 
f 4759/1/4759 4770/1/4770 4792/1/4792 
f 4792/1/4792 4770/1/4770 4772/1/4772 
f 4772/1/4772 4794/1/4794 4792/1/4792 
f 4792/1/4792 4794/1/4794 4795/1/4795 
f 4795/1/4795 4793/1/4793 4792/1/4792 
f 4795/1/4795 4796/1/4796 4797/1/4797 
f 4797/1/4797 4793/1/4793 4795/1/4795 
f 4782/1/4782 4797/1/4797 4796/1/4796 
f 4796/1/4796 4783/1/4783 4782/1/4782 
f 4722/1/4722 4791/1/4791 4797/1/4797 
f 4797/1/4797 4782/1/4782 4722/1/4722 
f 4793/1/4793 4797/1/4797 4791/1/4791 
f 4791/1/4791 4761/1/4761 4793/1/4793 
f 4798/1/4798 4799/1/4799 4772/1/4772 
f 4772/1/4772 4771/1/4771 4798/1/4798 
f 4798/1/4798 4771/1/4771 4639/1/4639 
f 4639/1/4639 4642/1/4642 4798/1/4798 
f 4798/1/4798 4642/1/4642 4644/1/4644 
f 4644/1/4644 4800/1/4800 4798/1/4798 
f 4799/1/4799 4798/1/4798 4800/1/4800 
f 4800/1/4800 4801/1/4801 4799/1/4799 
f 4802/1/4802 4801/1/4801 4800/1/4800 
f 4646/1/4646 4803/1/4803 4800/1/4800 
f 4800/1/4800 4644/1/4644 4646/1/4646 
f 4803/1/4803 4646/1/4646 4650/1/4650 
f 4699/1/4699 4698/1/4698 4802/1/4802 
f 4795/1/4795 4794/1/4794 4804/1/4804 
f 4804/1/4804 4805/1/4805 4795/1/4795 
f 4804/1/4804 4794/1/4794 4772/1/4772 
f 4772/1/4772 4799/1/4799 4804/1/4804 
f 4804/1/4804 4799/1/4799 4801/1/4801 
f 4801/1/4801 4806/1/4806 4804/1/4804 
f 4805/1/4805 4804/1/4804 4806/1/4806 
f 4806/1/4806 4789/1/4789 4805/1/4805 
f 4806/1/4806 4801/1/4801 4802/1/4802 
f 4802/1/4802 4807/1/4807 4806/1/4806 
f 4807/1/4807 4802/1/4802 4698/1/4698 
f 4698/1/4698 4808/1/4808 4807/1/4807 
f 4807/1/4807 4808/1/4808 4789/1/4789 
f 4789/1/4789 4806/1/4806 4807/1/4807 
f 4786/1/4786 4789/1/4789 4808/1/4808 
f 4808/1/4808 4698/1/4698 4697/1/4697 
f 4731/1/4731 4809/1/4809 4697/1/4697 
f 4697/1/4697 4701/1/4701 4731/1/4731 
f 4786/1/4786 4809/1/4809 4731/1/4731 
f 4731/1/4731 4735/1/4735 4786/1/4786 
f 4789/1/4789 4788/1/4788 4810/1/4810 
f 4810/1/4810 4805/1/4805 4789/1/4789 
f 4785/1/4785 4810/1/4810 4788/1/4788 
f 4788/1/4788 4764/1/4764 4785/1/4785 
f 4783/1/4783 4796/1/4796 4810/1/4810 
f 4810/1/4810 4785/1/4785 4783/1/4783 
f 4805/1/4805 4810/1/4810 4796/1/4796 
f 4796/1/4796 4795/1/4795 4805/1/4805 
f 4574/1/4574 4573/1/4573 4811/1/4811 
f 4811/1/4811 4812/1/4812 4574/1/4574 
f 4583/1/4583 4811/1/4811 4573/1/4573 
f 4573/1/4573 4572/1/4572 4583/1/4583 
f 4584/1/4584 4614/1/4614 4811/1/4811 
f 4811/1/4811 4583/1/4583 4584/1/4584 
f 4812/1/4812 4811/1/4811 4614/1/4614 
f 4614/1/4614 4613/1/4613 4812/1/4812 
f 4612/1/4612 4695/1/4695 4813/1/4813 
f 4813/1/4813 4611/1/4611 4612/1/4612 
f 4690/1/4690 4814/1/4814 4813/1/4813 
f 4813/1/4813 4695/1/4695 4690/1/4690 
f 4815/1/4815 4813/1/4813 4814/1/4814 
f 4814/1/4814 4816/1/4816 4815/1/4815 
f 4611/1/4611 4813/1/4813 4815/1/4815 
f 4815/1/4815 4613/1/4613 4611/1/4611 
f 4816/1/4816 4814/1/4814 4817/1/4817 
f 4817/1/4817 4818/1/4818 4816/1/4816 
f 4689/1/4689 4817/1/4817 4814/1/4814 
f 4814/1/4814 4690/1/4690 4689/1/4689 
f 4683/1/4683 4819/1/4819 4817/1/4817 
f 4817/1/4817 4689/1/4689 4683/1/4683 
f 4818/1/4818 4817/1/4817 4819/1/4819 
f 4819/1/4819 4820/1/4820 4818/1/4818 
f 4820/1/4820 4819/1/4819 4821/1/4821 
f 4821/1/4821 4822/1/4822 4820/1/4820 
f 4681/1/4681 4821/1/4821 4819/1/4819 
f 4819/1/4819 4683/1/4683 4681/1/4681 
f 4678/1/4678 4823/1/4823 4821/1/4821 
f 4821/1/4821 4681/1/4681 4678/1/4678 
f 4822/1/4822 4821/1/4821 4823/1/4823 
f 4823/1/4823 4824/1/4824 4822/1/4822 
f 4823/1/4823 4825/1/4825 4826/1/4826 
f 4826/1/4826 4824/1/4824 4823/1/4823 
f 4677/1/4677 4825/1/4825 4823/1/4823 
f 4823/1/4823 4678/1/4678 4677/1/4677 
f 4825/1/4825 4677/1/4677 4674/1/4674 
f 4826/1/4826 4825/1/4825 4827/1/4827 
f 4827/1/4827 4828/1/4828 4826/1/4826 
f 1846/1/1846 4829/1/4829 4830/1/4830 
f 4830/1/4830 1847/1/1847 1846/1/1846 
f 4831/1/4831 4829/1/4829 1846/1/1846 
f 1846/1/1846 1849/1/1849 4831/1/4831 
f 4826/1/4826 4829/1/4829 4831/1/4831 
f 4831/1/4831 4824/1/4824 4826/1/4826 
f 4830/1/4830 4829/1/4829 4826/1/4826 
f 4826/1/4826 4828/1/4828 4830/1/4830 
f 4832/1/4832 4833/1/4833 4834/1/4834 
f 4834/1/4834 4835/1/4835 4832/1/4832 
f 4827/1/4827 4833/1/4833 4832/1/4832 
f 4832/1/4832 4828/1/4828 4827/1/4827 
f 4673/1/4673 4833/1/4833 4827/1/4827 
f 4827/1/4827 4674/1/4674 4673/1/4673 
f 4666/1/4666 4834/1/4834 4833/1/4833 
f 4833/1/4833 4673/1/4673 4666/1/4666 
f 4835/1/4835 4834/1/4834 4836/1/4836 
f 4836/1/4836 4837/1/4837 4835/1/4835 
f 4665/1/4665 4836/1/4836 4834/1/4834 
f 4834/1/4834 4666/1/4666 4665/1/4665 
f 4660/1/4660 4838/1/4838 4836/1/4836 
f 4836/1/4836 4665/1/4665 4660/1/4660 
f 4837/1/4837 4836/1/4836 4838/1/4838 
f 4838/1/4838 4839/1/4839 4837/1/4837 
f 4839/1/4839 4838/1/4838 4840/1/4840 
f 4840/1/4840 4841/1/4841 4839/1/4839 
f 4659/1/4659 4840/1/4840 4838/1/4838 
f 4838/1/4838 4660/1/4660 4659/1/4659 
f 4654/1/4654 4842/1/4842 4840/1/4840 
f 4840/1/4840 4659/1/4659 4654/1/4654 
f 4841/1/4841 4840/1/4840 4842/1/4842 
f 4842/1/4842 4843/1/4843 4841/1/4841 
f 4626/1/4626 4625/1/4625 4844/1/4844 
f 4844/1/4844 4647/1/4647 4626/1/4626 
f 4845/1/4845 4844/1/4844 4625/1/4625 
f 4625/1/4625 4601/1/4601 4845/1/4845 
f 4846/1/4846 4847/1/4847 4844/1/4844 
f 4844/1/4844 4845/1/4845 4846/1/4846 
f 4647/1/4647 4844/1/4844 4847/1/4847 
f 4847/1/4847 4648/1/4648 4647/1/4647 
f 4601/1/4601 4600/1/4600 4848/1/4848 
f 4848/1/4848 4845/1/4845 4601/1/4601 
f 4604/1/4604 4848/1/4848 4600/1/4600 
f 4600/1/4600 4595/1/4595 4604/1/4604 
f 4606/1/4606 4849/1/4849 4848/1/4848 
f 4848/1/4848 4604/1/4604 4606/1/4606 
f 4845/1/4845 4848/1/4848 4849/1/4849 
f 4849/1/4849 4846/1/4846 4845/1/4845 
f 4843/1/4843 4842/1/4842 4850/1/4850 
f 4850/1/4850 4851/1/4851 4843/1/4843 
f 4653/1/4653 4850/1/4850 4842/1/4842 
f 4842/1/4842 4654/1/4654 4653/1/4653 
f 4648/1/4648 4847/1/4847 4850/1/4850 
f 4850/1/4850 4653/1/4653 4648/1/4648 
f 4851/1/4851 4850/1/4850 4847/1/4847 
f 4847/1/4847 4846/1/4846 4851/1/4851 
f 4606/1/4606 4605/1/4605 4852/1/4852 
f 4852/1/4852 4853/1/4853 4606/1/4606 
f 3424/1/3424 4852/1/4852 4605/1/4605 
f 4605/1/4605 3428/1/3428 3424/1/3424 
f 3423/1/3423 4854/1/4854 4852/1/4852 
f 4852/1/4852 3424/1/3424 3423/1/3423 
f 4853/1/4853 4852/1/4852 4854/1/4854 
f 4854/1/4854 4855/1/4855 4853/1/4853 
f 4855/1/4855 4856/1/4856 4857/1/4857 
f 4857/1/4857 4853/1/4853 4855/1/4855 
f 4858/1/4858 4857/1/4857 4856/1/4856 
f 4856/1/4856 4859/1/4859 4858/1/4858 
f 4846/1/4846 4849/1/4849 4857/1/4857 
f 4857/1/4857 4858/1/4858 4846/1/4846 
f 4853/1/4853 4857/1/4857 4849/1/4849 
f 4849/1/4849 4606/1/4606 4853/1/4853 
f 4855/1/4855 4854/1/4854 4860/1/4860 
f 4860/1/4860 4861/1/4861 4855/1/4855 
f 4305/1/4305 4860/1/4860 4854/1/4854 
f 4854/1/4854 3423/1/3423 4305/1/4305 
f 4308/1/4308 4862/1/4862 4860/1/4860 
f 4860/1/4860 4305/1/4305 4308/1/4308 
f 4861/1/4861 4860/1/4860 4862/1/4862 
f 4862/1/4862 4863/1/4863 4861/1/4861 
f 4859/1/4859 4856/1/4856 4864/1/4864 
f 4864/1/4864 4865/1/4865 4859/1/4859 
f 4861/1/4861 4864/1/4864 4856/1/4856 
f 4856/1/4856 4855/1/4855 4861/1/4861 
f 4863/1/4863 4866/1/4866 4864/1/4864 
f 4864/1/4864 4861/1/4861 4863/1/4863 
f 4865/1/4865 4864/1/4864 4866/1/4866 
f 4866/1/4866 4867/1/4867 4865/1/4865 
f 4843/1/4843 4851/1/4851 4868/1/4868 
f 4868/1/4868 4869/1/4869 4843/1/4843 
f 4858/1/4858 4868/1/4868 4851/1/4851 
f 4851/1/4851 4846/1/4846 4858/1/4858 
f 4859/1/4859 4865/1/4865 4868/1/4868 
f 4868/1/4868 4858/1/4858 4859/1/4859 
f 4869/1/4869 4868/1/4868 4865/1/4865 
f 4865/1/4865 4867/1/4867 4869/1/4869 
f 4870/1/4870 4871/1/4871 4872/1/4872 
f 4841/1/4841 4870/1/4870 4873/1/4873 
f 4873/1/4873 4839/1/4839 4841/1/4841 
f 4841/1/4841 4843/1/4843 4869/1/4869 
f 4869/1/4869 4870/1/4870 4841/1/4841 
f 4871/1/4871 4870/1/4870 4869/1/4869 
f 4869/1/4869 4867/1/4867 4871/1/4871 
f 4874/1/4874 4875/1/4875 4876/1/4876 
f 4877/1/4877 4835/1/4835 4837/1/4837 
f 4839/1/4839 4873/1/4873 4874/1/4874 
f 4874/1/4874 4837/1/4837 4839/1/4839 
f 4873/1/4873 4872/1/4872 4875/1/4875 
f 4832/1/4832 4878/1/4878 4879/1/4879 
f 4879/1/4879 4828/1/4828 4832/1/4832 
f 4878/1/4878 4832/1/4832 4835/1/4835 
f 4880/1/4880 4878/1/4878 4877/1/4877 
f 4877/1/4877 4876/1/4876 4880/1/4880 
f 4879/1/4879 4878/1/4878 4880/1/4880 
f 4880/1/4880 1899/1/1899 4879/1/4879 
f 1901/1/1901 4881/1/4881 4879/1/4879 
f 4879/1/4879 1899/1/1899 1901/1/1901 
f 1847/1/1847 4830/1/4830 4881/1/4881 
f 4881/1/4881 1901/1/1901 1847/1/1847 
f 4828/1/4828 4879/1/4879 4881/1/4881 
f 4881/1/4881 4830/1/4830 4828/1/4828 
f 4876/1/4876 4882/1/4882 4883/1/4883 
f 4883/1/4883 4880/1/4880 4876/1/4876 
f 4884/1/4884 4883/1/4883 4882/1/4882 
f 4882/1/4882 4885/1/4885 4884/1/4884 
f 1905/1/1905 1904/1/1904 4883/1/4883 
f 4883/1/4883 4884/1/4884 1905/1/1905 
f 4880/1/4880 4883/1/4883 1904/1/1904 
f 1904/1/1904 1899/1/1899 4880/1/4880 
f 4885/1/4885 4882/1/4882 4886/1/4886 
f 4886/1/4886 4887/1/4887 4885/1/4885 
f 4875/1/4875 4886/1/4886 4882/1/4882 
f 4882/1/4882 4876/1/4876 4875/1/4875 
f 4872/1/4872 4888/1/4888 4886/1/4886 
f 4886/1/4886 4875/1/4875 4872/1/4872 
f 4887/1/4887 4886/1/4886 4888/1/4888 
f 4888/1/4888 4889/1/4889 4887/1/4887 
f 4890/1/4890 1914/1/1914 1913/1/1913 
f 1913/1/1913 4891/1/4891 4890/1/4890 
f 4884/1/4884 4891/1/4891 1913/1/1913 
f 1913/1/1913 1905/1/1905 4884/1/4884 
f 4885/1/4885 4887/1/4887 4891/1/4891 
f 4891/1/4891 4884/1/4884 4885/1/4885 
f 4890/1/4890 4891/1/4891 4887/1/4887 
f 4887/1/4887 4889/1/4889 4890/1/4890 
f 4888/1/4888 4872/1/4872 4871/1/4871 
f 4871/1/4871 4867/1/4867 4892/1/4892 
f 4892/1/4892 4893/1/4893 4894/1/4894 
f 4889/1/4889 4888/1/4888 4895/1/4895 
f 4895/1/4895 4894/1/4894 4889/1/4889 
f 1914/1/1914 4890/1/4890 4896/1/4896 
f 4896/1/4896 1920/1/1920 1914/1/1914 
f 4897/1/4897 4896/1/4896 4890/1/4890 
f 4890/1/4890 4889/1/4889 4897/1/4897 
f 4898/1/4898 4899/1/4899 4896/1/4896 
f 4896/1/4896 4897/1/4897 4898/1/4898 
f 1920/1/1920 4896/1/4896 4899/1/4899 
f 4899/1/4899 1923/1/1923 1920/1/1920 
f 4900/1/4900 4901/1/4901 4902/1/4902 
f 4902/1/4902 1930/1/1930 4900/1/4900 
f 1923/1/1923 4899/1/4899 4901/1/4901 
f 4901/1/4901 4900/1/4900 1923/1/1923 
f 4902/1/4902 4901/1/4901 4899/1/4899 
f 4899/1/4899 4898/1/4898 4902/1/4902 
f 1928/1/1928 1923/1/1923 4900/1/4900 
f 4900/1/4900 4903/1/4903 1928/1/1928 
f 4903/1/4903 4900/1/4900 1930/1/1930 
f 1930/1/1930 1929/1/1929 4903/1/4903 
f 1928/1/1928 4903/1/4903 1929/1/1929 
f 4898/1/4898 4904/1/4904 4905/1/4905 
f 4905/1/4905 4902/1/4902 4898/1/4898 
f 4906/1/4906 4905/1/4905 4904/1/4904 
f 4904/1/4904 4907/1/4907 4906/1/4906 
f 1934/1/1934 1933/1/1933 4905/1/4905 
f 4905/1/4905 4906/1/4906 1934/1/1934 
f 4902/1/4902 4905/1/4905 1933/1/1933 
f 1933/1/1933 1930/1/1930 4902/1/4902 
f 4898/1/4898 4897/1/4897 4908/1/4908 
f 4908/1/4908 4904/1/4904 4898/1/4898 
f 4894/1/4894 4908/1/4908 4897/1/4897 
f 4897/1/4897 4889/1/4889 4894/1/4894 
f 4908/1/4908 4894/1/4894 4893/1/4893 
f 4909/1/4909 4907/1/4907 4904/1/4904 
f 4910/1/4910 4911/1/4911 1943/1/1943 
f 1943/1/1943 4912/1/4912 4910/1/4910 
f 4906/1/4906 4910/1/4910 4912/1/4912 
f 4912/1/4912 1934/1/1934 4906/1/4906 
f 4907/1/4907 4911/1/4911 4910/1/4910 
f 4910/1/4910 4906/1/4906 4907/1/4907 
f 4913/1/4913 1941/1/1941 1934/1/1934 
f 1934/1/1934 4912/1/4912 4913/1/4913 
f 4913/1/4913 4912/1/4912 1943/1/1943 
f 1943/1/1943 1942/1/1942 4913/1/4913 
f 1941/1/1941 4913/1/4913 1942/1/1942 
f 4911/1/4911 4914/1/4914 1944/1/1944 
f 1944/1/1944 1943/1/1943 4911/1/4911 
f 4915/1/4915 4914/1/4914 4911/1/4911 
f 4911/1/4911 4907/1/4907 4915/1/4915 
f 4916/1/4916 4917/1/4917 4914/1/4914 
f 4914/1/4914 4915/1/4915 4916/1/4916 
f 1944/1/1944 4914/1/4914 4917/1/4917 
f 4917/1/4917 1947/1/1947 1944/1/1944 
f 4918/1/4918 4919/1/4919 4920/1/4920 
f 4920/1/4920 4921/1/4921 4918/1/4918 
f 4920/1/4920 4919/1/4919 4323/1/4323 
f 4323/1/4323 4334/1/4334 4920/1/4920 
f 1346/1/1346 1954/1/1954 4920/1/4920 
f 4920/1/4920 4334/1/4334 1346/1/1346 
f 4921/1/4921 4920/1/4920 1954/1/1954 
f 1954/1/1954 1955/1/1955 4921/1/4921 
f 4922/1/4922 4923/1/4923 4924/1/4924 
f 4924/1/4924 4925/1/4925 4922/1/4922 
f 4922/1/4922 4925/1/4925 1955/1/1955 
f 1962/1/1962 4926/1/4926 4922/1/4922 
f 4922/1/4922 1963/1/1963 1962/1/1962 
f 4923/1/4923 4922/1/4922 4926/1/4926 
f 4926/1/4926 4927/1/4927 4923/1/4923 
f 4918/1/4918 4921/1/4921 4928/1/4928 
f 4928/1/4928 4929/1/4929 4918/1/4918 
f 4925/1/4925 4928/1/4928 4921/1/4921 
f 4921/1/4921 1955/1/1955 4925/1/4925 
f 4928/1/4928 4925/1/4925 4924/1/4924 
f 4924/1/4924 4930/1/4930 4928/1/4928 
f 4929/1/4929 4928/1/4928 4930/1/4930 
f 4930/1/4930 4931/1/4931 4929/1/4929 
f 4324/1/4324 4932/1/4932 4933/1/4933 
f 4933/1/4933 4314/1/4314 4324/1/4324 
f 4324/1/4324 4323/1/4323 4919/1/4919 
f 4918/1/4918 4929/1/4929 4932/1/4932 
f 4932/1/4932 4919/1/4919 4918/1/4918 
f 4931/1/4931 4933/1/4933 4932/1/4932 
f 4932/1/4932 4929/1/4929 4931/1/4931 
f 4934/1/4934 4930/1/4930 4924/1/4924 
f 4924/1/4924 4923/1/4923 4934/1/4934 
f 4927/1/4927 4935/1/4935 4934/1/4934 
f 4934/1/4934 4923/1/4923 4927/1/4927 
f 4936/1/4936 4937/1/4937 4934/1/4934 
f 4934/1/4934 4935/1/4935 4936/1/4936 
f 4930/1/4930 4934/1/4934 4937/1/4937 
f 4937/1/4937 4931/1/4931 4930/1/4930 
f 4938/1/4938 4939/1/4939 4940/1/4940 
f 4940/1/4940 4941/1/4941 4938/1/4938 
f 4312/1/4312 4940/1/4940 4939/1/4939 
f 4939/1/4939 4310/1/4310 4312/1/4312 
f 4314/1/4314 4933/1/4933 4940/1/4940 
f 4940/1/4940 4312/1/4312 4314/1/4314 
f 4941/1/4941 4940/1/4940 4933/1/4933 
f 4933/1/4933 4931/1/4931 4941/1/4941 
f 4942/1/4942 4943/1/4943 4944/1/4944 
f 4944/1/4944 4945/1/4945 4942/1/4942 
f 4927/1/4927 4926/1/4926 4943/1/4943 
f 4943/1/4943 4942/1/4942 4927/1/4927 
f 1982/1/1982 4943/1/4943 4926/1/4926 
f 4926/1/4926 1962/1/1962 1982/1/1982 
f 4944/1/4944 4943/1/4943 1982/1/1982 
f 1982/1/1982 1983/1/1983 4944/1/4944 
f 4946/1/4946 4947/1/4947 4948/1/4948 
f 4948/1/4948 4949/1/4949 4946/1/4946 
f 4941/1/4941 4948/1/4948 4947/1/4947 
f 4947/1/4947 4938/1/4938 4941/1/4941 
f 4931/1/4931 4937/1/4937 4948/1/4948 
f 4948/1/4948 4941/1/4941 4931/1/4931 
f 4949/1/4949 4948/1/4948 4937/1/4937 
f 4937/1/4937 4936/1/4936 4949/1/4949 
f 4936/1/4936 4935/1/4935 4950/1/4950 
f 4950/1/4950 4949/1/4949 4936/1/4936 
f 4942/1/4942 4950/1/4950 4935/1/4935 
f 4935/1/4935 4927/1/4927 4942/1/4942 
f 4945/1/4945 4951/1/4951 4950/1/4950 
f 4950/1/4950 4942/1/4942 4945/1/4945 
f 4949/1/4949 4950/1/4950 4951/1/4951 
f 4951/1/4951 4946/1/4946 4949/1/4949 
f 4952/1/4952 4953/1/4953 4954/1/4954 
f 4954/1/4954 4955/1/4955 4952/1/4952 
f 4944/1/4944 4954/1/4954 4953/1/4953 
f 4953/1/4953 4945/1/4945 4944/1/4944 
f 1983/1/1983 1994/1/1994 4954/1/4954 
f 4954/1/4954 4944/1/4944 1983/1/1983 
f 4955/1/4955 4954/1/4954 1994/1/1994 
f 1994/1/1994 1995/1/1995 4955/1/4955 
f 4956/1/4956 4957/1/4957 4958/1/4958 
f 4958/1/4958 4959/1/4959 4956/1/4956 
f 4957/1/4957 4308/1/4308 4307/1/4307 
f 4310/1/4310 4939/1/4939 4958/1/4958 
f 4958/1/4958 4307/1/4307 4310/1/4310 
f 4959/1/4959 4958/1/4958 4939/1/4939 
f 4939/1/4939 4938/1/4938 4959/1/4959 
f 1995/1/1995 2001/1/2001 4960/1/4960 
f 4960/1/4960 4955/1/4955 1995/1/1995 
f 4917/1/4917 4960/1/4960 2001/1/2001 
f 2001/1/2001 1947/1/1947 4917/1/4917 
f 4917/1/4917 4916/1/4916 4961/1/4961 
f 4961/1/4961 4960/1/4960 4917/1/4917 
f 4955/1/4955 4960/1/4960 4961/1/4961 
f 4961/1/4961 4952/1/4952 4955/1/4955 
f 4962/1/4962 4963/1/4963 4893/1/4893 
f 4867/1/4867 4866/1/4866 4962/1/4962 
f 4962/1/4962 4892/1/4892 4867/1/4867 
f 4964/1/4964 4962/1/4962 4866/1/4866 
f 4866/1/4866 4863/1/4863 4964/1/4964 
f 4963/1/4963 4962/1/4962 4964/1/4964 
f 4964/1/4964 4965/1/4965 4963/1/4963 
f 4966/1/4966 4967/1/4967 4968/1/4968 
f 4968/1/4968 4969/1/4969 4966/1/4966 
f 4959/1/4959 4968/1/4968 4967/1/4967 
f 4967/1/4967 4956/1/4956 4959/1/4959 
f 4938/1/4938 4947/1/4947 4968/1/4968 
f 4968/1/4968 4959/1/4959 4938/1/4938 
f 4969/1/4969 4968/1/4968 4947/1/4947 
f 4947/1/4947 4946/1/4946 4969/1/4969 
f 4862/1/4862 4308/1/4308 4957/1/4957 
f 4957/1/4957 4956/1/4956 4970/1/4970 
f 4971/1/4971 4970/1/4970 4965/1/4965 
f 4863/1/4863 4862/1/4862 4971/1/4971 
f 4971/1/4971 4964/1/4964 4863/1/4863 
f 4970/1/4970 4972/1/4972 4973/1/4973 
f 4973/1/4973 4965/1/4965 4970/1/4970 
f 4956/1/4956 4967/1/4967 4972/1/4972 
f 4972/1/4972 4970/1/4970 4956/1/4956 
f 4966/1/4966 4973/1/4973 4972/1/4972 
f 4972/1/4972 4967/1/4967 4966/1/4966 
f 4974/1/4974 4915/1/4915 4907/1/4907 
f 4909/1/4909 4893/1/4893 4963/1/4963 
f 4965/1/4965 4975/1/4975 4974/1/4974 
f 4974/1/4974 4963/1/4963 4965/1/4965 
f 4915/1/4915 4974/1/4974 4975/1/4975 
f 4975/1/4975 4916/1/4916 4915/1/4915 
f 4976/1/4976 4977/1/4977 4973/1/4973 
f 4973/1/4973 4966/1/4966 4976/1/4976 
f 4961/1/4961 4977/1/4977 4976/1/4976 
f 4976/1/4976 4952/1/4952 4961/1/4961 
f 4916/1/4916 4975/1/4975 4977/1/4977 
f 4977/1/4977 4961/1/4961 4916/1/4916 
f 4975/1/4975 4965/1/4965 4973/1/4973 
f 4973/1/4973 4977/1/4977 4975/1/4975 
f 4946/1/4946 4951/1/4951 4978/1/4978 
f 4978/1/4978 4969/1/4969 4946/1/4946 
f 4953/1/4953 4978/1/4978 4951/1/4951 
f 4951/1/4951 4945/1/4945 4953/1/4953 
f 4952/1/4952 4976/1/4976 4978/1/4978 
f 4978/1/4978 4953/1/4953 4952/1/4952 
f 4969/1/4969 4978/1/4978 4976/1/4976 
f 4976/1/4976 4966/1/4966 4969/1/4969 
f 3664/1/3664 3663/1/3663 4979/1/4979 
f 4979/1/4979 4980/1/4980 3664/1/3664 
f 4570/1/4570 4979/1/4979 3663/1/3663 
f 3663/1/3663 3525/1/3525 4570/1/4570 
f 4979/1/4979 4570/1/4570 4574/1/4574 
f 4980/1/4980 4979/1/4979 4981/1/4981 
f 4981/1/4981 4982/1/4982 4980/1/4980 
f 3668/1/3668 3667/1/3667 4983/1/4983 
f 4983/1/4983 4984/1/4984 3668/1/3668 
f 4980/1/4980 4983/1/4983 3667/1/3667 
f 3667/1/3667 3664/1/3664 4980/1/4980 
f 4982/1/4982 4985/1/4985 4983/1/4983 
f 4983/1/4983 4980/1/4980 4982/1/4982 
f 4984/1/4984 4983/1/4983 4985/1/4985 
f 4985/1/4985 4986/1/4986 4984/1/4984 
f 4987/1/4987 4574/1/4574 4812/1/4812 
f 4613/1/4613 4815/1/4815 4988/1/4988 
f 4988/1/4988 4812/1/4812 4613/1/4613 
f 4816/1/4816 4989/1/4989 4988/1/4988 
f 4988/1/4988 4815/1/4815 4816/1/4816 
f 4987/1/4987 4988/1/4988 4989/1/4989 
f 4989/1/4989 4990/1/4990 4987/1/4987 
f 4990/1/4990 4989/1/4989 4991/1/4991 
f 4991/1/4991 4992/1/4992 4990/1/4990 
f 4818/1/4818 4991/1/4991 4989/1/4989 
f 4989/1/4989 4816/1/4816 4818/1/4818 
f 4820/1/4820 4993/1/4993 4991/1/4991 
f 4991/1/4991 4818/1/4818 4820/1/4820 
f 4992/1/4992 4991/1/4991 4993/1/4993 
f 4993/1/4993 4994/1/4994 4992/1/4992 
f 4824/1/4824 4995/1/4995 4996/1/4996 
f 4996/1/4996 4822/1/4822 4824/1/4824 
f 4997/1/4997 4996/1/4996 4995/1/4995 
f 4995/1/4995 2039/1/2039 4997/1/4997 
f 4994/1/4994 4993/1/4993 4996/1/4996 
f 4996/1/4996 4997/1/4997 4994/1/4994 
f 4822/1/4822 4996/1/4996 4993/1/4993 
f 4993/1/4993 4820/1/4820 4822/1/4822 
f 4995/1/4995 4998/1/4998 2040/1/2040 
f 2040/1/2040 2039/1/2039 4995/1/4995 
f 4831/1/4831 4998/1/4998 4995/1/4995 
f 4995/1/4995 4824/1/4824 4831/1/4831 
f 1849/1/1849 2040/1/2040 4998/1/4998 
f 4998/1/4998 4831/1/4831 1849/1/1849 
f 4982/1/4982 4981/1/4981 4999/1/4999 
f 4999/1/4999 5000/1/5000 4982/1/4982 
f 4987/1/4987 4999/1/4999 4981/1/4981 
f 4981/1/4981 4574/1/4574 4987/1/4987 
f 4999/1/4999 4987/1/4987 4990/1/4990 
f 5001/1/5001 5002/1/5002 5000/1/5000 
f 4985/1/4985 5003/1/5003 5004/1/5004 
f 5004/1/5004 4986/1/4986 4985/1/4985 
f 5000/1/5000 5003/1/5003 4985/1/4985 
f 4985/1/4985 4982/1/4982 5000/1/5000 
f 5003/1/5003 5000/1/5000 5002/1/5002 
f 5004/1/5004 5003/1/5003 5005/1/5005 
f 5005/1/5005 5006/1/5006 5004/1/5004 
f 5007/1/5007 5008/1/5008 5002/1/5002 
f 4992/1/4992 5007/1/5007 5001/1/5001 
f 5001/1/5001 4990/1/4990 4992/1/4992 
f 4994/1/4994 5009/1/5009 5007/1/5007 
f 5007/1/5007 4992/1/4992 4994/1/4994 
f 5010/1/5010 5008/1/5008 5007/1/5007 
f 5007/1/5007 5009/1/5009 5010/1/5010 
f 2054/1/2054 5011/1/5011 5012/1/5012 
f 5012/1/5012 2055/1/2055 2054/1/2054 
f 5009/1/5009 5012/1/5012 5011/1/5011 
f 5011/1/5011 5010/1/5010 5009/1/5009 
f 5012/1/5012 5009/1/5009 4994/1/4994 
f 2055/1/2055 5012/1/5012 4997/1/4997 
f 4997/1/4997 2039/1/2039 2055/1/2055 
f 4986/1/4986 5004/1/5004 5013/1/5013 
f 5013/1/5013 4984/1/4984 4986/1/4986 
f 5014/1/5014 5013/1/5013 5004/1/5004 
f 5004/1/5004 5006/1/5006 5014/1/5014 
f 5015/1/5015 5016/1/5016 5013/1/5013 
f 5013/1/5013 5014/1/5014 5015/1/5015 
f 4984/1/4984 5013/1/5013 5016/1/5016 
f 5016/1/5016 3668/1/3668 4984/1/4984 
f 3668/1/3668 5016/1/5016 5017/1/5017 
f 5017/1/5017 3672/1/3672 3668/1/3668 
f 5018/1/5018 5017/1/5017 5016/1/5016 
f 5016/1/5016 5015/1/5015 5018/1/5018 
f 5019/1/5019 5020/1/5020 5017/1/5017 
f 5017/1/5017 5018/1/5018 5019/1/5019 
f 3672/1/3672 5017/1/5017 5020/1/5020 
f 5020/1/5020 3669/1/3669 3672/1/3672 
f 3673/1/3673 3676/1/3676 5021/1/5021 
f 5021/1/5021 5022/1/5022 3673/1/3673 
f 3669/1/3669 5020/1/5020 5021/1/5021 
f 5021/1/5021 3676/1/3676 3669/1/3669 
f 5019/1/5019 5023/1/5023 5021/1/5021 
f 5021/1/5021 5020/1/5020 5019/1/5019 
f 5022/1/5022 5021/1/5021 5023/1/5023 
f 5023/1/5023 5024/1/5024 5022/1/5022 
f 3688/1/3688 3687/1/3687 5025/1/5025 
f 5025/1/5025 5026/1/5026 3688/1/3688 
f 5027/1/5027 5025/1/5025 3687/1/3687 
f 3687/1/3687 3682/1/3682 5027/1/5027 
f 5028/1/5028 5029/1/5029 5025/1/5025 
f 5025/1/5025 5027/1/5027 5028/1/5028 
f 5026/1/5026 5025/1/5025 5029/1/5029 
f 5029/1/5029 5030/1/5030 5026/1/5026 
f 3691/1/3691 3690/1/3690 5031/1/5031 
f 5031/1/5031 5032/1/5032 3691/1/3691 
f 5026/1/5026 5031/1/5031 3690/1/3690 
f 3690/1/3690 3688/1/3688 5026/1/5026 
f 5030/1/5030 5033/1/5033 5031/1/5031 
f 5031/1/5031 5026/1/5026 5030/1/5030 
f 5032/1/5032 5031/1/5031 5033/1/5033 
f 5033/1/5033 5034/1/5034 5032/1/5032 
f 2082/1/2082 2081/1/2081 5035/1/5035 
f 5035/1/5035 5036/1/5036 2082/1/2082 
f 5035/1/5035 5034/1/5034 5033/1/5033 
f 5037/1/5037 5036/1/5036 5033/1/5033 
f 5033/1/5033 5030/1/5030 5037/1/5037 
f 2084/1/2084 2082/1/2082 5036/1/5036 
f 5036/1/5036 5037/1/5037 2084/1/2084 
f 5038/1/5038 5039/1/5039 5040/1/5040 
f 5040/1/5040 5041/1/5041 5038/1/5038 
f 3694/1/3694 5040/1/5040 5039/1/5039 
f 5039/1/5039 3695/1/3695 3694/1/3694 
f 3691/1/3691 5032/1/5032 5040/1/5040 
f 5040/1/5040 3694/1/3694 3691/1/3691 
f 5032/1/5032 5034/1/5034 5041/1/5041 
f 5041/1/5041 5042/1/5042 5043/1/5043 
f 5043/1/5043 5038/1/5038 5041/1/5041 
f 5034/1/5034 5035/1/5035 5042/1/5042 
f 5042/1/5042 5041/1/5041 5034/1/5034 
f 5035/1/5035 2081/1/2081 2093/1/2093 
f 2093/1/2093 5042/1/5042 5035/1/5035 
f 2092/1/2092 5043/1/5043 5042/1/5042 
f 5042/1/5042 2093/1/2093 2092/1/2092 
f 3695/1/3695 5039/1/5039 5044/1/5044 
f 5044/1/5044 3698/1/3698 3695/1/3695 
f 5045/1/5045 5044/1/5044 5039/1/5039 
f 5039/1/5039 5038/1/5038 5045/1/5045 
f 5046/1/5046 5047/1/5047 5044/1/5044 
f 5044/1/5044 5045/1/5045 5046/1/5046 
f 3698/1/3698 5044/1/5044 5047/1/5047 
f 5047/1/5047 3699/1/3699 3698/1/3698 
f 5038/1/5038 5043/1/5043 5048/1/5048 
f 5048/1/5048 5045/1/5045 5038/1/5038 
f 2101/1/2101 5048/1/5048 5043/1/5043 
f 5043/1/5043 2092/1/2092 2101/1/2101 
f 2100/1/2100 5049/1/5049 5048/1/5048 
f 5048/1/5048 2101/1/2101 2100/1/2100 
f 5045/1/5045 5048/1/5048 5049/1/5049 
f 5049/1/5049 5046/1/5046 5045/1/5045 
f 5050/1/5050 3702/1/3702 3699/1/3699 
f 5051/1/5051 5050/1/5050 5047/1/5047 
f 5047/1/5047 5046/1/5046 5051/1/5051 
f 5052/1/5052 5053/1/5053 5050/1/5050 
f 5050/1/5050 5051/1/5051 5052/1/5052 
f 5053/1/5053 3703/1/3703 3702/1/3702 
f 3680/1/3680 3679/1/3679 5054/1/5054 
f 5054/1/5054 5055/1/5055 3680/1/3680 
f 5022/1/5022 5054/1/5054 3679/1/3679 
f 3679/1/3679 3673/1/3673 5022/1/5022 
f 5024/1/5024 5056/1/5056 5054/1/5054 
f 5054/1/5054 5022/1/5022 5024/1/5024 
f 5055/1/5055 5054/1/5054 5056/1/5056 
f 5056/1/5056 5057/1/5057 5055/1/5055 
f 3682/1/3682 3681/1/3681 5058/1/5058 
f 5058/1/5058 5027/1/5027 3682/1/3682 
f 5055/1/5055 5058/1/5058 3681/1/3681 
f 3681/1/3681 3680/1/3680 5055/1/5055 
f 5057/1/5057 5059/1/5059 5058/1/5058 
f 5058/1/5058 5055/1/5055 5057/1/5057 
f 5027/1/5027 5058/1/5058 5059/1/5059 
f 5059/1/5059 5028/1/5028 5027/1/5027 
f 5030/1/5030 5029/1/5029 5060/1/5060 
f 5060/1/5060 5037/1/5037 5030/1/5030 
f 5061/1/5061 5060/1/5060 5029/1/5029 
f 5029/1/5029 5028/1/5028 5061/1/5061 
f 2114/1/2114 2113/1/2113 5060/1/5060 
f 5060/1/5060 5061/1/5061 2114/1/2114 
f 5037/1/5037 5060/1/5060 2113/1/2113 
f 2113/1/2113 2084/1/2084 5037/1/5037 
f 5024/1/5024 5023/1/5023 5062/1/5062 
f 5062/1/5062 5063/1/5063 5024/1/5024 
f 5064/1/5064 5062/1/5062 5023/1/5023 
f 5023/1/5023 5019/1/5019 5064/1/5064 
f 2116/1/2116 2119/1/2119 5062/1/5062 
f 5062/1/5062 5064/1/5064 2116/1/2116 
f 5063/1/5063 5062/1/5062 2119/1/2119 
f 2119/1/2119 2121/1/2121 5063/1/5063 
f 5057/1/5057 5056/1/5056 5065/1/5065 
f 5065/1/5065 5066/1/5066 5057/1/5057 
f 5063/1/5063 5065/1/5065 5056/1/5056 
f 5056/1/5056 5024/1/5024 5063/1/5063 
f 2121/1/2121 2124/1/2124 5065/1/5065 
f 5065/1/5065 5063/1/5063 2121/1/2121 
f 5066/1/5066 5065/1/5065 2124/1/2124 
f 2124/1/2124 2125/1/2125 5066/1/5066 
f 5028/1/5028 5059/1/5059 5067/1/5067 
f 5067/1/5067 5061/1/5061 5028/1/5028 
f 5066/1/5066 5067/1/5067 5059/1/5059 
f 5059/1/5059 5057/1/5057 5066/1/5066 
f 2125/1/2125 2127/1/2127 5067/1/5067 
f 5067/1/5067 5066/1/5066 2125/1/2125 
f 5061/1/5061 5067/1/5067 2127/1/2127 
f 2127/1/2127 2114/1/2114 5061/1/5061 
f 5015/1/5015 5014/1/5014 5068/1/5068 
f 5068/1/5068 5069/1/5069 5015/1/5015 
f 5070/1/5070 5068/1/5068 5014/1/5014 
f 5014/1/5014 5006/1/5006 5070/1/5070 
f 5071/1/5071 5072/1/5072 5068/1/5068 
f 5068/1/5068 5070/1/5070 5071/1/5071 
f 5069/1/5069 5068/1/5068 5072/1/5072 
f 5072/1/5072 2131/1/2131 5069/1/5069 
f 5006/1/5006 5005/1/5005 5073/1/5073 
f 5073/1/5073 5070/1/5070 5006/1/5006 
f 5008/1/5008 5073/1/5073 5005/1/5005 
f 5005/1/5005 5002/1/5002 5008/1/5008 
f 5074/1/5074 5073/1/5073 5008/1/5008 
f 5008/1/5008 5010/1/5010 5074/1/5074 
f 5070/1/5070 5073/1/5073 5074/1/5074 
f 5074/1/5074 5071/1/5071 5070/1/5070 
f 5010/1/5010 5011/1/5011 5075/1/5075 
f 5075/1/5075 5074/1/5074 5010/1/5010 
f 2139/1/2139 5075/1/5075 5011/1/5011 
f 5011/1/5011 2054/1/2054 2139/1/2139 
f 2138/1/2138 5076/1/5076 5075/1/5075 
f 5075/1/5075 2139/1/2139 2138/1/2138 
f 5074/1/5074 5075/1/5075 5076/1/5076 
f 5076/1/5076 5071/1/5071 5074/1/5074 
f 5071/1/5071 5076/1/5076 5077/1/5077 
f 5077/1/5077 5072/1/5072 5071/1/5071 
f 2138/1/2138 2141/1/2141 5077/1/5077 
f 5077/1/5077 5076/1/5076 2138/1/2138 
f 5072/1/5072 5077/1/5077 2141/1/2141 
f 2141/1/2141 2131/1/2131 5072/1/5072 
f 2143/1/2143 2116/1/2116 5064/1/5064 
f 5064/1/5064 5078/1/5078 2143/1/2143 
f 5018/1/5018 5078/1/5078 5064/1/5064 
f 5064/1/5064 5019/1/5019 5018/1/5018 
f 5069/1/5069 5078/1/5078 5018/1/5018 
f 5018/1/5018 5015/1/5015 5069/1/5069 
f 2143/1/2143 5078/1/5078 5069/1/5069 
f 5069/1/5069 2131/1/2131 2143/1/2143 
f 5079/1/5079 5080/1/5080 5081/1/5081 
f 5081/1/5081 5082/1/5082 5079/1/5079 
f 3908/1/3908 5081/1/5081 5080/1/5080 
f 5080/1/5080 3900/1/3900 3908/1/3908 
f 3912/1/3912 5083/1/5083 5081/1/5081 
f 5081/1/5081 3908/1/3908 3912/1/3912 
f 5082/1/5082 5081/1/5081 5083/1/5083 
f 5083/1/5083 5084/1/5084 5082/1/5082 
f 3922/1/3922 5085/1/5085 5083/1/5083 
f 5083/1/5083 3912/1/3912 3922/1/3922 
f 5086/1/5086 5085/1/5085 3922/1/3922 
f 3922/1/3922 3926/1/3926 5086/1/5086 
f 5087/1/5087 5088/1/5088 5085/1/5085 
f 5085/1/5085 5086/1/5086 5087/1/5087 
f 5088/1/5088 5084/1/5084 5083/1/5083 
f 5083/1/5083 5085/1/5085 5088/1/5088 
f 3926/1/3926 3934/1/3934 5089/1/5089 
f 5089/1/5089 5086/1/5086 3926/1/3926 
f 5090/1/5090 5089/1/5089 3934/1/3934 
f 3934/1/3934 3938/1/3938 5090/1/5090 
f 5091/1/5091 5092/1/5092 5089/1/5089 
f 5089/1/5089 5090/1/5090 5091/1/5091 
f 5086/1/5086 5089/1/5089 5092/1/5092 
f 5092/1/5092 5087/1/5087 5086/1/5086 
f 3938/1/3938 3955/1/3955 5093/1/5093 
f 5093/1/5093 5090/1/5090 3938/1/3938 
f 3930/1/3930 5094/1/5094 5093/1/5093 
f 5093/1/5093 3955/1/3955 3930/1/3930 
f 5095/1/5095 5093/1/5093 5094/1/5094 
f 5094/1/5094 5096/1/5096 5095/1/5095 
f 5090/1/5090 5093/1/5093 5095/1/5095 
f 5095/1/5095 5091/1/5091 5090/1/5090 
f 2162/1/2162 2165/1/2165 5097/1/5097 
f 5097/1/5097 5098/1/5098 2162/1/2162 
f 3899/1/3899 5097/1/5097 2165/1/2165 
f 2165/1/2165 881/1/881 3899/1/3899 
f 3900/1/3900 5080/1/5080 5097/1/5097 
f 5097/1/5097 3899/1/3899 3900/1/3900 
f 5098/1/5098 5097/1/5097 5080/1/5080 
f 5080/1/5080 5079/1/5079 5098/1/5098 
f 5099/1/5099 5100/1/5100 5101/1/5101 
f 5101/1/5101 5102/1/5102 5099/1/5099 
f 2166/1/2166 5100/1/5100 5099/1/5099 
f 5099/1/5099 2169/1/2169 2166/1/2166 
f 2166/1/2166 2162/1/2162 5098/1/5098 
f 5100/1/5100 5098/1/5098 5079/1/5079 
f 5102/1/5102 5101/1/5101 5103/1/5103 
f 5103/1/5103 5104/1/5104 5102/1/5102 
f 5082/1/5082 5103/1/5103 5101/1/5101 
f 5101/1/5101 5079/1/5079 5082/1/5082 
f 5084/1/5084 5105/1/5105 5103/1/5103 
f 5103/1/5103 5082/1/5082 5084/1/5084 
f 5104/1/5104 5103/1/5103 5105/1/5105 
f 5105/1/5105 5106/1/5106 5104/1/5104 
f 5107/1/5107 5108/1/5108 5109/1/5109 
f 5109/1/5109 5110/1/5110 5107/1/5107 
f 5108/1/5108 5106/1/5106 5105/1/5105 
f 5105/1/5105 5109/1/5109 5108/1/5108 
f 5088/1/5088 5109/1/5109 5105/1/5105 
f 5105/1/5105 5084/1/5084 5088/1/5088 
f 5110/1/5110 5109/1/5109 5088/1/5088 
f 5088/1/5088 5087/1/5087 5110/1/5110 
f 5111/1/5111 5112/1/5112 5113/1/5113 
f 5113/1/5113 5114/1/5114 5111/1/5111 
f 5110/1/5110 5113/1/5113 5112/1/5112 
f 5112/1/5112 5107/1/5107 5110/1/5110 
f 5087/1/5087 5092/1/5092 5113/1/5113 
f 5113/1/5113 5110/1/5110 5087/1/5087 
f 5114/1/5114 5113/1/5113 5092/1/5092 
f 5092/1/5092 5091/1/5091 5114/1/5114 
f 5115/1/5115 5116/1/5116 5117/1/5117 
f 5117/1/5117 5118/1/5118 5115/1/5115 
f 5114/1/5114 5116/1/5116 5115/1/5115 
f 5115/1/5115 5111/1/5111 5114/1/5114 
f 5091/1/5091 5095/1/5095 5116/1/5116 
f 5116/1/5116 5114/1/5114 5091/1/5091 
f 5096/1/5096 5117/1/5117 5116/1/5116 
f 5116/1/5116 5095/1/5095 5096/1/5096 
f 2169/1/2169 5099/1/5099 5119/1/5119 
f 5119/1/5119 2188/1/2188 2169/1/2169 
f 5104/1/5104 5119/1/5119 5099/1/5099 
f 5099/1/5099 5102/1/5102 5104/1/5104 
f 5106/1/5106 5120/1/5120 5119/1/5119 
f 5119/1/5119 5104/1/5104 5106/1/5106 
f 2188/1/2188 5119/1/5119 5120/1/5120 
f 5120/1/5120 2191/1/2191 2188/1/2188 
f 5121/1/5121 5122/1/5122 5123/1/5123 
f 5123/1/5123 5124/1/5124 5121/1/5121 
f 5120/1/5120 5123/1/5123 5122/1/5122 
f 5122/1/5122 2191/1/2191 5120/1/5120 
f 5106/1/5106 5108/1/5108 5123/1/5123 
f 5123/1/5123 5120/1/5120 5106/1/5106 
f 5124/1/5124 5123/1/5123 5108/1/5108 
f 5108/1/5108 5107/1/5107 5124/1/5124 
f 2196/1/2196 2199/1/2199 5125/1/5125 
f 5125/1/5125 5126/1/5126 2196/1/2196 
f 5122/1/5122 5125/1/5125 2199/1/2199 
f 2199/1/2199 2191/1/2191 5122/1/5122 
f 5122/1/5122 5121/1/5121 5126/1/5126 
f 5126/1/5126 5125/1/5125 5122/1/5122 
f 5127/1/5127 5128/1/5128 5129/1/5129 
f 5129/1/5129 5130/1/5130 5127/1/5127 
f 5124/1/5124 5129/1/5129 5128/1/5128 
f 5128/1/5128 5121/1/5121 5124/1/5124 
f 5107/1/5107 5112/1/5112 5129/1/5129 
f 5129/1/5129 5124/1/5124 5107/1/5107 
f 5130/1/5130 5129/1/5129 5112/1/5112 
f 5112/1/5112 5111/1/5111 5130/1/5130 
f 2204/1/2204 2207/1/2207 5131/1/5131 
f 5131/1/5131 5132/1/5132 2204/1/2204 
f 5126/1/5126 5131/1/5131 2207/1/2207 
f 2207/1/2207 2196/1/2196 5126/1/5126 
f 5121/1/5121 5128/1/5128 5131/1/5131 
f 5131/1/5131 5126/1/5126 5121/1/5121 
f 5132/1/5132 5131/1/5131 5128/1/5128 
f 5128/1/5128 5127/1/5127 5132/1/5132 
f 5130/1/5130 5133/1/5133 5134/1/5134 
f 5134/1/5134 5127/1/5127 5130/1/5130 
f 5111/1/5111 5115/1/5115 5133/1/5133 
f 5133/1/5133 5130/1/5130 5111/1/5111 
f 5118/1/5118 5135/1/5135 5133/1/5133 
f 5133/1/5133 5115/1/5115 5118/1/5118 
f 5134/1/5134 5133/1/5133 5135/1/5135 
f 5135/1/5135 5136/1/5136 5134/1/5134 
f 2214/1/2214 5137/1/5137 5138/1/5138 
f 5138/1/5138 2215/1/2215 2214/1/2214 
f 5132/1/5132 5137/1/5137 2214/1/2214 
f 2214/1/2214 2204/1/2204 5132/1/5132 
f 5127/1/5127 5134/1/5134 5137/1/5137 
f 5137/1/5137 5132/1/5132 5127/1/5127 
f 5136/1/5136 5138/1/5138 5137/1/5137 
f 5137/1/5137 5134/1/5134 5136/1/5136 
f 2215/1/2215 5138/1/5138 5139/1/5139 
f 5139/1/5139 2216/1/2216 2215/1/2215 
f 5140/1/5140 5139/1/5139 5138/1/5138 
f 5138/1/5138 5136/1/5136 5140/1/5140 
f 5141/1/5141 5142/1/5142 5139/1/5139 
f 5139/1/5139 5140/1/5140 5141/1/5141 
f 2216/1/2216 5139/1/5139 5142/1/5142 
f 5142/1/5142 2219/1/2219 2216/1/2216 
f 5141/1/5141 5140/1/5140 5143/1/5143 
f 5143/1/5143 5144/1/5144 5141/1/5141 
f 5136/1/5136 5135/1/5135 5143/1/5143 
f 5143/1/5143 5140/1/5140 5136/1/5136 
f 5145/1/5145 5143/1/5143 5135/1/5135 
f 5135/1/5135 5118/1/5118 5145/1/5145 
f 5144/1/5144 5143/1/5143 5145/1/5145 
f 5145/1/5145 5146/1/5146 5144/1/5144 
f 2219/1/2219 5142/1/5142 5147/1/5147 
f 5147/1/5147 2226/1/2226 2219/1/2219 
f 5144/1/5144 5147/1/5147 5142/1/5142 
f 5142/1/5142 5141/1/5141 5144/1/5144 
f 5146/1/5146 5148/1/5148 5147/1/5147 
f 5147/1/5147 5144/1/5144 5146/1/5146 
f 2226/1/2226 5147/1/5147 5148/1/5148 
f 5148/1/5148 2229/1/2229 2226/1/2226 
f 5146/1/5146 5145/1/5145 5149/1/5149 
f 5149/1/5149 5150/1/5150 5146/1/5146 
f 5117/1/5117 5149/1/5149 5145/1/5145 
f 5145/1/5145 5118/1/5118 5117/1/5117 
f 5151/1/5151 5149/1/5149 5117/1/5117 
f 5117/1/5117 5096/1/5096 5151/1/5151 
f 5150/1/5150 5149/1/5149 5151/1/5151 
f 5151/1/5151 5152/1/5152 5150/1/5150 
f 5096/1/5096 5094/1/5094 5153/1/5153 
f 5153/1/5153 5151/1/5151 5096/1/5096 
f 3929/1/3929 5153/1/5153 5094/1/5094 
f 5094/1/5094 3930/1/3930 3929/1/3929 
f 3825/1/3825 5154/1/5154 5153/1/5153 
f 5153/1/5153 3929/1/3929 3825/1/3825 
f 5151/1/5151 5153/1/5153 5154/1/5154 
f 5154/1/5154 5152/1/5152 5151/1/5151 
f 2229/1/2229 5148/1/5148 5155/1/5155 
f 5155/1/5155 2236/1/2236 2229/1/2229 
f 5150/1/5150 5155/1/5155 5148/1/5148 
f 5148/1/5148 5146/1/5146 5150/1/5150 
f 5152/1/5152 5156/1/5156 5155/1/5155 
f 5155/1/5155 5150/1/5150 5152/1/5152 
f 2236/1/2236 5155/1/5155 5156/1/5156 
f 5156/1/5156 2239/1/2239 2236/1/2236 
f 3825/1/3825 3824/1/3824 5157/1/5157 
f 5157/1/5157 5154/1/5154 3825/1/3825 
f 5158/1/5158 5157/1/5157 3824/1/3824 
f 3824/1/3824 3712/1/3712 5158/1/5158 
f 5159/1/5159 5160/1/5160 5157/1/5157 
f 5157/1/5157 5158/1/5158 5159/1/5159 
f 5154/1/5154 5157/1/5157 5160/1/5160 
f 5160/1/5160 5152/1/5152 5154/1/5154 
f 2244/1/2244 2247/1/2247 5161/1/5161 
f 5161/1/5161 5162/1/5162 2244/1/2244 
f 2247/1/2247 2239/1/2239 5156/1/5156 
f 5156/1/5156 5161/1/5161 2247/1/2247 
f 5160/1/5160 5161/1/5161 5156/1/5156 
f 5156/1/5156 5152/1/5152 5160/1/5160 
f 5162/1/5162 5161/1/5161 5160/1/5160 
f 5160/1/5160 5159/1/5159 5162/1/5162 
f 3712/1/3712 3709/1/3709 5163/1/5163 
f 5163/1/5163 5158/1/5158 3712/1/3712 
f 5164/1/5164 5163/1/5163 3709/1/3709 
f 3709/1/3709 3708/1/3708 5164/1/5164 
f 5165/1/5165 5166/1/5166 5163/1/5163 
f 5163/1/5163 5164/1/5164 5165/1/5165 
f 5158/1/5158 5163/1/5163 5166/1/5166 
f 5166/1/5166 5159/1/5159 5158/1/5158 
f 3708/1/3708 3714/1/3714 5167/1/5167 
f 5167/1/5167 5164/1/5164 3708/1/3708 
f 5053/1/5053 5167/1/5167 3714/1/3714 
f 3714/1/3714 3703/1/3703 5053/1/5053 
f 5052/1/5052 5168/1/5168 5167/1/5167 
f 5167/1/5167 5053/1/5053 5052/1/5052 
f 5164/1/5164 5167/1/5167 5168/1/5168 
f 5168/1/5168 5165/1/5165 5164/1/5164 
f 2256/1/2256 2255/1/2255 5169/1/5169 
f 5169/1/5169 5170/1/5170 2256/1/2256 
f 5162/1/5162 5169/1/5169 2255/1/2255 
f 2255/1/2255 2244/1/2244 5162/1/5162 
f 5159/1/5159 5166/1/5166 5169/1/5169 
f 5169/1/5169 5162/1/5162 5159/1/5159 
f 5170/1/5170 5169/1/5169 5166/1/5166 
f 5166/1/5166 5165/1/5165 5170/1/5170 
f 2261/1/2261 2260/1/2260 5171/1/5171 
f 5171/1/5171 5172/1/5172 2261/1/2261 
f 5051/1/5051 5172/1/5172 5171/1/5171 
f 5171/1/5171 5052/1/5052 5051/1/5051 
f 5046/1/5046 5049/1/5049 5172/1/5172 
f 5172/1/5172 5051/1/5051 5046/1/5046 
f 2261/1/2261 5172/1/5172 5049/1/5049 
f 5049/1/5049 2100/1/2100 2261/1/2261 
f 5165/1/5165 5168/1/5168 5173/1/5173 
f 5173/1/5173 5170/1/5170 5165/1/5165 
f 5171/1/5171 5173/1/5173 5168/1/5168 
f 5168/1/5168 5052/1/5052 5171/1/5171 
f 2260/1/2260 2263/1/2263 5173/1/5173 
f 5173/1/5173 5171/1/5171 2260/1/2260 
f 5170/1/5170 5173/1/5173 2263/1/2263 
f 2263/1/2263 2256/1/2256 5170/1/5170 
f 3733/1/3733 3732/1/3732 5174/1/5174 
f 5174/1/5174 5175/1/5175 3733/1/3733 
f 3787/1/3787 5174/1/5174 3732/1/3732 
f 3732/1/3732 3726/1/3726 3787/1/3787 
f 3788/1/3788 4423/1/4423 5174/1/5174 
f 5174/1/5174 3787/1/3787 3788/1/3788 
f 4423/1/4423 4426/1/4426 5175/1/5175 
f 3758/1/3758 3755/1/3755 5176/1/5176 
f 5176/1/5176 5177/1/5177 3758/1/3758 
f 3755/1/3755 3734/1/3734 3731/1/3731 
f 5176/1/5176 3731/1/3731 3733/1/3733 
f 5177/1/5177 5176/1/5176 5178/1/5178 
f 5178/1/5178 5179/1/5179 5177/1/5177 
f 4552/1/4552 4551/1/4551 5180/1/5180 
f 5180/1/5180 5181/1/5181 4552/1/4552 
f 5177/1/5177 5180/1/5180 4551/1/4551 
f 4551/1/4551 3758/1/3758 5177/1/5177 
f 5179/1/5179 5182/1/5182 5180/1/5180 
f 5180/1/5180 5177/1/5177 5179/1/5179 
f 5181/1/5181 5180/1/5180 5182/1/5182 
f 5182/1/5182 5183/1/5183 5181/1/5181 
f 4564/1/4564 4563/1/4563 5184/1/5184 
f 5184/1/5184 5185/1/5185 4564/1/4564 
f 5181/1/5181 5184/1/5184 4563/1/4563 
f 4563/1/4563 4552/1/4552 5181/1/5181 
f 5183/1/5183 5186/1/5186 5184/1/5184 
f 5184/1/5184 5181/1/5181 5183/1/5183 
f 5185/1/5185 5184/1/5184 5186/1/5186 
f 5186/1/5186 5187/1/5187 5185/1/5185 
f 4568/1/4568 4567/1/4567 5188/1/5188 
f 5188/1/5188 5189/1/5189 4568/1/4568 
f 5185/1/5185 5188/1/5188 4567/1/4567 
f 4567/1/4567 4564/1/4564 5185/1/5185 
f 5187/1/5187 5190/1/5190 5188/1/5188 
f 5188/1/5188 5185/1/5185 5187/1/5187 
f 5189/1/5189 5188/1/5188 5190/1/5190 
f 5190/1/5190 5191/1/5191 5189/1/5189 
f 5192/1/5192 5193/1/5193 5194/1/5194 
f 5195/1/5195 4426/1/4426 4425/1/4425 
f 5192/1/5192 4425/1/4425 4411/1/4411 
f 4428/1/4428 4427/1/4427 5193/1/5193 
f 4427/1/4427 4432/1/4432 5196/1/5196 
f 5196/1/5196 5193/1/5193 4427/1/4427 
f 5197/1/5197 5196/1/5196 4432/1/4432 
f 4432/1/4432 4431/1/4431 5197/1/5197 
f 5198/1/5198 5199/1/5199 5196/1/5196 
f 5196/1/5196 5197/1/5197 5198/1/5198 
f 5193/1/5193 5196/1/5196 5199/1/5199 
f 5199/1/5199 5194/1/5194 5193/1/5193 
f 5200/1/5200 5201/1/5201 5179/1/5179 
f 5178/1/5178 3733/1/3733 5175/1/5175 
f 5200/1/5200 5175/1/5175 4426/1/4426 
f 5202/1/5202 5203/1/5203 5201/1/5201 
f 5201/1/5201 5204/1/5204 5182/1/5182 
f 5182/1/5182 5179/1/5179 5201/1/5201 
f 5205/1/5205 5204/1/5204 5201/1/5201 
f 5201/1/5201 5203/1/5203 5205/1/5205 
f 5206/1/5206 5207/1/5207 5204/1/5204 
f 5204/1/5204 5205/1/5205 5206/1/5206 
f 5183/1/5183 5182/1/5182 5204/1/5204 
f 5204/1/5204 5207/1/5207 5183/1/5183 
f 5207/1/5207 5208/1/5208 5186/1/5186 
f 5186/1/5186 5183/1/5183 5207/1/5207 
f 5209/1/5209 5208/1/5208 5207/1/5207 
f 5207/1/5207 5206/1/5206 5209/1/5209 
f 5210/1/5210 5208/1/5208 5209/1/5209 
f 5209/1/5209 5211/1/5211 5210/1/5210 
f 5187/1/5187 5186/1/5186 5208/1/5208 
f 5208/1/5208 5210/1/5210 5187/1/5187 
f 5191/1/5191 5190/1/5190 5212/1/5212 
f 5212/1/5212 5213/1/5213 5191/1/5191 
f 5210/1/5210 5212/1/5212 5190/1/5190 
f 5190/1/5190 5187/1/5187 5210/1/5210 
f 5211/1/5211 5214/1/5214 5212/1/5212 
f 5212/1/5212 5210/1/5210 5211/1/5211 
f 5215/1/5215 5213/1/5213 5212/1/5212 
f 5212/1/5212 5214/1/5214 5215/1/5215 
f 5216/1/5216 5217/1/5217 5218/1/5218 
f 5218/1/5218 5219/1/5219 5216/1/5216 
f 5220/1/5220 5221/1/5221 5217/1/5217 
f 5217/1/5217 5216/1/5216 5220/1/5220 
f 5215/1/5215 5222/1/5222 5217/1/5217 
f 5217/1/5217 5221/1/5221 5215/1/5215 
f 5223/1/5223 5218/1/5218 5217/1/5217 
f 5217/1/5217 5222/1/5222 5223/1/5223 
f 5223/1/5223 5222/1/5222 5224/1/5224 
f 5224/1/5224 5225/1/5225 5223/1/5223 
f 5214/1/5214 5224/1/5224 5222/1/5222 
f 5222/1/5222 5215/1/5215 5214/1/5214 
f 5211/1/5211 5226/1/5226 5224/1/5224 
f 5224/1/5224 5214/1/5214 5211/1/5211 
f 5225/1/5225 5224/1/5224 5226/1/5226 
f 5226/1/5226 5227/1/5227 5225/1/5225 
f 5227/1/5227 5226/1/5226 5228/1/5228 
f 5228/1/5228 5229/1/5229 5227/1/5227 
f 5209/1/5209 5228/1/5228 5226/1/5226 
f 5226/1/5226 5211/1/5211 5209/1/5209 
f 5206/1/5206 5230/1/5230 5228/1/5228 
f 5228/1/5228 5209/1/5209 5206/1/5206 
f 5229/1/5229 5228/1/5228 5230/1/5230 
f 5230/1/5230 5231/1/5231 5229/1/5229 
f 4438/1/4438 4437/1/4437 5232/1/5232 
f 5232/1/5232 5233/1/5233 4438/1/4438 
f 4415/1/4415 5232/1/5232 4437/1/4437 
f 4437/1/4437 4416/1/4416 4415/1/4415 
f 3821/1/3821 5234/1/5234 5232/1/5232 
f 5232/1/5232 4415/1/4415 3821/1/3821 
f 5233/1/5233 5232/1/5232 5234/1/5234 
f 5234/1/5234 5235/1/5235 5233/1/5233 
f 5198/1/5198 5197/1/5197 5236/1/5236 
f 5236/1/5236 5237/1/5237 5198/1/5198 
f 4435/1/4435 5236/1/5236 5197/1/5197 
f 5197/1/5197 4431/1/4431 4435/1/4435 
f 4438/1/4438 5233/1/5233 5236/1/5236 
f 5236/1/5236 4435/1/4435 4438/1/4438 
f 5237/1/5237 5236/1/5236 5233/1/5233 
f 5233/1/5233 5235/1/5235 5237/1/5237 
f 5235/1/5235 5234/1/5234 5238/1/5238 
f 3819/1/3819 5238/1/5238 5234/1/5234 
f 5234/1/5234 3821/1/3821 3819/1/3819 
f 4440/1/4440 5238/1/5238 3819/1/3819 
f 3819/1/3819 3820/1/3820 4440/1/4440 
f 5238/1/5238 4440/1/4440 4444/1/4444 
f 5239/1/5239 5240/1/5240 5194/1/5194 
f 5199/1/5199 5198/1/5198 5237/1/5237 
f 5239/1/5239 5237/1/5237 5235/1/5235 
f 5241/1/5241 5242/1/5242 5240/1/5240 
f 5243/1/5243 5244/1/5244 5203/1/5203 
f 5202/1/5202 4426/1/4426 5195/1/5195 
f 5243/1/5243 5195/1/5195 5194/1/5194 
f 5240/1/5240 5242/1/5242 5244/1/5244 
f 5231/1/5231 5230/1/5230 5245/1/5245 
f 5245/1/5245 5246/1/5246 5231/1/5231 
f 5205/1/5205 5245/1/5245 5230/1/5230 
f 5230/1/5230 5206/1/5206 5205/1/5205 
f 5203/1/5203 5244/1/5244 5245/1/5245 
f 5245/1/5245 5205/1/5205 5203/1/5203 
f 5246/1/5246 5245/1/5245 5244/1/5244 
f 5244/1/5244 5242/1/5242 5246/1/5246 
f 5242/1/5242 5241/1/5241 5247/1/5247 
f 5247/1/5247 5248/1/5248 5242/1/5242 
f 5241/1/5241 5235/1/5235 5249/1/5249 
f 5247/1/5247 5249/1/5249 4444/1/4444 
f 5248/1/5248 5247/1/5247 5250/1/5250 
f 5250/1/5250 5251/1/5251 5248/1/5248 
f 5252/1/5252 5253/1/5253 5254/1/5254 
f 5254/1/5254 5255/1/5255 5252/1/5252 
f 5252/1/5252 4442/1/4442 4446/1/4446 
f 5253/1/5253 4446/1/4446 4448/1/4448 
f 5254/1/5254 5253/1/5253 4476/1/4476 
f 4476/1/4476 4475/1/4475 5254/1/5254 
f 5256/1/5256 5250/1/5250 4444/1/4444 
f 4443/1/4443 4442/1/4442 5252/1/5252 
f 5255/1/5255 5257/1/5257 5256/1/5256 
f 5256/1/5256 5252/1/5252 5255/1/5255 
f 5250/1/5250 5256/1/5256 5257/1/5257 
f 5257/1/5257 5251/1/5251 5250/1/5250 
f 5258/1/5258 5259/1/5259 5255/1/5255 
f 4484/1/4484 5258/1/5258 5254/1/5254 
f 5254/1/5254 4475/1/4475 4484/1/4484 
f 4486/1/4486 5260/1/5260 5258/1/5258 
f 5258/1/5258 4484/1/4484 4486/1/4486 
f 5259/1/5259 5258/1/5258 5260/1/5260 
f 5260/1/5260 5261/1/5261 5259/1/5259 
f 5261/1/5261 5260/1/5260 5262/1/5262 
f 5262/1/5262 5263/1/5263 5261/1/5261 
f 4488/1/4488 5262/1/5262 5260/1/5260 
f 5260/1/5260 4486/1/4486 4488/1/4488 
f 4488/1/4488 4482/1/4482 5264/1/5264 
f 5264/1/5264 5262/1/5262 4488/1/4488 
f 5263/1/5263 5262/1/5262 5264/1/5264 
f 5264/1/5264 5265/1/5265 5263/1/5263 
f 4482/1/4482 4481/1/4481 5266/1/5266 
f 5266/1/5266 5264/1/5264 4482/1/4482 
f 4457/1/4457 5266/1/5266 4481/1/4481 
f 4481/1/4481 4459/1/4459 4457/1/4457 
f 4408/1/4408 5267/1/5267 5266/1/5266 
f 5266/1/5266 4457/1/4457 4408/1/4408 
f 5264/1/5264 5266/1/5266 5267/1/5267 
f 5267/1/5267 5265/1/5265 5264/1/5264 
f 4407/1/4407 5268/1/5268 5267/1/5267 
f 5267/1/5267 4408/1/4408 4407/1/4407 
f 5269/1/5269 5268/1/5268 4407/1/4407 
f 4407/1/4407 4404/1/4404 5269/1/5269 
f 5270/1/5270 5268/1/5268 5269/1/5269 
f 5269/1/5269 5271/1/5271 5270/1/5270 
f 5265/1/5265 5267/1/5267 5268/1/5268 
f 5268/1/5268 5270/1/5270 5265/1/5265 
f 5272/1/5272 5273/1/5273 5274/1/5274 
f 5274/1/5274 5275/1/5275 5272/1/5272 
f 5273/1/5273 5271/1/5271 5269/1/5269 
f 5269/1/5269 5274/1/5274 5273/1/5273 
f 4404/1/4404 4403/1/4403 5274/1/5274 
f 5274/1/5274 5269/1/5269 4404/1/4404 
f 5275/1/5275 5274/1/5274 4403/1/4403 
f 4403/1/4403 4400/1/4400 5275/1/5275 
f 4400/1/4400 4399/1/4399 5276/1/5276 
f 5276/1/5276 5275/1/5275 4400/1/4400 
f 4399/1/4399 4396/1/4396 5277/1/5277 
f 5278/1/5278 5279/1/5279 5276/1/5276 
f 5276/1/5276 5277/1/5277 5278/1/5278 
f 5275/1/5275 5276/1/5276 5279/1/5279 
f 5279/1/5279 5272/1/5272 5275/1/5275 
f 5277/1/5277 5280/1/5280 5281/1/5281 
f 5281/1/5281 5278/1/5278 5277/1/5277 
f 4396/1/4396 4393/1/4393 5280/1/5280 
f 5280/1/5280 5277/1/5277 4396/1/4396 
f 4391/1/4391 5282/1/5282 5280/1/5280 
f 5280/1/5280 4393/1/4393 4391/1/4391 
f 5281/1/5281 5280/1/5280 5282/1/5282 
f 5282/1/5282 5283/1/5283 5281/1/5281 
f 5283/1/5283 5282/1/5282 5284/1/5284 
f 5284/1/5284 5285/1/5285 5283/1/5283 
f 4390/1/4390 5284/1/5284 5282/1/5282 
f 5282/1/5282 4391/1/4391 4390/1/4390 
f 4387/1/4387 5286/1/5286 5284/1/5284 
f 5284/1/5284 4390/1/4390 4387/1/4387 
f 5285/1/5285 5284/1/5284 5286/1/5286 
f 5286/1/5286 5287/1/5287 5285/1/5285 
f 5287/1/5287 5286/1/5286 5288/1/5288 
f 5288/1/5288 5289/1/5289 5287/1/5287 
f 4386/1/4386 5288/1/5288 5286/1/5286 
f 5286/1/5286 4387/1/4387 4386/1/4386 
f 5288/1/5288 4386/1/4386 4383/1/4383 
f 5290/1/5290 5291/1/5291 5289/1/5289 
f 5292/1/5292 5293/1/5293 5294/1/5294 
f 5294/1/5294 5295/1/5295 5292/1/5292 
f 5293/1/5293 5242/1/5242 5248/1/5248 
f 5251/1/5251 5295/1/5295 5294/1/5294 
f 5294/1/5294 5248/1/5248 5251/1/5251 
f 5296/1/5296 5297/1/5297 5298/1/5298 
f 5298/1/5298 5299/1/5299 5296/1/5296 
f 5246/1/5246 5298/1/5298 5297/1/5297 
f 5297/1/5297 5231/1/5231 5246/1/5246 
f 5242/1/5242 5293/1/5293 5298/1/5298 
f 5298/1/5298 5246/1/5246 5242/1/5242 
f 5299/1/5299 5298/1/5298 5293/1/5293 
f 5293/1/5293 5292/1/5292 5299/1/5299 
f 5300/1/5300 5301/1/5301 5302/1/5302 
f 5302/1/5302 5303/1/5303 5300/1/5300 
f 5229/1/5229 5302/1/5302 5301/1/5301 
f 5301/1/5301 5227/1/5227 5229/1/5229 
f 5231/1/5231 5297/1/5297 5302/1/5302 
f 5302/1/5302 5229/1/5229 5231/1/5231 
f 5303/1/5303 5302/1/5302 5297/1/5297 
f 5297/1/5297 5296/1/5296 5303/1/5303 
f 5304/1/5304 5305/1/5305 5306/1/5306 
f 5306/1/5306 5307/1/5307 5304/1/5304 
f 5225/1/5225 5306/1/5306 5305/1/5305 
f 5305/1/5305 5223/1/5223 5225/1/5225 
f 5227/1/5227 5301/1/5301 5306/1/5306 
f 5306/1/5306 5225/1/5225 5227/1/5227 
f 5307/1/5307 5306/1/5306 5301/1/5301 
f 5301/1/5301 5300/1/5300 5307/1/5307 
f 5219/1/5219 5218/1/5218 5308/1/5308 
f 5308/1/5308 5309/1/5309 5219/1/5219 
f 5305/1/5305 5308/1/5308 5218/1/5218 
f 5218/1/5218 5223/1/5223 5305/1/5305 
f 5310/1/5310 5308/1/5308 5305/1/5305 
f 5305/1/5305 5304/1/5304 5310/1/5310 
f 5309/1/5309 5308/1/5308 5310/1/5310 
f 5310/1/5310 5311/1/5311 5309/1/5309 
f 5312/1/5312 5313/1/5313 5314/1/5314 
f 5314/1/5314 5292/1/5292 5295/1/5295 
f 5251/1/5251 5257/1/5257 5315/1/5315 
f 5315/1/5315 5295/1/5295 5251/1/5251 
f 5257/1/5257 5255/1/5255 5312/1/5312 
f 5316/1/5316 5317/1/5317 5313/1/5313 
f 5312/1/5312 5255/1/5255 5259/1/5259 
f 5261/1/5261 5318/1/5318 5316/1/5316 
f 5316/1/5316 5259/1/5259 5261/1/5261 
f 5317/1/5317 5316/1/5316 5318/1/5318 
f 5318/1/5318 5319/1/5319 5317/1/5317 
f 5319/1/5319 5318/1/5318 5320/1/5320 
f 5320/1/5320 5321/1/5321 5319/1/5319 
f 5263/1/5263 5320/1/5320 5318/1/5318 
f 5318/1/5318 5261/1/5261 5263/1/5263 
f 5265/1/5265 5322/1/5322 5320/1/5320 
f 5320/1/5320 5263/1/5263 5265/1/5265 
f 5321/1/5321 5320/1/5320 5322/1/5322 
f 5322/1/5322 5323/1/5323 5321/1/5321 
f 5323/1/5323 5322/1/5322 5324/1/5324 
f 5324/1/5324 5325/1/5325 5323/1/5323 
f 5270/1/5270 5324/1/5324 5322/1/5322 
f 5322/1/5322 5265/1/5265 5270/1/5270 
f 5271/1/5271 5326/1/5326 5324/1/5324 
f 5324/1/5324 5270/1/5270 5271/1/5271 
f 5325/1/5325 5324/1/5324 5326/1/5326 
f 5326/1/5326 5327/1/5327 5325/1/5325 
f 5327/1/5327 5326/1/5326 5328/1/5328 
f 5328/1/5328 5329/1/5329 5327/1/5327 
f 5273/1/5273 5328/1/5328 5326/1/5326 
f 5326/1/5326 5271/1/5271 5273/1/5273 
f 5330/1/5330 5328/1/5328 5273/1/5273 
f 5273/1/5273 5272/1/5272 5330/1/5330 
f 5330/1/5330 5331/1/5331 5329/1/5329 
f 5329/1/5329 5328/1/5328 5330/1/5330 
f 5332/1/5332 5333/1/5333 5334/1/5334 
f 5334/1/5334 5335/1/5335 5332/1/5332 
f 5330/1/5330 5334/1/5334 5333/1/5333 
f 5333/1/5333 5331/1/5331 5330/1/5330 
f 5272/1/5272 5279/1/5279 5334/1/5334 
f 5334/1/5334 5330/1/5330 5272/1/5272 
f 5335/1/5335 5334/1/5334 5279/1/5279 
f 5279/1/5279 5278/1/5278 5335/1/5335 
f 5336/1/5336 5337/1/5337 5338/1/5338 
f 5338/1/5338 5339/1/5339 5336/1/5336 
f 5335/1/5335 5338/1/5338 5337/1/5337 
f 5337/1/5337 5332/1/5332 5335/1/5335 
f 5278/1/5278 5281/1/5281 5338/1/5338 
f 5338/1/5338 5335/1/5335 5278/1/5278 
f 5339/1/5339 5338/1/5338 5281/1/5281 
f 5281/1/5281 5283/1/5283 5339/1/5339 
f 5340/1/5340 5341/1/5341 5342/1/5342 
f 5342/1/5342 5343/1/5343 5340/1/5340 
f 5339/1/5339 5342/1/5342 5341/1/5341 
f 5341/1/5341 5336/1/5336 5339/1/5339 
f 5283/1/5283 5285/1/5285 5342/1/5342 
f 5342/1/5342 5339/1/5339 5283/1/5283 
f 5343/1/5343 5342/1/5342 5285/1/5285 
f 5285/1/5285 5287/1/5287 5343/1/5343 
f 5344/1/5344 5345/1/5345 5346/1/5346 
f 5346/1/5346 5347/1/5347 5344/1/5344 
f 5343/1/5343 5346/1/5346 5345/1/5345 
f 5345/1/5345 5340/1/5340 5343/1/5343 
f 5287/1/5287 5289/1/5289 5346/1/5346 
f 5346/1/5346 5343/1/5343 5287/1/5287 
f 5347/1/5347 5346/1/5346 5289/1/5289 
f 5289/1/5289 5291/1/5291 5347/1/5347 
f 5344/1/5344 5348/1/5348 5349/1/5349 
f 5349/1/5349 5345/1/5345 5344/1/5344 
f 2438/1/2438 5349/1/5349 5348/1/5348 
f 5348/1/5348 2443/1/2443 2438/1/2438 
f 5350/1/5350 5349/1/5349 2438/1/2438 
f 2438/1/2438 2441/1/2441 5350/1/5350 
f 5340/1/5340 5345/1/5345 5349/1/5349 
f 5349/1/5349 5350/1/5350 5340/1/5340 
f 5351/1/5351 5352/1/5352 5353/1/5353 
f 5353/1/5353 5354/1/5354 5351/1/5351 
f 5337/1/5337 5353/1/5353 5352/1/5352 
f 5352/1/5352 5332/1/5332 5337/1/5337 
f 5355/1/5355 5353/1/5353 5337/1/5337 
f 5337/1/5337 5336/1/5336 5355/1/5355 
f 5354/1/5354 5353/1/5353 5355/1/5355 
f 5355/1/5355 2449/1/2449 5354/1/5354 
f 5336/1/5336 5341/1/5341 5356/1/5356 
f 5356/1/5356 5355/1/5355 5336/1/5336 
f 5350/1/5350 5356/1/5356 5341/1/5341 
f 5341/1/5341 5340/1/5340 5350/1/5350 
f 2441/1/2441 2451/1/2451 5356/1/5356 
f 5356/1/5356 5350/1/5350 2441/1/2441 
f 5355/1/5355 5356/1/5356 2451/1/2451 
f 2451/1/2451 2449/1/2449 5355/1/5355 
f 5357/1/5357 5358/1/5358 5359/1/5359 
f 5359/1/5359 5360/1/5360 5357/1/5357 
f 5333/1/5333 5359/1/5359 5358/1/5358 
f 5358/1/5358 5331/1/5331 5333/1/5333 
f 5332/1/5332 5352/1/5352 5359/1/5359 
f 5359/1/5359 5333/1/5333 5332/1/5332 
f 5360/1/5360 5359/1/5359 5352/1/5352 
f 5352/1/5352 5351/1/5351 5360/1/5360 
f 5351/1/5351 5354/1/5354 5361/1/5361 
f 5361/1/5361 5360/1/5360 5351/1/5351 
f 2459/1/2459 5361/1/5361 5354/1/5354 
f 5354/1/5354 2449/1/2449 2459/1/2459 
f 2458/1/2458 5362/1/5362 5361/1/5361 
f 5361/1/5361 2459/1/2459 2458/1/2458 
f 5360/1/5360 5361/1/5361 5362/1/5362 
f 5362/1/5362 5357/1/5357 5360/1/5360 
f 5363/1/5363 5364/1/5364 5365/1/5365 
f 5365/1/5365 5366/1/5366 5363/1/5363 
f 5329/1/5329 5365/1/5365 5364/1/5364 
f 5364/1/5364 5327/1/5327 5329/1/5329 
f 5331/1/5331 5358/1/5358 5365/1/5365 
f 5365/1/5365 5329/1/5329 5331/1/5331 
f 5366/1/5366 5365/1/5365 5358/1/5358 
f 5358/1/5358 5357/1/5357 5366/1/5366 
f 2467/1/2467 2466/1/2466 5367/1/5367 
f 5367/1/5367 5368/1/5368 2467/1/2467 
f 5366/1/5366 5368/1/5368 5367/1/5367 
f 5367/1/5367 5363/1/5363 5366/1/5366 
f 5357/1/5357 5362/1/5362 5368/1/5368 
f 5368/1/5368 5366/1/5366 5357/1/5357 
f 2467/1/2467 5368/1/5368 5362/1/5362 
f 5362/1/5362 2458/1/2458 2467/1/2467 
f 5369/1/5369 5370/1/5370 5371/1/5371 
f 5371/1/5371 5372/1/5372 5369/1/5369 
f 5325/1/5325 5371/1/5371 5370/1/5370 
f 5370/1/5370 5323/1/5323 5325/1/5325 
f 5327/1/5327 5364/1/5364 5371/1/5371 
f 5371/1/5371 5325/1/5325 5327/1/5327 
f 5372/1/5372 5371/1/5371 5364/1/5364 
f 5364/1/5364 5363/1/5363 5372/1/5372 
f 5369/1/5369 5372/1/5372 5373/1/5373 
f 5373/1/5373 5374/1/5374 5369/1/5369 
f 5367/1/5367 5373/1/5373 5372/1/5372 
f 5372/1/5372 5363/1/5363 5367/1/5367 
f 2466/1/2466 2474/1/2474 5373/1/5373 
f 5373/1/5373 5367/1/5367 2466/1/2466 
f 5374/1/5374 5373/1/5373 2474/1/2474 
f 2474/1/2474 2475/1/2475 5374/1/5374 
f 5375/1/5375 5376/1/5376 5377/1/5377 
f 5321/1/5321 5375/1/5375 5378/1/5378 
f 5378/1/5378 5319/1/5319 5321/1/5321 
f 5323/1/5323 5370/1/5370 5375/1/5375 
f 5375/1/5375 5321/1/5321 5323/1/5323 
f 5376/1/5376 5375/1/5375 5370/1/5370 
f 5370/1/5370 5369/1/5369 5376/1/5376 
f 5377/1/5377 5376/1/5376 5379/1/5379 
f 5379/1/5379 5380/1/5380 5377/1/5377 
f 5374/1/5374 5379/1/5379 5376/1/5376 
f 5376/1/5376 5369/1/5369 5374/1/5374 
f 2475/1/2475 2482/1/2482 5379/1/5379 
f 5379/1/5379 5374/1/5374 2475/1/2475 
f 5380/1/5380 5379/1/5379 2482/1/2482 
f 2482/1/2482 2483/1/2483 5380/1/5380 
f 5381/1/5381 5382/1/5382 5383/1/5383 
f 5383/1/5383 5384/1/5384 5381/1/5381 
f 5382/1/5382 5313/1/5313 5317/1/5317 
f 5319/1/5319 5378/1/5378 5383/1/5383 
f 5383/1/5383 5317/1/5317 5319/1/5319 
f 5378/1/5378 5377/1/5377 5384/1/5384 
f 5385/1/5385 5381/1/5381 5384/1/5384 
f 5384/1/5384 5377/1/5377 5380/1/5380 
f 2483/1/2483 2489/1/2489 5386/1/5386 
f 5386/1/5386 5380/1/5380 2483/1/2483 
f 5385/1/5385 5386/1/5386 2489/1/2489 
f 2489/1/2489 2491/1/2491 5385/1/5385 
f 5387/1/5387 5388/1/5388 5389/1/5389 
f 5389/1/5389 5390/1/5390 5387/1/5387 
f 5314/1/5314 5389/1/5389 5388/1/5388 
f 5388/1/5388 5292/1/5292 5314/1/5314 
f 5313/1/5313 5382/1/5382 5389/1/5389 
f 5389/1/5389 5314/1/5314 5313/1/5313 
f 5390/1/5390 5389/1/5389 5382/1/5382 
f 5382/1/5382 5381/1/5381 5390/1/5390 
f 5381/1/5381 5385/1/5385 5391/1/5391 
f 5391/1/5391 5390/1/5390 5381/1/5381 
f 2499/1/2499 5391/1/5391 5385/1/5385 
f 5385/1/5385 2491/1/2491 2499/1/2499 
f 2498/1/2498 5392/1/5392 5391/1/5391 
f 5391/1/5391 2499/1/2499 2498/1/2498 
f 5390/1/5390 5391/1/5391 5392/1/5392 
f 5392/1/5392 5387/1/5387 5390/1/5390 
f 5292/1/5292 5388/1/5388 5393/1/5393 
f 5393/1/5393 5299/1/5299 5292/1/5292 
f 5394/1/5394 5393/1/5393 5388/1/5388 
f 5388/1/5388 5387/1/5387 5394/1/5394 
f 5395/1/5395 5396/1/5396 5393/1/5393 
f 5393/1/5393 5394/1/5394 5395/1/5395 
f 5299/1/5299 5393/1/5393 5396/1/5396 
f 5396/1/5396 5296/1/5296 5299/1/5299 
f 5397/1/5397 5394/1/5394 5387/1/5387 
f 5392/1/5392 2498/1/2498 2507/1/2507 
f 2506/1/2506 5398/1/5398 5397/1/5397 
f 5397/1/5397 2507/1/2507 2506/1/2506 
f 5394/1/5394 5397/1/5397 5398/1/5398 
f 5398/1/5398 5395/1/5395 5394/1/5394 
f 5296/1/5296 5396/1/5396 5399/1/5399 
f 5399/1/5399 5303/1/5303 5296/1/5296 
f 5400/1/5400 5399/1/5399 5396/1/5396 
f 5396/1/5396 5395/1/5395 5400/1/5400 
f 5401/1/5401 5402/1/5402 5399/1/5399 
f 5399/1/5399 5400/1/5400 5401/1/5401 
f 5303/1/5303 5399/1/5399 5402/1/5402 
f 5402/1/5402 5300/1/5300 5303/1/5303 
f 5395/1/5395 5398/1/5398 5403/1/5403 
f 5403/1/5403 5400/1/5400 5395/1/5395 
f 2515/1/2515 5403/1/5403 5398/1/5398 
f 5398/1/5398 2506/1/2506 2515/1/2515 
f 2514/1/2514 5404/1/5404 5403/1/5403 
f 5403/1/5403 2515/1/2515 2514/1/2514 
f 5400/1/5400 5403/1/5403 5404/1/5404 
f 5404/1/5404 5401/1/5401 5400/1/5400 
f 5300/1/5300 5402/1/5402 5405/1/5405 
f 5405/1/5405 5307/1/5307 5300/1/5300 
f 5406/1/5406 5405/1/5405 5402/1/5402 
f 5402/1/5402 5401/1/5401 5406/1/5406 
f 5407/1/5407 5408/1/5408 5405/1/5405 
f 5405/1/5405 5406/1/5406 5407/1/5407 
f 5307/1/5307 5405/1/5405 5408/1/5408 
f 5408/1/5408 5304/1/5304 5307/1/5307 
f 5401/1/5401 5404/1/5404 5409/1/5409 
f 5409/1/5409 5406/1/5406 5401/1/5401 
f 2523/1/2523 5409/1/5409 5404/1/5404 
f 5404/1/5404 2514/1/2514 2523/1/2523 
f 2522/1/2522 5410/1/5410 5409/1/5409 
f 5409/1/5409 2523/1/2523 2522/1/2522 
f 5406/1/5406 5409/1/5409 5410/1/5410 
f 5410/1/5410 5407/1/5407 5406/1/5406 
f 5304/1/5304 5408/1/5408 5411/1/5411 
f 5411/1/5411 5310/1/5310 5304/1/5304 
f 5412/1/5412 5411/1/5411 5408/1/5408 
f 5408/1/5408 5407/1/5407 5412/1/5412 
f 5413/1/5413 5414/1/5414 5411/1/5411 
f 5411/1/5411 5412/1/5412 5413/1/5413 
f 5311/1/5311 5310/1/5310 5411/1/5411 
f 5411/1/5411 5414/1/5414 5311/1/5311 
f 5407/1/5407 5410/1/5410 5415/1/5415 
f 5415/1/5415 5412/1/5412 5407/1/5407 
f 2522/1/2522 2531/1/2531 5415/1/5415 
f 5415/1/5415 5410/1/5410 2522/1/2522 
f 5416/1/5416 5415/1/5415 2531/1/2531 
f 2531/1/2531 2530/1/2530 5416/1/5416 
f 5413/1/5413 5412/1/5412 5415/1/5415 
f 5415/1/5415 5416/1/5416 5413/1/5413 
f 5191/1/5191 5213/1/5213 5417/1/5417 
f 5417/1/5417 5418/1/5418 5191/1/5191 
f 5221/1/5221 5417/1/5417 5213/1/5213 
f 5213/1/5213 5215/1/5215 5221/1/5221 
f 5419/1/5419 5417/1/5417 5221/1/5221 
f 5221/1/5221 5220/1/5220 5419/1/5419 
f 5418/1/5418 5417/1/5417 5419/1/5419 
f 5419/1/5419 5420/1/5420 5418/1/5418 
f 5420/1/5420 5419/1/5419 5421/1/5421 
f 5421/1/5421 5422/1/5422 5420/1/5420 
f 5423/1/5423 5421/1/5421 5419/1/5419 
f 5419/1/5419 5220/1/5220 5423/1/5423 
f 5424/1/5424 5422/1/5422 5421/1/5421 
f 5421/1/5421 5423/1/5423 5424/1/5424 
f 1148/1/1148 4143/1/4143 5425/1/5425 
f 5425/1/5425 2540/1/2540 1148/1/1148 
f 5426/1/5426 5425/1/5425 4143/1/4143 
f 4143/1/4143 4142/1/4142 5426/1/5426 
f 5427/1/5427 5428/1/5428 5425/1/5425 
f 5425/1/5425 5426/1/5426 5427/1/5427 
f 2540/1/2540 5425/1/5425 5428/1/5428 
f 5428/1/5428 2543/1/2543 2540/1/2540 
f 5429/1/5429 5430/1/5430 5431/1/5431 
f 5431/1/5431 5432/1/5432 5429/1/5429 
f 5433/1/5433 5431/1/5431 5430/1/5430 
f 5430/1/5430 5434/1/5434 5433/1/5433 
f 2553/1/2553 2551/1/2551 5431/1/5431 
f 5431/1/5431 5433/1/5433 2553/1/2553 
f 5432/1/5432 5431/1/5431 2551/1/2551 
f 2551/1/2551 2550/1/2550 5432/1/5432 
f 5435/1/5435 5436/1/5436 5437/1/5437 
f 5437/1/5437 5438/1/5438 5435/1/5435 
f 5420/1/5420 5422/1/5422 5436/1/5436 
f 5436/1/5436 5435/1/5435 5420/1/5420 
f 5439/1/5439 5436/1/5436 5422/1/5422 
f 5422/1/5422 5424/1/5424 5439/1/5439 
f 5440/1/5440 5437/1/5437 5436/1/5436 
f 5436/1/5436 5439/1/5439 5440/1/5440 
f 5438/1/5438 5437/1/5437 5441/1/5441 
f 5441/1/5441 5442/1/5442 5438/1/5438 
f 5443/1/5443 5441/1/5441 5437/1/5437 
f 5437/1/5437 5440/1/5440 5443/1/5443 
f 5444/1/5444 5445/1/5445 5441/1/5441 
f 5441/1/5441 5443/1/5443 5444/1/5444 
f 5442/1/5442 5441/1/5441 5445/1/5445 
f 5445/1/5445 5446/1/5446 5442/1/5442 
f 5446/1/5446 5445/1/5445 5447/1/5447 
f 5447/1/5447 5448/1/5448 5446/1/5446 
f 5449/1/5449 5447/1/5447 5445/1/5445 
f 5445/1/5445 5444/1/5444 5449/1/5449 
f 5450/1/5450 5451/1/5451 5447/1/5447 
f 5447/1/5447 5449/1/5449 5450/1/5450 
f 5448/1/5448 5447/1/5447 5451/1/5451 
f 5451/1/5451 5452/1/5452 5448/1/5448 
f 5452/1/5452 5451/1/5451 5453/1/5453 
f 5453/1/5453 5454/1/5454 5452/1/5452 
f 5455/1/5455 5453/1/5453 5451/1/5451 
f 5451/1/5451 5450/1/5450 5455/1/5455 
f 5456/1/5456 5457/1/5457 5453/1/5453 
f 5453/1/5453 5455/1/5455 5456/1/5456 
f 5454/1/5454 5453/1/5453 5457/1/5457 
f 5457/1/5457 5458/1/5458 5454/1/5454 
f 5458/1/5458 5457/1/5457 5459/1/5459 
f 5459/1/5459 5460/1/5460 5458/1/5458 
f 5461/1/5461 5459/1/5459 5457/1/5457 
f 5457/1/5457 5456/1/5456 5461/1/5461 
f 5434/1/5434 5430/1/5430 5459/1/5459 
f 5459/1/5459 5461/1/5461 5434/1/5434 
f 5460/1/5460 5459/1/5459 5430/1/5430 
f 5430/1/5430 5429/1/5429 5460/1/5460 
f 5429/1/5429 5432/1/5432 5462/1/5462 
f 5462/1/5462 5463/1/5463 5429/1/5429 
f 2550/1/2550 2587/1/2587 5462/1/5462 
f 5462/1/5462 5432/1/5432 2550/1/2550 
f 2586/1/2586 5464/1/5464 5462/1/5462 
f 5462/1/5462 2587/1/2587 2586/1/2586 
f 5463/1/5463 5462/1/5462 5464/1/5464 
f 5464/1/5464 5465/1/5465 5463/1/5463 
f 5466/1/5466 5467/1/5467 5468/1/5468 
f 5468/1/5468 5469/1/5469 5466/1/5466 
f 5470/1/5470 5468/1/5468 5467/1/5467 
f 5467/1/5467 5471/1/5471 5470/1/5470 
f 5472/1/5472 5473/1/5473 5468/1/5468 
f 5468/1/5468 5470/1/5470 5472/1/5472 
f 5469/1/5469 5468/1/5468 5473/1/5473 
f 5473/1/5473 5474/1/5474 5469/1/5469 
f 5465/1/5465 5464/1/5464 5475/1/5475 
f 5475/1/5475 5476/1/5476 5465/1/5465 
f 2597/1/2597 5475/1/5475 5464/1/5464 
f 5464/1/5464 2586/1/2586 2597/1/2597 
f 2543/1/2543 5428/1/5428 5475/1/5475 
f 5475/1/5475 2597/1/2597 2543/1/2543 
f 5476/1/5476 5475/1/5475 5428/1/5428 
f 5428/1/5428 5427/1/5427 5476/1/5476 
f 5427/1/5427 5477/1/5477 5478/1/5478 
f 5478/1/5478 5476/1/5476 5427/1/5427 
f 5479/1/5479 5478/1/5478 5477/1/5477 
f 5477/1/5477 5480/1/5480 5479/1/5479 
f 5481/1/5481 5482/1/5482 5478/1/5478 
f 5478/1/5478 5479/1/5479 5481/1/5481 
f 5476/1/5476 5478/1/5478 5482/1/5482 
f 5482/1/5482 5465/1/5465 5476/1/5476 
f 5465/1/5465 5482/1/5482 5483/1/5483 
f 5483/1/5483 5463/1/5463 5465/1/5465 
f 5484/1/5484 5483/1/5483 5482/1/5482 
f 5482/1/5482 5481/1/5481 5484/1/5484 
f 5458/1/5458 5460/1/5460 5483/1/5483 
f 5483/1/5483 5484/1/5484 5458/1/5458 
f 5463/1/5463 5483/1/5483 5460/1/5460 
f 5460/1/5460 5429/1/5429 5463/1/5463 
f 5480/1/5480 5485/1/5485 5486/1/5486 
f 5486/1/5486 5479/1/5479 5480/1/5480 
f 5467/1/5467 5486/1/5486 5485/1/5485 
f 5485/1/5485 5471/1/5471 5467/1/5467 
f 5466/1/5466 5487/1/5487 5486/1/5486 
f 5486/1/5486 5467/1/5467 5466/1/5466 
f 5479/1/5479 5486/1/5486 5487/1/5487 
f 5487/1/5487 5481/1/5481 5479/1/5479 
f 5474/1/5474 5488/1/5488 5489/1/5489 
f 5489/1/5489 5469/1/5469 5474/1/5474 
f 5448/1/5448 5489/1/5489 5488/1/5488 
f 5488/1/5488 5446/1/5446 5448/1/5448 
f 5452/1/5452 5490/1/5490 5489/1/5489 
f 5489/1/5489 5448/1/5448 5452/1/5452 
f 5469/1/5469 5489/1/5489 5490/1/5490 
f 5490/1/5490 5466/1/5466 5469/1/5469 
f 5454/1/5454 5491/1/5491 5490/1/5490 
f 5490/1/5490 5452/1/5452 5454/1/5454 
f 5458/1/5458 5484/1/5484 5491/1/5491 
f 5491/1/5491 5454/1/5454 5458/1/5458 
f 5481/1/5481 5487/1/5487 5491/1/5491 
f 5491/1/5491 5484/1/5484 5481/1/5481 
f 5487/1/5487 5466/1/5466 5490/1/5490 
f 5490/1/5490 5491/1/5491 5487/1/5487 
f 5492/1/5492 5493/1/5493 5494/1/5494 
f 5494/1/5494 5495/1/5495 5492/1/5492 
f 5189/1/5189 5494/1/5494 5493/1/5493 
f 5493/1/5493 4568/1/4568 5189/1/5189 
f 5191/1/5191 5418/1/5418 5494/1/5494 
f 5494/1/5494 5189/1/5189 5191/1/5191 
f 5495/1/5495 5494/1/5494 5418/1/5418 
f 5418/1/5418 5420/1/5420 5495/1/5495 
f 5472/1/5472 5470/1/5470 5496/1/5496 
f 5496/1/5496 5497/1/5497 5472/1/5472 
f 5471/1/5471 5498/1/5498 5496/1/5496 
f 5496/1/5496 5470/1/5470 5471/1/5471 
f 5499/1/5499 5496/1/5496 5498/1/5498 
f 5498/1/5498 5500/1/5500 5499/1/5499 
f 5497/1/5497 5496/1/5496 5499/1/5499 
f 5499/1/5499 5501/1/5501 5497/1/5497 
f 5502/1/5502 5503/1/5503 5504/1/5504 
f 5504/1/5504 5505/1/5505 5502/1/5502 
f 5502/1/5502 4511/1/4511 4522/1/4522 
f 4524/1/4524 5506/1/5506 5503/1/5503 
f 5503/1/5503 4522/1/4522 4524/1/4524 
f 5506/1/5506 5507/1/5507 5504/1/5504 
f 4497/1/4497 4512/1/4512 5508/1/5508 
f 5508/1/5508 5509/1/5509 4497/1/4497 
f 5502/1/5502 5508/1/5508 4512/1/4512 
f 4512/1/4512 4511/1/4511 5502/1/5502 
f 5510/1/5510 5508/1/5508 5502/1/5502 
f 5502/1/5502 5505/1/5505 5510/1/5510 
f 5509/1/5509 5508/1/5508 5510/1/5510 
f 5510/1/5510 5511/1/5511 5509/1/5509 
f 3253/1/3253 4498/1/4498 5512/1/5512 
f 5512/1/5512 3261/1/3261 3253/1/3253 
f 5509/1/5509 5512/1/5512 4498/1/4498 
f 4498/1/4498 4497/1/4497 5509/1/5509 
f 5511/1/5511 5513/1/5513 5512/1/5512 
f 5512/1/5512 5509/1/5509 5511/1/5511 
f 3261/1/3261 5512/1/5512 5513/1/5513 
f 5513/1/5513 3262/1/3262 3261/1/3261 
f 3262/1/3262 5513/1/5513 5514/1/5514 
f 5514/1/5514 5515/1/5515 3262/1/3262 
f 5516/1/5516 5514/1/5514 5513/1/5513 
f 5513/1/5513 5511/1/5511 5516/1/5516 
f 5517/1/5517 5518/1/5518 5514/1/5514 
f 5514/1/5514 5516/1/5516 5517/1/5517 
f 5515/1/5515 5514/1/5514 5518/1/5518 
f 5518/1/5518 5519/1/5519 5515/1/5515 
f 5511/1/5511 5510/1/5510 5520/1/5520 
f 5520/1/5520 5516/1/5516 5511/1/5511 
f 5510/1/5510 5505/1/5505 5521/1/5521 
f 5522/1/5522 5523/1/5523 5520/1/5520 
f 5520/1/5520 5521/1/5521 5522/1/5522 
f 5516/1/5516 5520/1/5520 5523/1/5523 
f 5523/1/5523 5517/1/5517 5516/1/5516 
f 5522/1/5522 5521/1/5521 5524/1/5524 
f 5524/1/5524 5525/1/5525 5522/1/5522 
f 5526/1/5526 5524/1/5524 5521/1/5521 
f 5521/1/5521 5505/1/5505 5526/1/5526 
f 5527/1/5527 5528/1/5528 5524/1/5524 
f 5524/1/5524 5526/1/5526 5527/1/5527 
f 5525/1/5525 5524/1/5524 5528/1/5528 
f 5528/1/5528 5529/1/5529 5525/1/5525 
f 5530/1/5530 5531/1/5531 5532/1/5532 
f 5532/1/5532 5533/1/5533 5530/1/5530 
f 5529/1/5529 5528/1/5528 5531/1/5531 
f 5531/1/5531 5530/1/5530 5529/1/5529 
f 5534/1/5534 5531/1/5531 5528/1/5528 
f 5528/1/5528 5527/1/5527 5534/1/5534 
f 5532/1/5532 5531/1/5531 5534/1/5534 
f 5534/1/5534 5501/1/5501 5532/1/5532 
f 5500/1/5500 5535/1/5535 5536/1/5536 
f 5536/1/5536 5499/1/5499 5500/1/5500 
f 5537/1/5537 5536/1/5536 5535/1/5535 
f 5535/1/5535 5538/1/5538 5537/1/5537 
f 5533/1/5533 5532/1/5532 5536/1/5536 
f 5536/1/5536 5537/1/5537 5533/1/5533 
f 5499/1/5499 5536/1/5536 5532/1/5532 
f 5532/1/5532 5501/1/5501 5499/1/5499 
f 4069/1/4069 4068/1/4068 5539/1/5539 
f 5539/1/5539 5540/1/5540 4069/1/4069 
f 5541/1/5541 5539/1/5539 4068/1/4068 
f 4068/1/4068 4029/1/4029 5541/1/5541 
f 5542/1/5542 5543/1/5543 5539/1/5539 
f 5539/1/5539 5541/1/5541 5542/1/5542 
f 5540/1/5540 5539/1/5539 5543/1/5543 
f 5543/1/5543 5538/1/5538 5540/1/5540 
f 5544/1/5544 5545/1/5545 5546/1/5546 
f 5537/1/5537 5544/1/5544 5547/1/5547 
f 5547/1/5547 5533/1/5533 5537/1/5537 
f 5538/1/5538 5543/1/5543 5544/1/5544 
f 5544/1/5544 5537/1/5537 5538/1/5538 
f 5543/1/5543 5542/1/5542 5545/1/5545 
f 5548/1/5548 5549/1/5549 5550/1/5550 
f 5550/1/5550 5551/1/5551 5548/1/5548 
f 4566/1/4566 5550/1/5550 5549/1/5549 
f 5549/1/5549 4560/1/4560 4566/1/4566 
f 4568/1/4568 5493/1/5493 5550/1/5550 
f 5550/1/5550 4566/1/4566 4568/1/4568 
f 5551/1/5551 5550/1/5550 5493/1/5493 
f 5493/1/5493 5492/1/5492 5551/1/5551 
f 5495/1/5495 5552/1/5552 5553/1/5553 
f 5553/1/5553 5492/1/5492 5495/1/5495 
f 5435/1/5435 5552/1/5552 5495/1/5495 
f 5495/1/5495 5420/1/5420 5435/1/5435 
f 5438/1/5438 5554/1/5554 5552/1/5552 
f 5552/1/5552 5435/1/5435 5438/1/5438 
f 5553/1/5553 5552/1/5552 5554/1/5554 
f 5554/1/5554 5555/1/5555 5553/1/5553 
f 5446/1/5446 5488/1/5488 5556/1/5556 
f 5556/1/5556 5442/1/5442 5446/1/5446 
f 5557/1/5557 5556/1/5556 5488/1/5488 
f 5488/1/5488 5474/1/5474 5557/1/5557 
f 5554/1/5554 5556/1/5556 5557/1/5557 
f 5557/1/5557 5555/1/5555 5554/1/5554 
f 5442/1/5442 5556/1/5556 5554/1/5554 
f 5554/1/5554 5438/1/5438 5442/1/5442 
f 5558/1/5558 5559/1/5559 5560/1/5560 
f 5560/1/5560 5561/1/5561 5558/1/5558 
f 5551/1/5551 5560/1/5560 5559/1/5559 
f 5559/1/5559 5548/1/5548 5551/1/5551 
f 5492/1/5492 5553/1/5553 5560/1/5560 
f 5560/1/5560 5551/1/5551 5492/1/5492 
f 5561/1/5561 5560/1/5560 5553/1/5553 
f 5553/1/5553 5555/1/5555 5561/1/5561 
f 5557/1/5557 5562/1/5562 5563/1/5563 
f 5563/1/5563 5555/1/5555 5557/1/5557 
f 5474/1/5474 5473/1/5473 5562/1/5562 
f 5562/1/5562 5557/1/5557 5474/1/5474 
f 5472/1/5472 5564/1/5564 5562/1/5562 
f 5562/1/5562 5473/1/5473 5472/1/5472 
f 5563/1/5563 5562/1/5562 5564/1/5564 
f 5564/1/5564 5565/1/5565 5563/1/5563 
f 5527/1/5527 5526/1/5526 5566/1/5566 
f 5566/1/5566 5567/1/5567 5527/1/5527 
f 5505/1/5505 5504/1/5504 5566/1/5566 
f 5566/1/5566 5526/1/5526 5505/1/5505 
f 5507/1/5507 5568/1/5568 5566/1/5566 
f 5566/1/5566 5504/1/5504 5507/1/5507 
f 5567/1/5567 5566/1/5566 5568/1/5568 
f 5568/1/5568 5565/1/5565 5567/1/5567 
f 5501/1/5501 5534/1/5534 5569/1/5569 
f 5569/1/5569 5497/1/5497 5501/1/5501 
f 5567/1/5567 5569/1/5569 5534/1/5534 
f 5534/1/5534 5527/1/5527 5567/1/5567 
f 5565/1/5565 5564/1/5564 5569/1/5569 
f 5569/1/5569 5567/1/5567 5565/1/5565 
f 5497/1/5497 5569/1/5569 5564/1/5564 
f 5564/1/5564 5472/1/5472 5497/1/5497 
f 5570/1/5570 5571/1/5571 5507/1/5507 
f 4534/1/4534 5570/1/5570 5506/1/5506 
f 5506/1/5506 4524/1/4524 4534/1/4534 
f 4536/1/4536 5572/1/5572 5570/1/5570 
f 5570/1/5570 4534/1/4534 4536/1/4536 
f 5571/1/5571 5570/1/5570 5572/1/5572 
f 5572/1/5572 5573/1/5573 5571/1/5571 
f 5573/1/5573 5572/1/5572 5574/1/5574 
f 5574/1/5574 5575/1/5575 5573/1/5573 
f 4546/1/4546 5574/1/5574 5572/1/5572 
f 5572/1/5572 4536/1/4536 4546/1/4546 
f 4548/1/4548 5576/1/5576 5574/1/5574 
f 5574/1/5574 4546/1/4546 4548/1/4548 
f 5575/1/5575 5574/1/5574 5576/1/5576 
f 5576/1/5576 5577/1/5577 5575/1/5575 
f 5578/1/5578 5579/1/5579 5577/1/5577 
f 4558/1/4558 5578/1/5578 5576/1/5576 
f 5576/1/5576 4548/1/4548 4558/1/4558 
f 5578/1/5578 4558/1/4558 4560/1/4560 
f 5579/1/5579 5578/1/5578 5549/1/5549 
f 5549/1/5549 5548/1/5548 5579/1/5579 
f 5580/1/5580 5581/1/5581 5582/1/5582 
f 5582/1/5582 5583/1/5583 5580/1/5580 
f 5573/1/5573 5575/1/5575 5581/1/5581 
f 5581/1/5581 5580/1/5580 5573/1/5573 
f 5577/1/5577 5582/1/5582 5581/1/5581 
f 5581/1/5581 5575/1/5575 5577/1/5577 
f 5548/1/5548 5559/1/5559 5584/1/5584 
f 5584/1/5584 5579/1/5579 5548/1/5548 
f 5585/1/5585 5584/1/5584 5559/1/5559 
f 5559/1/5559 5558/1/5558 5585/1/5585 
f 5583/1/5583 5582/1/5582 5584/1/5584 
f 5584/1/5584 5585/1/5585 5583/1/5583 
f 5579/1/5579 5584/1/5584 5582/1/5582 
f 5582/1/5582 5577/1/5577 5579/1/5579 
f 5558/1/5558 5561/1/5561 5586/1/5586 
f 5586/1/5586 5585/1/5585 5558/1/5558 
f 5563/1/5563 5586/1/5586 5561/1/5561 
f 5561/1/5561 5555/1/5555 5563/1/5563 
f 5565/1/5565 5587/1/5587 5586/1/5586 
f 5586/1/5586 5563/1/5563 5565/1/5565 
f 5585/1/5585 5586/1/5586 5587/1/5587 
f 5587/1/5587 5583/1/5583 5585/1/5585 
f 5583/1/5583 5587/1/5587 5588/1/5588 
f 5588/1/5588 5580/1/5580 5583/1/5583 
f 5568/1/5568 5588/1/5588 5587/1/5587 
f 5587/1/5587 5565/1/5565 5568/1/5568 
f 5571/1/5571 5588/1/5588 5568/1/5568 
f 5568/1/5568 5507/1/5507 5571/1/5571 
f 5580/1/5580 5588/1/5588 5571/1/5571 
f 5571/1/5571 5573/1/5573 5580/1/5580 
f 3358/1/3358 3357/1/3357 5589/1/5589 
f 5589/1/5589 5590/1/5590 3358/1/3358 
f 3320/1/3320 5589/1/5589 3357/1/3357 
f 3357/1/3357 3318/1/3318 3320/1/3320 
f 3322/1/3322 5591/1/5591 5589/1/5589 
f 5589/1/5589 3320/1/3320 3322/1/3322 
f 5590/1/5590 5589/1/5589 5591/1/5591 
f 5591/1/5591 5592/1/5592 5590/1/5590 
f 3398/1/3398 3397/1/3397 5593/1/5593 
f 5593/1/5593 5594/1/5594 3398/1/3398 
f 5590/1/5590 5593/1/5593 3397/1/3397 
f 3397/1/3397 3358/1/3358 5590/1/5590 
f 5592/1/5592 5595/1/5595 5593/1/5593 
f 5593/1/5593 5590/1/5590 5592/1/5592 
f 5594/1/5594 5593/1/5593 5595/1/5595 
f 5595/1/5595 5596/1/5596 5594/1/5594 
f 5597/1/5597 5598/1/5598 5599/1/5599 
f 5599/1/5599 5600/1/5600 5597/1/5597 
f 4025/1/4025 5599/1/5599 5598/1/5598 
f 5598/1/5598 4022/1/4022 4025/1/4025 
f 3398/1/3398 5594/1/5594 5599/1/5599 
f 5599/1/5599 4025/1/4025 3398/1/3398 
f 5600/1/5600 5599/1/5599 5594/1/5594 
f 5594/1/5594 5596/1/5596 5600/1/5600 
f 5601/1/5601 5602/1/5602 5603/1/5603 
f 5603/1/5603 5604/1/5604 5601/1/5601 
f 4030/1/4030 5603/1/5603 5602/1/5602 
f 5602/1/5602 4031/1/4031 4030/1/4030 
f 4022/1/4022 5598/1/5598 5603/1/5603 
f 5603/1/5603 4030/1/4030 4022/1/4022 
f 5604/1/5604 5603/1/5603 5598/1/5598 
f 5598/1/5598 5597/1/5597 5604/1/5604 
f 5605/1/5605 5606/1/5606 5607/1/5607 
f 5607/1/5607 5529/1/5529 5530/1/5530 
f 5608/1/5608 5530/1/5530 5533/1/5533 
f 5608/1/5608 5547/1/5547 5546/1/5546 
f 5609/1/5609 5610/1/5610 5611/1/5611 
f 5611/1/5611 5612/1/5612 5609/1/5609 
f 5525/1/5525 5611/1/5611 5610/1/5610 
f 5610/1/5610 5522/1/5522 5525/1/5525 
f 5611/1/5611 5525/1/5525 5529/1/5529 
f 5607/1/5607 5606/1/5606 5612/1/5612 
f 5613/1/5613 5614/1/5614 5615/1/5615 
f 5615/1/5615 5616/1/5616 5613/1/5613 
f 5541/1/5541 5615/1/5615 5614/1/5614 
f 5614/1/5614 5542/1/5542 5541/1/5541 
f 4029/1/4029 4028/1/4028 5615/1/5615 
f 5615/1/5615 5541/1/5541 4029/1/4029 
f 5616/1/5616 5615/1/5615 4028/1/4028 
f 4028/1/4028 4031/1/4031 5616/1/5616 
f 5606/1/5606 5605/1/5605 5617/1/5617 
f 5617/1/5617 5618/1/5618 5606/1/5606 
f 5545/1/5545 5617/1/5617 5605/1/5605 
f 5605/1/5605 5546/1/5546 5545/1/5545 
f 5542/1/5542 5614/1/5614 5617/1/5617 
f 5617/1/5617 5545/1/5545 5542/1/5542 
f 5618/1/5618 5617/1/5617 5614/1/5614 
f 5614/1/5614 5613/1/5613 5618/1/5618 
f 5619/1/5619 5620/1/5620 5621/1/5621 
f 5621/1/5621 5622/1/5622 5619/1/5619 
f 5616/1/5616 5621/1/5621 5620/1/5620 
f 5620/1/5620 5613/1/5613 5616/1/5616 
f 4031/1/4031 5602/1/5602 5621/1/5621 
f 5621/1/5621 5616/1/5616 4031/1/4031 
f 5622/1/5622 5621/1/5621 5602/1/5602 
f 5602/1/5602 5601/1/5601 5622/1/5622 
f 5517/1/5517 5523/1/5523 5623/1/5623 
f 5623/1/5623 5624/1/5624 5517/1/5517 
f 5610/1/5610 5623/1/5623 5523/1/5523 
f 5523/1/5523 5522/1/5522 5610/1/5610 
f 5609/1/5609 5625/1/5625 5623/1/5623 
f 5623/1/5623 5610/1/5610 5609/1/5609 
f 5624/1/5624 5623/1/5623 5625/1/5625 
f 5625/1/5625 5626/1/5626 5624/1/5624 
f 5627/1/5627 5628/1/5628 5609/1/5609 
f 5612/1/5612 5606/1/5606 5618/1/5618 
f 5613/1/5613 5629/1/5629 5627/1/5627 
f 5627/1/5627 5618/1/5618 5613/1/5613 
f 5628/1/5628 5627/1/5627 5629/1/5629 
f 5629/1/5629 5630/1/5630 5628/1/5628 
f 5630/1/5630 5629/1/5629 5631/1/5631 
f 5631/1/5631 5632/1/5632 5630/1/5630 
f 5620/1/5620 5631/1/5631 5629/1/5629 
f 5629/1/5629 5613/1/5613 5620/1/5620 
f 5633/1/5633 5631/1/5631 5620/1/5620 
f 5620/1/5620 5619/1/5619 5633/1/5633 
f 5634/1/5634 5632/1/5632 5631/1/5631 
f 5631/1/5631 5633/1/5633 5634/1/5634 
f 5624/1/5624 5635/1/5635 5518/1/5518 
f 5518/1/5518 5517/1/5517 5624/1/5624 
f 5626/1/5626 5636/1/5636 5635/1/5635 
f 5635/1/5635 5624/1/5624 5626/1/5626 
f 5518/1/5518 5635/1/5635 5636/1/5636 
f 5636/1/5636 5519/1/5519 5518/1/5518 
f 5628/1/5628 5637/1/5637 5625/1/5625 
f 5625/1/5625 5609/1/5609 5628/1/5628 
f 5630/1/5630 5638/1/5638 5637/1/5637 
f 5637/1/5637 5628/1/5628 5630/1/5630 
f 5639/1/5639 5637/1/5637 5638/1/5638 
f 5638/1/5638 5640/1/5640 5639/1/5639 
f 5626/1/5626 5625/1/5625 5637/1/5637 
f 5637/1/5637 5639/1/5639 5626/1/5626 
f 5641/1/5641 5642/1/5642 5632/1/5632 
f 5632/1/5632 5634/1/5634 5641/1/5641 
f 5643/1/5643 5642/1/5642 5641/1/5641 
f 5641/1/5641 5644/1/5644 5643/1/5643 
f 5640/1/5640 5638/1/5638 5642/1/5642 
f 5642/1/5642 5643/1/5643 5640/1/5640 
f 5632/1/5632 5642/1/5642 5638/1/5638 
f 5638/1/5638 5630/1/5630 5632/1/5632 
f 5645/1/5645 5646/1/5646 5647/1/5647 
f 5647/1/5647 5648/1/5648 5645/1/5645 
f 5649/1/5649 5647/1/5647 5646/1/5646 
f 5646/1/5646 5650/1/5650 5649/1/5649 
f 3322/1/3322 3321/1/3321 5647/1/5647 
f 5647/1/5647 5649/1/5649 3322/1/3322 
f 5648/1/5648 5647/1/5647 3321/1/3321 
f 3321/1/3321 3264/1/3264 5648/1/5648 
f 3264/1/3264 3263/1/3263 5651/1/5651 
f 5651/1/5651 5648/1/5648 3264/1/3264 
f 5515/1/5515 5651/1/5651 3263/1/3263 
f 3263/1/3263 3262/1/3262 5515/1/5515 
f 5519/1/5519 5652/1/5652 5651/1/5651 
f 5651/1/5651 5515/1/5515 5519/1/5519 
f 5648/1/5648 5651/1/5651 5652/1/5652 
f 5652/1/5652 5645/1/5645 5648/1/5648 
f 5519/1/5519 5636/1/5636 5653/1/5653 
f 5653/1/5653 5654/1/5654 5519/1/5519 
f 5639/1/5639 5653/1/5653 5636/1/5636 
f 5636/1/5636 5626/1/5626 5639/1/5639 
f 5640/1/5640 5655/1/5655 5653/1/5653 
f 5653/1/5653 5639/1/5639 5640/1/5640 
f 5654/1/5654 5653/1/5653 5655/1/5655 
f 5655/1/5655 5656/1/5656 5654/1/5654 
f 5656/1/5656 5655/1/5655 5657/1/5657 
f 5657/1/5657 5658/1/5658 5656/1/5656 
f 5643/1/5643 5657/1/5657 5655/1/5655 
f 5655/1/5655 5640/1/5640 5643/1/5643 
f 5644/1/5644 5659/1/5659 5657/1/5657 
f 5657/1/5657 5643/1/5643 5644/1/5644 
f 5658/1/5658 5657/1/5657 5659/1/5659 
f 5659/1/5659 5660/1/5660 5658/1/5658 
f 5592/1/5592 5591/1/5591 5661/1/5661 
f 5661/1/5661 5662/1/5662 5592/1/5592 
f 5649/1/5649 5661/1/5661 5591/1/5591 
f 5591/1/5591 3322/1/3322 5649/1/5649 
f 5650/1/5650 5663/1/5663 5661/1/5661 
f 5661/1/5661 5649/1/5649 5650/1/5650 
f 5662/1/5662 5661/1/5661 5663/1/5663 
f 5663/1/5663 5664/1/5664 5662/1/5662 
f 5645/1/5645 5652/1/5652 5665/1/5665 
f 5665/1/5665 5666/1/5666 5645/1/5645 
f 5654/1/5654 5665/1/5665 5652/1/5652 
f 5652/1/5652 5519/1/5519 5654/1/5654 
f 5656/1/5656 5667/1/5667 5665/1/5665 
f 5665/1/5665 5654/1/5654 5656/1/5656 
f 5666/1/5666 5665/1/5665 5667/1/5667 
f 5667/1/5667 5668/1/5668 5666/1/5666 
f 5650/1/5650 5646/1/5646 5669/1/5669 
f 5669/1/5669 5663/1/5663 5650/1/5650 
f 5666/1/5666 5669/1/5669 5646/1/5646 
f 5646/1/5646 5645/1/5645 5666/1/5666 
f 5668/1/5668 5670/1/5670 5669/1/5669 
f 5669/1/5669 5666/1/5666 5668/1/5668 
f 5663/1/5663 5669/1/5669 5670/1/5670 
f 5670/1/5670 5664/1/5664 5663/1/5663 
f 5668/1/5668 5667/1/5667 5671/1/5671 
f 5671/1/5671 5672/1/5672 5668/1/5668 
f 5658/1/5658 5671/1/5671 5667/1/5667 
f 5667/1/5667 5656/1/5656 5658/1/5658 
f 5660/1/5660 5673/1/5673 5671/1/5671 
f 5671/1/5671 5658/1/5658 5660/1/5660 
f 5672/1/5672 5671/1/5671 5673/1/5673 
f 5673/1/5673 5674/1/5674 5672/1/5672 
f 5664/1/5664 5670/1/5670 5675/1/5675 
f 5675/1/5675 5676/1/5676 5664/1/5664 
f 5672/1/5672 5675/1/5675 5670/1/5670 
f 5670/1/5670 5668/1/5668 5672/1/5672 
f 5674/1/5674 5677/1/5677 5675/1/5675 
f 5675/1/5675 5672/1/5672 5674/1/5674 
f 5676/1/5676 5675/1/5675 5677/1/5677 
f 5677/1/5677 5678/1/5678 5676/1/5676 
f 5596/1/5596 5595/1/5595 5679/1/5679 
f 5679/1/5679 5680/1/5680 5596/1/5596 
f 5662/1/5662 5679/1/5679 5595/1/5595 
f 5595/1/5595 5592/1/5592 5662/1/5662 
f 5664/1/5664 5681/1/5681 5679/1/5679 
f 5679/1/5679 5662/1/5662 5664/1/5664 
f 5680/1/5680 5679/1/5679 5681/1/5681 
f 5681/1/5681 5682/1/5682 5680/1/5680 
f 5680/1/5680 5683/1/5683 5600/1/5600 
f 5600/1/5600 5596/1/5596 5680/1/5680 
f 5682/1/5682 5684/1/5684 5683/1/5683 
f 5683/1/5683 5680/1/5680 5682/1/5682 
f 5685/1/5685 5686/1/5686 5683/1/5683 
f 5683/1/5683 5684/1/5684 5685/1/5685 
f 5600/1/5600 5683/1/5683 5686/1/5686 
f 5686/1/5686 5597/1/5597 5600/1/5600 
f 5682/1/5682 5681/1/5681 5687/1/5687 
f 5687/1/5687 5688/1/5688 5682/1/5682 
f 5676/1/5676 5687/1/5687 5681/1/5681 
f 5681/1/5681 5664/1/5664 5676/1/5676 
f 5678/1/5678 5689/1/5689 5687/1/5687 
f 5687/1/5687 5676/1/5676 5678/1/5678 
f 5688/1/5688 5687/1/5687 5689/1/5689 
f 5689/1/5689 5690/1/5690 5688/1/5688 
f 5597/1/5597 5686/1/5686 5691/1/5691 
f 5691/1/5691 5604/1/5604 5597/1/5597 
f 5692/1/5692 5691/1/5691 5686/1/5686 
f 5686/1/5686 5685/1/5685 5692/1/5692 
f 5693/1/5693 5694/1/5694 5691/1/5691 
f 5691/1/5691 5692/1/5692 5693/1/5693 
f 5604/1/5604 5691/1/5691 5694/1/5694 
f 5694/1/5694 5601/1/5601 5604/1/5604 
f 5690/1/5690 5695/1/5695 5696/1/5696 
f 5696/1/5696 5688/1/5688 5690/1/5690 
f 5697/1/5697 5698/1/5698 5696/1/5696 
f 5696/1/5696 5695/1/5695 5697/1/5697 
f 5684/1/5684 5696/1/5696 5698/1/5698 
f 5698/1/5698 5685/1/5685 5684/1/5684 
f 5688/1/5688 5696/1/5696 5684/1/5684 
f 5684/1/5684 5682/1/5682 5688/1/5688 
f 5601/1/5601 5694/1/5694 5699/1/5699 
f 5699/1/5699 5622/1/5622 5601/1/5601 
f 5700/1/5700 5699/1/5699 5694/1/5694 
f 5694/1/5694 5693/1/5693 5700/1/5700 
f 5701/1/5701 5702/1/5702 5699/1/5699 
f 5699/1/5699 5700/1/5700 5701/1/5701 
f 5622/1/5622 5699/1/5699 5702/1/5702 
f 5702/1/5702 5619/1/5619 5622/1/5622 
f 5703/1/5703 5704/1/5704 5705/1/5705 
f 5705/1/5705 5706/1/5706 5703/1/5703 
f 5692/1/5692 5705/1/5705 5704/1/5704 
f 5704/1/5704 5693/1/5693 5692/1/5692 
f 5685/1/5685 5698/1/5698 5705/1/5705 
f 5705/1/5705 5692/1/5692 5685/1/5685 
f 5706/1/5706 5705/1/5705 5698/1/5698 
f 5698/1/5698 5697/1/5697 5706/1/5706 
f 5707/1/5707 5708/1/5708 5709/1/5709 
f 5709/1/5709 5710/1/5710 5707/1/5707 
f 5633/1/5633 5709/1/5709 5708/1/5708 
f 5708/1/5708 5634/1/5634 5633/1/5633 
f 5619/1/5619 5702/1/5702 5709/1/5709 
f 5709/1/5709 5633/1/5633 5619/1/5619 
f 5710/1/5710 5709/1/5709 5702/1/5702 
f 5702/1/5702 5701/1/5701 5710/1/5710 
f 5711/1/5711 5712/1/5712 5713/1/5713 
f 5713/1/5713 5714/1/5714 5711/1/5711 
f 5644/1/5644 5641/1/5641 5713/1/5713 
f 5713/1/5713 5712/1/5712 5644/1/5644 
f 5634/1/5634 5708/1/5708 5713/1/5713 
f 5713/1/5713 5641/1/5641 5634/1/5634 
f 5714/1/5714 5713/1/5713 5708/1/5708 
f 5708/1/5708 5707/1/5707 5714/1/5714 
f 5715/1/5715 5716/1/5716 5717/1/5717 
f 5717/1/5717 5718/1/5718 5715/1/5715 
f 5700/1/5700 5717/1/5717 5716/1/5716 
f 5716/1/5716 5701/1/5701 5700/1/5700 
f 5693/1/5693 5704/1/5704 5717/1/5717 
f 5717/1/5717 5700/1/5700 5693/1/5693 
f 5718/1/5718 5717/1/5717 5704/1/5704 
f 5704/1/5704 5703/1/5703 5718/1/5718 
f 5660/1/5660 5659/1/5659 5719/1/5719 
f 5719/1/5719 5720/1/5720 5660/1/5660 
f 5712/1/5712 5719/1/5719 5659/1/5659 
f 5659/1/5659 5644/1/5644 5712/1/5712 
f 5711/1/5711 5721/1/5721 5719/1/5719 
f 5719/1/5719 5712/1/5712 5711/1/5711 
f 5720/1/5720 5719/1/5719 5721/1/5721 
f 5721/1/5721 5722/1/5722 5720/1/5720 
f 5723/1/5723 5724/1/5724 5725/1/5725 
f 5710/1/5710 5723/1/5723 5726/1/5726 
f 5726/1/5726 5707/1/5707 5710/1/5710 
f 5701/1/5701 5716/1/5716 5723/1/5723 
f 5723/1/5723 5710/1/5710 5701/1/5701 
f 5724/1/5724 5723/1/5723 5716/1/5716 
f 5716/1/5716 5715/1/5715 5724/1/5724 
f 5722/1/5722 5721/1/5721 5727/1/5727 
f 5727/1/5727 5728/1/5728 5722/1/5722 
f 5714/1/5714 5727/1/5727 5721/1/5721 
f 5721/1/5721 5711/1/5711 5714/1/5714 
f 5707/1/5707 5726/1/5726 5727/1/5727 
f 5727/1/5727 5714/1/5714 5707/1/5707 
f 5728/1/5728 5727/1/5727 5726/1/5726 
f 5726/1/5726 5725/1/5725 5728/1/5728 
f 5674/1/5674 5673/1/5673 5729/1/5729 
f 5729/1/5729 5730/1/5730 5674/1/5674 
f 5720/1/5720 5729/1/5729 5673/1/5673 
f 5673/1/5673 5660/1/5660 5720/1/5720 
f 5722/1/5722 5731/1/5731 5729/1/5729 
f 5729/1/5729 5720/1/5720 5722/1/5722 
f 5730/1/5730 5729/1/5729 5731/1/5731 
f 5731/1/5731 5732/1/5732 5730/1/5730 
f 5678/1/5678 5677/1/5677 5733/1/5733 
f 5733/1/5733 5734/1/5734 5678/1/5678 
f 5730/1/5730 5733/1/5733 5677/1/5677 
f 5677/1/5677 5674/1/5674 5730/1/5730 
f 5732/1/5732 5735/1/5735 5733/1/5733 
f 5733/1/5733 5730/1/5730 5732/1/5732 
f 5734/1/5734 5733/1/5733 5735/1/5735 
f 5735/1/5735 5736/1/5736 5734/1/5734 
f 5732/1/5732 5731/1/5731 5737/1/5737 
f 5737/1/5737 5738/1/5738 5732/1/5732 
f 5728/1/5728 5737/1/5737 5731/1/5731 
f 5731/1/5731 5722/1/5722 5728/1/5728 
f 5738/1/5738 5737/1/5737 5728/1/5728 
f 5728/1/5728 5725/1/5725 5738/1/5738 
f 5736/1/5736 5735/1/5735 5739/1/5739 
f 5739/1/5739 5740/1/5740 5736/1/5736 
f 5738/1/5738 5739/1/5739 5735/1/5735 
f 5735/1/5735 5732/1/5732 5738/1/5738 
f 5725/1/5725 5741/1/5741 5739/1/5739 
f 5739/1/5739 5738/1/5738 5725/1/5725 
f 5740/1/5740 5739/1/5739 5741/1/5741 
f 5741/1/5741 5742/1/5742 5740/1/5740 
f 5724/1/5724 5743/1/5743 5741/1/5741 
f 5741/1/5741 5725/1/5725 5724/1/5724 
f 5744/1/5744 5743/1/5743 5724/1/5724 
f 5724/1/5724 5715/1/5715 5744/1/5744 
f 5745/1/5745 5746/1/5746 5743/1/5743 
f 5743/1/5743 5744/1/5744 5745/1/5745 
f 5742/1/5742 5741/1/5741 5743/1/5743 
f 5743/1/5743 5746/1/5746 5742/1/5742 
f 5746/1/5746 5747/1/5747 5748/1/5748 
f 5748/1/5748 5742/1/5742 5746/1/5746 
f 5749/1/5749 5747/1/5747 5746/1/5746 
f 5746/1/5746 5745/1/5745 5749/1/5749 
f 5750/1/5750 5751/1/5751 5747/1/5747 
f 5747/1/5747 5749/1/5749 5750/1/5750 
f 5752/1/5752 5748/1/5748 5747/1/5747 
f 5747/1/5747 5751/1/5751 5752/1/5752 
f 5715/1/5715 5718/1/5718 5753/1/5753 
f 5753/1/5753 5744/1/5744 5715/1/5715 
f 5703/1/5703 5754/1/5754 5753/1/5753 
f 5753/1/5753 5718/1/5718 5703/1/5703 
f 5755/1/5755 5753/1/5753 5754/1/5754 
f 5754/1/5754 5756/1/5756 5755/1/5755 
f 5744/1/5744 5753/1/5753 5755/1/5755 
f 5755/1/5755 5745/1/5745 5744/1/5744 
f 5756/1/5756 5754/1/5754 5757/1/5757 
f 5757/1/5757 5758/1/5758 5756/1/5756 
f 5706/1/5706 5757/1/5757 5754/1/5754 
f 5754/1/5754 5703/1/5703 5706/1/5706 
f 5697/1/5697 5759/1/5759 5757/1/5757 
f 5757/1/5757 5706/1/5706 5697/1/5697 
f 5758/1/5758 5757/1/5757 5759/1/5759 
f 5759/1/5759 5760/1/5760 5758/1/5758 
f 5761/1/5761 5762/1/5762 5763/1/5763 
f 5740/1/5740 5761/1/5761 5764/1/5764 
f 5764/1/5764 5736/1/5736 5740/1/5740 
f 5742/1/5742 5748/1/5748 5761/1/5761 
f 5761/1/5761 5740/1/5740 5742/1/5742 
f 5748/1/5748 5752/1/5752 5762/1/5762 
f 5690/1/5690 5689/1/5689 5765/1/5765 
f 5765/1/5765 5766/1/5766 5690/1/5690 
f 5734/1/5734 5765/1/5765 5689/1/5689 
f 5689/1/5689 5678/1/5678 5734/1/5734 
f 5736/1/5736 5764/1/5764 5765/1/5765 
f 5765/1/5765 5734/1/5734 5736/1/5736 
f 5766/1/5766 5765/1/5765 5764/1/5764 
f 5764/1/5764 5763/1/5763 5766/1/5766 
f 5760/1/5760 5759/1/5759 5767/1/5767 
f 5767/1/5767 5768/1/5768 5760/1/5760 
f 5695/1/5695 5767/1/5767 5759/1/5759 
f 5759/1/5759 5697/1/5697 5695/1/5695 
f 5766/1/5766 5767/1/5767 5695/1/5695 
f 5695/1/5695 5690/1/5690 5766/1/5766 
f 5763/1/5763 5768/1/5768 5767/1/5767 
f 5767/1/5767 5766/1/5766 5763/1/5763 
f 5769/1/5769 5770/1/5770 5771/1/5771 
f 5758/1/5758 5769/1/5769 5772/1/5772 
f 5772/1/5772 5756/1/5756 5758/1/5758 
f 5760/1/5760 5768/1/5768 5769/1/5769 
f 5769/1/5769 5758/1/5758 5760/1/5760 
f 5768/1/5768 5763/1/5763 5770/1/5770 
f 5752/1/5752 5751/1/5751 5773/1/5773 
f 5773/1/5773 5762/1/5762 5752/1/5752 
f 5774/1/5774 5773/1/5773 5751/1/5751 
f 5751/1/5751 5750/1/5750 5774/1/5774 
f 5770/1/5770 5773/1/5773 5774/1/5774 
f 5774/1/5774 5771/1/5771 5770/1/5770 
f 5762/1/5762 5773/1/5773 5770/1/5770 
f 5770/1/5770 5763/1/5763 5762/1/5762 
f 5750/1/5750 5749/1/5749 5775/1/5775 
f 5775/1/5775 5774/1/5774 5750/1/5750 
f 5755/1/5755 5775/1/5775 5749/1/5749 
f 5749/1/5749 5745/1/5745 5755/1/5755 
f 5756/1/5756 5772/1/5772 5775/1/5775 
f 5775/1/5775 5755/1/5755 5756/1/5756 
f 5771/1/5771 5774/1/5774 5775/1/5775 
f 5775/1/5775 5772/1/5772 5771/1/5771 
f 5776/1/5776 5777/1/5777 5778/1/5778 
f 4100/1/4100 5776/1/5776 5779/1/5779 
f 5779/1/5779 4101/1/4101 4100/1/4100 
f 4082/1/4082 4087/1/4087 5776/1/5776 
f 5776/1/5776 4100/1/4100 4082/1/4082 
f 5777/1/5777 5776/1/5776 4087/1/4087 
f 4087/1/4087 4086/1/4086 5777/1/5777 
f 4165/1/4165 4164/1/4164 5780/1/5780 
f 5780/1/5780 5781/1/5781 4165/1/4165 
f 4160/1/4160 4159/1/4159 5780/1/5780 
f 5780/1/5780 4164/1/4164 4160/1/4160 
f 5779/1/5779 5780/1/5780 4159/1/4159 
f 4159/1/4159 4101/1/4101 5779/1/5779 
f 5781/1/5781 5780/1/5780 5779/1/5779 
f 5779/1/5779 5778/1/5778 5781/1/5781 
f 4169/1/4169 5782/1/5782 5783/1/5783 
f 5783/1/5783 4170/1/4170 4169/1/4169 
f 5781/1/5781 5782/1/5782 4169/1/4169 
f 4169/1/4169 4165/1/4165 5781/1/5781 
f 5781/1/5781 5778/1/5778 5784/1/5784 
f 5783/1/5783 5782/1/5782 5784/1/5784 
f 5784/1/5784 5785/1/5785 5783/1/5783 
f 4046/1/4046 4051/1/4051 5786/1/5786 
f 5786/1/5786 4085/1/4085 4046/1/4046 
f 5787/1/5787 5786/1/5786 4051/1/4051 
f 4051/1/4051 4050/1/4050 5787/1/5787 
f 5788/1/5788 5789/1/5789 5786/1/5786 
f 5786/1/5786 5787/1/5787 5788/1/5788 
f 4085/1/4085 5786/1/5786 5789/1/5789 
f 5789/1/5789 4086/1/4086 4085/1/4085 
f 4086/1/4086 5789/1/5789 5790/1/5790 
f 5790/1/5790 5777/1/5777 4086/1/4086 
f 5791/1/5791 5790/1/5790 5789/1/5789 
f 5789/1/5789 5788/1/5788 5791/1/5791 
f 5792/1/5792 5793/1/5793 5790/1/5790 
f 5790/1/5790 5791/1/5791 5792/1/5792 
f 5777/1/5777 5790/1/5790 5793/1/5793 
f 5793/1/5793 5778/1/5778 5777/1/5777 
f 5785/1/5785 5784/1/5784 5794/1/5794 
f 5794/1/5794 5795/1/5795 5785/1/5785 
f 5794/1/5794 5784/1/5784 5778/1/5778 
f 5795/1/5795 5794/1/5794 5793/1/5793 
f 5793/1/5793 5792/1/5792 5795/1/5795 
f 4050/1/4050 4055/1/4055 5796/1/5796 
f 5796/1/5796 5787/1/5787 4050/1/4050 
f 5797/1/5797 5796/1/5796 4055/1/4055 
f 4055/1/4055 4054/1/4054 5797/1/5797 
f 5798/1/5798 5799/1/5799 5796/1/5796 
f 5796/1/5796 5797/1/5797 5798/1/5798 
f 5787/1/5787 5796/1/5796 5799/1/5799 
f 5799/1/5799 5788/1/5788 5787/1/5787 
f 4170/1/4170 5783/1/5783 5800/1/5800 
f 5800/1/5800 4174/1/4174 4170/1/4170 
f 5783/1/5783 5785/1/5785 5801/1/5801 
f 5801/1/5801 5800/1/5800 5783/1/5783 
f 5802/1/5802 5803/1/5803 5800/1/5800 
f 5800/1/5800 5801/1/5801 5802/1/5802 
f 4174/1/4174 5800/1/5800 5803/1/5803 
f 5803/1/5803 4171/1/4171 4174/1/4174 
f 5804/1/5804 5791/1/5791 5788/1/5788 
f 5799/1/5799 5798/1/5798 5805/1/5805 
f 5806/1/5806 5807/1/5807 5804/1/5804 
f 5804/1/5804 5805/1/5805 5806/1/5806 
f 5791/1/5791 5804/1/5804 5807/1/5807 
f 5807/1/5807 5792/1/5792 5791/1/5791 
f 5802/1/5802 5801/1/5801 5808/1/5808 
f 5808/1/5808 5809/1/5809 5802/1/5802 
f 5795/1/5795 5808/1/5808 5801/1/5801 
f 5801/1/5801 5785/1/5785 5795/1/5795 
f 5792/1/5792 5807/1/5807 5808/1/5808 
f 5808/1/5808 5795/1/5795 5792/1/5792 
f 5809/1/5809 5808/1/5808 5807/1/5807 
f 5807/1/5807 5806/1/5806 5809/1/5809 
f 5797/1/5797 5810/1/5810 5811/1/5811 
f 5811/1/5811 5798/1/5798 5797/1/5797 
f 5810/1/5810 5797/1/5797 4054/1/4054 
f 4054/1/4054 4059/1/4059 5810/1/5810 
f 4061/1/4061 5812/1/5812 5810/1/5810 
f 5810/1/5810 4059/1/4059 4061/1/4061 
f 5812/1/5812 5813/1/5813 5811/1/5811 
f 4171/1/4171 5803/1/5803 5814/1/5814 
f 5814/1/5814 4178/1/4178 4171/1/4171 
f 5815/1/5815 5814/1/5814 5803/1/5803 
f 5803/1/5803 5802/1/5802 5815/1/5815 
f 5816/1/5816 5817/1/5817 5814/1/5814 
f 5814/1/5814 5815/1/5815 5816/1/5816 
f 4178/1/4178 5814/1/5814 5817/1/5817 
f 5817/1/5817 4175/1/4175 4178/1/4178 
f 5805/1/5805 5818/1/5818 5819/1/5819 
f 5819/1/5819 5806/1/5806 5805/1/5805 
f 5818/1/5818 5805/1/5805 5798/1/5798 
f 5818/1/5818 5811/1/5811 5813/1/5813 
f 5819/1/5819 5818/1/5818 5820/1/5820 
f 5820/1/5820 5821/1/5821 5819/1/5819 
f 5802/1/5802 5809/1/5809 5822/1/5822 
f 5822/1/5822 5815/1/5815 5802/1/5802 
f 5806/1/5806 5819/1/5819 5822/1/5822 
f 5822/1/5822 5809/1/5809 5806/1/5806 
f 5821/1/5821 5823/1/5823 5822/1/5822 
f 5822/1/5822 5819/1/5819 5821/1/5821 
f 5815/1/5815 5822/1/5822 5823/1/5823 
f 5823/1/5823 5816/1/5816 5815/1/5815 
f 5824/1/5824 5825/1/5825 5813/1/5813 
f 4064/1/4064 5824/1/5824 5812/1/5812 
f 5812/1/5812 4061/1/4061 4064/1/4064 
f 4063/1/4063 5826/1/5826 5824/1/5824 
f 5824/1/5824 4064/1/4064 4063/1/4063 
f 5825/1/5825 5824/1/5824 5826/1/5826 
f 5826/1/5826 5827/1/5827 5825/1/5825 
f 5821/1/5821 5820/1/5820 5828/1/5828 
f 5828/1/5828 5829/1/5829 5821/1/5821 
f 5825/1/5825 5828/1/5828 5820/1/5820 
f 5820/1/5820 5813/1/5813 5825/1/5825 
f 5827/1/5827 5830/1/5830 5828/1/5828 
f 5828/1/5828 5825/1/5825 5827/1/5827 
f 5829/1/5829 5828/1/5828 5830/1/5830 
f 5830/1/5830 5831/1/5831 5829/1/5829 
f 5832/1/5832 5833/1/5833 5834/1/5834 
f 5834/1/5834 5835/1/5835 5832/1/5832 
f 5540/1/5540 5834/1/5834 5833/1/5833 
f 5833/1/5833 4069/1/4069 5540/1/5540 
f 5538/1/5538 5535/1/5535 5834/1/5834 
f 5834/1/5834 5540/1/5540 5538/1/5538 
f 5835/1/5835 5834/1/5834 5535/1/5535 
f 5535/1/5535 5500/1/5500 5835/1/5835 
f 5827/1/5827 5826/1/5826 5836/1/5836 
f 5836/1/5836 5837/1/5837 5827/1/5827 
f 4067/1/4067 5836/1/5836 5826/1/5826 
f 5826/1/5826 4063/1/4063 4067/1/4067 
f 4069/1/4069 5833/1/5833 5836/1/5836 
f 5836/1/5836 4067/1/4067 4069/1/4069 
f 5833/1/5833 5832/1/5832 5837/1/5837 
f 5831/1/5831 5830/1/5830 5838/1/5838 
f 5838/1/5838 5839/1/5839 5831/1/5831 
f 5837/1/5837 5838/1/5838 5830/1/5830 
f 5830/1/5830 5827/1/5827 5837/1/5837 
f 5838/1/5838 5837/1/5837 5832/1/5832 
f 5839/1/5839 5838/1/5838 5840/1/5840 
f 5840/1/5840 5841/1/5841 5839/1/5839 
f 4175/1/4175 5817/1/5817 5842/1/5842 
f 5842/1/5842 4182/1/4182 4175/1/4175 
f 5843/1/5843 5842/1/5842 5817/1/5817 
f 5817/1/5817 5816/1/5816 5843/1/5843 
f 5844/1/5844 5845/1/5845 5842/1/5842 
f 5842/1/5842 5843/1/5843 5844/1/5844 
f 4182/1/4182 5842/1/5842 5845/1/5845 
f 5845/1/5845 4179/1/4179 4182/1/4182 
f 5816/1/5816 5823/1/5823 5846/1/5846 
f 5846/1/5846 5843/1/5843 5816/1/5816 
f 5829/1/5829 5846/1/5846 5823/1/5823 
f 5823/1/5823 5821/1/5821 5829/1/5829 
f 5831/1/5831 5847/1/5847 5846/1/5846 
f 5846/1/5846 5829/1/5829 5831/1/5831 
f 5843/1/5843 5846/1/5846 5847/1/5847 
f 5847/1/5847 5844/1/5844 5843/1/5843 
f 5500/1/5500 5498/1/5498 5848/1/5848 
f 5848/1/5848 5835/1/5835 5500/1/5500 
f 5849/1/5849 5848/1/5848 5498/1/5498 
f 5498/1/5498 5471/1/5471 5849/1/5849 
f 5850/1/5850 5851/1/5851 5848/1/5848 
f 5848/1/5848 5849/1/5849 5850/1/5850 
f 5835/1/5835 5848/1/5848 5851/1/5851 
f 5851/1/5851 5832/1/5832 5835/1/5835 
f 5480/1/5480 5477/1/5477 5852/1/5852 
f 5852/1/5852 5853/1/5853 5480/1/5480 
f 5426/1/5426 5852/1/5852 5477/1/5477 
f 5477/1/5477 5427/1/5427 5426/1/5426 
f 4142/1/4142 5854/1/5854 5852/1/5852 
f 5852/1/5852 5426/1/5426 4142/1/4142 
f 5853/1/5853 5852/1/5852 5854/1/5854 
f 5854/1/5854 5855/1/5855 5853/1/5853 
f 5856/1/5856 5857/1/5857 5841/1/5841 
f 5840/1/5840 5832/1/5832 5851/1/5851 
f 5851/1/5851 5850/1/5850 5858/1/5858 
f 5858/1/5858 5859/1/5859 5857/1/5857 
f 5855/1/5855 5860/1/5860 5861/1/5861 
f 5861/1/5861 5853/1/5853 5855/1/5855 
f 5849/1/5849 5861/1/5861 5860/1/5860 
f 5860/1/5860 5850/1/5850 5849/1/5849 
f 5471/1/5471 5485/1/5485 5861/1/5861 
f 5861/1/5861 5849/1/5849 5471/1/5471 
f 5853/1/5853 5861/1/5861 5485/1/5485 
f 5485/1/5485 5480/1/5480 5853/1/5853 
f 5859/1/5859 5858/1/5858 5862/1/5862 
f 5862/1/5862 5863/1/5863 5859/1/5859 
f 5850/1/5850 5860/1/5860 5862/1/5862 
f 5862/1/5862 5858/1/5858 5850/1/5850 
f 5863/1/5863 5862/1/5862 5860/1/5860 
f 5860/1/5860 5855/1/5855 5863/1/5863 
f 4179/1/4179 5845/1/5845 5864/1/5864 
f 5864/1/5864 5865/1/5865 4179/1/4179 
f 5866/1/5866 5864/1/5864 5845/1/5845 
f 5845/1/5845 5844/1/5844 5866/1/5866 
f 5859/1/5859 5863/1/5863 5864/1/5864 
f 5864/1/5864 5866/1/5866 5859/1/5859 
f 5865/1/5865 5864/1/5864 5863/1/5863 
f 5863/1/5863 5855/1/5855 5865/1/5865 
f 4139/1/4139 4180/1/4180 5867/1/5867 
f 5867/1/5867 4141/1/4141 4139/1/4139 
f 5865/1/5865 5867/1/5867 4180/1/4180 
f 4180/1/4180 4179/1/4179 5865/1/5865 
f 5855/1/5855 5854/1/5854 5867/1/5867 
f 5867/1/5867 5865/1/5865 5855/1/5855 
f 4141/1/4141 5867/1/5867 5854/1/5854 
f 5854/1/5854 4142/1/4142 4141/1/4141 
f 5844/1/5844 5847/1/5847 5868/1/5868 
f 5868/1/5868 5866/1/5866 5844/1/5844 
f 5839/1/5839 5868/1/5868 5847/1/5847 
f 5847/1/5847 5831/1/5831 5839/1/5839 
f 5841/1/5841 5857/1/5857 5868/1/5868 
f 5868/1/5868 5839/1/5839 5841/1/5841 
f 5866/1/5866 5868/1/5868 5857/1/5857 
f 5857/1/5857 5859/1/5859 5866/1/5866 
f 4338/1/4338 5869/1/5869 5870/1/5870 
f 5870/1/5870 4335/1/4335 4338/1/4338 
f 2997/1/2997 5869/1/5869 4338/1/4338 
f 4338/1/4338 1353/1/1353 2997/1/2997 
f 2996/1/2996 5871/1/5871 5869/1/5869 
f 5869/1/5869 2997/1/2997 2996/1/2996 
f 5870/1/5870 5869/1/5869 5871/1/5871 
f 5871/1/5871 5872/1/5872 5870/1/5870 
f 5873/1/5873 4342/1/4342 4335/1/4335 
f 5872/1/5872 5874/1/5874 5873/1/5873 
f 5873/1/5873 5870/1/5870 5872/1/5872 
f 5875/1/5875 5876/1/5876 5873/1/5873 
f 5873/1/5873 5874/1/5874 5875/1/5875 
f 5876/1/5876 4339/1/4339 4342/1/4342 
f 5872/1/5872 5871/1/5871 5877/1/5877 
f 5877/1/5877 5874/1/5874 5872/1/5872 
f 3005/1/3005 5877/1/5877 5871/1/5871 
f 5871/1/5871 2996/1/2996 3005/1/3005 
f 3004/1/3004 5878/1/5878 5877/1/5877 
f 5877/1/5877 3005/1/3005 3004/1/3004 
f 5874/1/5874 5877/1/5877 5878/1/5878 
f 5878/1/5878 5875/1/5875 5874/1/5874 
f 4344/1/4344 5879/1/5879 5880/1/5880 
f 5880/1/5880 4345/1/4345 4344/1/4344 
f 5879/1/5879 4344/1/4344 4339/1/4339 
f 5876/1/5876 5875/1/5875 5881/1/5881 
f 5881/1/5881 5879/1/5879 5876/1/5876 
f 5880/1/5880 5879/1/5879 5881/1/5881 
f 5881/1/5881 5882/1/5882 5880/1/5880 
f 4349/1/4349 4348/1/4348 5883/1/5883 
f 5883/1/5883 4379/1/4379 4349/1/4349 
f 4348/1/4348 4345/1/4345 5880/1/5880 
f 5882/1/5882 5884/1/5884 5883/1/5883 
f 5883/1/5883 5880/1/5880 5882/1/5882 
f 4379/1/4379 5883/1/5883 5884/1/5884 
f 5884/1/5884 4382/1/4382 4379/1/4379 
f 4382/1/4382 5884/1/5884 5885/1/5885 
f 5885/1/5885 5886/1/5886 4382/1/4382 
f 5887/1/5887 5885/1/5885 5884/1/5884 
f 5884/1/5884 5882/1/5882 5887/1/5887 
f 3016/1/3016 3015/1/3015 5885/1/5885 
f 5885/1/5885 5887/1/5887 3016/1/3016 
f 3015/1/3015 3014/1/3014 5886/1/5886 
f 5888/1/5888 5889/1/5889 5291/1/5291 
f 4381/1/4381 5888/1/5888 5290/1/5290 
f 5290/1/5290 4383/1/4383 4381/1/4381 
f 4382/1/4382 5886/1/5886 5888/1/5888 
f 5888/1/5888 4381/1/4381 4382/1/4382 
f 5889/1/5889 5888/1/5888 5886/1/5886 
f 5886/1/5886 3014/1/3014 5889/1/5889 
f 2443/1/2443 5348/1/5348 5890/1/5890 
f 5890/1/5890 3020/1/3020 2443/1/2443 
f 5347/1/5347 5890/1/5890 5348/1/5348 
f 5348/1/5348 5344/1/5344 5347/1/5347 
f 5291/1/5291 5889/1/5889 5890/1/5890 
f 5890/1/5890 5347/1/5347 5291/1/5291 
f 3020/1/3020 5890/1/5890 5889/1/5889 
f 5889/1/5889 3014/1/3014 3020/1/3020 
f 5875/1/5875 5878/1/5878 5891/1/5891 
f 5891/1/5891 5881/1/5881 5875/1/5875 
f 3023/1/3023 5891/1/5891 5878/1/5878 
f 5878/1/5878 3004/1/3004 3023/1/3023 
f 3023/1/3023 3016/1/3016 5887/1/5887 
f 5887/1/5887 5891/1/5891 3023/1/3023 
f 5882/1/5882 5881/1/5881 5891/1/5891 
f 5891/1/5891 5887/1/5887 5882/1/5882 
f 5892/1/5892 5893/1/5893 5894/1/5894 
f 5894/1/5894 5895/1/5895 5892/1/5892 
f 5896/1/5896 5894/1/5894 5893/1/5893 
f 5893/1/5893 5897/1/5897 5896/1/5896 
f 5898/1/5898 5899/1/5899 5894/1/5894 
f 5894/1/5894 5896/1/5896 5898/1/5898 
f 5900/1/5900 5895/1/5895 5894/1/5894 
f 5894/1/5894 5899/1/5899 5900/1/5900 
f 5901/1/5901 5902/1/5902 5903/1/5903 
f 5903/1/5903 5904/1/5904 5901/1/5901 
f 5905/1/5905 5903/1/5903 5902/1/5902 
f 5902/1/5902 5906/1/5906 5905/1/5905 
f 5897/1/5897 5893/1/5893 5903/1/5903 
f 5903/1/5903 5905/1/5905 5897/1/5897 
f 5904/1/5904 5903/1/5903 5893/1/5893 
f 5893/1/5893 5892/1/5892 5904/1/5904 
f 5900/1/5900 5899/1/5899 5907/1/5907 
f 5907/1/5907 5908/1/5908 5900/1/5900 
f 5909/1/5909 5907/1/5907 5899/1/5899 
f 5899/1/5899 5898/1/5898 5909/1/5909 
f 5910/1/5910 5911/1/5911 5907/1/5907 
f 5907/1/5907 5909/1/5909 5910/1/5910 
f 5911/1/5911 5912/1/5912 5908/1/5908 
f 5913/1/5913 5914/1/5914 5915/1/5915 
f 5915/1/5915 5916/1/5916 5913/1/5913 
f 5908/1/5908 5916/1/5916 5915/1/5915 
f 5915/1/5915 5900/1/5900 5908/1/5908 
f 5908/1/5908 5912/1/5912 5917/1/5917 
f 5917/1/5917 5916/1/5916 5908/1/5908 
f 5913/1/5913 5916/1/5916 5917/1/5917 
f 5917/1/5917 5918/1/5918 5913/1/5913 
f 5919/1/5919 5920/1/5920 5921/1/5921 
f 5921/1/5921 5922/1/5922 5919/1/5919 
f 5918/1/5918 5917/1/5917 5920/1/5920 
f 5920/1/5920 5919/1/5919 5918/1/5918 
f 5920/1/5920 5917/1/5917 5912/1/5912 
f 5922/1/5922 5921/1/5921 5923/1/5923 
f 5923/1/5923 5924/1/5924 5922/1/5922 
f 5911/1/5911 5923/1/5923 5921/1/5921 
f 5921/1/5921 5912/1/5912 5911/1/5911 
f 5910/1/5910 5925/1/5925 5923/1/5923 
f 5923/1/5923 5911/1/5911 5910/1/5910 
f 5924/1/5924 5923/1/5923 5925/1/5925 
f 5925/1/5925 5926/1/5926 5924/1/5924 
f 5927/1/5927 5928/1/5928 5929/1/5929 
f 5929/1/5929 5930/1/5930 5927/1/5927 
f 5924/1/5924 5929/1/5929 5928/1/5928 
f 5928/1/5928 5922/1/5922 5924/1/5924 
f 5926/1/5926 5931/1/5931 5929/1/5929 
f 5929/1/5929 5924/1/5924 5926/1/5926 
f 5932/1/5932 5930/1/5930 5929/1/5929 
f 5929/1/5929 5931/1/5931 5932/1/5932 
f 5933/1/5933 5934/1/5934 5931/1/5931 
f 5931/1/5931 5926/1/5926 5933/1/5933 
f 5935/1/5935 5936/1/5936 5934/1/5934 
f 5934/1/5934 5933/1/5933 5935/1/5935 
f 5937/1/5937 5938/1/5938 5934/1/5934 
f 5934/1/5934 5936/1/5936 5937/1/5937 
f 5931/1/5931 5934/1/5934 5938/1/5938 
f 5938/1/5938 5932/1/5932 5931/1/5931 
f 5935/1/5935 5939/1/5939 5940/1/5940 
f 5940/1/5940 5936/1/5936 5935/1/5935 
f 5941/1/5941 5940/1/5940 5939/1/5939 
f 5939/1/5939 5942/1/5942 5941/1/5941 
f 5940/1/5940 5941/1/5941 5943/1/5943 
f 5936/1/5936 5940/1/5940 5944/1/5944 
f 5944/1/5944 5937/1/5937 5936/1/5936 
f 5945/1/5945 5946/1/5946 5944/1/5944 
f 5944/1/5944 5943/1/5943 5945/1/5945 
f 5937/1/5937 5944/1/5944 5946/1/5946 
f 5946/1/5946 5947/1/5947 5937/1/5937 
f 5932/1/5932 5938/1/5938 5948/1/5948 
f 5948/1/5948 5949/1/5949 5932/1/5932 
f 5947/1/5947 5948/1/5948 5938/1/5938 
f 5938/1/5938 5937/1/5937 5947/1/5947 
f 5927/1/5927 5930/1/5930 5950/1/5950 
f 5950/1/5950 5951/1/5951 5927/1/5927 
f 5949/1/5949 5950/1/5950 5930/1/5930 
f 5930/1/5930 5932/1/5932 5949/1/5949 
f 5952/1/5952 5953/1/5953 5954/1/5954 
f 5954/1/5954 5955/1/5955 5952/1/5952 
f 5956/1/5956 5954/1/5954 5953/1/5953 
f 5953/1/5953 5957/1/5957 5956/1/5956 
f 5957/1/5957 5958/1/5958 5959/1/5959 
f 5959/1/5959 5956/1/5956 5957/1/5957 
f 5960/1/5960 5959/1/5959 5958/1/5958 
f 5958/1/5958 5961/1/5961 5960/1/5960 
f 5961/1/5961 5962/1/5962 5963/1/5963 
f 5963/1/5963 5960/1/5960 5961/1/5961 
f 5964/1/5964 5963/1/5963 5962/1/5962 
f 5962/1/5962 5965/1/5965 5964/1/5964 
f 5965/1/5965 5966/1/5966 5967/1/5967 
f 5967/1/5967 5964/1/5964 5965/1/5965 
f 5892/1/5892 5895/1/5895 5968/1/5968 
f 5968/1/5968 5969/1/5969 5892/1/5892 
f 5915/1/5915 5968/1/5968 5895/1/5895 
f 5895/1/5895 5900/1/5900 5915/1/5915 
f 5914/1/5914 5970/1/5970 5968/1/5968 
f 5968/1/5968 5915/1/5915 5914/1/5914 
f 5970/1/5970 5971/1/5971 5969/1/5969 
f 5892/1/5892 5969/1/5969 5972/1/5972 
f 5972/1/5972 5904/1/5904 5892/1/5892 
f 5971/1/5971 5973/1/5973 5972/1/5972 
f 5972/1/5972 5969/1/5969 5971/1/5971 
f 5974/1/5974 5972/1/5972 5973/1/5973 
f 5973/1/5973 5975/1/5975 5974/1/5974 
f 5904/1/5904 5972/1/5972 5974/1/5974 
f 5974/1/5974 5901/1/5901 5904/1/5904 
f 5976/1/5976 5977/1/5977 5978/1/5978 
f 5978/1/5978 5979/1/5979 5976/1/5976 
f 5980/1/5980 5978/1/5978 5977/1/5977 
f 5977/1/5977 5981/1/5981 5980/1/5980 
f 5982/1/5982 5978/1/5978 5980/1/5980 
f 5980/1/5980 5983/1/5983 5982/1/5982 
f 5979/1/5979 5978/1/5978 5982/1/5982 
f 5982/1/5982 5975/1/5975 5979/1/5979 
f 5975/1/5975 5973/1/5973 5984/1/5984 
f 5984/1/5984 5979/1/5979 5975/1/5975 
f 5973/1/5973 5971/1/5971 5985/1/5985 
f 5986/1/5986 5987/1/5987 5984/1/5984 
f 5984/1/5984 5985/1/5985 5986/1/5986 
f 5979/1/5979 5984/1/5984 5987/1/5987 
f 5987/1/5987 5976/1/5976 5979/1/5979 
f 5988/1/5988 5989/1/5989 5990/1/5990 
f 5990/1/5990 5981/1/5981 5988/1/5988 
f 5976/1/5976 5987/1/5987 5991/1/5991 
f 5991/1/5991 5992/1/5992 5976/1/5976 
f 5977/1/5977 5993/1/5993 5988/1/5988 
f 5988/1/5988 5981/1/5981 5977/1/5977 
f 5992/1/5992 5993/1/5993 5977/1/5977 
f 5977/1/5977 5976/1/5976 5992/1/5992 
f 5994/1/5994 5995/1/5995 5996/1/5996 
f 5996/1/5996 5997/1/5997 5994/1/5994 
f 5998/1/5998 5996/1/5996 5995/1/5995 
f 5995/1/5995 5999/1/5999 5998/1/5998 
f 6000/1/6000 6001/1/6001 5996/1/5996 
f 5996/1/5996 5998/1/5998 6000/1/6000 
f 5997/1/5997 5996/1/5996 6001/1/6001 
f 6001/1/6001 6002/1/6002 5997/1/5997 
f 6002/1/6002 6003/1/6003 6004/1/6004 
f 6004/1/6004 5997/1/5997 6002/1/6002 
f 6005/1/6005 6004/1/6004 6003/1/6003 
f 6003/1/6003 6006/1/6006 6005/1/6005 
f 6007/1/6007 6008/1/6008 6004/1/6004 
f 6004/1/6004 6005/1/6005 6007/1/6007 
f 5997/1/5997 6004/1/6004 6008/1/6008 
f 6008/1/6008 5994/1/5994 5997/1/5997 
f 6006/1/6006 6009/1/6009 6010/1/6010 
f 6010/1/6010 6005/1/6005 6006/1/6006 
f 6011/1/6011 6010/1/6010 6009/1/6009 
f 6009/1/6009 6012/1/6012 6011/1/6011 
f 6013/1/6013 6014/1/6014 6010/1/6010 
f 6010/1/6010 6011/1/6011 6013/1/6013 
f 6005/1/6005 6010/1/6010 6014/1/6014 
f 6014/1/6014 6007/1/6007 6005/1/6005 
f 6012/1/6012 6015/1/6015 6016/1/6016 
f 6016/1/6016 6011/1/6011 6012/1/6012 
f 6017/1/6017 6016/1/6016 6015/1/6015 
f 6015/1/6015 6018/1/6018 6017/1/6017 
f 6019/1/6019 6020/1/6020 6016/1/6016 
f 6016/1/6016 6017/1/6017 6019/1/6019 
f 6011/1/6011 6016/1/6016 6020/1/6020 
f 6020/1/6020 6013/1/6013 6011/1/6011 
f 6018/1/6018 6021/1/6021 6022/1/6022 
f 6022/1/6022 6017/1/6017 6018/1/6018 
f 6023/1/6023 6022/1/6022 6021/1/6021 
f 6021/1/6021 6024/1/6024 6023/1/6023 
f 6025/1/6025 6026/1/6026 6022/1/6022 
f 6022/1/6022 6023/1/6023 6025/1/6025 
f 6017/1/6017 6022/1/6022 6026/1/6026 
f 6026/1/6026 6019/1/6019 6017/1/6017 
f 6027/1/6027 6028/1/6028 6029/1/6029 
f 6029/1/6029 6030/1/6030 6027/1/6027 
f 6031/1/6031 6032/1/6032 6028/1/6028 
f 6028/1/6028 6027/1/6027 6031/1/6031 
f 6023/1/6023 6028/1/6028 6032/1/6032 
f 6032/1/6032 6025/1/6025 6023/1/6023 
f 6024/1/6024 6029/1/6029 6028/1/6028 
f 6028/1/6028 6023/1/6023 6024/1/6024 
f 6033/1/6033 6034/1/6034 6035/1/6035 
f 6035/1/6035 6036/1/6036 6033/1/6033 
f 6037/1/6037 6038/1/6038 6034/1/6034 
f 6034/1/6034 6033/1/6033 6037/1/6037 
f 6027/1/6027 6034/1/6034 6038/1/6038 
f 6038/1/6038 6031/1/6031 6027/1/6027 
f 6030/1/6030 6035/1/6035 6034/1/6034 
f 6034/1/6034 6027/1/6027 6030/1/6030 
f 6039/1/6039 6040/1/6040 6041/1/6041 
f 6041/1/6041 6042/1/6042 6039/1/6039 
f 6043/1/6043 6044/1/6044 6040/1/6040 
f 6040/1/6040 6039/1/6039 6043/1/6043 
f 6033/1/6033 6040/1/6040 6044/1/6044 
f 6044/1/6044 6037/1/6037 6033/1/6033 
f 6036/1/6036 6041/1/6041 6040/1/6040 
f 6040/1/6040 6033/1/6033 6036/1/6036 
f 6045/1/6045 6046/1/6046 6047/1/6047 
f 6047/1/6047 6048/1/6048 6045/1/6045 
f 6049/1/6049 6050/1/6050 6047/1/6047 
f 6047/1/6047 6046/1/6046 6049/1/6049 
f 6039/1/6039 6047/1/6047 6050/1/6050 
f 6050/1/6050 6043/1/6043 6039/1/6039 
f 6039/1/6039 6042/1/6042 6048/1/6048 
f 6048/1/6048 6047/1/6047 6039/1/6039 
f 6051/1/6051 6052/1/6052 6053/1/6053 
f 6053/1/6053 6054/1/6054 6051/1/6051 
f 6055/1/6055 6053/1/6053 6052/1/6052 
f 6052/1/6052 6056/1/6056 6055/1/6055 
f 6049/1/6049 6046/1/6046 6053/1/6053 
f 6053/1/6053 6055/1/6055 6049/1/6049 
f 6054/1/6054 6053/1/6053 6046/1/6046 
f 6046/1/6046 6045/1/6045 6054/1/6054 
f 6057/1/6057 6058/1/6058 6059/1/6059 
f 6059/1/6059 6060/1/6060 6057/1/6057 
f 6061/1/6061 6059/1/6059 6058/1/6058 
f 6058/1/6058 6062/1/6062 6061/1/6061 
f 6056/1/6056 6052/1/6052 6059/1/6059 
f 6059/1/6059 6061/1/6061 6056/1/6056 
f 6060/1/6060 6059/1/6059 6052/1/6052 
f 6052/1/6052 6051/1/6051 6060/1/6060 
f 6063/1/6063 6064/1/6064 6065/1/6065 
f 6065/1/6065 6066/1/6066 6063/1/6063 
f 6067/1/6067 6065/1/6065 6064/1/6064 
f 6064/1/6064 6068/1/6068 6067/1/6067 
f 6062/1/6062 6058/1/6058 6065/1/6065 
f 6065/1/6065 6067/1/6067 6062/1/6062 
f 6066/1/6066 6065/1/6065 6058/1/6058 
f 6058/1/6058 6057/1/6057 6066/1/6066 
f 6069/1/6069 6070/1/6070 6071/1/6071 
f 6071/1/6071 6072/1/6072 6069/1/6069 
f 6073/1/6073 6071/1/6071 6070/1/6070 
f 6070/1/6070 6074/1/6074 6073/1/6073 
f 6068/1/6068 6064/1/6064 6071/1/6071 
f 6071/1/6071 6073/1/6073 6068/1/6068 
f 6072/1/6072 6071/1/6071 6064/1/6064 
f 6064/1/6064 6063/1/6063 6072/1/6072 
f 6075/1/6075 6076/1/6076 6077/1/6077 
f 6077/1/6077 6078/1/6078 6075/1/6075 
f 6079/1/6079 6077/1/6077 6076/1/6076 
f 6076/1/6076 6080/1/6080 6079/1/6079 
f 6074/1/6074 6070/1/6070 6077/1/6077 
f 6077/1/6077 6079/1/6079 6074/1/6074 
f 6078/1/6078 6077/1/6077 6070/1/6070 
f 6070/1/6070 6069/1/6069 6078/1/6078 
f 6081/1/6081 6082/1/6082 6083/1/6083 
f 6083/1/6083 6084/1/6084 6081/1/6081 
f 6085/1/6085 6083/1/6083 6082/1/6082 
f 6082/1/6082 6086/1/6086 6085/1/6085 
f 6083/1/6083 6085/1/6085 6087/1/6087 
f 6084/1/6084 6083/1/6083 6088/1/6088 
f 6088/1/6088 6089/1/6089 6084/1/6084 
f 6087/1/6087 6085/1/6085 6090/1/6090 
f 6085/1/6085 6086/1/6086 6091/1/6091 
f 6091/1/6091 6090/1/6090 6085/1/6085 
f 6092/1/6092 6093/1/6093 6090/1/6090 
f 6094/1/6094 6095/1/6095 6090/1/6090 
f 6090/1/6090 6093/1/6093 6094/1/6094 
f 6092/1/6092 6096/1/6096 6097/1/6097 
f 6097/1/6097 6093/1/6093 6092/1/6092 
f 6096/1/6096 6098/1/6098 6099/1/6099 
f 6100/1/6100 6101/1/6101 6097/1/6097 
f 6097/1/6097 6099/1/6099 6100/1/6100 
f 6101/1/6101 6094/1/6094 6093/1/6093 
f 6102/1/6102 6103/1/6103 6104/1/6104 
f 6104/1/6104 6105/1/6105 6102/1/6102 
f 6084/1/6084 6104/1/6104 6103/1/6103 
f 6103/1/6103 6081/1/6081 6084/1/6084 
f 6089/1/6089 6106/1/6106 6104/1/6104 
f 6104/1/6104 6084/1/6084 6089/1/6089 
f 6105/1/6105 6104/1/6104 6106/1/6106 
f 6106/1/6106 6107/1/6107 6105/1/6105 
f 6107/1/6107 6108/1/6108 6109/1/6109 
f 6109/1/6109 6105/1/6105 6107/1/6107 
f 5998/1/5998 6109/1/6109 6108/1/6108 
f 6108/1/6108 6000/1/6000 5998/1/5998 
f 5999/1/5999 6110/1/6110 6109/1/6109 
f 6109/1/6109 5998/1/5998 5999/1/5999 
f 6105/1/6105 6109/1/6109 6110/1/6110 
f 6110/1/6110 6102/1/6102 6105/1/6105 
f 6111/1/6111 6112/1/6112 6113/1/6113 
f 6114/1/6114 6111/1/6111 6115/1/6115 
f 6115/1/6115 6116/1/6116 6114/1/6114 
f 6117/1/6117 6118/1/6118 6111/1/6111 
f 6111/1/6111 6114/1/6114 6117/1/6117 
f 6112/1/6112 6111/1/6111 6118/1/6118 
f 6118/1/6118 6119/1/6119 6112/1/6112 
f 6120/1/6120 6115/1/6115 6113/1/6113 
f 6099/1/6099 6120/1/6120 6121/1/6121 
f 6121/1/6121 6100/1/6100 6099/1/6099 
f 6098/1/6098 6122/1/6122 6120/1/6120 
f 6120/1/6120 6099/1/6099 6098/1/6098 
f 6122/1/6122 6116/1/6116 6115/1/6115 
f 6080/1/6080 6076/1/6076 6123/1/6123 
f 6123/1/6123 6124/1/6124 6080/1/6080 
f 6125/1/6125 6123/1/6123 6076/1/6076 
f 6076/1/6076 6075/1/6075 6125/1/6125 
f 6126/1/6126 6127/1/6127 6123/1/6123 
f 6123/1/6123 6125/1/6125 6126/1/6126 
f 6124/1/6124 6123/1/6123 6127/1/6127 
f 6127/1/6127 6128/1/6128 6124/1/6124 
f 6118/1/6118 6129/1/6129 6130/1/6130 
f 6130/1/6130 6119/1/6119 6118/1/6118 
f 6129/1/6129 6118/1/6118 6117/1/6117 
f 6128/1/6128 6127/1/6127 6129/1/6129 
f 6129/1/6129 6131/1/6131 6128/1/6128 
f 6127/1/6127 6126/1/6126 6130/1/6130 
f 6132/1/6132 6133/1/6133 6092/1/6092 
f 6134/1/6134 6132/1/6132 6091/1/6091 
f 6091/1/6091 6086/1/6086 6134/1/6134 
f 6135/1/6135 6136/1/6136 6132/1/6132 
f 6132/1/6132 6134/1/6134 6135/1/6135 
f 6133/1/6133 6132/1/6132 6136/1/6136 
f 6136/1/6136 6137/1/6137 6133/1/6133 
f 6138/1/6138 6139/1/6139 6140/1/6140 
f 6140/1/6140 6141/1/6141 6138/1/6138 
f 6142/1/6142 6140/1/6140 6139/1/6139 
f 6139/1/6139 6143/1/6143 6142/1/6142 
f 6135/1/6135 6144/1/6144 6140/1/6140 
f 6140/1/6140 6142/1/6142 6135/1/6135 
f 6141/1/6141 6140/1/6140 6144/1/6144 
f 6144/1/6144 6145/1/6145 6141/1/6141 
f 6146/1/6146 6147/1/6147 6148/1/6148 
f 6148/1/6148 6149/1/6149 6146/1/6146 
f 6150/1/6150 6148/1/6148 6147/1/6147 
f 6147/1/6147 6151/1/6151 6150/1/6150 
f 6152/1/6152 6153/1/6153 6148/1/6148 
f 6148/1/6148 6150/1/6150 6152/1/6152 
f 6149/1/6149 6148/1/6148 6153/1/6153 
f 6153/1/6153 6154/1/6154 6149/1/6149 
f 6155/1/6155 6156/1/6156 6133/1/6133 
f 6133/1/6133 6137/1/6137 6155/1/6155 
f 6157/1/6157 6158/1/6158 6156/1/6156 
f 6156/1/6156 6155/1/6155 6157/1/6157 
f 6098/1/6098 6096/1/6096 6156/1/6156 
f 6156/1/6156 6158/1/6158 6098/1/6098 
f 6133/1/6133 6156/1/6156 6096/1/6096 
f 6096/1/6096 6092/1/6092 6133/1/6133 
f 6116/1/6116 6122/1/6122 6159/1/6159 
f 6159/1/6159 6160/1/6160 6116/1/6116 
f 6158/1/6158 6159/1/6159 6122/1/6122 
f 6122/1/6122 6098/1/6098 6158/1/6158 
f 6157/1/6157 6161/1/6161 6159/1/6159 
f 6159/1/6159 6158/1/6158 6157/1/6157 
f 6160/1/6160 6159/1/6159 6161/1/6161 
f 6161/1/6161 6162/1/6162 6160/1/6160 
f 6081/1/6081 6103/1/6103 6163/1/6163 
f 6163/1/6163 6164/1/6164 6081/1/6081 
f 6165/1/6165 6163/1/6163 6103/1/6103 
f 6103/1/6103 6102/1/6102 6165/1/6165 
f 6166/1/6166 6167/1/6167 6163/1/6163 
f 6163/1/6163 6165/1/6165 6166/1/6166 
f 6164/1/6164 6163/1/6163 6167/1/6167 
f 6167/1/6167 6145/1/6145 6164/1/6164 
f 6086/1/6086 6082/1/6082 6168/1/6168 
f 6168/1/6168 6134/1/6134 6086/1/6086 
f 6164/1/6164 6168/1/6168 6082/1/6082 
f 6082/1/6082 6081/1/6081 6164/1/6164 
f 6145/1/6145 6144/1/6144 6168/1/6168 
f 6168/1/6168 6164/1/6164 6145/1/6145 
f 6134/1/6134 6168/1/6168 6144/1/6144 
f 6144/1/6144 6135/1/6135 6134/1/6134 
f 6102/1/6102 6110/1/6110 6169/1/6169 
f 6169/1/6169 6165/1/6165 6102/1/6102 
f 6170/1/6170 6169/1/6169 6110/1/6110 
f 6110/1/6110 5999/1/5999 6170/1/6170 
f 6171/1/6171 6172/1/6172 6169/1/6169 
f 6169/1/6169 6170/1/6170 6171/1/6171 
f 6165/1/6165 6169/1/6169 6172/1/6172 
f 6172/1/6172 6166/1/6166 6165/1/6165 
f 6173/1/6173 6174/1/6174 6175/1/6175 
f 6175/1/6175 6176/1/6176 6173/1/6173 
f 6114/1/6114 6174/1/6174 6173/1/6173 
f 6173/1/6173 6117/1/6117 6114/1/6114 
f 6160/1/6160 6174/1/6174 6114/1/6114 
f 6114/1/6114 6116/1/6116 6160/1/6160 
f 6162/1/6162 6175/1/6175 6174/1/6174 
f 6174/1/6174 6160/1/6160 6162/1/6162 
f 6146/1/6146 6177/1/6177 6178/1/6178 
f 6178/1/6178 6179/1/6179 6146/1/6146 
f 6131/1/6131 6178/1/6178 6177/1/6177 
f 6177/1/6177 6128/1/6128 6131/1/6131 
f 6178/1/6178 6131/1/6131 6117/1/6117 
f 6173/1/6173 6176/1/6176 6179/1/6179 
f 5999/1/5999 5995/1/5995 6180/1/6180 
f 6180/1/6180 6170/1/6170 5999/1/5999 
f 6181/1/6181 6180/1/6180 5995/1/5995 
f 5995/1/5995 5994/1/5994 6181/1/6181 
f 6182/1/6182 6183/1/6183 6180/1/6180 
f 6180/1/6180 6181/1/6181 6182/1/6182 
f 6170/1/6170 6180/1/6180 6183/1/6183 
f 6183/1/6183 6171/1/6171 6170/1/6170 
f 5994/1/5994 6008/1/6008 6184/1/6184 
f 6184/1/6184 6181/1/6181 5994/1/5994 
f 6185/1/6185 6184/1/6184 6008/1/6008 
f 6008/1/6008 6007/1/6007 6185/1/6185 
f 6186/1/6186 6187/1/6187 6184/1/6184 
f 6184/1/6184 6185/1/6185 6186/1/6186 
f 6181/1/6181 6184/1/6184 6187/1/6187 
f 6187/1/6187 6182/1/6182 6181/1/6181 
f 6007/1/6007 6014/1/6014 6188/1/6188 
f 6188/1/6188 6185/1/6185 6007/1/6007 
f 6189/1/6189 6188/1/6188 6014/1/6014 
f 6014/1/6014 6013/1/6013 6189/1/6189 
f 6190/1/6190 6191/1/6191 6188/1/6188 
f 6188/1/6188 6189/1/6189 6190/1/6190 
f 6185/1/6185 6188/1/6188 6191/1/6191 
f 6191/1/6191 6186/1/6186 6185/1/6185 
f 6013/1/6013 6020/1/6020 6192/1/6192 
f 6192/1/6192 6189/1/6189 6013/1/6013 
f 6193/1/6193 6192/1/6192 6020/1/6020 
f 6020/1/6020 6019/1/6019 6193/1/6193 
f 6194/1/6194 6195/1/6195 6192/1/6192 
f 6192/1/6192 6193/1/6193 6194/1/6194 
f 6189/1/6189 6192/1/6192 6195/1/6195 
f 6195/1/6195 6190/1/6190 6189/1/6189 
f 6190/1/6190 6195/1/6195 6196/1/6196 
f 6196/1/6196 6197/1/6197 6190/1/6190 
f 6198/1/6198 6196/1/6196 6195/1/6195 
f 6195/1/6195 6194/1/6194 6198/1/6198 
f 6199/1/6199 6200/1/6200 6196/1/6196 
f 6196/1/6196 6198/1/6198 6199/1/6199 
f 6197/1/6197 6196/1/6196 6200/1/6200 
f 6200/1/6200 6201/1/6201 6197/1/6197 
f 6193/1/6193 6202/1/6202 6203/1/6203 
f 6203/1/6203 6194/1/6194 6193/1/6193 
f 6019/1/6019 6026/1/6026 6202/1/6202 
f 6202/1/6202 6193/1/6193 6019/1/6019 
f 6204/1/6204 6202/1/6202 6026/1/6026 
f 6026/1/6026 6025/1/6025 6204/1/6204 
f 6205/1/6205 6203/1/6203 6202/1/6202 
f 6202/1/6202 6204/1/6204 6205/1/6205 
f 6194/1/6194 6203/1/6203 6206/1/6206 
f 6206/1/6206 6198/1/6198 6194/1/6194 
f 6207/1/6207 6206/1/6206 6203/1/6203 
f 6203/1/6203 6205/1/6205 6207/1/6207 
f 6208/1/6208 6209/1/6209 6206/1/6206 
f 6206/1/6206 6207/1/6207 6208/1/6208 
f 6198/1/6198 6206/1/6206 6209/1/6209 
f 6209/1/6209 6199/1/6199 6198/1/6198 
f 6204/1/6204 6210/1/6210 6211/1/6211 
f 6211/1/6211 6205/1/6205 6204/1/6204 
f 6025/1/6025 6032/1/6032 6210/1/6210 
f 6210/1/6210 6204/1/6204 6025/1/6025 
f 6212/1/6212 6210/1/6210 6032/1/6032 
f 6032/1/6032 6031/1/6031 6212/1/6212 
f 6213/1/6213 6211/1/6211 6210/1/6210 
f 6210/1/6210 6212/1/6212 6213/1/6213 
f 6213/1/6213 6214/1/6214 6215/1/6215 
f 6215/1/6215 6211/1/6211 6213/1/6213 
f 6216/1/6216 6215/1/6215 6214/1/6214 
f 6214/1/6214 6217/1/6217 6216/1/6216 
f 6208/1/6208 6207/1/6207 6215/1/6215 
f 6215/1/6215 6216/1/6216 6208/1/6208 
f 6211/1/6211 6215/1/6215 6207/1/6207 
f 6207/1/6207 6205/1/6205 6211/1/6211 
f 6212/1/6212 6218/1/6218 6219/1/6219 
f 6219/1/6219 6213/1/6213 6212/1/6212 
f 6031/1/6031 6038/1/6038 6218/1/6218 
f 6218/1/6218 6212/1/6212 6031/1/6031 
f 6220/1/6220 6218/1/6218 6038/1/6038 
f 6038/1/6038 6037/1/6037 6220/1/6220 
f 6221/1/6221 6219/1/6219 6218/1/6218 
f 6218/1/6218 6220/1/6220 6221/1/6221 
f 6221/1/6221 6222/1/6222 6223/1/6223 
f 6223/1/6223 6219/1/6219 6221/1/6221 
f 6224/1/6224 6225/1/6225 6223/1/6223 
f 6223/1/6223 6222/1/6222 6224/1/6224 
f 6217/1/6217 6214/1/6214 6223/1/6223 
f 6223/1/6223 6225/1/6225 6217/1/6217 
f 6219/1/6219 6223/1/6223 6214/1/6214 
f 6214/1/6214 6213/1/6213 6219/1/6219 
f 6220/1/6220 6226/1/6226 6227/1/6227 
f 6227/1/6227 6221/1/6221 6220/1/6220 
f 6037/1/6037 6044/1/6044 6226/1/6226 
f 6226/1/6226 6220/1/6220 6037/1/6037 
f 6044/1/6044 6043/1/6043 6228/1/6228 
f 6229/1/6229 6227/1/6227 6226/1/6226 
f 6226/1/6226 6228/1/6228 6229/1/6229 
f 6230/1/6230 6231/1/6231 6227/1/6227 
f 6227/1/6227 6229/1/6229 6230/1/6230 
f 6232/1/6232 6233/1/6233 6231/1/6231 
f 6231/1/6231 6230/1/6230 6232/1/6232 
f 6222/1/6222 6231/1/6231 6233/1/6233 
f 6233/1/6233 6224/1/6224 6222/1/6222 
f 6231/1/6231 6222/1/6222 6221/1/6221 
f 6221/1/6221 6227/1/6227 6231/1/6231 
f 6228/1/6228 6234/1/6234 6235/1/6235 
f 6235/1/6235 6229/1/6229 6228/1/6228 
f 6043/1/6043 6050/1/6050 6234/1/6234 
f 6234/1/6234 6228/1/6228 6043/1/6043 
f 6236/1/6236 6234/1/6234 6050/1/6050 
f 6050/1/6050 6049/1/6049 6236/1/6236 
f 6237/1/6237 6235/1/6235 6234/1/6234 
f 6234/1/6234 6236/1/6236 6237/1/6237 
f 6229/1/6229 6235/1/6235 6238/1/6238 
f 6238/1/6238 6230/1/6230 6229/1/6229 
f 6239/1/6239 6238/1/6238 6235/1/6235 
f 6235/1/6235 6237/1/6237 6239/1/6239 
f 6240/1/6240 6241/1/6241 6238/1/6238 
f 6238/1/6238 6239/1/6239 6240/1/6240 
f 6230/1/6230 6238/1/6238 6241/1/6241 
f 6241/1/6241 6232/1/6232 6230/1/6230 
f 6236/1/6236 6242/1/6242 6243/1/6243 
f 6243/1/6243 6237/1/6237 6236/1/6236 
f 6049/1/6049 6055/1/6055 6242/1/6242 
f 6242/1/6242 6236/1/6236 6049/1/6049 
f 6056/1/6056 6244/1/6244 6242/1/6242 
f 6242/1/6242 6055/1/6055 6056/1/6056 
f 6245/1/6245 6243/1/6243 6242/1/6242 
f 6242/1/6242 6244/1/6244 6245/1/6245 
f 6237/1/6237 6243/1/6243 6246/1/6246 
f 6246/1/6246 6239/1/6239 6237/1/6237 
f 6247/1/6247 6246/1/6246 6243/1/6243 
f 6243/1/6243 6245/1/6245 6247/1/6247 
f 6248/1/6248 6249/1/6249 6246/1/6246 
f 6246/1/6246 6247/1/6247 6248/1/6248 
f 6239/1/6239 6246/1/6246 6249/1/6249 
f 6249/1/6249 6240/1/6240 6239/1/6239 
f 6245/1/6245 6244/1/6244 6250/1/6250 
f 6250/1/6250 6251/1/6251 6245/1/6245 
f 6061/1/6061 6250/1/6250 6244/1/6244 
f 6244/1/6244 6056/1/6056 6061/1/6061 
f 6062/1/6062 6252/1/6252 6250/1/6250 
f 6250/1/6250 6061/1/6061 6062/1/6062 
f 6251/1/6251 6250/1/6250 6252/1/6252 
f 6252/1/6252 6253/1/6253 6251/1/6251 
f 6253/1/6253 6254/1/6254 6255/1/6255 
f 6255/1/6255 6251/1/6251 6253/1/6253 
f 6256/1/6256 6257/1/6257 6255/1/6255 
f 6255/1/6255 6254/1/6254 6256/1/6256 
f 6247/1/6247 6255/1/6255 6257/1/6257 
f 6257/1/6257 6248/1/6248 6247/1/6247 
f 6251/1/6251 6255/1/6255 6247/1/6247 
f 6247/1/6247 6245/1/6245 6251/1/6251 
f 6253/1/6253 6252/1/6252 6258/1/6258 
f 6258/1/6258 6259/1/6259 6253/1/6253 
f 6067/1/6067 6258/1/6258 6252/1/6252 
f 6252/1/6252 6062/1/6062 6067/1/6067 
f 6068/1/6068 6260/1/6260 6258/1/6258 
f 6258/1/6258 6067/1/6067 6068/1/6068 
f 6259/1/6259 6258/1/6258 6260/1/6260 
f 6260/1/6260 6261/1/6261 6259/1/6259 
f 6261/1/6261 6262/1/6262 6263/1/6263 
f 6263/1/6263 6259/1/6259 6261/1/6261 
f 6264/1/6264 6263/1/6263 6262/1/6262 
f 6262/1/6262 6265/1/6265 6264/1/6264 
f 6256/1/6256 6254/1/6254 6263/1/6263 
f 6263/1/6263 6264/1/6264 6256/1/6256 
f 6259/1/6259 6263/1/6263 6254/1/6254 
f 6254/1/6254 6253/1/6253 6259/1/6259 
f 6261/1/6261 6260/1/6260 6266/1/6266 
f 6266/1/6266 6267/1/6267 6261/1/6261 
f 6073/1/6073 6266/1/6266 6260/1/6260 
f 6260/1/6260 6068/1/6068 6073/1/6073 
f 6074/1/6074 6268/1/6268 6266/1/6266 
f 6266/1/6266 6073/1/6073 6074/1/6074 
f 6267/1/6267 6266/1/6266 6268/1/6268 
f 6268/1/6268 6269/1/6269 6267/1/6267 
f 6269/1/6269 6270/1/6270 6271/1/6271 
f 6271/1/6271 6267/1/6267 6269/1/6269 
f 6272/1/6272 6271/1/6271 6270/1/6270 
f 6270/1/6270 6273/1/6273 6272/1/6272 
f 6265/1/6265 6262/1/6262 6271/1/6271 
f 6271/1/6271 6272/1/6272 6265/1/6265 
f 6262/1/6262 6261/1/6261 6267/1/6267 
f 6269/1/6269 6268/1/6268 6274/1/6274 
f 6274/1/6274 6275/1/6275 6269/1/6269 
f 6079/1/6079 6274/1/6274 6268/1/6268 
f 6268/1/6268 6074/1/6074 6079/1/6079 
f 6080/1/6080 6276/1/6276 6274/1/6274 
f 6274/1/6274 6079/1/6079 6080/1/6080 
f 6275/1/6275 6274/1/6274 6276/1/6276 
f 6276/1/6276 6154/1/6154 6275/1/6275 
f 6154/1/6154 6153/1/6153 6277/1/6277 
f 6277/1/6277 6275/1/6275 6154/1/6154 
f 6278/1/6278 6277/1/6277 6153/1/6153 
f 6153/1/6153 6152/1/6152 6278/1/6278 
f 6273/1/6273 6270/1/6270 6277/1/6277 
f 6277/1/6277 6278/1/6278 6273/1/6273 
f 6275/1/6275 6277/1/6277 6270/1/6270 
f 6270/1/6270 6269/1/6269 6275/1/6275 
f 6154/1/6154 6276/1/6276 6279/1/6279 
f 6279/1/6279 6149/1/6149 6154/1/6154 
f 6124/1/6124 6279/1/6279 6276/1/6276 
f 6276/1/6276 6080/1/6080 6124/1/6124 
f 6128/1/6128 6177/1/6177 6279/1/6279 
f 6279/1/6279 6124/1/6124 6128/1/6128 
f 6149/1/6149 6279/1/6279 6177/1/6177 
f 6177/1/6177 6146/1/6146 6149/1/6149 
f 6006/1/6006 6003/1/6003 6280/1/6280 
f 6280/1/6280 6281/1/6281 6006/1/6006 
f 6282/1/6282 6280/1/6280 6003/1/6003 
f 6003/1/6003 6002/1/6002 6282/1/6282 
f 6283/1/6283 6284/1/6284 6280/1/6280 
f 6280/1/6280 6282/1/6282 6283/1/6283 
f 6281/1/6281 6280/1/6280 6284/1/6284 
f 6284/1/6284 6285/1/6285 6281/1/6281 
f 6012/1/6012 6009/1/6009 6286/1/6286 
f 6286/1/6286 6287/1/6287 6012/1/6012 
f 6281/1/6281 6286/1/6286 6009/1/6009 
f 6009/1/6009 6006/1/6006 6281/1/6281 
f 6285/1/6285 6288/1/6288 6286/1/6286 
f 6286/1/6286 6281/1/6281 6285/1/6285 
f 6287/1/6287 6286/1/6286 6288/1/6288 
f 6288/1/6288 6289/1/6289 6287/1/6287 
f 6018/1/6018 6015/1/6015 6290/1/6290 
f 6290/1/6290 6291/1/6291 6018/1/6018 
f 6287/1/6287 6290/1/6290 6015/1/6015 
f 6015/1/6015 6012/1/6012 6287/1/6287 
f 6289/1/6289 6292/1/6292 6290/1/6290 
f 6290/1/6290 6287/1/6287 6289/1/6289 
f 6291/1/6291 6290/1/6290 6292/1/6292 
f 6292/1/6292 6293/1/6293 6291/1/6291 
f 6024/1/6024 6021/1/6021 6294/1/6294 
f 6294/1/6294 6295/1/6295 6024/1/6024 
f 6291/1/6291 6294/1/6294 6021/1/6021 
f 6021/1/6021 6018/1/6018 6291/1/6291 
f 6293/1/6293 6296/1/6296 6294/1/6294 
f 6294/1/6294 6291/1/6291 6293/1/6293 
f 6295/1/6295 6294/1/6294 6296/1/6296 
f 6296/1/6296 6297/1/6297 6295/1/6295 
f 6030/1/6030 6029/1/6029 6298/1/6298 
f 6298/1/6298 6299/1/6299 6030/1/6030 
f 6295/1/6295 6298/1/6298 6029/1/6029 
f 6029/1/6029 6024/1/6024 6295/1/6295 
f 6297/1/6297 6300/1/6300 6298/1/6298 
f 6298/1/6298 6295/1/6295 6297/1/6297 
f 6299/1/6299 6298/1/6298 6300/1/6300 
f 6300/1/6300 6301/1/6301 6299/1/6299 
f 6299/1/6299 6302/1/6302 6035/1/6035 
f 6035/1/6035 6030/1/6030 6299/1/6299 
f 6301/1/6301 6303/1/6303 6302/1/6302 
f 6302/1/6302 6299/1/6299 6301/1/6301 
f 6304/1/6304 6302/1/6302 6303/1/6303 
f 6303/1/6303 6305/1/6305 6304/1/6304 
f 6036/1/6036 6035/1/6035 6302/1/6302 
f 6302/1/6302 6304/1/6304 6036/1/6036 
f 6304/1/6304 6306/1/6306 6041/1/6041 
f 6041/1/6041 6036/1/6036 6304/1/6304 
f 6305/1/6305 6307/1/6307 6306/1/6306 
f 6306/1/6306 6304/1/6304 6305/1/6305 
f 6307/1/6307 6308/1/6308 6309/1/6309 
f 6309/1/6309 6306/1/6306 6307/1/6307 
f 6309/1/6309 6042/1/6042 6041/1/6041 
f 6041/1/6041 6306/1/6306 6309/1/6309 
f 6042/1/6042 6309/1/6309 6310/1/6310 
f 6310/1/6310 6048/1/6048 6042/1/6042 
f 6311/1/6311 6310/1/6310 6309/1/6309 
f 6309/1/6309 6308/1/6308 6311/1/6311 
f 6312/1/6312 6313/1/6313 6310/1/6310 
f 6310/1/6310 6311/1/6311 6312/1/6312 
f 6048/1/6048 6310/1/6310 6313/1/6313 
f 6313/1/6313 6045/1/6045 6048/1/6048 
f 6045/1/6045 6313/1/6313 6314/1/6314 
f 6314/1/6314 6054/1/6054 6045/1/6045 
f 6315/1/6315 6314/1/6314 6313/1/6313 
f 6313/1/6313 6312/1/6312 6315/1/6315 
f 6316/1/6316 6317/1/6317 6314/1/6314 
f 6314/1/6314 6315/1/6315 6316/1/6316 
f 6054/1/6054 6314/1/6314 6317/1/6317 
f 6317/1/6317 6051/1/6051 6054/1/6054 
f 6051/1/6051 6317/1/6317 6318/1/6318 
f 6318/1/6318 6060/1/6060 6051/1/6051 
f 6319/1/6319 6318/1/6318 6317/1/6317 
f 6317/1/6317 6316/1/6316 6319/1/6319 
f 6320/1/6320 6321/1/6321 6318/1/6318 
f 6318/1/6318 6319/1/6319 6320/1/6320 
f 6060/1/6060 6318/1/6318 6321/1/6321 
f 6321/1/6321 6057/1/6057 6060/1/6060 
f 6057/1/6057 6321/1/6321 6322/1/6322 
f 6322/1/6322 6066/1/6066 6057/1/6057 
f 6323/1/6323 6322/1/6322 6321/1/6321 
f 6321/1/6321 6320/1/6320 6323/1/6323 
f 6324/1/6324 6325/1/6325 6322/1/6322 
f 6322/1/6322 6323/1/6323 6324/1/6324 
f 6066/1/6066 6322/1/6322 6325/1/6325 
f 6325/1/6325 6063/1/6063 6066/1/6066 
f 6063/1/6063 6325/1/6325 6326/1/6326 
f 6326/1/6326 6072/1/6072 6063/1/6063 
f 6327/1/6327 6326/1/6326 6325/1/6325 
f 6325/1/6325 6324/1/6324 6327/1/6327 
f 6328/1/6328 6329/1/6329 6326/1/6326 
f 6326/1/6326 6327/1/6327 6328/1/6328 
f 6072/1/6072 6326/1/6326 6329/1/6329 
f 6329/1/6329 6069/1/6069 6072/1/6072 
f 6069/1/6069 6329/1/6329 6330/1/6330 
f 6330/1/6330 6078/1/6078 6069/1/6069 
f 6331/1/6331 6330/1/6330 6329/1/6329 
f 6329/1/6329 6328/1/6328 6331/1/6331 
f 6332/1/6332 6333/1/6333 6330/1/6330 
f 6330/1/6330 6331/1/6331 6332/1/6332 
f 6078/1/6078 6330/1/6330 6333/1/6333 
f 6333/1/6333 6075/1/6075 6078/1/6078 
f 6075/1/6075 6333/1/6333 6334/1/6334 
f 6334/1/6334 6125/1/6125 6075/1/6075 
f 6335/1/6335 6334/1/6334 6333/1/6333 
f 6333/1/6333 6332/1/6332 6335/1/6335 
f 6336/1/6336 6337/1/6337 6334/1/6334 
f 6334/1/6334 6335/1/6335 6336/1/6336 
f 6125/1/6125 6334/1/6334 6337/1/6337 
f 6337/1/6337 6126/1/6126 6125/1/6125 
f 6338/1/6338 6339/1/6339 6340/1/6340 
f 6340/1/6340 6341/1/6341 6338/1/6338 
f 6119/1/6119 6130/1/6130 6339/1/6339 
f 6339/1/6339 6338/1/6338 6119/1/6119 
f 6339/1/6339 6130/1/6130 6126/1/6126 
f 6337/1/6337 6336/1/6336 6340/1/6340 
f 6119/1/6119 6338/1/6338 6342/1/6342 
f 6342/1/6342 6112/1/6112 6119/1/6119 
f 6341/1/6341 6343/1/6343 6342/1/6342 
f 6342/1/6342 6338/1/6338 6341/1/6341 
f 6344/1/6344 6342/1/6342 6343/1/6343 
f 6343/1/6343 6345/1/6345 6344/1/6344 
f 6113/1/6113 6112/1/6112 6342/1/6342 
f 6100/1/6100 6121/1/6121 6346/1/6346 
f 6346/1/6346 6347/1/6347 6100/1/6100 
f 6344/1/6344 6346/1/6346 6121/1/6121 
f 6121/1/6121 6113/1/6113 6344/1/6344 
f 6345/1/6345 6348/1/6348 6346/1/6346 
f 6346/1/6346 6344/1/6344 6345/1/6345 
f 6347/1/6347 6346/1/6346 6348/1/6348 
f 6348/1/6348 6349/1/6349 6347/1/6347 
f 6349/1/6349 6350/1/6350 6351/1/6351 
f 6351/1/6351 6347/1/6347 6349/1/6349 
f 6352/1/6352 6351/1/6351 6350/1/6350 
f 6350/1/6350 6353/1/6353 6352/1/6352 
f 6094/1/6094 6101/1/6101 6351/1/6351 
f 6351/1/6351 6352/1/6352 6094/1/6094 
f 6347/1/6347 6351/1/6351 6101/1/6101 
f 6101/1/6101 6100/1/6100 6347/1/6347 
f 6107/1/6107 6106/1/6106 6354/1/6354 
f 6354/1/6354 6355/1/6355 6107/1/6107 
f 6356/1/6356 6354/1/6354 6106/1/6106 
f 6106/1/6106 6089/1/6089 6356/1/6356 
f 6357/1/6357 6358/1/6358 6354/1/6354 
f 6354/1/6354 6356/1/6356 6357/1/6357 
f 6355/1/6355 6354/1/6354 6358/1/6358 
f 6358/1/6358 6359/1/6359 6355/1/6355 
f 6000/1/6000 6108/1/6108 6360/1/6360 
f 6360/1/6360 6361/1/6361 6000/1/6000 
f 6355/1/6355 6360/1/6360 6108/1/6108 
f 6108/1/6108 6107/1/6107 6355/1/6355 
f 6359/1/6359 6362/1/6362 6360/1/6360 
f 6360/1/6360 6355/1/6355 6359/1/6359 
f 6361/1/6361 6360/1/6360 6362/1/6362 
f 6362/1/6362 6363/1/6363 6361/1/6361 
f 6363/1/6363 6364/1/6364 6365/1/6365 
f 6365/1/6365 6361/1/6361 6363/1/6363 
f 6282/1/6282 6365/1/6365 6364/1/6364 
f 6364/1/6364 6283/1/6283 6282/1/6282 
f 6002/1/6002 6001/1/6001 6365/1/6365 
f 6365/1/6365 6282/1/6282 6002/1/6002 
f 6361/1/6361 6365/1/6365 6001/1/6001 
f 6001/1/6001 6000/1/6000 6361/1/6361 
f 6089/1/6089 6088/1/6088 6366/1/6366 
f 6366/1/6366 6356/1/6356 6089/1/6089 
f 6367/1/6367 6366/1/6366 6088/1/6088 
f 6088/1/6088 6087/1/6087 6367/1/6367 
f 6368/1/6368 6369/1/6369 6366/1/6366 
f 6366/1/6366 6367/1/6367 6368/1/6368 
f 6356/1/6356 6366/1/6366 6369/1/6369 
f 6369/1/6369 6357/1/6357 6356/1/6356 
f 6367/1/6367 6087/1/6087 6095/1/6095 
f 6095/1/6095 6370/1/6370 6367/1/6367 
f 6095/1/6095 6094/1/6094 6352/1/6352 
f 6353/1/6353 6371/1/6371 6370/1/6370 
f 6370/1/6370 6352/1/6352 6353/1/6353 
f 6367/1/6367 6370/1/6370 6371/1/6371 
f 6371/1/6371 6368/1/6368 6367/1/6367 
f 6283/1/6283 6364/1/6364 6372/1/6372 
f 6372/1/6372 6373/1/6373 6283/1/6283 
f 6374/1/6374 6372/1/6372 6364/1/6364 
f 6364/1/6364 6363/1/6363 6374/1/6374 
f 6375/1/6375 6376/1/6376 6372/1/6372 
f 6372/1/6372 6374/1/6374 6375/1/6375 
f 6373/1/6373 6372/1/6372 6376/1/6376 
f 6376/1/6376 6377/1/6377 6373/1/6373 
f 6378/1/6378 6379/1/6379 6380/1/6380 
f 6380/1/6380 6381/1/6381 6378/1/6378 
f 6382/1/6382 6379/1/6379 6378/1/6378 
f 6378/1/6378 6383/1/6383 6382/1/6382 
f 6384/1/6384 6385/1/6385 6379/1/6379 
f 6379/1/6379 6382/1/6382 6384/1/6384 
f 6380/1/6380 6379/1/6379 6385/1/6385 
f 6385/1/6385 6386/1/6386 6380/1/6380 
f 6357/1/6357 6369/1/6369 6387/1/6387 
f 6387/1/6387 6388/1/6388 6357/1/6357 
f 6389/1/6389 6387/1/6387 6369/1/6369 
f 6369/1/6369 6368/1/6368 6389/1/6389 
f 6390/1/6390 6391/1/6391 6387/1/6387 
f 6387/1/6387 6389/1/6389 6390/1/6390 
f 6388/1/6388 6387/1/6387 6391/1/6391 
f 6391/1/6391 6392/1/6392 6388/1/6388 
f 6393/1/6393 6394/1/6394 6395/1/6395 
f 6395/1/6395 6396/1/6396 6393/1/6393 
f 6397/1/6397 6395/1/6395 6394/1/6394 
f 6394/1/6394 6398/1/6398 6397/1/6397 
f 6399/1/6399 6400/1/6400 6395/1/6395 
f 6395/1/6395 6397/1/6397 6399/1/6399 
f 6396/1/6396 6395/1/6395 6400/1/6400 
f 6400/1/6400 6377/1/6377 6396/1/6396 
f 6401/1/6401 6402/1/6402 6403/1/6403 
f 6403/1/6403 6404/1/6404 6401/1/6401 
f 6396/1/6396 6403/1/6403 6402/1/6402 
f 6402/1/6402 6393/1/6393 6396/1/6396 
f 6377/1/6377 6376/1/6376 6403/1/6403 
f 6403/1/6403 6396/1/6396 6377/1/6377 
f 6404/1/6404 6403/1/6403 6376/1/6376 
f 6376/1/6376 6375/1/6375 6404/1/6404 
f 6377/1/6377 6400/1/6400 6405/1/6405 
f 6405/1/6405 6373/1/6373 6377/1/6377 
f 6406/1/6406 6405/1/6405 6400/1/6400 
f 6400/1/6400 6399/1/6399 6406/1/6406 
f 6285/1/6285 6284/1/6284 6405/1/6405 
f 6405/1/6405 6406/1/6406 6285/1/6285 
f 6373/1/6373 6405/1/6405 6284/1/6284 
f 6284/1/6284 6283/1/6283 6373/1/6373 
f 6398/1/6398 6407/1/6407 6408/1/6408 
f 6408/1/6408 6397/1/6397 6398/1/6398 
f 6409/1/6409 6408/1/6408 6407/1/6407 
f 6407/1/6407 6410/1/6410 6409/1/6409 
f 6411/1/6411 6412/1/6412 6408/1/6408 
f 6408/1/6408 6409/1/6409 6411/1/6411 
f 6397/1/6397 6408/1/6408 6412/1/6412 
f 6412/1/6412 6399/1/6399 6397/1/6397 
f 6399/1/6399 6412/1/6412 6413/1/6413 
f 6413/1/6413 6406/1/6406 6399/1/6399 
f 6414/1/6414 6413/1/6413 6412/1/6412 
f 6412/1/6412 6411/1/6411 6414/1/6414 
f 6289/1/6289 6288/1/6288 6413/1/6413 
f 6413/1/6413 6414/1/6414 6289/1/6289 
f 6406/1/6406 6413/1/6413 6288/1/6288 
f 6288/1/6288 6285/1/6285 6406/1/6406 
f 6410/1/6410 6415/1/6415 6416/1/6416 
f 6416/1/6416 6409/1/6409 6410/1/6410 
f 6417/1/6417 6416/1/6416 6415/1/6415 
f 6415/1/6415 6418/1/6418 6417/1/6417 
f 6419/1/6419 6420/1/6420 6416/1/6416 
f 6416/1/6416 6417/1/6417 6419/1/6419 
f 6409/1/6409 6416/1/6416 6420/1/6420 
f 6420/1/6420 6411/1/6411 6409/1/6409 
f 6411/1/6411 6420/1/6420 6421/1/6421 
f 6421/1/6421 6414/1/6414 6411/1/6411 
f 6422/1/6422 6421/1/6421 6420/1/6420 
f 6420/1/6420 6419/1/6419 6422/1/6422 
f 6293/1/6293 6292/1/6292 6421/1/6421 
f 6421/1/6421 6422/1/6422 6293/1/6293 
f 6414/1/6414 6421/1/6421 6292/1/6292 
f 6292/1/6292 6289/1/6289 6414/1/6414 
f 6418/1/6418 6423/1/6423 6424/1/6424 
f 6424/1/6424 6417/1/6417 6418/1/6418 
f 6425/1/6425 6424/1/6424 6423/1/6423 
f 6423/1/6423 6426/1/6426 6425/1/6425 
f 6427/1/6427 6428/1/6428 6424/1/6424 
f 6424/1/6424 6425/1/6425 6427/1/6427 
f 6417/1/6417 6424/1/6424 6428/1/6428 
f 6428/1/6428 6419/1/6419 6417/1/6417 
f 6419/1/6419 6428/1/6428 6429/1/6429 
f 6429/1/6429 6422/1/6422 6419/1/6419 
f 6430/1/6430 6429/1/6429 6428/1/6428 
f 6428/1/6428 6427/1/6427 6430/1/6430 
f 6297/1/6297 6296/1/6296 6429/1/6429 
f 6429/1/6429 6430/1/6430 6297/1/6297 
f 6422/1/6422 6429/1/6429 6296/1/6296 
f 6296/1/6296 6293/1/6293 6422/1/6422 
f 6425/1/6425 6431/1/6431 6432/1/6432 
f 6432/1/6432 6427/1/6427 6425/1/6425 
f 6426/1/6426 6433/1/6433 6431/1/6431 
f 6431/1/6431 6425/1/6425 6426/1/6426 
f 6434/1/6434 6435/1/6435 6431/1/6431 
f 6431/1/6431 6433/1/6433 6434/1/6434 
f 6436/1/6436 6432/1/6432 6431/1/6431 
f 6431/1/6431 6435/1/6435 6436/1/6436 
f 6437/1/6437 6438/1/6438 6432/1/6432 
f 6432/1/6432 6436/1/6436 6437/1/6437 
f 6301/1/6301 6300/1/6300 6438/1/6438 
f 6438/1/6438 6437/1/6437 6301/1/6301 
f 6430/1/6430 6438/1/6438 6300/1/6300 
f 6300/1/6300 6297/1/6297 6430/1/6430 
f 6427/1/6427 6432/1/6432 6438/1/6438 
f 6438/1/6438 6430/1/6430 6427/1/6427 
f 6439/1/6439 6436/1/6436 6435/1/6435 
f 6435/1/6435 6440/1/6440 6439/1/6439 
f 6441/1/6441 6440/1/6440 6435/1/6435 
f 6435/1/6435 6434/1/6434 6441/1/6441 
f 6442/1/6442 6443/1/6443 6440/1/6440 
f 6440/1/6440 6441/1/6441 6442/1/6442 
f 6439/1/6439 6440/1/6440 6443/1/6443 
f 6443/1/6443 6444/1/6444 6439/1/6439 
f 6444/1/6444 6445/1/6445 6446/1/6446 
f 6446/1/6446 6439/1/6439 6444/1/6444 
f 6446/1/6446 6445/1/6445 6305/1/6305 
f 6305/1/6305 6303/1/6303 6446/1/6446 
f 6437/1/6437 6446/1/6446 6303/1/6303 
f 6303/1/6303 6301/1/6301 6437/1/6437 
f 6436/1/6436 6439/1/6439 6446/1/6446 
f 6446/1/6446 6437/1/6437 6436/1/6436 
f 6444/1/6444 6443/1/6443 6447/1/6447 
f 6447/1/6447 6448/1/6448 6444/1/6444 
f 6449/1/6449 6447/1/6447 6443/1/6443 
f 6443/1/6443 6442/1/6442 6449/1/6449 
f 6450/1/6450 6451/1/6451 6447/1/6447 
f 6447/1/6447 6449/1/6449 6450/1/6450 
f 6448/1/6448 6447/1/6447 6451/1/6451 
f 6451/1/6451 6452/1/6452 6448/1/6448 
f 6452/1/6452 6453/1/6453 6454/1/6454 
f 6454/1/6454 6448/1/6448 6452/1/6452 
f 6453/1/6453 6308/1/6308 6307/1/6307 
f 6307/1/6307 6454/1/6454 6453/1/6453 
f 6307/1/6307 6305/1/6305 6445/1/6445 
f 6445/1/6445 6454/1/6454 6307/1/6307 
f 6448/1/6448 6454/1/6454 6445/1/6445 
f 6445/1/6445 6444/1/6444 6448/1/6448 
f 6452/1/6452 6451/1/6451 6455/1/6455 
f 6455/1/6455 6456/1/6456 6452/1/6452 
f 6457/1/6457 6455/1/6455 6451/1/6451 
f 6451/1/6451 6450/1/6450 6457/1/6457 
f 6458/1/6458 6459/1/6459 6455/1/6455 
f 6455/1/6455 6457/1/6457 6458/1/6458 
f 6456/1/6456 6455/1/6455 6459/1/6459 
f 6459/1/6459 6460/1/6460 6456/1/6456 
f 6460/1/6460 6461/1/6461 6462/1/6462 
f 6462/1/6462 6456/1/6456 6460/1/6460 
f 6311/1/6311 6462/1/6462 6461/1/6461 
f 6461/1/6461 6312/1/6312 6311/1/6311 
f 6308/1/6308 6453/1/6453 6462/1/6462 
f 6462/1/6462 6311/1/6311 6308/1/6308 
f 6456/1/6456 6462/1/6462 6453/1/6453 
f 6453/1/6453 6452/1/6452 6456/1/6456 
f 6460/1/6460 6459/1/6459 6463/1/6463 
f 6463/1/6463 6464/1/6464 6460/1/6460 
f 6465/1/6465 6463/1/6463 6459/1/6459 
f 6459/1/6459 6458/1/6458 6465/1/6465 
f 6466/1/6466 6467/1/6467 6463/1/6463 
f 6463/1/6463 6465/1/6465 6466/1/6466 
f 6464/1/6464 6463/1/6463 6467/1/6467 
f 6467/1/6467 6468/1/6468 6464/1/6464 
f 6468/1/6468 6469/1/6469 6470/1/6470 
f 6470/1/6470 6464/1/6464 6468/1/6468 
f 6315/1/6315 6470/1/6470 6469/1/6469 
f 6469/1/6469 6316/1/6316 6315/1/6315 
f 6312/1/6312 6461/1/6461 6470/1/6470 
f 6470/1/6470 6315/1/6315 6312/1/6312 
f 6464/1/6464 6470/1/6470 6461/1/6461 
f 6461/1/6461 6460/1/6460 6464/1/6464 
f 6468/1/6468 6467/1/6467 6471/1/6471 
f 6471/1/6471 6472/1/6472 6468/1/6468 
f 6473/1/6473 6471/1/6471 6467/1/6467 
f 6467/1/6467 6466/1/6466 6473/1/6473 
f 6474/1/6474 6475/1/6475 6471/1/6471 
f 6471/1/6471 6473/1/6473 6474/1/6474 
f 6472/1/6472 6471/1/6471 6475/1/6475 
f 6475/1/6475 6476/1/6476 6472/1/6472 
f 6476/1/6476 6477/1/6477 6478/1/6478 
f 6478/1/6478 6472/1/6472 6476/1/6476 
f 6319/1/6319 6478/1/6478 6477/1/6477 
f 6477/1/6477 6320/1/6320 6319/1/6319 
f 6316/1/6316 6469/1/6469 6478/1/6478 
f 6478/1/6478 6319/1/6319 6316/1/6316 
f 6472/1/6472 6478/1/6478 6469/1/6469 
f 6469/1/6469 6468/1/6468 6472/1/6472 
f 6476/1/6476 6475/1/6475 6479/1/6479 
f 6479/1/6479 6480/1/6480 6476/1/6476 
f 6481/1/6481 6479/1/6479 6475/1/6475 
f 6475/1/6475 6474/1/6474 6481/1/6481 
f 6482/1/6482 6483/1/6483 6479/1/6479 
f 6479/1/6479 6481/1/6481 6482/1/6482 
f 6480/1/6480 6479/1/6479 6483/1/6483 
f 6483/1/6483 6484/1/6484 6480/1/6480 
f 6484/1/6484 6485/1/6485 6486/1/6486 
f 6486/1/6486 6480/1/6480 6484/1/6484 
f 6323/1/6323 6486/1/6486 6485/1/6485 
f 6485/1/6485 6324/1/6324 6323/1/6323 
f 6320/1/6320 6477/1/6477 6486/1/6486 
f 6486/1/6486 6323/1/6323 6320/1/6320 
f 6480/1/6480 6486/1/6486 6477/1/6477 
f 6477/1/6477 6476/1/6476 6480/1/6480 
f 6484/1/6484 6483/1/6483 6487/1/6487 
f 6487/1/6487 6488/1/6488 6484/1/6484 
f 6489/1/6489 6487/1/6487 6483/1/6483 
f 6483/1/6483 6482/1/6482 6489/1/6489 
f 6490/1/6490 6491/1/6491 6487/1/6487 
f 6487/1/6487 6489/1/6489 6490/1/6490 
f 6488/1/6488 6487/1/6487 6491/1/6491 
f 6491/1/6491 6492/1/6492 6488/1/6488 
f 6492/1/6492 6493/1/6493 6494/1/6494 
f 6494/1/6494 6488/1/6488 6492/1/6492 
f 6327/1/6327 6494/1/6494 6493/1/6493 
f 6493/1/6493 6328/1/6328 6327/1/6327 
f 6324/1/6324 6485/1/6485 6494/1/6494 
f 6494/1/6494 6327/1/6327 6324/1/6324 
f 6488/1/6488 6494/1/6494 6485/1/6485 
f 6485/1/6485 6484/1/6484 6488/1/6488 
f 6492/1/6492 6491/1/6491 6495/1/6495 
f 6495/1/6495 6496/1/6496 6492/1/6492 
f 6497/1/6497 6495/1/6495 6491/1/6491 
f 6491/1/6491 6490/1/6490 6497/1/6497 
f 6498/1/6498 6499/1/6499 6495/1/6495 
f 6495/1/6495 6497/1/6497 6498/1/6498 
f 6496/1/6496 6495/1/6495 6499/1/6499 
f 6499/1/6499 6500/1/6500 6496/1/6496 
f 6500/1/6500 6501/1/6501 6502/1/6502 
f 6502/1/6502 6496/1/6496 6500/1/6500 
f 6331/1/6331 6502/1/6502 6501/1/6501 
f 6501/1/6501 6332/1/6332 6331/1/6331 
f 6328/1/6328 6493/1/6493 6502/1/6502 
f 6502/1/6502 6331/1/6331 6328/1/6328 
f 6496/1/6496 6502/1/6502 6493/1/6493 
f 6493/1/6493 6492/1/6492 6496/1/6496 
f 6500/1/6500 6499/1/6499 6503/1/6503 
f 6503/1/6503 6504/1/6504 6500/1/6500 
f 6505/1/6505 6503/1/6503 6499/1/6499 
f 6499/1/6499 6498/1/6498 6505/1/6505 
f 6506/1/6506 6507/1/6507 6503/1/6503 
f 6503/1/6503 6505/1/6505 6506/1/6506 
f 6504/1/6504 6503/1/6503 6507/1/6507 
f 6507/1/6507 6508/1/6508 6504/1/6504 
f 6508/1/6508 6509/1/6509 6510/1/6510 
f 6510/1/6510 6504/1/6504 6508/1/6508 
f 6335/1/6335 6510/1/6510 6509/1/6509 
f 6509/1/6509 6336/1/6336 6335/1/6335 
f 6332/1/6332 6501/1/6501 6510/1/6510 
f 6510/1/6510 6335/1/6335 6332/1/6332 
f 6504/1/6504 6510/1/6510 6501/1/6501 
f 6501/1/6501 6500/1/6500 6504/1/6504 
f 6508/1/6508 6507/1/6507 6511/1/6511 
f 6511/1/6511 6512/1/6512 6508/1/6508 
f 6513/1/6513 6511/1/6511 6507/1/6507 
f 6507/1/6507 6506/1/6506 6513/1/6513 
f 6383/1/6383 6378/1/6378 6511/1/6511 
f 6511/1/6511 6513/1/6513 6383/1/6383 
f 6512/1/6512 6511/1/6511 6378/1/6378 
f 6378/1/6378 6381/1/6381 6512/1/6512 
f 6381/1/6381 6514/1/6514 6515/1/6515 
f 6515/1/6515 6512/1/6512 6381/1/6381 
f 6340/1/6340 6515/1/6515 6514/1/6514 
f 6514/1/6514 6341/1/6341 6340/1/6340 
f 6336/1/6336 6509/1/6509 6515/1/6515 
f 6515/1/6515 6340/1/6340 6336/1/6336 
f 6512/1/6512 6515/1/6515 6509/1/6509 
f 6509/1/6509 6508/1/6508 6512/1/6512 
f 6386/1/6386 6385/1/6385 6516/1/6516 
f 6516/1/6516 6517/1/6517 6386/1/6386 
f 6518/1/6518 6516/1/6516 6385/1/6385 
f 6385/1/6385 6384/1/6384 6518/1/6518 
f 6519/1/6519 6520/1/6520 6516/1/6516 
f 6516/1/6516 6518/1/6518 6519/1/6519 
f 6517/1/6517 6516/1/6516 6520/1/6520 
f 6520/1/6520 6521/1/6521 6517/1/6517 
f 6341/1/6341 6514/1/6514 6522/1/6522 
f 6522/1/6522 6343/1/6343 6341/1/6341 
f 6380/1/6380 6522/1/6522 6514/1/6514 
f 6514/1/6514 6381/1/6381 6380/1/6380 
f 6386/1/6386 6523/1/6523 6522/1/6522 
f 6522/1/6522 6380/1/6380 6386/1/6386 
f 6523/1/6523 6345/1/6345 6343/1/6343 
f 6343/1/6343 6522/1/6522 6523/1/6523 
f 6517/1/6517 6524/1/6524 6523/1/6523 
f 6523/1/6523 6386/1/6386 6517/1/6517 
f 6521/1/6521 6525/1/6525 6524/1/6524 
f 6524/1/6524 6517/1/6517 6521/1/6521 
f 6349/1/6349 6348/1/6348 6524/1/6524 
f 6524/1/6524 6525/1/6525 6349/1/6349 
f 6523/1/6523 6524/1/6524 6348/1/6348 
f 6348/1/6348 6345/1/6345 6523/1/6523 
f 6526/1/6526 6527/1/6527 6520/1/6520 
f 6520/1/6520 6519/1/6519 6526/1/6526 
f 6528/1/6528 6529/1/6529 6527/1/6527 
f 6527/1/6527 6526/1/6526 6528/1/6528 
f 6530/1/6530 6531/1/6531 6527/1/6527 
f 6527/1/6527 6529/1/6529 6530/1/6530 
f 6520/1/6520 6527/1/6527 6531/1/6531 
f 6531/1/6531 6521/1/6521 6520/1/6520 
f 6525/1/6525 6521/1/6521 6531/1/6531 
f 6531/1/6531 6532/1/6532 6525/1/6525 
f 6533/1/6533 6532/1/6532 6531/1/6531 
f 6531/1/6531 6530/1/6530 6533/1/6533 
f 6353/1/6353 6350/1/6350 6532/1/6532 
f 6532/1/6532 6533/1/6533 6353/1/6353 
f 6525/1/6525 6532/1/6532 6350/1/6350 
f 6350/1/6350 6349/1/6349 6525/1/6525 
f 6534/1/6534 6535/1/6535 6536/1/6536 
f 6536/1/6536 6537/1/6537 6534/1/6534 
f 6538/1/6538 6536/1/6536 6535/1/6535 
f 6535/1/6535 6539/1/6539 6538/1/6538 
f 6540/1/6540 6541/1/6541 6536/1/6536 
f 6536/1/6536 6538/1/6538 6540/1/6540 
f 6537/1/6537 6536/1/6536 6541/1/6541 
f 6541/1/6541 6392/1/6392 6537/1/6537 
f 6542/1/6542 6543/1/6543 6544/1/6544 
f 6544/1/6544 6545/1/6545 6542/1/6542 
f 6537/1/6537 6545/1/6545 6544/1/6544 
f 6544/1/6544 6534/1/6534 6537/1/6537 
f 6392/1/6392 6391/1/6391 6545/1/6545 
f 6545/1/6545 6537/1/6537 6392/1/6392 
f 6542/1/6542 6545/1/6545 6391/1/6391 
f 6391/1/6391 6390/1/6390 6542/1/6542 
f 6392/1/6392 6541/1/6541 6546/1/6546 
f 6546/1/6546 6388/1/6388 6392/1/6392 
f 6547/1/6547 6546/1/6546 6541/1/6541 
f 6541/1/6541 6540/1/6540 6547/1/6547 
f 6359/1/6359 6358/1/6358 6546/1/6546 
f 6546/1/6546 6547/1/6547 6359/1/6359 
f 6388/1/6388 6546/1/6546 6358/1/6358 
f 6358/1/6358 6357/1/6357 6388/1/6388 
f 6539/1/6539 6548/1/6548 6549/1/6549 
f 6549/1/6549 6538/1/6538 6539/1/6539 
f 6404/1/6404 6549/1/6549 6548/1/6548 
f 6548/1/6548 6401/1/6401 6404/1/6404 
f 6375/1/6375 6550/1/6550 6549/1/6549 
f 6549/1/6549 6404/1/6404 6375/1/6375 
f 6538/1/6538 6549/1/6549 6550/1/6550 
f 6550/1/6550 6540/1/6540 6538/1/6538 
f 6540/1/6540 6550/1/6550 6551/1/6551 
f 6551/1/6551 6547/1/6547 6540/1/6540 
f 6374/1/6374 6551/1/6551 6550/1/6550 
f 6550/1/6550 6375/1/6375 6374/1/6374 
f 6363/1/6363 6362/1/6362 6551/1/6551 
f 6551/1/6551 6374/1/6374 6363/1/6363 
f 6547/1/6547 6551/1/6551 6362/1/6362 
f 6362/1/6362 6359/1/6359 6547/1/6547 
f 6552/1/6552 6553/1/6553 6529/1/6529 
f 6529/1/6529 6528/1/6528 6552/1/6552 
f 6543/1/6543 6542/1/6542 6553/1/6553 
f 6553/1/6553 6552/1/6552 6543/1/6543 
f 6390/1/6390 6554/1/6554 6553/1/6553 
f 6553/1/6553 6542/1/6542 6390/1/6390 
f 6529/1/6529 6553/1/6553 6554/1/6554 
f 6554/1/6554 6530/1/6530 6529/1/6529 
f 6368/1/6368 6371/1/6371 6555/1/6555 
f 6555/1/6555 6389/1/6389 6368/1/6368 
f 6533/1/6533 6555/1/6555 6371/1/6371 
f 6371/1/6371 6353/1/6353 6533/1/6533 
f 6530/1/6530 6554/1/6554 6555/1/6555 
f 6555/1/6555 6533/1/6533 6530/1/6530 
f 6389/1/6389 6555/1/6555 6554/1/6554 
f 6554/1/6554 6390/1/6390 6389/1/6389 
f 6556/1/6556 6557/1/6557 6137/1/6137 
f 6142/1/6142 6556/1/6556 6136/1/6136 
f 6136/1/6136 6135/1/6135 6142/1/6142 
f 6143/1/6143 6558/1/6558 6556/1/6556 
f 6556/1/6556 6142/1/6142 6143/1/6143 
f 6557/1/6557 6556/1/6556 6558/1/6558 
f 6558/1/6558 6559/1/6559 6557/1/6557 
f 6560/1/6560 6561/1/6561 5983/1/5983 
f 6562/1/6562 6560/1/6560 5980/1/5980 
f 5980/1/5980 5981/1/5981 6562/1/6562 
f 6560/1/6560 6562/1/6562 6563/1/6563 
f 6564/1/6564 6565/1/6565 6561/1/6561 
f 6137/1/6137 6557/1/6557 6566/1/6566 
f 6566/1/6566 6155/1/6155 6137/1/6137 
f 6567/1/6567 6566/1/6566 6557/1/6557 
f 6557/1/6557 6559/1/6559 6567/1/6567 
f 6568/1/6568 6569/1/6569 6566/1/6566 
f 6566/1/6566 6567/1/6567 6568/1/6568 
f 6155/1/6155 6566/1/6566 6569/1/6569 
f 6569/1/6569 6157/1/6157 6155/1/6155 
f 6568/1/6568 6567/1/6567 6570/1/6570 
f 6570/1/6570 6571/1/6571 6568/1/6568 
f 6559/1/6559 6572/1/6572 6570/1/6570 
f 6570/1/6570 6567/1/6567 6559/1/6559 
f 6565/1/6565 6564/1/6564 6570/1/6570 
f 6570/1/6570 6572/1/6572 6565/1/6565 
f 6564/1/6564 6563/1/6563 6571/1/6571 
f 6573/1/6573 6574/1/6574 6575/1/6575 
f 6575/1/6575 6576/1/6576 6573/1/6573 
f 6141/1/6141 6575/1/6575 6574/1/6574 
f 6574/1/6574 6138/1/6138 6141/1/6141 
f 6145/1/6145 6167/1/6167 6575/1/6575 
f 6575/1/6575 6141/1/6141 6145/1/6145 
f 6576/1/6576 6575/1/6575 6167/1/6167 
f 6167/1/6167 6166/1/6166 6576/1/6576 
f 6162/1/6162 6161/1/6161 6577/1/6577 
f 6577/1/6577 6578/1/6578 6162/1/6162 
f 6569/1/6569 6577/1/6577 6161/1/6161 
f 6161/1/6161 6157/1/6157 6569/1/6569 
f 6568/1/6568 6579/1/6579 6577/1/6577 
f 6577/1/6577 6569/1/6569 6568/1/6568 
f 6578/1/6578 6577/1/6577 6579/1/6579 
f 6579/1/6579 6580/1/6580 6578/1/6578 
f 6580/1/6580 6579/1/6579 6581/1/6581 
f 6581/1/6581 6582/1/6582 6580/1/6580 
f 6579/1/6579 6568/1/6568 6571/1/6571 
f 6563/1/6563 6583/1/6583 6581/1/6581 
f 6581/1/6581 6571/1/6571 6563/1/6563 
f 6582/1/6582 6581/1/6581 6583/1/6583 
f 6583/1/6583 6584/1/6584 6582/1/6582 
f 6585/1/6585 6586/1/6586 6587/1/6587 
f 6588/1/6588 6589/1/6589 6590/1/6590 
f 6591/1/6591 6592/1/6592 6585/1/6585 
f 6585/1/6585 6590/1/6590 6591/1/6591 
f 6586/1/6586 6585/1/6585 6592/1/6592 
f 6592/1/6592 6584/1/6584 6586/1/6586 
f 5981/1/5981 5990/1/5990 6593/1/6593 
f 6593/1/6593 6562/1/6562 5981/1/5981 
f 6586/1/6586 6593/1/6593 5990/1/5990 
f 5990/1/5990 6587/1/6587 6586/1/6586 
f 6584/1/6584 6583/1/6583 6593/1/6593 
f 6593/1/6593 6586/1/6586 6584/1/6584 
f 6562/1/6562 6593/1/6593 6583/1/6583 
f 6583/1/6583 6563/1/6563 6562/1/6562 
f 6176/1/6176 6175/1/6175 6594/1/6594 
f 6594/1/6594 6595/1/6595 6176/1/6176 
f 6578/1/6578 6594/1/6594 6175/1/6175 
f 6175/1/6175 6162/1/6162 6578/1/6578 
f 6580/1/6580 6596/1/6596 6594/1/6594 
f 6594/1/6594 6578/1/6578 6580/1/6580 
f 6595/1/6595 6594/1/6594 6596/1/6596 
f 6596/1/6596 6597/1/6597 6595/1/6595 
f 6598/1/6598 6599/1/6599 6597/1/6597 
f 6582/1/6582 6598/1/6598 6596/1/6596 
f 6596/1/6596 6580/1/6580 6582/1/6582 
f 6584/1/6584 6592/1/6592 6598/1/6598 
f 6598/1/6598 6582/1/6582 6584/1/6584 
f 6599/1/6599 6598/1/6598 6592/1/6592 
f 6592/1/6592 6591/1/6591 6599/1/6599 
f 6151/1/6151 6147/1/6147 6600/1/6600 
f 6600/1/6600 6601/1/6601 6151/1/6151 
f 6147/1/6147 6146/1/6146 6179/1/6179 
f 6600/1/6600 6179/1/6179 6176/1/6176 
f 6601/1/6601 6600/1/6600 6595/1/6595 
f 6595/1/6595 6597/1/6597 6601/1/6601 
f 6602/1/6602 6603/1/6603 6604/1/6604 
f 6604/1/6604 6605/1/6605 6602/1/6602 
f 6606/1/6606 6604/1/6604 6603/1/6603 
f 6603/1/6603 6607/1/6607 6606/1/6606 
f 6608/1/6608 6609/1/6609 6604/1/6604 
f 6604/1/6604 6606/1/6606 6608/1/6608 
f 6605/1/6605 6604/1/6604 6609/1/6609 
f 6609/1/6609 6610/1/6610 6605/1/6605 
f 6143/1/6143 6139/1/6139 6611/1/6611 
f 6611/1/6611 6612/1/6612 6143/1/6143 
f 6613/1/6613 6611/1/6611 6139/1/6139 
f 6139/1/6139 6138/1/6138 6613/1/6613 
f 6607/1/6607 6603/1/6603 6611/1/6611 
f 6611/1/6611 6613/1/6613 6607/1/6607 
f 6612/1/6612 6611/1/6611 6603/1/6603 
f 6603/1/6603 6602/1/6602 6612/1/6612 
f 5901/1/5901 5974/1/5974 6614/1/6614 
f 6614/1/6614 6615/1/6615 5901/1/5901 
f 5982/1/5982 6614/1/6614 5974/1/5974 
f 5974/1/5974 5975/1/5975 5982/1/5982 
f 5983/1/5983 6616/1/6616 6614/1/6614 
f 6614/1/6614 5982/1/5982 5983/1/5983 
f 6615/1/6615 6614/1/6614 6616/1/6616 
f 6616/1/6616 6610/1/6610 6615/1/6615 
f 6610/1/6610 6616/1/6616 6617/1/6617 
f 6617/1/6617 6605/1/6605 6610/1/6610 
f 6561/1/6561 6617/1/6617 6616/1/6616 
f 6616/1/6616 5983/1/5983 6561/1/6561 
f 6565/1/6565 6618/1/6618 6617/1/6617 
f 6617/1/6617 6561/1/6561 6565/1/6565 
f 6605/1/6605 6617/1/6617 6618/1/6618 
f 6618/1/6618 6602/1/6602 6605/1/6605 
f 5906/1/5906 5902/1/5902 6619/1/6619 
f 6619/1/6619 6620/1/6620 5906/1/5906 
f 6615/1/6615 6619/1/6619 5902/1/5902 
f 5902/1/5902 5901/1/5901 6615/1/6615 
f 6610/1/6610 6609/1/6609 6619/1/6619 
f 6619/1/6619 6615/1/6615 6610/1/6610 
f 6620/1/6620 6619/1/6619 6609/1/6609 
f 6609/1/6609 6608/1/6608 6620/1/6620 
f 6559/1/6559 6558/1/6558 6621/1/6621 
f 6621/1/6621 6572/1/6572 6559/1/6559 
f 6612/1/6612 6621/1/6621 6558/1/6558 
f 6558/1/6558 6143/1/6143 6612/1/6612 
f 6602/1/6602 6618/1/6618 6621/1/6621 
f 6621/1/6621 6612/1/6612 6602/1/6602 
f 6618/1/6618 6565/1/6565 6572/1/6572 
f 6622/1/6622 6623/1/6623 6591/1/6591 
f 6624/1/6624 6622/1/6622 6590/1/6590 
f 6590/1/6590 6589/1/6589 6624/1/6624 
f 6622/1/6622 6624/1/6624 6625/1/6625 
f 6623/1/6623 6622/1/6622 6626/1/6626 
f 6626/1/6626 6627/1/6627 6623/1/6623 
f 6627/1/6627 6628/1/6628 6629/1/6629 
f 6629/1/6629 6623/1/6623 6627/1/6627 
f 6601/1/6601 6629/1/6629 6628/1/6628 
f 6628/1/6628 6151/1/6151 6601/1/6601 
f 6629/1/6629 6601/1/6601 6597/1/6597 
f 6623/1/6623 6629/1/6629 6599/1/6599 
f 6599/1/6599 6591/1/6591 6623/1/6623 
f 6630/1/6630 6631/1/6631 6625/1/6625 
f 6632/1/6632 6633/1/6633 6631/1/6631 
f 6627/1/6627 6626/1/6626 6634/1/6634 
f 6634/1/6634 6635/1/6635 6627/1/6627 
f 6626/1/6626 6625/1/6625 6631/1/6631 
f 6633/1/6633 6636/1/6636 6634/1/6634 
f 6634/1/6634 6631/1/6631 6633/1/6633 
f 6635/1/6635 6634/1/6634 6636/1/6636 
f 6636/1/6636 6637/1/6637 6635/1/6635 
f 6638/1/6638 6639/1/6639 6640/1/6640 
f 6640/1/6640 6641/1/6641 6638/1/6638 
f 6278/1/6278 6641/1/6641 6640/1/6640 
f 6640/1/6640 6273/1/6273 6278/1/6278 
f 6152/1/6152 6642/1/6642 6641/1/6641 
f 6641/1/6641 6278/1/6278 6152/1/6152 
f 6638/1/6638 6641/1/6641 6642/1/6642 
f 6642/1/6642 6637/1/6637 6638/1/6638 
f 6637/1/6637 6642/1/6642 6643/1/6643 
f 6643/1/6643 6635/1/6635 6637/1/6637 
f 6150/1/6150 6643/1/6643 6642/1/6642 
f 6642/1/6642 6152/1/6152 6150/1/6150 
f 6151/1/6151 6628/1/6628 6643/1/6643 
f 6643/1/6643 6150/1/6150 6151/1/6151 
f 6635/1/6635 6643/1/6643 6628/1/6628 
f 6628/1/6628 6627/1/6627 6635/1/6635 
f 6633/1/6633 6632/1/6632 6644/1/6644 
f 6644/1/6644 6645/1/6645 6633/1/6633 
f 6645/1/6645 6644/1/6644 6646/1/6646 
f 6646/1/6646 6647/1/6647 6645/1/6645 
f 6637/1/6637 6636/1/6636 6648/1/6648 
f 6648/1/6648 6638/1/6638 6637/1/6637 
f 6645/1/6645 6648/1/6648 6636/1/6636 
f 6636/1/6636 6633/1/6633 6645/1/6645 
f 6649/1/6649 6648/1/6648 6645/1/6645 
f 6645/1/6645 6647/1/6647 6649/1/6649 
f 6649/1/6649 6639/1/6639 6638/1/6638 
f 6638/1/6638 6648/1/6648 6649/1/6649 
f 6650/1/6650 6651/1/6651 6652/1/6652 
f 6647/1/6647 6646/1/6646 6653/1/6653 
f 6653/1/6653 6654/1/6654 6647/1/6647 
f 6651/1/6651 6654/1/6654 6653/1/6653 
f 6653/1/6653 6652/1/6652 6651/1/6651 
f 6639/1/6639 6649/1/6649 6655/1/6655 
f 6655/1/6655 6656/1/6656 6639/1/6639 
f 6654/1/6654 6655/1/6655 6649/1/6649 
f 6649/1/6649 6647/1/6647 6654/1/6654 
f 6657/1/6657 6655/1/6655 6654/1/6654 
f 6654/1/6654 6651/1/6651 6657/1/6657 
f 6658/1/6658 6656/1/6656 6655/1/6655 
f 6655/1/6655 6657/1/6657 6658/1/6658 
f 6659/1/6659 6256/1/6256 6264/1/6264 
f 6264/1/6264 6660/1/6660 6659/1/6659 
f 6265/1/6265 6661/1/6661 6660/1/6660 
f 6660/1/6660 6264/1/6264 6265/1/6265 
f 6658/1/6658 6662/1/6662 6660/1/6660 
f 6660/1/6660 6661/1/6661 6658/1/6658 
f 6659/1/6659 6660/1/6660 6662/1/6662 
f 6662/1/6662 6663/1/6663 6659/1/6659 
f 6661/1/6661 6664/1/6664 6656/1/6656 
f 6656/1/6656 6658/1/6658 6661/1/6661 
f 6272/1/6272 6664/1/6664 6661/1/6661 
f 6661/1/6661 6265/1/6265 6272/1/6272 
f 6273/1/6273 6640/1/6640 6664/1/6664 
f 6664/1/6664 6272/1/6272 6273/1/6273 
f 6639/1/6639 6656/1/6656 6664/1/6664 
f 6664/1/6664 6640/1/6640 6639/1/6639 
f 6665/1/6665 6666/1/6666 6667/1/6667 
f 6667/1/6667 6668/1/6668 6665/1/6665 
f 6650/1/6650 6667/1/6667 6666/1/6666 
f 6666/1/6666 6651/1/6651 6650/1/6650 
f 6663/1/6663 6662/1/6662 6669/1/6669 
f 6669/1/6669 6670/1/6670 6663/1/6663 
f 6657/1/6657 6669/1/6669 6662/1/6662 
f 6662/1/6662 6658/1/6658 6657/1/6657 
f 6669/1/6669 6657/1/6657 6651/1/6651 
f 6670/1/6670 6669/1/6669 6666/1/6666 
f 6666/1/6666 6665/1/6665 6670/1/6670 
f 6248/1/6248 6257/1/6257 6671/1/6671 
f 6671/1/6671 6672/1/6672 6248/1/6248 
f 6659/1/6659 6671/1/6671 6257/1/6257 
f 6257/1/6257 6256/1/6256 6659/1/6659 
f 6663/1/6663 6673/1/6673 6671/1/6671 
f 6671/1/6671 6659/1/6659 6663/1/6663 
f 6672/1/6672 6671/1/6671 6673/1/6673 
f 6673/1/6673 6674/1/6674 6672/1/6672 
f 6675/1/6675 6676/1/6676 6677/1/6677 
f 6677/1/6677 6678/1/6678 6675/1/6675 
f 6676/1/6676 6665/1/6665 6668/1/6668 
f 6674/1/6674 6673/1/6673 6679/1/6679 
f 6679/1/6679 6680/1/6680 6674/1/6674 
f 6670/1/6670 6679/1/6679 6673/1/6673 
f 6673/1/6673 6663/1/6663 6670/1/6670 
f 6665/1/6665 6676/1/6676 6679/1/6679 
f 6679/1/6679 6670/1/6670 6665/1/6665 
f 6676/1/6676 6675/1/6675 6680/1/6680 
f 6240/1/6240 6249/1/6249 6681/1/6681 
f 6681/1/6681 6682/1/6682 6240/1/6240 
f 6672/1/6672 6681/1/6681 6249/1/6249 
f 6249/1/6249 6248/1/6248 6672/1/6672 
f 6674/1/6674 6683/1/6683 6681/1/6681 
f 6681/1/6681 6672/1/6672 6674/1/6674 
f 6683/1/6683 6684/1/6684 6682/1/6682 
f 6685/1/6685 6686/1/6686 6687/1/6687 
f 6678/1/6678 6685/1/6685 6688/1/6688 
f 6688/1/6688 6675/1/6675 6678/1/6678 
f 6684/1/6684 6683/1/6683 6689/1/6689 
f 6689/1/6689 6690/1/6690 6684/1/6684 
f 6683/1/6683 6674/1/6674 6680/1/6680 
f 6689/1/6689 6680/1/6680 6675/1/6675 
f 6690/1/6690 6689/1/6689 6688/1/6688 
f 6688/1/6688 6687/1/6687 6690/1/6690 
f 6232/1/6232 6241/1/6241 6691/1/6691 
f 6691/1/6691 6692/1/6692 6232/1/6232 
f 6241/1/6241 6240/1/6240 6682/1/6682 
f 6684/1/6684 6693/1/6693 6691/1/6691 
f 6691/1/6691 6682/1/6682 6684/1/6684 
f 6692/1/6692 6691/1/6691 6693/1/6693 
f 6693/1/6693 6694/1/6694 6692/1/6692 
f 6687/1/6687 6686/1/6686 6695/1/6695 
f 6695/1/6695 6696/1/6696 6687/1/6687 
f 6697/1/6697 6698/1/6698 6695/1/6695 
f 6695/1/6695 6699/1/6699 6697/1/6697 
f 6696/1/6696 6695/1/6695 6698/1/6698 
f 6698/1/6698 6700/1/6700 6696/1/6696 
f 6694/1/6694 6693/1/6693 6701/1/6701 
f 6701/1/6701 6702/1/6702 6694/1/6694 
f 6690/1/6690 6701/1/6701 6693/1/6693 
f 6693/1/6693 6684/1/6684 6690/1/6690 
f 6687/1/6687 6696/1/6696 6701/1/6701 
f 6701/1/6701 6690/1/6690 6687/1/6687 
f 6700/1/6700 6702/1/6702 6701/1/6701 
f 6701/1/6701 6696/1/6696 6700/1/6700 
f 6224/1/6224 6233/1/6233 6703/1/6703 
f 6703/1/6703 6704/1/6704 6224/1/6224 
f 6692/1/6692 6703/1/6703 6233/1/6233 
f 6233/1/6233 6232/1/6232 6692/1/6692 
f 6694/1/6694 6705/1/6705 6703/1/6703 
f 6703/1/6703 6692/1/6692 6694/1/6694 
f 6704/1/6704 6703/1/6703 6705/1/6705 
f 6705/1/6705 6706/1/6706 6704/1/6704 
f 6700/1/6700 6698/1/6698 6707/1/6707 
f 6707/1/6707 6708/1/6708 6700/1/6700 
f 5966/1/5966 6707/1/6707 6698/1/6698 
f 6698/1/6698 6697/1/6697 5966/1/5966 
f 5965/1/5965 6709/1/6709 6707/1/6707 
f 6707/1/6707 5966/1/5966 5965/1/5965 
f 6708/1/6708 6707/1/6707 6709/1/6709 
f 6709/1/6709 6710/1/6710 6708/1/6708 
f 6705/1/6705 6694/1/6694 6702/1/6702 
f 6708/1/6708 6711/1/6711 6702/1/6702 
f 6702/1/6702 6700/1/6700 6708/1/6708 
f 6711/1/6711 6708/1/6708 6710/1/6710 
f 6706/1/6706 6705/1/6705 6711/1/6711 
f 6711/1/6711 6712/1/6712 6706/1/6706 
f 6217/1/6217 6225/1/6225 6713/1/6713 
f 6713/1/6713 6714/1/6714 6217/1/6217 
f 6704/1/6704 6713/1/6713 6225/1/6225 
f 6225/1/6225 6224/1/6224 6704/1/6704 
f 6706/1/6706 6715/1/6715 6713/1/6713 
f 6713/1/6713 6704/1/6704 6706/1/6706 
f 6714/1/6714 6713/1/6713 6715/1/6715 
f 6715/1/6715 6716/1/6716 6714/1/6714 
f 6717/1/6717 6718/1/6718 6719/1/6719 
f 6719/1/6719 6720/1/6720 6717/1/6717 
f 6709/1/6709 6719/1/6719 6718/1/6718 
f 6718/1/6718 6710/1/6710 6709/1/6709 
f 5965/1/5965 5962/1/5962 6719/1/6719 
f 6719/1/6719 6709/1/6709 5965/1/5965 
f 6720/1/6720 6719/1/6719 5962/1/5962 
f 5962/1/5962 5961/1/5961 6720/1/6720 
f 6716/1/6716 6715/1/6715 6721/1/6721 
f 6721/1/6721 6722/1/6722 6716/1/6716 
f 6712/1/6712 6721/1/6721 6715/1/6715 
f 6715/1/6715 6706/1/6706 6712/1/6712 
f 6710/1/6710 6718/1/6718 6721/1/6721 
f 6721/1/6721 6712/1/6712 6710/1/6710 
f 6722/1/6722 6721/1/6721 6718/1/6718 
f 6718/1/6718 6717/1/6717 6722/1/6722 
f 6723/1/6723 6724/1/6724 6725/1/6725 
f 6725/1/6725 6726/1/6726 6723/1/6723 
f 6216/1/6216 6724/1/6724 6723/1/6723 
f 6723/1/6723 6208/1/6208 6216/1/6216 
f 6217/1/6217 6714/1/6714 6724/1/6724 
f 6724/1/6724 6216/1/6216 6217/1/6217 
f 6716/1/6716 6725/1/6725 6724/1/6724 
f 6724/1/6724 6714/1/6714 6716/1/6716 
f 6727/1/6727 6728/1/6728 6729/1/6729 
f 6729/1/6729 6730/1/6730 6727/1/6727 
f 6720/1/6720 6729/1/6729 6728/1/6728 
f 6728/1/6728 6717/1/6717 6720/1/6720 
f 5961/1/5961 5958/1/5958 6729/1/6729 
f 6729/1/6729 6720/1/6720 5961/1/5961 
f 6730/1/6730 6729/1/6729 5958/1/5958 
f 5958/1/5958 5957/1/5957 6730/1/6730 
f 6726/1/6726 6725/1/6725 6731/1/6731 
f 6731/1/6731 6732/1/6732 6726/1/6726 
f 6722/1/6722 6731/1/6731 6725/1/6725 
f 6725/1/6725 6716/1/6716 6722/1/6722 
f 6717/1/6717 6728/1/6728 6731/1/6731 
f 6731/1/6731 6722/1/6722 6717/1/6717 
f 6732/1/6732 6731/1/6731 6728/1/6728 
f 6728/1/6728 6727/1/6727 6732/1/6732 
f 6199/1/6199 6209/1/6209 6733/1/6733 
f 6733/1/6733 6734/1/6734 6199/1/6199 
f 6723/1/6723 6733/1/6733 6209/1/6209 
f 6209/1/6209 6208/1/6208 6723/1/6723 
f 6726/1/6726 6735/1/6735 6733/1/6733 
f 6733/1/6733 6723/1/6723 6726/1/6726 
f 6734/1/6734 6733/1/6733 6735/1/6735 
f 6735/1/6735 6736/1/6736 6734/1/6734 
f 6737/1/6737 6738/1/6738 6739/1/6739 
f 6739/1/6739 6740/1/6740 6737/1/6737 
f 6730/1/6730 6739/1/6739 6738/1/6738 
f 6738/1/6738 6727/1/6727 6730/1/6730 
f 5957/1/5957 5953/1/5953 6739/1/6739 
f 6739/1/6739 6730/1/6730 5957/1/5957 
f 5953/1/5953 5952/1/5952 6740/1/6740 
f 6736/1/6736 6735/1/6735 6741/1/6741 
f 6741/1/6741 6742/1/6742 6736/1/6736 
f 6732/1/6732 6741/1/6741 6735/1/6735 
f 6735/1/6735 6726/1/6726 6732/1/6732 
f 6727/1/6727 6738/1/6738 6741/1/6741 
f 6741/1/6741 6732/1/6732 6727/1/6727 
f 6742/1/6742 6741/1/6741 6738/1/6738 
f 6738/1/6738 6737/1/6737 6742/1/6742 
f 6743/1/6743 6744/1/6744 6745/1/6745 
f 6745/1/6745 6746/1/6746 6743/1/6743 
f 6200/1/6200 6745/1/6745 6744/1/6744 
f 6744/1/6744 6201/1/6201 6200/1/6200 
f 6199/1/6199 6734/1/6734 6745/1/6745 
f 6745/1/6745 6200/1/6200 6199/1/6199 
f 6746/1/6746 6745/1/6745 6734/1/6734 
f 6734/1/6734 6736/1/6736 6746/1/6746 
f 6736/1/6736 6742/1/6742 6747/1/6747 
f 6747/1/6747 6746/1/6746 6736/1/6736 
f 6737/1/6737 6748/1/6748 6747/1/6747 
f 6747/1/6747 6742/1/6742 6737/1/6737 
f 6749/1/6749 6750/1/6750 6747/1/6747 
f 6747/1/6747 6748/1/6748 6749/1/6749 
f 6746/1/6746 6747/1/6747 6750/1/6750 
f 6750/1/6750 6743/1/6743 6746/1/6746 
f 6751/1/6751 6752/1/6752 6753/1/6753 
f 6754/1/6754 5952/1/5952 5955/1/5955 
f 6748/1/6748 6755/1/6755 6756/1/6756 
f 6756/1/6756 6749/1/6749 6748/1/6748 
f 6740/1/6740 6755/1/6755 6748/1/6748 
f 6748/1/6748 6737/1/6737 6740/1/6740 
f 5952/1/5952 6754/1/6754 6755/1/6755 
f 6755/1/6755 6740/1/6740 5952/1/5952 
f 6754/1/6754 6753/1/6753 6756/1/6756 
f 6757/1/6757 6758/1/6758 6759/1/6759 
f 6752/1/6752 6760/1/6760 6759/1/6759 
f 6759/1/6759 6753/1/6753 6752/1/6752 
f 6761/1/6761 6762/1/6762 6763/1/6763 
f 6763/1/6763 6764/1/6764 6761/1/6761 
f 6613/1/6613 6763/1/6763 6762/1/6762 
f 6762/1/6762 6607/1/6607 6613/1/6613 
f 6138/1/6138 6574/1/6574 6763/1/6763 
f 6763/1/6763 6613/1/6613 6138/1/6138 
f 6764/1/6764 6763/1/6763 6574/1/6574 
f 6574/1/6574 6573/1/6573 6764/1/6764 
f 6765/1/6765 6766/1/6766 6767/1/6767 
f 6767/1/6767 6768/1/6768 6765/1/6765 
f 6576/1/6576 6767/1/6767 6766/1/6766 
f 6766/1/6766 6573/1/6573 6576/1/6576 
f 6166/1/6166 6172/1/6172 6767/1/6767 
f 6767/1/6767 6576/1/6576 6166/1/6166 
f 6768/1/6768 6767/1/6767 6172/1/6172 
f 6172/1/6172 6171/1/6171 6768/1/6768 
f 6769/1/6769 6770/1/6770 6771/1/6771 
f 6771/1/6771 6772/1/6772 6769/1/6769 
f 6768/1/6768 6771/1/6771 6770/1/6770 
f 6770/1/6770 6765/1/6765 6768/1/6768 
f 6171/1/6171 6183/1/6183 6771/1/6771 
f 6771/1/6771 6768/1/6768 6171/1/6171 
f 6772/1/6772 6771/1/6771 6183/1/6183 
f 6183/1/6183 6182/1/6182 6772/1/6772 
f 6186/1/6186 6191/1/6191 6773/1/6773 
f 6773/1/6773 6774/1/6774 6186/1/6186 
f 6197/1/6197 6773/1/6773 6191/1/6191 
f 6191/1/6191 6190/1/6190 6197/1/6197 
f 6197/1/6197 6201/1/6201 6775/1/6775 
f 6775/1/6775 6773/1/6773 6197/1/6197 
f 6774/1/6774 6773/1/6773 6775/1/6775 
f 6775/1/6775 6776/1/6776 6774/1/6774 
f 6776/1/6776 6777/1/6777 6778/1/6778 
f 6778/1/6778 6774/1/6774 6776/1/6776 
f 6772/1/6772 6778/1/6778 6777/1/6777 
f 6777/1/6777 6769/1/6769 6772/1/6772 
f 6182/1/6182 6187/1/6187 6778/1/6778 
f 6778/1/6778 6772/1/6772 6182/1/6182 
f 6774/1/6774 6778/1/6778 6187/1/6187 
f 6187/1/6187 6186/1/6186 6774/1/6774 
f 6779/1/6779 6780/1/6780 6781/1/6781 
f 6781/1/6781 6782/1/6782 6779/1/6779 
f 6775/1/6775 6781/1/6781 6780/1/6780 
f 6780/1/6780 6776/1/6776 6775/1/6775 
f 6201/1/6201 6744/1/6744 6781/1/6781 
f 6781/1/6781 6775/1/6775 6201/1/6201 
f 6782/1/6782 6781/1/6781 6744/1/6744 
f 6744/1/6744 6743/1/6743 6782/1/6782 
f 6783/1/6783 6784/1/6784 6749/1/6749 
f 6759/1/6759 6783/1/6783 6756/1/6756 
f 6756/1/6756 6753/1/6753 6759/1/6759 
f 6758/1/6758 6785/1/6785 6783/1/6783 
f 6783/1/6783 6759/1/6759 6758/1/6758 
f 6784/1/6784 6783/1/6783 6785/1/6785 
f 6785/1/6785 6786/1/6786 6784/1/6784 
f 6743/1/6743 6750/1/6750 6787/1/6787 
f 6787/1/6787 6782/1/6782 6743/1/6743 
f 6784/1/6784 6787/1/6787 6750/1/6750 
f 6750/1/6750 6749/1/6749 6784/1/6784 
f 6786/1/6786 6788/1/6788 6787/1/6787 
f 6787/1/6787 6784/1/6784 6786/1/6786 
f 6782/1/6782 6787/1/6787 6788/1/6788 
f 6788/1/6788 6779/1/6779 6782/1/6782 
f 6789/1/6789 6790/1/6790 6791/1/6791 
f 6791/1/6791 6792/1/6792 6789/1/6789 
f 6789/1/6789 6793/1/6793 6794/1/6794 
f 6794/1/6794 5897/1/5897 5905/1/5905 
f 5906/1/5906 6791/1/6791 6790/1/6790 
f 6790/1/6790 5905/1/5905 5906/1/5906 
f 6792/1/6792 6795/1/6795 6796/1/6796 
f 6796/1/6796 6789/1/6789 6792/1/6792 
f 6795/1/6795 6797/1/6797 6798/1/6798 
f 6792/1/6792 6791/1/6791 6799/1/6799 
f 6799/1/6799 6800/1/6800 6792/1/6792 
f 6620/1/6620 6799/1/6799 6791/1/6791 
f 6791/1/6791 5906/1/5906 6620/1/6620 
f 6608/1/6608 6801/1/6801 6799/1/6799 
f 6799/1/6799 6620/1/6620 6608/1/6608 
f 6800/1/6800 6799/1/6799 6801/1/6801 
f 6801/1/6801 6802/1/6802 6800/1/6800 
f 6802/1/6802 6801/1/6801 6803/1/6803 
f 6803/1/6803 6804/1/6804 6802/1/6802 
f 6606/1/6606 6803/1/6803 6801/1/6801 
f 6801/1/6801 6608/1/6608 6606/1/6606 
f 6607/1/6607 6762/1/6762 6803/1/6803 
f 6803/1/6803 6606/1/6606 6607/1/6607 
f 6804/1/6804 6803/1/6803 6762/1/6762 
f 6762/1/6762 6761/1/6761 6804/1/6804 
f 6761/1/6761 6764/1/6764 6805/1/6805 
f 6805/1/6805 6806/1/6806 6761/1/6761 
f 6573/1/6573 6766/1/6766 6805/1/6805 
f 6805/1/6805 6764/1/6764 6573/1/6573 
f 6807/1/6807 6805/1/6805 6766/1/6766 
f 6766/1/6766 6765/1/6765 6807/1/6807 
f 6806/1/6806 6805/1/6805 6807/1/6807 
f 6807/1/6807 6808/1/6808 6806/1/6806 
f 6797/1/6797 6795/1/6795 6809/1/6809 
f 6809/1/6809 6810/1/6810 6797/1/6797 
f 6800/1/6800 6809/1/6809 6795/1/6795 
f 6795/1/6795 6792/1/6792 6800/1/6800 
f 6802/1/6802 6811/1/6811 6809/1/6809 
f 6809/1/6809 6800/1/6800 6802/1/6802 
f 6810/1/6810 6809/1/6809 6811/1/6811 
f 6811/1/6811 6812/1/6812 6810/1/6810 
f 6802/1/6802 6804/1/6804 6813/1/6813 
f 6813/1/6813 6811/1/6811 6802/1/6802 
f 6806/1/6806 6813/1/6813 6804/1/6804 
f 6804/1/6804 6761/1/6761 6806/1/6806 
f 6808/1/6808 6814/1/6814 6813/1/6813 
f 6813/1/6813 6806/1/6806 6808/1/6808 
f 6811/1/6811 6813/1/6813 6814/1/6814 
f 6814/1/6814 6812/1/6812 6811/1/6811 
f 6815/1/6815 5918/1/5918 5919/1/5919 
f 6816/1/6816 5919/1/5919 5922/1/5922 
f 5922/1/5922 5928/1/5928 6817/1/6817 
f 6817/1/6817 6818/1/6818 5922/1/5922 
f 6819/1/6819 6817/1/6817 5928/1/5928 
f 5928/1/5928 5927/1/5927 6819/1/6819 
f 5927/1/5927 5951/1/5951 6820/1/6820 
f 6820/1/6820 6819/1/6819 5927/1/5927 
f 2526/1/2526 6821/1/6821 6822/1/6822 
f 6822/1/6822 2529/1/2529 2526/1/2526 
f 6518/1/6518 6822/1/6822 6821/1/6821 
f 6821/1/6821 6519/1/6519 6518/1/6518 
f 6822/1/6822 6518/1/6518 6384/1/6384 
f 2529/1/2529 6822/1/6822 6823/1/6823 
f 6823/1/6823 2530/1/2530 2529/1/2529 
f 2530/1/2530 6823/1/6823 6824/1/6824 
f 6824/1/6824 5416/1/5416 2530/1/2530 
f 6382/1/6382 6824/1/6824 6823/1/6823 
f 6823/1/6823 6384/1/6384 6382/1/6382 
f 6383/1/6383 6825/1/6825 6824/1/6824 
f 6824/1/6824 6382/1/6382 6383/1/6383 
f 5416/1/5416 6824/1/6824 6825/1/6825 
f 6825/1/6825 5413/1/5413 5416/1/5416 
f 5413/1/5413 6825/1/6825 6826/1/6826 
f 6826/1/6826 5414/1/5414 5413/1/5413 
f 6513/1/6513 6826/1/6826 6825/1/6825 
f 6825/1/6825 6383/1/6383 6513/1/6513 
f 6506/1/6506 6827/1/6827 6826/1/6826 
f 6826/1/6826 6513/1/6513 6506/1/6506 
f 5414/1/5414 6826/1/6826 6827/1/6827 
f 6827/1/6827 5311/1/5311 5414/1/5414 
f 5311/1/5311 6827/1/6827 6828/1/6828 
f 6828/1/6828 5309/1/5309 5311/1/5311 
f 6505/1/6505 6828/1/6828 6827/1/6827 
f 6827/1/6827 6506/1/6506 6505/1/6505 
f 6498/1/6498 6829/1/6829 6828/1/6828 
f 6828/1/6828 6505/1/6505 6498/1/6498 
f 5309/1/5309 6828/1/6828 6829/1/6829 
f 6829/1/6829 5219/1/5219 5309/1/5309 
f 5219/1/5219 6829/1/6829 6830/1/6830 
f 6830/1/6830 5216/1/5216 5219/1/5219 
f 6497/1/6497 6830/1/6830 6829/1/6829 
f 6829/1/6829 6498/1/6498 6497/1/6497 
f 6490/1/6490 6831/1/6831 6830/1/6830 
f 6830/1/6830 6497/1/6497 6490/1/6490 
f 5216/1/5216 6830/1/6830 6831/1/6831 
f 6831/1/6831 5220/1/5220 5216/1/5216 
f 5220/1/5220 6831/1/6831 6832/1/6832 
f 6832/1/6832 5423/1/5423 5220/1/5220 
f 6489/1/6489 6832/1/6832 6831/1/6831 
f 6831/1/6831 6490/1/6490 6489/1/6489 
f 6482/1/6482 6833/1/6833 6832/1/6832 
f 6832/1/6832 6489/1/6489 6482/1/6482 
f 5423/1/5423 6832/1/6832 6833/1/6833 
f 6833/1/6833 5424/1/5424 5423/1/5423 
f 5424/1/5424 6833/1/6833 6834/1/6834 
f 6834/1/6834 5439/1/5439 5424/1/5424 
f 6481/1/6481 6834/1/6834 6833/1/6833 
f 6833/1/6833 6482/1/6482 6481/1/6481 
f 6474/1/6474 6835/1/6835 6834/1/6834 
f 6834/1/6834 6481/1/6481 6474/1/6474 
f 5439/1/5439 6834/1/6834 6835/1/6835 
f 6835/1/6835 5440/1/5440 5439/1/5439 
f 6836/1/6836 5443/1/5443 5440/1/5440 
f 6473/1/6473 6836/1/6836 6835/1/6835 
f 6835/1/6835 6474/1/6474 6473/1/6473 
f 6466/1/6466 6837/1/6837 6836/1/6836 
f 6836/1/6836 6473/1/6473 6466/1/6466 
f 5443/1/5443 6836/1/6836 6837/1/6837 
f 6837/1/6837 5444/1/5444 5443/1/5443 
f 6838/1/6838 5449/1/5449 5444/1/5444 
f 6465/1/6465 6838/1/6838 6837/1/6837 
f 6837/1/6837 6466/1/6466 6465/1/6465 
f 6458/1/6458 6839/1/6839 6838/1/6838 
f 6838/1/6838 6465/1/6465 6458/1/6458 
f 5449/1/5449 6838/1/6838 6839/1/6839 
f 6839/1/6839 5450/1/5450 5449/1/5449 
f 5450/1/5450 6839/1/6839 6840/1/6840 
f 6840/1/6840 5455/1/5455 5450/1/5450 
f 6457/1/6457 6840/1/6840 6839/1/6839 
f 6839/1/6839 6458/1/6458 6457/1/6457 
f 6450/1/6450 6841/1/6841 6840/1/6840 
f 6840/1/6840 6457/1/6457 6450/1/6450 
f 5455/1/5455 6840/1/6840 6841/1/6841 
f 6841/1/6841 5456/1/5456 5455/1/5455 
f 5456/1/5456 6841/1/6841 6842/1/6842 
f 6842/1/6842 5461/1/5461 5456/1/5456 
f 6449/1/6449 6842/1/6842 6841/1/6841 
f 6841/1/6841 6450/1/6450 6449/1/6449 
f 6442/1/6442 6843/1/6843 6842/1/6842 
f 6842/1/6842 6449/1/6449 6442/1/6442 
f 5461/1/5461 6842/1/6842 6843/1/6843 
f 6843/1/6843 5434/1/5434 5461/1/5461 
f 5434/1/5434 6843/1/6843 6844/1/6844 
f 6844/1/6844 5433/1/5433 5434/1/5434 
f 6441/1/6441 6844/1/6844 6843/1/6843 
f 6843/1/6843 6442/1/6442 6441/1/6441 
f 6434/1/6434 6845/1/6845 6844/1/6844 
f 6844/1/6844 6441/1/6441 6434/1/6434 
f 5433/1/5433 6844/1/6844 6845/1/6845 
f 6845/1/6845 2553/1/2553 5433/1/5433 
f 2553/1/2553 6845/1/6845 6846/1/6846 
f 6846/1/6846 2552/1/2552 2553/1/2553 
f 6433/1/6433 6846/1/6846 6845/1/6845 
f 6845/1/6845 6434/1/6434 6433/1/6433 
f 6847/1/6847 6846/1/6846 6433/1/6433 
f 6433/1/6433 6426/1/6426 6847/1/6847 
f 2554/1/2554 2552/1/2552 6846/1/6846 
f 6846/1/6846 6847/1/6847 2554/1/2554 
f 6847/1/6847 6848/1/6848 2581/1/2581 
f 2581/1/2581 2554/1/2554 6847/1/6847 
f 6426/1/6426 6423/1/6423 6848/1/6848 
f 6848/1/6848 6847/1/6847 6426/1/6426 
f 6849/1/6849 6848/1/6848 6423/1/6423 
f 6423/1/6423 6418/1/6418 6849/1/6849 
f 2577/1/2577 2581/1/2581 6848/1/6848 
f 6848/1/6848 6849/1/6849 2577/1/2577 
f 6849/1/6849 6850/1/6850 2578/1/2578 
f 2578/1/2578 2577/1/2577 6849/1/6849 
f 6418/1/6418 6415/1/6415 6850/1/6850 
f 6850/1/6850 6849/1/6849 6418/1/6418 
f 6851/1/6851 6850/1/6850 6415/1/6415 
f 6415/1/6415 6410/1/6410 6851/1/6851 
f 2567/1/2567 2578/1/2578 6850/1/6850 
f 6850/1/6850 6851/1/6851 2567/1/2567 
f 6851/1/6851 6852/1/6852 2568/1/2568 
f 2568/1/2568 2567/1/2567 6851/1/6851 
f 6410/1/6410 6407/1/6407 6852/1/6852 
f 6852/1/6852 6851/1/6851 6410/1/6410 
f 6853/1/6853 6852/1/6852 6407/1/6407 
f 6407/1/6407 6398/1/6398 6853/1/6853 
f 2561/1/2561 2568/1/2568 6852/1/6852 
f 6852/1/6852 6853/1/6853 2561/1/2561 
f 6853/1/6853 6854/1/6854 2562/1/2562 
f 2562/1/2562 2561/1/2561 6853/1/6853 
f 6398/1/6398 6394/1/6394 6854/1/6854 
f 6854/1/6854 6853/1/6853 6398/1/6398 
f 6855/1/6855 6854/1/6854 6394/1/6394 
f 6394/1/6394 6393/1/6393 6855/1/6855 
f 2559/1/2559 2562/1/2562 6854/1/6854 
f 6854/1/6854 6855/1/6855 2559/1/2559 
f 6855/1/6855 6856/1/6856 2560/1/2560 
f 2560/1/2560 2559/1/2559 6855/1/6855 
f 6393/1/6393 6402/1/6402 6856/1/6856 
f 6856/1/6856 6855/1/6855 6393/1/6393 
f 6857/1/6857 6856/1/6856 6402/1/6402 
f 6402/1/6402 6401/1/6401 6857/1/6857 
f 2538/1/2538 2560/1/2560 6856/1/6856 
f 6856/1/6856 6857/1/6857 2538/1/2538 
f 6857/1/6857 6858/1/6858 2539/1/2539 
f 2539/1/2539 2538/1/2538 6857/1/6857 
f 6401/1/6401 6548/1/6548 6858/1/6858 
f 6858/1/6858 6857/1/6857 6401/1/6401 
f 6859/1/6859 6858/1/6858 6548/1/6548 
f 6548/1/6548 6539/1/6539 6859/1/6859 
f 2313/1/2313 2539/1/2539 6858/1/6858 
f 6858/1/6858 6859/1/6859 2313/1/2313 
f 6859/1/6859 6860/1/6860 2309/1/2309 
f 2309/1/2309 2313/1/2313 6859/1/6859 
f 6539/1/6539 6535/1/6535 6860/1/6860 
f 6860/1/6860 6859/1/6859 6539/1/6539 
f 6861/1/6861 6860/1/6860 6535/1/6535 
f 6535/1/6535 6534/1/6534 6861/1/6861 
f 2309/1/2309 6860/1/6860 6861/1/6861 
f 6861/1/6861 2306/1/2306 2309/1/2309 
f 2306/1/2306 6861/1/6861 6862/1/6862 
f 6862/1/6862 2398/1/2398 2306/1/2306 
f 6544/1/6544 6862/1/6862 6861/1/6861 
f 6861/1/6861 6534/1/6534 6544/1/6544 
f 6543/1/6543 6863/1/6863 6862/1/6862 
f 6862/1/6862 6544/1/6544 6543/1/6543 
f 2398/1/2398 6862/1/6862 6863/1/6863 
f 6863/1/6863 2400/1/2400 2398/1/2398 
f 2400/1/2400 6863/1/6863 6864/1/6864 
f 6864/1/6864 2525/1/2525 2400/1/2400 
f 6552/1/6552 6864/1/6864 6863/1/6863 
f 6863/1/6863 6543/1/6543 6552/1/6552 
f 6528/1/6528 6865/1/6865 6864/1/6864 
f 6864/1/6864 6552/1/6552 6528/1/6528 
f 2525/1/2525 6864/1/6864 6865/1/6865 
f 6865/1/6865 2526/1/2526 2525/1/2525 
f 6865/1/6865 6866/1/6866 6821/1/6821 
f 6821/1/6821 2526/1/2526 6865/1/6865 
f 6526/1/6526 6866/1/6866 6865/1/6865 
f 6865/1/6865 6528/1/6528 6526/1/6526 
f 6519/1/6519 6821/1/6821 6866/1/6866 
f 6866/1/6866 6526/1/6526 6519/1/6519 
f 5933/1/5933 6867/1/6867 6868/1/6868 
f 6868/1/6868 5935/1/5935 5933/1/5933 
f 5926/1/5926 5925/1/5925 6867/1/6867 
f 6867/1/6867 5933/1/5933 5926/1/5926 
f 6869/1/6869 6867/1/6867 5925/1/5925 
f 5925/1/5925 5910/1/5910 6869/1/6869 
f 6867/1/6867 6869/1/6869 6870/1/6870 
f 6780/1/6780 6871/1/6871 6872/1/6872 
f 6872/1/6872 6776/1/6776 6780/1/6780 
f 6780/1/6780 6779/1/6779 6873/1/6873 
f 6874/1/6874 6875/1/6875 6872/1/6872 
f 6808/1/6808 6807/1/6807 6876/1/6876 
f 6876/1/6876 6877/1/6877 6808/1/6808 
f 6765/1/6765 6770/1/6770 6876/1/6876 
f 6876/1/6876 6807/1/6807 6765/1/6765 
f 6878/1/6878 6876/1/6876 6770/1/6770 
f 6770/1/6770 6769/1/6769 6878/1/6878 
f 6878/1/6878 6879/1/6879 6877/1/6877 
f 6880/1/6880 6879/1/6879 6878/1/6878 
f 6769/1/6769 6777/1/6777 6881/1/6881 
f 6881/1/6881 6878/1/6878 6769/1/6769 
f 6872/1/6872 6881/1/6881 6777/1/6777 
f 6777/1/6777 6776/1/6776 6872/1/6872 
f 6881/1/6881 6872/1/6872 6875/1/6875 
f 5942/1/5942 5939/1/5939 6882/1/6882 
f 5935/1/5935 6868/1/6868 6882/1/6882 
f 6882/1/6882 5939/1/5939 5935/1/5935 
f 6883/1/6883 6882/1/6882 6868/1/6868 
f 6868/1/6868 6870/1/6870 6883/1/6883 
f 6884/1/6884 6885/1/6885 6886/1/6886 
f 6886/1/6886 6887/1/6887 6884/1/6884 
f 5896/1/5896 6886/1/6886 6885/1/6885 
f 6885/1/6885 5898/1/5898 5896/1/5896 
f 5897/1/5897 6794/1/6794 6886/1/6886 
f 6886/1/6886 5896/1/5896 5897/1/5897 
f 6794/1/6794 6793/1/6793 6887/1/6887 
f 6869/1/6869 6888/1/6888 6889/1/6889 
f 6889/1/6889 6870/1/6870 6869/1/6869 
f 5910/1/5910 5909/1/5909 6888/1/6888 
f 6888/1/6888 6869/1/6869 5910/1/5910 
f 5898/1/5898 6885/1/6885 6888/1/6888 
f 6888/1/6888 5909/1/5909 5898/1/5898 
f 6889/1/6889 6888/1/6888 6885/1/6885 
f 6885/1/6885 6884/1/6884 6889/1/6889 
f 6797/1/6797 6810/1/6810 6890/1/6890 
f 6890/1/6890 6798/1/6798 6797/1/6797 
f 6890/1/6890 6810/1/6810 6812/1/6812 
f 6812/1/6812 6814/1/6814 6891/1/6891 
f 6891/1/6891 6892/1/6892 6812/1/6812 
f 6814/1/6814 6808/1/6808 6877/1/6877 
f 6877/1/6877 6879/1/6879 6893/1/6893 
f 7/1/7 14/1/14 42/1/42 
f 28/1/28 46/1/46 43/1/43 
f 29/1/29 48/1/48 46/1/46 
f 47/1/47 46/1/46 48/1/48 
f 55/1/55 57/1/57 56/1/56 
f 59/1/59 56/1/56 57/1/57 
f 48/1/48 61/1/61 63/1/63 
f 59/1/59 61/1/61 48/1/48 
f 67/1/67 65/1/65 64/1/64 
f 41/1/41 96/1/96 94/1/94 
f 134/1/134 135/1/135 133/1/133 
f 155/1/155 154/1/154 57/1/57 
f 181/1/181 191/1/191 190/1/190 
f 193/1/193 190/1/190 191/1/191 
f 192/1/192 196/1/196 194/1/194 
f 37/1/37 384/1/384 382/1/382 
f 32/1/32 382/1/382 4/1/4 
f 392/1/392 390/1/390 387/1/387 
f 393/1/393 392/1/392 398/1/398 
f 396/1/396 398/1/398 392/1/392 
f 399/1/399 398/1/398 396/1/396 
f 438/1/438 437/1/437 434/1/434 
f 464/1/464 462/1/462 461/1/461 
f 467/1/467 469/1/469 465/1/465 
f 466/1/466 472/1/472 471/1/471 
f 461/1/461 474/1/474 473/1/473 
f 484/1/484 486/1/486 485/1/485 
f 488/1/488 485/1/485 486/1/486 
f 467/1/467 471/1/471 485/1/485 
f 487/1/487 491/1/491 489/1/489 
f 492/1/492 494/1/494 493/1/493 
f 496/1/496 493/1/493 494/1/494 
f 502/1/502 499/1/499 498/1/498 
f 551/1/551 550/1/550 539/1/539 
f 552/1/552 553/1/553 550/1/550 
f 538/1/538 547/1/547 558/1/558 
f 551/1/551 558/1/558 561/1/561 
f 569/1/569 568/1/568 553/1/553 
f 570/1/570 571/1/571 568/1/568 
f 584/1/584 585/1/585 582/1/582 
f 381/1/381 571/1/571 582/1/582 
f 574/1/574 576/1/576 587/1/587 
f 598/1/598 599/1/599 596/1/596 
f 55/1/55 52/1/52 596/1/596 
f 477/1/477 614/1/614 617/1/617 
f 622/1/622 623/1/623 621/1/621 
f 624/1/624 625/1/625 623/1/623 
f 624/1/624 628/1/628 626/1/626 
f 627/1/627 626/1/626 628/1/628 
f 660/1/660 661/1/661 658/1/658 
f 665/1/665 663/1/663 662/1/662 
f 659/1/659 658/1/658 663/1/663 
f 668/1/668 669/1/669 666/1/666 
f 458/1/458 459/1/459 670/1/670 
f 671/1/671 670/1/670 459/1/459 
f 667/1/667 670/1/670 673/1/673 
f 680/1/680 681/1/681 678/1/678 
f 686/1/686 689/1/689 684/1/684 
f 703/1/703 707/1/707 706/1/706 
f 704/1/704 702/1/702 706/1/706 
f 703/1/703 700/1/700 716/1/716 
f 262/1/262 716/1/716 700/1/700 
f 685/1/685 695/1/695 736/1/736 
f 686/1/686 736/1/736 739/1/739 
f 739/1/739 749/1/749 744/1/744 
f 698/1/698 705/1/705 762/1/762 
f 801/1/801 804/1/804 800/1/800 
f 800/1/800 804/1/804 803/1/803 
f 840/1/840 839/1/839 835/1/835 
f 857/1/857 864/1/864 863/1/863 
f 892/1/892 903/1/903 906/1/906 
f 925/1/925 928/1/928 929/1/929 
f 933/1/933 934/1/934 931/1/931 
f 925/1/925 930/1/930 935/1/935 
f 936/1/936 935/1/935 930/1/930 
f 932/1/932 935/1/935 938/1/938 
f 949/1/949 951/1/951 955/1/955 
f 950/1/950 968/1/968 967/1/967 
f 969/1/969 968/1/968 961/1/961 
f 916/1/916 913/1/913 971/1/971 
f 963/1/963 971/1/971 913/1/913 
f 1050/1/1050 1051/1/1051 1048/1/1048 
f 1192/1/1192 1194/1/1194 1190/1/1190 
f 1206/1/1206 1209/1/1209 585/1/585 
f 1212/1/1212 1213/1/1213 1210/1/1210 
f 597/1/597 1213/1/1213 1212/1/1212 
f 1210/1/1210 1213/1/1213 1204/1/1204 
f 1217/1/1217 1216/1/1216 1208/1/1208 
f 1206/1/1206 1220/1/1220 1223/1/1223 
f 578/1/578 1249/1/1249 1241/1/1241 
f 595/1/595 1236/1/1236 1255/1/1255 
f 1263/1/1263 1262/1/1262 1259/1/1259 
f 1281/1/1281 1292/1/1292 1290/1/1290 
f 1296/1/1296 1295/1/1295 1292/1/1292 
f 1191/1/1191 1302/1/1302 1299/1/1299 
f 1281/1/1281 1308/1/1308 1306/1/1306 
f 1327/1/1327 1326/1/1326 1334/1/1334 
f 1311/1/1311 1342/1/1342 1341/1/1341 
f 1309/1/1309 1339/1/1339 1342/1/1342 
f 1343/1/1343 1344/1/1344 1347/1/1347 
f 1359/1/1359 1362/1/1362 1365/1/1365 
f 1372/1/1372 1373/1/1373 1370/1/1370 
f 836/1/836 1378/1/1378 1375/1/1375 
f 1419/1/1419 1417/1/1417 1416/1/1416 
f 1438/1/1438 1441/1/1441 766/1/766 
f 1441/1/1441 1438/1/1438 1439/1/1439 
f 1430/1/1430 1450/1/1450 1452/1/1452 
f 1458/1/1458 1459/1/1459 1455/1/1455 
f 824/1/824 1455/1/1455 1459/1/1459 
f 1458/1/1458 1461/1/1461 1460/1/1460 
f 1463/1/1463 1460/1/1460 1461/1/1461 
f 1459/1/1459 1460/1/1460 859/1/859 
f 1462/1/1462 1466/1/1466 1464/1/1464 
f 1470/1/1470 1473/1/1473 1420/1/1420 
f 1478/1/1478 1479/1/1479 1477/1/1477 
f 1478/1/1478 1476/1/1476 1482/1/1482 
f 1522/1/1522 1530/1/1530 1528/1/1528 
f 1529/1/1529 1545/1/1545 1532/1/1532 
f 1555/1/1555 1566/1/1566 1564/1/1564 
f 1543/1/1543 1558/1/1558 1568/1/1568 
f 1575/1/1575 1573/1/1573 1572/1/1572 
f 1570/1/1570 1569/1/1569 1573/1/1573 
f 1574/1/1574 1582/1/1582 1580/1/1580 
f 501/1/501 1586/1/1586 1584/1/1584 
f 502/1/502 1584/1/1584 1589/1/1589 
f 1590/1/1590 1591/1/1591 1589/1/1589 
f 1592/1/1592 1593/1/1593 1591/1/1591 
f 1613/1/1613 1614/1/1614 1617/1/1617 
f 1663/1/1663 1668/1/1668 1666/1/1666 
f 1670/1/1670 1671/1/1671 1666/1/1666 
f 1662/1/1662 1666/1/1666 1671/1/1671 
f 1686/1/1686 1689/1/1689 1684/1/1684 
f 1687/1/1687 1689/1/1689 1690/1/1690 
f 1713/1/1713 1714/1/1714 1711/1/1711 
f 1712/1/1712 1711/1/1711 1668/1/1668 
f 1746/1/1746 1745/1/1745 1747/1/1747 
f 1754/1/1754 1752/1/1752 1751/1/1751 
f 1782/1/1782 1791/1/1791 1788/1/1788 
f 1790/1/1790 1802/1/1802 1801/1/1801 
f 1663/1/1663 1660/1/1660 1817/1/1817 
f 1803/1/1803 1824/1/1824 1823/1/1823 
f 1745/1/1745 1824/1/1824 1803/1/1803 
f 1823/1/1823 1824/1/1824 1714/1/1714 
f 1687/1/1687 1691/1/1691 1841/1/1841 
f 1682/1/1682 1688/1/1688 1850/1/1850 
f 1890/1/1890 1891/1/1891 1888/1/1888 
f 1894/1/1894 1895/1/1895 1892/1/1892 
f 1889/1/1889 1892/1/1892 1895/1/1895 
f 1893/1/1893 1892/1/1892 1854/1/1854 
f 1853/1/1853 1851/1/1851 1897/1/1897 
f 1910/1/1910 1917/1/1917 1891/1/1891 
f 1919/1/1919 1917/1/1917 1916/1/1916 
f 1891/1/1891 1917/1/1917 1919/1/1919 
f 1927/1/1927 1926/1/1926 1929/1/1929 
f 1938/1/1938 1937/1/1937 1932/1/1932 
f 1918/1/1918 1916/1/1916 1937/1/1937 
f 1935/1/1935 1934/1/1934 1941/1/1941 
f 1346/1/1346 1345/1/1345 1952/1/1952 
f 1955/1/1955 1957/1/1957 1956/1/1956 
f 1335/1/1335 1968/1/1968 1953/1/1953 
f 1999/1/1999 1998/1/1998 1314/1/1314 
f 1918/1/1918 2005/1/2005 2003/1/2003 
f 1880/1/1880 2011/1/2011 1999/1/1999 
f 2006/1/2006 2012/1/2012 2011/1/2011 
f 1999/1/1999 2011/1/2011 2012/1/2012 
f 1936/1/1936 1949/1/1949 2015/1/2015 
f 1938/1/1938 2015/1/2015 2005/1/2005 
f 1587/1/1587 1586/1/1586 2021/1/2021 
f 2028/1/2028 2030/1/2030 1826/1/1826 
f 2045/1/2045 2043/1/2043 2042/1/2042 
f 2031/1/2031 2028/1/2028 2043/1/2043 
f 2044/1/2044 2042/1/2042 2047/1/2047 
f 2044/1/2044 2053/1/2053 2050/1/2050 
f 2035/1/2035 2052/1/2052 2056/1/2056 
f 646/1/646 651/1/651 2067/1/2067 
f 2080/1/2080 2083/1/2083 2079/1/2079 
f 2076/1/2076 2086/1/2086 2089/1/2089 
f 676/1/676 681/1/681 2102/1/2102 
f 2103/1/2103 2102/1/2102 681/1/681 
f 2166/1/2166 2168/1/2168 2163/1/2163 
f 2144/1/2144 2163/1/2163 2168/1/2168 
f 1438/1/1438 2265/1/2265 2264/1/2264 
f 711/1/711 709/1/709 2267/1/2267 
f 733/1/733 2267/1/2267 709/1/709 
f 2284/1/2284 2285/1/2285 2282/1/2282 
f 1445/1/1445 2282/1/2282 2285/1/2285 
f 1426/1/1426 1440/1/1440 2282/1/2282 
f 2283/1/2283 2282/1/2282 1440/1/1440 
f 2269/1/2269 2291/1/2291 2290/1/2290 
f 2293/1/2293 2290/1/2290 2291/1/2291 
f 1439/1/1439 2264/1/2264 2290/1/2290 
f 2268/1/2268 2290/1/2290 2264/1/2264 
f 2329/1/2329 2324/1/2324 2325/1/2325 
f 1457/1/1457 1454/1/1454 2329/1/2329 
f 2284/1/2284 2331/1/2331 2330/1/2330 
f 2333/1/2333 2330/1/2330 2331/1/2331 
f 2325/1/2325 2326/1/2326 2330/1/2330 
f 2287/1/2287 2330/1/2330 2326/1/2326 
f 2292/1/2292 2335/1/2335 2334/1/2334 
f 2331/1/2331 2334/1/2334 2335/1/2335 
f 2284/1/2284 2283/1/2283 2334/1/2334 
f 2293/1/2293 2334/1/2334 2283/1/2283 
f 1457/1/1457 2328/1/2328 2339/1/2339 
f 2333/1/2333 2339/1/2339 2328/1/2328 
f 1462/1/1462 1461/1/1461 2343/1/2343 
f 2344/1/2344 2343/1/2343 1461/1/1461 
f 1457/1/1457 2340/1/2340 2346/1/2346 
f 2345/1/2345 2344/1/2344 2346/1/2346 
f 1456/1/1456 2346/1/2346 2344/1/2344 
f 2345/1/2345 2350/1/2350 2348/1/2348 
f 1414/1/1414 2366/1/2366 2369/1/2369 
f 2381/1/2381 2379/1/2379 2378/1/2378 
f 1397/1/1397 1403/1/1403 2379/1/2379 
f 2385/1/2385 2384/1/2384 2338/1/2338 
f 2403/1/2403 2402/1/2402 2383/1/2383 
f 2405/1/2405 2402/1/2402 2403/1/2403 
f 2347/1/2347 2402/1/2402 2405/1/2405 
f 2404/1/2404 2408/1/2408 2406/1/2406 
f 2405/1/2405 2406/1/2406 2350/1/2350 
f 2486/1/2486 2487/1/2487 2484/1/2484 
f 2477/1/2477 2484/1/2484 2487/1/2487 
f 2488/1/2488 2490/1/2490 2487/1/2487 
f 2487/1/2487 2490/1/2490 2480/1/2480 
f 2554/1/2554 2581/1/2581 2580/1/2580 
f 2583/1/2583 2547/1/2547 2546/1/2546 
f 2579/1/2579 2606/1/2606 2582/1/2582 
f 2630/1/2630 2626/1/2626 2625/1/2625 
f 2627/1/2627 2626/1/2626 1536/1/1536 
f 2633/1/2633 2643/1/2643 2646/1/2646 
f 2669/1/2669 2670/1/2670 2667/1/2667 
f 2664/1/2664 2667/1/2667 2670/1/2670 
f 2629/1/2629 2695/1/2695 2693/1/2693 
f 2700/1/2700 2702/1/2702 2701/1/2701 
f 1574/1/1574 1572/1/1572 2701/1/2701 
f 2730/1/2730 2731/1/2731 2728/1/2728 
f 2657/1/2657 2655/1/2655 2731/1/2731 
f 2728/1/2728 2731/1/2731 2655/1/2655 
f 2728/1/2728 2734/1/2734 2733/1/2733 
f 2650/1/2650 2647/1/2647 2734/1/2734 
f 2732/1/2732 2752/1/2752 2750/1/2750 
f 2733/1/2733 2750/1/2750 2740/1/2740 
f 2848/1/2848 2849/1/2849 2846/1/2846 
f 2886/1/2886 2887/1/2887 2884/1/2884 
f 2872/1/2872 2870/1/2870 2884/1/2884 
f 2894/1/2894 2895/1/2895 2892/1/2892 
f 2890/1/2890 2892/1/2892 2895/1/2895 
f 2883/1/2883 2880/1/2880 2892/1/2892 
f 2901/1/2901 2902/1/2902 2899/1/2899 
f 2906/1/2906 2907/1/2907 2901/1/2901 
f 2901/1/2901 2907/1/2907 2918/1/2918 
f 2920/1/2920 2927/1/2927 2930/1/2930 
f 2936/1/2936 2934/1/2934 2933/1/2933 
f 2935/1/2935 2933/1/2933 2942/1/2942 
f 2921/1/2921 2930/1/2930 2942/1/2942 
f 2935/1/2935 2949/1/2949 2947/1/2947 
f 2958/1/2958 2960/1/2960 2959/1/2959 
f 2955/1/2955 2959/1/2959 2962/1/2962 
f 2964/1/2964 2980/1/2980 2979/1/2979 
f 2982/1/2982 2979/1/2979 2980/1/2980 
f 2972/1/2972 2979/1/2979 2982/1/2982 
f 2963/1/2963 2979/1/2979 2972/1/2972 
f 1348/1/1348 1355/1/1355 2998/1/2998 
f 2999/1/2999 2998/1/2998 1355/1/1355 
f 1365/1/1365 3010/1/3010 3006/1/3006 
f 3015/1/3015 3013/1/3013 3012/1/3012 
f 2380/1/2380 3019/1/3019 3018/1/3018 
f 3036/1/3036 3035/1/3035 3037/1/3037 
f 3030/1/3030 3062/1/3062 3065/1/3065 
f 3052/1/3052 3051/1/3051 3069/1/3069 
f 3068/1/3068 3069/1/3069 3051/1/3051 
f 3082/1/3082 3080/1/3080 3079/1/3079 
f 3078/1/3078 3077/1/3077 3080/1/3080 
f 3083/1/3083 3084/1/3084 3070/1/3070 
f 3085/1/3085 3086/1/3086 3084/1/3084 
f 3070/1/3070 3084/1/3084 3079/1/3079 
f 3089/1/3089 3087/1/3087 3083/1/3083 
f 3064/1/3064 3063/1/3063 3117/1/3117 
f 3158/1/3158 3156/1/3156 3155/1/3155 
f 3082/1/3082 3177/1/3177 3176/1/3176 
f 3214/1/3214 3213/1/3213 3215/1/3215 
f 3216/1/3216 3215/1/3215 3217/1/3217 
f 3057/1/3057 3053/1/3053 3405/1/3405 
f 3025/1/3025 3405/1/3405 3053/1/3053 
f 3412/1/3412 3414/1/3414 3418/1/3418 
f 3420/1/3420 3422/1/3422 3421/1/3421 
f 3418/1/3418 3422/1/3422 3420/1/3420 
f 3454/1/3454 3460/1/3460 3459/1/3459 
f 3485/1/3485 3484/1/3484 3486/1/3486 
f 3490/1/3490 3491/1/3491 3488/1/3488 
f 3495/1/3495 3494/1/3494 3491/1/3491 
f 3497/1/3497 3496/1/3496 3485/1/3485 
f 3507/1/3507 3506/1/3506 3508/1/3508 
f 3495/1/3495 3508/1/3508 3506/1/3506 
f 3490/1/3490 3510/1/3510 3508/1/3508 
f 3509/1/3509 3508/1/3508 3510/1/3510 
f 3511/1/3511 3510/1/3510 3512/1/3512 
f 3515/1/3515 3514/1/3514 3516/1/3516 
f 3517/1/3517 3516/1/3516 3518/1/3518 
f 3515/1/3515 3524/1/3524 3522/1/3522 
f 3523/1/3523 3522/1/3522 3524/1/3524 
f 3575/1/3575 3576/1/3576 3573/1/3573 
f 3560/1/3560 3573/1/3573 3576/1/3576 
f 3561/1/3561 3576/1/3576 3581/1/3581 
f 3582/1/3582 3581/1/3581 3576/1/3576 
f 3593/1/3593 3594/1/3594 3591/1/3591 
f 3574/1/3574 3591/1/3591 3594/1/3594 
f 3607/1/3607 3608/1/3608 3605/1/3605 
f 3404/1/3404 3421/1/3421 3605/1/3605 
f 3597/1/3597 3611/1/3611 3609/1/3609 
f 3621/1/3621 3622/1/3622 3619/1/3619 
f 3078/1/3078 3176/1/3176 3619/1/3619 
f 3638/1/3638 3637/1/3637 3499/1/3499 
f 3643/1/3643 3647/1/3647 3645/1/3645 
f 3647/1/3647 3646/1/3646 3648/1/3648 
f 3648/1/3648 3646/1/3646 3649/1/3649 
f 3650/1/3650 3649/1/3649 3651/1/3651 
f 3683/1/3683 3684/1/3684 3681/1/3681 
f 3682/1/3682 3687/1/3687 3685/1/3685 
f 3686/1/3686 3685/1/3685 3687/1/3687 
f 3691/1/3691 3692/1/3692 3689/1/3689 
f 3481/1/3481 3692/1/3692 3693/1/3693 
f 3694/1/3694 3693/1/3693 3692/1/3692 
f 3483/1/3483 3693/1/3693 3696/1/3696 
f 3703/1/3703 3704/1/3704 3701/1/3701 
f 3709/1/3709 3711/1/3711 3707/1/3707 
f 3728/1/3728 3727/1/3727 3729/1/3729 
f 3726/1/3726 3732/1/3732 3729/1/3729 
f 3724/1/3724 3739/1/3739 3288/1/3288 
f 3728/1/3728 3740/1/3740 3739/1/3739 
f 3708/1/3708 3707/1/3707 3759/1/3759 
f 3760/1/3760 3759/1/3759 3707/1/3707 
f 3770/1/3770 3771/1/3771 3760/1/3760 
f 3721/1/3721 3776/1/3776 3785/1/3785 
f 3824/1/3824 3828/1/3828 3823/1/3823 
f 3826/1/3826 3828/1/3828 3824/1/3824 
f 3856/1/3856 3862/1/3862 3863/1/3863 
f 3888/1/3888 3887/1/3887 3878/1/3878 
f 3918/1/3918 3917/1/3917 3906/1/3906 
f 3939/1/3939 3944/1/3944 3943/1/3943 
f 3947/1/3947 3948/1/3948 3945/1/3945 
f 3939/1/3939 3948/1/3948 3949/1/3949 
f 3950/1/3950 3949/1/3949 3948/1/3948 
f 3944/1/3944 3949/1/3949 3952/1/3952 
f 3961/1/3961 3960/1/3960 3959/1/3959 
f 3966/1/3966 3964/1/3964 3961/1/3961 
f 3975/1/3975 3982/1/3982 3981/1/3981 
f 3965/1/3965 3982/1/3982 3975/1/3975 
f 3983/1/3983 3982/1/3982 3965/1/3965 
f 3928/1/3928 3984/1/3984 3978/1/3978 
f 4064/1/4064 4065/1/4065 4062/1/4062 
f 4185/1/4185 4187/1/4187 4183/1/4183 
f 3606/1/3606 4200/1/4200 4199/1/4199 
f 4205/1/4205 4206/1/4206 4203/1/4203 
f 4198/1/4198 4206/1/4206 4205/1/4205 
f 4203/1/4203 4206/1/4206 3622/1/3622 
f 4201/1/4201 4209/1/4209 4208/1/4208 
f 4214/1/4214 4213/1/4213 4199/1/4199 
f 4232/1/4232 4241/1/4241 3602/1/3602 
f 3618/1/3618 3617/1/3617 4247/1/4247 
f 4254/1/4254 4255/1/4255 4256/1/4256 
f 4274/1/4274 4273/1/4273 4283/1/4283 
f 4284/1/4284 4289/1/4289 4288/1/4288 
f 4292/1/4292 4295/1/4295 4187/1/4187 
f 4274/1/4274 4288/1/4288 4299/1/4299 
f 4318/1/4318 4327/1/4327 4325/1/4325 
f 4302/1/4302 4303/1/4303 4331/1/4331 
f 1341/1/1341 4331/1/4331 4303/1/4303 
f 1347/1/1347 4333/1/4333 4332/1/4332 
f 4348/1/4348 4347/1/4347 4346/1/4346 
f 4357/1/4357 4358/1/4358 4355/1/4355 
f 4402/1/4402 4401/1/4401 4403/1/4403 
f 3790/1/3790 4424/1/4424 4423/1/4423 
f 4424/1/4424 4425/1/4425 4426/1/4426 
f 4437/1/4437 4436/1/4436 4417/1/4417 
f 4441/1/4441 4439/1/4439 3848/1/3848 
f 4442/1/4442 4443/1/4443 4439/1/4439 
f 4442/1/4442 4441/1/4441 4445/1/4445 
f 3884/1/3884 4445/1/4445 4441/1/4441 
f 4446/1/4446 4445/1/4445 4447/1/4447 
f 4448/1/4448 4447/1/4447 4450/1/4450 
f 4406/1/4406 4458/1/4458 4455/1/4455 
f 4465/1/4465 4466/1/4466 4463/1/4463 
f 4465/1/4465 4469/1/4469 4467/1/4467 
f 4507/1/4507 4506/1/4506 4513/1/4513 
f 4518/1/4518 4529/1/4529 4515/1/4515 
f 4540/1/4540 4539/1/4539 4549/1/4549 
f 4528/1/4528 4538/1/4538 4553/1/4553 
f 4558/1/4558 4557/1/4557 4559/1/4559 
f 4560/1/4560 4559/1/4559 4565/1/4565 
f 3525/1/3525 3524/1/3524 4569/1/4569 
f 4571/1/4571 4569/1/4569 3524/1/3524 
f 4572/1/4572 4573/1/4573 4569/1/4569 
f 4571/1/4571 4576/1/4576 4575/1/4575 
f 4578/1/4578 4575/1/4575 4576/1/4576 
f 4600/1/4600 4599/1/4599 4596/1/4596 
f 4646/1/4646 4645/1/4645 4649/1/4649 
f 4650/1/4650 4649/1/4649 4651/1/4651 
f 4653/1/4653 4651/1/4651 4649/1/4649 
f 4654/1/4654 4655/1/4655 4651/1/4651 
f 4671/1/4671 4672/1/4672 4669/1/4669 
f 4674/1/4674 4670/1/4670 4669/1/4669 
f 4674/1/4674 4677/1/4677 4675/1/4675 
f 4670/1/4670 4675/1/4675 4680/1/4680 
f 4698/1/4698 4699/1/4699 4696/1/4696 
f 4652/1/4652 4696/1/4696 4699/1/4699 
f 4735/1/4735 4731/1/4731 4730/1/4730 
f 4737/1/4737 4736/1/4736 4738/1/4738 
f 4788/1/4788 4787/1/4787 4773/1/4773 
f 4800/1/4800 4803/1/4803 4802/1/4802 
f 4650/1/4650 4699/1/4699 4803/1/4803 
f 4802/1/4802 4803/1/4803 4699/1/4699 
f 4808/1/4808 4809/1/4809 4786/1/4786 
f 4697/1/4697 4809/1/4809 4808/1/4808 
f 4674/1/4674 4827/1/4827 4825/1/4825 
f 4872/1/4872 4873/1/4873 4870/1/4870 
f 4876/1/4876 4877/1/4877 4874/1/4874 
f 4837/1/4837 4874/1/4874 4877/1/4877 
f 4875/1/4875 4874/1/4874 4873/1/4873 
f 4835/1/4835 4877/1/4877 4878/1/4878 
f 4871/1/4871 4895/1/4895 4888/1/4888 
f 4892/1/4892 4895/1/4895 4871/1/4871 
f 4894/1/4894 4895/1/4895 4892/1/4892 
f 4893/1/4893 4909/1/4909 4908/1/4908 
f 4904/1/4904 4908/1/4908 4909/1/4909 
f 1955/1/1955 1963/1/1963 4922/1/4922 
f 4919/1/4919 4932/1/4932 4324/1/4324 
f 4307/1/4307 4958/1/4958 4957/1/4957 
f 4893/1/4893 4892/1/4892 4962/1/4962 
f 4957/1/4957 4971/1/4971 4862/1/4862 
f 4970/1/4970 4971/1/4971 4957/1/4957 
f 4965/1/4965 4964/1/4964 4971/1/4971 
f 4907/1/4907 4909/1/4909 4974/1/4974 
f 4963/1/4963 4974/1/4974 4909/1/4909 
f 4574/1/4574 4981/1/4981 4979/1/4979 
f 4812/1/4812 4988/1/4988 4987/1/4987 
f 4990/1/4990 5001/1/5001 4999/1/4999 
f 5000/1/5000 4999/1/4999 5001/1/5001 
f 5002/1/5002 5005/1/5005 5003/1/5003 
f 5002/1/5002 5001/1/5001 5007/1/5007 
f 4994/1/4994 4997/1/4997 5012/1/5012 
f 5033/1/5033 5036/1/5036 5035/1/5035 
f 5041/1/5041 5040/1/5040 5032/1/5032 
f 3699/1/3699 5047/1/5047 5050/1/5050 
f 3702/1/3702 5050/1/5050 5053/1/5053 
f 5098/1/5098 5100/1/5100 2166/1/2166 
f 5079/1/5079 5101/1/5101 5100/1/5100 
f 5175/1/5175 5174/1/5174 4423/1/4423 
f 3731/1/3731 5176/1/5176 3755/1/3755 
f 3733/1/3733 5178/1/5178 5176/1/5176 
f 5194/1/5194 5195/1/5195 5192/1/5192 
f 4425/1/4425 5192/1/5192 5195/1/5195 
f 4411/1/4411 4428/1/4428 5192/1/5192 
f 5193/1/5193 5192/1/5192 4428/1/4428 
f 5179/1/5179 5178/1/5178 5200/1/5200 
f 5175/1/5175 5200/1/5200 5178/1/5178 
f 4426/1/4426 5202/1/5202 5200/1/5200 
f 5201/1/5201 5200/1/5200 5202/1/5202 
f 5238/1/5238 5249/1/5249 5235/1/5235 
f 4444/1/4444 5249/1/5249 5238/1/5238 
f 5194/1/5194 5199/1/5199 5239/1/5239 
f 5237/1/5237 5239/1/5239 5199/1/5199 
f 5235/1/5235 5241/1/5241 5239/1/5239 
f 5240/1/5240 5239/1/5239 5241/1/5241 
f 5203/1/5203 5202/1/5202 5243/1/5243 
f 5195/1/5195 5243/1/5243 5202/1/5202 
f 5194/1/5194 5240/1/5240 5243/1/5243 
f 5244/1/5244 5243/1/5243 5240/1/5240 
f 5249/1/5249 5247/1/5247 5241/1/5241 
f 4444/1/4444 5250/1/5250 5247/1/5247 
f 4446/1/4446 5253/1/5253 5252/1/5252 
f 4448/1/4448 4476/1/4476 5253/1/5253 
f 4444/1/4444 4443/1/4443 5256/1/5256 
f 5252/1/5252 5256/1/5256 4443/1/4443 
f 5255/1/5255 5254/1/5254 5258/1/5258 
f 5277/1/5277 5276/1/5276 4399/1/4399 
f 4383/1/4383 5290/1/5290 5288/1/5288 
f 5289/1/5289 5288/1/5288 5290/1/5290 
f 5248/1/5248 5294/1/5294 5293/1/5293 
f 5314/1/5314 5315/1/5315 5312/1/5312 
f 5295/1/5295 5315/1/5315 5314/1/5314 
f 5312/1/5312 5315/1/5315 5257/1/5257 
f 5313/1/5313 5312/1/5312 5316/1/5316 
f 5259/1/5259 5316/1/5316 5312/1/5312 
f 5377/1/5377 5378/1/5378 5375/1/5375 
f 5317/1/5317 5383/1/5383 5382/1/5382 
f 5384/1/5384 5383/1/5383 5378/1/5378 
f 5384/1/5384 5386/1/5386 5385/1/5385 
f 5380/1/5380 5386/1/5386 5384/1/5384 
f 5387/1/5387 5392/1/5392 5397/1/5397 
f 2507/1/2507 5397/1/5397 5392/1/5392 
f 4522/1/4522 5503/1/5503 5502/1/5502 
f 5504/1/5504 5503/1/5503 5506/1/5506 
f 5521/1/5521 5520/1/5520 5510/1/5510 
f 5546/1/5546 5547/1/5547 5544/1/5544 
f 5545/1/5545 5544/1/5544 5543/1/5543 
f 5507/1/5507 5506/1/5506 5570/1/5570 
f 5577/1/5577 5576/1/5576 5578/1/5578 
f 4560/1/4560 5549/1/5549 5578/1/5578 
f 5607/1/5607 5608/1/5608 5605/1/5605 
f 5530/1/5530 5608/1/5608 5607/1/5607 
f 5533/1/5533 5547/1/5547 5608/1/5608 
f 5546/1/5546 5605/1/5605 5608/1/5608 
f 5529/1/5529 5607/1/5607 5611/1/5611 
f 5612/1/5612 5611/1/5611 5607/1/5607 
f 5609/1/5609 5612/1/5612 5627/1/5627 
f 5618/1/5618 5627/1/5627 5612/1/5612 
f 5725/1/5725 5726/1/5726 5723/1/5723 
f 5763/1/5763 5764/1/5764 5761/1/5761 
f 5762/1/5762 5761/1/5761 5748/1/5748 
f 5771/1/5771 5772/1/5772 5769/1/5769 
f 5770/1/5770 5769/1/5769 5768/1/5768 
f 5778/1/5778 5779/1/5779 5776/1/5776 
f 5784/1/5784 5782/1/5782 5781/1/5781 
f 5778/1/5778 5793/1/5793 5794/1/5794 
f 5788/1/5788 5799/1/5799 5804/1/5804 
f 5805/1/5805 5804/1/5804 5799/1/5799 
f 5811/1/5811 5810/1/5810 5812/1/5812 
f 5798/1/5798 5811/1/5811 5818/1/5818 
f 5813/1/5813 5820/1/5820 5818/1/5818 
f 5813/1/5813 5812/1/5812 5824/1/5824 
f 5837/1/5837 5836/1/5836 5833/1/5833 
f 5832/1/5832 5840/1/5840 5838/1/5838 
f 5841/1/5841 5840/1/5840 5856/1/5856 
f 5851/1/5851 5856/1/5856 5840/1/5840 
f 5858/1/5858 5856/1/5856 5851/1/5851 
f 5857/1/5857 5856/1/5856 5858/1/5858 
f 4335/1/4335 5870/1/5870 5873/1/5873 
f 4342/1/4342 5873/1/5873 5876/1/5876 
f 4339/1/4339 5876/1/5876 5879/1/5879 
f 5880/1/5880 5883/1/5883 4348/1/4348 
f 5886/1/5886 5885/1/5885 3015/1/3015 
f 5291/1/5291 5290/1/5290 5888/1/5888 
f 5908/1/5908 5907/1/5907 5911/1/5911 
f 5912/1/5912 5921/1/5921 5920/1/5920 
f 5943/1/5943 5944/1/5944 5940/1/5940 
f 5969/1/5969 5968/1/5968 5970/1/5970 
f 5985/1/5985 5984/1/5984 5973/1/5973 
f 6087/1/6087 6088/1/6088 6083/1/6083 
f 6090/1/6090 6095/1/6095 6087/1/6087 
f 6090/1/6090 6091/1/6091 6092/1/6092 
f 6099/1/6099 6097/1/6097 6096/1/6096 
f 6093/1/6093 6097/1/6097 6101/1/6101 
f 6113/1/6113 6115/1/6115 6111/1/6111 
f 6113/1/6113 6121/1/6121 6120/1/6120 
f 6115/1/6115 6120/1/6120 6122/1/6122 
f 6117/1/6117 6131/1/6131 6129/1/6129 
f 6130/1/6130 6129/1/6129 6127/1/6127 
f 6092/1/6092 6091/1/6091 6132/1/6132 
f 6117/1/6117 6173/1/6173 6178/1/6178 
f 6179/1/6179 6178/1/6178 6173/1/6173 
f 6228/1/6228 6226/1/6226 6044/1/6044 
f 6267/1/6267 6271/1/6271 6262/1/6262 
f 6126/1/6126 6337/1/6337 6339/1/6339 
f 6340/1/6340 6339/1/6339 6337/1/6337 
f 6342/1/6342 6344/1/6344 6113/1/6113 
f 6352/1/6352 6370/1/6370 6095/1/6095 
f 6137/1/6137 6136/1/6136 6556/1/6556 
f 5983/1/5983 5980/1/5980 6560/1/6560 
f 6563/1/6563 6564/1/6564 6560/1/6560 
f 6561/1/6561 6560/1/6560 6564/1/6564 
f 6571/1/6571 6570/1/6570 6564/1/6564 
f 6571/1/6571 6581/1/6581 6579/1/6579 
f 6587/1/6587 6588/1/6588 6585/1/6585 
f 6590/1/6590 6585/1/6585 6588/1/6588 
f 6597/1/6597 6596/1/6596 6598/1/6598 
f 6179/1/6179 6600/1/6600 6147/1/6147 
f 6176/1/6176 6595/1/6595 6600/1/6600 
f 6572/1/6572 6621/1/6621 6618/1/6618 
f 6591/1/6591 6590/1/6590 6622/1/6622 
f 6625/1/6625 6626/1/6626 6622/1/6622 
f 6597/1/6597 6599/1/6599 6629/1/6629 
f 6631/1/6631 6630/1/6630 6632/1/6632 
f 6631/1/6631 6634/1/6634 6626/1/6626 
f 6651/1/6651 6666/1/6666 6669/1/6669 
f 6668/1/6668 6677/1/6677 6676/1/6676 
f 6680/1/6680 6679/1/6679 6676/1/6676 
f 6682/1/6682 6681/1/6681 6683/1/6683 
f 6687/1/6687 6688/1/6688 6685/1/6685 
f 6680/1/6680 6689/1/6689 6683/1/6683 
f 6675/1/6675 6688/1/6688 6689/1/6689 
f 6682/1/6682 6691/1/6691 6241/1/6241 
f 6702/1/6702 6711/1/6711 6705/1/6705 
f 6710/1/6710 6712/1/6712 6711/1/6711 
f 6740/1/6740 6739/1/6739 5953/1/5953 
f 6753/1/6753 6754/1/6754 6751/1/6751 
f 5955/1/5955 6751/1/6751 6754/1/6754 
f 6756/1/6756 6755/1/6755 6754/1/6754 
f 6759/1/6759 6760/1/6760 6757/1/6757 
f 6749/1/6749 6756/1/6756 6783/1/6783 
f 6794/1/6794 6790/1/6790 6789/1/6789 
f 5905/1/5905 6790/1/6790 6794/1/6794 
f 6798/1/6798 6796/1/6796 6795/1/6795 
f 5919/1/5919 6816/1/6816 6815/1/6815 
f 5922/1/5922 6818/1/6818 6816/1/6816 
f 6384/1/6384 6823/1/6823 6822/1/6822 
f 5440/1/5440 6835/1/6835 6836/1/6836 
f 5444/1/5444 6837/1/6837 6838/1/6838 
f 6870/1/6870 6868/1/6868 6867/1/6867 
f 6873/1/6873 6871/1/6871 6780/1/6780 
f 6874/1/6874 6871/1/6871 6873/1/6873 
f 6872/1/6872 6871/1/6871 6874/1/6874 
f 6877/1/6877 6876/1/6876 6878/1/6878 
f 6878/1/6878 6881/1/6881 6880/1/6880 
f 6875/1/6875 6880/1/6880 6881/1/6881 
f 6882/1/6882 6894/1/6894 5942/1/5942 
f 6894/1/6894 6882/1/6882 6883/1/6883 
f 6887/1/6887 6886/1/6886 6794/1/6794 
f 6812/1/6812 6892/1/6892 6890/1/6890 
f 6877/1/6877 6891/1/6891 6814/1/6814 
# 13697 faces

